# This file uses centimeters as units for non-parametric coordinates.

mtllib MF_Xiao_ma_Shizhi_ty03.mtl
g default
v -5.141372 -1.970527 1.332855
v 0.000000 0.419008 0.579393
v -0.191502 0.416673 0.579720
v -0.401825 0.407856 0.581199
v -0.602139 0.393366 0.583779
v -0.801940 0.372965 0.587579
v -1.000990 0.346686 0.592674
v -1.198423 0.314678 0.599113
v -1.394819 0.276878 0.606989
v -1.590005 0.233307 0.616377
v -1.783804 0.183990 0.627352
v -1.976042 0.128949 0.639990
v -2.166542 0.068208 0.654366
v -2.355131 0.001790 0.670555
v -2.541632 -0.070283 0.688634
v -2.725871 -0.147986 0.708676
v -2.907672 -0.231297 0.730758
v -3.086787 -0.320153 0.754944
v -3.261919 -0.413846 0.781175
v -3.433380 -0.512258 0.809749
v -3.601481 -0.615333 0.841027
v -3.765912 -0.722689 0.875283
v -3.926423 -0.833992 0.912806
v -4.083467 -0.949448 0.954086
v -4.235856 -1.068082 0.999210
v -4.383272 -1.189509 1.048457
v -4.525400 -1.313342 1.102103
v -4.661925 -1.439196 1.160427
v -4.792530 -1.566686 1.223708
v -4.916901 -1.695424 1.292224
v -5.034720 -1.825026 1.366252
v -5.145673 -1.955105 1.446071
v -5.249444 -2.085275 1.531960
v 0.000000 0.528286 1.158251
v -0.201519 0.525486 1.158521
v -0.422802 0.515314 1.159720
v -0.633488 0.498722 1.161806
v -0.843540 0.475444 1.164871
v -1.052680 0.445530 1.168976
v -1.259972 0.409160 1.174159
v -1.465999 0.366274 1.180493
v -1.670548 0.316907 1.188037
v -1.873409 0.261099 1.196851
v -2.074369 0.198886 1.206994
v -2.273218 0.130307 1.218525
v -2.469742 0.055400 1.231504
v -2.663731 -0.025798 1.245990
v -2.854974 -0.113250 1.262042
v -3.043257 -0.206916 1.279720
v -3.228293 -0.306717 1.299075
v -3.408732 -0.411857 1.320058
v -3.584915 -0.522252 1.342904
v -3.757192 -0.637889 1.367900
v -3.925267 -0.758396 1.395261
v -4.088905 -0.883449 1.425215
v -4.248590 -1.013335 1.458153
v -4.403126 -1.147013 1.494139
v -4.552215 -1.284106 1.533393
v -4.695556 -1.424234 1.576134
v -4.832850 -1.567017 1.622582
v -4.963796 -1.712077 1.672956
v -5.088094 -1.859034 1.727476
v -5.205444 -2.007509 1.786362
v -5.315546 -2.157124 1.849831
v -5.418100 -2.307499 1.918105
v 0.000000 0.630026 1.740290
v -0.210050 0.626804 1.740514
v -0.440667 0.615392 1.741481
v -0.660179 0.596877 1.743155
v -0.878945 0.570966 1.745607
v -1.096650 0.537722 1.748883
v -1.312295 0.497358 1.753010
v -1.526462 0.449813 1.758044
v -1.738904 0.395139 1.764031
v -1.949377 0.333386 1.771014
v -2.157634 0.264607 1.779038
v -2.363429 0.188852 1.788149
v -2.566517 0.106173 1.798390
v -2.766653 0.016622 1.809807
v -2.963590 -0.079751 1.822444
v -3.157083 -0.182894 1.836346
v -3.346807 -0.292707 1.851552
v -3.531364 -0.408319 1.868020
v -3.711126 -0.529672 1.885929
v -3.886470 -0.656795 1.905498
v -4.057114 -0.789321 1.926890
v -4.222839 -0.926935 1.950278
v -4.384148 -1.069996 1.975959
v -4.539847 -1.217406 2.003981
v -4.689652 -1.368788 2.034507
v -4.833277 -1.523769 2.067705
v -4.970435 -1.681976 2.103740
v -5.100841 -1.843034 2.142777
v -5.224208 -2.006568 2.184983
v -5.340250 -2.172206 2.230524
v -5.448683 -2.339574 2.279564
v -5.549219 -2.508296 2.332271
v 0.000000 0.725431 2.323521
v -0.217231 0.721831 2.323695
v -0.455700 0.709310 2.324434
v -0.682632 0.689072 2.325706
v -0.908717 0.660801 2.327565
v -1.133604 0.624575 2.330042
v -1.356240 0.580633 2.333157
v -1.577202 0.528916 2.336949
v -1.796213 0.469489 2.341450
v -2.012996 0.402415 2.346692
v -2.227273 0.327759 2.352706
v -2.438768 0.245584 2.359525
v -2.647203 0.155954 2.367180
v -2.852302 0.058933 2.375703
v -3.053787 -0.045415 2.385125
v -3.251381 -0.157025 2.395479
v -3.444728 -0.275784 2.406791
v -3.632388 -0.400747 2.419028
v -3.814757 -0.531881 2.432320
v -3.992236 -0.669251 2.446824
v -4.164557 -0.812492 2.462656
v -4.331511 -0.961298 2.479938
v -4.493615 -1.116090 2.498888
v -4.649683 -1.275712 2.519534
v -4.799440 -1.439795 2.541995
v -4.942613 -1.607965 2.566388
v -5.078928 -1.779854 2.592832
v -5.208111 -1.955090 2.621445
v -5.329889 -2.133302 2.652345
v -5.443988 -2.314119 2.685651
v -5.550135 -2.497171 2.721479
v -5.648054 -2.682086 2.759949
v 0.000000 0.816415 2.911822
v -0.223311 0.812479 2.911939
v -0.468428 0.798970 2.912431
v -0.701636 0.777196 2.913276
v -0.933904 0.746824 2.914510
v -1.164851 0.707942 2.916152
v -1.393372 0.660815 2.918215
v -1.620040 0.605387 2.920725
v -1.844548 0.541732 2.923701
v -2.066590 0.469928 2.927164
v -2.285860 0.390049 2.931136
v -2.502052 0.302170 2.935635
v -2.714860 0.206369 2.940683
v -2.923978 0.102719 2.946300
v -3.129100 -0.008703 2.952507
v -3.329920 -0.127823 2.959323
v -3.526050 -0.254508 2.966766
v -3.716019 -0.387754 2.974814
v -3.900241 -0.527546 2.983550
v -4.079137 -0.673978 2.993078
v -4.252448 -0.826687 3.003472
v -4.419978 -0.985369 3.014811
v -4.582251 -1.150503 3.027236
v -4.738088 -1.320879 3.040767
v -4.887225 -1.496129 3.055478
v -5.029399 -1.675882 3.071446
v -5.164347 -1.859768 3.088748
v -5.291806 -2.047417 3.107461
v -5.411512 -2.238460 3.127660
v -5.523202 -2.432526 3.149423
v -5.626613 -2.629246 3.172824
v -5.721482 -2.828248 3.197942
v 0.000000 0.903738 3.506975
v -0.228541 0.899504 3.507035
v -0.479374 0.885112 3.507288
v -0.717977 0.861964 3.507725
v -0.955553 0.829710 3.508362
v -1.191694 0.788452 3.509211
v -1.425250 0.738474 3.510279
v -1.656786 0.679726 3.511578
v -1.885969 0.612292 3.513119
v -2.112466 0.536259 3.514915
v -2.335944 0.451715 3.516974
v -2.556071 0.358745 3.519308
v -2.772512 0.257436 3.521927
v -2.984935 0.147874 3.524843
v -3.193008 0.030146 3.528066
v -3.396396 -0.095662 3.531607
v -3.594686 -0.229404 3.535474
v -3.786375 -0.370019 3.539658
v -3.971896 -0.517507 3.544202
v -4.151683 -0.671985 3.549160
v -4.325486 -0.833088 3.554572
v -4.493117 -1.000516 3.560481
v -4.655108 -1.174790 3.566960
v -4.810285 -1.354655 3.574021
v -4.958394 -1.539739 3.581703
v -5.099180 -1.729671 3.590048
v -5.232388 -1.924078 3.599096
v -5.357765 -2.122589 3.608888
v -5.475056 -2.324833 3.619464
v -5.584005 -2.530437 3.630866
v -5.684359 -2.739031 3.643133
v -5.775863 -2.950242 3.656307
v 0.000000 0.985107 4.090860
v -0.232999 0.980617 4.090875
v -0.488703 0.965457 4.090941
v -0.731900 0.941113 4.091055
v -0.973994 0.907220 4.091223
v -1.214550 0.863892 4.091448
v -1.452378 0.811433 4.091731
v -1.688038 0.749795 4.092077
v -1.921170 0.679072 4.092488
v -2.151417 0.599363 4.092969
v -2.378423 0.510764 4.093521
v -2.601830 0.413371 4.094149
v -2.821280 0.307281 4.094855
v -3.036415 0.192590 4.095643
v -3.246879 0.069395 4.096515
v -3.452314 -0.062207 4.097476
v -3.652279 -0.202059 4.098526
v -3.845250 -0.349048 4.099665
v -4.031670 -0.503185 4.100904
v -4.211985 -0.664605 4.102260
v -4.385952 -0.832937 4.103745
v -4.553389 -1.007880 4.105370
v -4.714830 -1.189990 4.107158
v -4.869110 -1.377968 4.109112
v -5.015978 -1.571438 4.111244
v -5.155189 -1.770022 4.113566
v -5.286493 -1.973345 4.116091
v -5.409643 -2.181030 4.118831
v -5.524392 -2.392702 4.121797
v -5.630490 -2.607982 4.125001
v -5.727691 -2.826496 4.128457
v -5.815745 -3.047867 4.132176
v 0.000000 1.061738 4.670445
v -0.236966 1.057027 4.670438
v -0.497005 1.041193 4.670403
v -0.744290 1.015796 4.670341
v -0.990403 0.980459 4.670247
v -1.234883 0.935304 4.670119
v -1.476508 0.880657 4.669957
v -1.715826 0.816470 4.669757
v -1.952459 0.742849 4.669517
v -2.186025 0.659901 4.669233
v -2.416146 0.567731 4.668905
v -2.642441 0.466447 4.668530
v -2.864530 0.356153 4.668104
v -3.082034 0.236956 4.667626
v -3.294572 0.108962 4.667095
v -3.501765 -0.027722 4.666506
v -3.703149 -0.172929 4.665858
v -3.897177 -0.325498 4.665152
v -4.084301 -0.485446 4.664378
v -4.264979 -0.652920 4.663526
v -4.438970 -0.827541 4.662585
v -4.606096 -1.009002 4.661546
v -4.766893 -1.197886 4.660394
v -4.920198 -1.392849 4.659125
v -5.065768 -1.593509 4.657730
v -5.203361 -1.799480 4.656199
v -5.332731 -2.010377 4.654522
v -5.453637 -2.225816 4.652692
v -5.565834 -2.445413 4.650698
v -5.669079 -2.668782 4.648530
v -5.763129 -2.895540 4.646181
v -5.847741 -3.125301 4.643640
v -0.000000 1.134886 5.256860
v -0.240585 1.129987 5.256857
v -0.504580 1.113563 5.256819
v -0.755597 1.087236 5.256742
v -1.005378 1.050621 5.256620
v -1.253441 1.003851 5.256446
v -1.498531 0.947267 5.256216
v -1.741189 0.880825 5.255922
v -1.981015 0.804640 5.255561
v -2.217609 0.718828 5.255125
v -2.450569 0.623505 5.254609
v -2.679496 0.518784 5.254007
v -2.903987 0.404782 5.253314
v -3.123644 0.281614 5.252522
v -3.338064 0.149394 5.251628
v -3.546848 0.008238 5.250624
v -3.749510 -0.141675 5.249506
v -3.944484 -0.299142 5.248273
v -4.132228 -0.464183 5.246902
v -4.313205 -0.636947 5.245364
v -4.487177 -0.817044 5.243638
v -4.653971 -1.004158 5.241700
v -4.814117 -1.198889 5.239514
v -4.966457 -1.399852 5.237067
v -5.110752 -1.606650 5.234335
v -5.246758 -1.818887 5.231296
v -5.374236 -2.036166 5.227925
v -5.492944 -2.258091 5.224199
v -5.602641 -2.484263 5.220094
v -5.703087 -2.714288 5.215587
v -5.794040 -2.947767 5.210655
v -5.875258 -3.184304 5.205273
v 0.000000 1.204137 5.849434
v -0.243768 1.199086 5.849453
v -0.511243 1.182163 5.849479
v -0.765543 1.155046 5.849502
v -1.018551 1.117343 5.849514
v -1.269767 1.069195 5.849509
v -1.517905 1.010957 5.849480
v -1.763501 0.942590 5.849419
v -2.006136 0.864218 5.849319
v -2.245392 0.775965 5.849172
v -2.480847 0.677952 5.848972
v -2.712084 0.570305 5.848712
v -2.938684 0.453146 5.848383
v -3.160226 0.326599 5.847980
v -3.376292 0.190787 5.847493
v -3.586463 0.045833 5.846918
v -3.790235 -0.108072 5.846245
v -3.986022 -0.269690 5.845469
v -4.174288 -0.439036 5.844562
v -4.355498 -0.616260 5.843491
v -4.529417 -0.800955 5.842227
v -4.695868 -0.992791 5.840737
v -4.855381 -1.192378 5.838983
v -5.006796 -1.398292 5.836942
v -5.149874 -1.610118 5.834582
v -5.284375 -1.827446 5.831873
v -5.410056 -2.049863 5.828785
v -5.526678 -2.276956 5.825286
v -5.633999 -2.508313 5.821347
v -5.731778 -2.743523 5.816936
v -5.819775 -2.982172 5.812024
v -5.897748 -3.223848 5.806579
v 0.000000 1.267888 6.433554
v -0.246377 1.262723 6.433599
v -0.516705 1.245407 6.433709
v -0.773697 1.217662 6.433867
v -1.029353 1.179090 6.434069
v -1.283155 1.129839 6.434308
v -1.533794 1.070277 6.434576
v -1.781799 1.000369 6.434866
v -2.026737 0.920244 6.435172
v -2.268173 0.830033 6.435486
v -2.505672 0.729867 6.435802
v -2.738800 0.619876 6.436111
v -2.967121 0.500189 6.436408
v -3.190202 0.370939 6.436685
v -3.407607 0.232254 6.436935
v -3.618902 0.084265 6.437152
v -3.823568 -0.072829 6.437327
v -4.020002 -0.237760 6.437449
v -4.208672 -0.410534 6.437490
v -4.390043 -0.591296 6.437421
v -4.563877 -0.779624 6.437210
v -4.729997 -0.975170 6.436826
v -4.888925 -1.178546 6.436234
v -5.039503 -1.388291 6.435405
v -5.181489 -1.603974 6.434307
v -5.314640 -1.825165 6.432908
v -5.438714 -2.051436 6.431176
v -5.553467 -2.282356 6.429080
v -5.658657 -2.517495 6.426589
v -5.754040 -2.756424 6.423671
v -5.839376 -2.998713 6.420294
v -5.914420 -3.243932 6.416428
v 0.000000 1.327240 7.014697
v -0.248420 1.321994 7.014756
v -0.520985 1.304381 7.014921
v -0.780087 1.276152 7.015169
v -1.037819 1.236907 7.015500
v -1.293648 1.186800 7.015908
v -1.546246 1.126209 7.016386
v -1.796139 1.055101 7.016928
v -2.042881 0.973611 7.017529
v -2.286023 0.881876 7.018185
v -2.525120 0.780030 7.018888
v -2.759724 0.668210 7.019632
v -2.989387 0.546552 7.020413
v -3.213664 0.415192 7.021224
v -3.432107 0.274266 7.022060
v -3.644269 0.123908 7.022915
v -3.849618 -0.035675 7.023782
v -4.046540 -0.203191 7.024647
v -4.235500 -0.378636 7.025486
v -4.416964 -0.562146 7.026277
v -4.590690 -0.753281 7.026990
v -4.756497 -0.951676 7.027600
v -4.914901 -1.157942 7.028080
v -5.064742 -1.370582 7.028399
v -5.205774 -1.589147 7.028530
v -5.337750 -1.813192 7.028443
v -5.460425 -2.042266 7.028111
v -5.573552 -2.275924 7.027507
v -5.676886 -2.513716 7.026601
v -5.770179 -2.755196 7.025368
v -5.853187 -2.999914 7.023777
v -5.925663 -3.247425 7.021802
v 0.000000 1.385832 7.628471
v -0.249998 1.380532 7.628526
v -0.524289 1.362692 7.628688
v -0.785021 1.334091 7.628936
v -1.044356 1.294323 7.629272
v -1.301751 1.243550 7.629691
v -1.555863 1.182154 7.630188
v -1.807214 1.110105 7.630761
v -2.055347 1.027542 7.631405
v -2.299806 0.934606 7.632117
v -2.540133 0.831436 7.632894
v -2.775871 0.718172 7.633730
v -3.006565 0.594955 7.634623
v -3.231756 0.461924 7.635569
v -3.450989 0.319218 7.636563
v -3.663807 0.166979 7.637603
v -3.869667 0.005416 7.638683
v -4.066944 -0.164159 7.639790
v -4.256103 -0.341729 7.640908
v -4.437604 -0.527420 7.642019
v -4.611203 -0.720773 7.643105
v -4.776714 -0.921407 7.644143
v -4.934643 -1.129923 7.645118
v -5.083827 -1.344796 7.646004
v -5.224017 -1.565559 7.646779
v -5.354959 -1.791744 7.647422
v -5.476403 -2.022887 7.647913
v -5.588099 -2.258520 7.648230
v -5.689795 -2.498177 7.648352
v -5.781241 -2.741391 7.648258
v -5.862185 -2.987697 7.647927
v -5.932377 -3.236627 7.647339
v 0.000000 1.435821 8.193421
v -0.250972 1.430493 8.193462
v -0.526330 1.412517 8.193583
v -0.788071 1.383685 8.193769
v -1.048398 1.343590 8.194025
v -1.306763 1.292395 8.194345
v -1.561812 1.230487 8.194729
v -1.814065 1.157837 8.195173
v -2.063059 1.074586 8.195678
v -2.308331 0.980876 8.196239
v -2.549418 0.876850 8.196856
v -2.785857 0.762649 8.197528
v -3.017185 0.638416 8.198251
v -3.242938 0.504292 8.199023
v -3.462654 0.360419 8.199842
v -3.675869 0.206941 8.200708
v -3.882035 0.044069 8.201617
v -4.079521 -0.126871 8.202559
v -4.268786 -0.305852 8.203526
v -4.450289 -0.492988 8.204504
v -4.623778 -0.687805 8.205484
v -4.789062 -0.889908 8.206451
v -4.946642 -1.099890 8.207397
v -5.095349 -1.316200 8.208304
v -5.234928 -1.538357 8.209158
v -5.365121 -1.765877 8.209945
v -5.485673 -1.998281 8.210651
v -5.596327 -2.235084 8.211265
v -5.696828 -2.475805 8.211771
v -5.786918 -2.719961 8.212157
v -5.866343 -2.967071 8.212410
v -5.934844 -3.216652 8.212515
v 0.000000 1.483668 8.783371
v -0.251548 1.478331 8.783391
v -0.527540 1.460279 8.783449
v -0.789879 1.431308 8.783542
v -1.050795 1.391012 8.783669
v -1.309737 1.339554 8.783830
v -1.565344 1.277323 8.784022
v -1.818134 1.204289 8.784249
v -2.067642 1.120593 8.784507
v -2.313399 1.026380 8.784797
v -2.554940 0.921790 8.785118
v -2.791795 0.806967 8.785470
v -3.023501 0.682053 8.785851
v -3.249588 0.547192 8.786263
v -3.469590 0.402524 8.786703
v -3.683041 0.248194 8.787172
v -3.889388 0.084413 8.787668
v -4.086993 -0.087480 8.788188
v -4.276315 -0.267452 8.788726
v -4.457804 -0.455605 8.789280
v -4.631205 -0.651451 8.789844
v -4.796319 -0.854581 8.790410
v -4.953640 -1.065580 8.790978
v -5.101994 -1.282878 8.791539
v -5.241120 -1.505978 8.792087
v -5.370754 -1.734384 8.792615
v -5.490636 -1.967600 8.793118
v -5.600502 -2.205130 8.793591
v -5.700091 -2.446477 8.794026
v -5.789141 -2.691145 8.794420
v -5.867388 -2.938638 8.794765
v -5.934571 -3.188459 8.795057
v -0.000000 1.525181 9.350962
v -0.251717 1.519850 9.350962
v -0.527894 1.501779 9.350962
v -0.790411 1.472765 9.350962
v -1.051503 1.432399 9.350962
v -1.310618 1.380842 9.350962
v -1.566394 1.318484 9.350962
v -1.819348 1.245293 9.350962
v -2.069013 1.161409 9.350962
v -2.314920 1.066974 9.350962
v -2.556601 0.962128 9.350962
v -2.793588 0.847015 9.350962
v -3.025413 0.721773 9.350962
v -3.251607 0.586546 9.350962
v -3.471703 0.441474 9.350962
v -3.685232 0.286698 9.350962
v -3.891641 0.122431 9.350962
v -4.089290 -0.049986 9.350962
v -4.278631 -0.230510 9.350962
v -4.460113 -0.419237 9.350962
v -4.633470 -0.615667 9.350962
v -4.798500 -0.819381 9.350962
v -4.955690 -1.030957 9.350962
v -5.103862 -1.248811 9.350962
v -5.242746 -1.472435 9.350962
v -5.372076 -1.701324 9.350962
v -5.491581 -1.934971 9.350962
v -5.600997 -2.172869 9.350962
v -5.700053 -2.414510 9.350962
v -5.788482 -2.659389 9.350962
v -5.866016 -2.906998 9.350962
v -5.932387 -3.156832 9.350962
v 0.000000 1.564903 9.966573
v -0.251510 1.559593 9.966558
v -0.527464 1.541556 9.966512
v -0.789773 1.512584 9.966438
v -1.050662 1.472265 9.966334
v -1.309580 1.420756 9.966201
v -1.565169 1.358445 9.966036
v -1.817946 1.285296 9.965839
v -2.067443 1.201445 9.965611
v -2.313195 1.107032 9.965348
v -2.554734 1.002195 9.965053
v -2.791593 0.887070 9.964722
v -3.023305 0.761797 9.964355
v -3.249404 0.626513 9.963953
v -3.469422 0.481357 9.963513
v -3.682893 0.326465 9.963036
v -3.889264 0.162048 9.962521
v -4.086896 -0.010553 9.961970
v -4.276235 -0.191291 9.961388
v -4.457723 -0.380253 9.960773
v -4.631089 -0.576933 9.960131
v -4.796125 -0.780905 9.959463
v -4.953312 -0.992741 9.958770
v -5.101465 -1.210849 9.958058
v -5.240309 -1.434713 9.957332
v -5.369570 -1.663822 9.956594
v -5.488974 -1.897659 9.955847
v -5.598247 -2.135712 9.955095
v -5.697115 -2.377466 9.954342
v -5.785304 -2.622407 9.953590
v -5.862538 -2.870022 9.952844
v -5.928546 -3.119796 9.952106
v 0.000000 1.598079 10.560276
v -0.250964 1.592799 10.560255
v -0.526322 1.574843 10.560190
v -0.788070 1.545987 10.560085
v -1.048411 1.505820 10.559937
v -1.306796 1.454494 10.559740
v -1.561871 1.392390 10.559495
v -1.814156 1.319468 10.559198
v -2.063187 1.235862 10.558847
v -2.308500 1.141704 10.558440
v -2.549632 1.037129 10.557973
v -2.786119 0.922268 10.557444
v -3.017498 0.797257 10.556851
v -3.243306 0.662228 10.556191
v -3.463078 0.517314 10.555463
v -3.676350 0.362650 10.554662
v -3.882576 0.198438 10.553787
v -4.080115 0.026017 10.552844
v -4.269411 -0.154562 10.551833
v -4.450898 -0.343384 10.550756
v -4.624301 -0.539941 10.549615
v -4.789408 -0.743801 10.548415
v -4.946692 -0.955535 10.547154
v -5.094964 -1.173546 10.545842
v -5.233943 -1.397317 10.544482
v -5.363351 -1.626333 10.543079
v -5.482907 -1.860075 10.541638
v -5.592333 -2.098026 10.540161
v -5.691349 -2.339670 10.538653
v -5.779675 -2.584489 10.537119
v -5.857031 -2.831966 10.535562
v -5.923139 -3.081584 10.533985
v 0.000000 1.626536 11.158780
v -0.250100 1.621296 11.158764
v -0.524514 1.603461 11.158714
v -0.785373 1.574790 11.158631
v -1.044841 1.534870 11.158508
v -1.302375 1.483846 11.158340
v -1.556630 1.422094 11.158122
v -1.808126 1.349568 11.157850
v -2.056405 1.266397 11.157519
v -2.301008 1.172707 11.157124
v -2.541478 1.068627 11.156658
v -2.777355 0.954285 11.156119
v -3.008182 0.829808 11.155501
v -3.233500 0.695324 11.154799
v -3.452851 0.550962 11.154008
v -3.665776 0.396847 11.153123
v -3.871731 0.233180 11.152140
v -4.069084 0.061290 11.151062
v -4.258270 -0.118773 11.149890
v -4.439719 -0.307089 11.148623
v -4.613153 -0.503152 11.147263
v -4.778351 -0.706532 11.145812
v -4.935788 -0.917795 11.144266
v -5.084266 -1.135350 11.142635
v -5.223503 -1.358679 11.140923
v -5.353213 -1.587267 11.139131
v -5.473112 -1.820596 11.137262
v -5.582917 -2.058151 11.135321
v -5.682343 -2.299413 11.133307
v -5.771107 -2.543867 11.131227
v -5.848923 -2.790996 11.129082
v -5.915508 -3.040284 11.126874
v 0.000000 1.649810 11.751334
v -0.248960 1.644618 11.751335
v -0.522129 1.626937 11.751342
v -0.781814 1.598506 11.751345
v -1.040128 1.558910 11.751338
v -1.296535 1.508289 11.751313
v -1.549700 1.447011 11.751264
v -1.800145 1.375024 11.751181
v -2.047420 1.292452 11.751057
v -2.291071 1.199417 11.750886
v -2.530647 1.096039 11.750659
v -2.765696 0.982441 11.750369
v -2.995767 0.858745 11.750008
v -3.220407 0.725073 11.749569
v -3.439164 0.581546 11.749044
v -3.651587 0.428286 11.748426
v -3.857139 0.265486 11.747708
v -4.054192 0.094464 11.746888
v -4.243177 -0.084730 11.745967
v -4.424521 -0.272179 11.744940
v -4.597940 -0.467378 11.743809
v -4.763213 -0.669902 11.742573
v -4.920809 -0.880316 11.741225
v -5.069530 -1.097037 11.739773
v -5.209087 -1.319551 11.738217
v -5.339194 -1.547347 11.736557
v -5.459562 -1.779910 11.734794
v -5.569905 -2.016729 11.732927
v -5.669934 -2.257289 11.730958
v -5.759363 -2.501079 11.728887
v -5.837903 -2.747585 11.726714
v -5.905267 -2.996294 11.724439
v 0.000000 1.667934 12.335433
v -0.247584 1.662795 12.335465
v -0.519248 1.645294 12.335575
v -0.777512 1.617147 12.335742
v -1.034428 1.577938 12.335960
v -1.289467 1.527802 12.336218
v -1.541306 1.467098 12.336505
v -1.790470 1.395771 12.336813
v -2.036514 1.313939 12.337130
v -2.278995 1.221718 12.337447
v -2.517467 1.119223 12.337754
v -2.751487 1.006571 12.338041
v -2.980608 0.883877 12.338298
v -3.204388 0.751259 12.338515
v -3.422382 0.608832 12.338682
v -3.634144 0.456712 12.338788
v -3.839146 0.295085 12.338824
v -4.035768 0.125256 12.338782
v -4.224437 -0.052727 12.338660
v -4.405576 -0.238949 12.338454
v -4.578900 -0.432914 12.338161
v -4.744186 -0.634201 12.337780
v -4.901903 -0.843376 12.337305
v -5.050848 -1.058869 12.336734
v -5.190735 -1.280174 12.336064
v -5.321273 -1.506784 12.335295
v -5.442172 -1.738193 12.334421
v -5.553144 -1.973895 12.333442
v -5.653898 -2.213383 12.332354
v -5.744146 -2.456151 12.331153
v -5.823598 -2.701692 12.329838
v -5.891964 -2.949501 12.328406
v 0.000000 1.681110 12.921268
v -0.245974 1.676030 12.921349
v -0.515877 1.658731 12.921618
v -0.772476 1.630907 12.922040
v -1.027751 1.592142 12.922611
v -1.281183 1.542567 12.923318
v -1.531459 1.482533 12.924146
v -1.779109 1.411981 12.925085
v -2.023696 1.331025 12.926124
v -2.264782 1.239774 12.927251
v -2.501931 1.138341 12.928452
v -2.734708 1.026836 12.929719
v -2.962675 0.905370 12.931036
v -3.185395 0.774055 12.932394
v -3.402433 0.633001 12.933779
v -3.613352 0.482320 12.935180
v -3.817631 0.322192 12.936584
v -4.013659 0.153906 12.937973
v -4.201862 -0.022494 12.939343
v -4.382659 -0.207099 12.940695
v -4.555766 -0.399420 12.942020
v -4.720960 -0.599045 12.943317
v -4.878710 -0.806541 12.944583
v -5.027817 -1.020357 12.945807
v -5.167991 -1.239994 12.946981
v -5.298942 -1.464958 12.948102
v -5.420382 -1.694749 12.949162
v -5.532021 -1.928873 12.950155
v -5.633570 -2.166830 12.951077
v -5.724740 -2.408125 12.951921
v -5.805241 -2.652261 12.952680
v -5.874784 -2.898740 12.953348
v 0.000000 1.688223 13.522815
v -0.244149 1.683206 13.522948
v -0.512053 1.666129 13.523398
v -0.766763 1.638662 13.524109
v -1.020173 1.600394 13.525082
v -1.271772 1.551450 13.526302
v -1.520265 1.492174 13.527754
v -1.766181 1.422507 13.529426
v -2.009090 1.342559 13.531306
v -2.248565 1.252435 13.533382
v -2.484178 1.152244 13.535642
v -2.715501 1.042092 13.538071
v -2.942104 0.922089 13.540656
v -3.163561 0.792339 13.543386
v -3.379441 0.652953 13.546247
v -3.589319 0.504035 13.549227
v -3.792681 0.345764 13.552311
v -3.987928 0.179409 13.555468
v -4.175484 0.005008 13.558696
v -4.355769 -0.177534 13.561998
v -4.528501 -0.367740 13.565367
v -4.693459 -0.565210 13.568795
v -4.851114 -0.770512 13.572291
v -5.000272 -0.982117 13.575830
v -5.140645 -1.199541 13.579402
v -5.271947 -1.422299 13.582999
v -5.393892 -1.649906 13.586613
v -5.506192 -1.881877 13.590235
v -5.608561 -2.117727 13.593857
v -5.700712 -2.356971 13.597469
v -5.782358 -2.599125 13.601066
v -5.853212 -2.843704 13.604635
v 0.000000 1.677599 14.606433
v -0.240789 1.672691 14.606560
v -0.505012 1.656010 14.606984
v -0.756236 1.629192 14.607658
v -1.006199 1.591836 14.608586
v -1.254404 1.544067 14.609760
v -1.499581 1.486222 14.611165
v -1.742258 1.418248 14.612796
v -1.982021 1.340251 14.614642
v -2.218454 1.252339 14.616697
v -2.451142 1.154617 14.618953
v -2.679670 1.047193 14.621399
v -2.903621 0.930173 14.624026
v -3.122583 0.803663 14.626828
v -3.336138 0.667770 14.629794
v -3.543872 0.522599 14.632917
v -3.745285 0.368325 14.636189
v -3.938801 0.206183 14.639577
v -4.124850 0.036196 14.643084
v -4.303854 -0.141743 14.646716
v -4.475543 -0.327185 14.650465
v -4.639710 -0.519754 14.654329
v -4.796836 -0.720020 14.658320
v -4.945743 -0.926508 14.662412
v -5.086154 -1.138761 14.666597
v -5.217794 -1.356321 14.670871
v -5.340389 -1.578731 14.675226
v -5.453663 -1.805533 14.679656
v -5.557340 -2.036270 14.684155
v -5.651143 -2.270482 14.688717
v -5.734796 -2.507712 14.693334
v -5.808023 -2.747502 14.698002
v 0.000000 1.659982 15.241414
v -0.238966 1.655130 15.241465
v -0.501191 1.638662 15.241639
v -0.750519 1.612195 15.241913
v -0.998604 1.575339 15.242290
v -1.244954 1.528223 15.242764
v -1.488313 1.471184 15.243333
v -1.729206 1.404174 15.243991
v -1.967226 1.327303 15.244735
v -2.201962 1.240680 15.245560
v -2.433005 1.144416 15.246466
v -2.659946 1.038620 15.247446
v -2.882375 0.923401 15.248495
v -3.099884 0.798870 15.249613
v -3.312062 0.665133 15.250793
v -3.518501 0.522302 15.252035
v -3.718706 0.370548 15.253333
v -3.911117 0.211090 15.254676
v -4.096165 0.043942 15.256064
v -4.274282 -0.131011 15.257502
v -4.445209 -0.313338 15.258986
v -4.608747 -0.502679 15.260515
v -4.765387 -0.699604 15.262095
v -4.913964 -0.902673 15.263718
v -5.054213 -1.111446 15.265379
v -5.185868 -1.325484 15.267079
v -5.308665 -1.544346 15.268815
v -5.422338 -1.767593 15.270585
v -5.526619 -1.994784 15.272389
v -5.621243 -2.225478 15.274226
v -5.705942 -2.459236 15.276093
v -5.780447 -2.695617 15.277987
v 0.000000 1.633233 15.876058
v -0.237338 1.628428 15.876035
v -0.497775 1.612135 15.875959
v -0.745404 1.585965 15.875838
v -0.991797 1.549540 15.875670
v -1.236468 1.502995 15.875457
v -1.478167 1.446671 15.875200
v -1.717418 1.380531 15.874902
v -1.953816 1.304691 15.874560
v -2.186953 1.219269 15.874179
v -2.416425 1.124383 15.873757
v -2.641824 1.020152 15.873298
v -2.862744 0.906691 15.872800
v -3.078781 0.784120 15.872266
v -3.289526 0.652556 15.871696
v -3.494575 0.512117 15.871094
v -3.693439 0.362986 15.870457
v -3.884567 0.206364 15.869793
v -4.068402 0.042263 15.869102
v -4.245384 -0.129437 15.868380
v -4.415267 -0.308317 15.867631
v -4.577867 -0.494028 15.866854
v -4.733684 -0.687135 15.866046
v -4.881575 -0.886230 15.865212
v -5.021291 -1.090886 15.864355
v -5.152582 -1.300677 15.863475
v -5.275198 -1.515177 15.862572
v -5.388891 -1.733959 15.861648
v -5.493411 -1.956596 15.860703
v -5.588509 -2.182662 15.859740
v -5.673934 -2.411732 15.858759
v -5.749438 -2.643378 15.857761
v 0.000000 1.600407 16.462189
v -0.236032 1.595643 16.461937
v -0.495036 1.579504 16.461100
v -0.741302 1.553596 16.459757
v -0.986339 1.517554 16.457897
v -1.229664 1.471522 16.455530
v -1.470034 1.415849 16.452681
v -1.707970 1.350504 16.449352
v -1.943070 1.275613 16.445547
v -2.174929 1.191302 16.441288
v -2.403142 1.097696 16.436579
v -2.627308 0.994921 16.431427
v -2.847022 0.883100 16.425852
v -3.061880 0.762359 16.419857
v -3.271479 0.632822 16.413454
v -3.475415 0.494612 16.406656
v -3.673202 0.347916 16.399479
v -3.863302 0.193920 16.391983
v -4.046165 0.032625 16.384159
v -4.222242 -0.136098 16.375994
v -4.391304 -0.311846 16.367504
v -4.553178 -0.494290 16.358698
v -4.708378 -0.683994 16.349543
v -4.855777 -0.879585 16.340099
v -4.995139 -1.080657 16.330381
v -5.126226 -1.286802 16.320404
v -5.248804 -1.497612 16.310184
v -5.362632 -1.712680 16.299732
v -5.467473 -1.931597 16.289078
v -5.563087 -2.153956 16.278227
v -5.649235 -2.379349 16.267204
v -5.725677 -2.607368 16.256023
v 0.000000 1.560223 17.048483
v -0.234879 1.555492 17.047987
v -0.492617 1.539483 17.046331
v -0.737675 1.513802 17.043680
v -0.981504 1.478100 17.040009
v -1.223623 1.432530 17.035341
v -1.462793 1.377451 17.029718
v -1.699532 1.312845 17.023148
v -1.933435 1.238850 17.015644
v -2.164101 1.155602 17.007235
v -2.391126 1.063236 16.997942
v -2.614106 0.961890 16.987780
v -2.832639 0.851699 16.976776
v -3.046320 0.732797 16.964947
v -3.254749 0.605319 16.952316
v -3.457520 0.469399 16.938902
v -3.654151 0.325232 16.924740
v -3.843114 0.173991 16.909943
v -4.024869 0.015668 16.894503
v -4.199883 -0.149870 16.878391
v -4.367940 -0.322238 16.861633
v -4.528888 -0.501122 16.844246
v -4.683250 -0.687081 16.826170
v -4.829924 -0.878781 16.807520
v -4.968688 -1.075830 16.788326
v -5.099324 -1.277838 16.768616
v -5.221611 -1.484414 16.748417
v -5.335327 -1.695170 16.727760
v -5.440247 -1.909713 16.706694
v -5.536148 -2.127654 16.685236
v -5.622805 -2.348604 16.663433
v -5.699992 -2.572170 16.641310
v 0.000000 1.513513 17.634327
v -0.233836 1.508811 17.633568
v -0.490425 1.492915 17.631031
v -0.734385 1.467437 17.626972
v -0.977112 1.432044 17.621349
v -1.218124 1.386904 17.614204
v -1.456185 1.332384 17.605593
v -1.691808 1.268485 17.595531
v -1.924588 1.195355 17.584049
v -2.154121 1.113145 17.571180
v -2.380002 1.022004 17.556953
v -2.601828 0.922083 17.541403
v -2.819194 0.813529 17.524563
v -3.031697 0.696492 17.506464
v -3.238933 0.571118 17.487137
v -3.440496 0.437556 17.466619
v -3.635905 0.296013 17.444950
v -3.823642 0.147648 17.422316
v -4.004180 -0.007550 17.398695
v -4.178000 -0.169721 17.374052
v -4.344907 -0.338493 17.348419
v -4.504765 -0.513566 17.321827
v -4.658113 -0.695494 17.294178
v -4.803871 -0.882976 17.265654
v -4.941839 -1.075636 17.236292
v -5.071819 -1.273100 17.206133
v -5.193605 -1.474993 17.175230
v -5.306997 -1.680940 17.143621
v -5.411787 -1.890566 17.111389
v -5.507771 -2.103496 17.078560
v -5.594741 -2.319355 17.045193
v -5.672490 -2.537767 17.011333
v 0.000000 1.460353 18.219631
v -0.232867 1.455675 18.218601
v -0.488388 1.439880 18.215151
v -0.731323 1.414586 18.209633
v -0.973018 1.379478 18.201990
v -1.212988 1.334740 18.192276
v -1.449998 1.280754 18.180573
v -1.684555 1.217535 18.166901
v -1.916252 1.145250 18.151299
v -2.144682 1.064065 18.133814
v -2.369438 0.974144 18.114485
v -2.590114 0.875655 18.093363
v -2.806304 0.768760 18.070488
v -3.017600 0.653626 18.045912
v -3.223598 0.530416 18.019670
v -3.423889 0.399294 17.991814
v -3.617989 0.260483 17.962397
v -3.804392 0.115134 17.931673
v -3.983585 -0.036770 17.899612
v -4.156064 -0.195371 17.866163
v -4.321654 -0.360309 17.831375
v -4.480238 -0.531295 17.795284
v -4.632372 -0.708873 17.757755
v -4.777004 -0.891775 17.719038
v -4.913955 -1.079640 17.679178
v -5.043046 -1.272105 17.638235
v -5.164096 -1.468806 17.596268
v -5.276925 -1.669382 17.553333
v -5.381345 -1.873468 17.509542
v -5.477175 -2.080701 17.464930
v -5.564230 -2.290715 17.419569
v -5.642325 -2.503146 17.373516
v 0.000000 1.400821 18.807907
v -0.231933 1.396166 18.806580
v -0.486423 1.380469 18.802130
v -0.728368 1.355356 18.795019
v -0.969061 1.320532 18.785170
v -1.208017 1.276200 18.772654
v -1.444000 1.222757 18.757578
v -1.677509 1.160237 18.739965
v -1.908135 1.088823 18.719873
v -2.135467 1.008699 18.697355
v -2.359094 0.920048 18.672472
v -2.578609 0.823054 18.645285
v -2.793600 0.717900 18.615845
v -3.003657 0.604767 18.584217
v -3.208372 0.483838 18.550455
v -3.407334 0.355295 18.514618
v -3.600055 0.219378 18.476782
v -3.785039 0.077228 18.437271
v -3.962790 -0.071174 18.396049
v -4.133819 -0.225973 18.353048
v -4.297974 -0.386823 18.308332
v -4.455158 -0.553445 18.261953
v -4.605945 -0.726371 18.213732
v -4.749311 -0.904370 18.163988
v -4.885103 -1.087092 18.112787
v -5.013161 -1.274186 18.060200
v -5.133328 -1.465302 18.006302
v -5.245448 -1.660087 17.951166
v -5.349350 -1.858187 17.894964
v -5.444881 -2.059248 17.837730
v -5.531878 -2.262912 17.779543
v -5.610179 -2.468820 17.720484
v 0.000000 1.334619 19.399727
v -0.231009 1.329988 19.398079
v -0.484479 1.314389 19.392567
v -0.725442 1.289459 19.383760
v -0.965141 1.254928 19.371567
v -1.203084 1.211016 19.356070
v -1.438039 1.158137 19.337410
v -1.670493 1.096346 19.315615
v -1.900035 1.025846 19.290752
v -2.126249 0.946840 19.262897
v -2.348722 0.859531 19.232121
v -2.567039 0.764121 19.198500
v -2.780786 0.660812 19.162104
v -2.989549 0.549808 19.123013
v -3.192914 0.431310 19.081289
v -3.390468 0.305520 19.037016
v -3.581717 0.172697 18.990286
v -3.765178 0.033972 18.941492
v -3.941370 -0.110678 18.890598
v -4.110821 -0.261399 18.837524
v -4.273405 -0.417860 18.782349
v -4.429048 -0.579790 18.725138
v -4.578338 -0.747711 18.665670
v -4.720286 -0.920428 18.604343
v -4.854762 -1.097602 18.541239
v -4.981630 -1.278896 18.476444
v -5.100760 -1.463970 18.410055
v -5.212015 -1.652484 18.342159
v -5.315246 -1.844089 18.273046
v -5.410324 -2.038437 18.202721
v -5.497110 -2.235174 18.131277
v -5.575469 -2.433942 18.058821
v 0.000000 1.261334 19.994366
v -0.230076 1.256727 19.992390
v -0.482516 1.241230 19.985765
v -0.722484 1.216492 19.975191
v -0.961174 1.182268 19.960554
v -1.198088 1.138797 19.941954
v -1.431991 1.086515 19.919563
v -1.663364 1.025499 19.893415
v -1.891788 0.955972 19.863596
v -2.116845 0.878158 19.830196
v -2.338114 0.792282 19.793303
v -2.555177 0.698568 19.753008
v -2.767615 0.597240 19.709402
v -2.975008 0.488522 19.662577
v -3.176936 0.372637 19.612616
v -3.372982 0.249808 19.559618
v -3.562647 0.120316 19.503691
v -3.744460 -0.014719 19.445316
v -3.918957 -0.155323 19.384451
v -4.086685 -0.301643 19.320997
v -4.247543 -0.453363 19.255054
v -4.401485 -0.610223 19.186707
v -4.549112 -0.772730 19.115694
v -4.689474 -0.939728 19.042484
v -4.822464 -1.110893 18.967188
v -4.947974 -1.285897 18.889908
v -5.065897 -1.464414 18.810759
v -5.176127 -1.646113 18.729847
v -5.278517 -1.830649 18.647686
v -5.372972 -2.017674 18.564207
v -5.459379 -2.206833 18.479521
v -5.537626 -2.397760 18.393759
v 0.000000 1.180386 20.591345
v -0.229114 1.175805 20.589027
v -0.480490 1.160416 20.581263
v -0.719431 1.135884 20.568871
v -0.957075 1.101988 20.551727
v -1.192920 1.058993 20.529942
v -1.425729 1.007354 20.503731
v -1.655972 0.947172 20.473127
v -1.883225 0.878695 20.438236
v -2.107062 0.802171 20.399170
v -2.327059 0.717846 20.356030
v -2.542791 0.625968 20.308929
v -2.753831 0.526784 20.257973
v -2.959756 0.420543 20.203274
v -3.160139 0.307490 20.144934
v -3.354556 0.187873 20.083067
v -3.542503 0.061995 20.017807
v -3.722521 -0.069035 19.949717
v -3.895165 -0.205247 19.878750
v -4.061005 -0.346790 19.804796
v -4.219964 -0.493360 19.727982
v -4.372025 -0.644711 19.648396
v -4.517807 -0.801333 19.565750
v -4.656398 -0.962113 19.480593
v -4.787719 -1.126739 19.393051
v -4.911689 -1.294898 19.303259
v -5.028231 -1.466272 19.211342
v -5.137265 -1.640546 19.117434
v -5.238626 -1.817370 19.022474
v -5.332262 -1.996384 18.926224
v -5.418081 -2.177217 18.828825
v -5.495996 -2.359485 18.730436
v 0.000000 1.090798 21.192043
v -0.228099 1.086246 21.189379
v -0.478351 1.070976 21.180450
v -0.716206 1.046669 21.166210
v -0.952744 1.013134 21.146515
v -1.187455 0.970661 21.121494
v -1.419099 0.919727 21.091404
v -1.648137 0.860461 21.056280
v -1.874137 0.793136 21.016253
v -2.096667 0.718025 20.971451
v -2.315296 0.635401 20.921995
v -2.529591 0.545536 20.868019
v -2.739119 0.448704 20.809650
v -2.943450 0.345177 20.747017
v -3.142151 0.235228 20.680243
v -3.334790 0.119131 20.609467
v -3.520857 -0.002789 20.534840
v -3.698906 -0.129434 20.457010
v -3.869512 -0.260837 20.375931
v -4.033269 -0.397149 20.291485
v -4.190131 -0.538081 20.203817
v -4.340107 -0.683401 20.113039
v -4.483838 -0.833580 20.018829
v -4.620453 -0.987552 19.921814
v -4.749902 -1.145020 19.822151
v -4.872137 -1.305683 19.719990
v -4.987108 -1.469239 19.615486
v -5.094768 -1.635384 19.508795
v -5.194865 -1.803748 19.401693
v -5.287417 -1.973938 19.293579
v -5.372352 -2.145543 19.184645
v -5.449604 -2.318122 19.075090
v 0.000000 0.990732 21.802238
v -0.226996 0.986213 21.799215
v -0.476029 0.971077 21.789101
v -0.712704 0.947025 21.772972
v -0.948037 0.913895 21.750677
v -1.181512 0.872008 21.722363
v -1.411887 0.821864 21.688322
v -1.639608 0.763623 21.648607
v -1.864236 0.697586 21.603363
v -2.085332 0.624053 21.552746
v -2.302457 0.543325 21.496899
v -2.515170 0.455705 21.435970
v -2.723031 0.361491 21.370113
v -2.925600 0.260986 21.299479
v -3.122438 0.154491 21.224213
v -3.313105 0.042306 21.144474
v -3.497083 -0.075217 21.060442
v -3.672943 -0.196993 20.972851
v -3.841280 -0.323060 20.881655
v -4.002714 -0.453568 20.786728
v -4.157232 -0.588248 20.688238
v -4.304874 -0.726882 20.586325
v -4.446305 -0.869920 20.480631
v -4.580697 -1.016348 20.371872
v -4.708035 -1.165885 20.260227
v -4.828301 -1.318247 20.145878
v -4.941483 -1.473148 20.028999
v -5.047562 -1.630297 19.909781
v -5.146057 -1.789272 19.791643
v -5.237108 -1.949588 19.673250
v -5.320652 -2.110739 19.554863
v -5.396638 -2.272163 19.436743
v 0.000000 0.876974 22.433586
v -0.225758 0.872493 22.430193
v -0.473420 0.857514 22.418842
v -0.708768 0.833755 22.400755
v -0.942747 0.801093 22.375761
v -1.174833 0.759877 22.344036
v -1.403776 0.710638 22.305912
v -1.630013 0.653569 22.261454
v -1.853094 0.589001 22.210831
v -2.072570 0.517267 22.154222
v -2.287994 0.438699 22.091793
v -2.498916 0.353630 22.023724
v -2.704888 0.262392 21.950186
v -2.905460 0.165318 21.871353
v -3.100184 0.062738 21.787403
v -3.288611 -0.045013 21.698509
v -3.470216 -0.157556 21.604889
v -3.643586 -0.273822 21.507364
v -3.809341 -0.393853 21.405888
v -3.968129 -0.517801 21.300333
v -4.119973 -0.645415 21.190897
v -4.264950 -0.776493 21.077742
v -4.403748 -0.911465 20.960482
v -4.535590 -1.049375 20.839922
v -4.660498 -1.189959 20.716272
v -4.778492 -1.332952 20.589745
v -4.889596 -1.478087 20.460545
v -4.993827 -1.625090 20.328890
v -5.090158 -1.773412 20.201471
v -5.178967 -1.922362 20.075455
v -5.260178 -2.071215 19.951212
v -5.333737 -2.219154 19.829117
v 0.000000 0.742265 23.110464
v -0.224285 0.737830 23.106670
v -0.470316 0.723041 23.093988
v -0.704087 0.699637 23.073790
v -0.936456 0.667535 23.045891
v -1.166887 0.627124 23.010502
v -1.394129 0.578966 22.967997
v -1.618599 0.523293 22.918451
v -1.839838 0.460473 22.862070
v -2.057387 0.390876 22.799055
v -2.270786 0.314870 22.729601
v -2.479576 0.232825 22.653913
v -2.683298 0.145108 22.572195
v -2.881492 0.052090 22.484646
v -3.073699 -0.045862 22.391472
v -3.259460 -0.148380 22.292873
v -3.438240 -0.255048 22.189098
v -3.608645 -0.364819 22.081068
v -3.771326 -0.477737 21.968742
v -3.926962 -0.593957 21.851982
v -4.075620 -0.713250 21.731022
v -4.217418 -0.835434 21.606050
v -4.353073 -0.960912 21.476650
v -4.481866 -1.088797 21.343727
v -4.603865 -1.218851 21.207520
v -4.719132 -1.350830 21.068272
v -4.827733 -1.484491 20.926226
v -4.929731 -1.619583 20.781628
v 0.000000 0.573777 23.880856
v -0.222411 0.569402 23.876600
v -0.466367 0.554856 23.862391
v -0.698130 0.531902 23.839775
v -0.928449 0.500511 23.808552
v -1.156777 0.461117 23.768976
v -1.381856 0.414321 23.721466
v -1.604082 0.360402 23.666124
v -1.822982 0.299776 23.603186
v -2.038084 0.232856 23.532885
v -2.248915 0.160056 23.455452
v -2.455002 0.081789 23.371132
v -2.655874 -0.001531 23.280149
v -2.851057 -0.089490 23.182743
v -3.040078 -0.181675 23.079157
v -3.222466 -0.277673 22.969620
v -3.397673 -0.377029 22.854420
v -3.564332 -0.478717 22.734587
v -3.723126 -0.582788 22.610088
v -3.874777 -0.689395 22.480778
v -4.019403 -0.798339 22.346933
v -4.157174 -0.909459 22.208775
v -4.288839 -1.023126 22.065847
v -4.413757 -1.138540 21.919172
v -4.532047 -1.255490 21.769022
v -4.643828 -1.373764 21.615677
v -4.749217 -1.493146 21.459423
v -4.848331 -1.613418 21.300537
v -4.940529 -1.734173 21.143335
v -5.026191 -1.854897 20.986197
v -5.105372 -1.975062 20.829487
v -5.178144 -2.094081 20.673578
v 0.000000 0.390208 24.647802
v -0.220309 0.385899 24.643085
v -0.461938 0.371620 24.627352
v -0.691451 0.349161 24.602324
v -0.919475 0.318548 24.567789
v -1.145448 0.280263 24.524040
v -1.368108 0.234951 24.471552
v -1.587825 0.182943 24.410448
v -1.804113 0.124700 24.340996
v -2.016485 0.060687 24.263468
v -2.224454 -0.008636 24.178131
v -2.427533 -0.082806 24.085258
v -2.625233 -0.161361 23.985115
v -2.817069 -0.243838 23.877974
v -3.002553 -0.329776 23.764103
v -3.181197 -0.418712 23.643772
v -3.352444 -0.510144 23.517303
v -3.514952 -0.603074 23.385832
v -3.669443 -0.697554 23.249327
v -3.816681 -0.793737 23.107637
v -3.956842 -0.891449 22.961067
v -4.090154 -0.990558 22.809864
v -4.217401 -1.091394 22.653540
v -4.338028 -1.193255 22.493206
v -4.452216 -1.295964 22.329168
v -4.560143 -1.399347 22.161741
v -4.661992 -1.503228 21.991230
v -4.757941 -1.607431 21.817947
v -4.848170 -1.711782 21.642202
v -4.932860 -1.816106 21.464302
v -5.012191 -1.920227 21.284559
v -5.086342 -2.023969 21.103283
v 0.000000 0.242948 25.218557
v -0.218565 0.238695 25.213484
v -0.458265 0.224641 25.196573
v -0.685913 0.202594 25.169687
v -0.912037 0.172627 25.132605
v -1.136064 0.135257 25.085646
v -1.356725 0.091162 25.029331
v -1.574375 0.040715 24.963804
v -1.788515 -0.015585 24.889359
v -1.998646 -0.077238 24.806295
v -2.204269 -0.143744 24.714911
v -2.404887 -0.214603 24.615503
v -2.599999 -0.289315 24.508371
v -2.789108 -0.367381 24.393812
v -2.971715 -0.448301 24.272125
v -3.147321 -0.531574 24.143608
v -3.315358 -0.616665 24.008615
v -3.474506 -0.702597 23.868366
v -3.625516 -0.789423 23.722839
v -3.769182 -0.877296 23.571886
v -3.905726 -0.966064 23.415846
v -4.035417 -1.055613 23.254990
v -4.159067 -1.146244 23.088816
v -4.276183 -1.237324 22.918518
v -4.386990 -1.328702 22.744438
v -4.491714 -1.420224 22.566921
v -4.590578 -1.511737 22.386307
v -4.683808 -1.603090 22.202940
v -4.771627 -1.694129 22.017162
v -4.854260 -1.784701 21.829315
v -4.931933 -1.874655 21.639744
v -5.004869 -1.963836 21.448788
v 0.000000 0.086992 25.788279
v -0.216657 0.082801 25.782841
v -0.454247 0.068992 25.764729
v -0.679856 0.047392 25.735943
v -0.903904 0.018120 25.696257
v -1.125807 -0.018266 25.646021
v -1.344291 -0.061055 25.585804
v -1.559692 -0.109833 25.515762
v -1.771497 -0.164060 25.436224
v -1.979197 -0.223198 25.347517
v -2.182281 -0.286708 25.249969
v -2.380238 -0.354050 25.143906
v -2.572558 -0.424686 25.029657
v -2.758730 -0.498077 24.907551
v -2.938243 -0.573684 24.777912
v -3.110586 -0.650968 24.641071
v -3.275182 -0.729357 24.497416
v -3.430733 -0.807897 24.348251
v -3.578018 -0.886645 24.193567
v -3.717867 -0.965749 24.033218
v -3.850545 -1.045084 23.867577
v -3.976366 -1.124552 23.696941
v -4.096168 -1.204423 23.520798
v -4.209525 -1.284140 23.340422
v -4.316710 -1.363574 23.156195
v -4.417994 -1.442597 22.968489
v -4.513645 -1.521078 22.777685
v -4.603937 -1.598888 22.584158
v -4.689139 -1.675898 22.388285
v -4.769523 -1.751979 22.190441
v -4.845359 -1.827002 21.991005
v -4.916918 -1.900838 21.790352
v 0.000000 -0.077796 26.358152
v -0.223502 -0.082264 26.351852
v -0.446476 -0.095204 26.333366
v -0.668402 -0.116040 26.303047
v -0.888761 -0.144198 26.261251
v -1.107035 -0.179102 26.208336
v -1.322703 -0.220177 26.144655
v -1.535246 -0.266848 26.070564
v -1.744147 -0.318540 25.986420
v -1.948885 -0.374679 25.892576
v -2.148942 -0.434689 25.789391
v -2.343798 -0.497994 25.677216
v -2.579065 -0.580948 25.524645
v -2.760306 -0.649550 25.393559
v -2.934659 -0.719579 25.254641
v -3.101606 -0.790461 25.108246
v -3.260635 -0.861624 24.954731
v -3.411509 -0.932651 24.794468
v -3.554468 -1.003392 24.627872
v -3.689836 -1.073742 24.455353
v -3.817931 -1.143595 24.277328
v -3.939076 -1.212844 24.094213
v -4.053592 -1.281386 23.906422
v -4.161799 -1.349114 23.714367
v -4.264020 -1.415923 23.518467
v -4.360574 -1.481707 23.319134
v -4.451783 -1.546360 23.116783
v -4.537969 -1.609777 22.911831
v -4.619452 -1.671853 22.704693
v -4.696552 -1.732482 22.495781
v -4.769593 -1.791558 22.285511
v -4.838894 -1.848976 22.074299
v -4.979770 -1.969255 21.605593
v -5.064048 -2.043784 21.292818
v -5.142091 -2.114767 20.977587
v -5.235654 -2.202676 20.561869
v -5.320587 -2.285382 20.143223
v -5.394895 -2.360221 19.739521
v -5.459983 -2.427924 19.350489
v -5.515982 -2.487920 18.984121
v -5.563202 -2.539888 18.648510
v -5.605108 -2.587362 18.324457
v -5.643524 -2.632451 17.998362
v -5.678800 -2.675746 17.666077
v -5.711004 -2.717466 17.326824
v -5.740773 -2.758573 16.973606
v -5.767505 -2.798368 16.613356
v -5.792078 -2.837919 16.239668
v -5.814744 -2.877569 15.851149
v -5.845177 -2.935767 15.262948
v -5.871790 -2.992080 14.674373
v -5.912487 -3.089087 13.620070
v -5.948606 -3.199244 12.319545
v -5.960896 -3.246510 11.720511
v -5.970428 -3.290398 11.135868
v -5.977425 -3.331887 10.541774
v -5.982927 -3.370667 9.957316
v -5.987265 -3.408203 9.350687
v -5.990352 -3.439633 8.801669
v -5.991858 -3.466951 8.217846
v -5.991444 -3.487129 7.651466
v -5.986987 -3.496563 7.004459
v -5.978425 -3.489784 6.411013
v -5.966074 -3.469397 5.824047
v -5.947163 -3.424731 5.227092
v -5.922146 -3.355210 4.649009
v -5.894284 -3.271802 4.142735
v -5.856428 -3.159879 3.666320
v -5.806400 -3.026354 3.216432
v -5.732621 -2.860582 2.790531
v -5.636068 -2.670391 2.380123
v -5.503918 -2.444871 1.970436
v -5.357405 -2.230940 1.646016
v -4.928028 -1.732405 1.073461
v -4.814546 -1.621253 0.972906
v -4.694625 -1.510098 0.879944
v -4.568769 -1.399440 0.794230
v -4.437479 -1.289776 0.715417
v -4.301255 -1.181608 0.643162
v -4.160601 -1.075434 0.577119
v -4.015943 -0.971575 0.516776
v -3.867500 -0.870213 0.461595
v -3.715467 -0.771636 0.411193
v -3.560036 -0.676134 0.365188
v -3.401400 -0.583996 0.323197
v -3.239751 -0.495512 0.284835
v -3.075283 -0.410969 0.249722
v -2.908189 -0.330659 0.217472
v -2.738573 -0.254873 0.187807
v -2.566534 -0.183744 0.160649
v -2.392246 -0.117319 0.135924
v -2.215888 -0.055646 0.113556
v -2.037637 0.001228 0.093470
v -1.857669 0.053256 0.075592
v -1.676162 0.100390 0.059845
v -1.493292 0.142584 0.046154
v -1.309225 0.179805 0.034436
v -1.124109 0.212045 0.024599
v -0.938099 0.239289 0.016551
v -0.751349 0.261520 0.010202
v -0.564015 0.278725 0.005462
v -0.376251 0.290887 0.002241
v -0.188212 0.297990 0.000447
v 0.000000 0.300021 -0.000009
v -5.252049 -2.388630 1.538705
v -5.422708 -2.614791 1.934309
v -5.554423 -2.818600 2.358675
v -5.653167 -2.994892 2.798370
v -5.725173 -3.141398 3.245549
v -5.778069 -3.263544 3.715667
v -5.816525 -3.360713 4.204582
v -5.847683 -3.437936 4.737264
v -5.873876 -3.495642 5.319853
v -5.891887 -3.528479 5.860571
v -5.906256 -3.548004 6.446323
v -5.915611 -3.552997 7.026872
v -5.920975 -3.545533 7.647769
v -5.922194 -3.529253 8.212115
v -5.920579 -3.504868 8.817716
v -5.917134 -3.478599 9.375433
v -5.912122 -3.449614 9.952148
v -5.904830 -3.416369 10.582657
v -5.896172 -3.384726 11.153172
v -5.884944 -3.350579 11.739184
v -5.870852 -3.314132 12.333785
v -5.852639 -3.273577 12.960897
v -5.829655 -3.228107 13.632730
v -5.787749 -3.156260 14.639484
v -5.758659 -3.111158 15.251502
v -5.725718 -3.064816 15.863225
v -5.696848 -3.027529 16.344698
v -5.667136 -2.992315 16.783785
v -5.636308 -2.958455 17.187794
v -5.603003 -2.924249 17.573994
v -5.568190 -2.890307 17.935490
v -5.531035 -2.855523 18.283911
v -5.490916 -2.819115 18.626429
v -5.447334 -2.780484 18.967909
v -5.399787 -2.739144 19.311878
v -5.347734 -2.694785 19.660028
v -5.290676 -2.647276 20.012236
v -5.228200 -2.596648 20.366531
v -5.159786 -2.542800 20.722612
v -5.085238 -2.485964 21.076988
v -5.004067 -2.425893 21.432253
v -4.916185 -2.362938 21.783550
v -5.147566 -2.257474 1.452873
v -5.319235 -2.463109 1.866386
v -5.452722 -2.648492 2.306586
v -5.553789 -2.808734 2.760869
v -5.628456 -2.941687 3.221591
v -5.684227 -3.052347 3.703743
v -5.725521 -3.140249 4.201976
v -5.759381 -3.210036 4.740567
v -5.788038 -3.262097 5.325516
v -5.807921 -3.291556 5.865914
v -5.823958 -3.308788 6.450147
v -5.834599 -3.312646 7.028969
v -5.840937 -3.304919 7.648466
v -5.842638 -3.289073 8.212096
v -5.841097 -3.265621 8.817485
v -5.837279 -3.240434 9.375511
v -5.831457 -3.212647 9.952929
v -5.822856 -3.180792 10.584347
v -5.812726 -3.150532 11.155453
v -5.799802 -3.117979 11.741514
v -5.783894 -3.083370 12.335278
v -5.763761 -3.045066 12.960325
v -5.738783 -3.002421 13.629328
v -5.694106 -2.935987 14.634960
v -5.663481 -2.894954 15.249972
v -5.629545 -2.854027 15.864813
v -5.599771 -2.821493 16.358908
v -5.569633 -2.791680 16.810810
v -5.538785 -2.763726 17.227991
v -5.505863 -2.736082 17.627621
v -5.471688 -2.708981 18.003038
v -5.435411 -2.681405 18.365591
v -5.396401 -2.652624 18.722145
v -5.354146 -2.622070 19.077272
v -5.308136 -2.589295 19.434299
v -5.257843 -2.554062 19.794847
v -5.202786 -2.516318 20.158823
v -5.142531 -2.476129 20.524536
v -5.076595 -2.433496 20.891666
v -5.004665 -2.388595 21.257391
v -4.926585 -2.341475 21.622955
v -4.842066 -2.292356 21.984600
v -5.035857 -2.126441 1.373130
v -5.208184 -2.312248 1.803255
v -5.343114 -2.479824 2.258126
v -5.446199 -2.624547 2.725945
v -5.523244 -2.744380 3.199274
v -5.581623 -2.843902 3.692641
v -5.625509 -2.922790 4.199556
v -5.661836 -2.985306 4.743618
v -5.692735 -3.031801 5.330695
v -5.714312 -3.057883 5.870726
v -5.731849 -3.072771 6.453485
v -5.743639 -3.075412 7.030679
v -5.750835 -3.067311 7.648901
v -5.752946 -3.051797 8.211925
v -5.751441 -3.029181 8.817199
v -5.747250 -3.005018 9.375586
v -5.740653 -2.978407 9.953713
v -5.730826 -2.947959 10.586010
v -5.719329 -2.919129 11.157665
v -5.704848 -2.888236 11.743735
v -5.687290 -2.855547 12.336648
v -5.665433 -2.819583 12.959658
v -5.638695 -2.779852 13.625894
v -5.591641 -2.718951 14.630474
v -5.559750 -2.682049 15.248460
v -5.525107 -2.646463 15.866370
v -5.494679 -2.618720 16.372913
v -5.464367 -2.594255 16.837437
v -5.433741 -2.572084 17.267591
v -5.401433 -2.550797 17.680426
v -5.368120 -2.530305 18.069546
v -5.332940 -2.509680 18.446032
v -5.295256 -2.488250 18.816450
v -5.254552 -2.465482 19.185089
v -5.210315 -2.440973 19.555084
v -5.162028 -2.414553 19.928001
v -5.109228 -2.386241 20.303768
v -5.051467 -2.356148 20.680939
v -4.988296 -2.324363 21.059181
v -4.919313 -2.291053 21.436274
v -4.844617 -2.256430 21.812283
v -4.763764 -2.220660 22.184437
v -4.917242 -1.995923 1.299195
v -5.089857 -2.162590 1.744698
v -5.225885 -2.312971 2.213130
v -5.330669 -2.442699 2.693483
v -5.409801 -2.549843 3.178522
v -5.470512 -2.638573 3.682325
v -5.516736 -2.708701 4.197312
v -5.555290 -2.764116 4.746428
v -5.588204 -2.805131 5.335417
v -5.611296 -2.827843 5.875036
v -5.630169 -2.840350 6.456367
v -5.642974 -2.841701 7.032031
v -5.650918 -2.833126 7.649096
v -5.653372 -2.817850 8.211617
v -5.651865 -2.795981 8.816864
v -5.647305 -2.772787 9.375654
v -5.639975 -2.747329 9.954498
v -5.629007 -2.718303 10.587642
v -5.616254 -2.690943 11.159805
v -5.600356 -2.661771 11.745850
v -5.581313 -2.631071 12.337898
v -5.557930 -2.597523 12.958901
v -5.529661 -2.560781 13.622436
v -5.480613 -2.505503 14.626033
v -5.447709 -2.472775 15.246966
v -5.412629 -2.442442 15.867899
v -5.381790 -2.419505 16.386698
v -5.351536 -2.400318 16.863636
v -5.321348 -2.383792 17.306543
v -5.289864 -2.368651 17.732336
v -5.257608 -2.354530 18.134920
v -5.223716 -2.340596 18.525124
v -5.187551 -2.326236 18.909218
v -5.148594 -2.310958 19.291220
v -5.106334 -2.294407 19.674082
v -5.060266 -2.276475 20.059309
v -5.009943 -2.257251 20.446852
v -4.954910 -2.236896 20.835487
v -4.894751 -2.215574 21.224882
v -4.829000 -2.193478 21.613323
v -4.757938 -2.170883 21.999886
v -4.681010 -2.147962 22.382675
v -4.792109 -1.866378 1.230824
v -4.964625 -2.014595 1.690523
v -5.101394 -2.148396 2.171458
v -5.207544 -2.263657 2.663385
v -5.288456 -2.358545 3.159273
v -5.351215 -2.436834 3.672763
v -5.399515 -2.498462 4.195238
v -5.440050 -2.546953 4.749009
v -5.474749 -2.582584 5.339705
v -5.499177 -2.601946 5.878875
v -5.519221 -2.612045 6.458827
v -5.532908 -2.612042 7.033051
v -5.541493 -2.602906 7.649074
v -5.544226 -2.587782 8.211185
v -5.542687 -2.566578 8.816485
v -5.537767 -2.544301 9.375719
v -5.529751 -2.519974 9.955278
v -5.517732 -2.492381 10.589239
v -5.503837 -2.466525 11.161870
v -5.486663 -2.439121 11.747855
v -5.466302 -2.410469 12.339032
v -5.441587 -2.379399 12.958063
v -5.412014 -2.345703 13.618965
v -5.361344 -2.296109 14.621646
v -5.327675 -2.267576 15.245496
v -5.292407 -2.242391 15.869394
v -5.261384 -2.224248 16.400223
v -5.231404 -2.210248 16.889336
v -5.201853 -2.199213 17.344751
v -5.171373 -2.189994 17.783243
v -5.140345 -2.181999 18.199039
v -5.107905 -2.174487 18.602720
v -5.073422 -2.166909 19.000271
v -5.036377 -2.158816 19.395458
v -4.996264 -2.149900 19.791048
v -4.952591 -2.140119 20.188498
v -4.904931 -2.129620 20.587772
v -4.852824 -2.118623 20.987850
v -4.795881 -2.107357 21.388390
v -4.733596 -2.096064 21.788128
v -4.666374 -2.085007 22.185318
v -4.593580 -2.074413 22.578827
v -4.661919 -1.739269 1.168240
v -4.833941 -1.869865 1.640910
v -4.971074 -1.987826 2.133250
v -5.078239 -2.089256 2.635756
v -5.160605 -2.172415 3.141596
v -5.225103 -2.240695 3.663989
v -5.275198 -2.294152 4.193340
v -5.317448 -2.335957 4.751355
v -5.353688 -2.366351 5.343554
v -5.379264 -2.382418 5.882248
v -5.400308 -2.390112 6.460878
v -5.414742 -2.388717 7.033764
v -5.423861 -2.378948 7.648856
v -5.426813 -2.363898 8.210649
v -5.425217 -2.343278 8.816073
v -5.419955 -2.321862 9.375779
v -5.411308 -2.298637 9.956047
v -5.398340 -2.272472 10.590784
v -5.383427 -2.248134 11.163841
v -5.365131 -2.222525 11.749737
v -5.343627 -2.195950 12.340045
v -5.317781 -2.167385 12.957156
v -5.287134 -2.136750 13.615518
v -5.235210 -2.092825 14.617357
v -5.201015 -2.068452 15.244061
v -5.165788 -2.048254 15.870844
v -5.134795 -2.034833 16.413364
v -5.105278 -2.025868 16.914299
v -5.076532 -2.020110 17.381857
v -5.047204 -2.016536 17.832664
v -5.017537 -2.014366 18.261295
v -4.986674 -2.012953 18.678083
v -4.953991 -2.011808 19.088751
v -4.918976 -2.010531 19.496811
v -4.881131 -2.008862 19.904865
v -4.839977 -2.006817 20.314318
v -4.795103 -2.004602 20.725151
v -4.746054 -2.002496 21.136515
v -4.692461 -2.000781 21.548073
v -4.633800 -1.999767 21.958939
v -4.570546 -1.999657 22.366701
v -4.502015 -2.000756 22.770885
v -4.525888 -1.613807 1.110532
v -4.697005 -1.727433 1.595139
v -4.834120 -1.830135 2.097958
v -4.941948 -1.918233 2.610205
v -5.025448 -1.990075 3.125242
v -5.091387 -2.048681 3.655877
v -5.143008 -2.094221 4.191590
v -5.186724 -2.129519 4.753502
v -5.224275 -2.154781 5.347031
v -5.250822 -2.167587 5.885220
v -5.272708 -2.172868 6.462575
v -5.287766 -2.170039 7.034208
v -5.297320 -2.159571 7.648465
v -5.300437 -2.144528 8.210018
v -5.298766 -2.124426 8.815629
v -5.293179 -2.103827 9.375835
v -5.283956 -2.081684 9.956805
v -5.270134 -2.056951 10.592287
v -5.254320 -2.034153 11.165734
v -5.235044 -2.010372 11.751513
v -5.212560 -1.985912 12.340950
v -5.185772 -1.959887 12.956181
v -5.154262 -1.932341 13.612074
v -5.101427 -1.894095 14.613132
v -5.066928 -1.873866 15.242646
v -5.031948 -1.858528 15.872258
v -5.001181 -1.849775 16.426216
v -4.972301 -1.845722 16.938713
v -4.944510 -1.845066 17.418148
v -4.916465 -1.846905 17.880991
v -4.888279 -1.850309 18.322176
v -4.859105 -1.854722 18.751808
v -4.828331 -1.859720 19.175350
v -4.795454 -1.864949 19.596073
v -4.759984 -1.870197 20.016420
v -4.721461 -1.875540 20.437742
v -4.679487 -1.881236 20.860037
v -4.633615 -1.887623 21.282612
v -4.583498 -1.895034 21.705133
v -4.528600 -1.903849 22.127029
v -4.469433 -1.914183 22.545368
v -4.405286 -1.926443 22.960249
v -4.384325 -1.490371 1.057427
v -4.554109 -1.587671 1.552997
v -4.690810 -1.675686 2.065423
v -4.798939 -1.750947 2.586618
v -4.883241 -1.811881 3.110137
v -4.950315 -1.861148 3.648391
v -5.003184 -1.899025 4.189981
v -5.048111 -1.927999 4.755463
v -5.086741 -1.948241 5.350158
v -5.114083 -1.957826 5.887822
v -5.136653 -1.960696 6.463950
v -5.152213 -1.956402 7.034408
v -5.162110 -1.945181 7.647921
v -5.165345 -1.930085 8.209305
v -5.163582 -1.910441 8.815160
v -5.157692 -1.890620 9.375887
v -5.147951 -1.869538 9.957553
v -5.133377 -1.846241 10.593746
v -5.116779 -1.824999 11.167547
v -5.096668 -1.803071 11.753183
v -5.073368 -1.780752 12.341748
v -5.045823 -1.757290 12.955141
v -5.013658 -1.732845 13.608641
v -4.960243 -1.700261 14.608979
v -4.925650 -1.684140 15.241257
v -4.891107 -1.673521 15.873638
v -4.860748 -1.669362 16.438766
v -4.832658 -1.670080 16.962547
v -4.805953 -1.674338 17.453571
v -4.779300 -1.681349 17.928160
v -4.752690 -1.690068 18.381611
v -4.725291 -1.700030 18.823803
v -4.696508 -1.710872 19.259954
v -4.665848 -1.722287 19.693110
v -4.632834 -1.734115 20.125547
v -4.597020 -1.746486 20.558578
v -4.558027 -1.759707 20.992207
v -4.515416 -1.774177 21.425888
v -4.468857 -1.790271 21.859285
v -4.417820 -1.808445 22.292091
v -4.362816 -1.828710 22.720984
v -4.303132 -1.851583 23.146542
v -4.237539 -1.369338 1.008654
v -4.405546 -1.450948 1.514270
v -4.541423 -1.524845 2.035486
v -4.649475 -1.587757 2.564883
v -4.734239 -1.638188 3.096213
v -4.802131 -1.678449 3.641496
v -4.855967 -1.708920 4.188502
v -4.901845 -1.731755 4.757247
v -4.941319 -1.747098 5.352962
v -4.969279 -1.753513 5.890083
v -4.992378 -1.753982 6.465032
v -5.008319 -1.748202 7.034393
v -5.018470 -1.736182 7.647244
v -5.021777 -1.720982 8.208524
v -5.019912 -1.701744 8.814669
v -5.013748 -1.682665 9.375935
v -5.003551 -1.662626 9.958283
v -4.988329 -1.640761 10.595156
v -4.971071 -1.621087 11.169277
v -4.950270 -1.601027 11.754748
v -4.926316 -1.580866 12.342446
v -4.898198 -1.559978 12.954046
v -4.865584 -1.538631 13.605227
v -4.811906 -1.511664 14.604904
v -4.777419 -1.499596 15.239893
v -4.743486 -1.493542 15.874979
v -4.713700 -1.493881 16.450989
v -4.686535 -1.499213 16.985760
v -4.661024 -1.508182 17.488075
v -4.635848 -1.520116 17.974098
v -4.610887 -1.533884 18.439507
v -4.585327 -1.549109 18.893963
v -4.558590 -1.565488 19.342445
v -4.530197 -1.582763 19.787773
v -4.499687 -1.600823 20.232082
v -4.466631 -1.619851 20.676634
v -4.430665 -1.640201 21.121449
v -4.391361 -1.662329 21.566095
v -4.348406 -1.686649 22.010250
v -4.301281 -1.713691 22.453821
v -4.250476 -1.743360 22.893208
v -4.195288 -1.776284 23.329391
v -4.085839 -1.251088 0.963939
v -4.251610 -1.317635 1.478745
v -4.386239 -1.377975 2.007984
v -4.493824 -1.429022 2.544889
v -4.578696 -1.469352 3.083397
v -4.647082 -1.500939 3.635155
v -4.701595 -1.524259 4.187148
v -4.748158 -1.541148 4.758870
v -4.788239 -1.551717 5.355468
v -4.816640 -1.555019 5.892034
v -4.840113 -1.553110 6.465851
v -4.856321 -1.545833 7.034189
v -4.866640 -1.532980 7.646455
v -4.869977 -1.517634 8.207687
v -4.868007 -1.498755 8.814162
v -4.861599 -1.480384 9.375978
v -4.851014 -1.461369 9.958999
v -4.835253 -1.440934 10.596514
v -4.817458 -1.422832 11.170923
v -4.796115 -1.404649 11.756207
v -4.771672 -1.386651 12.343044
v -4.743163 -1.368335 12.952898
v -4.710299 -1.350068 13.601842
v -4.656667 -1.328648 14.600914
v -4.622473 -1.320557 15.238557
v -4.589306 -1.318901 15.876281
v -4.560242 -1.323620 16.462868
v -4.534118 -1.333390 17.008320
v -4.509888 -1.346856 17.521608
v -4.486252 -1.363454 18.018745
v -4.462989 -1.381997 18.495783
v -4.439305 -1.402190 18.962185
v -4.414644 -1.423793 19.422691
v -4.388543 -1.446592 19.879917
v -4.360557 -1.470527 20.335850
v -4.330275 -1.495830 20.791710
v -4.297346 -1.522899 21.247524
v -4.261358 -1.552248 21.702974
v -4.222012 -1.584321 22.157745
v -4.178806 -1.619724 22.611916
v -4.132195 -1.658254 23.061701
v -4.081492 -1.700655 23.508425
v -3.929536 -1.135999 0.923011
v -4.092595 -1.188103 1.446208
v -4.225534 -1.235440 1.982760
v -4.332252 -1.275101 2.526523
v -4.416868 -1.305728 3.071618
v -4.485415 -1.328972 3.629332
v -4.540307 -1.345399 4.185907
v -4.587288 -1.356536 4.760342
v -4.627735 -1.362466 5.357701
v -4.656400 -1.362722 5.893705
v -4.680093 -1.358464 6.466440
v -4.696452 -1.349689 7.033823
v -4.706859 -1.335979 7.645575
v -4.710191 -1.320453 8.206808
v -4.708113 -1.301894 8.813648
v -4.701499 -1.284202 9.376020
v -4.690597 -1.266194 9.959691
v -4.674409 -1.247180 10.597816
v -4.656205 -1.230649 11.172481
v -4.634470 -1.214343 11.757562
v -4.609702 -1.198505 12.343546
v -4.580982 -1.182745 12.951706
v -4.548064 -1.167524 13.598492
v -4.494772 -1.151553 14.597015
v -4.461049 -1.147346 15.237248
v -4.428786 -1.149907 15.877542
v -4.400579 -1.158868 16.474386
v -4.375591 -1.172884 17.030191
v -4.352708 -1.190618 17.554123
v -4.330652 -1.211612 18.062037
v -4.309111 -1.234645 18.550364
v -4.287317 -1.259506 19.028368
v -4.264736 -1.286010 19.500578
v -4.240923 -1.313989 19.969400
v -4.215450 -1.343430 20.436687
v -4.187924 -1.374615 20.903614
v -4.158010 -1.407982 21.370220
v -4.125311 -1.444099 21.836281
v -4.089540 -1.483441 22.301493
v -4.050218 -1.526680 22.766066
v -4.007750 -1.573517 23.226124
v -3.961481 -1.624804 23.683268
v -3.768938 -1.024450 0.885598
v -3.928792 -1.062722 1.416445
v -4.059588 -1.097603 1.959652
v -4.165023 -1.126351 2.509672
v -4.249011 -1.147671 3.060805
v -4.317374 -1.162902 3.623991
v -4.372343 -1.172696 4.184774
v -4.419466 -1.178280 4.761674
v -4.460038 -1.179711 5.359685
v -4.488789 -1.176994 5.895125
v -4.512549 -1.170430 6.466827
v -4.528949 -1.160166 7.033322
v -4.539364 -1.145584 7.644623
v -4.542659 -1.129853 8.205899
v -4.540480 -1.111581 8.813128
v -4.533700 -1.094544 9.376058
v -4.522557 -1.077525 9.960361
v -4.506060 -1.059921 10.599058
v -4.487577 -1.044955 11.173949
v -4.465600 -1.030517 11.758810
v -4.440670 -1.016823 12.343956
v -4.411920 -1.003591 12.950476
v -4.379140 -0.991368 13.595187
v -4.326470 -0.980721 14.593216
v -4.293384 -0.980284 15.235971
v -4.262148 -0.986870 15.878761
v -4.234912 -0.999911 16.485525
v -4.211136 -1.017965 17.051344
v -4.189645 -1.039726 17.585569
v -4.169186 -1.064839 18.103907
v -4.149369 -1.092070 18.603165
v -4.129456 -1.121288 19.092421
v -4.108932 -1.152360 19.575987
v -4.087375 -1.185165 20.056080
v -4.064374 -1.219735 20.534422
v -4.039556 -1.256397 21.012148
v -4.012599 -1.295628 21.489309
v -3.983126 -1.338048 21.965759
v -3.950857 -1.384158 22.441208
v -3.915339 -1.434694 22.915968
v -3.876925 -1.489269 23.386137
v -3.834991 -1.548841 23.853544
v -3.604355 -0.916819 0.851425
v -3.760497 -0.941864 1.389245
v -3.888681 -0.964829 1.938501
v -3.992406 -0.983133 2.494226
v -4.075379 -0.995538 3.050887
v -4.143208 -1.003083 3.619097
v -4.197942 -1.006503 4.183739
v -4.244929 -1.006738 4.762880
v -4.285380 -1.003819 5.361445
v -4.314039 -0.998212 5.896326
v -4.337716 -0.989391 6.467043
v -4.354047 -0.977658 7.032714
v -4.364397 -0.962202 7.643620
v -4.367626 -0.946247 8.204976
v -4.365355 -0.928237 8.812611
v -4.358455 -0.911832 9.376092
v -4.347152 -0.895784 9.961003
v -4.330466 -0.879578 10.600238
v -4.311838 -0.866164 11.175324
v -4.289771 -0.853578 11.759953
v -4.264845 -0.842003 12.344275
v -4.236240 -0.831258 12.949210
v -4.203787 -0.821968 13.591935
v -4.152010 -0.816495 14.589521
v -4.119713 -0.819696 15.234726
v -4.089613 -0.830098 15.879936
v -4.063447 -0.847038 16.496269
v -4.040936 -0.868906 17.071747
v -4.020862 -0.894439 17.615900
v -4.001994 -0.923384 18.144295
v -3.983881 -0.954512 18.654106
v -3.965812 -0.987766 19.154234
v -3.947298 -1.023066 19.648794
v -3.927936 -1.060333 20.139812
v -3.907337 -1.099642 20.628891
v -3.885146 -1.141366 21.117125
v -3.861055 -1.186016 21.604572
v -3.834705 -1.234260 22.091158
v -3.805827 -1.286625 22.576609
v -3.773993 -1.343902 23.061316
v -3.739498 -1.405635 23.541403
v -3.701760 -1.472873 24.018885
v -3.436097 -0.813486 0.820222
v -3.588001 -0.825898 1.364392
v -3.713090 -0.837482 1.919148
v -3.814664 -0.845805 2.480069
v -3.896227 -0.849683 3.041793
v -3.963161 -0.849870 3.614613
v -4.017343 -0.847178 4.182794
v -4.063911 -0.842271 4.763972
v -4.103992 -0.835155 5.363008
v -4.132382 -0.826749 5.897336
v -4.155825 -0.815732 6.467120
v -4.171982 -0.802558 7.032025
v -4.182196 -0.786235 7.642587
v -4.185336 -0.770049 8.204049
v -4.182987 -0.752283 8.812100
v -4.176016 -0.736490 9.376122
v -4.164639 -0.721398 9.961617
v -4.147890 -0.706572 10.601350
v -4.129251 -0.694693 11.176605
v -4.107249 -0.683932 11.760989
v -4.082491 -0.674441 12.344507
v -4.054207 -0.666130 12.947920
v -4.022265 -0.659695 13.588744
v -3.971640 -0.659215 14.585939
v -3.940275 -0.665903 15.233514
v -3.911400 -0.679902 15.881064
v -3.886384 -0.700537 16.506596
v -3.865176 -0.725978 17.091362
v -3.846519 -0.755016 17.645069
v -3.829216 -0.787496 18.183134
v -3.812762 -0.822209 18.703108
v -3.796477 -0.859171 19.213717
v -3.779899 -0.898349 19.718882
v -3.762645 -0.939703 20.220455
v -3.744346 -0.983353 20.719923
v -3.724669 -1.029710 21.218346
v -3.703319 -1.079320 21.715784
v -3.679953 -1.132897 22.212227
v -3.654315 -1.190991 22.707420
v -3.626000 -1.254441 23.201803
v -3.595251 -1.322735 23.691580
v -3.561524 -1.397010 24.178909
v -3.264472 -0.714828 0.791716
v -3.411598 -0.715196 1.341673
v -3.533095 -0.715925 1.901432
v -3.632066 -0.714725 2.467093
v -3.711812 -0.710462 3.033452
v -3.777480 -0.703616 3.610503
v -3.830786 -0.695075 4.181930
v -3.876645 -0.685236 4.764961
v -3.916108 -0.674086 5.364397
v -3.944048 -0.662980 5.898187
v -3.967109 -0.649838 6.467088
v -3.982987 -0.635263 7.031283
v -3.992999 -0.618091 7.641545
v -3.996032 -0.601672 8.203134
v -3.993625 -0.584137 8.811604
v -3.986639 -0.568944 9.376150
v -3.975276 -0.554791 9.962197
v -3.958592 -0.541325 10.602392
v -3.940083 -0.530956 11.177790
v -3.918301 -0.521988 11.761921
v -3.893876 -0.514533 12.344655
v -3.866087 -0.508591 12.946609
v -3.834834 -0.504915 13.585626
v -3.785608 -0.509223 14.582475
v -3.755304 -0.519227 15.232339
v -3.727730 -0.536589 15.882146
v -3.703927 -0.560698 16.516495
v -3.684036 -0.589454 17.110159
v -3.666778 -0.621717 17.673023
v -3.650990 -0.657425 18.220367
v -3.636128 -0.695404 18.750093
v -3.621543 -0.735734 19.270767
v -3.606800 -0.778429 19.786127
v -3.591537 -0.823487 20.297867
v -3.575410 -0.871066 20.807354
v -3.558100 -0.921617 21.315617
v -3.539329 -0.975717 21.822723
v -3.518773 -1.034123 22.328716
v -3.496184 -1.097405 22.833359
v -3.471184 -1.166446 23.337128
v -3.443965 -1.240694 23.836332
v -3.414021 -1.321359 24.333250
v -3.089791 -0.621225 0.765635
v -3.231583 -0.610128 1.320875
v -3.348974 -0.600523 1.885193
v -3.444876 -0.590252 2.455182
v -3.522387 -0.578230 3.025793
v -3.586411 -0.564676 3.606731
v -3.638509 -0.550549 4.181139
v -3.683367 -0.535995 4.765860
v -3.721958 -0.520980 5.365636
v -3.749271 -0.507281 5.898906
v -3.771801 -0.492093 6.466976
v -3.787300 -0.476166 7.030514
v -3.797048 -0.458173 7.640512
v -3.799956 -0.441529 8.202240
v -3.797517 -0.424222 8.811124
v -3.790574 -0.409615 9.376176
v -3.779319 -0.396386 9.962742
v -3.762834 -0.384257 10.603360
v -3.744595 -0.375369 11.178874
v -3.723191 -0.368152 11.762747
v -3.699265 -0.362678 12.344722
v -3.672143 -0.359024 12.945282
v -3.641756 -0.357999 13.582584
v -3.594161 -0.366861 14.579138
v -3.565035 -0.379992 15.231203
v -3.538824 -0.400471 15.883179
v -3.516277 -0.427808 16.525946
v -3.497698 -0.459607 17.128111
v -3.481798 -0.494803 17.699724
v -3.467454 -0.533422 18.255934
v -3.454093 -0.574335 18.794983
v -3.441100 -0.617685 19.325287
v -3.428066 -0.663528 19.850418
v -3.414652 -0.711894 20.371904
v -3.400533 -0.762981 20.891018
v -3.385413 -0.817275 21.408749
v -3.369026 -0.875382 21.925173
v -3.351068 -0.938098 22.440378
v -3.331299 -1.006015 22.954147
v -3.309368 -1.080055 23.466980
v -3.285419 -1.159633 23.975319
v -3.258986 -1.246030 24.481529
v -2.905994 -0.529974 0.740922
v -3.041665 -0.507611 1.301158
v -3.154257 -0.487850 1.869781
v -3.246483 -0.468660 2.443866
v -3.321234 -0.449005 3.018512
v -3.383151 -0.428847 3.603147
v -3.433646 -0.409216 4.180389
v -3.477157 -0.390011 4.766706
v -3.514579 -0.371179 5.366788
v -3.541054 -0.354916 5.899543
v -3.562883 -0.337703 6.466806
v -3.577885 -0.320439 7.029716
v -3.587297 -0.301635 7.639475
v -3.590066 -0.284773 8.201353
v -3.587622 -0.267703 8.810651
v -3.580791 -0.253695 9.376199
v -3.569750 -0.241405 9.963265
v -3.553614 -0.230632 10.604281
v -3.535805 -0.223241 11.179891
v -3.514959 -0.217785 11.763492
v -3.491721 -0.214291 12.344709
v -3.465469 -0.212910 12.943901
v -3.436157 -0.214501 13.579530
v -3.390483 -0.227808 14.575821
v -3.362691 -0.243960 15.230068
v -3.337940 -0.267395 15.884195
v -3.316722 -0.297801 16.535242
v -3.299478 -0.332451 17.145771
v -3.284923 -0.370366 17.725998
v -3.271980 -0.411659 18.290936
v -3.260058 -0.455257 18.839170
v -3.248577 -0.501361 19.378973
v -3.237157 -0.550067 19.913748
v -3.225481 -0.601439 20.444872
v -3.213248 -0.655708 20.973507
v -3.200179 -0.713395 21.500622
v -3.186026 -0.775136 22.026297
v -3.170502 -0.841765 22.550659
v -3.153379 -0.913892 23.073511
v -3.134331 -0.992474 23.595362
v -3.113461 -1.076911 24.112812
v -3.090341 -1.168542 24.628298
v -2.729837 -0.449169 0.719609
v -2.859194 -0.416738 1.284147
v -2.966762 -0.387899 1.856469
v -3.055070 -0.360736 2.434080
v -3.126817 -0.334253 3.012213
v -3.186382 -0.308183 3.600047
v -3.235050 -0.283622 4.179742
v -3.277010 -0.260248 4.767433
v -3.313092 -0.237989 5.367761
v -3.338609 -0.219424 5.900054
v -3.359639 -0.200391 6.466606
v -3.374081 -0.181925 7.028968
v -3.383123 -0.162395 7.638530
v -3.385750 -0.145344 8.200555
v -3.383330 -0.128498 8.810229
v -3.376663 -0.115045 9.376218
v -3.365915 -0.103622 9.963722
v -3.350238 -0.094099 10.605077
v -3.332969 -0.088079 11.180753
v -3.312797 -0.084231 11.764098
v -3.290363 -0.082536 12.344630
v -3.265090 -0.083206 12.942598
v -3.236952 -0.087138 13.576741
v -3.193299 -0.104384 14.572828
v -3.166863 -0.123186 15.229041
v -3.143532 -0.149168 15.885105
v -3.123590 -0.182216 16.543560
v -3.107583 -0.219288 17.161570
v -3.094240 -0.259485 17.749500
v -3.082533 -0.303001 18.322248
v -3.071863 -0.348820 18.878708
v -3.061686 -0.397194 19.427019
v -3.051648 -0.448253 19.970442
v -3.041454 -0.502089 20.510218
v -3.030822 -0.558964 21.047421
v -3.019495 -0.619428 21.582985
v -3.007236 -0.684145 22.117001
v -2.993778 -0.753978 22.649628
v -2.978904 -0.829559 23.180691
v -2.962311 -0.911872 23.710695
v -2.944067 -1.000308 24.236401
v -2.923782 -1.096261 24.760296
v -2.545781 -0.371355 0.699627
v -2.668119 -0.329143 1.268189
v -2.770041 -0.291483 1.843968
v -2.853886 -0.256568 2.424879
v -2.922155 -0.223444 3.006287
v -2.978953 -0.191620 3.597133
v -3.025437 -0.162258 4.179135
v -3.065536 -0.134819 4.768110
v -3.100010 -0.109219 5.368655
v -3.124382 -0.088404 5.900497
v -3.144460 -0.067594 6.466367
v -3.158237 -0.047954 7.028212
v -3.166846 -0.027718 7.637594
v -3.169317 -0.010487 8.199773
v -3.166949 0.006129 8.809819
v -3.160509 0.019024 9.376236
v -3.150151 0.029576 9.964157
v -3.135067 0.037851 10.605824
v -3.118483 0.042505 11.181552
v -3.099147 0.044761 11.764633
v -3.077688 0.044682 12.344489
v -3.053574 0.042001 12.941268
v -3.026798 0.035788 13.573977
v -2.985422 0.014747 14.569892
v -2.960477 -0.006581 15.228027
v -2.938649 -0.034948 15.885989
v -2.920044 -0.070471 16.551643
v -2.905286 -0.109774 17.176926
v -2.893138 -0.152052 17.772350
v -2.882621 -0.197570 18.352697
v -2.873141 -0.245380 18.917164
v -2.864192 -0.295782 19.473768
v -2.855443 -0.348934 20.025623
v -2.846624 -0.404957 20.573841
v -2.837474 -0.464142 21.119413
v -2.827754 -0.527066 21.663248
v -2.817245 -0.594417 22.205437
v -2.805696 -0.667092 22.746174
v -2.792902 -0.745739 23.285301
v -2.778584 -0.831366 23.823320
v -2.762782 -0.923370 24.357155
v -2.745139 -1.023186 24.889330
v -2.359462 -0.299164 0.681598
v -2.474303 -0.247794 1.253782
v -2.570138 -0.201874 1.832668
v -2.649121 -0.159699 2.416553
v -2.713554 -0.120350 3.000921
v -2.767262 -0.083131 3.594495
v -2.811280 -0.049263 4.178587
v -2.849270 -0.018006 4.768717
v -2.881923 0.010736 5.369442
v -2.905002 0.033666 5.900862
v -2.924006 0.056149 6.466101
v -2.937037 0.076892 7.027473
v -2.945165 0.097791 7.636704
v -2.947473 0.115185 8.199035
v -2.945181 0.131574 8.809436
v -2.939022 0.143928 9.376251
v -2.929135 0.153642 9.964554
v -2.914760 0.160716 10.606501
v -2.898980 0.164061 11.182261
v -2.880612 0.164796 11.765080
v -2.860266 0.163032 12.344296
v -2.837453 0.158453 12.939963
v -2.812181 0.150099 13.571339
v -2.773265 0.125535 14.567115
v -2.749897 0.101887 15.227065
v -2.729609 0.071370 15.886817
v -2.712360 0.033619 16.559212
v -2.698829 -0.007660 17.191305
v -2.687822 -0.051756 17.793753
v -2.678416 -0.099005 18.381226
v -2.670031 -0.148525 18.953201
v -2.662197 -0.200657 19.517584
v -2.654611 -0.255591 20.077360
v -2.647023 -0.313469 20.633518
v -2.639195 -0.374609 21.186974
v -2.630906 -0.439613 21.738607
v -2.621951 -0.509193 22.288513
v -2.612101 -0.584272 22.836918
v -2.601163 -0.665519 23.383675
v -2.588878 -0.753963 23.929281
v -2.575265 -0.849008 24.470823
v -2.560000 -0.952130 25.010855
v -2.166105 -0.230956 0.665048
v -2.272792 -0.170852 1.240550
v -2.361959 -0.117053 1.822276
v -2.435567 -0.067951 2.408885
v -2.495721 -0.022660 2.995978
v -2.545947 0.019713 3.592066
v -2.587164 0.057889 4.178083
v -2.622751 0.092798 4.769271
v -2.653333 0.124547 5.370147
v -2.674941 0.149504 5.901161
v -2.692728 0.173591 6.465807
v -2.704916 0.195392 7.026742
v -2.712504 0.216923 7.635839
v -2.714636 0.234467 8.198326
v -2.712448 0.250629 8.809072
v -2.706628 0.262451 9.376265
v -2.697304 0.271341 9.964924
v -2.683766 0.277239 10.607122
v -2.668927 0.279307 11.182899
v -2.651680 0.278565 11.765459
v -2.632607 0.275171 12.344058
v -2.611265 0.268765 12.938663
v -2.587672 0.258366 13.568776
v -2.551458 0.230472 14.564444
v -2.529792 0.204656 15.226134
v -2.511116 0.172165 15.887608
v -2.495276 0.132377 16.566433
v -2.482982 0.089319 17.205027
v -2.473094 0.043612 17.814177
v -2.464753 -0.005151 18.408451
v -2.457400 -0.056155 18.987602
v -2.450604 -0.109781 19.559422
v -2.444088 -0.166245 20.126776
v -2.437626 -0.225711 20.690540
v -2.431000 -0.288518 21.251549
v -2.424009 -0.355296 21.810669
v -2.416466 -0.426775 22.367996
v -2.408158 -0.503907 22.923779
v -2.398906 -0.587377 23.477890
v -2.388475 -0.678235 24.030809
v -2.376867 -0.775899 24.579792
v -2.363788 -0.881878 25.127415
v -1.979832 -0.171470 0.651034
v -2.078344 -0.103677 1.229338
v -2.160783 -0.042941 1.813458
v -2.228935 0.012263 2.402370
v -2.284710 0.062791 2.991775
v -2.331345 0.109709 3.590002
v -2.369657 0.151685 4.177657
v -2.402746 0.189818 4.769737
v -2.431176 0.224225 5.370728
v -2.451258 0.250975 5.901383
v -2.467784 0.276480 6.465515
v -2.479100 0.299215 7.026075
v -2.486135 0.321303 7.635067
v -2.488093 0.338975 8.197697
v -2.486025 0.354926 8.808749
v -2.480574 0.366266 9.376276
v -2.471855 0.374410 9.965242
v -2.459211 0.379248 10.607651
v -2.445369 0.380167 11.183432
v -2.429301 0.378101 11.765751
v -2.411556 0.373253 12.343799
v -2.391735 0.365226 12.937471
v -2.369860 0.353024 13.566480
v -2.336375 0.322225 14.562069
v -2.316404 0.294538 15.225305
v -2.299296 0.260375 15.888304
v -2.284816 0.218868 16.572788
v -2.273679 0.174338 17.217108
v -2.264815 0.127316 17.832159
v -2.257424 0.077336 18.432428
v -2.250976 0.025151 19.017904
v -2.245078 -0.029658 19.596285
v -2.239477 -0.087324 20.170328
v -2.233970 -0.148031 20.740812
v -2.228357 -0.212140 21.308508
v -2.222457 -0.280298 21.874260
v -2.216098 -0.353257 22.438169
v -2.209086 -0.431990 23.000504
v -2.201256 -0.517199 23.561153
v -2.192393 -0.609950 24.120581
v -2.182486 -0.709678 24.676191
v -2.171272 -0.817920 25.230577
v -1.786829 -0.116061 0.638365
v -1.876577 -0.041037 1.219196
v -1.951770 0.026224 1.805470
v -2.014009 0.087168 2.396459
v -2.065012 0.142625 2.987960
v -2.107711 0.193823 3.588130
v -2.142823 0.239380 4.177270
v -2.173157 0.280553 4.770155
v -2.199215 0.317469 5.371237
v -2.217617 0.345910 5.901554
v -2.232754 0.372754 6.465208
v -2.243113 0.396372 7.025425
v -2.249544 0.418982 7.634328
v -2.251318 0.436771 8.197102
v -2.249393 0.452516 8.808447
v -2.244362 0.463388 9.376286
v -2.236329 0.470812 9.965533
v -2.224691 0.474629 10.608130
v -2.211965 0.474447 11.183904
v -2.197209 0.471115 11.765987
v -2.180934 0.464882 12.343513
v -2.162782 0.455320 12.936309
v -2.142782 0.441420 13.564284
v -2.112238 0.407913 14.559818
v -2.094074 0.378503 15.224514
v -2.078603 0.342827 15.888958
v -2.065532 0.299773 16.578766
v -2.055567 0.253943 17.228466
v -2.047711 0.205780 17.849070
v -2.041235 0.154762 18.454977
v -2.035645 0.101579 19.046404
v -2.030583 0.045780 19.630964
v -2.025825 -0.012885 20.211315
v -2.021187 -0.074619 20.788145
v -2.016492 -0.139798 21.362158
v -2.011577 -0.209091 21.934183
v -2.006285 -0.283265 22.504326
v -2.000443 -0.363316 23.072872
v -1.993898 -0.449961 23.639725
v -1.986460 -0.544280 24.205334
v -1.978107 -0.645730 24.767248
v -1.968604 -0.755870 25.328064
v -1.592251 -0.066424 0.627365
v -1.672897 0.015143 1.210384
v -1.740532 0.088307 1.798519
v -1.796577 0.154448 2.391308
v -1.842557 0.214369 2.984632
v -1.881092 0.269445 3.586497
v -1.912806 0.318249 4.176935
v -1.940210 0.362181 4.770515
v -1.963747 0.401372 5.371665
v -1.980364 0.431351 5.901675
v -1.994029 0.459411 6.464902
v -2.003376 0.483828 7.024818
v -2.009169 0.506911 7.633650
v -2.010754 0.524801 8.196560
v -2.008992 0.540350 8.808173
v -2.004420 0.550787 9.376293
v -1.997129 0.557544 9.965792
v -1.986579 0.560416 10.608547
v -1.975053 0.559217 11.184304
v -1.961702 0.554722 11.766167
v -1.946993 0.547220 12.343214
v -1.930609 0.536260 12.935219
v -1.912582 0.520822 13.562267
v -1.885110 0.484890 14.557768
v -1.868813 0.453953 15.223791
v -1.855003 0.416961 15.889551
v -1.843354 0.372572 16.584171
v -1.834542 0.325641 17.238741
v -1.827657 0.276531 17.864370
v -1.822040 0.224670 18.475382
v -1.817240 0.170685 19.072201
v -1.812937 0.114101 19.662361
v -1.808932 0.054648 20.248430
v -1.805063 -0.007887 20.831013
v -1.801175 -0.073898 21.410769
v -1.797120 -0.144069 21.988503
v -1.792760 -0.219185 22.564323
v -1.787940 -0.300260 23.138533
v -1.782523 -0.388025 23.711046
v -1.776340 -0.483573 24.282297
v -1.769362 -0.586383 24.849974
v -1.761386 -0.698034 25.416674
v -1.396276 -0.022583 0.617959
v -1.467516 0.064823 1.202842
v -1.527317 0.143258 1.792560
v -1.576916 0.214039 2.386884
v -1.617648 0.277947 2.981773
v -1.651816 0.336490 3.585096
v -1.679956 0.388197 4.176647
v -1.704276 0.434597 4.770820
v -1.725161 0.475827 5.372017
v -1.739901 0.507182 5.901752
v -1.752019 0.536330 6.464603
v -1.760303 0.561463 7.024259
v -1.765431 0.584966 7.633036
v -1.766822 0.602942 8.196074
v -1.765239 0.618308 8.807930
v -1.761160 0.628346 9.376299
v -1.754665 0.634493 9.966017
v -1.745273 0.636503 10.608907
v -1.735023 0.634380 11.184640
v -1.723160 0.628831 11.766298
v -1.710102 0.620185 12.342914
v -1.695574 0.607969 12.934213
v -1.679608 0.591158 13.560441
v -1.655321 0.553082 14.555923
v -1.640946 0.520812 15.223138
v -1.628817 0.482693 15.890079
v -1.618601 0.437168 16.588989
v -1.610927 0.389323 17.247904
v -1.604978 0.339443 17.878017
v -1.600173 0.286911 18.493582
v -1.596102 0.232299 19.095213
v -1.592489 0.175109 19.690374
v -1.589159 0.115058 20.281555
v -1.585971 0.051918 20.869291
v -1.582788 -0.014715 21.454189
v -1.579482 -0.085541 22.037043
v -1.575933 -0.161360 22.617962
v -1.572004 -0.243200 23.197260
v -1.567575 -0.331809 23.774870
v -1.562495 -0.428288 24.351206
v -1.556737 -0.532138 24.924076
v -1.550121 -0.644957 25.496080
v -1.199080 0.015438 0.610072
v -1.260651 0.107966 1.196512
v -1.312372 0.191024 1.787550
v -1.355306 0.265876 2.383158
v -1.390593 0.333285 2.979363
v -1.420216 0.394872 3.583915
v -1.444627 0.449132 4.176406
v -1.465726 0.497701 4.771074
v -1.483842 0.540723 5.372301
v -1.496626 0.573288 5.901793
v -1.507132 0.603393 6.464320
v -1.514309 0.629154 7.023754
v -1.518747 0.653023 7.632489
v -1.519943 0.671071 8.195643
v -1.518553 0.686269 8.807716
v -1.514998 0.695947 9.376305
v -1.509343 0.701546 9.966208
v -1.501175 0.702786 10.609209
v -1.492265 0.699839 11.184916
v -1.481962 0.693351 11.766388
v -1.470630 0.683692 12.342623
v -1.458035 0.670368 12.933303
v -1.444207 0.652353 13.558817
v -1.423205 0.612418 14.554295
v -1.410797 0.579005 15.222558
v -1.400369 0.539938 15.890541
v -1.391596 0.493467 16.593208
v -1.385045 0.444878 17.255926
v -1.380003 0.394387 17.889967
v -1.375965 0.341339 18.509525
v -1.372574 0.286253 19.115377
v -1.369590 0.228614 19.714930
v -1.366865 0.168126 20.310602
v -1.364278 0.104552 20.902864
v -1.361713 0.037475 21.492285
v -1.359061 -0.033815 22.079649
v -1.356217 -0.110130 22.665066
v -1.353064 -0.192516 23.248857
v -1.349498 -0.281729 23.830967
v -1.345391 -0.378881 24.411795
v -1.340713 -0.483497 24.989260
v -1.335313 -0.597184 25.565960
v -1.000842 0.047616 0.603626
v -1.052513 0.144534 1.191334
v -1.095946 0.231553 1.783443
v -1.132023 0.309896 2.380099
v -1.161695 0.380308 2.977382
v -1.186620 0.444508 3.582945
v -1.207169 0.500957 4.176208
v -1.224932 0.551390 4.771279
v -1.240181 0.595950 5.372521
v -1.250938 0.629554 5.901806
v -1.259776 0.660481 6.464058
v -1.265812 0.686779 7.023308
v -1.269538 0.710960 7.632014
v -1.270535 0.729064 8.195272
v -1.269354 0.744112 8.807533
v -1.266348 0.753473 9.376308
v -1.261574 0.758592 9.966370
v -1.254682 0.759158 10.609459
v -1.247170 0.755493 11.185136
v -1.238488 0.748193 11.766444
v -1.228947 0.737656 12.342349
v -1.218350 0.723380 12.932502
v -1.206727 0.704334 13.557408
v -1.189095 0.662824 14.552893
v -1.178695 0.628456 15.222058
v -1.169982 0.588610 15.890938
v -1.162660 0.541371 16.596819
v -1.157220 0.492194 17.262789
v -1.153059 0.441235 17.900188
v -1.149752 0.387804 18.523163
v -1.146994 0.332377 19.132627
v -1.144588 0.274422 19.735935
v -1.142408 0.213633 20.335455
v -1.140356 0.149767 20.931604
v -1.138334 0.082397 21.524910
v -1.136252 0.010803 22.116150
v -1.134022 -0.065840 22.705437
v -1.131546 -0.148585 23.293100
v -1.128738 -0.238203 23.879091
v -1.125490 -0.335814 24.463797
v -1.121774 -0.440960 25.045231
v -1.117465 -0.555260 25.625988
v -0.801739 0.073927 0.598547
v -0.843319 0.174488 1.187250
v -0.878286 0.264795 1.780196
v -0.907347 0.346035 2.377674
v -0.931261 0.418940 2.975811
v -0.951360 0.485311 3.582177
v -0.967935 0.543581 4.176053
v -0.982264 0.595561 4.771438
v -0.994563 0.641400 5.372685
v -1.003237 0.675867 5.901797
v -1.010362 0.707475 6.463826
v -1.015225 0.734217 7.022928
v -1.018224 0.758652 7.631615
v -1.019020 0.776799 8.194963
v -1.018059 0.791715 8.807381
v -1.015625 0.800806 9.376311
v -1.011764 0.805518 9.966500
v -1.006194 0.805516 10.609657
v -1.000127 0.801247 11.185306
v -0.993119 0.793263 11.766474
v -0.985422 0.781995 12.342105
v -0.976878 0.766925 12.931821
v -0.967514 0.747028 13.556228
v -0.953324 0.704229 14.551724
v -0.944964 0.669088 15.221640
v -0.937979 0.628625 15.891265
v -0.932114 0.580785 16.599800
v -0.927776 0.531161 17.268461
v -0.924474 0.479859 17.908642
v -0.921866 0.426158 18.534439
v -0.919705 0.370500 19.146893
v -0.917832 0.312338 19.753317
v -0.916149 0.251361 20.356028
v -0.914575 0.187317 20.955399
v -0.913034 0.119775 21.551929
v -0.911452 0.048003 22.146391
v -0.909759 -0.028829 22.738895
v -0.907879 -0.111788 23.329781
v -0.905739 -0.201650 23.919010
v -0.903256 -0.299543 24.506948
v -0.900403 -0.405027 25.091696
v -0.897081 -0.519731 25.675838
v -0.601949 0.094347 0.594759
v -0.633280 0.197789 1.184199
v -0.659639 0.290697 1.777764
v -0.681554 0.374229 2.375854
v -0.699596 0.449108 2.974631
v -0.714765 0.517196 3.581600
v -0.727277 0.576908 4.175937
v -0.738094 0.630113 4.771556
v -0.747377 0.676963 5.372799
v -0.753923 0.712111 5.901775
v -0.759297 0.744255 6.463629
v -0.762964 0.771345 7.022619
v -0.765223 0.795977 7.631295
v -0.765819 0.814152 8.194717
v -0.765087 0.828958 8.807261
v -0.763244 0.837828 9.376312
v -0.760323 0.842212 9.966600
v -0.756112 0.841752 10.609808
v -0.751528 0.837000 11.185430
v -0.746235 0.828473 11.766485
v -0.740424 0.816623 12.341898
v -0.733977 0.800927 12.931270
v -0.726916 0.780360 13.555289
v -0.716224 0.736560 14.550801
v -0.709931 0.700826 15.221309
v -0.704684 0.659899 15.891522
v -0.700281 0.611612 16.602148
v -0.697035 0.561668 17.272923
v -0.694574 0.510128 17.915287
v -0.692640 0.456254 18.543308
v -0.691046 0.400453 19.158113
v -0.689673 0.342171 19.766983
v -0.688446 0.281091 20.372206
v -0.687305 0.216957 20.974117
v -0.686194 0.149332 21.573196
v -0.685057 0.077478 22.170204
v -0.683841 0.000558 22.765255
v -0.682490 -0.082502 23.358692
v -0.680948 -0.172487 23.950481
v -0.679152 -0.270528 24.540983
v -0.677083 -0.376202 25.128359
v -0.674665 -0.491141 25.715191
v -0.401650 0.108853 0.592186
v -0.422612 0.214401 1.182122
v -0.440253 0.309208 1.776104
v -0.454924 0.394413 2.374607
v -0.467005 0.470735 2.973821
v -0.477165 0.540079 3.581205
v -0.485548 0.600844 4.175857
v -0.492794 0.654944 4.771634
v -0.499011 0.702530 5.372869
v -0.503394 0.738172 5.901744
v -0.506992 0.770703 6.463475
v -0.509445 0.798041 7.022387
v -0.510954 0.822811 7.631058
v -0.511350 0.841000 8.194537
v -0.510856 0.855718 8.807174
v -0.509618 0.864423 9.376314
v -0.507658 0.868561 9.966672
v -0.504835 0.867763 10.609914
v -0.501761 0.862656 11.185514
v -0.498215 0.853730 11.766485
v -0.494322 0.841456 12.341739
v -0.490006 0.825307 12.930864
v -0.485279 0.804257 13.554603
v -0.478127 0.759743 14.550129
v -0.473921 0.723592 15.221066
v -0.470419 0.682345 15.891708
v -0.467481 0.633757 16.603840
v -0.465321 0.583603 17.276138
v -0.463688 0.531916 17.920080
v -0.462409 0.477941 18.549706
v -0.461360 0.422065 19.166210
v -0.460459 0.363727 19.776855
v -0.459658 0.302605 20.383894
v -0.458917 0.238441 20.987642
v -0.458197 0.170793 21.588568
v -0.457463 0.098921 22.187422
v -0.456678 0.021980 22.784323
v -0.455805 -0.061107 23.379616
v -0.454808 -0.151131 23.973269
v -0.453643 -0.249227 24.565636
v -0.452297 -0.354983 25.154926
v -0.450721 -0.470036 25.743717
v -0.201018 0.117421 0.590753
v -0.211529 0.224283 1.180961
v -0.220375 0.320275 1.775170
v -0.227734 0.406525 2.373903
v -0.233795 0.483746 2.973363
v -0.238892 0.553875 3.580981
v -0.243098 0.615295 4.175813
v -0.246733 0.669950 4.771676
v -0.249852 0.717991 5.372901
v -0.252050 0.753935 5.901715
v -0.253854 0.786699 6.463371
v -0.255083 0.814184 7.022237
v -0.255839 0.839030 7.630908
v -0.256036 0.857219 8.194424
v -0.255786 0.871876 8.807119
v -0.255164 0.880471 9.376314
v -0.254179 0.884453 9.966716
v -0.252761 0.883443 10.609977
v -0.251218 0.878115 11.185563
v -0.249439 0.868945 11.766481
v -0.247486 0.856412 12.341638
v -0.245321 0.839987 12.930614
v -0.242951 0.818646 13.554182
v -0.239367 0.773707 14.549720
v -0.237260 0.737311 15.220918
v -0.235507 0.695880 15.891821
v -0.234037 0.647121 16.604864
v -0.232958 0.596853 17.278091
v -0.232143 0.545091 17.922989
v -0.231507 0.491071 18.553589
v -0.230986 0.435167 19.171127
v -0.230540 0.376812 19.782846
v -0.230144 0.315684 20.390987
v -0.229780 0.251522 20.995853
v -0.229426 0.183882 21.597902
v -0.229066 0.112023 22.197884
v -0.228682 0.035095 22.795914
v -0.228254 -0.047981 23.392336
v -0.227764 -0.138000 23.987131
v -0.227191 -0.236098 24.580641
v -0.226528 -0.341872 25.171103
v -0.225751 -0.456960 25.761093
v 0.000000 0.120027 0.590383
v 0.000000 0.227398 1.180655
v 0.000000 0.323847 1.774919
v 0.000000 0.410499 2.373710
v 0.000000 0.488068 2.973237
v 0.000000 0.558498 3.580921
v 0.000000 0.620168 4.175801
v -0.000000 0.675031 4.771686
v 0.000000 0.723236 5.372902
v 0.000000 0.759285 5.901693
v 0.000000 0.792125 6.463325
v 0.000000 0.819651 7.022176
v 0.000000 0.844511 7.630850
v 0.000000 0.862688 8.194381
v 0.000000 0.877310 8.807099
v 0.000000 0.885856 9.376314
v 0.000000 0.889776 9.966731
v 0.000000 0.888687 10.610000
v 0.000000 0.883280 11.185581
v 0.000000 0.874025 11.766482
v 0.000000 0.861405 12.341605
v 0.000000 0.844888 12.930530
v 0.000000 0.823452 13.554041
v 0.000000 0.778378 14.549582
v 0.000000 0.741905 15.220868
v 0.000000 0.700419 15.891859
v 0.000000 0.651608 16.605213
v 0.000000 0.601308 17.278751
v 0.000000 0.549526 17.923971
v 0.000000 0.495497 18.554897
v 0.000000 0.439588 19.172783
v 0.000000 0.381233 19.784868
v 0.000000 0.320109 20.393387
v 0.000000 0.255954 20.998634
v 0.000000 0.188324 21.601063
v 0.000000 0.116476 22.201427
v 0.000000 0.039561 22.799841
v 0.000000 -0.043503 23.396650
v 0.000000 -0.133511 23.991835
v 0.000000 -0.231601 24.585733
v 0.000000 -0.337371 25.176596
v 0.000000 -0.452460 25.766998
v 0.000000 -0.577796 26.358152
v -0.223260 -0.582227 26.351915
v -0.445987 -0.595088 26.333532
v -0.667663 -0.615799 26.303356
v -0.887773 -0.643779 26.261734
v -1.105801 -0.678448 26.209015
v -1.321232 -0.719224 26.145550
v -1.533550 -0.765527 26.071686
v -1.742239 -0.816777 25.987776
v -1.946783 -0.872393 25.894165
v -2.146667 -0.931794 25.791206
v -2.341374 -0.994400 25.679245
v -2.530390 -1.059629 25.558636
v -2.713198 -1.126902 25.429722
v -2.889283 -1.195638 25.292858
v -3.058129 -1.265255 25.148392
v -3.219220 -1.335174 24.996670
v -3.517183 -1.474239 24.672958
v -3.654547 -1.543112 24.501795
v -3.784588 -1.611417 24.324984
v -3.907621 -1.679056 24.142948
v -4.023962 -1.745935 23.956104
v -4.133925 -1.811956 23.764872
v -4.237827 -1.877023 23.569672
v -4.335983 -1.941040 23.370922
v -4.428709 -2.003911 23.169043
v -4.516321 -2.065538 22.964455
v -4.599134 -2.125826 22.757574
v -4.677463 -2.184679 22.548820
v -4.751625 -2.241999 22.338617
v -4.821935 -2.297691 22.127378
v -4.969902 -2.418680 21.639374
v -5.058242 -2.493477 21.313313
v -5.141128 -2.565477 20.981869
v -5.225044 -2.640567 20.614487
v -5.301563 -2.711311 20.244621
v -5.369142 -2.775750 19.886024
v -5.429651 -2.835088 19.536177
v -5.483906 -2.889585 19.197618
v -5.533088 -2.940118 18.866634
v -5.578510 -2.987919 18.534883
v -5.619866 -3.032720 18.203186
v -5.657573 -3.074994 17.868647
v -5.692611 -3.115915 17.522167
v -5.726026 -3.156912 17.150164
v -5.756637 -3.196833 16.760813
v -5.785779 -3.237476 16.337498
v -5.813700 -3.279506 15.871691
v -5.845595 -3.331703 15.259983
v -5.872865 -3.380990 14.647790
v -5.912125 -3.459110 13.628433
v -5.932409 -3.506482 12.964241
v -5.949015 -3.550190 12.322854
v -5.960918 -3.588279 11.727259
v -5.970275 -3.624257 11.134873
v -5.977197 -3.656775 10.572474
v -5.983034 -3.691141 9.947744
v -5.987132 -3.721226 9.373720
v -5.990246 -3.748676 8.820148
v -5.991957 -3.773787 8.221823
v -5.991471 -3.791308 7.652513
v -5.987274 -3.799023 7.025280
v -5.979111 -3.792228 6.442661
v -5.966606 -3.770481 5.855144
v -5.949765 -3.731931 5.289992
v -5.924803 -3.663891 4.684928
v -5.896371 -3.577794 4.166833
v -5.863617 -3.479070 3.729275
v -5.810533 -3.337834 3.255696
v -5.741473 -3.180102 2.837599
v -5.641478 -2.983396 2.414324
v -5.495019 -2.730414 1.945813
v -5.334142 -2.499661 1.603037
v -5.123066 -2.254080 1.312759
v -4.928031 -2.032403 1.073460
v -4.814553 -1.921251 0.972905
v -4.694638 -1.810095 0.879942
v -4.568787 -1.699435 0.794227
v -4.437501 -1.589771 0.715414
v -4.301283 -1.481602 0.643159
v -4.160633 -1.375427 0.577115
v -4.015975 -1.271566 0.516771
v -3.867530 -1.170201 0.461589
v -3.715490 -1.071621 0.411187
v -3.560051 -0.976117 0.365181
v -3.401406 -0.883978 0.323189
v -3.239749 -0.795494 0.284828
v -3.075275 -0.710956 0.249715
v -2.908177 -0.630654 0.217469
v -2.738562 -0.554879 0.187807
v -2.566524 -0.483761 0.160653
v -2.392239 -0.417346 0.135931
v -2.215883 -0.355681 0.113566
v -2.037632 -0.298814 0.093483
v -1.857663 -0.246791 0.075606
v -1.676150 -0.199660 0.059860
v -1.493272 -0.157466 0.046169
v -1.309196 -0.120243 0.034451
v -1.124079 -0.088000 0.024612
v -0.938074 -0.060752 0.016563
v -0.751332 -0.038515 0.010213
v -0.564008 -0.021304 0.005471
v -0.376253 -0.009134 0.002247
v -0.188222 -0.002021 0.000450
v 0.000000 0.000021 -0.000009
v -3.376590 -1.407763 24.829611
v -5.261364 -2.159979 20.241444
v -5.189649 -2.026587 20.372278
v -5.110446 -1.891446 20.506218
v -5.023788 -1.755501 20.642811
v 0.000000 0.802337 14.051876
v -0.241101 0.797602 14.052015
v -0.481588 0.783436 14.052430
v -0.721400 0.759913 14.053108
v -0.960197 0.727103 14.054037
v -1.197641 0.685080 14.055210
v -1.433392 0.633913 14.056611
v -1.667112 0.573677 14.058234
v -1.898461 0.504442 14.060065
v -2.127100 0.426280 14.062096
v -2.352690 0.339263 14.064312
v -2.569129 0.246077 14.066643
v -2.792287 0.139490 14.069254
v -3.005684 0.026948 14.071954
v -3.214720 -0.094081 14.074799
v -3.412944 -0.219484 14.077682
v -3.617625 -0.360782 14.080862
v -3.809941 -0.505456 14.084045
v -3.996736 -0.657889 14.087332
v -4.177754 -0.817728 14.090715
v -4.352741 -0.984616 14.094186
v -4.521441 -1.158200 14.097735
v -4.683599 -1.338124 14.101358
v -4.838957 -1.524034 14.105049
v -4.987262 -1.715574 14.108796
v -5.128257 -1.912390 14.112595
v -5.261686 -2.114125 14.116436
v -5.387292 -2.320425 14.120314
v -5.505847 -2.532859 14.124253
v -5.615971 -2.749334 14.128217
v -5.717333 -2.969366 14.132195
v -5.809668 -3.192590 14.136176
v -5.893551 -3.420735 14.138204
v -5.893327 -3.041286 14.147331
v -5.831963 -2.796053 14.151412
v -5.759898 -2.553521 14.147264
v -5.677210 -2.313494 14.143131
v -5.584181 -2.076445 14.139021
v -5.481095 -1.842845 14.134940
v -5.368235 -1.613167 14.130898
v -5.245885 -1.387883 14.126899
v -5.114327 -1.167464 14.122951
v -4.973845 -0.952383 14.119064
v -4.824720 -0.743110 14.115242
v -4.667237 -0.540117 14.111495
v -4.502583 -0.344907 14.107846
v -4.330284 -0.156910 14.104288
v -4.150555 0.023486 14.100822
v -3.963674 0.195817 14.097460
v -3.769221 0.360186 14.094192
v -3.566770 0.516561 14.091020
v -3.357908 0.663690 14.087975
v -3.143144 0.801400 14.085070
v -2.922896 0.929586 14.082311
v -2.697586 1.048142 14.079712
v -2.467637 1.156963 14.077282
v -2.233469 1.255943 14.075031
v -1.995503 1.344977 14.072972
v -1.754161 1.423958 14.071115
v -1.509863 1.492782 14.069469
v -1.263031 1.551342 14.068046
v -1.013135 1.599695 14.066852
v -0.761459 1.637503 14.065905
v -0.508504 1.664641 14.065214
v -0.242455 1.681515 14.064779
v 0.000000 1.686477 14.064649
v -5.932902 -3.146834 12.955615
v 5.141372 -1.970527 1.332855
v 0.191502 0.416673 0.579720
v 0.401825 0.407856 0.581199
v 0.602139 0.393366 0.583779
v 0.801940 0.372965 0.587579
v 1.000990 0.346686 0.592674
v 1.198423 0.314678 0.599113
v 1.394819 0.276878 0.606989
v 1.590005 0.233307 0.616377
v 1.783804 0.183990 0.627352
v 1.976042 0.128949 0.639990
v 2.166542 0.068208 0.654366
v 2.355131 0.001790 0.670555
v 2.541632 -0.070283 0.688634
v 2.725871 -0.147986 0.708676
v 2.907672 -0.231297 0.730758
v 3.086787 -0.320153 0.754944
v 3.261919 -0.413846 0.781175
v 3.433380 -0.512258 0.809749
v 3.601481 -0.615333 0.841027
v 3.765912 -0.722689 0.875283
v 3.926423 -0.833992 0.912806
v 4.083467 -0.949448 0.954086
v 4.235856 -1.068082 0.999210
v 4.383272 -1.189509 1.048457
v 4.525400 -1.313342 1.102103
v 4.661925 -1.439196 1.160427
v 4.792530 -1.566686 1.223708
v 4.916901 -1.695424 1.292224
v 5.034720 -1.825026 1.366252
v 5.145673 -1.955105 1.446071
v 5.249444 -2.085275 1.531960
v 0.201519 0.525486 1.158521
v 0.422802 0.515314 1.159720
v 0.633488 0.498722 1.161806
v 0.843540 0.475444 1.164871
v 1.052680 0.445530 1.168976
v 1.259972 0.409160 1.174159
v 1.465999 0.366274 1.180493
v 1.670548 0.316907 1.188037
v 1.873409 0.261099 1.196851
v 2.074369 0.198886 1.206994
v 2.273218 0.130307 1.218525
v 2.469742 0.055400 1.231504
v 2.663731 -0.025798 1.245990
v 2.854974 -0.113250 1.262042
v 3.043257 -0.206916 1.279720
v 3.228293 -0.306717 1.299075
v 3.408732 -0.411857 1.320058
v 3.584915 -0.522252 1.342904
v 3.757192 -0.637889 1.367900
v 3.925267 -0.758396 1.395261
v 4.088905 -0.883449 1.425215
v 4.248590 -1.013335 1.458153
v 4.403126 -1.147013 1.494139
v 4.552215 -1.284106 1.533393
v 4.695556 -1.424234 1.576134
v 4.832850 -1.567017 1.622582
v 4.963796 -1.712077 1.672956
v 5.088094 -1.859034 1.727476
v 5.205444 -2.007509 1.786362
v 5.315546 -2.157124 1.849831
v 5.418100 -2.307499 1.918105
v 0.210050 0.626804 1.740514
v 0.440667 0.615392 1.741481
v 0.660179 0.596877 1.743155
v 0.878945 0.570966 1.745607
v 1.096650 0.537722 1.748883
v 1.312295 0.497358 1.753010
v 1.526462 0.449813 1.758044
v 1.738904 0.395139 1.764031
v 1.949377 0.333386 1.771014
v 2.157634 0.264607 1.779038
v 2.363429 0.188852 1.788149
v 2.566517 0.106173 1.798390
v 2.766653 0.016622 1.809807
v 2.963590 -0.079751 1.822444
v 3.157083 -0.182894 1.836346
v 3.346807 -0.292707 1.851552
v 3.531364 -0.408319 1.868020
v 3.711126 -0.529672 1.885929
v 3.886470 -0.656795 1.905498
v 4.057114 -0.789321 1.926890
v 4.222839 -0.926935 1.950278
v 4.384148 -1.069996 1.975959
v 4.539847 -1.217406 2.003981
v 4.689652 -1.368788 2.034507
v 4.833277 -1.523769 2.067705
v 4.970435 -1.681976 2.103740
v 5.100841 -1.843034 2.142777
v 5.224208 -2.006568 2.184983
v 5.340250 -2.172206 2.230524
v 5.448683 -2.339574 2.279564
v 5.549219 -2.508296 2.332271
v 0.217231 0.721831 2.323695
v 0.455700 0.709310 2.324434
v 0.682632 0.689072 2.325706
v 0.908717 0.660801 2.327565
v 1.133604 0.624575 2.330042
v 1.356240 0.580633 2.333157
v 1.577202 0.528916 2.336949
v 1.796213 0.469489 2.341450
v 2.012996 0.402415 2.346692
v 2.227273 0.327759 2.352706
v 2.438768 0.245584 2.359525
v 2.647203 0.155954 2.367180
v 2.852302 0.058933 2.375703
v 3.053787 -0.045415 2.385125
v 3.251381 -0.157025 2.395479
v 3.444728 -0.275784 2.406791
v 3.632388 -0.400747 2.419028
v 3.814757 -0.531881 2.432320
v 3.992236 -0.669251 2.446824
v 4.164557 -0.812492 2.462656
v 4.331511 -0.961298 2.479938
v 4.493615 -1.116090 2.498888
v 4.649683 -1.275712 2.519534
v 4.799440 -1.439795 2.541995
v 4.942613 -1.607965 2.566388
v 5.078928 -1.779854 2.592832
v 5.208111 -1.955090 2.621445
v 5.329889 -2.133302 2.652345
v 5.443988 -2.314119 2.685651
v 5.550135 -2.497171 2.721479
v 5.648054 -2.682086 2.759949
v 0.223311 0.812479 2.911939
v 0.468428 0.798970 2.912431
v 0.701636 0.777196 2.913276
v 0.933904 0.746824 2.914510
v 1.164851 0.707942 2.916152
v 1.393372 0.660815 2.918215
v 1.620040 0.605387 2.920725
v 1.844548 0.541732 2.923701
v 2.066590 0.469928 2.927164
v 2.285860 0.390049 2.931136
v 2.502052 0.302170 2.935635
v 2.714860 0.206369 2.940683
v 2.923978 0.102719 2.946300
v 3.129100 -0.008703 2.952507
v 3.329920 -0.127823 2.959323
v 3.526050 -0.254508 2.966766
v 3.716019 -0.387754 2.974814
v 3.900241 -0.527546 2.983550
v 4.079137 -0.673978 2.993078
v 4.252448 -0.826687 3.003472
v 4.419978 -0.985369 3.014811
v 4.582251 -1.150503 3.027236
v 4.738088 -1.320879 3.040767
v 4.887225 -1.496129 3.055478
v 5.029399 -1.675882 3.071446
v 5.164347 -1.859768 3.088748
v 5.291806 -2.047417 3.107461
v 5.411512 -2.238460 3.127660
v 5.523202 -2.432526 3.149423
v 5.626613 -2.629246 3.172824
v 5.721482 -2.828248 3.197942
v 0.228541 0.899504 3.507035
v 0.479374 0.885112 3.507288
v 0.717977 0.861964 3.507725
v 0.955553 0.829710 3.508362
v 1.191694 0.788452 3.509211
v 1.425250 0.738474 3.510279
v 1.656786 0.679726 3.511578
v 1.885969 0.612292 3.513119
v 2.112466 0.536259 3.514915
v 2.335944 0.451715 3.516974
v 2.556071 0.358745 3.519308
v 2.772512 0.257436 3.521927
v 2.984935 0.147874 3.524843
v 3.193008 0.030146 3.528066
v 3.396396 -0.095662 3.531607
v 3.594686 -0.229404 3.535474
v 3.786375 -0.370019 3.539658
v 3.971896 -0.517507 3.544202
v 4.151683 -0.671985 3.549160
v 4.325486 -0.833088 3.554572
v 4.493117 -1.000516 3.560481
v 4.655108 -1.174790 3.566960
v 4.810285 -1.354655 3.574021
v 4.958394 -1.539739 3.581703
v 5.099180 -1.729671 3.590048
v 5.232388 -1.924078 3.599096
v 5.357765 -2.122589 3.608888
v 5.475056 -2.324833 3.619464
v 5.584005 -2.530437 3.630866
v 5.684359 -2.739031 3.643133
v 5.775863 -2.950242 3.656307
v 0.232999 0.980617 4.090875
v 0.488703 0.965457 4.090941
v 0.731900 0.941113 4.091055
v 0.973994 0.907220 4.091223
v 1.214550 0.863892 4.091448
v 1.452378 0.811433 4.091731
v 1.688038 0.749795 4.092077
v 1.921170 0.679072 4.092488
v 2.151417 0.599363 4.092969
v 2.378423 0.510764 4.093521
v 2.601830 0.413371 4.094149
v 2.821280 0.307281 4.094855
v 3.036415 0.192590 4.095643
v 3.246879 0.069395 4.096515
v 3.452314 -0.062207 4.097476
v 3.652279 -0.202059 4.098526
v 3.845250 -0.349048 4.099665
v 4.031670 -0.503185 4.100904
v 4.211985 -0.664605 4.102260
v 4.385952 -0.832937 4.103745
v 4.553389 -1.007880 4.105370
v 4.714830 -1.189990 4.107158
v 4.869110 -1.377968 4.109112
v 5.015978 -1.571438 4.111244
v 5.155189 -1.770022 4.113566
v 5.286493 -1.973345 4.116091
v 5.409643 -2.181030 4.118831
v 5.524392 -2.392702 4.121797
v 5.630490 -2.607982 4.125001
v 5.727691 -2.826496 4.128457
v 5.815745 -3.047867 4.132176
v 0.236966 1.057027 4.670438
v 0.497005 1.041193 4.670403
v 0.744290 1.015796 4.670341
v 0.990403 0.980459 4.670247
v 1.234883 0.935304 4.670119
v 1.476508 0.880657 4.669957
v 1.715826 0.816470 4.669757
v 1.952459 0.742849 4.669517
v 2.186025 0.659901 4.669233
v 2.416146 0.567731 4.668905
v 2.642441 0.466447 4.668530
v 2.864530 0.356153 4.668104
v 3.082034 0.236956 4.667626
v 3.294572 0.108962 4.667095
v 3.501765 -0.027722 4.666506
v 3.703149 -0.172929 4.665858
v 3.897177 -0.325498 4.665152
v 4.084301 -0.485446 4.664378
v 4.264979 -0.652920 4.663526
v 4.438970 -0.827541 4.662585
v 4.606096 -1.009002 4.661546
v 4.766893 -1.197886 4.660394
v 4.920198 -1.392849 4.659125
v 5.065768 -1.593509 4.657730
v 5.203361 -1.799480 4.656199
v 5.332731 -2.010377 4.654522
v 5.453637 -2.225816 4.652692
v 5.565834 -2.445413 4.650698
v 5.669079 -2.668782 4.648530
v 5.763129 -2.895540 4.646181
v 5.847741 -3.125301 4.643640
v 0.240585 1.129987 5.256857
v 0.504580 1.113563 5.256819
v 0.755597 1.087236 5.256742
v 1.005378 1.050621 5.256620
v 1.253441 1.003851 5.256446
v 1.498531 0.947267 5.256216
v 1.741189 0.880825 5.255922
v 1.981015 0.804640 5.255561
v 2.217609 0.718828 5.255125
v 2.450569 0.623505 5.254609
v 2.679496 0.518784 5.254007
v 2.903987 0.404782 5.253314
v 3.123644 0.281614 5.252522
v 3.338064 0.149394 5.251628
v 3.546848 0.008238 5.250624
v 3.749510 -0.141675 5.249506
v 3.944484 -0.299142 5.248273
v 4.132228 -0.464183 5.246902
v 4.313205 -0.636947 5.245364
v 4.487177 -0.817044 5.243638
v 4.653971 -1.004158 5.241700
v 4.814117 -1.198889 5.239514
v 4.966457 -1.399852 5.237067
v 5.110752 -1.606650 5.234335
v 5.246758 -1.818887 5.231296
v 5.374236 -2.036166 5.227925
v 5.492944 -2.258091 5.224199
v 5.602641 -2.484263 5.220094
v 5.703087 -2.714288 5.215587
v 5.794040 -2.947767 5.210655
v 5.875258 -3.184304 5.205273
v 0.243768 1.199086 5.849453
v 0.511243 1.182163 5.849479
v 0.765543 1.155046 5.849502
v 1.018551 1.117343 5.849514
v 1.269767 1.069195 5.849509
v 1.517905 1.010957 5.849480
v 1.763501 0.942590 5.849419
v 2.006136 0.864218 5.849319
v 2.245392 0.775965 5.849172
v 2.480847 0.677952 5.848972
v 2.712084 0.570305 5.848712
v 2.938684 0.453146 5.848383
v 3.160226 0.326599 5.847980
v 3.376292 0.190787 5.847493
v 3.586463 0.045833 5.846918
v 3.790235 -0.108072 5.846245
v 3.986022 -0.269690 5.845469
v 4.174288 -0.439036 5.844562
v 4.355498 -0.616260 5.843491
v 4.529417 -0.800955 5.842227
v 4.695868 -0.992791 5.840737
v 4.855381 -1.192378 5.838983
v 5.006796 -1.398292 5.836942
v 5.149874 -1.610118 5.834582
v 5.284375 -1.827446 5.831873
v 5.410056 -2.049863 5.828785
v 5.526678 -2.276956 5.825286
v 5.633999 -2.508313 5.821347
v 5.731778 -2.743523 5.816936
v 5.819775 -2.982172 5.812024
v 5.897748 -3.223848 5.806579
v 0.246377 1.262723 6.433599
v 0.516705 1.245407 6.433709
v 0.773697 1.217662 6.433867
v 1.029353 1.179090 6.434069
v 1.283155 1.129839 6.434308
v 1.533794 1.070277 6.434576
v 1.781799 1.000369 6.434866
v 2.026737 0.920244 6.435172
v 2.268173 0.830033 6.435486
v 2.505672 0.729867 6.435802
v 2.738800 0.619876 6.436111
v 2.967121 0.500189 6.436408
v 3.190202 0.370939 6.436685
v 3.407607 0.232254 6.436935
v 3.618902 0.084265 6.437152
v 3.823568 -0.072829 6.437327
v 4.020002 -0.237760 6.437449
v 4.208672 -0.410534 6.437490
v 4.390043 -0.591296 6.437421
v 4.563877 -0.779624 6.437210
v 4.729997 -0.975170 6.436826
v 4.888925 -1.178546 6.436234
v 5.039503 -1.388291 6.435405
v 5.181489 -1.603974 6.434307
v 5.314640 -1.825165 6.432908
v 5.438714 -2.051436 6.431176
v 5.553467 -2.282356 6.429080
v 5.658657 -2.517495 6.426589
v 5.754040 -2.756424 6.423671
v 5.839376 -2.998713 6.420294
v 5.914420 -3.243932 6.416428
v 0.248420 1.321994 7.014756
v 0.520985 1.304381 7.014921
v 0.780087 1.276152 7.015169
v 1.037819 1.236907 7.015500
v 1.293648 1.186800 7.015908
v 1.546246 1.126209 7.016386
v 1.796139 1.055101 7.016928
v 2.042881 0.973611 7.017529
v 2.286023 0.881876 7.018185
v 2.525120 0.780030 7.018888
v 2.759724 0.668210 7.019632
v 2.989387 0.546552 7.020413
v 3.213664 0.415192 7.021224
v 3.432107 0.274266 7.022060
v 3.644269 0.123908 7.022915
v 3.849618 -0.035675 7.023782
v 4.046540 -0.203191 7.024647
v 4.235500 -0.378636 7.025486
v 4.416964 -0.562146 7.026277
v 4.590690 -0.753281 7.026990
v 4.756497 -0.951676 7.027600
v 4.914901 -1.157942 7.028080
v 5.064742 -1.370582 7.028399
v 5.205774 -1.589147 7.028530
v 5.337750 -1.813192 7.028443
v 5.460425 -2.042266 7.028111
v 5.573552 -2.275924 7.027507
v 5.676886 -2.513716 7.026601
v 5.770179 -2.755196 7.025368
v 5.853187 -2.999914 7.023777
v 5.925663 -3.247425 7.021802
v 0.249998 1.380532 7.628526
v 0.524289 1.362692 7.628688
v 0.785021 1.334091 7.628936
v 1.044356 1.294323 7.629272
v 1.301751 1.243550 7.629691
v 1.555863 1.182154 7.630188
v 1.807214 1.110105 7.630761
v 2.055347 1.027542 7.631405
v 2.299806 0.934606 7.632117
v 2.540133 0.831436 7.632894
v 2.775871 0.718172 7.633730
v 3.006565 0.594955 7.634623
v 3.231756 0.461924 7.635569
v 3.450989 0.319218 7.636563
v 3.663807 0.166979 7.637603
v 3.869667 0.005416 7.638683
v 4.066944 -0.164159 7.639790
v 4.256103 -0.341729 7.640908
v 4.437604 -0.527420 7.642019
v 4.611203 -0.720773 7.643105
v 4.776714 -0.921407 7.644143
v 4.934643 -1.129923 7.645118
v 5.083827 -1.344796 7.646004
v 5.224017 -1.565559 7.646779
v 5.354959 -1.791744 7.647422
v 5.476403 -2.022887 7.647913
v 5.588099 -2.258520 7.648230
v 5.689795 -2.498177 7.648352
v 5.781241 -2.741391 7.648258
v 5.862185 -2.987697 7.647927
v 5.932377 -3.236627 7.647339
v 0.250972 1.430493 8.193462
v 0.526330 1.412517 8.193583
v 0.788071 1.383685 8.193769
v 1.048398 1.343590 8.194025
v 1.306763 1.292395 8.194345
v 1.561812 1.230487 8.194729
v 1.814065 1.157837 8.195173
v 2.063059 1.074586 8.195678
v 2.308331 0.980876 8.196239
v 2.549418 0.876850 8.196856
v 2.785857 0.762649 8.197528
v 3.017185 0.638416 8.198251
v 3.242938 0.504292 8.199023
v 3.462654 0.360419 8.199842
v 3.675869 0.206941 8.200708
v 3.882035 0.044069 8.201617
v 4.079521 -0.126871 8.202559
v 4.268786 -0.305852 8.203526
v 4.450289 -0.492988 8.204504
v 4.623778 -0.687805 8.205484
v 4.789062 -0.889908 8.206451
v 4.946642 -1.099890 8.207397
v 5.095349 -1.316200 8.208304
v 5.234928 -1.538357 8.209158
v 5.365121 -1.765877 8.209945
v 5.485673 -1.998281 8.210651
v 5.596327 -2.235084 8.211265
v 5.696828 -2.475805 8.211771
v 5.786918 -2.719961 8.212157
v 5.866343 -2.967071 8.212410
v 5.934844 -3.216652 8.212515
v 0.251548 1.478331 8.783391
v 0.527540 1.460279 8.783449
v 0.789879 1.431308 8.783542
v 1.050795 1.391012 8.783669
v 1.309737 1.339554 8.783830
v 1.565344 1.277323 8.784022
v 1.818134 1.204289 8.784249
v 2.067642 1.120593 8.784507
v 2.313399 1.026380 8.784797
v 2.554940 0.921790 8.785118
v 2.791795 0.806967 8.785470
v 3.023501 0.682053 8.785851
v 3.249588 0.547192 8.786263
v 3.469590 0.402524 8.786703
v 3.683041 0.248194 8.787172
v 3.889388 0.084413 8.787668
v 4.086993 -0.087480 8.788188
v 4.276315 -0.267452 8.788726
v 4.457804 -0.455605 8.789280
v 4.631205 -0.651451 8.789844
v 4.796319 -0.854581 8.790410
v 4.953640 -1.065580 8.790978
v 5.101994 -1.282878 8.791539
v 5.241120 -1.505978 8.792087
v 5.370754 -1.734384 8.792615
v 5.490636 -1.967600 8.793118
v 5.600502 -2.205130 8.793591
v 5.700091 -2.446477 8.794026
v 5.789141 -2.691145 8.794420
v 5.867388 -2.938638 8.794765
v 5.934571 -3.188459 8.795057
v 0.251717 1.519850 9.350962
v 0.527894 1.501779 9.350962
v 0.790411 1.472765 9.350962
v 1.051503 1.432399 9.350962
v 1.310618 1.380842 9.350962
v 1.566394 1.318484 9.350962
v 1.819348 1.245293 9.350962
v 2.069013 1.161409 9.350962
v 2.314920 1.066974 9.350962
v 2.556601 0.962128 9.350962
v 2.793588 0.847015 9.350962
v 3.025413 0.721773 9.350962
v 3.251607 0.586546 9.350962
v 3.471703 0.441474 9.350962
v 3.685232 0.286698 9.350962
v 3.891641 0.122431 9.350962
v 4.089290 -0.049986 9.350962
v 4.278631 -0.230510 9.350962
v 4.460113 -0.419237 9.350962
v 4.633470 -0.615667 9.350962
v 4.798500 -0.819381 9.350962
v 4.955690 -1.030957 9.350962
v 5.103862 -1.248811 9.350962
v 5.242746 -1.472435 9.350962
v 5.372076 -1.701324 9.350962
v 5.491581 -1.934971 9.350962
v 5.600997 -2.172869 9.350962
v 5.700053 -2.414510 9.350962
v 5.788482 -2.659389 9.350962
v 5.866016 -2.906998 9.350962
v 5.932387 -3.156832 9.350962
v 0.251510 1.559593 9.966558
v 0.527464 1.541556 9.966512
v 0.789773 1.512584 9.966438
v 1.050662 1.472265 9.966334
v 1.309580 1.420756 9.966201
v 1.565169 1.358445 9.966036
v 1.817946 1.285296 9.965839
v 2.067443 1.201445 9.965611
v 2.313195 1.107032 9.965348
v 2.554734 1.002195 9.965053
v 2.791593 0.887070 9.964722
v 3.023305 0.761797 9.964355
v 3.249404 0.626513 9.963953
v 3.469422 0.481357 9.963513
v 3.682893 0.326465 9.963036
v 3.889264 0.162048 9.962521
v 4.086896 -0.010553 9.961970
v 4.276235 -0.191291 9.961388
v 4.457723 -0.380253 9.960773
v 4.631089 -0.576933 9.960131
v 4.796125 -0.780905 9.959463
v 4.953312 -0.992741 9.958770
v 5.101465 -1.210849 9.958058
v 5.240309 -1.434713 9.957332
v 5.369570 -1.663822 9.956594
v 5.488974 -1.897659 9.955847
v 5.598247 -2.135712 9.955095
v 5.697115 -2.377466 9.954342
v 5.785304 -2.622407 9.953590
v 5.862538 -2.870022 9.952844
v 5.928546 -3.119796 9.952106
v 0.250964 1.592799 10.560255
v 0.526322 1.574843 10.560190
v 0.788070 1.545987 10.560085
v 1.048411 1.505820 10.559937
v 1.306796 1.454494 10.559740
v 1.561871 1.392390 10.559495
v 1.814156 1.319468 10.559198
v 2.063187 1.235862 10.558847
v 2.308500 1.141704 10.558440
v 2.549632 1.037129 10.557973
v 2.786119 0.922268 10.557444
v 3.017498 0.797257 10.556851
v 3.243306 0.662228 10.556191
v 3.463078 0.517314 10.555463
v 3.676350 0.362650 10.554662
v 3.882576 0.198438 10.553787
v 4.080115 0.026017 10.552844
v 4.269411 -0.154562 10.551833
v 4.450898 -0.343384 10.550756
v 4.624301 -0.539941 10.549615
v 4.789408 -0.743801 10.548415
v 4.946692 -0.955535 10.547154
v 5.094964 -1.173546 10.545842
v 5.233943 -1.397317 10.544482
v 5.363351 -1.626333 10.543079
v 5.482907 -1.860075 10.541638
v 5.592333 -2.098026 10.540161
v 5.691349 -2.339670 10.538653
v 5.779675 -2.584489 10.537119
v 5.857031 -2.831966 10.535562
v 5.923139 -3.081584 10.533985
v 0.250100 1.621296 11.158764
v 0.524514 1.603461 11.158714
v 0.785373 1.574790 11.158631
v 1.044841 1.534870 11.158508
v 1.302375 1.483846 11.158340
v 1.556630 1.422094 11.158122
v 1.808126 1.349568 11.157850
v 2.056405 1.266397 11.157519
v 2.301008 1.172707 11.157124
v 2.541478 1.068627 11.156658
v 2.777355 0.954285 11.156119
v 3.008182 0.829808 11.155501
v 3.233500 0.695324 11.154799
v 3.452851 0.550962 11.154008
v 3.665776 0.396847 11.153123
v 3.871731 0.233180 11.152140
v 4.069084 0.061290 11.151062
v 4.258270 -0.118773 11.149890
v 4.439719 -0.307089 11.148623
v 4.613153 -0.503152 11.147263
v 4.778351 -0.706532 11.145812
v 4.935788 -0.917795 11.144266
v 5.084266 -1.135350 11.142635
v 5.223503 -1.358679 11.140923
v 5.353213 -1.587267 11.139131
v 5.473112 -1.820596 11.137262
v 5.582917 -2.058151 11.135321
v 5.682343 -2.299413 11.133307
v 5.771107 -2.543867 11.131227
v 5.848923 -2.790996 11.129082
v 5.915508 -3.040284 11.126874
v 0.248960 1.644618 11.751335
v 0.522129 1.626937 11.751342
v 0.781814 1.598506 11.751345
v 1.040128 1.558910 11.751338
v 1.296535 1.508289 11.751313
v 1.549700 1.447011 11.751264
v 1.800145 1.375024 11.751181
v 2.047420 1.292452 11.751057
v 2.291071 1.199417 11.750886
v 2.530647 1.096039 11.750659
v 2.765696 0.982441 11.750369
v 2.995767 0.858745 11.750008
v 3.220407 0.725073 11.749569
v 3.439164 0.581546 11.749044
v 3.651587 0.428286 11.748426
v 3.857139 0.265486 11.747708
v 4.054192 0.094464 11.746888
v 4.243177 -0.084730 11.745967
v 4.424521 -0.272179 11.744940
v 4.597940 -0.467378 11.743809
v 4.763213 -0.669902 11.742573
v 4.920809 -0.880316 11.741225
v 5.069530 -1.097037 11.739773
v 5.209087 -1.319551 11.738217
v 5.339194 -1.547347 11.736557
v 5.459562 -1.779910 11.734794
v 5.569905 -2.016729 11.732927
v 5.669934 -2.257289 11.730958
v 5.759363 -2.501079 11.728887
v 5.837903 -2.747585 11.726714
v 5.905267 -2.996294 11.724439
v 0.247584 1.662795 12.335465
v 0.519248 1.645294 12.335575
v 0.777512 1.617147 12.335742
v 1.034428 1.577938 12.335960
v 1.289467 1.527802 12.336218
v 1.541306 1.467098 12.336505
v 1.790470 1.395771 12.336813
v 2.036514 1.313939 12.337130
v 2.278995 1.221718 12.337447
v 2.517467 1.119223 12.337754
v 2.751487 1.006571 12.338041
v 2.980608 0.883877 12.338298
v 3.204388 0.751259 12.338515
v 3.422382 0.608832 12.338682
v 3.634144 0.456712 12.338788
v 3.839146 0.295085 12.338824
v 4.035768 0.125256 12.338782
v 4.224437 -0.052727 12.338660
v 4.405576 -0.238949 12.338454
v 4.578900 -0.432914 12.338161
v 4.744186 -0.634201 12.337780
v 4.901903 -0.843376 12.337305
v 5.050848 -1.058869 12.336734
v 5.190735 -1.280174 12.336064
v 5.321273 -1.506784 12.335295
v 5.442172 -1.738193 12.334421
v 5.553144 -1.973895 12.333442
v 5.653898 -2.213383 12.332354
v 5.744146 -2.456151 12.331153
v 5.823598 -2.701692 12.329838
v 5.891964 -2.949501 12.328406
v 0.245974 1.676030 12.921349
v 0.515877 1.658731 12.921618
v 0.772476 1.630907 12.922040
v 1.027751 1.592142 12.922611
v 1.281183 1.542567 12.923318
v 1.531459 1.482533 12.924146
v 1.779109 1.411981 12.925085
v 2.023696 1.331025 12.926124
v 2.264782 1.239774 12.927251
v 2.501931 1.138341 12.928452
v 2.734708 1.026836 12.929719
v 2.962675 0.905370 12.931036
v 3.185395 0.774055 12.932394
v 3.402433 0.633001 12.933779
v 3.613352 0.482320 12.935180
v 3.817631 0.322192 12.936584
v 4.013659 0.153906 12.937973
v 4.201862 -0.022494 12.939343
v 4.382659 -0.207099 12.940695
v 4.555766 -0.399420 12.942020
v 4.720960 -0.599045 12.943317
v 4.878710 -0.806541 12.944583
v 5.027817 -1.020357 12.945807
v 5.167991 -1.239994 12.946981
v 5.298942 -1.464958 12.948102
v 5.420382 -1.694749 12.949162
v 5.532021 -1.928873 12.950155
v 5.633570 -2.166830 12.951077
v 5.724740 -2.408125 12.951921
v 5.805241 -2.652261 12.952680
v 5.874784 -2.898740 12.953348
v 0.244149 1.683206 13.522948
v 0.512053 1.666129 13.523398
v 0.766763 1.638662 13.524109
v 1.020173 1.600394 13.525082
v 1.271772 1.551450 13.526302
v 1.520265 1.492174 13.527754
v 1.766181 1.422507 13.529426
v 2.009090 1.342559 13.531306
v 2.248565 1.252435 13.533382
v 2.484178 1.152244 13.535642
v 2.715501 1.042092 13.538071
v 2.942104 0.922089 13.540656
v 3.163561 0.792339 13.543386
v 3.379441 0.652953 13.546247
v 3.589319 0.504035 13.549227
v 3.792681 0.345764 13.552311
v 3.987928 0.179409 13.555468
v 4.175484 0.005008 13.558696
v 4.355769 -0.177534 13.561998
v 4.528501 -0.367740 13.565367
v 4.693459 -0.565210 13.568795
v 4.851114 -0.770512 13.572291
v 5.000272 -0.982117 13.575830
v 5.140645 -1.199541 13.579402
v 5.271947 -1.422299 13.582999
v 5.393892 -1.649906 13.586613
v 5.506192 -1.881877 13.590235
v 5.608561 -2.117727 13.593857
v 5.700712 -2.356971 13.597469
v 5.782358 -2.599125 13.601066
v 5.853212 -2.843704 13.604635
v 0.240789 1.672691 14.606560
v 0.505012 1.656010 14.606984
v 0.756236 1.629192 14.607658
v 1.006199 1.591836 14.608586
v 1.254404 1.544067 14.609760
v 1.499581 1.486222 14.611165
v 1.742258 1.418248 14.612796
v 1.982021 1.340251 14.614642
v 2.218454 1.252339 14.616697
v 2.451142 1.154617 14.618953
v 2.679670 1.047193 14.621399
v 2.903621 0.930173 14.624026
v 3.122583 0.803663 14.626828
v 3.336138 0.667770 14.629794
v 3.543872 0.522599 14.632917
v 3.745285 0.368325 14.636189
v 3.938801 0.206183 14.639577
v 4.124850 0.036196 14.643084
v 4.303854 -0.141743 14.646716
v 4.475543 -0.327185 14.650465
v 4.639710 -0.519754 14.654329
v 4.796836 -0.720020 14.658320
v 4.945743 -0.926508 14.662412
v 5.086154 -1.138761 14.666597
v 5.217794 -1.356321 14.670871
v 5.340389 -1.578731 14.675226
v 5.453663 -1.805533 14.679656
v 5.557340 -2.036270 14.684155
v 5.651143 -2.270482 14.688717
v 5.734796 -2.507712 14.693334
v 5.808023 -2.747502 14.698002
v 0.238966 1.655130 15.241465
v 0.501191 1.638662 15.241639
v 0.750519 1.612195 15.241913
v 0.998604 1.575339 15.242290
v 1.244954 1.528223 15.242764
v 1.488313 1.471184 15.243333
v 1.729206 1.404174 15.243991
v 1.967226 1.327303 15.244735
v 2.201962 1.240680 15.245560
v 2.433005 1.144416 15.246466
v 2.659946 1.038620 15.247446
v 2.882375 0.923401 15.248495
v 3.099884 0.798870 15.249613
v 3.312062 0.665133 15.250793
v 3.518501 0.522302 15.252035
v 3.718706 0.370548 15.253333
v 3.911117 0.211090 15.254676
v 4.096165 0.043942 15.256064
v 4.274282 -0.131011 15.257502
v 4.445209 -0.313338 15.258986
v 4.608747 -0.502679 15.260515
v 4.765387 -0.699604 15.262095
v 4.913964 -0.902673 15.263718
v 5.054213 -1.111446 15.265379
v 5.185868 -1.325484 15.267079
v 5.308665 -1.544346 15.268815
v 5.422338 -1.767593 15.270585
v 5.526619 -1.994784 15.272389
v 5.621243 -2.225478 15.274226
v 5.705942 -2.459236 15.276093
v 5.780447 -2.695617 15.277987
v 0.237338 1.628428 15.876035
v 0.497775 1.612135 15.875959
v 0.745404 1.585965 15.875838
v 0.991797 1.549540 15.875670
v 1.236468 1.502995 15.875457
v 1.478167 1.446671 15.875200
v 1.717418 1.380531 15.874902
v 1.953816 1.304691 15.874560
v 2.186953 1.219269 15.874179
v 2.416425 1.124383 15.873757
v 2.641824 1.020152 15.873298
v 2.862744 0.906691 15.872800
v 3.078781 0.784120 15.872266
v 3.289526 0.652556 15.871696
v 3.494575 0.512117 15.871094
v 3.693439 0.362986 15.870457
v 3.884567 0.206364 15.869793
v 4.068402 0.042263 15.869102
v 4.245384 -0.129437 15.868380
v 4.415267 -0.308317 15.867631
v 4.577867 -0.494028 15.866854
v 4.733684 -0.687135 15.866046
v 4.881575 -0.886230 15.865212
v 5.021291 -1.090886 15.864355
v 5.152582 -1.300677 15.863475
v 5.275198 -1.515177 15.862572
v 5.388891 -1.733959 15.861648
v 5.493411 -1.956596 15.860703
v 5.588509 -2.182662 15.859740
v 5.673934 -2.411732 15.858759
v 5.749438 -2.643378 15.857761
v 0.236032 1.595643 16.461937
v 0.495036 1.579504 16.461100
v 0.741302 1.553596 16.459757
v 0.986339 1.517554 16.457897
v 1.229664 1.471522 16.455530
v 1.470034 1.415849 16.452681
v 1.707970 1.350504 16.449352
v 1.943070 1.275613 16.445547
v 2.174929 1.191302 16.441288
v 2.403142 1.097696 16.436579
v 2.627308 0.994921 16.431427
v 2.847022 0.883100 16.425852
v 3.061880 0.762359 16.419857
v 3.271479 0.632822 16.413454
v 3.475415 0.494612 16.406656
v 3.673202 0.347916 16.399479
v 3.863302 0.193920 16.391983
v 4.046165 0.032625 16.384159
v 4.222242 -0.136098 16.375994
v 4.391304 -0.311846 16.367504
v 4.553178 -0.494290 16.358698
v 4.708378 -0.683994 16.349543
v 4.855777 -0.879585 16.340099
v 4.995139 -1.080657 16.330381
v 5.126226 -1.286802 16.320404
v 5.248804 -1.497612 16.310184
v 5.362632 -1.712680 16.299732
v 5.467473 -1.931597 16.289078
v 5.563087 -2.153956 16.278227
v 5.649235 -2.379349 16.267204
v 5.725677 -2.607368 16.256023
v 0.234879 1.555492 17.047987
v 0.492617 1.539483 17.046331
v 0.737675 1.513802 17.043680
v 0.981504 1.478100 17.040009
v 1.223623 1.432530 17.035341
v 1.462793 1.377451 17.029718
v 1.699532 1.312845 17.023148
v 1.933435 1.238850 17.015644
v 2.164101 1.155602 17.007235
v 2.391126 1.063236 16.997942
v 2.614106 0.961890 16.987780
v 2.832639 0.851699 16.976776
v 3.046320 0.732797 16.964947
v 3.254749 0.605319 16.952316
v 3.457520 0.469399 16.938902
v 3.654151 0.325232 16.924740
v 3.843114 0.173991 16.909943
v 4.024869 0.015668 16.894503
v 4.199883 -0.149870 16.878391
v 4.367940 -0.322238 16.861633
v 4.528888 -0.501122 16.844246
v 4.683250 -0.687081 16.826170
v 4.829924 -0.878781 16.807520
v 4.968688 -1.075830 16.788326
v 5.099324 -1.277838 16.768616
v 5.221611 -1.484414 16.748417
v 5.335327 -1.695170 16.727760
v 5.440247 -1.909713 16.706694
v 5.536148 -2.127654 16.685236
v 5.622805 -2.348604 16.663433
v 5.699992 -2.572170 16.641310
v 0.233836 1.508811 17.633568
v 0.490425 1.492915 17.631031
v 0.734385 1.467437 17.626972
v 0.977112 1.432044 17.621349
v 1.218124 1.386904 17.614204
v 1.456185 1.332384 17.605593
v 1.691808 1.268485 17.595531
v 1.924588 1.195355 17.584049
v 2.154121 1.113145 17.571180
v 2.380002 1.022004 17.556953
v 2.601828 0.922083 17.541403
v 2.819194 0.813529 17.524563
v 3.031697 0.696492 17.506464
v 3.238933 0.571118 17.487137
v 3.440496 0.437556 17.466619
v 3.635905 0.296013 17.444950
v 3.823642 0.147648 17.422316
v 4.004180 -0.007550 17.398695
v 4.178000 -0.169721 17.374052
v 4.344907 -0.338493 17.348419
v 4.504765 -0.513566 17.321827
v 4.658113 -0.695494 17.294178
v 4.803871 -0.882976 17.265654
v 4.941839 -1.075636 17.236292
v 5.071819 -1.273100 17.206133
v 5.193605 -1.474993 17.175230
v 5.306997 -1.680940 17.143621
v 5.411787 -1.890566 17.111389
v 5.507771 -2.103496 17.078560
v 5.594741 -2.319355 17.045193
v 5.672490 -2.537767 17.011333
v 0.232867 1.455675 18.218601
v 0.488388 1.439880 18.215151
v 0.731323 1.414586 18.209633
v 0.973018 1.379478 18.201990
v 1.212988 1.334740 18.192276
v 1.449998 1.280754 18.180573
v 1.684555 1.217535 18.166901
v 1.916252 1.145250 18.151299
v 2.144682 1.064065 18.133814
v 2.369438 0.974144 18.114485
v 2.590114 0.875655 18.093363
v 2.806304 0.768760 18.070488
v 3.017600 0.653626 18.045912
v 3.223598 0.530416 18.019670
v 3.423889 0.399294 17.991814
v 3.617989 0.260483 17.962397
v 3.804392 0.115134 17.931673
v 3.983585 -0.036770 17.899612
v 4.156064 -0.195371 17.866163
v 4.321654 -0.360309 17.831375
v 4.480238 -0.531295 17.795284
v 4.632372 -0.708873 17.757755
v 4.777004 -0.891775 17.719038
v 4.913955 -1.079640 17.679178
v 5.043046 -1.272105 17.638235
v 5.164096 -1.468806 17.596268
v 5.276925 -1.669382 17.553333
v 5.381345 -1.873468 17.509542
v 5.477175 -2.080701 17.464930
v 5.564230 -2.290715 17.419569
v 5.642325 -2.503146 17.373516
v 0.231933 1.396166 18.806580
v 0.486423 1.380469 18.802130
v 0.728368 1.355356 18.795019
v 0.969061 1.320532 18.785170
v 1.208017 1.276200 18.772654
v 1.444000 1.222757 18.757578
v 1.677509 1.160237 18.739965
v 1.908135 1.088823 18.719873
v 2.135467 1.008699 18.697355
v 2.359094 0.920048 18.672472
v 2.578609 0.823054 18.645285
v 2.793600 0.717900 18.615845
v 3.003657 0.604767 18.584217
v 3.208372 0.483838 18.550455
v 3.407334 0.355295 18.514618
v 3.600055 0.219378 18.476782
v 3.785039 0.077228 18.437271
v 3.962790 -0.071174 18.396049
v 4.133819 -0.225973 18.353048
v 4.297974 -0.386823 18.308332
v 4.455158 -0.553445 18.261953
v 4.605945 -0.726371 18.213732
v 4.749311 -0.904370 18.163988
v 4.885103 -1.087092 18.112787
v 5.013161 -1.274186 18.060200
v 5.133328 -1.465302 18.006302
v 5.245448 -1.660087 17.951166
v 5.349350 -1.858187 17.894964
v 5.444881 -2.059248 17.837730
v 5.531878 -2.262912 17.779543
v 5.610179 -2.468820 17.720484
v 0.231009 1.329988 19.398079
v 0.484479 1.314389 19.392567
v 0.725442 1.289459 19.383760
v 0.965141 1.254928 19.371567
v 1.203084 1.211016 19.356070
v 1.438039 1.158137 19.337410
v 1.670493 1.096346 19.315615
v 1.900035 1.025846 19.290752
v 2.126249 0.946840 19.262897
v 2.348722 0.859531 19.232121
v 2.567039 0.764121 19.198500
v 2.780786 0.660812 19.162104
v 2.989549 0.549808 19.123013
v 3.192914 0.431310 19.081289
v 3.390468 0.305520 19.037016
v 3.581717 0.172697 18.990286
v 3.765178 0.033972 18.941492
v 3.941370 -0.110678 18.890598
v 4.110821 -0.261399 18.837524
v 4.273405 -0.417860 18.782349
v 4.429048 -0.579790 18.725138
v 4.578338 -0.747711 18.665670
v 4.720286 -0.920428 18.604343
v 4.854762 -1.097602 18.541239
v 4.981630 -1.278896 18.476444
v 5.100760 -1.463970 18.410055
v 5.212015 -1.652484 18.342159
v 5.315246 -1.844089 18.273046
v 5.410324 -2.038437 18.202721
v 5.497110 -2.235174 18.131277
v 5.575469 -2.433942 18.058821
v 0.230076 1.256727 19.992390
v 0.482516 1.241230 19.985765
v 0.722484 1.216492 19.975191
v 0.961174 1.182268 19.960554
v 1.198088 1.138797 19.941954
v 1.431991 1.086515 19.919563
v 1.663364 1.025499 19.893415
v 1.891788 0.955972 19.863596
v 2.116845 0.878158 19.830196
v 2.338114 0.792282 19.793303
v 2.555177 0.698568 19.753008
v 2.767615 0.597240 19.709402
v 2.975008 0.488522 19.662577
v 3.176936 0.372637 19.612616
v 3.372982 0.249808 19.559618
v 3.562647 0.120316 19.503691
v 3.744460 -0.014719 19.445316
v 3.918957 -0.155323 19.384451
v 4.086685 -0.301643 19.320997
v 4.247543 -0.453363 19.255054
v 4.401485 -0.610223 19.186707
v 4.549112 -0.772730 19.115694
v 4.689474 -0.939728 19.042484
v 4.822464 -1.110893 18.967188
v 4.947974 -1.285897 18.889908
v 5.065897 -1.464414 18.810759
v 5.176127 -1.646113 18.729847
v 5.278517 -1.830649 18.647686
v 5.372972 -2.017674 18.564207
v 5.459379 -2.206833 18.479521
v 5.537626 -2.397760 18.393759
v 0.229114 1.175805 20.589027
v 0.480490 1.160416 20.581263
v 0.719431 1.135884 20.568871
v 0.957075 1.101988 20.551727
v 1.192920 1.058993 20.529942
v 1.425729 1.007354 20.503731
v 1.655972 0.947172 20.473127
v 1.883225 0.878695 20.438236
v 2.107062 0.802171 20.399170
v 2.327059 0.717846 20.356030
v 2.542791 0.625968 20.308929
v 2.753831 0.526784 20.257973
v 2.959756 0.420543 20.203274
v 3.160139 0.307490 20.144934
v 3.354556 0.187873 20.083067
v 3.542503 0.061995 20.017807
v 3.722521 -0.069035 19.949717
v 3.895165 -0.205247 19.878750
v 4.061005 -0.346790 19.804796
v 4.219964 -0.493360 19.727982
v 4.372025 -0.644711 19.648396
v 4.517807 -0.801333 19.565750
v 4.656398 -0.962113 19.480593
v 4.787719 -1.126739 19.393051
v 4.911689 -1.294898 19.303259
v 5.028231 -1.466272 19.211342
v 5.137265 -1.640546 19.117434
v 5.238626 -1.817370 19.022474
v 5.332262 -1.996384 18.926224
v 5.418081 -2.177217 18.828825
v 5.495996 -2.359485 18.730436
v 0.228099 1.086246 21.189379
v 0.478351 1.070976 21.180450
v 0.716206 1.046669 21.166210
v 0.952744 1.013134 21.146515
v 1.187455 0.970661 21.121494
v 1.419099 0.919727 21.091404
v 1.648137 0.860461 21.056280
v 1.874137 0.793136 21.016253
v 2.096667 0.718025 20.971451
v 2.315296 0.635401 20.921995
v 2.529591 0.545536 20.868019
v 2.739119 0.448704 20.809650
v 2.943450 0.345177 20.747017
v 3.142151 0.235228 20.680243
v 3.334790 0.119131 20.609467
v 3.520857 -0.002789 20.534840
v 3.698906 -0.129434 20.457010
v 3.869512 -0.260837 20.375931
v 4.033269 -0.397149 20.291485
v 4.190131 -0.538081 20.203817
v 4.340107 -0.683401 20.113039
v 4.483838 -0.833580 20.018829
v 4.620453 -0.987552 19.921814
v 4.749902 -1.145020 19.822151
v 4.872137 -1.305683 19.719990
v 4.987108 -1.469239 19.615486
v 5.094768 -1.635384 19.508795
v 5.194865 -1.803748 19.401693
v 5.287417 -1.973938 19.293579
v 5.372352 -2.145543 19.184645
v 5.449604 -2.318122 19.075090
v 0.226996 0.986213 21.799215
v 0.476029 0.971077 21.789101
v 0.712704 0.947025 21.772972
v 0.948037 0.913895 21.750677
v 1.181512 0.872008 21.722363
v 1.411887 0.821864 21.688322
v 1.639608 0.763623 21.648607
v 1.864236 0.697586 21.603363
v 2.085332 0.624053 21.552746
v 2.302457 0.543325 21.496899
v 2.515170 0.455705 21.435970
v 2.723031 0.361491 21.370113
v 2.925600 0.260986 21.299479
v 3.122438 0.154491 21.224213
v 3.313105 0.042306 21.144474
v 3.497083 -0.075217 21.060442
v 3.672943 -0.196993 20.972851
v 3.841280 -0.323060 20.881655
v 4.002714 -0.453568 20.786728
v 4.157232 -0.588248 20.688238
v 4.304874 -0.726882 20.586325
v 4.446305 -0.869920 20.480631
v 4.580697 -1.016348 20.371872
v 4.708035 -1.165885 20.260227
v 4.828301 -1.318247 20.145878
v 4.941483 -1.473148 20.028999
v 5.047562 -1.630297 19.909781
v 5.146057 -1.789272 19.791643
v 5.237108 -1.949588 19.673250
v 5.320652 -2.110739 19.554863
v 5.396638 -2.272163 19.436743
v 0.225758 0.872493 22.430193
v 0.473420 0.857514 22.418842
v 0.708768 0.833755 22.400755
v 0.942747 0.801093 22.375761
v 1.174833 0.759877 22.344036
v 1.403776 0.710638 22.305912
v 1.630013 0.653569 22.261454
v 1.853094 0.589001 22.210831
v 2.072570 0.517267 22.154222
v 2.287994 0.438699 22.091793
v 2.498916 0.353630 22.023724
v 2.704888 0.262392 21.950186
v 2.905460 0.165318 21.871353
v 3.100184 0.062738 21.787403
v 3.288611 -0.045013 21.698509
v 3.470216 -0.157556 21.604889
v 3.643586 -0.273822 21.507364
v 3.809341 -0.393853 21.405888
v 3.968129 -0.517801 21.300333
v 4.119973 -0.645415 21.190897
v 4.264950 -0.776493 21.077742
v 4.403748 -0.911465 20.960482
v 4.535590 -1.049375 20.839922
v 4.660498 -1.189959 20.716272
v 4.778492 -1.332952 20.589745
v 4.889596 -1.478087 20.460545
v 4.993827 -1.625090 20.328890
v 5.090158 -1.773412 20.201471
v 5.178967 -1.922362 20.075455
v 5.260178 -2.071215 19.951212
v 5.333737 -2.219154 19.829117
v 0.224285 0.737830 23.106670
v 0.470316 0.723041 23.093988
v 0.704087 0.699637 23.073790
v 0.936456 0.667535 23.045891
v 1.166887 0.627124 23.010502
v 1.394129 0.578966 22.967997
v 1.618599 0.523293 22.918451
v 1.839838 0.460473 22.862070
v 2.057387 0.390876 22.799055
v 2.270786 0.314870 22.729601
v 2.479576 0.232825 22.653913
v 2.683298 0.145108 22.572195
v 2.881492 0.052090 22.484646
v 3.073699 -0.045862 22.391472
v 3.259460 -0.148380 22.292873
v 3.438240 -0.255048 22.189098
v 3.608645 -0.364819 22.081068
v 3.771326 -0.477737 21.968742
v 3.926962 -0.593957 21.851982
v 4.075620 -0.713250 21.731022
v 4.217418 -0.835434 21.606050
v 4.353073 -0.960912 21.476650
v 4.481866 -1.088797 21.343727
v 4.603865 -1.218851 21.207520
v 4.719132 -1.350830 21.068272
v 4.827733 -1.484491 20.926226
v 4.929731 -1.619583 20.781628
v 0.222411 0.569402 23.876600
v 0.466367 0.554856 23.862391
v 0.698130 0.531902 23.839775
v 0.928449 0.500511 23.808552
v 1.156777 0.461117 23.768976
v 1.381856 0.414321 23.721466
v 1.604082 0.360402 23.666124
v 1.822982 0.299776 23.603186
v 2.038084 0.232856 23.532885
v 2.248915 0.160056 23.455452
v 2.455002 0.081789 23.371132
v 2.655874 -0.001531 23.280149
v 2.851057 -0.089490 23.182743
v 3.040078 -0.181675 23.079157
v 3.222466 -0.277673 22.969620
v 3.397673 -0.377029 22.854420
v 3.564332 -0.478717 22.734587
v 3.723126 -0.582788 22.610088
v 3.874777 -0.689395 22.480778
v 4.019403 -0.798339 22.346933
v 4.157174 -0.909459 22.208775
v 4.288839 -1.023126 22.065847
v 4.413757 -1.138540 21.919172
v 4.532047 -1.255490 21.769022
v 4.643828 -1.373764 21.615677
v 4.749217 -1.493146 21.459423
v 4.848331 -1.613418 21.300537
v 4.940529 -1.734173 21.143335
v 5.026191 -1.854897 20.986197
v 5.105372 -1.975062 20.829487
v 5.178144 -2.094081 20.673578
v 0.220309 0.385899 24.643085
v 0.461938 0.371620 24.627352
v 0.691451 0.349161 24.602324
v 0.919475 0.318548 24.567789
v 1.145448 0.280263 24.524040
v 1.368108 0.234951 24.471552
v 1.587825 0.182943 24.410448
v 1.804113 0.124700 24.340996
v 2.016485 0.060687 24.263468
v 2.224454 -0.008636 24.178131
v 2.427533 -0.082806 24.085258
v 2.625233 -0.161361 23.985115
v 2.817069 -0.243838 23.877974
v 3.002553 -0.329776 23.764103
v 3.181197 -0.418712 23.643772
v 3.352444 -0.510144 23.517303
v 3.514952 -0.603074 23.385832
v 3.669443 -0.697554 23.249327
v 3.816681 -0.793737 23.107637
v 3.956842 -0.891449 22.961067
v 4.090154 -0.990558 22.809864
v 4.217401 -1.091394 22.653540
v 4.338028 -1.193255 22.493206
v 4.452216 -1.295964 22.329168
v 4.560143 -1.399347 22.161741
v 4.661992 -1.503228 21.991230
v 4.757941 -1.607431 21.817947
v 4.848170 -1.711782 21.642202
v 4.932860 -1.816106 21.464302
v 5.012191 -1.920227 21.284559
v 5.086342 -2.023969 21.103283
v 0.218565 0.238695 25.213484
v 0.458265 0.224641 25.196573
v 0.685913 0.202594 25.169687
v 0.912037 0.172627 25.132605
v 1.136064 0.135257 25.085646
v 1.356725 0.091162 25.029331
v 1.574375 0.040715 24.963804
v 1.788515 -0.015585 24.889359
v 1.998646 -0.077238 24.806295
v 2.204269 -0.143744 24.714911
v 2.404887 -0.214603 24.615503
v 2.599999 -0.289315 24.508371
v 2.789108 -0.367381 24.393812
v 2.971715 -0.448301 24.272125
v 3.147321 -0.531574 24.143608
v 3.315358 -0.616665 24.008615
v 3.474506 -0.702597 23.868366
v 3.625516 -0.789423 23.722839
v 3.769182 -0.877296 23.571886
v 3.905726 -0.966064 23.415846
v 4.035417 -1.055613 23.254990
v 4.159067 -1.146244 23.088816
v 4.276183 -1.237324 22.918518
v 4.386990 -1.328702 22.744438
v 4.491714 -1.420224 22.566921
v 4.590578 -1.511737 22.386307
v 4.683808 -1.603090 22.202940
v 4.771627 -1.694129 22.017162
v 4.854260 -1.784701 21.829315
v 4.931933 -1.874655 21.639744
v 5.004869 -1.963836 21.448788
v 0.216657 0.082801 25.782841
v 0.454247 0.068992 25.764729
v 0.679856 0.047392 25.735943
v 0.903904 0.018120 25.696257
v 1.125807 -0.018266 25.646021
v 1.344291 -0.061055 25.585804
v 1.559692 -0.109833 25.515762
v 1.771497 -0.164060 25.436224
v 1.979197 -0.223198 25.347517
v 2.182281 -0.286708 25.249969
v 2.380238 -0.354050 25.143906
v 2.572558 -0.424686 25.029657
v 2.758730 -0.498077 24.907551
v 2.938243 -0.573684 24.777912
v 3.110586 -0.650968 24.641071
v 3.275182 -0.729357 24.497416
v 3.430733 -0.807897 24.348251
v 3.578018 -0.886645 24.193567
v 3.717867 -0.965749 24.033218
v 3.850545 -1.045084 23.867577
v 3.976366 -1.124552 23.696941
v 4.096168 -1.204423 23.520798
v 4.209525 -1.284140 23.340422
v 4.316710 -1.363574 23.156195
v 4.417994 -1.442597 22.968489
v 4.513645 -1.521078 22.777685
v 4.603937 -1.598888 22.584158
v 4.689139 -1.675898 22.388285
v 4.769523 -1.751979 22.190441
v 4.845359 -1.827002 21.991005
v 4.916918 -1.900838 21.790352
v 0.223502 -0.082264 26.351852
v 0.446476 -0.095204 26.333366
v 0.668402 -0.116040 26.303047
v 0.888761 -0.144198 26.261251
v 1.107035 -0.179102 26.208336
v 1.322703 -0.220177 26.144655
v 1.535246 -0.266848 26.070564
v 1.744147 -0.318540 25.986420
v 1.948885 -0.374679 25.892576
v 2.148942 -0.434689 25.789391
v 2.343798 -0.497994 25.677216
v 2.579065 -0.580948 25.524645
v 2.760306 -0.649550 25.393559
v 2.934659 -0.719579 25.254641
v 3.101606 -0.790461 25.108246
v 3.260635 -0.861624 24.954731
v 3.411509 -0.932651 24.794468
v 3.554468 -1.003392 24.627872
v 3.689836 -1.073742 24.455353
v 3.817931 -1.143595 24.277328
v 3.939076 -1.212844 24.094213
v 4.053592 -1.281386 23.906422
v 4.161799 -1.349114 23.714367
v 4.264020 -1.415923 23.518467
v 4.360574 -1.481707 23.319134
v 4.451783 -1.546360 23.116783
v 4.537969 -1.609777 22.911831
v 4.619452 -1.671853 22.704693
v 4.696552 -1.732482 22.495781
v 4.769593 -1.791558 22.285511
v 4.838894 -1.848976 22.074299
v 4.979770 -1.969255 21.605593
v 5.064048 -2.043784 21.292818
v 5.142091 -2.114767 20.977587
v 5.235654 -2.202676 20.561869
v 5.320587 -2.285382 20.143223
v 5.394895 -2.360221 19.739521
v 5.459983 -2.427924 19.350489
v 5.515982 -2.487920 18.984121
v 5.563202 -2.539888 18.648510
v 5.605108 -2.587362 18.324457
v 5.643524 -2.632451 17.998362
v 5.678800 -2.675746 17.666077
v 5.711004 -2.717466 17.326824
v 5.740773 -2.758573 16.973606
v 5.767505 -2.798368 16.613356
v 5.792078 -2.837919 16.239668
v 5.814744 -2.877569 15.851149
v 5.845177 -2.935767 15.262948
v 5.871790 -2.992080 14.674373
v 5.912487 -3.089087 13.620070
v 5.948606 -3.199244 12.319545
v 5.960896 -3.246510 11.720511
v 5.970428 -3.290398 11.135868
v 5.977425 -3.331887 10.541774
v 5.982927 -3.370667 9.957316
v 5.987265 -3.408203 9.350687
v 5.990352 -3.439633 8.801669
v 5.991858 -3.466951 8.217846
v 5.991444 -3.487129 7.651466
v 5.986987 -3.496563 7.004459
v 5.978425 -3.489784 6.411013
v 5.966074 -3.469397 5.824047
v 5.947163 -3.424731 5.227092
v 5.922146 -3.355210 4.649009
v 5.894284 -3.271802 4.142735
v 5.856428 -3.159879 3.666320
v 5.806400 -3.026354 3.216432
v 5.732621 -2.860582 2.790531
v 5.636068 -2.670391 2.380123
v 5.503918 -2.444871 1.970436
v 5.357405 -2.230940 1.646016
v 4.928028 -1.732405 1.073461
v 4.814546 -1.621253 0.972906
v 4.694625 -1.510098 0.879944
v 4.568769 -1.399440 0.794230
v 4.437479 -1.289776 0.715417
v 4.301255 -1.181608 0.643162
v 4.160601 -1.075434 0.577119
v 4.015943 -0.971575 0.516776
v 3.867500 -0.870213 0.461595
v 3.715467 -0.771636 0.411193
v 3.560036 -0.676134 0.365188
v 3.401400 -0.583996 0.323197
v 3.239751 -0.495512 0.284835
v 3.075283 -0.410969 0.249722
v 2.908189 -0.330659 0.217472
v 2.738573 -0.254873 0.187807
v 2.566534 -0.183744 0.160649
v 2.392246 -0.117319 0.135924
v 2.215888 -0.055646 0.113556
v 2.037637 0.001228 0.093470
v 1.857669 0.053256 0.075592
v 1.676162 0.100390 0.059845
v 1.493292 0.142584 0.046154
v 1.309225 0.179805 0.034436
v 1.124109 0.212045 0.024599
v 0.938099 0.239289 0.016551
v 0.751349 0.261520 0.010202
v 0.564015 0.278725 0.005462
v 0.376251 0.290887 0.002241
v 0.188212 0.297990 0.000447
v 5.252049 -2.388630 1.538705
v 5.422708 -2.614791 1.934309
v 5.554423 -2.818600 2.358675
v 5.653167 -2.994892 2.798370
v 5.725173 -3.141398 3.245549
v 5.778069 -3.263544 3.715667
v 5.816525 -3.360713 4.204582
v 5.847683 -3.437936 4.737264
v 5.873876 -3.495642 5.319853
v 5.891887 -3.528479 5.860571
v 5.906256 -3.548004 6.446323
v 5.915611 -3.552997 7.026872
v 5.920975 -3.545533 7.647769
v 5.922194 -3.529253 8.212115
v 5.920579 -3.504868 8.817716
v 5.917134 -3.478599 9.375433
v 5.912122 -3.449614 9.952148
v 5.904830 -3.416369 10.582657
v 5.896172 -3.384726 11.153172
v 5.884944 -3.350579 11.739184
v 5.870852 -3.314132 12.333785
v 5.852639 -3.273577 12.960897
v 5.829655 -3.228107 13.632730
v 5.787749 -3.156260 14.639484
v 5.758659 -3.111158 15.251502
v 5.725718 -3.064816 15.863225
v 5.696848 -3.027529 16.344698
v 5.667136 -2.992315 16.783785
v 5.636308 -2.958455 17.187794
v 5.603003 -2.924249 17.573994
v 5.568190 -2.890307 17.935490
v 5.531035 -2.855523 18.283911
v 5.490916 -2.819115 18.626429
v 5.447334 -2.780484 18.967909
v 5.399787 -2.739144 19.311878
v 5.347734 -2.694785 19.660028
v 5.290676 -2.647276 20.012236
v 5.228200 -2.596648 20.366531
v 5.159786 -2.542800 20.722612
v 5.085238 -2.485964 21.076988
v 5.004067 -2.425893 21.432253
v 4.916185 -2.362938 21.783550
v 5.147566 -2.257474 1.452873
v 5.319235 -2.463109 1.866386
v 5.452722 -2.648492 2.306586
v 5.553789 -2.808734 2.760869
v 5.628456 -2.941687 3.221591
v 5.684227 -3.052347 3.703743
v 5.725521 -3.140249 4.201976
v 5.759381 -3.210036 4.740567
v 5.788038 -3.262097 5.325516
v 5.807921 -3.291556 5.865914
v 5.823958 -3.308788 6.450147
v 5.834599 -3.312646 7.028969
v 5.840937 -3.304919 7.648466
v 5.842638 -3.289073 8.212096
v 5.841097 -3.265621 8.817485
v 5.837279 -3.240434 9.375511
v 5.831457 -3.212647 9.952929
v 5.822856 -3.180792 10.584347
v 5.812726 -3.150532 11.155453
v 5.799802 -3.117979 11.741514
v 5.783894 -3.083370 12.335278
v 5.763761 -3.045066 12.960325
v 5.738783 -3.002421 13.629328
v 5.694106 -2.935987 14.634960
v 5.663481 -2.894954 15.249972
v 5.629545 -2.854027 15.864813
v 5.599771 -2.821493 16.358908
v 5.569633 -2.791680 16.810810
v 5.538785 -2.763726 17.227991
v 5.505863 -2.736082 17.627621
v 5.471688 -2.708981 18.003038
v 5.435411 -2.681405 18.365591
v 5.396401 -2.652624 18.722145
v 5.354146 -2.622070 19.077272
v 5.308136 -2.589295 19.434299
v 5.257843 -2.554062 19.794847
v 5.202786 -2.516318 20.158823
v 5.142531 -2.476129 20.524536
v 5.076595 -2.433496 20.891666
v 5.004665 -2.388595 21.257391
v 4.926585 -2.341475 21.622955
v 4.842066 -2.292356 21.984600
v 5.035857 -2.126441 1.373130
v 5.208184 -2.312248 1.803255
v 5.343114 -2.479824 2.258126
v 5.446199 -2.624547 2.725945
v 5.523244 -2.744380 3.199274
v 5.581623 -2.843902 3.692641
v 5.625509 -2.922790 4.199556
v 5.661836 -2.985306 4.743618
v 5.692735 -3.031801 5.330695
v 5.714312 -3.057883 5.870726
v 5.731849 -3.072771 6.453485
v 5.743639 -3.075412 7.030679
v 5.750835 -3.067311 7.648901
v 5.752946 -3.051797 8.211925
v 5.751441 -3.029181 8.817199
v 5.747250 -3.005018 9.375586
v 5.740653 -2.978407 9.953713
v 5.730826 -2.947959 10.586010
v 5.719329 -2.919129 11.157665
v 5.704848 -2.888236 11.743735
v 5.687290 -2.855547 12.336648
v 5.665433 -2.819583 12.959658
v 5.638695 -2.779852 13.625894
v 5.591641 -2.718951 14.630474
v 5.559750 -2.682049 15.248460
v 5.525107 -2.646463 15.866370
v 5.494679 -2.618720 16.372913
v 5.464367 -2.594255 16.837437
v 5.433741 -2.572084 17.267591
v 5.401433 -2.550797 17.680426
v 5.368120 -2.530305 18.069546
v 5.332940 -2.509680 18.446032
v 5.295256 -2.488250 18.816450
v 5.254552 -2.465482 19.185089
v 5.210315 -2.440973 19.555084
v 5.162028 -2.414553 19.928001
v 5.109228 -2.386241 20.303768
v 5.051467 -2.356148 20.680939
v 4.988296 -2.324363 21.059181
v 4.919313 -2.291053 21.436274
v 4.844617 -2.256430 21.812283
v 4.763764 -2.220660 22.184437
v 4.917242 -1.995923 1.299195
v 5.089857 -2.162590 1.744698
v 5.225885 -2.312971 2.213130
v 5.330669 -2.442699 2.693483
v 5.409801 -2.549843 3.178522
v 5.470512 -2.638573 3.682325
v 5.516736 -2.708701 4.197312
v 5.555290 -2.764116 4.746428
v 5.588204 -2.805131 5.335417
v 5.611296 -2.827843 5.875036
v 5.630169 -2.840350 6.456367
v 5.642974 -2.841701 7.032031
v 5.650918 -2.833126 7.649096
v 5.653372 -2.817850 8.211617
v 5.651865 -2.795981 8.816864
v 5.647305 -2.772787 9.375654
v 5.639975 -2.747329 9.954498
v 5.629007 -2.718303 10.587642
v 5.616254 -2.690943 11.159805
v 5.600356 -2.661771 11.745850
v 5.581313 -2.631071 12.337898
v 5.557930 -2.597523 12.958901
v 5.529661 -2.560781 13.622436
v 5.480613 -2.505503 14.626033
v 5.447709 -2.472775 15.246966
v 5.412629 -2.442442 15.867899
v 5.381790 -2.419505 16.386698
v 5.351536 -2.400318 16.863636
v 5.321348 -2.383792 17.306543
v 5.289864 -2.368651 17.732336
v 5.257608 -2.354530 18.134920
v 5.223716 -2.340596 18.525124
v 5.187551 -2.326236 18.909218
v 5.148594 -2.310958 19.291220
v 5.106334 -2.294407 19.674082
v 5.060266 -2.276475 20.059309
v 5.009943 -2.257251 20.446852
v 4.954910 -2.236896 20.835487
v 4.894751 -2.215574 21.224882
v 4.829000 -2.193478 21.613323
v 4.757938 -2.170883 21.999886
v 4.681010 -2.147962 22.382675
v 4.792109 -1.866378 1.230824
v 4.964625 -2.014595 1.690523
v 5.101394 -2.148396 2.171458
v 5.207544 -2.263657 2.663385
v 5.288456 -2.358545 3.159273
v 5.351215 -2.436834 3.672763
v 5.399515 -2.498462 4.195238
v 5.440050 -2.546953 4.749009
v 5.474749 -2.582584 5.339705
v 5.499177 -2.601946 5.878875
v 5.519221 -2.612045 6.458827
v 5.532908 -2.612042 7.033051
v 5.541493 -2.602906 7.649074
v 5.544226 -2.587782 8.211185
v 5.542687 -2.566578 8.816485
v 5.537767 -2.544301 9.375719
v 5.529751 -2.519974 9.955278
v 5.517732 -2.492381 10.589239
v 5.503837 -2.466525 11.161870
v 5.486663 -2.439121 11.747855
v 5.466302 -2.410469 12.339032
v 5.441587 -2.379399 12.958063
v 5.412014 -2.345703 13.618965
v 5.361344 -2.296109 14.621646
v 5.327675 -2.267576 15.245496
v 5.292407 -2.242391 15.869394
v 5.261384 -2.224248 16.400223
v 5.231404 -2.210248 16.889336
v 5.201853 -2.199213 17.344751
v 5.171373 -2.189994 17.783243
v 5.140345 -2.181999 18.199039
v 5.107905 -2.174487 18.602720
v 5.073422 -2.166909 19.000271
v 5.036377 -2.158816 19.395458
v 4.996264 -2.149900 19.791048
v 4.952591 -2.140119 20.188498
v 4.904931 -2.129620 20.587772
v 4.852824 -2.118623 20.987850
v 4.795881 -2.107357 21.388390
v 4.733596 -2.096064 21.788128
v 4.666374 -2.085007 22.185318
v 4.593580 -2.074413 22.578827
v 4.661919 -1.739269 1.168240
v 4.833941 -1.869865 1.640910
v 4.971074 -1.987826 2.133250
v 5.078239 -2.089256 2.635756
v 5.160605 -2.172415 3.141596
v 5.225103 -2.240695 3.663989
v 5.275198 -2.294152 4.193340
v 5.317448 -2.335957 4.751355
v 5.353688 -2.366351 5.343554
v 5.379264 -2.382418 5.882248
v 5.400308 -2.390112 6.460878
v 5.414742 -2.388717 7.033764
v 5.423861 -2.378948 7.648856
v 5.426813 -2.363898 8.210649
v 5.425217 -2.343278 8.816073
v 5.419955 -2.321862 9.375779
v 5.411308 -2.298637 9.956047
v 5.398340 -2.272472 10.590784
v 5.383427 -2.248134 11.163841
v 5.365131 -2.222525 11.749737
v 5.343627 -2.195950 12.340045
v 5.317781 -2.167385 12.957156
v 5.287134 -2.136750 13.615518
v 5.235210 -2.092825 14.617357
v 5.201015 -2.068452 15.244061
v 5.165788 -2.048254 15.870844
v 5.134795 -2.034833 16.413364
v 5.105278 -2.025868 16.914299
v 5.076532 -2.020110 17.381857
v 5.047204 -2.016536 17.832664
v 5.017537 -2.014366 18.261295
v 4.986674 -2.012953 18.678083
v 4.953991 -2.011808 19.088751
v 4.918976 -2.010531 19.496811
v 4.881131 -2.008862 19.904865
v 4.839977 -2.006817 20.314318
v 4.795103 -2.004602 20.725151
v 4.746054 -2.002496 21.136515
v 4.692461 -2.000781 21.548073
v 4.633800 -1.999767 21.958939
v 4.570546 -1.999657 22.366701
v 4.502015 -2.000756 22.770885
v 4.525888 -1.613807 1.110532
v 4.697005 -1.727433 1.595139
v 4.834120 -1.830135 2.097958
v 4.941948 -1.918233 2.610205
v 5.025448 -1.990075 3.125242
v 5.091387 -2.048681 3.655877
v 5.143008 -2.094221 4.191590
v 5.186724 -2.129519 4.753502
v 5.224275 -2.154781 5.347031
v 5.250822 -2.167587 5.885220
v 5.272708 -2.172868 6.462575
v 5.287766 -2.170039 7.034208
v 5.297320 -2.159571 7.648465
v 5.300437 -2.144528 8.210018
v 5.298766 -2.124426 8.815629
v 5.293179 -2.103827 9.375835
v 5.283956 -2.081684 9.956805
v 5.270134 -2.056951 10.592287
v 5.254320 -2.034153 11.165734
v 5.235044 -2.010372 11.751513
v 5.212560 -1.985912 12.340950
v 5.185772 -1.959887 12.956181
v 5.154262 -1.932341 13.612074
v 5.101427 -1.894095 14.613132
v 5.066928 -1.873866 15.242646
v 5.031948 -1.858528 15.872258
v 5.001181 -1.849775 16.426216
v 4.972301 -1.845722 16.938713
v 4.944510 -1.845066 17.418148
v 4.916465 -1.846905 17.880991
v 4.888279 -1.850309 18.322176
v 4.859105 -1.854722 18.751808
v 4.828331 -1.859720 19.175350
v 4.795454 -1.864949 19.596073
v 4.759984 -1.870197 20.016420
v 4.721461 -1.875540 20.437742
v 4.679487 -1.881236 20.860037
v 4.633615 -1.887623 21.282612
v 4.583498 -1.895034 21.705133
v 4.528600 -1.903849 22.127029
v 4.469433 -1.914183 22.545368
v 4.405286 -1.926443 22.960249
v 4.384325 -1.490371 1.057427
v 4.554109 -1.587671 1.552997
v 4.690810 -1.675686 2.065423
v 4.798939 -1.750947 2.586618
v 4.883241 -1.811881 3.110137
v 4.950315 -1.861148 3.648391
v 5.003184 -1.899025 4.189981
v 5.048111 -1.927999 4.755463
v 5.086741 -1.948241 5.350158
v 5.114083 -1.957826 5.887822
v 5.136653 -1.960696 6.463950
v 5.152213 -1.956402 7.034408
v 5.162110 -1.945181 7.647921
v 5.165345 -1.930085 8.209305
v 5.163582 -1.910441 8.815160
v 5.157692 -1.890620 9.375887
v 5.147951 -1.869538 9.957553
v 5.133377 -1.846241 10.593746
v 5.116779 -1.824999 11.167547
v 5.096668 -1.803071 11.753183
v 5.073368 -1.780752 12.341748
v 5.045823 -1.757290 12.955141
v 5.013658 -1.732845 13.608641
v 4.960243 -1.700261 14.608979
v 4.925650 -1.684140 15.241257
v 4.891107 -1.673521 15.873638
v 4.860748 -1.669362 16.438766
v 4.832658 -1.670080 16.962547
v 4.805953 -1.674338 17.453571
v 4.779300 -1.681349 17.928160
v 4.752690 -1.690068 18.381611
v 4.725291 -1.700030 18.823803
v 4.696508 -1.710872 19.259954
v 4.665848 -1.722287 19.693110
v 4.632834 -1.734115 20.125547
v 4.597020 -1.746486 20.558578
v 4.558027 -1.759707 20.992207
v 4.515416 -1.774177 21.425888
v 4.468857 -1.790271 21.859285
v 4.417820 -1.808445 22.292091
v 4.362816 -1.828710 22.720984
v 4.303132 -1.851583 23.146542
v 4.237539 -1.369338 1.008654
v 4.405546 -1.450948 1.514270
v 4.541423 -1.524845 2.035486
v 4.649475 -1.587757 2.564883
v 4.734239 -1.638188 3.096213
v 4.802131 -1.678449 3.641496
v 4.855967 -1.708920 4.188502
v 4.901845 -1.731755 4.757247
v 4.941319 -1.747098 5.352962
v 4.969279 -1.753513 5.890083
v 4.992378 -1.753982 6.465032
v 5.008319 -1.748202 7.034393
v 5.018470 -1.736182 7.647244
v 5.021777 -1.720982 8.208524
v 5.019912 -1.701744 8.814669
v 5.013748 -1.682665 9.375935
v 5.003551 -1.662626 9.958283
v 4.988329 -1.640761 10.595156
v 4.971071 -1.621087 11.169277
v 4.950270 -1.601027 11.754748
v 4.926316 -1.580866 12.342446
v 4.898198 -1.559978 12.954046
v 4.865584 -1.538631 13.605227
v 4.811906 -1.511664 14.604904
v 4.777419 -1.499596 15.239893
v 4.743486 -1.493542 15.874979
v 4.713700 -1.493881 16.450989
v 4.686535 -1.499213 16.985760
v 4.661024 -1.508182 17.488075
v 4.635848 -1.520116 17.974098
v 4.610887 -1.533884 18.439507
v 4.585327 -1.549109 18.893963
v 4.558590 -1.565488 19.342445
v 4.530197 -1.582763 19.787773
v 4.499687 -1.600823 20.232082
v 4.466631 -1.619851 20.676634
v 4.430665 -1.640201 21.121449
v 4.391361 -1.662329 21.566095
v 4.348406 -1.686649 22.010250
v 4.301281 -1.713691 22.453821
v 4.250476 -1.743360 22.893208
v 4.195288 -1.776284 23.329391
v 4.085839 -1.251088 0.963939
v 4.251610 -1.317635 1.478745
v 4.386239 -1.377975 2.007984
v 4.493824 -1.429022 2.544889
v 4.578696 -1.469352 3.083397
v 4.647082 -1.500939 3.635155
v 4.701595 -1.524259 4.187148
v 4.748158 -1.541148 4.758870
v 4.788239 -1.551717 5.355468
v 4.816640 -1.555019 5.892034
v 4.840113 -1.553110 6.465851
v 4.856321 -1.545833 7.034189
v 4.866640 -1.532980 7.646455
v 4.869977 -1.517634 8.207687
v 4.868007 -1.498755 8.814162
v 4.861599 -1.480384 9.375978
v 4.851014 -1.461369 9.958999
v 4.835253 -1.440934 10.596514
v 4.817458 -1.422832 11.170923
v 4.796115 -1.404649 11.756207
v 4.771672 -1.386651 12.343044
v 4.743163 -1.368335 12.952898
v 4.710299 -1.350068 13.601842
v 4.656667 -1.328648 14.600914
v 4.622473 -1.320557 15.238557
v 4.589306 -1.318901 15.876281
v 4.560242 -1.323620 16.462868
v 4.534118 -1.333390 17.008320
v 4.509888 -1.346856 17.521608
v 4.486252 -1.363454 18.018745
v 4.462989 -1.381997 18.495783
v 4.439305 -1.402190 18.962185
v 4.414644 -1.423793 19.422691
v 4.388543 -1.446592 19.879917
v 4.360557 -1.470527 20.335850
v 4.330275 -1.495830 20.791710
v 4.297346 -1.522899 21.247524
v 4.261358 -1.552248 21.702974
v 4.222012 -1.584321 22.157745
v 4.178806 -1.619724 22.611916
v 4.132195 -1.658254 23.061701
v 4.081492 -1.700655 23.508425
v 3.929536 -1.135999 0.923011
v 4.092595 -1.188103 1.446208
v 4.225534 -1.235440 1.982760
v 4.332252 -1.275101 2.526523
v 4.416868 -1.305728 3.071618
v 4.485415 -1.328972 3.629332
v 4.540307 -1.345399 4.185907
v 4.587288 -1.356536 4.760342
v 4.627735 -1.362466 5.357701
v 4.656400 -1.362722 5.893705
v 4.680093 -1.358464 6.466440
v 4.696452 -1.349689 7.033823
v 4.706859 -1.335979 7.645575
v 4.710191 -1.320453 8.206808
v 4.708113 -1.301894 8.813648
v 4.701499 -1.284202 9.376020
v 4.690597 -1.266194 9.959691
v 4.674409 -1.247180 10.597816
v 4.656205 -1.230649 11.172481
v 4.634470 -1.214343 11.757562
v 4.609702 -1.198505 12.343546
v 4.580982 -1.182745 12.951706
v 4.548064 -1.167524 13.598492
v 4.494772 -1.151553 14.597015
v 4.461049 -1.147346 15.237248
v 4.428786 -1.149907 15.877542
v 4.400579 -1.158868 16.474386
v 4.375591 -1.172884 17.030191
v 4.352708 -1.190618 17.554123
v 4.330652 -1.211612 18.062037
v 4.309111 -1.234645 18.550364
v 4.287317 -1.259506 19.028368
v 4.264736 -1.286010 19.500578
v 4.240923 -1.313989 19.969400
v 4.215450 -1.343430 20.436687
v 4.187924 -1.374615 20.903614
v 4.158010 -1.407982 21.370220
v 4.125311 -1.444099 21.836281
v 4.089540 -1.483441 22.301493
v 4.050218 -1.526680 22.766066
v 4.007750 -1.573517 23.226124
v 3.961481 -1.624804 23.683268
v 3.768938 -1.024450 0.885598
v 3.928792 -1.062722 1.416445
v 4.059588 -1.097603 1.959652
v 4.165023 -1.126351 2.509672
v 4.249011 -1.147671 3.060805
v 4.317374 -1.162902 3.623991
v 4.372343 -1.172696 4.184774
v 4.419466 -1.178280 4.761674
v 4.460038 -1.179711 5.359685
v 4.488789 -1.176994 5.895125
v 4.512549 -1.170430 6.466827
v 4.528949 -1.160166 7.033322
v 4.539364 -1.145584 7.644623
v 4.542659 -1.129853 8.205899
v 4.540480 -1.111581 8.813128
v 4.533700 -1.094544 9.376058
v 4.522557 -1.077525 9.960361
v 4.506060 -1.059921 10.599058
v 4.487577 -1.044955 11.173949
v 4.465600 -1.030517 11.758810
v 4.440670 -1.016823 12.343956
v 4.411920 -1.003591 12.950476
v 4.379140 -0.991368 13.595187
v 4.326470 -0.980721 14.593216
v 4.293384 -0.980284 15.235971
v 4.262148 -0.986870 15.878761
v 4.234912 -0.999911 16.485525
v 4.211136 -1.017965 17.051344
v 4.189645 -1.039726 17.585569
v 4.169186 -1.064839 18.103907
v 4.149369 -1.092070 18.603165
v 4.129456 -1.121288 19.092421
v 4.108932 -1.152360 19.575987
v 4.087375 -1.185165 20.056080
v 4.064374 -1.219735 20.534422
v 4.039556 -1.256397 21.012148
v 4.012599 -1.295628 21.489309
v 3.983126 -1.338048 21.965759
v 3.950857 -1.384158 22.441208
v 3.915339 -1.434694 22.915968
v 3.876925 -1.489269 23.386137
v 3.834991 -1.548841 23.853544
v 3.604355 -0.916819 0.851425
v 3.760497 -0.941864 1.389245
v 3.888681 -0.964829 1.938501
v 3.992406 -0.983133 2.494226
v 4.075379 -0.995538 3.050887
v 4.143208 -1.003083 3.619097
v 4.197942 -1.006503 4.183739
v 4.244929 -1.006738 4.762880
v 4.285380 -1.003819 5.361445
v 4.314039 -0.998212 5.896326
v 4.337716 -0.989391 6.467043
v 4.354047 -0.977658 7.032714
v 4.364397 -0.962202 7.643620
v 4.367626 -0.946247 8.204976
v 4.365355 -0.928237 8.812611
v 4.358455 -0.911832 9.376092
v 4.347152 -0.895784 9.961003
v 4.330466 -0.879578 10.600238
v 4.311838 -0.866164 11.175324
v 4.289771 -0.853578 11.759953
v 4.264845 -0.842003 12.344275
v 4.236240 -0.831258 12.949210
v 4.203787 -0.821968 13.591935
v 4.152010 -0.816495 14.589521
v 4.119713 -0.819696 15.234726
v 4.089613 -0.830098 15.879936
v 4.063447 -0.847038 16.496269
v 4.040936 -0.868906 17.071747
v 4.020862 -0.894439 17.615900
v 4.001994 -0.923384 18.144295
v 3.983881 -0.954512 18.654106
v 3.965812 -0.987766 19.154234
v 3.947298 -1.023066 19.648794
v 3.927936 -1.060333 20.139812
v 3.907337 -1.099642 20.628891
v 3.885146 -1.141366 21.117125
v 3.861055 -1.186016 21.604572
v 3.834705 -1.234260 22.091158
v 3.805827 -1.286625 22.576609
v 3.773993 -1.343902 23.061316
v 3.739498 -1.405635 23.541403
v 3.701760 -1.472873 24.018885
v 3.436097 -0.813486 0.820222
v 3.588001 -0.825898 1.364392
v 3.713090 -0.837482 1.919148
v 3.814664 -0.845805 2.480069
v 3.896227 -0.849683 3.041793
v 3.963161 -0.849870 3.614613
v 4.017343 -0.847178 4.182794
v 4.063911 -0.842271 4.763972
v 4.103992 -0.835155 5.363008
v 4.132382 -0.826749 5.897336
v 4.155825 -0.815732 6.467120
v 4.171982 -0.802558 7.032025
v 4.182196 -0.786235 7.642587
v 4.185336 -0.770049 8.204049
v 4.182987 -0.752283 8.812100
v 4.176016 -0.736490 9.376122
v 4.164639 -0.721398 9.961617
v 4.147890 -0.706572 10.601350
v 4.129251 -0.694693 11.176605
v 4.107249 -0.683932 11.760989
v 4.082491 -0.674441 12.344507
v 4.054207 -0.666130 12.947920
v 4.022265 -0.659695 13.588744
v 3.971640 -0.659215 14.585939
v 3.940275 -0.665903 15.233514
v 3.911400 -0.679902 15.881064
v 3.886384 -0.700537 16.506596
v 3.865176 -0.725978 17.091362
v 3.846519 -0.755016 17.645069
v 3.829216 -0.787496 18.183134
v 3.812762 -0.822209 18.703108
v 3.796477 -0.859171 19.213717
v 3.779899 -0.898349 19.718882
v 3.762645 -0.939703 20.220455
v 3.744346 -0.983353 20.719923
v 3.724669 -1.029710 21.218346
v 3.703319 -1.079320 21.715784
v 3.679953 -1.132897 22.212227
v 3.654315 -1.190991 22.707420
v 3.626000 -1.254441 23.201803
v 3.595251 -1.322735 23.691580
v 3.561524 -1.397010 24.178909
v 3.264472 -0.714828 0.791716
v 3.411598 -0.715196 1.341673
v 3.533095 -0.715925 1.901432
v 3.632066 -0.714725 2.467093
v 3.711812 -0.710462 3.033452
v 3.777480 -0.703616 3.610503
v 3.830786 -0.695075 4.181930
v 3.876645 -0.685236 4.764961
v 3.916108 -0.674086 5.364397
v 3.944048 -0.662980 5.898187
v 3.967109 -0.649838 6.467088
v 3.982987 -0.635263 7.031283
v 3.992999 -0.618091 7.641545
v 3.996032 -0.601672 8.203134
v 3.993625 -0.584137 8.811604
v 3.986639 -0.568944 9.376150
v 3.975276 -0.554791 9.962197
v 3.958592 -0.541325 10.602392
v 3.940083 -0.530956 11.177790
v 3.918301 -0.521988 11.761921
v 3.893876 -0.514533 12.344655
v 3.866087 -0.508591 12.946609
v 3.834834 -0.504915 13.585626
v 3.785608 -0.509223 14.582475
v 3.755304 -0.519227 15.232339
v 3.727730 -0.536589 15.882146
v 3.703927 -0.560698 16.516495
v 3.684036 -0.589454 17.110159
v 3.666778 -0.621717 17.673023
v 3.650990 -0.657425 18.220367
v 3.636128 -0.695404 18.750093
v 3.621543 -0.735734 19.270767
v 3.606800 -0.778429 19.786127
v 3.591537 -0.823487 20.297867
v 3.575410 -0.871066 20.807354
v 3.558100 -0.921617 21.315617
v 3.539329 -0.975717 21.822723
v 3.518773 -1.034123 22.328716
v 3.496184 -1.097405 22.833359
v 3.471184 -1.166446 23.337128
v 3.443965 -1.240694 23.836332
v 3.414021 -1.321359 24.333250
v 3.089791 -0.621225 0.765635
v 3.231583 -0.610128 1.320875
v 3.348974 -0.600523 1.885193
v 3.444876 -0.590252 2.455182
v 3.522387 -0.578230 3.025793
v 3.586411 -0.564676 3.606731
v 3.638509 -0.550549 4.181139
v 3.683367 -0.535995 4.765860
v 3.721958 -0.520980 5.365636
v 3.749271 -0.507281 5.898906
v 3.771801 -0.492093 6.466976
v 3.787300 -0.476166 7.030514
v 3.797048 -0.458173 7.640512
v 3.799956 -0.441529 8.202240
v 3.797517 -0.424222 8.811124
v 3.790574 -0.409615 9.376176
v 3.779319 -0.396386 9.962742
v 3.762834 -0.384257 10.603360
v 3.744595 -0.375369 11.178874
v 3.723191 -0.368152 11.762747
v 3.699265 -0.362678 12.344722
v 3.672143 -0.359024 12.945282
v 3.641756 -0.357999 13.582584
v 3.594161 -0.366861 14.579138
v 3.565035 -0.379992 15.231203
v 3.538824 -0.400471 15.883179
v 3.516277 -0.427808 16.525946
v 3.497698 -0.459607 17.128111
v 3.481798 -0.494803 17.699724
v 3.467454 -0.533422 18.255934
v 3.454093 -0.574335 18.794983
v 3.441100 -0.617685 19.325287
v 3.428066 -0.663528 19.850418
v 3.414652 -0.711894 20.371904
v 3.400533 -0.762981 20.891018
v 3.385413 -0.817275 21.408749
v 3.369026 -0.875382 21.925173
v 3.351068 -0.938098 22.440378
v 3.331299 -1.006015 22.954147
v 3.309368 -1.080055 23.466980
v 3.285419 -1.159633 23.975319
v 3.258986 -1.246030 24.481529
v 2.905994 -0.529974 0.740922
v 3.041665 -0.507611 1.301158
v 3.154257 -0.487850 1.869781
v 3.246483 -0.468660 2.443866
v 3.321234 -0.449005 3.018512
v 3.383151 -0.428847 3.603147
v 3.433646 -0.409216 4.180389
v 3.477157 -0.390011 4.766706
v 3.514579 -0.371179 5.366788
v 3.541054 -0.354916 5.899543
v 3.562883 -0.337703 6.466806
v 3.577885 -0.320439 7.029716
v 3.587297 -0.301635 7.639475
v 3.590066 -0.284773 8.201353
v 3.587622 -0.267703 8.810651
v 3.580791 -0.253695 9.376199
v 3.569750 -0.241405 9.963265
v 3.553614 -0.230632 10.604281
v 3.535805 -0.223241 11.179891
v 3.514959 -0.217785 11.763492
v 3.491721 -0.214291 12.344709
v 3.465469 -0.212910 12.943901
v 3.436157 -0.214501 13.579530
v 3.390483 -0.227808 14.575821
v 3.362691 -0.243960 15.230068
v 3.337940 -0.267395 15.884195
v 3.316722 -0.297801 16.535242
v 3.299478 -0.332451 17.145771
v 3.284923 -0.370366 17.725998
v 3.271980 -0.411659 18.290936
v 3.260058 -0.455257 18.839170
v 3.248577 -0.501361 19.378973
v 3.237157 -0.550067 19.913748
v 3.225481 -0.601439 20.444872
v 3.213248 -0.655708 20.973507
v 3.200179 -0.713395 21.500622
v 3.186026 -0.775136 22.026297
v 3.170502 -0.841765 22.550659
v 3.153379 -0.913892 23.073511
v 3.134331 -0.992474 23.595362
v 3.113461 -1.076911 24.112812
v 3.090341 -1.168542 24.628298
v 2.729837 -0.449169 0.719609
v 2.859194 -0.416738 1.284147
v 2.966762 -0.387899 1.856469
v 3.055070 -0.360736 2.434080
v 3.126817 -0.334253 3.012213
v 3.186382 -0.308183 3.600047
v 3.235050 -0.283622 4.179742
v 3.277010 -0.260248 4.767433
v 3.313092 -0.237989 5.367761
v 3.338609 -0.219424 5.900054
v 3.359639 -0.200391 6.466606
v 3.374081 -0.181925 7.028968
v 3.383123 -0.162395 7.638530
v 3.385750 -0.145344 8.200555
v 3.383330 -0.128498 8.810229
v 3.376663 -0.115045 9.376218
v 3.365915 -0.103622 9.963722
v 3.350238 -0.094099 10.605077
v 3.332969 -0.088079 11.180753
v 3.312797 -0.084231 11.764098
v 3.290363 -0.082536 12.344630
v 3.265090 -0.083206 12.942598
v 3.236952 -0.087138 13.576741
v 3.193299 -0.104384 14.572828
v 3.166863 -0.123186 15.229041
v 3.143532 -0.149168 15.885105
v 3.123590 -0.182216 16.543560
v 3.107583 -0.219288 17.161570
v 3.094240 -0.259485 17.749500
v 3.082533 -0.303001 18.322248
v 3.071863 -0.348820 18.878708
v 3.061686 -0.397194 19.427019
v 3.051648 -0.448253 19.970442
v 3.041454 -0.502089 20.510218
v 3.030822 -0.558964 21.047421
v 3.019495 -0.619428 21.582985
v 3.007236 -0.684145 22.117001
v 2.993778 -0.753978 22.649628
v 2.978904 -0.829559 23.180691
v 2.962311 -0.911872 23.710695
v 2.944067 -1.000308 24.236401
v 2.923782 -1.096261 24.760296
v 2.545781 -0.371355 0.699627
v 2.668119 -0.329143 1.268189
v 2.770041 -0.291483 1.843968
v 2.853886 -0.256568 2.424879
v 2.922155 -0.223444 3.006287
v 2.978953 -0.191620 3.597133
v 3.025437 -0.162258 4.179135
v 3.065536 -0.134819 4.768110
v 3.100010 -0.109219 5.368655
v 3.124382 -0.088404 5.900497
v 3.144460 -0.067594 6.466367
v 3.158237 -0.047954 7.028212
v 3.166846 -0.027718 7.637594
v 3.169317 -0.010487 8.199773
v 3.166949 0.006129 8.809819
v 3.160509 0.019024 9.376236
v 3.150151 0.029576 9.964157
v 3.135067 0.037851 10.605824
v 3.118483 0.042505 11.181552
v 3.099147 0.044761 11.764633
v 3.077688 0.044682 12.344489
v 3.053574 0.042001 12.941268
v 3.026798 0.035788 13.573977
v 2.985422 0.014747 14.569892
v 2.960477 -0.006581 15.228027
v 2.938649 -0.034948 15.885989
v 2.920044 -0.070471 16.551643
v 2.905286 -0.109774 17.176926
v 2.893138 -0.152052 17.772350
v 2.882621 -0.197570 18.352697
v 2.873141 -0.245380 18.917164
v 2.864192 -0.295782 19.473768
v 2.855443 -0.348934 20.025623
v 2.846624 -0.404957 20.573841
v 2.837474 -0.464142 21.119413
v 2.827754 -0.527066 21.663248
v 2.817245 -0.594417 22.205437
v 2.805696 -0.667092 22.746174
v 2.792902 -0.745739 23.285301
v 2.778584 -0.831366 23.823320
v 2.762782 -0.923370 24.357155
v 2.745139 -1.023186 24.889330
v 2.359462 -0.299164 0.681598
v 2.474303 -0.247794 1.253782
v 2.570138 -0.201874 1.832668
v 2.649121 -0.159699 2.416553
v 2.713554 -0.120350 3.000921
v 2.767262 -0.083131 3.594495
v 2.811280 -0.049263 4.178587
v 2.849270 -0.018006 4.768717
v 2.881923 0.010736 5.369442
v 2.905002 0.033666 5.900862
v 2.924006 0.056149 6.466101
v 2.937037 0.076892 7.027473
v 2.945165 0.097791 7.636704
v 2.947473 0.115185 8.199035
v 2.945181 0.131574 8.809436
v 2.939022 0.143928 9.376251
v 2.929135 0.153642 9.964554
v 2.914760 0.160716 10.606501
v 2.898980 0.164061 11.182261
v 2.880612 0.164796 11.765080
v 2.860266 0.163032 12.344296
v 2.837453 0.158453 12.939963
v 2.812181 0.150099 13.571339
v 2.773265 0.125535 14.567115
v 2.749897 0.101887 15.227065
v 2.729609 0.071370 15.886817
v 2.712360 0.033619 16.559212
v 2.698829 -0.007660 17.191305
v 2.687822 -0.051756 17.793753
v 2.678416 -0.099005 18.381226
v 2.670031 -0.148525 18.953201
v 2.662197 -0.200657 19.517584
v 2.654611 -0.255591 20.077360
v 2.647023 -0.313469 20.633518
v 2.639195 -0.374609 21.186974
v 2.630906 -0.439613 21.738607
v 2.621951 -0.509193 22.288513
v 2.612101 -0.584272 22.836918
v 2.601163 -0.665519 23.383675
v 2.588878 -0.753963 23.929281
v 2.575265 -0.849008 24.470823
v 2.560000 -0.952130 25.010855
v 2.166105 -0.230956 0.665048
v 2.272792 -0.170852 1.240550
v 2.361959 -0.117053 1.822276
v 2.435567 -0.067951 2.408885
v 2.495721 -0.022660 2.995978
v 2.545947 0.019713 3.592066
v 2.587164 0.057889 4.178083
v 2.622751 0.092798 4.769271
v 2.653333 0.124547 5.370147
v 2.674941 0.149504 5.901161
v 2.692728 0.173591 6.465807
v 2.704916 0.195392 7.026742
v 2.712504 0.216923 7.635839
v 2.714636 0.234467 8.198326
v 2.712448 0.250629 8.809072
v 2.706628 0.262451 9.376265
v 2.697304 0.271341 9.964924
v 2.683766 0.277239 10.607122
v 2.668927 0.279307 11.182899
v 2.651680 0.278565 11.765459
v 2.632607 0.275171 12.344058
v 2.611265 0.268765 12.938663
v 2.587672 0.258366 13.568776
v 2.551458 0.230472 14.564444
v 2.529792 0.204656 15.226134
v 2.511116 0.172165 15.887608
v 2.495276 0.132377 16.566433
v 2.482982 0.089319 17.205027
v 2.473094 0.043612 17.814177
v 2.464753 -0.005151 18.408451
v 2.457400 -0.056155 18.987602
v 2.450604 -0.109781 19.559422
v 2.444088 -0.166245 20.126776
v 2.437626 -0.225711 20.690540
v 2.431000 -0.288518 21.251549
v 2.424009 -0.355296 21.810669
v 2.416466 -0.426775 22.367996
v 2.408158 -0.503907 22.923779
v 2.398906 -0.587377 23.477890
v 2.388475 -0.678235 24.030809
v 2.376867 -0.775899 24.579792
v 2.363788 -0.881878 25.127415
v 1.979832 -0.171470 0.651034
v 2.078344 -0.103677 1.229338
v 2.160783 -0.042941 1.813458
v 2.228935 0.012263 2.402370
v 2.284710 0.062791 2.991775
v 2.331345 0.109709 3.590002
v 2.369657 0.151685 4.177657
v 2.402746 0.189818 4.769737
v 2.431176 0.224225 5.370728
v 2.451258 0.250975 5.901383
v 2.467784 0.276480 6.465515
v 2.479100 0.299215 7.026075
v 2.486135 0.321303 7.635067
v 2.488093 0.338975 8.197697
v 2.486025 0.354926 8.808749
v 2.480574 0.366266 9.376276
v 2.471855 0.374410 9.965242
v 2.459211 0.379248 10.607651
v 2.445369 0.380167 11.183432
v 2.429301 0.378101 11.765751
v 2.411556 0.373253 12.343799
v 2.391735 0.365226 12.937471
v 2.369860 0.353024 13.566480
v 2.336375 0.322225 14.562069
v 2.316404 0.294538 15.225305
v 2.299296 0.260375 15.888304
v 2.284816 0.218868 16.572788
v 2.273679 0.174338 17.217108
v 2.264815 0.127316 17.832159
v 2.257424 0.077336 18.432428
v 2.250976 0.025151 19.017904
v 2.245078 -0.029658 19.596285
v 2.239477 -0.087324 20.170328
v 2.233970 -0.148031 20.740812
v 2.228357 -0.212140 21.308508
v 2.222457 -0.280298 21.874260
v 2.216098 -0.353257 22.438169
v 2.209086 -0.431990 23.000504
v 2.201256 -0.517199 23.561153
v 2.192393 -0.609950 24.120581
v 2.182486 -0.709678 24.676191
v 2.171272 -0.817920 25.230577
v 1.786829 -0.116061 0.638365
v 1.876577 -0.041037 1.219196
v 1.951770 0.026224 1.805470
v 2.014009 0.087168 2.396459
v 2.065012 0.142625 2.987960
v 2.107711 0.193823 3.588130
v 2.142823 0.239380 4.177270
v 2.173157 0.280553 4.770155
v 2.199215 0.317469 5.371237
v 2.217617 0.345910 5.901554
v 2.232754 0.372754 6.465208
v 2.243113 0.396372 7.025425
v 2.249544 0.418982 7.634328
v 2.251318 0.436771 8.197102
v 2.249393 0.452516 8.808447
v 2.244362 0.463388 9.376286
v 2.236329 0.470812 9.965533
v 2.224691 0.474629 10.608130
v 2.211965 0.474447 11.183904
v 2.197209 0.471115 11.765987
v 2.180934 0.464882 12.343513
v 2.162782 0.455320 12.936309
v 2.142782 0.441420 13.564284
v 2.112238 0.407913 14.559818
v 2.094074 0.378503 15.224514
v 2.078603 0.342827 15.888958
v 2.065532 0.299773 16.578766
v 2.055567 0.253943 17.228466
v 2.047711 0.205780 17.849070
v 2.041235 0.154762 18.454977
v 2.035645 0.101579 19.046404
v 2.030583 0.045780 19.630964
v 2.025825 -0.012885 20.211315
v 2.021187 -0.074619 20.788145
v 2.016492 -0.139798 21.362158
v 2.011577 -0.209091 21.934183
v 2.006285 -0.283265 22.504326
v 2.000443 -0.363316 23.072872
v 1.993898 -0.449961 23.639725
v 1.986460 -0.544280 24.205334
v 1.978107 -0.645730 24.767248
v 1.968604 -0.755870 25.328064
v 1.592251 -0.066424 0.627365
v 1.672897 0.015143 1.210384
v 1.740532 0.088307 1.798519
v 1.796577 0.154448 2.391308
v 1.842557 0.214369 2.984632
v 1.881092 0.269445 3.586497
v 1.912806 0.318249 4.176935
v 1.940210 0.362181 4.770515
v 1.963747 0.401372 5.371665
v 1.980364 0.431351 5.901675
v 1.994029 0.459411 6.464902
v 2.003376 0.483828 7.024818
v 2.009169 0.506911 7.633650
v 2.010754 0.524801 8.196560
v 2.008992 0.540350 8.808173
v 2.004420 0.550787 9.376293
v 1.997129 0.557544 9.965792
v 1.986579 0.560416 10.608547
v 1.975053 0.559217 11.184304
v 1.961702 0.554722 11.766167
v 1.946993 0.547220 12.343214
v 1.930609 0.536260 12.935219
v 1.912582 0.520822 13.562267
v 1.885110 0.484890 14.557768
v 1.868813 0.453953 15.223791
v 1.855003 0.416961 15.889551
v 1.843354 0.372572 16.584171
v 1.834542 0.325641 17.238741
v 1.827657 0.276531 17.864370
v 1.822040 0.224670 18.475382
v 1.817240 0.170685 19.072201
v 1.812937 0.114101 19.662361
v 1.808932 0.054648 20.248430
v 1.805063 -0.007887 20.831013
v 1.801175 -0.073898 21.410769
v 1.797120 -0.144069 21.988503
v 1.792760 -0.219185 22.564323
v 1.787940 -0.300260 23.138533
v 1.782523 -0.388025 23.711046
v 1.776340 -0.483573 24.282297
v 1.769362 -0.586383 24.849974
v 1.761386 -0.698034 25.416674
v 1.396276 -0.022583 0.617959
v 1.467516 0.064823 1.202842
v 1.527317 0.143258 1.792560
v 1.576916 0.214039 2.386884
v 1.617648 0.277947 2.981773
v 1.651816 0.336490 3.585096
v 1.679956 0.388197 4.176647
v 1.704276 0.434597 4.770820
v 1.725161 0.475827 5.372017
v 1.739901 0.507182 5.901752
v 1.752019 0.536330 6.464603
v 1.760303 0.561463 7.024259
v 1.765431 0.584966 7.633036
v 1.766822 0.602942 8.196074
v 1.765239 0.618308 8.807930
v 1.761160 0.628346 9.376299
v 1.754665 0.634493 9.966017
v 1.745273 0.636503 10.608907
v 1.735023 0.634380 11.184640
v 1.723160 0.628831 11.766298
v 1.710102 0.620185 12.342914
v 1.695574 0.607969 12.934213
v 1.679608 0.591158 13.560441
v 1.655321 0.553082 14.555923
v 1.640946 0.520812 15.223138
v 1.628817 0.482693 15.890079
v 1.618601 0.437168 16.588989
v 1.610927 0.389323 17.247904
v 1.604978 0.339443 17.878017
v 1.600173 0.286911 18.493582
v 1.596102 0.232299 19.095213
v 1.592489 0.175109 19.690374
v 1.589159 0.115058 20.281555
v 1.585971 0.051918 20.869291
v 1.582788 -0.014715 21.454189
v 1.579482 -0.085541 22.037043
v 1.575933 -0.161360 22.617962
v 1.572004 -0.243200 23.197260
v 1.567575 -0.331809 23.774870
v 1.562495 -0.428288 24.351206
v 1.556737 -0.532138 24.924076
v 1.550121 -0.644957 25.496080
v 1.199080 0.015438 0.610072
v 1.260651 0.107966 1.196512
v 1.312372 0.191024 1.787550
v 1.355306 0.265876 2.383158
v 1.390593 0.333285 2.979363
v 1.420216 0.394872 3.583915
v 1.444627 0.449132 4.176406
v 1.465726 0.497701 4.771074
v 1.483842 0.540723 5.372301
v 1.496626 0.573288 5.901793
v 1.507132 0.603393 6.464320
v 1.514309 0.629154 7.023754
v 1.518747 0.653023 7.632489
v 1.519943 0.671071 8.195643
v 1.518553 0.686269 8.807716
v 1.514998 0.695947 9.376305
v 1.509343 0.701546 9.966208
v 1.501175 0.702786 10.609209
v 1.492265 0.699839 11.184916
v 1.481962 0.693351 11.766388
v 1.470630 0.683692 12.342623
v 1.458035 0.670368 12.933303
v 1.444207 0.652353 13.558817
v 1.423205 0.612418 14.554295
v 1.410797 0.579005 15.222558
v 1.400369 0.539938 15.890541
v 1.391596 0.493467 16.593208
v 1.385045 0.444878 17.255926
v 1.380003 0.394387 17.889967
v 1.375965 0.341339 18.509525
v 1.372574 0.286253 19.115377
v 1.369590 0.228614 19.714930
v 1.366865 0.168126 20.310602
v 1.364278 0.104552 20.902864
v 1.361713 0.037475 21.492285
v 1.359061 -0.033815 22.079649
v 1.356217 -0.110130 22.665066
v 1.353064 -0.192516 23.248857
v 1.349498 -0.281729 23.830967
v 1.345391 -0.378881 24.411795
v 1.340713 -0.483497 24.989260
v 1.335313 -0.597184 25.565960
v 1.000842 0.047616 0.603626
v 1.052513 0.144534 1.191334
v 1.095946 0.231553 1.783443
v 1.132023 0.309896 2.380099
v 1.161695 0.380308 2.977382
v 1.186620 0.444508 3.582945
v 1.207169 0.500957 4.176208
v 1.224932 0.551390 4.771279
v 1.240181 0.595950 5.372521
v 1.250938 0.629554 5.901806
v 1.259776 0.660481 6.464058
v 1.265812 0.686779 7.023308
v 1.269538 0.710960 7.632014
v 1.270535 0.729064 8.195272
v 1.269354 0.744112 8.807533
v 1.266348 0.753473 9.376308
v 1.261574 0.758592 9.966370
v 1.254682 0.759158 10.609459
v 1.247170 0.755493 11.185136
v 1.238488 0.748193 11.766444
v 1.228947 0.737656 12.342349
v 1.218350 0.723380 12.932502
v 1.206727 0.704334 13.557408
v 1.189095 0.662824 14.552893
v 1.178695 0.628456 15.222058
v 1.169982 0.588610 15.890938
v 1.162660 0.541371 16.596819
v 1.157220 0.492194 17.262789
v 1.153059 0.441235 17.900188
v 1.149752 0.387804 18.523163
v 1.146994 0.332377 19.132627
v 1.144588 0.274422 19.735935
v 1.142408 0.213633 20.335455
v 1.140356 0.149767 20.931604
v 1.138334 0.082397 21.524910
v 1.136252 0.010803 22.116150
v 1.134022 -0.065840 22.705437
v 1.131546 -0.148585 23.293100
v 1.128738 -0.238203 23.879091
v 1.125490 -0.335814 24.463797
v 1.121774 -0.440960 25.045231
v 1.117465 -0.555260 25.625988
v 0.801739 0.073927 0.598547
v 0.843319 0.174488 1.187250
v 0.878286 0.264795 1.780196
v 0.907347 0.346035 2.377674
v 0.931261 0.418940 2.975811
v 0.951360 0.485311 3.582177
v 0.967935 0.543581 4.176053
v 0.982264 0.595561 4.771438
v 0.994563 0.641400 5.372685
v 1.003237 0.675867 5.901797
v 1.010362 0.707475 6.463826
v 1.015225 0.734217 7.022928
v 1.018224 0.758652 7.631615
v 1.019020 0.776799 8.194963
v 1.018059 0.791715 8.807381
v 1.015625 0.800806 9.376311
v 1.011764 0.805518 9.966500
v 1.006194 0.805516 10.609657
v 1.000127 0.801247 11.185306
v 0.993119 0.793263 11.766474
v 0.985422 0.781995 12.342105
v 0.976878 0.766925 12.931821
v 0.967514 0.747028 13.556228
v 0.953324 0.704229 14.551724
v 0.944964 0.669088 15.221640
v 0.937979 0.628625 15.891265
v 0.932114 0.580785 16.599800
v 0.927776 0.531161 17.268461
v 0.924474 0.479859 17.908642
v 0.921866 0.426158 18.534439
v 0.919705 0.370500 19.146893
v 0.917832 0.312338 19.753317
v 0.916149 0.251361 20.356028
v 0.914575 0.187317 20.955399
v 0.913034 0.119775 21.551929
v 0.911452 0.048003 22.146391
v 0.909759 -0.028829 22.738895
v 0.907879 -0.111788 23.329781
v 0.905739 -0.201650 23.919010
v 0.903256 -0.299543 24.506948
v 0.900403 -0.405027 25.091696
v 0.897081 -0.519731 25.675838
v 0.601949 0.094347 0.594759
v 0.633280 0.197789 1.184199
v 0.659639 0.290697 1.777764
v 0.681554 0.374229 2.375854
v 0.699596 0.449108 2.974631
v 0.714765 0.517196 3.581600
v 0.727277 0.576908 4.175937
v 0.738094 0.630113 4.771556
v 0.747377 0.676963 5.372799
v 0.753923 0.712111 5.901775
v 0.759297 0.744255 6.463629
v 0.762964 0.771345 7.022619
v 0.765223 0.795977 7.631295
v 0.765819 0.814152 8.194717
v 0.765087 0.828958 8.807261
v 0.763244 0.837828 9.376312
v 0.760323 0.842212 9.966600
v 0.756112 0.841752 10.609808
v 0.751528 0.837000 11.185430
v 0.746235 0.828473 11.766485
v 0.740424 0.816623 12.341898
v 0.733977 0.800927 12.931270
v 0.726916 0.780360 13.555289
v 0.716224 0.736560 14.550801
v 0.709931 0.700826 15.221309
v 0.704684 0.659899 15.891522
v 0.700281 0.611612 16.602148
v 0.697035 0.561668 17.272923
v 0.694574 0.510128 17.915287
v 0.692640 0.456254 18.543308
v 0.691046 0.400453 19.158113
v 0.689673 0.342171 19.766983
v 0.688446 0.281091 20.372206
v 0.687305 0.216957 20.974117
v 0.686194 0.149332 21.573196
v 0.685057 0.077478 22.170204
v 0.683841 0.000558 22.765255
v 0.682490 -0.082502 23.358692
v 0.680948 -0.172487 23.950481
v 0.679152 -0.270528 24.540983
v 0.677083 -0.376202 25.128359
v 0.674665 -0.491141 25.715191
v 0.401650 0.108853 0.592186
v 0.422612 0.214401 1.182122
v 0.440253 0.309208 1.776104
v 0.454924 0.394413 2.374607
v 0.467005 0.470735 2.973821
v 0.477165 0.540079 3.581205
v 0.485548 0.600844 4.175857
v 0.492794 0.654944 4.771634
v 0.499011 0.702530 5.372869
v 0.503394 0.738172 5.901744
v 0.506992 0.770703 6.463475
v 0.509445 0.798041 7.022387
v 0.510954 0.822811 7.631058
v 0.511350 0.841000 8.194537
v 0.510856 0.855718 8.807174
v 0.509618 0.864423 9.376314
v 0.507658 0.868561 9.966672
v 0.504835 0.867763 10.609914
v 0.501761 0.862656 11.185514
v 0.498215 0.853730 11.766485
v 0.494322 0.841456 12.341739
v 0.490006 0.825307 12.930864
v 0.485279 0.804257 13.554603
v 0.478127 0.759743 14.550129
v 0.473921 0.723592 15.221066
v 0.470419 0.682345 15.891708
v 0.467481 0.633757 16.603840
v 0.465321 0.583603 17.276138
v 0.463688 0.531916 17.920080
v 0.462409 0.477941 18.549706
v 0.461360 0.422065 19.166210
v 0.460459 0.363727 19.776855
v 0.459658 0.302605 20.383894
v 0.458917 0.238441 20.987642
v 0.458197 0.170793 21.588568
v 0.457463 0.098921 22.187422
v 0.456678 0.021980 22.784323
v 0.455805 -0.061107 23.379616
v 0.454808 -0.151131 23.973269
v 0.453643 -0.249227 24.565636
v 0.452297 -0.354983 25.154926
v 0.450721 -0.470036 25.743717
v 0.201018 0.117421 0.590753
v 0.211529 0.224283 1.180961
v 0.220375 0.320275 1.775170
v 0.227734 0.406525 2.373903
v 0.233795 0.483746 2.973363
v 0.238892 0.553875 3.580981
v 0.243098 0.615295 4.175813
v 0.246733 0.669950 4.771676
v 0.249852 0.717991 5.372901
v 0.252050 0.753935 5.901715
v 0.253854 0.786699 6.463371
v 0.255083 0.814184 7.022237
v 0.255839 0.839030 7.630908
v 0.256036 0.857219 8.194424
v 0.255786 0.871876 8.807119
v 0.255164 0.880471 9.376314
v 0.254179 0.884453 9.966716
v 0.252761 0.883443 10.609977
v 0.251218 0.878115 11.185563
v 0.249439 0.868945 11.766481
v 0.247486 0.856412 12.341638
v 0.245321 0.839987 12.930614
v 0.242951 0.818646 13.554182
v 0.239367 0.773707 14.549720
v 0.237260 0.737311 15.220918
v 0.235507 0.695880 15.891821
v 0.234037 0.647121 16.604864
v 0.232958 0.596853 17.278091
v 0.232143 0.545091 17.922989
v 0.231507 0.491071 18.553589
v 0.230986 0.435167 19.171127
v 0.230540 0.376812 19.782846
v 0.230144 0.315684 20.390987
v 0.229780 0.251522 20.995853
v 0.229426 0.183882 21.597902
v 0.229066 0.112023 22.197884
v 0.228682 0.035095 22.795914
v 0.228254 -0.047981 23.392336
v 0.227764 -0.138000 23.987131
v 0.227191 -0.236098 24.580641
v 0.226528 -0.341872 25.171103
v 0.225751 -0.456960 25.761093
v 0.223260 -0.582227 26.351915
v 0.445987 -0.595088 26.333532
v 0.667663 -0.615799 26.303356
v 0.887773 -0.643779 26.261734
v 1.105801 -0.678448 26.209015
v 1.321232 -0.719224 26.145550
v 1.533550 -0.765527 26.071686
v 1.742239 -0.816777 25.987776
v 1.946783 -0.872393 25.894165
v 2.146667 -0.931794 25.791206
v 2.341374 -0.994400 25.679245
v 2.530390 -1.059629 25.558636
v 2.713198 -1.126902 25.429722
v 2.889283 -1.195638 25.292858
v 3.058129 -1.265255 25.148392
v 3.219220 -1.335174 24.996670
v 3.517183 -1.474239 24.672958
v 3.654547 -1.543112 24.501795
v 3.784588 -1.611417 24.324984
v 3.907621 -1.679056 24.142948
v 4.023962 -1.745935 23.956104
v 4.133925 -1.811956 23.764872
v 4.237827 -1.877023 23.569672
v 4.335983 -1.941040 23.370922
v 4.428709 -2.003911 23.169043
v 4.516321 -2.065538 22.964455
v 4.599134 -2.125826 22.757574
v 4.677463 -2.184679 22.548820
v 4.751625 -2.241999 22.338617
v 4.821935 -2.297691 22.127378
v 4.969902 -2.418680 21.639374
v 5.058242 -2.493477 21.313313
v 5.141128 -2.565477 20.981869
v 5.225044 -2.640567 20.614487
v 5.301563 -2.711311 20.244621
v 5.369142 -2.775750 19.886024
v 5.429651 -2.835088 19.536177
v 5.483906 -2.889585 19.197618
v 5.533088 -2.940118 18.866634
v 5.578510 -2.987919 18.534883
v 5.619866 -3.032720 18.203186
v 5.657573 -3.074994 17.868647
v 5.692611 -3.115915 17.522167
v 5.726026 -3.156912 17.150164
v 5.756637 -3.196833 16.760813
v 5.785779 -3.237476 16.337498
v 5.813700 -3.279506 15.871691
v 5.845595 -3.331703 15.259983
v 5.872865 -3.380990 14.647790
v 5.912125 -3.459110 13.628433
v 5.932409 -3.506482 12.964241
v 5.949015 -3.550190 12.322854
v 5.960918 -3.588279 11.727259
v 5.970275 -3.624257 11.134873
v 5.977197 -3.656775 10.572474
v 5.983034 -3.691141 9.947744
v 5.987132 -3.721226 9.373720
v 5.990246 -3.748676 8.820148
v 5.991957 -3.773787 8.221823
v 5.991471 -3.791308 7.652513
v 5.987274 -3.799023 7.025280
v 5.979111 -3.792228 6.442661
v 5.966606 -3.770481 5.855144
v 5.949765 -3.731931 5.289992
v 5.924803 -3.663891 4.684928
v 5.896371 -3.577794 4.166833
v 5.863617 -3.479070 3.729275
v 5.810533 -3.337834 3.255696
v 5.741473 -3.180102 2.837599
v 5.641478 -2.983396 2.414324
v 5.495019 -2.730414 1.945813
v 5.334142 -2.499661 1.603037
v 5.123066 -2.254080 1.312759
v 4.928031 -2.032403 1.073460
v 4.814553 -1.921251 0.972905
v 4.694638 -1.810095 0.879942
v 4.568787 -1.699435 0.794227
v 4.437501 -1.589771 0.715414
v 4.301283 -1.481602 0.643159
v 4.160633 -1.375427 0.577115
v 4.015975 -1.271566 0.516771
v 3.867530 -1.170201 0.461589
v 3.715490 -1.071621 0.411187
v 3.560051 -0.976117 0.365181
v 3.401406 -0.883978 0.323189
v 3.239749 -0.795494 0.284828
v 3.075275 -0.710956 0.249715
v 2.908177 -0.630654 0.217469
v 2.738562 -0.554879 0.187807
v 2.566524 -0.483761 0.160653
v 2.392239 -0.417346 0.135931
v 2.215883 -0.355681 0.113566
v 2.037632 -0.298814 0.093483
v 1.857663 -0.246791 0.075606
v 1.676150 -0.199660 0.059860
v 1.493272 -0.157466 0.046169
v 1.309196 -0.120243 0.034451
v 1.124079 -0.088000 0.024612
v 0.938074 -0.060752 0.016563
v 0.751332 -0.038515 0.010213
v 0.564008 -0.021304 0.005471
v 0.376253 -0.009134 0.002247
v 0.188222 -0.002021 0.000450
v 3.376590 -1.407763 24.829611
v 5.261364 -2.159979 20.241444
v 5.189649 -2.026587 20.372278
v 5.110446 -1.891446 20.506218
v 5.023788 -1.755501 20.642811
v 0.241101 0.797602 14.052015
v 0.481588 0.783436 14.052430
v 0.721400 0.759913 14.053108
v 0.960197 0.727103 14.054037
v 1.197641 0.685080 14.055210
v 1.433392 0.633913 14.056611
v 1.667112 0.573677 14.058234
v 1.898461 0.504442 14.060065
v 2.127100 0.426280 14.062096
v 2.352690 0.339263 14.064312
v 2.569129 0.246077 14.066643
v 2.792287 0.139490 14.069254
v 3.005684 0.026948 14.071954
v 3.214720 -0.094081 14.074799
v 3.412944 -0.219484 14.077682
v 3.617625 -0.360782 14.080862
v 3.809941 -0.505456 14.084045
v 3.996736 -0.657889 14.087332
v 4.177754 -0.817728 14.090715
v 4.352741 -0.984616 14.094186
v 4.521441 -1.158200 14.097735
v 4.683599 -1.338124 14.101358
v 4.838957 -1.524034 14.105049
v 4.987262 -1.715574 14.108796
v 5.128257 -1.912390 14.112595
v 5.261686 -2.114125 14.116436
v 5.387292 -2.320425 14.120314
v 5.505847 -2.532859 14.124253
v 5.615971 -2.749334 14.128217
v 5.717333 -2.969366 14.132195
v 5.809668 -3.192590 14.136176
v 5.893551 -3.420735 14.138204
v 5.893327 -3.041286 14.147331
v 5.831963 -2.796053 14.151412
v 5.759898 -2.553521 14.147264
v 5.677210 -2.313494 14.143131
v 5.584181 -2.076445 14.139021
v 5.481095 -1.842845 14.134940
v 5.368235 -1.613167 14.130898
v 5.245885 -1.387883 14.126899
v 5.114327 -1.167464 14.122951
v 4.973845 -0.952383 14.119064
v 4.824720 -0.743110 14.115242
v 4.667237 -0.540117 14.111495
v 4.502583 -0.344907 14.107846
v 4.330284 -0.156910 14.104288
v 4.150555 0.023486 14.100822
v 3.963674 0.195817 14.097460
v 3.769221 0.360186 14.094192
v 3.566770 0.516561 14.091020
v 3.357908 0.663690 14.087975
v 3.143144 0.801400 14.085070
v 2.922896 0.929586 14.082311
v 2.697586 1.048142 14.079712
v 2.467637 1.156963 14.077282
v 2.233469 1.255943 14.075031
v 1.995503 1.344977 14.072972
v 1.754161 1.423958 14.071115
v 1.509863 1.492782 14.069469
v 1.263031 1.551342 14.068046
v 1.013135 1.599695 14.066852
v 0.761459 1.637503 14.065905
v 0.508504 1.664641 14.065214
v 0.242455 1.681515 14.064779
v 5.932902 -3.146834 12.955615
vt 0.821422 0.025421
vt 0.815353 0.025113
vt 0.827493 0.025770
vt 0.833566 0.026162
vt 0.839640 0.026600
vt 0.845676 0.027084
vt 0.851687 0.027623
vt 0.857685 0.028228
vt 0.863663 0.028908
vt 0.869615 0.029674
vt 0.875561 0.030539
vt 0.881460 0.031509
vt 0.887303 0.032594
vt 0.893081 0.033802
vt 0.898784 0.035144
vt 0.904405 0.036629
vt 0.909934 0.038267
vt 0.915363 0.040068
vt 0.920684 0.042043
vt 0.925879 0.044205
vt 0.742418 0.041213
vt 0.742407 0.023772
vt 0.748504 0.041209
vt 0.748217 0.023771
vt 0.755194 0.041208
vt 0.754603 0.023782
vt 0.761576 0.041213
vt 0.760696 0.023808
vt 0.767958 0.041226
vt 0.766789 0.023851
vt 0.774337 0.041249
vt 0.772880 0.023914
vt 0.780692 0.041285
vt 0.778947 0.023999
vt 0.787046 0.041334
vt 0.785015 0.024109
vt 0.793399 0.041400
vt 0.791082 0.024246
vt 0.799752 0.041483
vt 0.797149 0.024412
vt 0.806104 0.041587
vt 0.803217 0.024611
vt 0.812455 0.041713
vt 0.809284 0.024843
vt 0.818806 0.041863
vt 0.825157 0.042038
vt 0.831509 0.042242
vt 0.837862 0.042474
vt 0.844214 0.042738
vt 0.850526 0.043033
vt 0.856812 0.043368
vt 0.863088 0.043752
vt 0.869347 0.044191
vt 0.875585 0.044694
vt 0.881824 0.045272
vt 0.888024 0.045930
vt 0.894178 0.046676
vt 0.900277 0.047517
vt 0.906314 0.048462
vt 0.912281 0.049519
vt 0.918170 0.050695
vt 0.923975 0.051999
vt 0.929688 0.053438
vt 0.935306 0.055018
vt 0.742429 0.058679
vt 0.748751 0.058672
vt 0.755700 0.058661
vt 0.762329 0.058649
vt 0.768958 0.058637
vt 0.775585 0.058627
vt 0.782186 0.058621
vt 0.788787 0.058620
vt 0.795386 0.058627
vt 0.801985 0.058641
vt 0.808583 0.058666
vt 0.815181 0.058702
vt 0.821778 0.058751
vt 0.828375 0.058814
vt 0.834972 0.058894
vt 0.841570 0.058990
vt 0.848168 0.059106
vt 0.854724 0.059242
vt 0.861254 0.059404
vt 0.867777 0.059598
vt 0.874287 0.059831
vt 0.880782 0.060109
vt 0.887286 0.060439
vt 0.893759 0.060828
vt 0.900195 0.061281
vt 0.906586 0.061804
vt 0.912927 0.062404
vt 0.919211 0.063088
vt 0.925432 0.063861
vt 0.931584 0.064730
vt 0.937660 0.065703
vt 0.943655 0.066789
vt 0.742440 0.076121
vt 0.748960 0.076111
vt 0.756128 0.076091
vt 0.762965 0.076063
vt 0.769803 0.076029
vt 0.776639 0.075989
vt 0.783449 0.075946
vt 0.790258 0.075900
vt 0.797067 0.075852
vt 0.803875 0.075804
vt 0.810682 0.075756
vt 0.817489 0.075711
vt 0.824296 0.075669
vt 0.831103 0.075631
vt 0.837910 0.075599
vt 0.844718 0.075573
vt 0.851526 0.075555
vt 0.858291 0.075546
vt 0.865032 0.075551
vt 0.871768 0.075574
vt 0.878496 0.075620
vt 0.885213 0.075694
vt 0.891948 0.075801
vt 0.898659 0.075946
vt 0.905340 0.076134
vt 0.911988 0.076370
vt 0.918595 0.076659
vt 0.925158 0.077005
vt 0.931670 0.077415
vt 0.938126 0.077894
vt 0.944522 0.078449
vt 0.950852 0.079084
vt 0.742451 0.093664
vt 0.749140 0.093651
vt 0.756491 0.093622
vt 0.763505 0.093579
vt 0.770519 0.093523
vt 0.777532 0.093455
vt 0.784518 0.093375
vt 0.791504 0.093285
vt 0.798490 0.093186
vt 0.805475 0.093078
vt 0.812460 0.092962
vt 0.819445 0.092839
vt 0.826429 0.092710
vt 0.833413 0.092576
vt 0.840399 0.092437
vt 0.847385 0.092295
vt 0.854371 0.092150
vt 0.861314 0.092004
vt 0.868234 0.091860
vt 0.875152 0.091722
vt 0.882065 0.091592
vt 0.888971 0.091474
vt 0.895902 0.091372
vt 0.902816 0.091289
vt 0.909708 0.091229
vt 0.916574 0.091197
vt 0.923410 0.091196
vt 0.930211 0.091229
vt 0.936973 0.091302
vt 0.943691 0.091419
vt 0.950363 0.091584
vt 0.956983 0.091802
vt 0.742463 0.111364
vt 0.749295 0.111350
vt 0.756805 0.111312
vt 0.763970 0.111256
vt 0.771135 0.111180
vt 0.778299 0.111086
vt 0.785437 0.110975
vt 0.792574 0.110846
vt 0.799712 0.110701
vt 0.806849 0.110539
vt 0.813987 0.110363
vt 0.821124 0.110171
vt 0.828261 0.109965
vt 0.835398 0.109746
vt 0.842536 0.109513
vt 0.849676 0.109267
vt 0.856815 0.109010
vt 0.863911 0.108742
vt 0.870985 0.108467
vt 0.878058 0.108185
vt 0.885130 0.107900
vt 0.892200 0.107612
vt 0.899300 0.107324
vt 0.906389 0.107040
vt 0.913463 0.106761
vt 0.920518 0.106492
vt 0.927551 0.106234
vt 0.934558 0.105991
vt 0.941536 0.105766
vt 0.948481 0.105561
vt 0.955390 0.105380
vt 0.962261 0.105227
vt 0.742473 0.128688
vt 0.749428 0.128672
vt 0.757072 0.128629
vt 0.764365 0.128563
vt 0.771659 0.128473
vt 0.778952 0.128360
vt 0.786217 0.128224
vt 0.793484 0.128067
vt 0.800750 0.127887
vt 0.808017 0.127687
vt 0.815284 0.127465
vt 0.822550 0.127222
vt 0.829817 0.126959
vt 0.837084 0.126675
vt 0.844352 0.126372
vt 0.851621 0.126049
vt 0.858891 0.125706
vt 0.866117 0.125348
vt 0.873321 0.124973
vt 0.880528 0.124583
vt 0.887735 0.124179
vt 0.894944 0.123762
vt 0.902187 0.123332
vt 0.909424 0.122893
vt 0.916652 0.122447
vt 0.923867 0.121994
vt 0.931066 0.121538
vt 0.938247 0.121080
vt 0.945407 0.120622
vt 0.952542 0.120167
vt 0.959651 0.119715
vt 0.966731 0.119269
vt 0.742484 0.145847
vt 0.749547 0.145830
vt 0.757309 0.145784
vt 0.764716 0.145713
vt 0.772124 0.145616
vt 0.779530 0.145494
vt 0.786910 0.145347
vt 0.794290 0.145175
vt 0.801671 0.144978
vt 0.809052 0.144757
vt 0.816433 0.144511
vt 0.823815 0.144241
vt 0.831196 0.143948
vt 0.838578 0.143630
vt 0.845960 0.143288
vt 0.853345 0.142922
vt 0.860730 0.142533
vt 0.868071 0.142124
vt 0.875390 0.141693
vt 0.882713 0.141241
vt 0.890039 0.140769
vt 0.897370 0.140277
vt 0.904739 0.139763
vt 0.912105 0.139232
vt 0.919466 0.138684
vt 0.926818 0.138119
vt 0.934161 0.137540
vt 0.941491 0.136947
vt 0.948804 0.136341
vt 0.956101 0.135724
vt 0.963378 0.135095
vt 0.970633 0.134458
vt 0.742496 0.163171
vt 0.749656 0.163154
vt 0.757526 0.163109
vt 0.765036 0.163039
vt 0.772547 0.162943
vt 0.780058 0.162822
vt 0.787540 0.162676
vt 0.795024 0.162506
vt 0.802508 0.162310
vt 0.809993 0.162089
vt 0.817478 0.161843
vt 0.824963 0.161573
vt 0.832448 0.161277
vt 0.839934 0.160957
vt 0.847420 0.160612
vt 0.854908 0.160242
vt 0.862397 0.159848
vt 0.869841 0.159431
vt 0.877264 0.158992
vt 0.884692 0.158529
vt 0.892124 0.158043
vt 0.899562 0.157534
vt 0.907042 0.156999
vt 0.914521 0.156442
vt 0.921998 0.155863
vt 0.929470 0.155263
vt 0.936935 0.154641
vt 0.944390 0.153999
vt 0.951834 0.153336
vt 0.959265 0.152654
vt 0.966681 0.151951
vt 0.974080 0.151230
vt 0.742507 0.180641
vt 0.749753 0.180626
vt 0.757717 0.180584
vt 0.765317 0.180519
vt 0.772918 0.180431
vt 0.780519 0.180319
vt 0.788092 0.180184
vt 0.795666 0.180026
vt 0.803241 0.179845
vt 0.810816 0.179640
vt 0.818391 0.179412
vt 0.825966 0.179161
vt 0.833542 0.178886
vt 0.841117 0.178589
vt 0.848693 0.178267
vt 0.856271 0.177922
vt 0.863849 0.177554
vt 0.871383 0.177164
vt 0.878895 0.176753
vt 0.886413 0.176319
vt 0.893935 0.175861
vt 0.901465 0.175381
vt 0.909038 0.174875
vt 0.916612 0.174345
vt 0.924185 0.173793
vt 0.931755 0.173218
vt 0.939320 0.172619
vt 0.946877 0.171997
vt 0.954424 0.171352
vt 0.961960 0.170684
vt 0.969484 0.169992
vt 0.976993 0.169277
vt 0.742518 0.197831
vt 0.749833 0.197816
vt 0.757874 0.197778
vt 0.765547 0.197721
vt 0.773221 0.197643
vt 0.780895 0.197544
vt 0.788541 0.197425
vt 0.796188 0.197285
vt 0.803835 0.197124
vt 0.811483 0.196943
vt 0.819131 0.196741
vt 0.826779 0.196519
vt 0.834426 0.196276
vt 0.842074 0.196012
vt 0.849722 0.195728
vt 0.857372 0.195422
vt 0.865023 0.195096
vt 0.872627 0.194750
vt 0.880210 0.194386
vt 0.887800 0.194000
vt 0.895395 0.193593
vt 0.902997 0.193166
vt 0.910643 0.192715
vt 0.918290 0.192242
vt 0.925937 0.191749
vt 0.933581 0.191233
vt 0.941220 0.190695
vt 0.948851 0.190135
vt 0.956473 0.189552
vt 0.964084 0.188946
vt 0.971682 0.188317
vt 0.979266 0.187663
vt 0.742529 0.214905
vt 0.749896 0.214892
vt 0.757995 0.214860
vt 0.765722 0.214809
vt 0.773452 0.214739
vt 0.781181 0.214651
vt 0.788882 0.214545
vt 0.796585 0.214422
vt 0.804288 0.214281
vt 0.811991 0.214121
vt 0.819695 0.213944
vt 0.827398 0.213749
vt 0.835101 0.213536
vt 0.842803 0.213305
vt 0.850506 0.213056
vt 0.858211 0.212788
vt 0.865916 0.212502
vt 0.873575 0.212200
vt 0.881212 0.211881
vt 0.888857 0.211543
vt 0.896506 0.211188
vt 0.904163 0.210814
vt 0.911863 0.210419
vt 0.919564 0.210006
vt 0.927265 0.209574
vt 0.934962 0.209123
vt 0.942653 0.208652
vt 0.950336 0.208161
vt 0.958009 0.207650
vt 0.965669 0.207117
vt 0.973316 0.206563
vt 0.980947 0.205986
vt 0.742540 0.232911
vt 0.749946 0.232901
vt 0.758086 0.232870
vt 0.765854 0.232823
vt 0.773624 0.232760
vt 0.781393 0.232680
vt 0.789135 0.232584
vt 0.796877 0.232473
vt 0.804621 0.232346
vt 0.812365 0.232202
vt 0.820108 0.232043
vt 0.827852 0.231868
vt 0.835595 0.231678
vt 0.843338 0.231471
vt 0.851081 0.231248
vt 0.858827 0.231009
vt 0.866573 0.230753
vt 0.874272 0.230484
vt 0.881951 0.230199
vt 0.889636 0.229898
vt 0.897326 0.229582
vt 0.905023 0.229249
vt 0.912764 0.228899
vt 0.920505 0.228533
vt 0.928244 0.228151
vt 0.935977 0.227753
vt 0.943705 0.227337
vt 0.951421 0.226904
vt 0.959126 0.226454
vt 0.966817 0.225986
vt 0.974491 0.225498
vt 0.982148 0.224991
vt 0.742551 0.249462
vt 0.749977 0.249451
vt 0.758141 0.249421
vt 0.765931 0.249377
vt 0.773723 0.249318
vt 0.781515 0.249243
vt 0.789279 0.249154
vt 0.797044 0.249051
vt 0.804810 0.248932
vt 0.812577 0.248799
vt 0.820343 0.248652
vt 0.828110 0.248490
vt 0.835876 0.248313
vt 0.843643 0.248122
vt 0.851410 0.247915
vt 0.859180 0.247694
vt 0.866950 0.247459
vt 0.874674 0.247210
vt 0.882378 0.246947
vt 0.890088 0.246670
vt 0.897803 0.246379
vt 0.905525 0.246074
vt 0.913290 0.245754
vt 0.921054 0.245419
vt 0.928816 0.245071
vt 0.936571 0.244708
vt 0.944317 0.244331
vt 0.952052 0.243940
vt 0.959772 0.243533
vt 0.967475 0.243111
vt 0.975160 0.242673
vt 0.982824 0.242219
vt 0.742562 0.266721
vt 0.749997 0.266709
vt 0.758171 0.266681
vt 0.765971 0.266639
vt 0.773773 0.266583
vt 0.781575 0.266513
vt 0.789349 0.266430
vt 0.797125 0.266332
vt 0.804902 0.266221
vt 0.812680 0.266097
vt 0.820458 0.265959
vt 0.828236 0.265807
vt 0.836015 0.265642
vt 0.843794 0.265463
vt 0.851575 0.265271
vt 0.859358 0.265064
vt 0.867143 0.264844
vt 0.874883 0.264611
vt 0.882602 0.264366
vt 0.890328 0.264108
vt 0.898059 0.263837
vt 0.905797 0.263554
vt 0.913577 0.263257
vt 0.921357 0.262947
vt 0.929132 0.262625
vt 0.936899 0.262291
vt 0.944656 0.261945
vt 0.952399 0.261586
vt 0.960126 0.261215
vt 0.967833 0.260831
vt 0.975519 0.260434
vt 0.983182 0.260024
vt 0.742572 0.283301
vt 0.750006 0.283290
vt 0.758178 0.283264
vt 0.765976 0.283225
vt 0.773777 0.283172
vt 0.781577 0.283107
vt 0.789351 0.283029
vt 0.797125 0.282938
vt 0.804902 0.282835
vt 0.812680 0.282718
vt 0.820458 0.282590
vt 0.828237 0.282448
vt 0.836017 0.282294
vt 0.843799 0.282127
vt 0.851583 0.281946
vt 0.859370 0.281753
vt 0.867160 0.281547
vt 0.874907 0.281328
vt 0.882633 0.281098
vt 0.890367 0.280856
vt 0.898106 0.280602
vt 0.905852 0.280336
vt 0.913640 0.280057
vt 0.921427 0.279767
vt 0.929209 0.279466
vt 0.936983 0.279154
vt 0.944744 0.278831
vt 0.952491 0.278498
vt 0.960219 0.278153
vt 0.967926 0.277797
vt 0.975610 0.277430
vt 0.983267 0.277052
vt 0.742584 0.301261
vt 0.750005 0.301251
vt 0.758164 0.301227
vt 0.765949 0.301192
vt 0.773737 0.301145
vt 0.781525 0.301086
vt 0.789286 0.301016
vt 0.797049 0.300934
vt 0.804814 0.300841
vt 0.812582 0.300736
vt 0.820351 0.300620
vt 0.828121 0.300492
vt 0.835893 0.300352
vt 0.843668 0.300200
vt 0.851446 0.300036
vt 0.859230 0.299859
vt 0.867017 0.299670
vt 0.874762 0.299470
vt 0.882489 0.299259
vt 0.890224 0.299035
vt 0.897966 0.298800
vt 0.905715 0.298555
vt 0.913507 0.298297
vt 0.921297 0.298028
vt 0.929083 0.297748
vt 0.936859 0.297458
vt 0.944623 0.297157
vt 0.952371 0.296846
vt 0.960101 0.296525
vt 0.967807 0.296193
vt 0.975488 0.295851
vt 0.983141 0.295498
vt 0.742595 0.318560
vt 0.749995 0.318551
vt 0.758129 0.318530
vt 0.765892 0.318500
vt 0.773657 0.318460
vt 0.781423 0.318410
vt 0.789163 0.318350
vt 0.796905 0.318281
vt 0.804650 0.318201
vt 0.812397 0.318111
vt 0.820147 0.318011
vt 0.827900 0.317901
vt 0.835656 0.317779
vt 0.843415 0.317647
vt 0.851179 0.317504
vt 0.858950 0.317349
vt 0.866727 0.317183
vt 0.874464 0.317006
vt 0.882184 0.316818
vt 0.889914 0.316619
vt 0.897651 0.316409
vt 0.905397 0.316188
vt 0.913187 0.315955
vt 0.920975 0.315711
vt 0.928759 0.315457
vt 0.936534 0.315192
vt 0.944297 0.314917
vt 0.952044 0.314631
vt 0.959772 0.314334
vt 0.967476 0.314027
vt 0.975155 0.313709
vt 0.982806 0.313381
vt 0.742606 0.335980
vt 0.749975 0.335972
vt 0.758075 0.335955
vt 0.765806 0.335932
vt 0.773540 0.335901
vt 0.781274 0.335863
vt 0.788983 0.335817
vt 0.796694 0.335764
vt 0.804409 0.335703
vt 0.812127 0.335633
vt 0.819849 0.335555
vt 0.827575 0.335469
vt 0.835305 0.335373
vt 0.843040 0.335269
vt 0.850781 0.335154
vt 0.858532 0.335030
vt 0.866290 0.334895
vt 0.874009 0.334751
vt 0.881714 0.334597
vt 0.889431 0.334432
vt 0.897156 0.334257
vt 0.904891 0.334072
vt 0.912671 0.333876
vt 0.920452 0.333669
vt 0.928227 0.333451
vt 0.935996 0.333223
vt 0.943753 0.332985
vt 0.951494 0.332735
vt 0.959216 0.332474
vt 0.966916 0.332202
vt 0.974590 0.331919
vt 0.982237 0.331625
vt 0.742617 0.353209
vt 0.749947 0.353203
vt 0.758005 0.353192
vt 0.765695 0.353177
vt 0.773388 0.353158
vt 0.781082 0.353135
vt 0.788751 0.353108
vt 0.796423 0.353075
vt 0.804100 0.353038
vt 0.811781 0.352995
vt 0.819466 0.352947
vt 0.827155 0.352893
vt 0.834851 0.352832
vt 0.842553 0.352764
vt 0.850264 0.352689
vt 0.857984 0.352606
vt 0.865715 0.352515
vt 0.873409 0.352416
vt 0.881090 0.352309
vt 0.888784 0.352193
vt 0.896489 0.352068
vt 0.904205 0.351935
vt 0.911968 0.351791
vt 0.919731 0.351638
vt 0.927492 0.351475
vt 0.935246 0.351301
vt 0.942989 0.351118
vt 0.950718 0.350923
vt 0.958429 0.350717
vt 0.966119 0.350500
vt 0.973784 0.350272
vt 0.981422 0.350032
vt 0.742628 0.370178
vt 0.749911 0.370174
vt 0.757919 0.370169
vt 0.765560 0.370166
vt 0.773205 0.370162
vt 0.780851 0.370158
vt 0.788473 0.370153
vt 0.796098 0.370148
vt 0.803728 0.370142
vt 0.811364 0.370133
vt 0.819004 0.370123
vt 0.826650 0.370110
vt 0.834303 0.370095
vt 0.841965 0.370076
vt 0.849636 0.370053
vt 0.857318 0.370026
vt 0.865012 0.369993
vt 0.872671 0.369956
vt 0.880319 0.369913
vt 0.887982 0.369864
vt 0.895657 0.369809
vt 0.903344 0.369747
vt 0.911079 0.369678
vt 0.918816 0.369601
vt 0.926552 0.369516
vt 0.934282 0.369422
vt 0.942003 0.369319
vt 0.949711 0.369207
vt 0.957402 0.369084
vt 0.965073 0.368951
vt 0.972721 0.368807
vt 0.980343 0.368652
vt 0.742639 0.387186
vt 0.749869 0.387184
vt 0.757817 0.387188
vt 0.765402 0.387197
vt 0.772991 0.387212
vt 0.780582 0.387232
vt 0.788148 0.387257
vt 0.795719 0.387285
vt 0.803295 0.387318
vt 0.810876 0.387354
vt 0.818463 0.387392
vt 0.826057 0.387433
vt 0.833659 0.387476
vt 0.841270 0.387521
vt 0.848892 0.387566
vt 0.856526 0.387612
vt 0.864173 0.387658
vt 0.871786 0.387702
vt 0.879390 0.387745
vt 0.887010 0.387787
vt 0.894643 0.387826
vt 0.902290 0.387863
vt 0.909985 0.387896
vt 0.917684 0.387926
vt 0.925383 0.387950
vt 0.933077 0.387969
vt 0.940764 0.387982
vt 0.948439 0.387988
vt 0.956097 0.387986
vt 0.963738 0.387976
vt 0.971357 0.387958
vt 0.978952 0.387929
vt 0.742650 0.404639
vt 0.749820 0.404639
vt 0.757703 0.404652
vt 0.765226 0.404677
vt 0.772753 0.404712
vt 0.780281 0.404758
vt 0.787785 0.404814
vt 0.795294 0.404880
vt 0.802809 0.404955
vt 0.810329 0.405039
vt 0.817855 0.405132
vt 0.825389 0.405233
vt 0.832930 0.405341
vt 0.840482 0.405457
vt 0.848044 0.405580
vt 0.855620 0.405708
vt 0.863209 0.405842
vt 0.870765 0.405980
vt 0.878312 0.406122
vt 0.885876 0.406267
vt 0.893454 0.406416
vt 0.901045 0.406567
vt 0.908686 0.406720
vt 0.916331 0.406875
vt 0.923977 0.407029
vt 0.931620 0.407182
vt 0.939256 0.407333
vt 0.946881 0.407482
vt 0.954493 0.407626
vt 0.962087 0.407766
vt 0.969661 0.407900
vt 0.977213 0.408026
vt 0.742670 0.436066
vt 0.749740 0.436068
vt 0.757511 0.436088
vt 0.764928 0.436122
vt 0.772348 0.436171
vt 0.779770 0.436235
vt 0.787167 0.436314
vt 0.794569 0.436406
vt 0.801976 0.436513
vt 0.809388 0.436633
vt 0.816805 0.436766
vt 0.824228 0.436913
vt 0.831658 0.437072
vt 0.839097 0.437244
vt 0.846545 0.437428
vt 0.854005 0.437623
vt 0.861475 0.437831
vt 0.868912 0.438047
vt 0.876338 0.438273
vt 0.883778 0.438509
vt 0.891232 0.438754
vt 0.898697 0.439007
vt 0.906211 0.439268
vt 0.913728 0.439536
vt 0.921246 0.439808
vt 0.928762 0.440086
vt 0.936272 0.440366
vt 0.943771 0.440648
vt 0.951259 0.440932
vt 0.958731 0.441215
vt 0.966185 0.441497
vt 0.973619 0.441777
vt 0.742682 0.454485
vt 0.749698 0.454487
vt 0.757411 0.454503
vt 0.764771 0.454532
vt 0.772134 0.454574
vt 0.779499 0.454629
vt 0.786839 0.454696
vt 0.794183 0.454776
vt 0.801531 0.454868
vt 0.808883 0.454973
vt 0.816240 0.455090
vt 0.823601 0.455219
vt 0.830968 0.455360
vt 0.838341 0.455512
vt 0.845722 0.455676
vt 0.853111 0.455852
vt 0.860510 0.456038
vt 0.867872 0.456235
vt 0.875221 0.456440
vt 0.882583 0.456655
vt 0.889954 0.456879
vt 0.897337 0.457111
vt 0.904766 0.457351
vt 0.912198 0.457598
vt 0.919629 0.457850
vt 0.927058 0.458107
vt 0.934480 0.458367
vt 0.941893 0.458629
vt 0.949293 0.458892
vt 0.956679 0.459154
vt 0.964047 0.459414
vt 0.971396 0.459672
vt 0.742693 0.472907
vt 0.749663 0.472908
vt 0.757325 0.472920
vt 0.764637 0.472944
vt 0.771951 0.472978
vt 0.779266 0.473024
vt 0.786556 0.473080
vt 0.793849 0.473148
vt 0.801144 0.473226
vt 0.808442 0.473316
vt 0.815742 0.473416
vt 0.823046 0.473528
vt 0.830351 0.473650
vt 0.837661 0.473783
vt 0.844974 0.473927
vt 0.852293 0.474083
vt 0.859615 0.474248
vt 0.866898 0.474424
vt 0.874164 0.474608
vt 0.881437 0.474802
vt 0.888717 0.475005
vt 0.896005 0.475216
vt 0.903334 0.475435
vt 0.910663 0.475660
vt 0.917988 0.475891
vt 0.925308 0.476126
vt 0.932619 0.476364
vt 0.939919 0.476605
vt 0.947203 0.476846
vt 0.954471 0.477085
vt 0.961719 0.477322
vt 0.968947 0.477552
vt 0.742705 0.489937
vt 0.749639 0.489931
vt 0.757262 0.489925
vt 0.764536 0.489919
vt 0.771813 0.489912
vt 0.779090 0.489905
vt 0.786342 0.489898
vt 0.793595 0.489890
vt 0.800850 0.489884
vt 0.808106 0.489877
vt 0.815364 0.489872
vt 0.822622 0.489867
vt 0.829880 0.489864
vt 0.837140 0.489862
vt 0.844401 0.489861
vt 0.851663 0.489863
vt 0.858927 0.489865
vt 0.866146 0.489870
vt 0.873346 0.489877
vt 0.880550 0.489885
vt 0.887757 0.489893
vt 0.894970 0.489901
vt 0.902222 0.489910
vt 0.909473 0.489917
vt 0.916719 0.489923
vt 0.923959 0.489926
vt 0.931190 0.489926
vt 0.938409 0.489921
vt 0.945614 0.489911
vt 0.952803 0.489894
vt 0.959974 0.489869
vt 0.967124 0.489833
vt 0.742715 0.506992
vt 0.749620 0.506981
vt 0.757210 0.506954
vt 0.764453 0.506915
vt 0.771697 0.506863
vt 0.778942 0.506798
vt 0.786160 0.506722
vt 0.793380 0.506634
vt 0.800600 0.506534
vt 0.807819 0.506424
vt 0.815037 0.506303
vt 0.822254 0.506172
vt 0.829469 0.506032
vt 0.836681 0.505882
vt 0.843891 0.505724
vt 0.851099 0.505557
vt 0.858303 0.505383
vt 0.865459 0.505202
vt 0.872590 0.505014
vt 0.879721 0.504819
vt 0.886852 0.504615
vt 0.893985 0.504403
vt 0.901154 0.504181
vt 0.908318 0.503950
vt 0.915477 0.503710
vt 0.922626 0.503460
vt 0.929765 0.503199
vt 0.936892 0.502926
vt 0.944003 0.502642
vt 0.951097 0.502345
vt 0.958173 0.502033
vt 0.965228 0.501705
vt 0.742726 0.524058
vt 0.749604 0.524041
vt 0.757165 0.523992
vt 0.764379 0.523917
vt 0.771595 0.523816
vt 0.778811 0.523688
vt 0.785999 0.523536
vt 0.793188 0.523359
vt 0.800375 0.523158
vt 0.807561 0.522934
vt 0.814743 0.522686
vt 0.821921 0.522417
vt 0.829095 0.522127
vt 0.836262 0.521816
vt 0.843422 0.521485
vt 0.850576 0.521134
vt 0.857720 0.520765
vt 0.864811 0.520381
vt 0.871872 0.519980
vt 0.878928 0.519561
vt 0.885980 0.519125
vt 0.893029 0.518671
vt 0.900110 0.518197
vt 0.907182 0.517706
vt 0.914246 0.517196
vt 0.921298 0.516668
vt 0.928337 0.516122
vt 0.935361 0.515556
vt 0.942367 0.514972
vt 0.949355 0.514368
vt 0.956322 0.513744
vt 0.963268 0.513098
vt 0.742737 0.541138
vt 0.749590 0.541114
vt 0.757124 0.541042
vt 0.764312 0.540930
vt 0.771502 0.540777
vt 0.778691 0.540584
vt 0.785852 0.540352
vt 0.793012 0.540082
vt 0.800170 0.539775
vt 0.807323 0.539432
vt 0.814471 0.539053
vt 0.821612 0.538639
vt 0.828744 0.538192
vt 0.835866 0.537712
vt 0.842978 0.537200
vt 0.850076 0.536657
vt 0.857160 0.536084
vt 0.864184 0.535486
vt 0.871173 0.534862
vt 0.878150 0.534210
vt 0.885118 0.533530
vt 0.892078 0.532823
vt 0.899065 0.532086
vt 0.906039 0.531321
vt 0.912999 0.530529
vt 0.919944 0.529711
vt 0.926873 0.528865
vt 0.933782 0.527993
vt 0.940672 0.527095
vt 0.947538 0.526169
vt 0.954381 0.525217
vt 0.961198 0.524235
vt 0.742748 0.558338
vt 0.749578 0.558306
vt 0.757085 0.558208
vt 0.764248 0.558055
vt 0.771413 0.557845
vt 0.778575 0.557579
vt 0.785710 0.557260
vt 0.792842 0.556887
vt 0.799970 0.556462
vt 0.807092 0.555987
vt 0.814206 0.555462
vt 0.821309 0.554888
vt 0.828401 0.554267
vt 0.835478 0.553599
vt 0.842539 0.552887
vt 0.849583 0.552131
vt 0.856605 0.551332
vt 0.863560 0.550498
vt 0.870474 0.549627
vt 0.877370 0.548716
vt 0.884251 0.547768
vt 0.891118 0.546781
vt 0.898007 0.545752
vt 0.904878 0.544686
vt 0.911731 0.543584
vt 0.918565 0.542445
vt 0.925377 0.541271
vt 0.932167 0.540062
vt 0.938932 0.538820
vt 0.945671 0.537544
vt 0.952381 0.536234
vt 0.959062 0.534888
vt 0.742759 0.575679
vt 0.749565 0.575638
vt 0.757047 0.575513
vt 0.764185 0.575316
vt 0.771325 0.575045
vt 0.778462 0.574701
vt 0.785569 0.574287
vt 0.792674 0.573804
vt 0.799773 0.573254
vt 0.806863 0.572636
vt 0.813942 0.571954
vt 0.821009 0.571208
vt 0.828059 0.570401
vt 0.835090 0.569532
vt 0.842100 0.568605
vt 0.849085 0.567620
vt 0.856042 0.566579
vt 0.862926 0.565491
vt 0.869761 0.564355
vt 0.876572 0.563168
vt 0.883361 0.561931
vt 0.890131 0.560645
vt 0.896916 0.559304
vt 0.903678 0.557917
vt 0.910417 0.556483
vt 0.917132 0.555005
vt 0.923822 0.553482
vt 0.930485 0.551916
vt 0.937118 0.550312
vt 0.943720 0.548667
vt 0.950288 0.546983
vt 0.956821 0.545258
vt 0.742770 0.593146
vt 0.749553 0.593097
vt 0.757009 0.592943
vt 0.764124 0.592700
vt 0.771238 0.592364
vt 0.778350 0.591939
vt 0.785432 0.591426
vt 0.792509 0.590828
vt 0.799578 0.590145
vt 0.806636 0.589379
vt 0.813681 0.588533
vt 0.820709 0.587607
vt 0.827716 0.586603
vt 0.834699 0.585524
vt 0.841655 0.584372
vt 0.848580 0.583147
vt 0.855468 0.581852
vt 0.862276 0.580499
vt 0.869027 0.579086
vt 0.875747 0.577610
vt 0.882438 0.576072
vt 0.889103 0.574474
vt 0.895777 0.572809
vt 0.902422 0.571087
vt 0.909039 0.569309
vt 0.915627 0.567478
vt 0.922184 0.565594
vt 0.928709 0.563659
vt 0.935199 0.561684
vt 0.941652 0.559667
vt 0.948065 0.557605
vt 0.954436 0.555501
vt 0.742782 0.610733
vt 0.749542 0.610675
vt 0.756974 0.610491
vt 0.764065 0.610200
vt 0.771155 0.609798
vt 0.778242 0.609288
vt 0.785299 0.608675
vt 0.792348 0.607957
vt 0.799388 0.607138
vt 0.806414 0.606220
vt 0.813424 0.605204
vt 0.820412 0.604093
vt 0.827374 0.602888
vt 0.834307 0.601593
vt 0.841205 0.600208
vt 0.848065 0.598737
vt 0.854881 0.597182
vt 0.861606 0.595557
vt 0.868266 0.593859
vt 0.874888 0.592086
vt 0.881472 0.590240
vt 0.888024 0.588322
vt 0.894576 0.586325
vt 0.901094 0.584262
vt 0.907578 0.582135
vt 0.914026 0.579945
vt 0.920439 0.577695
vt 0.926815 0.575387
vt 0.933147 0.573046
vt 0.939435 0.570662
vt 0.945675 0.568236
vt 0.951864 0.565769
vt 0.742793 0.628487
vt 0.749533 0.628420
vt 0.756941 0.628205
vt 0.764009 0.627865
vt 0.771077 0.627396
vt 0.778140 0.626801
vt 0.785172 0.626083
vt 0.792194 0.625245
vt 0.799205 0.624287
vt 0.806199 0.623213
vt 0.813172 0.622025
vt 0.820119 0.620725
vt 0.827034 0.619316
vt 0.833913 0.617800
vt 0.840751 0.616180
vt 0.847541 0.614459
vt 0.854277 0.612640
vt 0.860913 0.610738
vt 0.867474 0.608751
vt 0.873987 0.606678
vt 0.880455 0.604519
vt 0.886881 0.602278
vt 0.893299 0.599947
vt 0.899676 0.597540
vt 0.906012 0.595061
vt 0.912307 0.592511
vt 0.918559 0.589896
vt 0.924769 0.587216
vt 0.930925 0.584523
vt 0.937025 0.581795
vt 0.943066 0.579035
vt 0.949041 0.576246
vt 0.742805 0.646587
vt 0.749524 0.646511
vt 0.756911 0.646265
vt 0.763958 0.645876
vt 0.771004 0.645338
vt 0.778045 0.644654
vt 0.785052 0.643831
vt 0.792049 0.642869
vt 0.799030 0.641770
vt 0.805992 0.640538
vt 0.812927 0.639174
vt 0.819831 0.637682
vt 0.826697 0.636064
vt 0.833519 0.634324
vt 0.840290 0.632464
vt 0.847004 0.630489
vt 0.853652 0.628400
vt 0.860190 0.626218
vt 0.866642 0.623939
vt 0.873034 0.621560
vt 0.879370 0.619086
vt 0.885656 0.616518
vt 0.891924 0.613848
vt 0.898142 0.611095
vt 0.904312 0.608261
vt 0.910433 0.605351
vt 0.916505 0.602369
vt 0.922528 0.599319
vt 0.928479 0.596300
vt 0.934359 0.593271
vt 0.940160 0.590234
vt 0.945872 0.587195
vt 0.742817 0.665392
vt 0.749518 0.665306
vt 0.756884 0.665028
vt 0.763911 0.664587
vt 0.770938 0.663978
vt 0.777956 0.663204
vt 0.784940 0.662271
vt 0.791911 0.661180
vt 0.798863 0.659935
vt 0.805791 0.658537
vt 0.812687 0.656991
vt 0.819545 0.655300
vt 0.826358 0.653466
vt 0.833118 0.651494
vt 0.839817 0.649387
vt 0.846447 0.647147
vt 0.852998 0.644782
vt 0.859426 0.642309
vt 0.865754 0.639728
vt 0.872010 0.637035
vt 0.878197 0.634235
vt 0.884323 0.631332
vt 0.890419 0.628315
vt 0.896455 0.625206
vt 0.902432 0.622010
vt 0.908353 0.618731
vt 0.914219 0.615377
vt 0.920027 0.611950
vt 0.925730 0.608651
vt 0.931334 0.605391
vt 0.936825 0.602178
vt 0.942184 0.599018
vt 0.742829 0.685654
vt 0.749513 0.685557
vt 0.756860 0.685244
vt 0.763870 0.684748
vt 0.770875 0.684061
vt 0.777874 0.683189
vt 0.784835 0.682137
vt 0.791779 0.680908
vt 0.798701 0.679504
vt 0.805594 0.677929
vt 0.812448 0.676187
vt 0.819257 0.674280
vt 0.826011 0.672213
vt 0.832701 0.669991
vt 0.839318 0.667616
vt 0.845852 0.665094
vt 0.852292 0.662429
vt 0.858593 0.659644
vt 0.864777 0.656739
vt 0.870874 0.653709
vt 0.876888 0.650560
vt 0.882825 0.647297
vt 0.888718 0.643908
vt 0.894538 0.640417
vt 0.900288 0.636832
vt 0.905970 0.633158
vt 0.911586 0.629404
vt 0.917136 0.625574
vt 0.742844 0.708845
vt 0.749509 0.708736
vt 0.756836 0.708384
vt 0.763824 0.707823
vt 0.770810 0.707048
vt 0.777785 0.706062
vt 0.784721 0.704875
vt 0.791637 0.703486
vt 0.798524 0.701900
vt 0.805377 0.700120
vt 0.812183 0.698151
vt 0.818933 0.695997
vt 0.825618 0.693662
vt 0.832225 0.691152
vt 0.838744 0.688470
vt 0.845163 0.685622
vt 0.851467 0.682614
vt 0.857613 0.679472
vt 0.863623 0.676195
vt 0.869525 0.672780
vt 0.875326 0.669232
vt 0.881032 0.665557
vt 0.886673 0.661744
vt 0.892225 0.657819
vt 0.897690 0.653791
vt 0.903072 0.649666
vt 0.908373 0.645455
vt 0.913597 0.641166
vt 0.918712 0.636927
vt 0.923723 0.632687
vt 0.928620 0.628454
vt 0.933391 0.624235
vt 0.742859 0.732080
vt 0.749505 0.731960
vt 0.756809 0.731568
vt 0.763777 0.730943
vt 0.770741 0.730079
vt 0.777693 0.728980
vt 0.784603 0.727655
vt 0.791489 0.726106
vt 0.798343 0.724336
vt 0.805153 0.722350
vt 0.811909 0.720153
vt 0.818599 0.717750
vt 0.825210 0.715145
vt 0.831730 0.712345
vt 0.838145 0.709354
vt 0.844442 0.706177
vt 0.850603 0.702823
vt 0.856584 0.699321
vt 0.862408 0.695669
vt 0.868103 0.691863
vt 0.873677 0.687911
vt 0.879135 0.683820
vt 0.884510 0.679577
vt 0.889775 0.675210
vt 0.894937 0.670729
vt 0.899998 0.666143
vt 0.904962 0.661461
vt 0.909833 0.656692
vt 0.914614 0.651847
vt 0.919310 0.646937
vt 0.923926 0.641970
vt 0.928454 0.636948
vt 0.742870 0.749480
vt 0.749500 0.749350
vt 0.756786 0.748927
vt 0.763736 0.748253
vt 0.770682 0.747320
vt 0.777616 0.746132
vt 0.784505 0.744700
vt 0.791368 0.743026
vt 0.798194 0.741113
vt 0.804972 0.738967
vt 0.811689 0.736592
vt 0.818331 0.733995
vt 0.824886 0.731181
vt 0.831337 0.728155
vt 0.837671 0.724925
vt 0.843871 0.721494
vt 0.849921 0.717873
vt 0.855772 0.714092
vt 0.861450 0.710152
vt 0.866983 0.706048
vt 0.872378 0.701789
vt 0.877642 0.697383
vt 0.882807 0.692815
vt 0.887848 0.688119
vt 0.892771 0.683303
vt 0.897579 0.678378
vt 0.902277 0.673354
vt 0.906867 0.668240
vt 0.911353 0.663048
vt 0.915738 0.657789
vt 0.920026 0.652475
vt 0.924232 0.647119
vt 0.742881 0.766948
vt 0.749491 0.766809
vt 0.756755 0.766355
vt 0.763685 0.765630
vt 0.770610 0.764626
vt 0.777522 0.763347
vt 0.784388 0.761805
vt 0.791225 0.760001
vt 0.798022 0.757939
vt 0.804765 0.755627
vt 0.811441 0.753069
vt 0.818035 0.750273
vt 0.824529 0.747241
vt 0.830909 0.743982
vt 0.837157 0.740503
vt 0.843257 0.736811
vt 0.849188 0.732914
vt 0.854903 0.728846
vt 0.860428 0.724608
vt 0.865792 0.720196
vt 0.871000 0.715620
vt 0.876062 0.710889
vt 0.881008 0.705987
vt 0.885816 0.700951
vt 0.890490 0.695791
vt 0.895037 0.690517
vt 0.899458 0.685142
vt 0.903759 0.679675
vt 0.907943 0.674128
vt 0.912012 0.668514
vt 0.915967 0.662842
vt 0.919809 0.657126
vt 0.742395 0.006233
vt 0.748138 0.006235
vt 0.759622 0.006311
vt 0.753880 0.006259
vt 0.771104 0.006505
vt 0.765363 0.006392
vt 0.782579 0.006839
vt 0.776842 0.006653
vt 0.788313 0.007066
vt 0.805497 0.008015
vt 0.799773 0.007651
vt 0.811215 0.008429
vt 0.816926 0.008897
vt 0.828325 0.010000
vt 0.822630 0.009420
vt 0.839687 0.011345
vt 0.834011 0.010641
vt 0.845352 0.012120
vt 0.794045 0.007335
vt 0.851001 0.012980
vt 0.856630 0.013937
vt 0.862233 0.015003
vt 0.873342 0.017511
vt 0.867806 0.016190
vt 0.878838 0.018978
vt 0.884288 0.020606
vt 0.895006 0.024411
vt 0.889684 0.022413
vt 0.900241 0.026610
vt 0.920649 0.038628
vt 0.910384 0.031662
vt 0.905372 0.029023
vt 0.931609 0.047142
vt 0.940277 0.056171
vt 0.949261 0.067757
vt 0.956809 0.079511
vt 0.963437 0.091831
vt 0.988504 0.204934
vt 0.989780 0.224616
vt 0.990817 0.259796
vt 0.990759 0.295318
vt 0.990410 0.313331
vt 0.990891 0.276656
vt 0.990439 0.241915
vt 0.968955 0.104990
vt 0.973801 0.119029
vt 0.977813 0.134061
vt 0.989841 0.331666
vt 0.989024 0.349733
vt 0.981578 0.151321
vt 0.987938 0.368261
vt 0.984590 0.169243
vt 0.986776 0.186957
vt 0.742893 0.784527
vt 0.825371 0.762681
vt 0.837746 0.755371
vt 0.849450 0.747157
vt 0.855012 0.742732
vt 0.843691 0.751373
vt 0.831633 0.759143
vt 0.981140 0.441178
vt 0.978794 0.459401
vt 0.976172 0.477600
vt 0.972285 0.501189
vt 0.970204 0.512323
vt 0.967982 0.523223
vt 0.965666 0.533675
vt 0.974271 0.489628
vt 0.984704 0.408512
vt 0.749748 0.784371
vt 0.865576 0.733302
vt 0.756606 0.783909
vt 0.763465 0.783143
vt 0.770320 0.782079
vt 0.860385 0.738110
vt 0.870595 0.728321
vt 0.875448 0.723177
vt 0.884684 0.712450
vt 0.889078 0.706891
vt 0.880143 0.717883
vt 0.901423 0.689573
vt 0.908993 0.677619
vt 0.912590 0.671557
vt 0.905272 0.683629
vt 0.897444 0.695440
vt 0.893330 0.701217
vt 0.963211 0.543889
vt 0.960609 0.553886
vt 0.957832 0.563789
vt 0.954755 0.574006
vt 0.951166 0.585104
vt 0.947082 0.596817
vt 0.942539 0.608889
vt 0.937499 0.621310
vt 0.932142 0.633546
vt 0.927834 0.642771
vt 0.923320 0.651874
vt 0.916065 0.665454
vt 0.777164 0.780722
vt 0.783989 0.779079
vt 0.790781 0.777155
vt 0.797531 0.774956
vt 0.804221 0.772487
vt 0.810839 0.769756
vt 0.817366 0.766770
vt 0.463330 0.949269
vt 0.472601 0.937920
vt 0.480704 0.925603
vt 0.487606 0.912728
vt 0.493327 0.899532
vt 0.498147 0.885569
vt 0.502100 0.870971
vt 0.505442 0.854996
vt 0.508206 0.837460
vt 0.510060 0.821134
vt 0.458163 0.951558
vt 0.466991 0.939640
vt 0.474703 0.926838
vt 0.481258 0.913518
vt 0.486688 0.899915
vt 0.491261 0.885594
vt 0.495013 0.870723
vt 0.498194 0.854581
vt 0.500832 0.836990
vt 0.502611 0.820692
vt 0.503989 0.803036
vt 0.511486 0.803409
vt 0.504844 0.785513
vt 0.512361 0.785807
vt 0.505283 0.766732
vt 0.512801 0.766954
vt 0.505301 0.749624
vt 0.512805 0.749793
vt 0.504998 0.731236
vt 0.512476 0.731362
vt 0.504491 0.714277
vt 0.511944 0.714376
vt 0.503792 0.696727
vt 0.511219 0.696806
vt 0.502837 0.677536
vt 0.510240 0.677600
vt 0.501796 0.660181
vt 0.509175 0.660223
vt 0.500547 0.642379
vt 0.507900 0.642382
vt 0.499092 0.624353
vt 0.506413 0.624290
vt 0.497352 0.605391
vt 0.504630 0.605224
vt 0.495274 0.585112
vt 0.502492 0.584818
vt 0.491743 0.554664
vt 0.498841 0.554270
vt 0.489380 0.536068
vt 0.496387 0.535730
vt 0.486865 0.517496
vt 0.493742 0.517221
vt 0.484738 0.502585
vt 0.491522 0.502666
vt 0.482682 0.488960
vt 0.489354 0.489406
vt 0.480671 0.476393
vt 0.487217 0.477219
vt 0.478618 0.464369
vt 0.485020 0.465585
vt 0.476562 0.453086
vt 0.482814 0.454711
vt 0.474445 0.442206
vt 0.480539 0.444247
vt 0.472227 0.431521
vt 0.478151 0.433979
vt 0.469873 0.420899
vt 0.475617 0.423764
vt 0.467358 0.410240
vt 0.472906 0.413497
vt 0.464662 0.399500
vt 0.469999 0.403132
vt 0.461778 0.388683
vt 0.466884 0.392675
vt 0.458706 0.377842
vt 0.463564 0.382188
vt 0.455440 0.366987
vt 0.460027 0.371681
vt 0.451989 0.356203
vt 0.456290 0.361258
vt 0.448347 0.345453
vt 0.452330 0.350845
vt 0.444543 0.334841
vt 0.448170 0.340585
vt 0.452867 0.953664
vt 0.461283 0.941217
vt 0.468620 0.927960
vt 0.474847 0.914227
vt 0.480001 0.900245
vt 0.484340 0.885592
vt 0.487902 0.870468
vt 0.490927 0.854175
vt 0.493446 0.836537
vt 0.495153 0.820270
vt 0.496482 0.802683
vt 0.497317 0.785235
vt 0.497752 0.766524
vt 0.497782 0.749467
vt 0.497501 0.731118
vt 0.497017 0.714185
vt 0.496341 0.696652
vt 0.495410 0.677477
vt 0.494392 0.660145
vt 0.493169 0.642382
vt 0.491749 0.624422
vt 0.490054 0.605562
vt 0.488036 0.585409
vt 0.484627 0.555054
vt 0.482355 0.536404
vt 0.479969 0.517772
vt 0.477936 0.502511
vt 0.475992 0.488526
vt 0.474104 0.475587
vt 0.472191 0.463179
vt 0.470281 0.451496
vt 0.468317 0.440205
vt 0.466262 0.429110
vt 0.464084 0.418085
vt 0.461758 0.407038
vt 0.459268 0.395924
vt 0.456607 0.384747
vt 0.453777 0.373552
vt 0.450774 0.362347
vt 0.447603 0.351200
vt 0.444279 0.340106
vt 0.440812 0.329135
vt 0.447459 0.955597
vt 0.455481 0.942660
vt 0.462460 0.928978
vt 0.468377 0.914862
vt 0.473269 0.900528
vt 0.477387 0.885567
vt 0.480768 0.870210
vt 0.483646 0.853778
vt 0.486049 0.836101
vt 0.487686 0.819868
vt 0.488968 0.802348
vt 0.489780 0.784974
vt 0.490210 0.766330
vt 0.490248 0.749320
vt 0.489986 0.731009
vt 0.489523 0.714099
vt 0.488868 0.696582
vt 0.487961 0.677423
vt 0.486965 0.660114
vt 0.485770 0.642391
vt 0.484384 0.624496
vt 0.482735 0.605736
vt 0.480779 0.585706
vt 0.477494 0.555441
vt 0.475315 0.536736
vt 0.473055 0.518046
vt 0.471118 0.502441
vt 0.469285 0.488104
vt 0.467518 0.474799
vt 0.465740 0.462016
vt 0.463970 0.449940
vt 0.462155 0.438246
vt 0.460258 0.426748
vt 0.458250 0.415325
vt 0.456107 0.403893
vt 0.453816 0.392408
vt 0.451372 0.380871
vt 0.448776 0.369321
vt 0.446029 0.357766
vt 0.443135 0.346255
vt 0.440117 0.334811
vt 0.436971 0.323481
vt 0.441950 0.957367
vt 0.449596 0.943975
vt 0.456234 0.929899
vt 0.461855 0.915428
vt 0.466500 0.900768
vt 0.470408 0.885520
vt 0.473619 0.869948
vt 0.476356 0.853391
vt 0.478648 0.835683
vt 0.480217 0.819484
vt 0.481451 0.802032
vt 0.482239 0.784729
vt 0.482661 0.766148
vt 0.482706 0.749183
vt 0.482460 0.730906
vt 0.482016 0.714018
vt 0.481381 0.696516
vt 0.480496 0.677374
vt 0.479523 0.660088
vt 0.478356 0.642405
vt 0.477005 0.624574
vt 0.475403 0.605912
vt 0.473511 0.586002
vt 0.470350 0.555824
vt 0.468265 0.537066
vt 0.466128 0.518318
vt 0.464289 0.502376
vt 0.462565 0.487695
vt 0.460917 0.474031
vt 0.459270 0.460883
vt 0.457636 0.448422
vt 0.455963 0.436333
vt 0.454218 0.424437
vt 0.452373 0.412624
vt 0.450407 0.400811
vt 0.448308 0.388957
vt 0.446074 0.377062
vt 0.443706 0.365157
vt 0.441207 0.353251
vt 0.438584 0.341377
vt 0.435860 0.329582
vt 0.433020 0.317895
vt 0.436395 0.958969
vt 0.443685 0.945160
vt 0.450002 0.930724
vt 0.455344 0.915926
vt 0.459756 0.900966
vt 0.463467 0.885456
vt 0.466516 0.869688
vt 0.469120 0.853018
vt 0.471307 0.835285
vt 0.472810 0.819122
vt 0.473997 0.801735
vt 0.474759 0.784501
vt 0.475172 0.765981
vt 0.475221 0.749056
vt 0.474989 0.730811
vt 0.474561 0.713943
vt 0.473944 0.696456
vt 0.473081 0.677330
vt 0.472130 0.660068
vt 0.470993 0.642424
vt 0.469678 0.624655
vt 0.468124 0.606089
vt 0.466295 0.586294
vt 0.463259 0.556198
vt 0.461267 0.537387
vt 0.459251 0.518584
vt 0.457507 0.502316
vt 0.455890 0.487301
vt 0.454357 0.473291
vt 0.452836 0.459787
vt 0.451330 0.446954
vt 0.449794 0.434481
vt 0.448194 0.422199
vt 0.446505 0.410004
vt 0.444709 0.397819
vt 0.442794 0.385603
vt 0.440760 0.373356
vt 0.438611 0.361101
vt 0.436351 0.348847
vt 0.433987 0.336614
vt 0.431539 0.324473
vt 0.428988 0.312432
vt 0.430755 0.960431
vt 0.437705 0.946236
vt 0.443714 0.931466
vt 0.448789 0.916366
vt 0.452980 0.901129
vt 0.456503 0.885377
vt 0.459399 0.869428
vt 0.461875 0.852657
vt 0.463961 0.834904
vt 0.465399 0.818777
vt 0.466540 0.801455
vt 0.467276 0.784286
vt 0.467677 0.765824
vt 0.467729 0.748937
vt 0.467508 0.730722
vt 0.467094 0.713873
vt 0.466495 0.696400
vt 0.465653 0.677291
vt 0.464725 0.660052
vt 0.463616 0.642448
vt 0.462338 0.624740
vt 0.460833 0.606267
vt 0.459069 0.586584
vt 0.456159 0.556567
vt 0.454260 0.537704
vt 0.452361 0.518846
vt 0.450714 0.502260
vt 0.449202 0.486919
vt 0.447780 0.472570
vt 0.446380 0.458721
vt 0.444999 0.445524
vt 0.443594 0.432676
vt 0.442133 0.420015
vt 0.440594 0.407445
vt 0.438960 0.394893
vt 0.437222 0.382319
vt 0.435381 0.369722
vt 0.433443 0.357120
vt 0.431414 0.344519
vt 0.429299 0.331933
vt 0.427112 0.319447
vt 0.424836 0.307054
vt 0.425039 0.961760
vt 0.431662 0.947209
vt 0.437376 0.932132
vt 0.442198 0.916754
vt 0.446177 0.901260
vt 0.449521 0.885285
vt 0.452271 0.869170
vt 0.454625 0.852307
vt 0.456612 0.834539
vt 0.457987 0.818451
vt 0.459081 0.801191
vt 0.459789 0.784085
vt 0.460178 0.765677
vt 0.460230 0.748827
vt 0.460018 0.730639
vt 0.459619 0.713807
vt 0.459035 0.696348
vt 0.458214 0.677256
vt 0.457310 0.660040
vt 0.456231 0.642475
vt 0.454991 0.624829
vt 0.453535 0.606446
vt 0.451836 0.586872
vt 0.449053 0.556929
vt 0.447246 0.538015
vt 0.445462 0.519104
vt 0.443911 0.502208
vt 0.442502 0.486549
vt 0.441188 0.471871
vt 0.439904 0.457685
vt 0.438642 0.444132
vt 0.437362 0.430919
vt 0.436034 0.417888
vt 0.434639 0.404950
vt 0.433161 0.392037
vt 0.431593 0.379110
vt 0.429938 0.366167
vt 0.428202 0.353220
vt 0.426394 0.340276
vt 0.424514 0.327342
vt 0.422575 0.314516
vt 0.420560 0.301773
vt 0.419257 0.962965
vt 0.425565 0.948086
vt 0.430997 0.932727
vt 0.435575 0.917093
vt 0.439351 0.901363
vt 0.442524 0.885181
vt 0.445134 0.868914
vt 0.447370 0.851969
vt 0.449263 0.834191
vt 0.450576 0.818140
vt 0.451623 0.800942
vt 0.452303 0.783897
vt 0.452678 0.765541
vt 0.452728 0.748724
vt 0.452524 0.730562
vt 0.452136 0.713745
vt 0.451569 0.696300
vt 0.450768 0.677224
vt 0.449888 0.660033
vt 0.448840 0.642507
vt 0.447638 0.624920
vt 0.446233 0.606625
vt 0.444600 0.587155
vt 0.441943 0.557284
vt 0.440228 0.538320
vt 0.438556 0.519356
vt 0.437099 0.502159
vt 0.435790 0.486192
vt 0.434580 0.471193
vt 0.433408 0.456680
vt 0.432260 0.442782
vt 0.431099 0.429211
vt 0.429899 0.415818
vt 0.428641 0.402521
vt 0.427311 0.389255
vt 0.425905 0.375980
vt 0.424427 0.362695
vt 0.422885 0.349408
vt 0.421285 0.336128
vt 0.419628 0.322852
vt 0.417923 0.309688
vt 0.416153 0.296600
vt 0.413417 0.964056
vt 0.419421 0.948875
vt 0.424581 0.933258
vt 0.428925 0.917388
vt 0.432507 0.901441
vt 0.435516 0.885070
vt 0.437991 0.868663
vt 0.440114 0.851644
vt 0.441914 0.833860
vt 0.443166 0.817847
vt 0.444166 0.800708
vt 0.444818 0.783721
vt 0.445177 0.765413
vt 0.445225 0.748628
vt 0.445027 0.730489
vt 0.444651 0.713688
vt 0.444098 0.696255
vt 0.443319 0.677197
vt 0.442463 0.660029
vt 0.441446 0.642541
vt 0.440283 0.625013
vt 0.438930 0.606803
vt 0.437364 0.587435
vt 0.434832 0.557632
vt 0.433209 0.538617
vt 0.431644 0.519603
vt 0.430280 0.502113
vt 0.429069 0.485847
vt 0.427959 0.470537
vt 0.426892 0.455707
vt 0.425853 0.441473
vt 0.424805 0.427555
vt 0.423726 0.413810
vt 0.422598 0.400162
vt 0.421409 0.386549
vt 0.420157 0.372934
vt 0.418848 0.359314
vt 0.417488 0.345693
vt 0.416086 0.332081
vt 0.414637 0.318471
vt 0.413151 0.304974
vt 0.411611 0.291545
vt 0.407528 0.965041
vt 0.413238 0.949583
vt 0.418135 0.933729
vt 0.422253 0.917644
vt 0.425648 0.901497
vt 0.428500 0.884952
vt 0.430845 0.868418
vt 0.432859 0.851332
vt 0.434569 0.833545
vt 0.435760 0.817570
vt 0.436714 0.800488
vt 0.437336 0.783556
vt 0.437679 0.765295
vt 0.437723 0.748539
vt 0.437530 0.730421
vt 0.437164 0.713634
vt 0.436626 0.696214
vt 0.435868 0.677173
vt 0.435037 0.660029
vt 0.434052 0.642579
vt 0.432930 0.625107
vt 0.431629 0.606980
vt 0.430130 0.587709
vt 0.427724 0.557970
vt 0.426190 0.538907
vt 0.424730 0.519842
vt 0.423457 0.502069
vt 0.422339 0.485514
vt 0.421325 0.469904
vt 0.420358 0.454766
vt 0.419421 0.440207
vt 0.418480 0.425952
vt 0.417515 0.411866
vt 0.416509 0.397875
vt 0.415454 0.383925
vt 0.414347 0.369977
vt 0.413196 0.356028
vt 0.412008 0.342082
vt 0.410789 0.328145
vt 0.409536 0.314207
vt 0.408253 0.300385
vt 0.406927 0.286620
vt 0.401600 0.965930
vt 0.407023 0.950217
vt 0.411665 0.934146
vt 0.415566 0.917865
vt 0.418780 0.901534
vt 0.421479 0.884829
vt 0.423699 0.868179
vt 0.425607 0.851034
vt 0.427228 0.833247
vt 0.428360 0.817309
vt 0.429267 0.800282
vt 0.429859 0.783403
vt 0.430184 0.765184
vt 0.430224 0.748456
vt 0.430035 0.730359
vt 0.429679 0.713585
vt 0.429156 0.696177
vt 0.428420 0.677153
vt 0.427614 0.660033
vt 0.426663 0.642620
vt 0.425582 0.625203
vt 0.424333 0.607156
vt 0.422901 0.587978
vt 0.420619 0.558299
vt 0.419174 0.539189
vt 0.417814 0.520075
vt 0.416629 0.502029
vt 0.415601 0.485194
vt 0.414678 0.469293
vt 0.413806 0.453859
vt 0.412965 0.438986
vt 0.412124 0.424405
vt 0.411265 0.409987
vt 0.410374 0.395665
vt 0.409443 0.381386
vt 0.408473 0.367114
vt 0.407470 0.352845
vt 0.406441 0.338581
vt 0.405392 0.324327
vt 0.404319 0.310071
vt 0.403224 0.295928
vt 0.402096 0.281835
vt 0.395641 0.966730
vt 0.400784 0.950785
vt 0.405178 0.934515
vt 0.408867 0.918054
vt 0.411905 0.901556
vt 0.414457 0.884705
vt 0.416555 0.867948
vt 0.418359 0.850751
vt 0.419893 0.832965
vt 0.420966 0.817063
vt 0.421827 0.800089
vt 0.422388 0.783260
vt 0.422695 0.765083
vt 0.422729 0.748379
vt 0.422544 0.730301
vt 0.422198 0.713539
vt 0.421690 0.696143
vt 0.420976 0.677136
vt 0.420198 0.660039
vt 0.419280 0.642663
vt 0.418241 0.625300
vt 0.417046 0.607328
vt 0.415681 0.588240
vt 0.413521 0.558618
vt 0.412162 0.539461
vt 0.410899 0.520300
vt 0.409800 0.501990
vt 0.408857 0.484887
vt 0.408018 0.468707
vt 0.407235 0.452986
vt 0.406483 0.437811
vt 0.405735 0.422916
vt 0.404975 0.408177
vt 0.404191 0.393533
vt 0.403376 0.378936
vt 0.402532 0.364350
vt 0.401665 0.349770
vt 0.400783 0.335197
vt 0.399889 0.320636
vt 0.398981 0.306070
vt 0.398058 0.291615
vt 0.397111 0.277201
vt 0.389661 0.967451
vt 0.394528 0.951293
vt 0.398680 0.934843
vt 0.402161 0.918217
vt 0.405028 0.901565
vt 0.407435 0.884580
vt 0.409414 0.867726
vt 0.411116 0.850481
vt 0.412566 0.832700
vt 0.413580 0.816833
vt 0.414394 0.799910
vt 0.414924 0.783128
vt 0.415212 0.764988
vt 0.415241 0.748309
vt 0.415059 0.730247
vt 0.414722 0.713497
vt 0.414230 0.696113
vt 0.413540 0.677122
vt 0.412789 0.660049
vt 0.411906 0.642708
vt 0.410910 0.625396
vt 0.409769 0.607498
vt 0.408472 0.588494
vt 0.406433 0.558926
vt 0.405158 0.539724
vt 0.403987 0.520516
vt 0.402969 0.501954
vt 0.402106 0.484593
vt 0.401347 0.468144
vt 0.400645 0.452150
vt 0.399975 0.436683
vt 0.399314 0.421485
vt 0.398644 0.406438
vt 0.397957 0.391485
vt 0.397249 0.376581
vt 0.396519 0.361691
vt 0.395777 0.346811
vt 0.395028 0.331938
vt 0.394275 0.317079
vt 0.393516 0.302214
vt 0.392749 0.287455
vt 0.391964 0.272729
vt 0.383667 0.968102
vt 0.388262 0.951749
vt 0.392175 0.935133
vt 0.395453 0.918357
vt 0.398152 0.901564
vt 0.400417 0.884456
vt 0.402279 0.867514
vt 0.403880 0.850227
vt 0.405245 0.832450
vt 0.406202 0.816618
vt 0.406969 0.799743
vt 0.407468 0.783006
vt 0.407736 0.764902
vt 0.407759 0.748244
vt 0.407580 0.730198
vt 0.407254 0.713459
vt 0.406778 0.696086
vt 0.406112 0.677112
vt 0.405390 0.660061
vt 0.404543 0.642755
vt 0.403591 0.625493
vt 0.402505 0.607664
vt 0.401275 0.588741
vt 0.399354 0.559223
vt 0.398162 0.539976
vt 0.397077 0.520724
vt 0.396137 0.501920
vt 0.395349 0.484312
vt 0.394663 0.467606
vt 0.394035 0.451349
vt 0.393441 0.435605
vt 0.392857 0.420116
vt 0.392270 0.404773
vt 0.391672 0.389523
vt 0.391059 0.374323
vt 0.390433 0.359141
vt 0.389802 0.343972
vt 0.389172 0.328811
vt 0.388545 0.313664
vt 0.387918 0.298510
vt 0.387289 0.283458
vt 0.386650 0.268429
vt 0.377668 0.968692
vt 0.381992 0.952159
vt 0.385669 0.935393
vt 0.388745 0.918479
vt 0.391278 0.901557
vt 0.393403 0.884336
vt 0.395149 0.867313
vt 0.396652 0.849988
vt 0.397933 0.832217
vt 0.398831 0.816418
vt 0.399551 0.799588
vt 0.400018 0.782893
vt 0.400268 0.764822
vt 0.400284 0.748185
vt 0.400109 0.730154
vt 0.399793 0.713425
vt 0.399335 0.696063
vt 0.398695 0.677105
vt 0.398002 0.660077
vt 0.397193 0.642803
vt 0.396287 0.625588
vt 0.395256 0.607826
vt 0.394092 0.588979
vt 0.392288 0.559507
vt 0.391174 0.540217
vt 0.390172 0.520922
vt 0.389305 0.501889
vt 0.388586 0.484045
vt 0.387967 0.467094
vt 0.387406 0.450587
vt 0.386879 0.434576
vt 0.386365 0.418811
vt 0.385851 0.403185
vt 0.385331 0.387650
vt 0.384803 0.372168
vt 0.384269 0.356706
vt 0.383736 0.341259
vt 0.383210 0.325822
vt 0.382692 0.310398
vt 0.382182 0.294967
vt 0.381672 0.279632
vt 0.381159 0.264313
vt 0.371458 0.969248
vt 0.375502 0.952545
vt 0.378935 0.935634
vt 0.381805 0.918589
vt 0.384166 0.901545
vt 0.386147 0.884217
vt 0.387774 0.867118
vt 0.389175 0.849757
vt 0.390369 0.831993
vt 0.391206 0.816226
vt 0.391877 0.799440
vt 0.392312 0.782786
vt 0.392541 0.764747
vt 0.392551 0.748129
vt 0.392380 0.730113
vt 0.392076 0.713394
vt 0.391636 0.696043
vt 0.391025 0.677101
vt 0.390365 0.660095
vt 0.389597 0.642855
vt 0.388738 0.625686
vt 0.387764 0.607989
vt 0.386671 0.589216
vt 0.384984 0.559787
vt 0.383949 0.540455
vt 0.383026 0.521117
vt 0.382229 0.501857
vt 0.381576 0.483783
vt 0.381019 0.466591
vt 0.380520 0.449838
vt 0.380054 0.433566
vt 0.379602 0.417529
vt 0.379154 0.401624
vt 0.378705 0.385809
vt 0.378253 0.370048
vt 0.377801 0.354310
vt 0.377355 0.338589
vt 0.376921 0.322879
vt 0.376500 0.307182
vt 0.376090 0.291477
vt 0.375686 0.275862
vt 0.375282 0.260256
vt 0.365593 0.969725
vt 0.369373 0.952874
vt 0.372577 0.935840
vt 0.375252 0.918682
vt 0.377452 0.901531
vt 0.379297 0.884111
vt 0.380813 0.866945
vt 0.382116 0.849554
vt 0.383228 0.831797
vt 0.384008 0.816059
vt 0.384633 0.799313
vt 0.385036 0.782693
vt 0.385246 0.764683
vt 0.385251 0.748082
vt 0.385084 0.730078
vt 0.384792 0.713369
vt 0.384371 0.696028
vt 0.383788 0.677101
vt 0.383161 0.660115
vt 0.382431 0.642904
vt 0.381619 0.625777
vt 0.380701 0.608137
vt 0.379673 0.589430
vt 0.378095 0.560039
vt 0.377131 0.540669
vt 0.376279 0.521291
vt 0.375544 0.501830
vt 0.374947 0.483549
vt 0.374443 0.466142
vt 0.373994 0.449170
vt 0.373579 0.432664
vt 0.373178 0.416384
vt 0.372785 0.400230
vt 0.372393 0.384165
vt 0.372002 0.368154
vt 0.371616 0.352169
vt 0.371240 0.336202
vt 0.370879 0.320247
vt 0.370534 0.304304
vt 0.370204 0.288353
vt 0.369882 0.272487
vt 0.369564 0.256622
vt 0.359547 0.970169
vt 0.363054 0.953180
vt 0.366021 0.936029
vt 0.368497 0.918765
vt 0.370532 0.901515
vt 0.372238 0.884007
vt 0.373638 0.866780
vt 0.374842 0.849361
vt 0.375870 0.831612
vt 0.376590 0.815901
vt 0.377166 0.799192
vt 0.377537 0.782607
vt 0.377727 0.764624
vt 0.377726 0.748039
vt 0.377563 0.730047
vt 0.377285 0.713347
vt 0.376885 0.696016
vt 0.376332 0.677104
vt 0.375739 0.660137
vt 0.375052 0.642955
vt 0.374288 0.625869
vt 0.373428 0.608285
vt 0.372467 0.589641
vt 0.371000 0.560286
vt 0.370107 0.540877
vt 0.369324 0.521461
vt 0.368649 0.501804
vt 0.368105 0.483322
vt 0.367649 0.465707
vt 0.367247 0.448521
vt 0.366876 0.431789
vt 0.366522 0.415272
vt 0.366177 0.398876
vt 0.365836 0.382568
vt 0.365499 0.366314
vt 0.365170 0.350088
vt 0.364855 0.333882
vt 0.364556 0.317687
vt 0.364277 0.301506
vt 0.364014 0.285314
vt 0.363762 0.269203
vt 0.363516 0.253085
vt 0.353503 0.970568
vt 0.356736 0.953453
vt 0.359467 0.936198
vt 0.361744 0.918838
vt 0.363614 0.901497
vt 0.365181 0.883911
vt 0.366466 0.866628
vt 0.367571 0.849184
vt 0.368514 0.831442
vt 0.369174 0.815758
vt 0.369702 0.799084
vt 0.370040 0.782530
vt 0.370210 0.764572
vt 0.370203 0.748002
vt 0.370046 0.730021
vt 0.369781 0.713329
vt 0.369403 0.696007
vt 0.368882 0.677109
vt 0.368325 0.660162
vt 0.367681 0.643007
vt 0.366966 0.625959
vt 0.366165 0.608426
vt 0.365271 0.589841
vt 0.363912 0.560518
vt 0.363089 0.541073
vt 0.362371 0.521621
vt 0.361751 0.501780
vt 0.361256 0.483111
vt 0.360843 0.465301
vt 0.360482 0.447916
vt 0.360151 0.430971
vt 0.359837 0.414233
vt 0.359532 0.397611
vt 0.359235 0.381074
vt 0.358944 0.364593
vt 0.358663 0.348140
vt 0.358397 0.331710
vt 0.358150 0.315291
vt 0.357923 0.298884
vt 0.357716 0.282467
vt 0.357519 0.266125
vt 0.357330 0.249768
vt 0.347300 0.970932
vt 0.350253 0.953702
vt 0.352743 0.936350
vt 0.354816 0.918902
vt 0.356518 0.901478
vt 0.357942 0.883820
vt 0.359110 0.866485
vt 0.360113 0.849019
vt 0.360969 0.831285
vt 0.361568 0.815626
vt 0.362045 0.798985
vt 0.362349 0.782461
vt 0.362498 0.764526
vt 0.362485 0.747969
vt 0.362334 0.729999
vt 0.362083 0.713314
vt 0.361728 0.696002
vt 0.361242 0.677118
vt 0.360722 0.660189
vt 0.360123 0.643061
vt 0.359461 0.626049
vt 0.358720 0.608565
vt 0.357896 0.590035
vt 0.356646 0.560741
vt 0.355891 0.541262
vt 0.355237 0.521774
vt 0.354671 0.501758
vt 0.354222 0.482911
vt 0.353849 0.464915
vt 0.353525 0.447340
vt 0.353230 0.430193
vt 0.352950 0.413244
vt 0.352682 0.396405
vt 0.352421 0.379650
vt 0.352169 0.362953
vt 0.351929 0.346284
vt 0.351705 0.329638
vt 0.351501 0.313005
vt 0.351317 0.296383
vt 0.351153 0.279750
vt 0.351000 0.263187
vt 0.350857 0.246603
vt 0.344070 0.953910
vt 0.341385 0.971239
vt 0.346330 0.936476
vt 0.348210 0.918954
vt 0.349751 0.901460
vt 0.351040 0.883740
vt 0.352096 0.866362
vt 0.353002 0.848878
vt 0.353775 0.831151
vt 0.354315 0.815514
vt 0.354744 0.798901
vt 0.355015 0.782403
vt 0.355144 0.764488
vt 0.355126 0.747944
vt 0.354981 0.729982
vt 0.354744 0.713305
vt 0.354412 0.696001
vt 0.353959 0.677129
vt 0.353477 0.660216
vt 0.352922 0.643111
vt 0.352310 0.626131
vt 0.351626 0.608690
vt 0.350869 0.590208
vt 0.349723 0.560940
vt 0.349032 0.541429
vt 0.348434 0.521910
vt 0.347918 0.501741
vt 0.347508 0.482736
vt 0.347170 0.464577
vt 0.346877 0.446835
vt 0.346612 0.429510
vt 0.346361 0.412375
vt 0.346122 0.395347
vt 0.345891 0.378400
vt 0.345670 0.361511
vt 0.345462 0.344652
vt 0.345270 0.327817
vt 0.345098 0.310994
vt 0.344946 0.294182
vt 0.344814 0.277359
vt 0.344693 0.260600
vt 0.344581 0.243814
vt 0.337721 0.954097
vt 0.335311 0.971515
vt 0.339746 0.936590
vt 0.341427 0.919000
vt 0.342804 0.901442
vt 0.343955 0.883667
vt 0.344896 0.866250
vt 0.345703 0.848749
vt 0.346390 0.831029
vt 0.346869 0.815413
vt 0.347249 0.798827
vt 0.347486 0.782353
vt 0.347595 0.764456
vt 0.347571 0.747923
vt 0.347431 0.729970
vt 0.347210 0.713299
vt 0.346902 0.696003
vt 0.346484 0.677143
vt 0.346040 0.660246
vt 0.345532 0.643163
vt 0.344972 0.626212
vt 0.344349 0.608811
vt 0.343659 0.590374
vt 0.342618 0.561129
vt 0.341991 0.541588
vt 0.341450 0.522039
vt 0.340982 0.501726
vt 0.340610 0.482574
vt 0.340305 0.464261
vt 0.340041 0.446362
vt 0.339801 0.428870
vt 0.339576 0.411561
vt 0.339362 0.394354
vt 0.339158 0.377227
vt 0.338963 0.360157
vt 0.338781 0.343119
vt 0.338615 0.326106
vt 0.338469 0.309104
vt 0.338342 0.292113
vt 0.338234 0.275111
vt 0.338137 0.258168
vt 0.338049 0.241193
vt 0.331371 0.954259
vt 0.329237 0.971754
vt 0.333161 0.936687
vt 0.334645 0.919039
vt 0.335859 0.901426
vt 0.336871 0.883602
vt 0.337697 0.866151
vt 0.338406 0.848636
vt 0.339007 0.830924
vt 0.339425 0.815326
vt 0.339755 0.798765
vt 0.339958 0.782312
vt 0.340046 0.764432
vt 0.340017 0.747908
vt 0.339883 0.729962
vt 0.339678 0.713297
vt 0.339395 0.696008
vt 0.339012 0.677159
vt 0.338608 0.660276
vt 0.338147 0.643213
vt 0.337640 0.626290
vt 0.337076 0.608925
vt 0.336455 0.590528
vt 0.335517 0.561303
vt 0.334953 0.541735
vt 0.334467 0.522159
vt 0.334044 0.501715
vt 0.333709 0.482430
vt 0.333433 0.463978
vt 0.333195 0.445937
vt 0.332979 0.428295
vt 0.332776 0.410827
vt 0.332584 0.393459
vt 0.332401 0.376168
vt 0.332228 0.358936
vt 0.332068 0.341736
vt 0.331923 0.324561
vt 0.331796 0.307398
vt 0.331687 0.290244
vt 0.331596 0.273080
vt 0.331515 0.255970
vt 0.331442 0.238823
vt 0.325021 0.954397
vt 0.323164 0.971959
vt 0.326576 0.936771
vt 0.327863 0.919073
vt 0.328914 0.901412
vt 0.329788 0.883546
vt 0.330501 0.866067
vt 0.331110 0.848541
vt 0.331626 0.830835
vt 0.331983 0.815254
vt 0.332263 0.798714
vt 0.332432 0.782280
vt 0.332499 0.764414
vt 0.332464 0.747899
vt 0.332337 0.729959
vt 0.332147 0.713299
vt 0.331889 0.696017
vt 0.331543 0.677178
vt 0.331179 0.660308
vt 0.330765 0.643263
vt 0.330312 0.626363
vt 0.329809 0.609031
vt 0.329255 0.590669
vt 0.328420 0.561461
vt 0.327918 0.541868
vt 0.327485 0.522267
vt 0.327106 0.501707
vt 0.326805 0.482304
vt 0.326557 0.463728
vt 0.326341 0.445561
vt 0.326146 0.427784
vt 0.325964 0.410177
vt 0.325791 0.392664
vt 0.325626 0.375228
vt 0.325471 0.357851
vt 0.325328 0.340505
vt 0.325198 0.323186
vt 0.325086 0.305879
vt 0.324990 0.288581
vt 0.324910 0.271271
vt 0.324839 0.254012
vt 0.324775 0.236711
vt 0.318671 0.954514
vt 0.317089 0.972131
vt 0.319991 0.936842
vt 0.321082 0.919102
vt 0.321970 0.901401
vt 0.322707 0.883501
vt 0.323306 0.865997
vt 0.323816 0.848462
vt 0.324246 0.830762
vt 0.324543 0.815196
vt 0.324772 0.798674
vt 0.324907 0.782256
vt 0.324953 0.764403
vt 0.324912 0.747895
vt 0.324792 0.729960
vt 0.324619 0.713305
vt 0.324386 0.696029
vt 0.324077 0.677199
vt 0.323754 0.660340
vt 0.323387 0.643311
vt 0.322988 0.626433
vt 0.322546 0.609128
vt 0.322060 0.590796
vt 0.321327 0.561603
vt 0.320885 0.541989
vt 0.320504 0.522366
vt 0.320168 0.501704
vt 0.319900 0.482197
vt 0.319677 0.463513
vt 0.319483 0.445235
vt 0.319307 0.427341
vt 0.319142 0.409610
vt 0.318985 0.391971
vt 0.318837 0.374408
vt 0.318696 0.356903
vt 0.318567 0.339431
vt 0.318450 0.321985
vt 0.318348 0.304551
vt 0.318260 0.287126
vt 0.318186 0.269690
vt 0.318120 0.252300
vt 0.318060 0.234865
vt 0.312320 0.954611
vt 0.311015 0.972274
vt 0.313407 0.936901
vt 0.314301 0.919128
vt 0.315027 0.901395
vt 0.315627 0.883465
vt 0.316112 0.865942
vt 0.316524 0.848399
vt 0.316870 0.830706
vt 0.317105 0.815151
vt 0.317284 0.798645
vt 0.317384 0.782241
vt 0.317409 0.764399
vt 0.317363 0.747897
vt 0.317249 0.729967
vt 0.317093 0.713316
vt 0.316885 0.696044
vt 0.316613 0.677222
vt 0.316332 0.660373
vt 0.316013 0.643357
vt 0.315668 0.626497
vt 0.315286 0.609216
vt 0.314868 0.590910
vt 0.314237 0.561729
vt 0.313855 0.542096
vt 0.313525 0.522454
vt 0.313230 0.501705
vt 0.312993 0.482109
vt 0.312795 0.463333
vt 0.312622 0.444961
vt 0.312463 0.426966
vt 0.312314 0.409131
vt 0.312172 0.391383
vt 0.312037 0.373712
vt 0.311909 0.356098
vt 0.311791 0.338517
vt 0.311683 0.320963
vt 0.311589 0.303420
vt 0.311506 0.285887
vt 0.311435 0.268342
vt 0.311370 0.250840
vt 0.311311 0.233290
vt 0.305969 0.954690
vt 0.304940 0.972389
vt 0.306822 0.936952
vt 0.307521 0.919152
vt 0.308085 0.901392
vt 0.308549 0.883441
vt 0.308921 0.865902
vt 0.309234 0.848354
vt 0.309495 0.830665
vt 0.309669 0.815121
vt 0.309798 0.798628
vt 0.309863 0.782236
vt 0.309868 0.764401
vt 0.309816 0.747905
vt 0.309709 0.729978
vt 0.309569 0.713330
vt 0.309387 0.696063
vt 0.309153 0.677247
vt 0.308912 0.660406
vt 0.308642 0.643402
vt 0.308351 0.626557
vt 0.308031 0.609294
vt 0.307680 0.591010
vt 0.307150 0.561839
vt 0.306828 0.542190
vt 0.306547 0.522532
vt 0.306293 0.501712
vt 0.306087 0.482042
vt 0.305912 0.463190
vt 0.305758 0.444740
vt 0.305615 0.426661
vt 0.305481 0.408739
vt 0.305352 0.390903
vt 0.305230 0.373141
vt 0.305113 0.355437
vt 0.305004 0.337766
vt 0.304904 0.320122
vt 0.304815 0.302490
vt 0.304735 0.284867
vt 0.304664 0.267232
vt 0.304599 0.249638
vt 0.304537 0.231993
vt 0.299617 0.954755
vt 0.298865 0.972479
vt 0.300237 0.936994
vt 0.300741 0.919174
vt 0.301144 0.901396
vt 0.301472 0.883427
vt 0.301731 0.865877
vt 0.301946 0.848325
vt 0.302122 0.830641
vt 0.302236 0.815105
vt 0.302314 0.798623
vt 0.302345 0.782239
vt 0.302328 0.764411
vt 0.302271 0.747918
vt 0.302171 0.729994
vt 0.302047 0.713349
vt 0.301892 0.696085
vt 0.301695 0.677274
vt 0.301496 0.660440
vt 0.301275 0.643444
vt 0.301037 0.626611
vt 0.300778 0.609364
vt 0.300495 0.591096
vt 0.300066 0.561931
vt 0.299802 0.542270
vt 0.299570 0.522600
vt 0.299357 0.501723
vt 0.299181 0.481996
vt 0.299029 0.463083
vt 0.298893 0.444572
vt 0.298766 0.426428
vt 0.298646 0.408438
vt 0.298530 0.390532
vt 0.298419 0.372699
vt 0.298312 0.354924
vt 0.298211 0.337182
vt 0.298118 0.319468
vt 0.298031 0.301765
vt 0.297953 0.284071
vt 0.297881 0.266366
vt 0.297813 0.248699
vt 0.297747 0.230980
vt 0.293266 0.954805
vt 0.292791 0.972547
vt 0.293653 0.937031
vt 0.293962 0.919197
vt 0.294205 0.901406
vt 0.294396 0.883426
vt 0.294543 0.865868
vt 0.294660 0.848314
vt 0.294751 0.830633
vt 0.294804 0.815104
vt 0.294832 0.798628
vt 0.294829 0.782251
vt 0.294791 0.764427
vt 0.294728 0.747937
vt 0.294635 0.730015
vt 0.294528 0.713372
vt 0.294399 0.696110
vt 0.294240 0.677303
vt 0.294082 0.660473
vt 0.293909 0.643484
vt 0.293726 0.626659
vt 0.293528 0.609423
vt 0.293312 0.591167
vt 0.292983 0.562007
vt 0.292779 0.542336
vt 0.292595 0.522657
vt 0.292422 0.501739
vt 0.292275 0.481970
vt 0.292146 0.463015
vt 0.292028 0.444459
vt 0.291917 0.426269
vt 0.291810 0.408229
vt 0.291706 0.390272
vt 0.291606 0.372388
vt 0.291509 0.354562
vt 0.291415 0.336769
vt 0.291327 0.319003
vt 0.291243 0.301250
vt 0.291165 0.283505
vt 0.291091 0.265749
vt 0.291020 0.248030
vt 0.290950 0.230258
vt 0.286914 0.954845
vt 0.286716 0.972596
vt 0.287068 0.937063
vt 0.287184 0.919222
vt 0.287265 0.901423
vt 0.287321 0.883437
vt 0.287356 0.865875
vt 0.287376 0.848320
vt 0.287382 0.830641
vt 0.287374 0.815116
vt 0.287351 0.798645
vt 0.287313 0.782272
vt 0.287255 0.764451
vt 0.287187 0.747962
vt 0.287101 0.730041
vt 0.287010 0.713398
vt 0.286907 0.696138
vt 0.286786 0.677334
vt 0.286670 0.660507
vt 0.286546 0.643521
vt 0.286417 0.626701
vt 0.286280 0.609471
vt 0.286131 0.591222
vt 0.285902 0.562065
vt 0.285756 0.542389
vt 0.285621 0.522703
vt 0.285488 0.501761
vt 0.285371 0.481967
vt 0.285264 0.462985
vt 0.285164 0.444403
vt 0.285068 0.426184
vt 0.284974 0.408114
vt 0.284883 0.390126
vt 0.284793 0.372211
vt 0.284704 0.354354
vt 0.284618 0.336530
vt 0.284535 0.318734
vt 0.284453 0.300950
vt 0.284375 0.283173
vt 0.284299 0.265386
vt 0.284224 0.247636
vt 0.284149 0.229832
vt 0.280556 0.954876
vt 0.280634 0.972628
vt 0.280477 0.937092
vt 0.280398 0.919249
vt 0.280319 0.901449
vt 0.280239 0.883462
vt 0.280161 0.865898
vt 0.280083 0.848344
vt 0.280005 0.830666
vt 0.279936 0.815143
vt 0.279863 0.798673
vt 0.279790 0.782301
vt 0.279711 0.764481
vt 0.279638 0.747992
vt 0.279559 0.730072
vt 0.279485 0.713430
vt 0.279408 0.696170
vt 0.279325 0.677366
vt 0.279251 0.660540
vt 0.279175 0.643555
vt 0.279101 0.626737
vt 0.279024 0.609509
vt 0.278943 0.591262
vt 0.278814 0.562105
vt 0.278727 0.542427
vt 0.278640 0.522740
vt 0.278547 0.501789
vt 0.278459 0.481986
vt 0.278375 0.462996
vt 0.278292 0.444404
vt 0.278211 0.426175
vt 0.278131 0.408095
vt 0.278051 0.390097
vt 0.277972 0.372172
vt 0.277893 0.354304
vt 0.277814 0.336469
vt 0.277735 0.318662
vt 0.277656 0.300867
vt 0.277577 0.283081
vt 0.277498 0.265283
vt 0.277419 0.247522
vt 0.277340 0.229708
vt 0.467578 0.947590
vt 0.476682 0.937811
vt 0.486361 0.924245
vt 0.493782 0.911876
vt 0.499710 0.899552
vt 0.505058 0.885493
vt 0.508902 0.872428
vt 0.512446 0.856890
vt 0.515530 0.838668
vt 0.457346 0.955742
vt 0.517568 0.821585
vt 0.519042 0.803783
vt 0.519959 0.786095
vt 0.520394 0.767020
vt 0.520354 0.749676
vt 0.520002 0.731429
vt 0.519438 0.714531
vt 0.518691 0.697003
vt 0.517694 0.677930
vt 0.516624 0.660758
vt 0.515315 0.642680
vt 0.513803 0.624515
vt 0.448038 0.962398
vt 0.443100 0.965161
vt 0.438035 0.967700
vt 0.432860 0.970025
vt 0.427590 0.972148
vt 0.422243 0.974079
vt 0.416835 0.975831
vt 0.411377 0.977419
vt 0.405873 0.978859
vt 0.400330 0.980163
vt 0.394753 0.981342
vt 0.389147 0.982410
vt 0.383517 0.983378
vt 0.377870 0.984257
vt 0.372210 0.985060
vt 0.366538 0.985797
vt 0.360856 0.986469
vt 0.355164 0.987080
vt 0.349462 0.987631
vt 0.338038 0.988564
vt 0.343753 0.988125
vt 0.332316 0.988950
vt 0.326591 0.989286
vt 0.320862 0.989574
vt 0.315131 0.989817
vt 0.309398 0.990018
vt 0.303662 0.990179
vt 0.297926 0.990304
vt 0.292189 0.990395
vt 0.286452 0.990455
vt 0.280713 0.990486
vt 0.511936 0.604972
vt 0.509779 0.584758
vt 0.505962 0.553757
vt 0.503410 0.535178
vt 0.500613 0.516639
vt 0.498301 0.502533
vt 0.496024 0.489729
vt 0.493758 0.477967
vt 0.491413 0.466748
vt 0.486619 0.446262
vt 0.489059 0.456315
vt 0.481264 0.426391
vt 0.484029 0.436315
vt 0.478336 0.416516
vt 0.475174 0.406444
vt 0.471723 0.396071
vt 0.467971 0.385476
vt 0.463849 0.374592
vt 0.459473 0.363827
vt 0.455275 0.354156
vt 0.450911 0.344682
vt 0.443862 0.330561
vt 0.440607 0.324459
vt 0.437233 0.318395
vt 0.433737 0.312382
vt 0.426358 0.300556
vt 0.422465 0.294769
vt 0.430113 0.306431
vt 0.418431 0.289082
vt 0.414248 0.283509
vt 0.405415 0.272749
vt 0.409912 0.278060
vt 0.395911 0.262590
vt 0.374644 0.244462
vt 0.390889 0.257766
vt 0.400751 0.267589
vt 0.362858 0.236674
vt 0.380262 0.248689
vt 0.368837 0.240454
vt 0.350465 0.229832
vt 0.344087 0.226784
vt 0.337611 0.223997
vt 0.331053 0.221478
vt 0.324430 0.219232
vt 0.317756 0.217269
vt 0.311044 0.215594
vt 0.304305 0.214215
vt 0.297551 0.213139
vt 0.290788 0.212372
vt 0.284024 0.211920
vt 0.356728 0.233130
vt 0.277261 0.211791
vt 0.015063 0.115030
vt 0.015063 0.109996
vt 0.015063 0.090075
vt 0.015063 0.085139
vt 0.005089 0.141821
vt 0.005089 0.136767
vt 0.005089 0.126689
vt 0.005089 0.116669
vt 0.005089 0.111685
vt 0.005089 0.121672
vt 0.005089 0.131724
vt 0.005089 0.106718
vt 0.015063 0.049666
vt 0.005090 0.037754
vt 0.005090 0.028127
vt 0.005090 0.032922
vt 0.005090 0.013951
vt 0.005090 0.009285
vt 0.005090 0.018644
vt 0.005090 0.023368
vt 0.005089 0.146878
vt 0.005090 0.004637
vt 0.015061 0.162028
vt 0.015061 0.169540
vt 0.005091 0.171250
vt 0.005091 0.179058
vt 0.005091 0.187689
vt 0.015061 0.186970
vt 0.015061 0.196916
vt 0.005091 0.213016
vt 0.015061 0.206508
vt 0.015061 0.215764
vt 0.005091 0.220993
vt 0.015061 0.224495
vt 0.005091 0.236651
vt 0.015061 0.240271
vt 0.015061 0.248101
vt 0.005091 0.244519
vt 0.005091 0.252478
vt 0.015061 0.256101
vt 0.015061 0.264307
vt 0.005091 0.260758
vt 0.015061 0.272891
vt 0.005091 0.269701
vt 0.015061 0.232513
vt 0.005091 0.279123
vt 0.005091 0.289469
vt 0.015061 0.300565
vt 0.005091 0.377359
vt 0.015061 0.394786
vt 0.005091 0.395423
vt 0.015061 0.429472
vt 0.005091 0.430159
vt 0.015061 0.447504
vt 0.005091 0.447185
vt 0.005091 0.466502
vt 0.015061 0.484778
vt 0.005091 0.484592
vt 0.005091 0.502290
vt 0.015061 0.502405
vt 0.015061 0.521365
vt 0.005091 0.521619
vt 0.005091 0.540134
vt 0.015061 0.539942
vt 0.005091 0.560650
vt 0.015061 0.561319
vt 0.015061 0.600692
vt 0.005087 0.599136
vt 0.015061 0.620831
vt 0.005087 0.617801
vt 0.005087 0.637798
vt 0.015061 0.640410
vt 0.005087 0.655096
vt 0.015061 0.691589
vt 0.015061 0.725877
vt 0.015061 0.744572
vt 0.015061 0.761043
vt 0.015061 0.779656
vt 0.005087 0.999775
vt 0.005087 0.993473
vt 0.015061 0.950548
vt 0.005087 0.980710
vt 0.005087 0.967863
vt 0.005087 0.954917
vt 0.015061 0.931600
vt 0.005087 0.928588
vt 0.005087 0.921878
vt 0.005087 0.948402
vt 0.015061 0.905589
vt 0.005087 0.901362
vt 0.015061 0.804252
vt 0.005087 0.880156
vt 0.005087 0.872922
vt 0.005087 0.850761
vt 0.005087 0.843227
vt 0.005087 0.827957
vt 0.005087 0.820234
vt 0.005087 0.796988
vt 0.005087 0.789318
vt 0.015061 1.000000
vt 0.015063 0.150732
vt 0.015063 0.145602
vt 0.015063 0.130250
vt 0.015063 0.135357
vt 0.015063 0.140475
vt 0.015063 0.125159
vt 0.015063 0.120084
vt 0.015063 0.104985
vt 0.015063 0.099994
vt 0.015063 0.095024
vt 0.015063 0.080215
vt 0.015063 0.075296
vt 0.015063 0.070381
vt 0.015063 0.055710
vt 0.015063 0.060580
vt 0.015063 0.065472
vt 0.005089 0.151927
vt 0.005089 0.101768
vt 0.005089 0.091908
vt 0.005089 0.086991
vt 0.005089 0.096832
vt 0.005090 0.077151
vt 0.005090 0.067268
vt 0.005090 0.062317
vt 0.005090 0.072214
vt 0.015063 0.044879
vt 0.015063 0.040138
vt 0.015062 0.035452
vt 0.005090 0.047514
vt 0.015062 0.030823
vt 0.005090 0.052433
vt 0.015062 0.026255
vt 0.015062 0.021750
vt 0.005090 0.057370
vt 0.015062 0.012918
vt 0.015062 0.017305
vt 0.015062 0.008580
vt 0.015062 0.004280
vt 0.030292 0.999999
vt 0.005090 0.000001
vt 0.005090 0.042619
vt 0.005089 0.163550
vt 0.005091 0.196373
vt 0.015061 0.177078
vt 0.005091 0.204792
vt 0.005091 0.228804
vt 0.015061 0.281699
vt 0.015061 0.290902
vt 0.005091 0.300989
vt 0.015061 0.315400
vt 0.005091 0.316376
vt 0.015061 0.330552
vt 0.005091 0.332105
vt 0.005091 0.359139
vt 0.015061 0.358558
vt 0.005091 0.412623
vt 0.015061 0.412125
vt 0.015061 0.465618
vt 0.015064 0.581042
vt 0.005091 0.579757
vt 0.015061 0.657867
vt 0.005087 0.669988
vt 0.015061 0.674851
vt 0.005087 0.686802
vt 0.005087 0.702484
vt 0.015061 0.708509
vt 0.005087 0.719610
vt 0.005087 0.740097
vt 0.005087 0.756917
vt 0.015061 0.993786
vt 0.015061 0.981488
vt 0.015061 0.975345
vt 0.015061 0.987631
vt 0.015061 0.962999
vt 0.015061 0.956786
vt 0.015061 0.944276
vt 0.015061 0.937961
vt 0.015061 0.969178
vt 0.005087 0.987100
vt 0.005087 0.974295
vt 0.005087 0.961402
vt 0.015061 0.925186
vt 0.005087 0.935238
vt 0.015061 0.918718
vt 0.005087 0.941841
vt 0.015061 0.912186
vt 0.015061 0.898916
vt 0.015061 0.892159
vt 0.015061 0.885309
vt 0.015061 0.878370
vt 0.015061 0.864220
vt 0.015061 0.857010
vt 0.015061 0.871336
vt 0.015061 0.842325
vt 0.015061 0.834849
vt 0.015061 0.827291
vt 0.005087 0.908272
vt 0.015061 0.849712
vt 0.015061 0.819662
vt 0.015061 0.811975
vt 0.015061 0.796487
vt 0.005087 0.915110
vt 0.005087 0.887307
vt 0.005087 0.894376
vt 0.005087 0.858219
vt 0.005087 0.865612
vt 0.005087 0.835621
vt 0.005087 0.804723
vt 0.005087 0.812482
vt 0.005087 0.774014
vt 0.385856 0.253365
vt 0.005089 0.082279
vt 0.938037 0.611371
vt 0.933029 0.614808
vt 0.927863 0.618328
vt 0.922559 0.621919
vt 0.278879 0.576685
vt 0.286015 0.576645
vt 0.293144 0.576588
vt 0.300275 0.576515
vt 0.307409 0.576426
vt 0.314544 0.576321
vt 0.321684 0.576201
vt 0.328827 0.576066
vt 0.335974 0.575917
vt 0.343125 0.575753
vt 0.350282 0.575575
vt 0.357257 0.575389
vt 0.364577 0.575181
vt 0.371720 0.574964
vt 0.378870 0.574736
vt 0.385815 0.574503
vt 0.393179 0.574244
vt 0.400305 0.573982
vt 0.407445 0.573710
vt 0.414597 0.573429
vt 0.421759 0.573138
vt 0.428929 0.572839
vt 0.436105 0.572532
vt 0.443283 0.572218
vt 0.450461 0.571898
vt 0.457636 0.571572
vt 0.464804 0.571242
vt 0.471964 0.570908
vt 0.479176 0.570568
vt 0.486378 0.570225
vt 0.493563 0.569881
vt 0.500729 0.569536
vt 0.507943 0.569248
vt 0.005091 0.345485
vt 0.983027 0.424848
vt 0.015061 0.344403
vt 0.975521 0.424905
vt 0.968017 0.424701
vt 0.960492 0.424493
vt 0.952950 0.424281
vt 0.945391 0.424067
vt 0.937820 0.423852
vt 0.930239 0.423636
vt 0.922652 0.423420
vt 0.915062 0.423207
vt 0.907475 0.422996
vt 0.899891 0.422788
vt 0.892357 0.422586
vt 0.884837 0.422389
vt 0.877330 0.422198
vt 0.869840 0.422014
vt 0.862340 0.421837
vt 0.854808 0.421666
vt 0.847288 0.421504
vt 0.839781 0.421351
vt 0.832285 0.421207
vt 0.824798 0.421073
vt 0.817320 0.420950
vt 0.809848 0.420837
vt 0.802382 0.420735
vt 0.794923 0.420644
vt 0.787468 0.420565
vt 0.780018 0.420498
vt 0.772545 0.420443
vt 0.765073 0.420400
vt 0.757604 0.420371
vt 0.749779 0.420355
vt 0.742660 0.420354
vt 0.986515 0.387945
vt 0.015061 0.376832
vt 0.663393 0.025522
vt 0.669462 0.025206
vt 0.673579 0.008517
vt 0.667868 0.008992
vt 0.657322 0.025879
vt 0.662165 0.009522
vt 0.651250 0.026279
vt 0.656470 0.010110
vt 0.645176 0.026725
vt 0.650786 0.010758
vt 0.639141 0.027216
vt 0.645110 0.011469
vt 0.633132 0.027762
vt 0.639446 0.012252
vt 0.633798 0.013119
vt 0.627134 0.028375
vt 0.628171 0.014083
vt 0.621157 0.029063
vt 0.615206 0.029837
vt 0.622569 0.015156
vt 0.609261 0.030709
vt 0.616998 0.016350
vt 0.603363 0.031687
vt 0.611463 0.017678
vt 0.597522 0.032779
vt 0.605969 0.019152
vt 0.591745 0.033995
vt 0.600520 0.020788
vt 0.586043 0.035344
vt 0.595128 0.022602
vt 0.580424 0.036836
vt 0.589808 0.024606
vt 0.574897 0.038481
vt 0.584576 0.026811
vt 0.569471 0.040289
vt 0.579448 0.029231
vt 0.564153 0.042271
vt 0.574440 0.031876
vt 0.558961 0.044439
vt 0.564183 0.038855
vt 0.736331 0.041216
vt 0.736596 0.023779
vt 0.729641 0.041224
vt 0.730210 0.023798
vt 0.723260 0.041237
vt 0.724117 0.023831
vt 0.716878 0.041259
vt 0.718024 0.023882
vt 0.710498 0.041290
vt 0.711934 0.023953
vt 0.704144 0.041334
vt 0.705866 0.024046
vt 0.697789 0.041391
vt 0.699799 0.024163
vt 0.691436 0.041465
vt 0.693732 0.024308
vt 0.685084 0.041557
vt 0.687664 0.024482
vt 0.678732 0.041669
vt 0.681598 0.024688
vt 0.672381 0.041803
vt 0.675530 0.024929
vt 0.666030 0.041961
vt 0.659679 0.042144
vt 0.653328 0.042355
vt 0.646975 0.042596
vt 0.640623 0.042868
vt 0.634312 0.043172
vt 0.628026 0.043515
vt 0.621751 0.043906
vt 0.615492 0.044353
vt 0.609255 0.044865
vt 0.603016 0.045450
vt 0.596817 0.046116
vt 0.590664 0.046870
vt 0.584566 0.047719
vt 0.578531 0.048671
vt 0.572565 0.049736
vt 0.566677 0.050919
vt 0.560874 0.052231
vt 0.555163 0.053677
vt 0.549547 0.055264
vt 0.544578 0.056424
vt 0.553234 0.047384
vt 0.736107 0.058680
vt 0.729158 0.058678
vt 0.722529 0.058674
vt 0.715900 0.058671
vt 0.709273 0.058670
vt 0.702672 0.058672
vt 0.696071 0.058680
vt 0.689471 0.058694
vt 0.682872 0.058717
vt 0.676274 0.058750
vt 0.669677 0.058795
vt 0.663080 0.058852
vt 0.656483 0.058924
vt 0.649886 0.059012
vt 0.643288 0.059117
vt 0.636690 0.059241
vt 0.630135 0.059385
vt 0.623605 0.059556
vt 0.617082 0.059758
vt 0.610572 0.059999
vt 0.604078 0.060286
vt 0.597574 0.060625
vt 0.591101 0.061021
vt 0.584666 0.061482
vt 0.578276 0.062014
vt 0.571935 0.062622
vt 0.565652 0.063313
vt 0.559432 0.064095
vt 0.553282 0.064972
vt 0.547206 0.065952
vt 0.541214 0.067046
vt 0.535608 0.068021
vt 0.735919 0.076119
vt 0.728752 0.076108
vt 0.721915 0.076089
vt 0.715077 0.076064
vt 0.708241 0.076033
vt 0.701431 0.075998
vt 0.694622 0.075961
vt 0.687813 0.075922
vt 0.681005 0.075882
vt 0.674197 0.075844
vt 0.667390 0.075807
vt 0.660583 0.075774
vt 0.653777 0.075745
vt 0.646969 0.075721
vt 0.640161 0.075704
vt 0.633353 0.075694
vt 0.626588 0.075694
vt 0.619848 0.075707
vt 0.613111 0.075739
vt 0.606383 0.075794
vt 0.599666 0.075876
vt 0.592932 0.075992
vt 0.586221 0.076146
vt 0.579540 0.076342
vt 0.572893 0.076587
vt 0.566285 0.076884
vt 0.559723 0.077239
vt 0.553212 0.077657
vt 0.546757 0.078144
vt 0.540362 0.078707
vt 0.534032 0.079351
vt 0.528075 0.079785
vt 0.735762 0.093660
vt 0.728411 0.093640
vt 0.721397 0.093606
vt 0.714383 0.093559
vt 0.707370 0.093499
vt 0.700384 0.093429
vt 0.693398 0.093348
vt 0.686412 0.093257
vt 0.679427 0.093158
vt 0.672441 0.093051
vt 0.665457 0.092937
vt 0.658472 0.092818
vt 0.651488 0.092692
vt 0.644502 0.092563
vt 0.637515 0.092429
vt 0.630529 0.092293
vt 0.623586 0.092156
vt 0.616666 0.092021
vt 0.609748 0.091891
vt 0.602835 0.091770
vt 0.595929 0.091661
vt 0.588998 0.091568
vt 0.582084 0.091494
vt 0.575191 0.091443
vt 0.568325 0.091419
vt 0.561489 0.091427
vt 0.554688 0.091469
vt 0.547926 0.091551
vt 0.541208 0.091676
vt 0.534537 0.091850
vt 0.527917 0.092076
vt 0.521464 0.092114
vt 0.735630 0.111359
vt 0.728120 0.111331
vt 0.720955 0.111283
vt 0.713790 0.111217
vt 0.706625 0.111132
vt 0.699488 0.111030
vt 0.692350 0.110910
vt 0.685212 0.110774
vt 0.678075 0.110622
vt 0.670937 0.110454
vt 0.663800 0.110272
vt 0.656663 0.110075
vt 0.649525 0.109865
vt 0.642387 0.109641
vt 0.635247 0.109404
vt 0.628107 0.109156
vt 0.621011 0.108898
vt 0.613937 0.108631
vt 0.606863 0.108359
vt 0.599790 0.108082
vt 0.592720 0.107804
vt 0.585620 0.107525
vt 0.578531 0.107249
vt 0.571457 0.106980
vt 0.564401 0.106719
vt 0.557368 0.106471
vt 0.550360 0.106237
vt 0.543382 0.106020
vt 0.536437 0.105824
vt 0.529528 0.105653
vt 0.522656 0.105508
vt 0.515962 0.105280
vt 0.735519 0.128681
vt 0.727875 0.128647
vt 0.720582 0.128591
vt 0.713288 0.128510
vt 0.705995 0.128406
vt 0.698729 0.128280
vt 0.691462 0.128132
vt 0.684196 0.127962
vt 0.676929 0.127770
vt 0.669662 0.127558
vt 0.662395 0.127324
vt 0.655128 0.127070
vt 0.647861 0.126796
vt 0.640593 0.126502
vt 0.633322 0.126188
vt 0.626052 0.125855
vt 0.618826 0.125506
vt 0.611621 0.125140
vt 0.604414 0.124759
vt 0.597207 0.124364
vt 0.589998 0.123957
vt 0.582753 0.123536
vt 0.575516 0.123107
vt 0.568288 0.122669
vt 0.561072 0.122226
vt 0.553872 0.121779
vt 0.546690 0.121331
vt 0.539530 0.120882
vt 0.532394 0.120435
vt 0.525285 0.119992
vt 0.518204 0.119556
vt 0.511134 0.119324
vt 0.735422 0.145839
vt 0.727660 0.145803
vt 0.720253 0.145741
vt 0.712845 0.145654
vt 0.705438 0.145541
vt 0.698058 0.145403
vt 0.690678 0.145241
vt 0.683297 0.145054
vt 0.675915 0.144842
vt 0.668534 0.144606
vt 0.661152 0.144345
vt 0.653771 0.144061
vt 0.646389 0.143753
vt 0.639006 0.143420
vt 0.631621 0.143064
vt 0.624235 0.142684
vt 0.616894 0.142284
vt 0.609574 0.141863
vt 0.602250 0.141421
vt 0.594923 0.140958
vt 0.587592 0.140475
vt 0.580223 0.139971
vt 0.572856 0.139449
vt 0.565494 0.138910
vt 0.558141 0.138355
vt 0.550797 0.137785
vt 0.543468 0.137201
vt 0.536152 0.136605
vt 0.528855 0.135997
vt 0.521578 0.135378
vt 0.514322 0.134749
vt 0.507141 0.134362
vt 0.735335 0.163164
vt 0.727465 0.163128
vt 0.719955 0.163068
vt 0.712444 0.162982
vt 0.704933 0.162870
vt 0.697450 0.162734
vt 0.689966 0.162573
vt 0.682482 0.162386
vt 0.674996 0.162175
vt 0.667511 0.161939
vt 0.660026 0.161678
vt 0.652541 0.161392
vt 0.645055 0.161082
vt 0.637568 0.160746
vt 0.630079 0.160386
vt 0.622590 0.160001
vt 0.615146 0.159594
vt 0.607722 0.159164
vt 0.600294 0.158711
vt 0.592861 0.158234
vt 0.585422 0.157734
vt 0.577941 0.157209
vt 0.570461 0.156662
vt 0.562984 0.156092
vt 0.555511 0.155502
vt 0.548046 0.154890
vt 0.540589 0.154257
vt 0.533144 0.153604
vt 0.525713 0.152931
vt 0.518296 0.152238
vt 0.510896 0.151526
vt 0.503399 0.151626
vt 0.735261 0.180635
vt 0.727296 0.180603
vt 0.719696 0.180548
vt 0.712095 0.180470
vt 0.704494 0.180368
vt 0.696921 0.180243
vt 0.689347 0.180094
vt 0.681771 0.179922
vt 0.674196 0.179727
vt 0.666620 0.179509
vt 0.659045 0.179268
vt 0.651470 0.179003
vt 0.643894 0.178715
vt 0.636318 0.178403
vt 0.628739 0.178068
vt 0.621160 0.177709
vt 0.613627 0.177329
vt 0.606114 0.176927
vt 0.598596 0.176503
vt 0.591072 0.176055
vt 0.583542 0.175584
vt 0.575968 0.175087
vt 0.568393 0.174568
vt 0.560820 0.174025
vt 0.553249 0.173459
vt 0.545684 0.172871
vt 0.538126 0.172259
vt 0.530578 0.171623
vt 0.523041 0.170965
vt 0.515516 0.170282
vt 0.508006 0.169576
vt 0.500409 0.169553
vt 0.735202 0.197826
vt 0.727161 0.197798
vt 0.719489 0.197751
vt 0.711814 0.197683
vt 0.704141 0.197593
vt 0.696495 0.197484
vt 0.688847 0.197353
vt 0.681199 0.197202
vt 0.673551 0.197031
vt 0.665903 0.196839
vt 0.658255 0.196627
vt 0.650607 0.196393
vt 0.642959 0.196139
vt 0.635311 0.195865
vt 0.627660 0.195569
vt 0.620010 0.195252
vt 0.612405 0.194917
vt 0.604821 0.194562
vt 0.597231 0.194186
vt 0.589635 0.193789
vt 0.582033 0.193371
vt 0.574386 0.192930
vt 0.566738 0.192467
vt 0.559091 0.191983
vt 0.551447 0.191477
vt 0.543807 0.190949
vt 0.536175 0.190399
vt 0.528552 0.189826
vt 0.520940 0.189230
vt 0.513342 0.188609
vt 0.505756 0.187965
vt 0.735161 0.214901
vt 0.727063 0.214880
vt 0.719335 0.214838
vt 0.711605 0.214778
vt 0.703876 0.214700
vt 0.696174 0.214605
vt 0.688472 0.214491
vt 0.680768 0.214360
vt 0.673065 0.214210
vt 0.665361 0.214043
vt 0.657658 0.213858
vt 0.649956 0.213654
vt 0.642252 0.213433
vt 0.634549 0.213194
vt 0.626844 0.212936
vt 0.619138 0.212660
vt 0.611479 0.212368
vt 0.603841 0.212058
vt 0.596197 0.211730
vt 0.588547 0.211384
vt 0.580890 0.211020
vt 0.573189 0.210636
vt 0.565487 0.210232
vt 0.557786 0.209810
vt 0.550088 0.209369
vt 0.542396 0.208908
vt 0.534713 0.208427
vt 0.527039 0.207925
vt 0.519378 0.207403
vt 0.511731 0.206858
vt 0.504099 0.206291
vt 0.735135 0.232910
vt 0.726995 0.232890
vt 0.719226 0.232853
vt 0.711456 0.232799
vt 0.703687 0.232730
vt 0.695945 0.232644
vt 0.688202 0.232542
vt 0.680459 0.232425
vt 0.672715 0.232292
vt 0.664971 0.232143
vt 0.657227 0.231977
vt 0.649484 0.231796
vt 0.641741 0.231600
vt 0.633997 0.231387
vt 0.626251 0.231157
vt 0.618505 0.230912
vt 0.610805 0.230652
vt 0.603126 0.230377
vt 0.595440 0.230086
vt 0.587750 0.229780
vt 0.580052 0.229457
vt 0.572312 0.229117
vt 0.564570 0.228761
vt 0.556831 0.228389
vt 0.549096 0.228000
vt 0.541369 0.227594
vt 0.533651 0.227171
vt 0.525946 0.226731
vt 0.518255 0.226272
vt 0.510580 0.225795
vt 0.502922 0.225297
vt 0.735124 0.249460
vt 0.726961 0.249441
vt 0.719170 0.249407
vt 0.711379 0.249358
vt 0.703587 0.249293
vt 0.695822 0.249214
vt 0.688057 0.249120
vt 0.680291 0.249012
vt 0.672524 0.248889
vt 0.664757 0.248751
vt 0.656991 0.248599
vt 0.649224 0.248432
vt 0.641457 0.248251
vt 0.633690 0.248055
vt 0.625920 0.247844
vt 0.618149 0.247618
vt 0.610424 0.247379
vt 0.602720 0.247126
vt 0.595010 0.246859
vt 0.587294 0.246578
vt 0.579572 0.246283
vt 0.571807 0.245972
vt 0.564042 0.245647
vt 0.556280 0.245309
vt 0.548525 0.244956
vt 0.540778 0.244589
vt 0.533043 0.244207
vt 0.525322 0.243811
vt 0.517618 0.243398
vt 0.509933 0.242971
vt 0.502268 0.242526
vt 0.735126 0.266719
vt 0.726952 0.266701
vt 0.719152 0.266669
vt 0.711350 0.266623
vt 0.703548 0.266563
vt 0.695773 0.266490
vt 0.687998 0.266402
vt 0.680221 0.266301
vt 0.672443 0.266187
vt 0.664665 0.266058
vt 0.656886 0.265917
vt 0.649108 0.265762
vt 0.641328 0.265593
vt 0.633547 0.265410
vt 0.625764 0.265214
vt 0.617979 0.265003
vt 0.610239 0.264781
vt 0.602519 0.264545
vt 0.594792 0.264297
vt 0.587061 0.264036
vt 0.579323 0.263763
vt 0.571542 0.263475
vt 0.563762 0.263175
vt 0.555987 0.262864
vt 0.548219 0.262540
vt 0.540462 0.262203
vt 0.532718 0.261854
vt 0.524991 0.261493
vt 0.517283 0.261119
vt 0.509596 0.260732
vt 0.501934 0.260331
vt 0.735139 0.283300
vt 0.726967 0.283284
vt 0.719169 0.283255
vt 0.711368 0.283212
vt 0.703567 0.283157
vt 0.695794 0.283089
vt 0.688018 0.283008
vt 0.680242 0.282914
vt 0.672464 0.282808
vt 0.664686 0.282689
vt 0.656907 0.282558
vt 0.649126 0.282413
vt 0.641344 0.282256
vt 0.633560 0.282086
vt 0.625772 0.281902
vt 0.617982 0.281706
vt 0.610236 0.281498
vt 0.602509 0.281277
vt 0.594775 0.281045
vt 0.587035 0.280801
vt 0.579289 0.280545
vt 0.571500 0.280276
vt 0.563713 0.279996
vt 0.555931 0.279705
vt 0.548157 0.279403
vt 0.540395 0.279090
vt 0.532648 0.278766
vt 0.524919 0.278431
vt 0.517212 0.278085
vt 0.509528 0.277728
vt 0.501870 0.277360
vt 0.735162 0.301261
vt 0.727004 0.301247
vt 0.719219 0.301221
vt 0.711431 0.301184
vt 0.703643 0.301136
vt 0.695882 0.301075
vt 0.688118 0.301004
vt 0.680352 0.300920
vt 0.672585 0.300826
vt 0.664816 0.300719
vt 0.657046 0.300601
vt 0.649274 0.300471
vt 0.641499 0.300329
vt 0.633720 0.300175
vt 0.625936 0.300008
vt 0.618149 0.299829
vt 0.610403 0.299639
vt 0.602676 0.299437
vt 0.594941 0.299224
vt 0.587198 0.298999
vt 0.579449 0.298763
vt 0.571657 0.298515
vt 0.563866 0.298256
vt 0.556080 0.297986
vt 0.548304 0.297706
vt 0.540540 0.297416
vt 0.532791 0.297114
vt 0.525062 0.296803
vt 0.517355 0.296481
vt 0.509673 0.296148
vt 0.502019 0.295805
vt 0.735195 0.318560
vt 0.727061 0.318550
vt 0.719298 0.318530
vt 0.711532 0.318499
vt 0.703766 0.318459
vt 0.696027 0.318410
vt 0.688284 0.318350
vt 0.680539 0.318280
vt 0.672792 0.318200
vt 0.665042 0.318110
vt 0.657289 0.318010
vt 0.649533 0.317898
vt 0.641774 0.317776
vt 0.634009 0.317643
vt 0.626238 0.317498
vt 0.618460 0.317342
vt 0.610724 0.317174
vt 0.603004 0.316996
vt 0.595274 0.316807
vt 0.587536 0.316607
vt 0.579790 0.316396
vt 0.572000 0.316173
vt 0.564211 0.315939
vt 0.556427 0.315695
vt 0.548652 0.315440
vt 0.540888 0.315175
vt 0.533141 0.314899
vt 0.525413 0.314612
vt 0.517708 0.314314
vt 0.510029 0.314006
vt 0.502377 0.313688
vt 0.735237 0.335981
vt 0.727137 0.335975
vt 0.719406 0.335962
vt 0.711672 0.335941
vt 0.703938 0.335912
vt 0.696229 0.335876
vt 0.688518 0.335833
vt 0.680802 0.335781
vt 0.673084 0.335722
vt 0.665362 0.335654
vt 0.657637 0.335577
vt 0.649907 0.335492
vt 0.642172 0.335397
vt 0.634430 0.335293
vt 0.626679 0.335178
vt 0.618921 0.335053
vt 0.611201 0.334919
vt 0.603496 0.334774
vt 0.595780 0.334620
vt 0.588054 0.334455
vt 0.580318 0.334279
vt 0.572538 0.334093
vt 0.564758 0.333896
vt 0.556982 0.333689
vt 0.549213 0.333471
vt 0.541456 0.333242
vt 0.533714 0.333002
vt 0.525992 0.332751
vt 0.518291 0.332489
vt 0.510617 0.332216
vt 0.502969 0.331931
vt 0.735287 0.353212
vt 0.727229 0.353211
vt 0.719539 0.353207
vt 0.711846 0.353198
vt 0.704152 0.353184
vt 0.696483 0.353167
vt 0.688811 0.353144
vt 0.681134 0.353117
vt 0.673453 0.353084
vt 0.665768 0.353045
vt 0.658078 0.353001
vt 0.650383 0.352950
vt 0.642680 0.352892
vt 0.634970 0.352827
vt 0.627249 0.352754
vt 0.619519 0.352673
vt 0.611824 0.352583
vt 0.604143 0.352486
vt 0.596449 0.352380
vt 0.588743 0.352265
vt 0.581027 0.352141
vt 0.573265 0.352008
vt 0.565501 0.351864
vt 0.557740 0.351711
vt 0.549986 0.351548
vt 0.542242 0.351374
vt 0.534513 0.351189
vt 0.526802 0.350993
vt 0.519112 0.350786
vt 0.511447 0.350568
vt 0.503808 0.350337
vt 0.735344 0.370183
vt 0.727337 0.370189
vt 0.719695 0.370195
vt 0.712051 0.370201
vt 0.704405 0.370207
vt 0.696783 0.370212
vt 0.689157 0.370216
vt 0.681527 0.370220
vt 0.673892 0.370221
vt 0.666251 0.370221
vt 0.658605 0.370218
vt 0.650952 0.370212
vt 0.643291 0.370203
vt 0.635620 0.370190
vt 0.627938 0.370172
vt 0.620244 0.370150
vt 0.612585 0.370122
vt 0.604936 0.370089
vt 0.597273 0.370050
vt 0.589599 0.370005
vt 0.581911 0.369953
vt 0.574177 0.369893
vt 0.566439 0.369826
vt 0.558703 0.369751
vt 0.550973 0.369667
vt 0.543252 0.369574
vt 0.535544 0.369472
vt 0.527852 0.369359
vt 0.520181 0.369235
vt 0.512534 0.369101
vt 0.504911 0.368956
vt 0.735409 0.387193
vt 0.727461 0.387207
vt 0.719875 0.387226
vt 0.712286 0.387251
vt 0.704696 0.387281
vt 0.697130 0.387315
vt 0.689559 0.387353
vt 0.681983 0.387395
vt 0.674402 0.387441
vt 0.666814 0.387489
vt 0.659220 0.387540
vt 0.651619 0.387593
vt 0.644008 0.387647
vt 0.636387 0.387702
vt 0.628752 0.387758
vt 0.621106 0.387813
vt 0.613492 0.387867
vt 0.605888 0.387920
vt 0.598268 0.387971
vt 0.590635 0.388020
vt 0.582988 0.388067
vt 0.575293 0.388110
vt 0.567595 0.388149
vt 0.559896 0.388184
vt 0.552202 0.388213
vt 0.544515 0.388236
vt 0.536840 0.388251
vt 0.529181 0.388259
vt 0.521541 0.388259
vt 0.513922 0.388250
vt 0.506326 0.388231
vt 0.735479 0.404649
vt 0.727597 0.404672
vt 0.720074 0.404706
vt 0.712547 0.404750
vt 0.705019 0.404806
vt 0.697515 0.404872
vt 0.690006 0.404947
vt 0.682492 0.405032
vt 0.674972 0.405126
vt 0.667445 0.405228
vt 0.659912 0.405339
vt 0.652370 0.405457
vt 0.644819 0.405582
vt 0.637257 0.405714
vt 0.629681 0.405852
vt 0.622093 0.405996
vt 0.614537 0.406143
vt 0.606989 0.406295
vt 0.599426 0.406450
vt 0.591848 0.406609
vt 0.584257 0.406769
vt 0.576617 0.406933
vt 0.568972 0.407097
vt 0.561326 0.407261
vt 0.553684 0.407424
vt 0.546048 0.407585
vt 0.538422 0.407743
vt 0.530811 0.407897
vt 0.523217 0.408046
vt 0.515643 0.408190
vt 0.508091 0.408326
vt 0.735541 0.420364
vt 0.727716 0.420390
vt 0.720247 0.420429
vt 0.712775 0.420481
vt 0.705302 0.420545
vt 0.697852 0.420622
vt 0.690398 0.420711
vt 0.682938 0.420811
vt 0.675472 0.420923
vt 0.668001 0.421045
vt 0.660523 0.421179
vt 0.653036 0.421322
vt 0.645540 0.421475
vt 0.638034 0.421638
vt 0.630514 0.421810
vt 0.622982 0.421990
vt 0.615483 0.422177
vt 0.607992 0.422370
vt 0.600486 0.422571
vt 0.592966 0.422777
vt 0.585431 0.422989
vt 0.577849 0.423206
vt 0.570261 0.423427
vt 0.562672 0.423650
vt 0.555086 0.423875
vt 0.547505 0.424101
vt 0.539934 0.424326
vt 0.532376 0.424550
vt 0.524833 0.424771
vt 0.517309 0.424989
vt 0.509805 0.425203
vt 0.735666 0.454496
vt 0.735600 0.436077
vt 0.727953 0.454522
vt 0.727829 0.436107
vt 0.720592 0.454560
vt 0.720412 0.436150
vt 0.713229 0.454611
vt 0.712992 0.436209
vt 0.705865 0.454676
vt 0.705571 0.436283
vt 0.698524 0.454752
vt 0.698173 0.436370
vt 0.691180 0.454842
vt 0.690771 0.436472
vt 0.683833 0.454944
vt 0.683365 0.436588
vt 0.676481 0.455058
vt 0.675953 0.436718
vt 0.669124 0.455184
vt 0.668536 0.436861
vt 0.661763 0.455322
vt 0.661113 0.437017
vt 0.654397 0.455473
vt 0.653683 0.437186
vt 0.647024 0.455635
vt 0.646245 0.437367
vt 0.639643 0.455808
vt 0.638797 0.437560
vt 0.632254 0.455993
vt 0.631337 0.437766
vt 0.624856 0.456189
vt 0.623867 0.437982
vt 0.617494 0.456394
vt 0.616431 0.438209
vt 0.610145 0.456609
vt 0.609005 0.438444
vt 0.602784 0.456834
vt 0.601565 0.438690
vt 0.595412 0.457067
vt 0.594112 0.438944
vt 0.588030 0.457308
vt 0.586646 0.439206
vt 0.580601 0.457558
vt 0.579134 0.439477
vt 0.573170 0.457815
vt 0.571617 0.439754
vt 0.565739 0.458076
vt 0.564099 0.440037
vt 0.558310 0.458343
vt 0.556583 0.440324
vt 0.550888 0.458612
vt 0.549074 0.440614
vt 0.543476 0.458884
vt 0.541574 0.440906
vt 0.536076 0.459156
vt 0.534087 0.441198
vt 0.528691 0.459427
vt 0.526616 0.441491
vt 0.521323 0.459697
vt 0.519162 0.441782
vt 0.513974 0.459964
vt 0.511728 0.442072
vt 0.735723 0.472917
vt 0.728062 0.472939
vt 0.720750 0.472972
vt 0.713436 0.473015
vt 0.706121 0.473071
vt 0.698831 0.473136
vt 0.691539 0.473213
vt 0.684243 0.473301
vt 0.676946 0.473400
vt 0.669645 0.473510
vt 0.662342 0.473630
vt 0.655037 0.473762
vt 0.647728 0.473905
vt 0.640415 0.474058
vt 0.633096 0.474223
vt 0.625773 0.474398
vt 0.618491 0.474582
vt 0.611226 0.474776
vt 0.603952 0.474980
vt 0.596673 0.475192
vt 0.589386 0.475412
vt 0.582057 0.475640
vt 0.574728 0.475875
vt 0.567403 0.476115
vt 0.560083 0.476359
vt 0.552772 0.476607
vt 0.545473 0.476857
vt 0.538189 0.477107
vt 0.530922 0.477356
vt 0.523674 0.477601
vt 0.516446 0.477841
vt 0.735770 0.489940
vt 0.728147 0.489944
vt 0.720873 0.489947
vt 0.713596 0.489949
vt 0.706319 0.489951
vt 0.699067 0.489953
vt 0.691814 0.489956
vt 0.684559 0.489958
vt 0.677302 0.489961
vt 0.670045 0.489965
vt 0.662787 0.489969
vt 0.655529 0.489975
vt 0.648269 0.489983
vt 0.641008 0.489991
vt 0.633745 0.490002
vt 0.626482 0.490014
vt 0.619263 0.490028
vt 0.612063 0.490044
vt 0.604859 0.490061
vt 0.597652 0.490078
vt 0.590439 0.490096
vt 0.583187 0.490114
vt 0.575936 0.490130
vt 0.568690 0.490145
vt 0.561450 0.490157
vt 0.554219 0.490167
vt 0.547000 0.490171
vt 0.539795 0.490170
vt 0.532606 0.490163
vt 0.525435 0.490146
vt 0.518284 0.490120
vt 0.735811 0.506989
vt 0.728221 0.506973
vt 0.720978 0.506943
vt 0.713733 0.506900
vt 0.706488 0.506845
vt 0.699270 0.506777
vt 0.692051 0.506698
vt 0.684831 0.506608
vt 0.677611 0.506507
vt 0.670392 0.506395
vt 0.663175 0.506274
vt 0.655960 0.506143
vt 0.648748 0.506002
vt 0.641538 0.505853
vt 0.634329 0.505696
vt 0.627125 0.505531
vt 0.619969 0.505359
vt 0.612838 0.505180
vt 0.605707 0.504994
vt 0.598575 0.504799
vt 0.591442 0.504596
vt 0.584273 0.504384
vt 0.577108 0.504162
vt 0.569950 0.503931
vt 0.562800 0.503689
vt 0.555661 0.503438
vt 0.548534 0.503174
vt 0.541422 0.502899
vt 0.534328 0.502611
vt 0.527252 0.502308
vt 0.520196 0.501990
vt 0.735848 0.524049
vt 0.728288 0.524010
vt 0.721073 0.523945
vt 0.713857 0.523853
vt 0.706642 0.523734
vt 0.699453 0.523591
vt 0.692264 0.523423
vt 0.685076 0.523232
vt 0.677890 0.523016
vt 0.670707 0.522779
vt 0.663529 0.522519
vt 0.656356 0.522238
vt 0.649188 0.521936
vt 0.642027 0.521614
vt 0.634873 0.521272
vt 0.627728 0.520912
vt 0.620637 0.520537
vt 0.613575 0.520145
vt 0.606519 0.519735
vt 0.599466 0.519308
vt 0.592417 0.518863
vt 0.585336 0.518398
vt 0.578262 0.517916
vt 0.571198 0.517415
vt 0.564145 0.516896
vt 0.557106 0.516359
vt 0.550081 0.515802
vt 0.543074 0.515227
vt 0.536085 0.514632
vt 0.529117 0.514017
vt 0.522171 0.513380
vt 0.735884 0.541122
vt 0.728350 0.541060
vt 0.721161 0.540958
vt 0.713971 0.540814
vt 0.706783 0.540630
vt 0.699621 0.540407
vt 0.692461 0.540146
vt 0.685303 0.539849
vt 0.678149 0.539514
vt 0.671001 0.539144
vt 0.663859 0.538740
vt 0.656727 0.538302
vt 0.649603 0.537831
vt 0.642492 0.537328
vt 0.635392 0.536794
vt 0.628308 0.536230
vt 0.621283 0.535641
vt 0.614294 0.535026
vt 0.607315 0.534383
vt 0.600346 0.533712
vt 0.593385 0.533014
vt 0.586398 0.532285
vt 0.579423 0.531530
vt 0.572462 0.530747
vt 0.565515 0.529937
vt 0.558586 0.529101
vt 0.551675 0.528237
vt 0.544785 0.527348
vt 0.537917 0.526431
vt 0.531073 0.525487
vt 0.524255 0.524514
vt 0.735919 0.558314
vt 0.728411 0.558226
vt 0.721248 0.558083
vt 0.714083 0.557881
vt 0.706920 0.557625
vt 0.699785 0.557314
vt 0.692653 0.556951
vt 0.685524 0.556536
vt 0.678402 0.556069
vt 0.671287 0.555553
vt 0.664183 0.554988
vt 0.657090 0.554376
vt 0.650012 0.553718
vt 0.642950 0.553015
vt 0.635905 0.552267
vt 0.628883 0.551478
vt 0.621926 0.550652
vt 0.615012 0.549790
vt 0.608114 0.548889
vt 0.601232 0.547949
vt 0.594363 0.546971
vt 0.587474 0.545950
vt 0.580601 0.544893
vt 0.573747 0.543800
vt 0.566912 0.542670
vt 0.560097 0.541505
vt 0.553306 0.540304
vt 0.546539 0.539071
vt 0.539799 0.537804
vt 0.533087 0.536502
vt 0.526404 0.535165
vt 0.735953 0.575647
vt 0.728472 0.575531
vt 0.721332 0.575343
vt 0.714193 0.575081
vt 0.707056 0.574746
vt 0.699947 0.574342
vt 0.692842 0.573868
vt 0.685743 0.573327
vt 0.678652 0.572718
vt 0.671571 0.572045
vt 0.664504 0.571308
vt 0.657453 0.570510
vt 0.650421 0.569650
vt 0.643410 0.568732
vt 0.636423 0.567756
vt 0.629465 0.566724
vt 0.622579 0.565645
vt 0.615743 0.564517
vt 0.608930 0.563339
vt 0.602140 0.562111
vt 0.595369 0.560833
vt 0.588582 0.559501
vt 0.581818 0.558122
vt 0.575077 0.556698
vt 0.568360 0.555228
vt 0.561668 0.553714
vt 0.555004 0.552155
vt 0.548369 0.550560
vt 0.541765 0.548924
vt 0.535194 0.547248
vt 0.528659 0.545532
vt 0.735988 0.593106
vt 0.728531 0.592961
vt 0.721416 0.592727
vt 0.714301 0.592401
vt 0.707189 0.591984
vt 0.700107 0.591481
vt 0.693029 0.590891
vt 0.685959 0.590218
vt 0.678899 0.589461
vt 0.671854 0.588623
vt 0.664824 0.587706
vt 0.657816 0.586712
vt 0.650832 0.585642
vt 0.643875 0.584498
vt 0.636948 0.583282
vt 0.630058 0.581997
vt 0.623249 0.580652
vt 0.616496 0.579248
vt 0.609774 0.577780
vt 0.603081 0.576250
vt 0.596414 0.574661
vt 0.589738 0.573004
vt 0.583091 0.571291
vt 0.576472 0.569522
vt 0.569882 0.567699
vt 0.563322 0.565824
vt 0.556794 0.563896
vt 0.550302 0.561931
vt 0.543846 0.559921
vt 0.537430 0.557868
vt 0.531056 0.555772
vt 0.736021 0.610684
vt 0.728589 0.610509
vt 0.721498 0.610227
vt 0.714407 0.609835
vt 0.707319 0.609334
vt 0.700262 0.608729
vt 0.693212 0.608021
vt 0.686170 0.607210
vt 0.679143 0.606301
vt 0.672132 0.605294
vt 0.665143 0.604192
vt 0.658179 0.602996
vt 0.651245 0.601710
vt 0.644345 0.600334
vt 0.637482 0.598872
vt 0.630665 0.597325
vt 0.623938 0.595709
vt 0.617275 0.594019
vt 0.610652 0.592255
vt 0.604065 0.590417
vt 0.597511 0.588508
vt 0.590956 0.586519
vt 0.584435 0.584465
vt 0.577949 0.582345
vt 0.571498 0.580164
vt 0.565082 0.577923
vt 0.558703 0.575622
vt 0.552368 0.573290
vt 0.546077 0.570913
vt 0.539834 0.568495
vt 0.533642 0.566036
vt 0.736053 0.628428
vt 0.728645 0.628223
vt 0.721576 0.627892
vt 0.714508 0.627433
vt 0.707443 0.626846
vt 0.700411 0.626137
vt 0.693387 0.625308
vt 0.686375 0.624359
vt 0.679380 0.623294
vt 0.672406 0.622115
vt 0.665457 0.620824
vt 0.658540 0.619424
vt 0.651659 0.617917
vt 0.644819 0.616305
vt 0.638027 0.614593
vt 0.631289 0.612782
vt 0.624651 0.610889
vt 0.618087 0.608911
vt 0.611571 0.606845
vt 0.605101 0.604695
vt 0.598672 0.602463
vt 0.592251 0.600140
vt 0.585870 0.597741
vt 0.579532 0.595269
vt 0.573234 0.592728
vt 0.566977 0.590120
vt 0.560764 0.587448
vt 0.554605 0.584763
vt 0.548501 0.582043
vt 0.542457 0.579291
vt 0.536478 0.576509
vt 0.736084 0.646519
vt 0.728698 0.646283
vt 0.721650 0.645903
vt 0.714603 0.645374
vt 0.707561 0.644699
vt 0.700553 0.643885
vt 0.693555 0.642932
vt 0.686572 0.641842
vt 0.679610 0.640618
vt 0.672673 0.639263
vt 0.665767 0.637780
vt 0.658899 0.636171
vt 0.652075 0.634440
vt 0.645301 0.632589
vt 0.638584 0.630622
vt 0.631933 0.628542
vt 0.625393 0.626368
vt 0.618939 0.624097
vt 0.612543 0.621727
vt 0.606204 0.619260
vt 0.599915 0.616701
vt 0.593643 0.614039
vt 0.587422 0.611293
vt 0.581249 0.608467
vt 0.575124 0.605566
vt 0.569048 0.602591
vt 0.563021 0.599549
vt 0.557066 0.596538
vt 0.551182 0.593516
vt 0.545377 0.590487
vt 0.539662 0.587455
vt 0.736115 0.665315
vt 0.728748 0.665046
vt 0.721720 0.664614
vt 0.714694 0.664014
vt 0.707674 0.663249
vt 0.700689 0.662325
vt 0.693717 0.661243
vt 0.686763 0.660006
vt 0.679834 0.658618
vt 0.672935 0.657081
vt 0.666075 0.655398
vt 0.659260 0.653573
vt 0.652498 0.651610
vt 0.645796 0.649511
vt 0.639163 0.647280
vt 0.632609 0.644922
vt 0.626178 0.642458
vt 0.619847 0.639885
vt 0.613587 0.637201
vt 0.607396 0.634408
vt 0.601267 0.631513
vt 0.595167 0.628504
vt 0.589127 0.625402
vt 0.583145 0.622213
vt 0.577220 0.618943
vt 0.571351 0.615596
vt 0.565538 0.612177
vt 0.559831 0.608885
vt 0.554222 0.605632
vt 0.548727 0.602426
vt 0.543364 0.599272
vt 0.736145 0.685566
vt 0.728798 0.685262
vt 0.721789 0.684775
vt 0.714781 0.684097
vt 0.707782 0.683233
vt 0.700820 0.682191
vt 0.693874 0.680971
vt 0.686950 0.679576
vt 0.680056 0.678009
vt 0.673199 0.676276
vt 0.666388 0.674378
vt 0.659631 0.672320
vt 0.652938 0.670106
vt 0.646318 0.667740
vt 0.639780 0.665225
vt 0.633337 0.662569
vt 0.627033 0.659792
vt 0.620845 0.656895
vt 0.614744 0.653873
vt 0.608726 0.650731
vt 0.602785 0.647476
vt 0.596888 0.644094
vt 0.591063 0.640611
vt 0.585309 0.637033
vt 0.579623 0.633367
vt 0.574002 0.629619
vt 0.568446 0.625797
vt 0.563018 0.622149
vt 0.557710 0.618564
vt 0.552540 0.615052
vt 0.547528 0.611620
vt 0.736179 0.708745
vt 0.728852 0.708401
vt 0.721863 0.707850
vt 0.714877 0.707084
vt 0.707900 0.706107
vt 0.700963 0.704928
vt 0.694045 0.703548
vt 0.687155 0.701971
vt 0.680301 0.700200
vt 0.673492 0.698239
vt 0.666739 0.696094
vt 0.660052 0.693768
vt 0.653441 0.691266
vt 0.646919 0.688593
vt 0.640496 0.685753
vt 0.634188 0.682753
vt 0.628039 0.679619
vt 0.622024 0.676350
vt 0.616117 0.672942
vt 0.610312 0.669401
vt 0.604602 0.665734
vt 0.598955 0.661928
vt 0.593399 0.658010
vt 0.587928 0.653989
vt 0.582542 0.649871
vt 0.577235 0.645667
vt 0.572005 0.641384
vt 0.736214 0.731968
vt 0.728908 0.731585
vt 0.721940 0.730970
vt 0.714975 0.730115
vt 0.708021 0.729024
vt 0.701110 0.727709
vt 0.694221 0.726168
vt 0.687366 0.724407
vt 0.680553 0.722430
vt 0.673794 0.720241
vt 0.667101 0.717847
vt 0.660486 0.715251
vt 0.653963 0.712458
vt 0.647544 0.709476
vt 0.641244 0.706307
vt 0.635078 0.702961
vt 0.629093 0.699466
vt 0.623264 0.695821
vt 0.617563 0.692023
vt 0.611985 0.688078
vt 0.606522 0.683994
vt 0.601142 0.679757
vt 0.595870 0.675398
vt 0.590703 0.670924
vt 0.585636 0.666344
vt 0.580666 0.661668
vt 0.575790 0.656905
vt 0.571002 0.652067
vt 0.566885 0.637152
vt 0.566299 0.647163
vt 0.561868 0.632919
vt 0.561678 0.642201
vt 0.556966 0.628692
vt 0.557143 0.637186
vt 0.552189 0.624479
vt 0.736241 0.749359
vt 0.728954 0.748945
vt 0.722002 0.748279
vt 0.715056 0.747355
vt 0.708121 0.746176
vt 0.701229 0.744754
vt 0.694365 0.743088
vt 0.687536 0.741183
vt 0.680755 0.739046
vt 0.674035 0.736680
vt 0.667390 0.734092
vt 0.660831 0.731286
vt 0.654376 0.728269
vt 0.648039 0.725046
vt 0.641833 0.721623
vt 0.635780 0.718010
vt 0.629924 0.714237
vt 0.624241 0.710304
vt 0.618702 0.706207
vt 0.613302 0.701955
vt 0.608032 0.697555
vt 0.602862 0.692994
vt 0.597814 0.688304
vt 0.592885 0.683495
vt 0.588071 0.678576
vt 0.583367 0.673558
vt 0.578770 0.668450
vt 0.574277 0.663264
vt 0.569885 0.658010
vt 0.565591 0.652702
vt 0.561378 0.647351
vt 0.736272 0.766818
vt 0.729007 0.766373
vt 0.722076 0.765657
vt 0.715150 0.764661
vt 0.708236 0.763391
vt 0.701368 0.761858
vt 0.694529 0.760063
vt 0.687730 0.758010
vt 0.680984 0.755706
vt 0.674304 0.753157
vt 0.667707 0.750369
vt 0.661209 0.747345
vt 0.654825 0.744095
vt 0.648572 0.740624
vt 0.642468 0.736939
vt 0.636531 0.733050
vt 0.630811 0.728989
vt 0.625280 0.724759
vt 0.619911 0.720353
vt 0.614697 0.715784
vt 0.609629 0.711059
vt 0.604677 0.706164
vt 0.599863 0.701134
vt 0.595182 0.695979
vt 0.590629 0.690712
vt 0.586200 0.685342
vt 0.581892 0.679880
vt 0.577702 0.674340
vt 0.573626 0.668730
vt 0.569662 0.663063
vt 0.565814 0.657353
vt 0.736038 0.784380
vt 0.729179 0.783926
vt 0.722319 0.783169
vt 0.715463 0.782113
vt 0.708617 0.780766
vt 0.701790 0.779132
vt 0.694994 0.777216
vt 0.688243 0.775026
vt 0.681549 0.772566
vt 0.674928 0.769843
vt 0.668397 0.766865
vt 0.736652 0.006242
vt 0.725169 0.006333
vt 0.730911 0.006274
vt 0.713688 0.006542
vt 0.719427 0.006421
vt 0.702212 0.006891
vt 0.707949 0.006697
vt 0.696479 0.007124
vt 0.679296 0.008095
vt 0.685020 0.007724
vt 0.690747 0.007401
vt 0.498246 0.187269
vt 0.496541 0.205248
vt 0.495290 0.224932
vt 0.494653 0.242232
vt 0.494298 0.260113
vt 0.494245 0.276973
vt 0.494402 0.295635
vt 0.494773 0.313648
vt 0.495365 0.331982
vt 0.496206 0.350048
vt 0.497316 0.368574
vt 0.498764 0.388257
vt 0.654120 0.759256
vt 0.660387 0.762786
vt 0.642052 0.751502
vt 0.648002 0.755492
vt 0.630720 0.742875
vt 0.636288 0.747293
vt 0.625341 0.738260
vt 0.500601 0.408822
vt 0.502299 0.425156
vt 0.504206 0.441482
vt 0.506575 0.459703
vt 0.509221 0.477899
vt 0.511137 0.489924
vt 0.513139 0.501482
vt 0.515234 0.512614
vt 0.517469 0.523511
vt 0.519799 0.533960
vt 0.615118 0.728484
vt 0.620144 0.733459
vt 0.610259 0.723347
vt 0.605558 0.718059
vt 0.596608 0.707078
vt 0.601009 0.712632
vt 0.592349 0.701409
vt 0.580385 0.683836
vt 0.584241 0.689776
vt 0.573051 0.671774
vt 0.576656 0.677831
vt 0.569569 0.665675
vt 0.588228 0.695638
vt 0.522267 0.544171
vt 0.524882 0.554165
vt 0.527671 0.564064
vt 0.530761 0.574277
vt 0.534365 0.585370
vt 0.538464 0.597079
vt 0.543022 0.609144
vt 0.553450 0.633788
vt 0.557770 0.643007
vt 0.562296 0.652105
vt 0.548078 0.621559
vt 0.093476 0.949249
vt 0.097739 0.950890
vt 0.088368 0.939624
vt 0.084286 0.939550
vt 0.066956 0.913768
vt 0.074486 0.926071
vt 0.080155 0.927379
vt 0.073140 0.914565
vt 0.067302 0.901421
vt 0.060920 0.901497
vt 0.062359 0.887501
vt 0.055447 0.887486
vt 0.058276 0.872939
vt 0.051488 0.874456
vt 0.054792 0.856994
vt 0.047805 0.858950
vt 0.051873 0.839484
vt 0.044560 0.840756
vt 0.049874 0.823175
vt 0.042371 0.823692
vt 0.113146 0.963883
vt 0.102926 0.953133
vt 0.103780 0.957309
vt 0.093992 0.941294
vt 0.086167 0.928561
vt 0.079494 0.915299
vt 0.073944 0.901745
vt 0.069245 0.887465
vt 0.065360 0.872628
vt 0.062037 0.856515
vt 0.059243 0.838948
vt 0.057319 0.822667
vt 0.055785 0.805024
vt 0.048291 0.805462
vt 0.054774 0.787508
vt 0.047260 0.787869
vt 0.054168 0.768732
vt 0.046652 0.769021
vt 0.053999 0.751625
vt 0.046497 0.751861
vt 0.054139 0.733235
vt 0.046663 0.733427
vt 0.054495 0.716272
vt 0.047044 0.716437
vt 0.055039 0.698716
vt 0.047613 0.698862
vt 0.055823 0.679518
vt 0.048422 0.679648
vt 0.056711 0.662155
vt 0.049332 0.662262
vt 0.057802 0.644342
vt 0.050450 0.644410
vt 0.059097 0.626304
vt 0.051776 0.626306
vt 0.060668 0.607327
vt 0.053390 0.607224
vt 0.062567 0.587031
vt 0.055346 0.586800
vt 0.064143 0.571785
vt 0.056974 0.571503
vt 0.068026 0.537936
vt 0.061016 0.537660
vt 0.058727 0.556221
vt 0.065828 0.556552
vt 0.070376 0.519343
vt 0.063497 0.519129
vt 0.072371 0.504414
vt 0.065588 0.504554
vt 0.074306 0.490770
vt 0.067638 0.491276
vt 0.076206 0.478187
vt 0.069667 0.479070
vt 0.078152 0.466144
vt 0.071761 0.467417
vt 0.080107 0.454844
vt 0.073870 0.456524
vt 0.082127 0.443945
vt 0.076052 0.446040
vt 0.084251 0.433242
vt 0.078349 0.435752
vt 0.086510 0.422599
vt 0.080793 0.425514
vt 0.088931 0.411918
vt 0.083413 0.415224
vt 0.091531 0.401155
vt 0.086228 0.404834
vt 0.094320 0.390313
vt 0.089249 0.394350
vt 0.097296 0.379445
vt 0.092477 0.383833
vt 0.100465 0.368561
vt 0.095920 0.373295
vt 0.103820 0.357747
vt 0.099564 0.362839
vt 0.107366 0.346965
vt 0.103432 0.352392
vt 0.111077 0.336319
vt 0.107501 0.342095
vt 0.118109 0.966602
vt 0.108240 0.955191
vt 0.099714 0.942820
vt 0.092260 0.929628
vt 0.085911 0.915952
vt 0.080634 0.902016
vt 0.076165 0.887402
vt 0.072469 0.872310
vt 0.069299 0.856044
vt 0.066625 0.838429
vt 0.064774 0.822179
vt 0.063288 0.804604
vt 0.062299 0.787164
vt 0.061697 0.768457
vt 0.061517 0.751401
vt 0.061635 0.733051
vt 0.061968 0.716114
vt 0.062489 0.698575
vt 0.063250 0.679393
vt 0.064115 0.662053
vt 0.065179 0.644280
vt 0.066441 0.626308
vt 0.067968 0.607433
vt 0.069807 0.587263
vt 0.071330 0.572065
vt 0.075054 0.538210
vt 0.072947 0.556880
vt 0.077275 0.519557
vt 0.079172 0.504278
vt 0.080992 0.490277
vt 0.082764 0.477322
vt 0.084568 0.464898
vt 0.086375 0.453198
vt 0.088237 0.441890
vt 0.090194 0.430778
vt 0.092274 0.419734
vt 0.094502 0.408666
vt 0.096894 0.397531
vt 0.099455 0.386331
vt 0.102186 0.375110
vt 0.105090 0.363880
vt 0.108162 0.352706
vt 0.111388 0.341582
vt 0.114757 0.330581
vt 0.123196 0.969096
vt 0.113665 0.957077
vt 0.105529 0.944211
vt 0.098429 0.930592
vt 0.092387 0.916529
vt 0.087368 0.902239
vt 0.083118 0.887315
vt 0.079600 0.871988
vt 0.076577 0.855583
vt 0.074016 0.837928
vt 0.072236 0.821710
vt 0.070799 0.804202
vt 0.069833 0.786836
vt 0.069238 0.768196
vt 0.069049 0.751187
vt 0.069148 0.732874
vt 0.069461 0.715961
vt 0.069961 0.698439
vt 0.070698 0.679273
vt 0.071541 0.661956
vt 0.072578 0.644223
vt 0.073806 0.626316
vt 0.075288 0.607542
vt 0.077066 0.587495
vt 0.078535 0.572344
vt 0.082096 0.538480
vt 0.080083 0.557203
vt 0.084191 0.519770
vt 0.085989 0.504148
vt 0.087695 0.489796
vt 0.089344 0.476475
vt 0.091008 0.463678
vt 0.092671 0.451587
vt 0.094382 0.439877
vt 0.096177 0.428362
vt 0.098084 0.416922
vt 0.100126 0.405472
vt 0.102315 0.393966
vt 0.104656 0.382408
vt 0.107149 0.370835
vt 0.109794 0.359257
vt 0.112586 0.347721
vt 0.115502 0.336250
vt 0.118547 0.324893
vt 0.128392 0.971375
vt 0.119190 0.958798
vt 0.111425 0.945474
vt 0.104663 0.931458
vt 0.098914 0.917037
vt 0.094139 0.902419
vt 0.090096 0.887206
vt 0.086747 0.871663
vt 0.083864 0.855131
vt 0.081414 0.837444
vt 0.079702 0.821260
vt 0.078313 0.803819
vt 0.077372 0.786524
vt 0.076784 0.767948
vt 0.076589 0.750983
vt 0.076673 0.732705
vt 0.076967 0.715814
vt 0.077448 0.698307
vt 0.078163 0.679158
vt 0.078983 0.661864
vt 0.079992 0.644172
vt 0.081185 0.626329
vt 0.082621 0.607654
vt 0.084337 0.587727
vt 0.085750 0.572621
vt 0.089149 0.538746
vt 0.087230 0.557523
vt 0.091119 0.519980
vt 0.092818 0.504023
vt 0.094411 0.489327
vt 0.095938 0.475649
vt 0.097468 0.462487
vt 0.098992 0.450012
vt 0.100557 0.437909
vt 0.102197 0.425998
vt 0.103937 0.414168
vt 0.105798 0.402339
vt 0.107791 0.390466
vt 0.109920 0.378552
vt 0.112182 0.366627
vt 0.114576 0.354699
vt 0.117093 0.342802
vt 0.119713 0.330983
vt 0.122449 0.319271
vt 0.133680 0.973451
vt 0.124759 0.960351
vt 0.117346 0.946607
vt 0.110902 0.932227
vt 0.105429 0.917477
vt 0.100884 0.902557
vt 0.097036 0.887081
vt 0.093847 0.871340
vt 0.091096 0.854694
vt 0.088751 0.836981
vt 0.087105 0.820832
vt 0.085764 0.803457
vt 0.084849 0.786230
vt 0.084272 0.767714
vt 0.084072 0.750790
vt 0.084143 0.732544
vt 0.084421 0.715673
vt 0.084883 0.698181
vt 0.085577 0.679049
vt 0.086374 0.661778
vt 0.087356 0.644125
vt 0.088513 0.626345
vt 0.089902 0.607766
vt 0.091555 0.587955
vt 0.092912 0.572891
vt 0.096150 0.539006
vt 0.094324 0.557834
vt 0.097999 0.520185
vt 0.099598 0.503903
vt 0.101082 0.488874
vt 0.102491 0.474851
vt 0.103892 0.461334
vt 0.105283 0.448488
vt 0.106709 0.436002
vt 0.108200 0.423707
vt 0.109781 0.411497
vt 0.111469 0.399296
vt 0.113276 0.387064
vt 0.115201 0.374799
vt 0.117242 0.362526
vt 0.119393 0.350252
vt 0.121648 0.337999
vt 0.123989 0.325836
vt 0.126432 0.313773
vt 0.139044 0.975335
vt 0.130411 0.961762
vt 0.123336 0.947630
vt 0.117196 0.932913
vt 0.111987 0.917859
vt 0.107661 0.902660
vt 0.103999 0.886940
vt 0.100961 0.871017
vt 0.098337 0.854269
vt 0.096093 0.836535
vt 0.094512 0.820422
vt 0.093218 0.803110
vt 0.092330 0.785949
vt 0.091765 0.767490
vt 0.091564 0.750605
vt 0.091623 0.732389
vt 0.091887 0.715536
vt 0.092332 0.698059
vt 0.093004 0.678943
vt 0.093779 0.661697
vt 0.094732 0.644083
vt 0.095852 0.626365
vt 0.097194 0.607879
vt 0.098784 0.588182
vt 0.100084 0.573158
vt 0.103159 0.539261
vt 0.101427 0.558140
vt 0.104890 0.520387
vt 0.106391 0.503787
vt 0.107766 0.488433
vt 0.109061 0.474072
vt 0.110338 0.460211
vt 0.111602 0.447002
vt 0.112894 0.434142
vt 0.114242 0.421469
vt 0.115669 0.408886
vt 0.117192 0.396320
vt 0.118818 0.383731
vt 0.120547 0.371118
vt 0.122374 0.358499
vt 0.124291 0.345880
vt 0.126295 0.333276
vt 0.128371 0.320772
vt 0.130536 0.308359
vt 0.144468 0.977039
vt 0.136139 0.963041
vt 0.129387 0.948549
vt 0.123539 0.933523
vt 0.118581 0.918189
vt 0.114465 0.902731
vt 0.110979 0.886786
vt 0.108087 0.870696
vt 0.105584 0.853854
vt 0.103439 0.836105
vt 0.101921 0.820029
vt 0.100675 0.802780
vt 0.099814 0.785681
vt 0.099262 0.767277
vt 0.099061 0.750428
vt 0.099112 0.732239
vt 0.099362 0.715404
vt 0.099791 0.697941
vt 0.100443 0.678842
vt 0.101194 0.661619
vt 0.102117 0.644045
vt 0.103201 0.626388
vt 0.104493 0.607993
vt 0.106018 0.588405
vt 0.107261 0.573420
vt 0.110175 0.539510
vt 0.108536 0.558439
vt 0.111792 0.520583
vt 0.113193 0.503674
vt 0.114463 0.488004
vt 0.115647 0.473314
vt 0.116805 0.459118
vt 0.117946 0.445554
vt 0.119110 0.432329
vt 0.120321 0.419288
vt 0.121602 0.406338
vt 0.122965 0.393413
vt 0.124419 0.380472
vt 0.125959 0.367514
vt 0.127580 0.354553
vt 0.129274 0.341594
vt 0.131039 0.328644
vt 0.132863 0.315800
vt 0.134766 0.303040
vt 0.149940 0.978578
vt 0.141932 0.964195
vt 0.135491 0.949372
vt 0.129924 0.934062
vt 0.125208 0.918469
vt 0.121292 0.902773
vt 0.117975 0.886620
vt 0.115222 0.870377
vt 0.112835 0.853452
vt 0.110785 0.835692
vt 0.109330 0.819653
vt 0.108130 0.802465
vt 0.107299 0.785426
vt 0.106761 0.767074
vt 0.106562 0.750259
vt 0.106605 0.732095
vt 0.106843 0.715276
vt 0.107257 0.697826
vt 0.107888 0.678744
vt 0.108615 0.661546
vt 0.109508 0.644011
vt 0.110554 0.626414
vt 0.111797 0.608108
vt 0.113257 0.588624
vt 0.114441 0.573676
vt 0.117195 0.539752
vt 0.115649 0.558731
vt 0.118700 0.520774
vt 0.120004 0.503564
vt 0.121171 0.487587
vt 0.122248 0.472578
vt 0.123292 0.458055
vt 0.124316 0.444147
vt 0.125357 0.430566
vt 0.126439 0.417164
vt 0.127579 0.403856
vt 0.128791 0.390578
vt 0.130079 0.377292
vt 0.131439 0.363994
vt 0.132863 0.350694
vt 0.134345 0.337400
vt 0.135884 0.324110
vt 0.137473 0.310932
vt 0.139127 0.297828
vt 0.155456 0.979969
vt 0.147781 0.965234
vt 0.141642 0.950107
vt 0.136344 0.934535
vt 0.131860 0.918705
vt 0.128137 0.902790
vt 0.124982 0.886447
vt 0.122362 0.870063
vt 0.120088 0.853063
vt 0.118130 0.835295
vt 0.116736 0.819294
vt 0.115584 0.802165
vt 0.114782 0.785184
vt 0.114260 0.766880
vt 0.114064 0.750096
vt 0.114101 0.731956
vt 0.114328 0.715152
vt 0.114726 0.697715
vt 0.115337 0.678651
vt 0.116041 0.661476
vt 0.116902 0.643980
vt 0.117909 0.626442
vt 0.119101 0.608221
vt 0.120496 0.588840
vt 0.121622 0.573926
vt 0.124218 0.539987
vt 0.122762 0.559015
vt 0.125613 0.520959
vt 0.126822 0.503458
vt 0.127890 0.487182
vt 0.128863 0.471863
vt 0.129798 0.457024
vt 0.130711 0.442782
vt 0.131636 0.428855
vt 0.132594 0.415101
vt 0.133601 0.401443
vt 0.134669 0.387820
vt 0.135799 0.374195
vt 0.136988 0.360563
vt 0.138227 0.346932
vt 0.139509 0.333307
vt 0.140836 0.319685
vt 0.142203 0.306176
vt 0.143624 0.292733
vt 0.161010 0.981224
vt 0.153679 0.966167
vt 0.147832 0.950760
vt 0.142794 0.934949
vt 0.138533 0.918902
vt 0.134995 0.902785
vt 0.131997 0.886266
vt 0.129505 0.869754
vt 0.127340 0.852687
vt 0.125473 0.834915
vt 0.124140 0.818951
vt 0.123034 0.801879
vt 0.122262 0.784953
vt 0.121758 0.766695
vt 0.121565 0.749940
vt 0.121597 0.731822
vt 0.121814 0.715032
vt 0.122198 0.697608
vt 0.122787 0.678561
vt 0.123466 0.661411
vt 0.124296 0.643952
vt 0.125263 0.626471
vt 0.126403 0.608334
vt 0.127732 0.589050
vt 0.128800 0.574169
vt 0.131239 0.540215
vt 0.129874 0.559291
vt 0.132530 0.521138
vt 0.133645 0.503354
vt 0.134616 0.486790
vt 0.135492 0.471171
vt 0.136324 0.456025
vt 0.137132 0.441459
vt 0.137946 0.427196
vt 0.138787 0.413101
vt 0.139669 0.399103
vt 0.140600 0.385143
vt 0.141583 0.371186
vt 0.142610 0.357228
vt 0.143674 0.343271
vt 0.144770 0.329324
vt 0.145899 0.315376
vt 0.147060 0.301543
vt 0.148264 0.287766
vt 0.166598 0.982354
vt 0.159614 0.967002
vt 0.154052 0.951339
vt 0.149267 0.935309
vt 0.145223 0.919063
vt 0.141864 0.902762
vt 0.139016 0.886082
vt 0.136649 0.869452
vt 0.134589 0.852325
vt 0.132810 0.834552
vt 0.131537 0.818624
vt 0.130479 0.801607
vt 0.129738 0.784734
vt 0.129251 0.766519
vt 0.129063 0.749791
vt 0.129091 0.731693
vt 0.129298 0.714916
vt 0.129667 0.697505
vt 0.130235 0.678475
vt 0.130888 0.661348
vt 0.131686 0.643928
vt 0.132612 0.626502
vt 0.133700 0.608444
vt 0.134962 0.589254
vt 0.135973 0.574405
vt 0.138257 0.540434
vt 0.136981 0.559557
vt 0.139447 0.521309
vt 0.140472 0.503253
vt 0.141350 0.486410
vt 0.142133 0.470502
vt 0.142868 0.455060
vt 0.143577 0.440180
vt 0.144289 0.425593
vt 0.145020 0.411167
vt 0.145784 0.396838
vt 0.146588 0.382551
vt 0.147431 0.368271
vt 0.148308 0.353994
vt 0.149210 0.339721
vt 0.150133 0.325459
vt 0.151079 0.311194
vt 0.152049 0.297042
vt 0.153052 0.282939
vt 0.172213 0.983372
vt 0.165580 0.967750
vt 0.160296 0.951851
vt 0.155757 0.935621
vt 0.151923 0.919193
vt 0.148738 0.902723
vt 0.146037 0.885895
vt 0.143791 0.869158
vt 0.141835 0.851977
vt 0.140142 0.834205
vt 0.138929 0.818314
vt 0.137917 0.801348
vt 0.137207 0.784525
vt 0.136739 0.766350
vt 0.136556 0.749648
vt 0.136581 0.731569
vt 0.136779 0.714804
vt 0.137132 0.697405
vt 0.137678 0.678392
vt 0.138305 0.661289
vt 0.139068 0.643905
vt 0.139953 0.626534
vt 0.140989 0.608552
vt 0.142184 0.589452
vt 0.143137 0.574632
vt 0.145271 0.540644
vt 0.144081 0.559813
vt 0.146364 0.521472
vt 0.147301 0.503154
vt 0.148092 0.486043
vt 0.148787 0.469856
vt 0.149431 0.454129
vt 0.150048 0.438948
vt 0.150664 0.424046
vt 0.151293 0.409301
vt 0.151948 0.394652
vt 0.152633 0.380048
vt 0.153349 0.365455
vt 0.154086 0.350868
vt 0.154838 0.336287
vt 0.155603 0.321719
vt 0.156382 0.307146
vt 0.157176 0.292683
vt 0.157996 0.278261
vt 0.177850 0.984289
vt 0.171567 0.968418
vt 0.166556 0.952304
vt 0.162258 0.935891
vt 0.158630 0.919296
vt 0.155615 0.902670
vt 0.153058 0.885707
vt 0.150929 0.868872
vt 0.149075 0.851643
vt 0.147467 0.833875
vt 0.146312 0.818018
vt 0.145349 0.801103
vt 0.144669 0.784326
vt 0.144220 0.766190
vt 0.144044 0.749511
vt 0.144066 0.731449
vt 0.144254 0.714696
vt 0.144592 0.697308
vt 0.145114 0.678312
vt 0.145714 0.661233
vt 0.146442 0.643885
vt 0.147285 0.626565
vt 0.148267 0.608658
vt 0.149396 0.589643
vt 0.150291 0.574850
vt 0.152277 0.540845
vt 0.151173 0.560058
vt 0.153278 0.521628
vt 0.154132 0.503058
vt 0.154840 0.485689
vt 0.155453 0.469234
vt 0.156014 0.453234
vt 0.156546 0.437763
vt 0.157073 0.422559
vt 0.157609 0.407507
vt 0.158163 0.392548
vt 0.158739 0.377638
vt 0.159336 0.362742
vt 0.159947 0.347856
vt 0.160564 0.332978
vt 0.161185 0.318112
vt 0.161812 0.303241
vt 0.162449 0.288476
vt 0.163102 0.273743
vt 0.183505 0.985119
vt 0.177565 0.969016
vt 0.172826 0.952704
vt 0.168766 0.936124
vt 0.165339 0.919377
vt 0.162492 0.902609
vt 0.160075 0.885522
vt 0.158063 0.868597
vt 0.156308 0.851325
vt 0.154785 0.833561
vt 0.153689 0.817738
vt 0.152772 0.800870
vt 0.152125 0.784138
vt 0.151695 0.766037
vt 0.151525 0.749380
vt 0.151544 0.731333
vt 0.151722 0.714592
vt 0.152043 0.697216
vt 0.152541 0.678236
vt 0.153112 0.661180
vt 0.153805 0.643867
vt 0.154604 0.626597
vt 0.155532 0.608759
vt 0.156595 0.589826
vt 0.157433 0.575059
vt 0.159275 0.541035
vt 0.158253 0.560292
vt 0.160189 0.521774
vt 0.160963 0.502963
vt 0.161594 0.485349
vt 0.162132 0.468637
vt 0.162615 0.452376
vt 0.163070 0.436626
vt 0.163517 0.421133
vt 0.163968 0.405785
vt 0.164431 0.390530
vt 0.164909 0.375326
vt 0.165400 0.360139
vt 0.165896 0.344964
vt 0.166392 0.329799
vt 0.166885 0.314646
vt 0.167377 0.299487
vt 0.167873 0.284430
vt 0.168379 0.269397
vt 0.189173 0.985872
vt 0.183569 0.969553
vt 0.179098 0.953059
vt 0.175274 0.936326
vt 0.172047 0.919439
vt 0.169365 0.902541
vt 0.167087 0.885339
vt 0.165190 0.868333
vt 0.163534 0.851021
vt 0.162095 0.833263
vt 0.161057 0.817472
vt 0.160188 0.800649
vt 0.159572 0.783959
vt 0.159163 0.765891
vt 0.158999 0.749254
vt 0.159014 0.731223
vt 0.159181 0.714492
vt 0.159486 0.697127
vt 0.159958 0.678164
vt 0.160499 0.661130
vt 0.161155 0.643850
vt 0.161909 0.626628
vt 0.162783 0.608857
vt 0.163779 0.590000
vt 0.164561 0.575257
vt 0.166265 0.541215
vt 0.165322 0.560513
vt 0.167096 0.521911
vt 0.167794 0.502871
vt 0.168354 0.485021
vt 0.168823 0.468066
vt 0.169238 0.451554
vt 0.169623 0.435539
vt 0.169998 0.419770
vt 0.170373 0.404140
vt 0.170755 0.388602
vt 0.171146 0.373115
vt 0.171542 0.357649
vt 0.171938 0.342198
vt 0.172327 0.326757
vt 0.172708 0.311329
vt 0.173082 0.295894
vt 0.173456 0.280555
vt 0.173833 0.265232
vt 0.194851 0.986558
vt 0.189784 0.970054
vt 0.185592 0.953387
vt 0.182009 0.936508
vt 0.178989 0.919489
vt 0.176476 0.902466
vt 0.174342 0.885156
vt 0.172563 0.868072
vt 0.171009 0.850724
vt 0.169657 0.832972
vt 0.168680 0.817213
vt 0.167860 0.800434
vt 0.167278 0.783783
vt 0.166889 0.765748
vt 0.166731 0.749130
vt 0.166743 0.731113
vt 0.166898 0.714393
vt 0.167184 0.697039
vt 0.167627 0.678092
vt 0.168136 0.661080
vt 0.168752 0.643834
vt 0.169459 0.626659
vt 0.170275 0.608953
vt 0.171202 0.590171
vt 0.171928 0.575451
vt 0.173492 0.541389
vt 0.172628 0.560729
vt 0.174243 0.522043
vt 0.174869 0.502777
vt 0.175362 0.484697
vt 0.175766 0.467501
vt 0.176117 0.450744
vt 0.176439 0.434469
vt 0.176749 0.418428
vt 0.177055 0.402520
vt 0.177364 0.386702
vt 0.177676 0.370938
vt 0.177989 0.355196
vt 0.178295 0.339472
vt 0.178590 0.323758
vt 0.178872 0.308058
vt 0.179142 0.292350
vt 0.179408 0.276733
vt 0.179674 0.261123
vt 0.200539 0.987180
vt 0.195653 0.970478
vt 0.188370 0.936656
vt 0.191724 0.953662
vt 0.185542 0.919523
vt 0.183190 0.902392
vt 0.181190 0.884989
vt 0.179523 0.867838
vt 0.178065 0.850459
vt 0.176795 0.832713
vt 0.175876 0.816982
vt 0.175103 0.800242
vt 0.174552 0.783626
vt 0.174183 0.765619
vt 0.174031 0.749019
vt 0.174038 0.731014
vt 0.174182 0.714303
vt 0.174449 0.696959
vt 0.174864 0.678027
vt 0.175341 0.661036
vt 0.175918 0.643820
vt 0.176578 0.626686
vt 0.177340 0.609039
vt 0.178202 0.590323
vt 0.178874 0.575622
vt 0.180311 0.541541
vt 0.179519 0.560920
vt 0.180991 0.522157
vt 0.181554 0.502690
vt 0.181988 0.484404
vt 0.182339 0.466994
vt 0.182637 0.450018
vt 0.182906 0.433509
vt 0.183162 0.417226
vt 0.183412 0.401069
vt 0.183661 0.385001
vt 0.183910 0.368988
vt 0.184154 0.353000
vt 0.184389 0.337030
vt 0.184609 0.321073
vt 0.184812 0.305128
vt 0.185000 0.289174
vt 0.185182 0.273306
vt 0.185359 0.257438
vt 0.206236 0.987740
vt 0.201703 0.970869
vt 0.198045 0.953912
vt 0.194926 0.936788
vt 0.192298 0.919546
vt 0.190110 0.902315
vt 0.188249 0.884823
vt 0.186696 0.867609
vt 0.185337 0.850201
vt 0.184152 0.832461
vt 0.183293 0.816758
vt 0.182569 0.800055
vt 0.182051 0.783474
vt 0.181701 0.765493
vt 0.181556 0.748909
vt 0.181558 0.730916
vt 0.181689 0.714214
vt 0.181935 0.696880
vt 0.182320 0.677964
vt 0.182762 0.660993
vt 0.183297 0.643806
vt 0.183910 0.626713
vt 0.184614 0.609122
vt 0.185409 0.590470
vt 0.186027 0.575788
vt 0.187337 0.541687
vt 0.186616 0.561103
vt 0.187948 0.522265
vt 0.188449 0.502602
vt 0.188829 0.484117
vt 0.189129 0.466499
vt 0.189378 0.449310
vt 0.189600 0.432575
vt 0.189808 0.416055
vt 0.190008 0.399657
vt 0.190204 0.383346
vt 0.190397 0.367091
vt 0.190582 0.350862
vt 0.190754 0.334654
vt 0.190908 0.318457
vt 0.191045 0.302274
vt 0.191163 0.286081
vt 0.191273 0.269968
vt 0.191376 0.253848
vt 0.211942 0.988241
vt 0.207751 0.971214
vt 0.204365 0.954129
vt 0.201481 0.936898
vt 0.199051 0.919559
vt 0.197027 0.902236
vt 0.195305 0.884664
vt 0.193866 0.867393
vt 0.192606 0.849960
vt 0.191506 0.832227
vt 0.190707 0.816549
vt 0.190031 0.799880
vt 0.189546 0.783331
vt 0.189217 0.765374
vt 0.189078 0.748805
vt 0.189075 0.730823
vt 0.189192 0.714129
vt 0.189417 0.696805
vt 0.189770 0.677904
vt 0.190177 0.660952
vt 0.190669 0.643792
vt 0.191232 0.626738
vt 0.191878 0.609199
vt 0.192607 0.590606
vt 0.193170 0.575941
vt 0.194357 0.541821
vt 0.193705 0.561273
vt 0.194902 0.522363
vt 0.195346 0.502518
vt 0.195676 0.483845
vt 0.195931 0.466032
vt 0.196137 0.448644
vt 0.196318 0.431698
vt 0.196483 0.414957
vt 0.196641 0.398333
vt 0.196792 0.381794
vt 0.196937 0.365311
vt 0.197072 0.348856
vt 0.197192 0.332424
vt 0.197293 0.316004
vt 0.197374 0.299596
vt 0.197437 0.283178
vt 0.197488 0.266834
vt 0.197532 0.250477
vt 0.217655 0.988684
vt 0.213956 0.971523
vt 0.210851 0.954320
vt 0.208207 0.936990
vt 0.205980 0.919562
vt 0.204123 0.902154
vt 0.202542 0.884508
vt 0.201221 0.867185
vt 0.200062 0.849729
vt 0.199050 0.832003
vt 0.198312 0.816350
vt 0.197687 0.799713
vt 0.197237 0.783193
vt 0.196929 0.765260
vt 0.196795 0.748704
vt 0.196786 0.730733
vt 0.196889 0.714047
vt 0.197091 0.696732
vt 0.197410 0.677845
vt 0.197779 0.660911
vt 0.198226 0.643778
vt 0.198738 0.626761
vt 0.199324 0.609272
vt 0.199983 0.590735
vt 0.200492 0.576084
vt 0.201555 0.541946
vt 0.200973 0.561432
vt 0.202037 0.522453
vt 0.202425 0.502433
vt 0.202707 0.483583
vt 0.202921 0.465584
vt 0.203089 0.448007
vt 0.203232 0.430858
vt 0.203361 0.413907
vt 0.203480 0.397067
vt 0.203592 0.380310
vt 0.203696 0.363611
vt 0.203789 0.346941
vt 0.203865 0.330294
vt 0.203922 0.313659
vt 0.203958 0.297036
vt 0.203975 0.280403
vt 0.203980 0.263839
vt 0.203977 0.247254
vt 0.217035 0.954474
vt 0.219874 0.971778
vt 0.214620 0.937060
vt 0.212586 0.919555
vt 0.210889 0.902076
vt 0.209443 0.884368
vt 0.208233 0.867000
vt 0.207171 0.849524
vt 0.206242 0.831805
vt 0.205564 0.816173
vt 0.204987 0.799565
vt 0.204569 0.783070
vt 0.204282 0.765157
vt 0.204153 0.748613
vt 0.204139 0.730651
vt 0.204228 0.713972
vt 0.204406 0.696666
vt 0.204692 0.677791
vt 0.205025 0.660874
vt 0.205428 0.643765
vt 0.205889 0.626780
vt 0.206418 0.609334
vt 0.207012 0.590846
vt 0.207469 0.576209
vt 0.208417 0.542052
vt 0.207898 0.561569
vt 0.208840 0.522529
vt 0.209178 0.502356
vt 0.209419 0.483349
vt 0.209596 0.465187
vt 0.209732 0.447443
vt 0.209844 0.430116
vt 0.209942 0.412980
vt 0.210031 0.395950
vt 0.210111 0.379002
vt 0.210182 0.362111
vt 0.210241 0.345251
vt 0.210284 0.328415
vt 0.210307 0.311591
vt 0.210310 0.294778
vt 0.210292 0.277955
vt 0.210265 0.261196
vt 0.210227 0.244410
vt 0.204220 0.230480
vt 0.210571 0.227377
vt 0.223386 0.954604
vt 0.225950 0.972000
vt 0.221206 0.937115
vt 0.219369 0.919541
vt 0.217835 0.901996
vt 0.216527 0.884232
vt 0.215432 0.866824
vt 0.214470 0.849331
vt 0.213626 0.831618
vt 0.213008 0.816006
vt 0.212481 0.799425
vt 0.212098 0.782954
vt 0.211831 0.765058
vt 0.211708 0.748526
vt 0.211689 0.730571
vt 0.211761 0.713899
vt 0.211916 0.696601
vt 0.212167 0.677738
vt 0.212461 0.660838
vt 0.212818 0.643751
vt 0.213227 0.626796
vt 0.213696 0.609391
vt 0.214223 0.590948
vt 0.214627 0.576323
vt 0.215459 0.542149
vt 0.215005 0.561695
vt 0.215825 0.522596
vt 0.216114 0.502280
vt 0.216315 0.483125
vt 0.216459 0.464810
vt 0.216564 0.446909
vt 0.216648 0.429417
vt 0.216720 0.412106
vt 0.216781 0.394897
vt 0.216834 0.377769
vt 0.216877 0.360699
vt 0.216908 0.343659
vt 0.216923 0.326645
vt 0.216918 0.309643
vt 0.216895 0.292652
vt 0.216852 0.275649
vt 0.216799 0.258706
vt 0.216736 0.241731
vt 0.217022 0.224532
vt 0.229736 0.954710
vt 0.232025 0.972185
vt 0.227791 0.937154
vt 0.226151 0.919520
vt 0.224781 0.901919
vt 0.223610 0.884104
vt 0.222629 0.866661
vt 0.221766 0.849154
vt 0.221008 0.831447
vt 0.220451 0.815853
vt 0.219974 0.799296
vt 0.219625 0.782845
vt 0.219379 0.764967
vt 0.219262 0.748443
vt 0.219236 0.730497
vt 0.219293 0.713830
vt 0.219423 0.696540
vt 0.219639 0.677688
vt 0.219893 0.660802
vt 0.220203 0.643736
vt 0.220560 0.626809
vt 0.220970 0.609440
vt 0.221428 0.591038
vt 0.221779 0.576423
vt 0.222497 0.542233
vt 0.222106 0.561806
vt 0.222809 0.522654
vt 0.223051 0.502207
vt 0.223215 0.482920
vt 0.223327 0.464466
vt 0.223406 0.446424
vt 0.223466 0.428780
vt 0.223513 0.411312
vt 0.223551 0.393942
vt 0.223581 0.376651
vt 0.223601 0.359418
vt 0.223609 0.342217
vt 0.223602 0.325041
vt 0.223576 0.307877
vt 0.223533 0.290724
vt 0.223472 0.273560
vt 0.223401 0.256449
vt 0.223322 0.239302
vt 0.223557 0.221954
vt 0.236088 0.954791
vt 0.238101 0.972336
vt 0.234376 0.937180
vt 0.232933 0.919494
vt 0.231725 0.901843
vt 0.230692 0.883986
vt 0.229825 0.866513
vt 0.229061 0.848993
vt 0.228387 0.831293
vt 0.227892 0.815715
vt 0.227466 0.799178
vt 0.227151 0.782746
vt 0.226925 0.764882
vt 0.226814 0.748367
vt 0.226782 0.730427
vt 0.226824 0.713766
vt 0.226929 0.696482
vt 0.227108 0.677641
vt 0.227322 0.660768
vt 0.227585 0.643720
vt 0.227888 0.626818
vt 0.228238 0.609481
vt 0.228629 0.591115
vt 0.228927 0.576509
vt 0.229533 0.542305
vt 0.229204 0.561901
vt 0.229792 0.522700
vt 0.229989 0.502138
vt 0.230117 0.482732
vt 0.230201 0.464155
vt 0.230255 0.445987
vt 0.230293 0.428209
vt 0.230319 0.410601
vt 0.230337 0.393087
vt 0.230347 0.375651
vt 0.230348 0.358272
vt 0.230338 0.340926
vt 0.230313 0.323607
vt 0.230272 0.306299
vt 0.230215 0.289001
vt 0.230142 0.271692
vt 0.230060 0.254432
vt 0.229970 0.237131
vt 0.230160 0.219650
vt 0.242439 0.954852
vt 0.244176 0.972454
vt 0.240961 0.937192
vt 0.239714 0.919463
vt 0.238669 0.901771
vt 0.237773 0.883877
vt 0.237019 0.866379
vt 0.236354 0.848849
vt 0.235766 0.831154
vt 0.235331 0.815591
vt 0.234956 0.799072
vt 0.234675 0.782656
vt 0.234471 0.764804
vt 0.234365 0.748296
vt 0.234326 0.730361
vt 0.234352 0.713705
vt 0.234432 0.696428
vt 0.234574 0.677596
vt 0.234747 0.660735
vt 0.234962 0.643703
vt 0.235213 0.626822
vt 0.235501 0.609514
vt 0.235825 0.591179
vt 0.236071 0.576581
vt 0.236566 0.542363
vt 0.236298 0.561980
vt 0.236773 0.522737
vt 0.236927 0.502073
vt 0.237021 0.482564
vt 0.237079 0.463880
vt 0.237110 0.445601
vt 0.237128 0.427705
vt 0.237136 0.409974
vt 0.237136 0.392334
vt 0.237129 0.374770
vt 0.237114 0.357265
vt 0.237089 0.339792
vt 0.237051 0.322346
vt 0.236999 0.304912
vt 0.236932 0.287487
vt 0.236851 0.270051
vt 0.236763 0.252661
vt 0.236668 0.235225
vt 0.236816 0.217628
vt 0.248790 0.954893
vt 0.250252 0.972543
vt 0.247546 0.937194
vt 0.246494 0.919428
vt 0.245611 0.901702
vt 0.244852 0.883779
vt 0.244211 0.866260
vt 0.243644 0.848722
vt 0.243142 0.831032
vt 0.242769 0.815481
vt 0.242443 0.798977
vt 0.242198 0.782575
vt 0.242014 0.764733
vt 0.241914 0.748231
vt 0.241869 0.730301
vt 0.241878 0.713649
vt 0.241932 0.696377
vt 0.242037 0.677553
vt 0.242170 0.660702
vt 0.242337 0.643684
vt 0.242533 0.626821
vt 0.242761 0.609537
vt 0.243017 0.591229
vt 0.243211 0.576638
vt 0.243597 0.542408
vt 0.243389 0.562043
vt 0.243753 0.522763
vt 0.243864 0.502013
vt 0.243927 0.482416
vt 0.243959 0.463639
vt 0.243969 0.445266
vt 0.243968 0.427270
vt 0.243960 0.409434
vt 0.243944 0.391686
vt 0.243922 0.374014
vt 0.243894 0.356399
vt 0.243856 0.338818
vt 0.243808 0.321263
vt 0.243747 0.303721
vt 0.243675 0.286188
vt 0.243590 0.268642
vt 0.243499 0.251141
vt 0.243403 0.233591
vt 0.243513 0.215894
vt 0.255142 0.954916
vt 0.256327 0.972604
vt 0.254131 0.937185
vt 0.253275 0.919392
vt 0.252553 0.901639
vt 0.251930 0.883692
vt 0.251402 0.866157
vt 0.250933 0.848612
vt 0.250516 0.830926
vt 0.250204 0.815385
vt 0.249929 0.798894
vt 0.249718 0.782502
vt 0.249556 0.764669
vt 0.249461 0.748172
vt 0.249409 0.730245
vt 0.249402 0.713597
vt 0.249430 0.696329
vt 0.249498 0.677512
vt 0.249589 0.660669
vt 0.249708 0.643663
vt 0.249850 0.626816
vt 0.250017 0.609552
vt 0.250206 0.591265
vt 0.250348 0.576679
vt 0.250625 0.542439
vt 0.250477 0.562090
vt 0.250732 0.522780
vt 0.250801 0.501958
vt 0.250832 0.482287
vt 0.250840 0.463434
vt 0.250831 0.444983
vt 0.250813 0.426905
vt 0.250789 0.408982
vt 0.250759 0.391145
vt 0.250724 0.373382
vt 0.250683 0.355678
vt 0.250636 0.338007
vt 0.250579 0.320363
vt 0.250513 0.302731
vt 0.250436 0.285107
vt 0.250350 0.267473
vt 0.250260 0.249879
vt 0.250165 0.232234
vt 0.250239 0.214455
vt 0.261493 0.954924
vt 0.262403 0.972641
vt 0.260716 0.937170
vt 0.260054 0.919355
vt 0.259493 0.901581
vt 0.259007 0.883616
vt 0.258591 0.866068
vt 0.258221 0.848519
vt 0.257888 0.830837
vt 0.257637 0.815303
vt 0.257413 0.798822
vt 0.257236 0.782439
vt 0.257095 0.764611
vt 0.257006 0.748118
vt 0.256947 0.730195
vt 0.256923 0.713549
vt 0.256925 0.696284
vt 0.256955 0.677473
vt 0.257005 0.660637
vt 0.257076 0.643640
vt 0.257164 0.626805
vt 0.257270 0.609557
vt 0.257391 0.591287
vt 0.257482 0.576705
vt 0.257651 0.542457
vt 0.257562 0.562120
vt 0.257708 0.522785
vt 0.257737 0.501907
vt 0.257738 0.482179
vt 0.257722 0.463266
vt 0.257694 0.444754
vt 0.257660 0.426611
vt 0.257620 0.408620
vt 0.257578 0.390713
vt 0.257531 0.372880
vt 0.257480 0.355105
vt 0.257423 0.337363
vt 0.257360 0.319648
vt 0.257289 0.301946
vt 0.257211 0.284252
vt 0.257126 0.266547
vt 0.257037 0.248880
vt 0.256945 0.231161
vt 0.256984 0.213319
vt 0.267845 0.954918
vt 0.268478 0.972655
vt 0.267301 0.937148
vt 0.266833 0.919317
vt 0.266433 0.901529
vt 0.266082 0.883552
vt 0.265779 0.865995
vt 0.265506 0.848443
vt 0.265259 0.830764
vt 0.265068 0.815235
vt 0.264895 0.798761
vt 0.264753 0.782384
vt 0.264632 0.764561
vt 0.264548 0.748071
vt 0.264483 0.730149
vt 0.264442 0.713505
vt 0.264418 0.696243
vt 0.264411 0.677435
vt 0.264419 0.660605
vt 0.264441 0.643615
vt 0.264475 0.626788
vt 0.264521 0.609551
vt 0.264574 0.591294
vt 0.264613 0.576715
vt 0.264675 0.542461
vt 0.264645 0.562133
vt 0.264684 0.522780
vt 0.264671 0.501862
vt 0.264643 0.482093
vt 0.264604 0.463137
vt 0.264557 0.444581
vt 0.264507 0.426390
vt 0.264454 0.408350
vt 0.264399 0.390393
vt 0.264341 0.372509
vt 0.264280 0.354682
vt 0.264215 0.336890
vt 0.264147 0.319124
vt 0.264073 0.301371
vt 0.263994 0.283626
vt 0.263910 0.265869
vt 0.263824 0.248151
vt 0.263736 0.230379
vt 0.263739 0.212492
vt 0.274197 0.954901
vt 0.274552 0.972650
vt 0.273885 0.937121
vt 0.273611 0.919282
vt 0.273372 0.901485
vt 0.273156 0.883500
vt 0.272966 0.865939
vt 0.272791 0.848385
vt 0.272628 0.830707
vt 0.272498 0.815182
vt 0.272375 0.798712
vt 0.272267 0.782338
vt 0.272168 0.764518
vt 0.272089 0.748029
vt 0.272017 0.730108
vt 0.271960 0.713465
vt 0.271910 0.696205
vt 0.271864 0.677400
vt 0.271831 0.660573
vt 0.271805 0.643587
vt 0.271784 0.626766
vt 0.271769 0.609536
vt 0.271755 0.591286
vt 0.271742 0.576709
vt 0.271697 0.542451
vt 0.271726 0.562128
vt 0.271658 0.522765
vt 0.271605 0.501823
vt 0.271547 0.482028
vt 0.271485 0.463046
vt 0.271421 0.444464
vt 0.271355 0.426244
vt 0.271289 0.408175
vt 0.271221 0.390187
vt 0.271152 0.372272
vt 0.271082 0.354414
vt 0.271010 0.336590
vt 0.270936 0.318794
vt 0.270859 0.301010
vt 0.270780 0.283234
vt 0.270699 0.265446
vt 0.270617 0.247696
vt 0.270533 0.229892
vt 0.270499 0.211980
vt 0.040738 0.805903
vt 0.039665 0.788225
vt 0.039137 0.733562
vt 0.038947 0.751810
vt 0.039060 0.769154
vt 0.040143 0.699125
vt 0.039551 0.716659
vt 0.040971 0.680043
vt 0.043038 0.644773
vt 0.041888 0.662863
vt 0.044388 0.626596
vt 0.046082 0.607038
vt 0.229099 0.989408
vt 0.234827 0.989693
vt 0.240558 0.989930
vt 0.223375 0.989072
vt 0.246291 0.990122
vt 0.252026 0.990272
vt 0.257763 0.990383
vt 0.263500 0.990457
vt 0.269238 0.990497
vt 0.274975 0.990506
vt 0.048059 0.586805
vt 0.049758 0.571279
vt 0.051601 0.555772
vt 0.053989 0.537170
vt 0.056621 0.518607
vt 0.063133 0.479876
vt 0.060971 0.491657
vt 0.058808 0.504482
vt 0.065379 0.468636
vt 0.069991 0.448109
vt 0.067640 0.458184
vt 0.075169 0.428192
vt 0.072492 0.438140
vt 0.078009 0.418291
vt 0.081082 0.408192
vt 0.084441 0.397788
vt 0.088099 0.387160
vt 0.092124 0.376240
vt 0.096404 0.365437
vt 0.100517 0.355729
vt 0.104797 0.346217
vt 0.111720 0.332033
vt 0.114920 0.325903
vt 0.118240 0.319809
vt 0.121683 0.313765
vt 0.128957 0.301875
vt 0.125254 0.307783
vt 0.132798 0.296053
vt 0.136782 0.290331
vt 0.140915 0.284720
vt 0.145203 0.279234
vt 0.149653 0.273883
vt 0.154271 0.268681
vt 0.159066 0.263640
vt 0.164045 0.258771
vt 0.180172 0.245324
vt 0.185944 0.241265
vt 0.169039 0.254326
vt 0.191888 0.237432
vt 0.197986 0.233834
vt 0.174592 0.249601
vt 0.020319 0.888315
vt 0.030293 0.890005
vt 0.030293 0.884970
vt 0.020319 0.883331
vt 0.030293 0.879916
vt 0.020319 0.878329
vt 0.030293 0.874841
vt 0.020319 0.873311
vt 0.030293 0.869751
vt 0.020319 0.868277
vt 0.030293 0.864644
vt 0.020319 0.863233
vt 0.030293 0.859525
vt 0.020319 0.858179
vt 0.030293 0.854399
vt 0.020319 0.853122
vt 0.030293 0.849268
vt 0.020319 0.848073
vt 0.020320 0.995363
vt 0.030292 0.995720
vt 0.020321 0.990716
vt 0.030292 0.991420
vt 0.020321 0.986049
vt 0.030292 0.987083
vt 0.030292 0.982695
vt 0.020321 0.981357
vt 0.030292 0.978251
vt 0.020321 0.976633
vt 0.020321 0.971873
vt 0.030292 0.973745
vt 0.030292 0.969177
vt 0.020321 0.967078
vt 0.020320 0.962246
vt 0.030292 0.964548
vt 0.030293 0.959862
vt 0.020320 0.957381
vt 0.030293 0.955122
vt 0.020320 0.952487
vt 0.030293 0.950335
vt 0.020320 0.947567
vt 0.030293 0.944290
vt 0.020320 0.942631
vt 0.030293 0.939421
vt 0.020320 0.937683
vt 0.020320 0.932732
vt 0.030293 0.934527
vt 0.020319 0.908092
vt 0.020319 0.913009
vt 0.030293 0.914861
vt 0.030293 0.909925
vt 0.020321 0.836450
vt 0.030291 0.837972
vt 0.030291 0.830460
vt 0.020321 0.828750
vt 0.020321 0.803627
vt 0.020321 0.812311
vt 0.030291 0.813030
vt 0.030291 0.803084
vt 0.020321 0.820942
vt 0.030291 0.822923
vt 0.030291 0.793492
vt 0.020321 0.795208
vt 0.030291 0.784236
vt 0.020321 0.786984
vt 0.020321 0.763349
vt 0.030291 0.759729
vt 0.030291 0.751900
vt 0.020321 0.755481
vt 0.020321 0.747522
vt 0.030291 0.743899
vt 0.030291 0.735693
vt 0.020321 0.739242
vt 0.030291 0.727109
vt 0.020321 0.730299
vt 0.020321 0.771196
vt 0.030291 0.767487
vt 0.030291 0.709098
vt 0.020321 0.710531
vt 0.020321 0.720875
vt 0.030291 0.718301
vt 0.020321 0.699011
vt 0.030291 0.699436
vt 0.030291 0.684600
vt 0.020321 0.683627
vt 0.030291 0.669448
vt 0.020321 0.667895
vt 0.020321 0.640861
vt 0.020321 0.654515
vt 0.030291 0.655597
vt 0.030291 0.641442
vt 0.020321 0.622641
vt 0.030291 0.623169
vt 0.020321 0.604577
vt 0.030291 0.605214
vt 0.020321 0.587377
vt 0.030291 0.587875
vt 0.030291 0.570528
vt 0.020321 0.569841
vt 0.030291 0.552496
vt 0.020321 0.552815
vt 0.020321 0.533498
vt 0.030291 0.534382
vt 0.030291 0.515225
vt 0.020321 0.515408
vt 0.020321 0.497709
vt 0.030291 0.497598
vt 0.030291 0.478635
vt 0.020321 0.478381
vt 0.020321 0.439350
vt 0.030291 0.438681
vt 0.030291 0.418957
vt 0.020317 0.420243
vt 0.020321 0.459866
vt 0.030291 0.460058
vt 0.030291 0.399308
vt 0.020317 0.400864
vt 0.030291 0.379169
vt 0.020317 0.382199
vt 0.030291 0.359590
vt 0.020317 0.362202
vt 0.020320 0.927786
vt 0.030293 0.929619
vt 0.030293 0.924704
vt 0.020319 0.922849
vt 0.030293 0.919786
vt 0.020319 0.917721
vt 0.030293 0.904976
vt 0.020319 0.903168
vt 0.020319 0.893282
vt 0.020319 0.898232
vt 0.030293 0.900006
vt 0.030293 0.895016
vt 0.020321 0.779007
vt 0.030291 0.775505
vt 0.030291 0.342133
vt 0.020317 0.344904
vt 0.030291 0.325148
vt 0.020317 0.330012
vt 0.030291 0.308411
vt 0.020317 0.313198
vt 0.030291 0.291491
vt 0.020317 0.297516
vt 0.030291 0.274117
vt 0.020317 0.280390
vt 0.030291 0.255428
vt 0.020317 0.259903
vt 0.030291 0.238956
vt 0.020317 0.243083
vt 0.020317 0.225986
vt 0.030291 0.220344
vt 0.030291 0.203512
vt 0.020317 0.210681
vt 0.030291 0.195748
vt 0.020317 0.203017
vt 0.030291 0.188025
vt 0.020317 0.195276
vt 0.030291 0.180337
vt 0.020317 0.187518
vt 0.030291 0.172708
vt 0.020317 0.179765
vt 0.030291 0.165150
vt 0.020317 0.172042
vt 0.030291 0.157675
vt 0.020317 0.164378
vt 0.030291 0.150288
vt 0.020317 0.156773
vt 0.020317 0.149244
vt 0.030291 0.142989
vt 0.020317 0.141781
vt 0.030291 0.135779
vt 0.020317 0.134388
vt 0.030291 0.128663
vt 0.020317 0.127077
vt 0.030291 0.121630
vt 0.020317 0.119844
vt 0.030291 0.114691
vt 0.020317 0.112692
vt 0.030291 0.107840
vt 0.020317 0.105624
vt 0.030291 0.101084
vt 0.020317 0.098637
vt 0.030291 0.094410
vt 0.020317 0.091728
vt 0.030291 0.087813
vt 0.020317 0.084889
vt 0.030291 0.081281
vt 0.020317 0.078121
vt 0.030291 0.074814
vt 0.020317 0.071412
vt 0.030291 0.068399
vt 0.020317 0.064762
vt 0.030291 0.062038
vt 0.020317 0.058159
vt 0.030291 0.055724
vt 0.020317 0.051597
vt 0.030291 0.049451
vt 0.020317 0.045077
vt 0.030291 0.043208
vt 0.020317 0.038592
vt 0.030291 0.037000
vt 0.020317 0.032136
vt 0.030291 0.030822
vt 0.020317 0.025704
vt 0.030291 0.024655
vt 0.020317 0.019290
vt 0.030291 0.018506
vt 0.020317 0.012893
vt 0.030291 0.012369
vt 0.020317 0.006526
vt 0.030291 0.006214
vt 0.030291 0.000000
vt 0.020317 0.000224
vt 0.015062 0.000000
vt 0.020320 1.000000
vn -0.384115 0.907880 -0.167958
vn -0.355037 0.919050 -0.171159
vn -0.340725 0.922570 -0.181030
vn -0.368765 0.912281 -0.178204
vn -0.413033 0.895725 -0.164562
vn -0.396655 0.901089 -0.175225
vn -0.441766 0.882570 -0.160977
vn -0.424379 0.888977 -0.172111
vn -0.470061 0.868529 -0.157163
vn -0.451738 0.876030 -0.168835
vn -0.497509 0.853867 -0.152957
vn -0.478320 0.862507 -0.165203
vn -0.523882 0.838795 -0.148225
vn -0.503835 0.848657 -0.161032
vn -0.528422 0.834464 -0.156336
vn -0.549282 0.823319 -0.142952
vn -0.552165 0.819921 -0.151139
vn -0.573820 0.807417 -0.137144
vn -0.597625 0.791038 -0.130778
vn -0.575157 0.805012 -0.145432
vn -0.620716 0.774197 -0.123817
vn -0.597429 0.789751 -0.139185
vn -0.643145 0.756872 -0.116228
vn -0.618991 0.774178 -0.132284
vn -0.665020 0.738968 -0.108050
vn -0.639917 0.758261 -0.124684
vn -0.686458 0.720346 -0.099381
vn -0.660430 0.741792 -0.116524
vn -0.707462 0.700968 -0.090233
vn -0.680578 0.724683 -0.107925
vn -0.728089 0.680724 -0.080632
vn -0.700236 0.707043 -0.098796
vn -0.748444 0.659421 -0.070679
vn -0.719466 0.688784 -0.089136
vn -0.768687 0.636749 -0.060593
vn -0.738338 0.669785 -0.079024
vn -0.797267 0.599931 -0.066700
vn -0.758348 0.647908 -0.071588
vn -0.822518 0.565190 -0.063438
vn -0.802978 0.585461 -0.111634
vn -0.030772 0.983522 -0.178150
vn 0.000000 0.983952 -0.178434
vn 0.000000 0.981201 -0.192990
vn -0.027997 0.980885 -0.192563
vn -0.062177 0.982165 -0.177445
vn -0.057657 0.979739 -0.191799
vn -0.094968 0.979729 -0.176388
vn -0.088262 0.977641 -0.190863
vn -0.126854 0.976358 -0.175025
vn -0.118265 0.974718 -0.189576
vn -0.158550 0.972011 -0.173369
vn -0.148164 0.970923 -0.188032
vn -0.190109 0.966680 -0.171432
vn -0.177994 0.966246 -0.186243
vn -0.221475 0.960370 -0.169230
vn -0.207724 0.960683 -0.184223
vn -0.252704 0.953062 -0.166772
vn -0.237391 0.954213 -0.181995
vn -0.283788 0.944747 -0.164067
vn -0.266978 0.946824 -0.179575
vn -0.314719 0.935410 -0.161120
vn -0.296456 0.938508 -0.176965
vn -0.345486 0.925038 -0.157937
vn -0.325813 0.929255 -0.174161
vn -0.376075 0.913615 -0.154516
vn -0.406467 0.901125 -0.150857
vn -0.436640 0.887553 -0.146955
vn -0.466562 0.872885 -0.142800
vn -0.496023 0.857213 -0.138372
vn -0.524645 0.840777 -0.133574
vn -0.552106 0.823843 -0.128307
vn -0.578496 0.806428 -0.122539
vn -0.603953 0.788494 -0.116263
vn -0.628610 0.769978 -0.109474
vn -0.652505 0.750863 -0.102186
vn -0.675732 0.731074 -0.094427
vn -0.698302 0.710588 -0.086250
vn -0.720272 0.689325 -0.077716
vn -0.741700 0.667182 -0.068910
vn -0.762650 0.644027 -0.059954
vn -0.783192 0.619683 -0.051027
vn -0.803415 0.593908 -0.042395
vn -0.823448 0.566344 -0.034476
vn -0.843652 0.536199 -0.027253
vn -0.864624 0.501874 -0.023386
vn -0.833479 0.551578 -0.032786
vn -0.033140 0.985533 -0.166209
vn -0.000000 0.986044 -0.166485
vn -0.066331 0.983973 -0.165519
vn -0.100926 0.981207 -0.164460
vn -0.134503 0.977402 -0.163080
vn -0.167821 0.972517 -0.161389
vn -0.200939 0.966549 -0.159398
vn -0.233800 0.959506 -0.157121
vn -0.266464 0.951371 -0.154566
vn -0.298929 0.942134 -0.151740
vn -0.331188 0.931782 -0.148649
vn -0.363232 0.920300 -0.145296
vn -0.395046 0.907670 -0.141683
vn -0.426614 0.893873 -0.137808
vn -0.457914 0.878890 -0.133667
vn -0.488913 0.862704 -0.129254
vn -0.519393 0.845409 -0.124557
vn -0.548987 0.827244 -0.119498
vn -0.577366 0.808487 -0.114008
vn -0.604611 0.789156 -0.108066
vn -0.630856 0.769210 -0.101671
vn -0.656227 0.748582 -0.094824
vn -0.680746 0.727268 -0.087558
vn -0.704513 0.705179 -0.079901
vn -0.727521 0.682305 -0.071921
vn -0.749820 0.658569 -0.063687
vn -0.771457 0.633874 -0.055293
vn -0.792475 0.608102 -0.046864
vn -0.812916 0.581103 -0.038569
vn -0.832824 0.552690 -0.030643
vn -0.852251 0.522609 -0.023413
vn -0.872499 0.488255 -0.018797
vn -0.889418 0.456810 -0.016111
vn -0.035195 0.987036 -0.156594
vn -0.000000 0.987621 -0.156856
vn -0.069967 0.985286 -0.155934
vn -0.106159 0.982209 -0.154905
vn -0.141235 0.977994 -0.153558
vn -0.175991 0.972602 -0.151897
vn -0.210491 0.966030 -0.149933
vn -0.244677 0.958292 -0.147680
vn -0.278616 0.949372 -0.145142
vn -0.312306 0.939260 -0.142327
vn -0.345742 0.927942 -0.139238
vn -0.378916 0.915401 -0.135878
vn -0.411816 0.901620 -0.132248
vn -0.444424 0.886575 -0.128345
vn -0.476718 0.870243 -0.124165
vn -0.508661 0.852605 -0.119703
vn -0.540031 0.833758 -0.114954
vn -0.570464 0.813943 -0.109853
vn -0.599619 0.793453 -0.104352
vn -0.627568 0.772313 -0.098440
vn -0.654440 0.750481 -0.092118
vn -0.680359 0.727888 -0.085388
vn -0.705329 0.704544 -0.078292
vn -0.729448 0.680357 -0.070854
vn -0.752699 0.655330 -0.063142
vn -0.775120 0.629396 -0.055224
vn -0.796745 0.602470 -0.047186
vn -0.817600 0.574454 -0.039140
vn -0.837704 0.545230 -0.031230
vn -0.857071 0.514656 -0.023643
vn -0.875706 0.482558 -0.016629
vn -0.894752 0.446400 -0.012108
vn -0.907585 0.419762 -0.009439
vn -0.036965 0.988219 -0.148515
vn 0.000000 0.988873 -0.148761
vn -0.073118 0.986297 -0.147889
vn -0.110705 0.982937 -0.146901
vn -0.147089 0.978348 -0.145601
vn -0.183100 0.972492 -0.143994
vn -0.218805 0.965368 -0.142087
vn -0.254148 0.956995 -0.139893
vn -0.289198 0.947355 -0.137417
vn -0.323956 0.936439 -0.134662
vn -0.358418 0.924234 -0.131634
vn -0.392576 0.910722 -0.128333
vn -0.426420 0.895881 -0.124757
vn -0.459930 0.879685 -0.120905
vn -0.493084 0.862109 -0.116772
vn -0.525843 0.843129 -0.112351
vn -0.557976 0.822847 -0.107641
vn -0.589117 0.801508 -0.102592
vn -0.618913 0.779426 -0.097170
vn -0.647425 0.756633 -0.091368
vn -0.674778 0.733087 -0.085192
vn -0.701092 0.708721 -0.078643
vn -0.726357 0.683560 -0.071764
vn -0.750672 0.657512 -0.064577
vn -0.774006 0.630594 -0.057146
vn -0.796391 0.602750 -0.049531
vn -0.817851 0.573910 -0.041807
vn -0.838395 0.543997 -0.034069
vn -0.858032 0.512916 -0.026434
vn -0.876752 0.480565 -0.019048
vn -0.894540 0.446824 -0.012098
vn -0.911809 0.410563 -0.006505
vn -0.922104 0.386930 -0.002944
vn -0.038483 0.989231 -0.141211
vn 0.000000 0.989946 -0.141443
vn -0.075837 0.987155 -0.140618
vn -0.114636 0.983540 -0.139672
vn -0.152156 0.978615 -0.138421
vn -0.189257 0.972342 -0.136870
vn -0.226009 0.964722 -0.135026
vn -0.262354 0.955776 -0.132899
vn -0.298367 0.945488 -0.130495
vn -0.334048 0.933850 -0.127817
vn -0.369396 0.920845 -0.124868
vn -0.404403 0.906454 -0.121649
vn -0.439059 0.890655 -0.118158
vn -0.473344 0.873419 -0.114392
vn -0.507232 0.854716 -0.110347
vn -0.540683 0.834519 -0.106016
vn -0.573459 0.812935 -0.101401
vn -0.605184 0.790220 -0.096462
vn -0.635491 0.766705 -0.091179
vn -0.664437 0.742431 -0.085551
vn -0.692140 0.717363 -0.079584
vn -0.718716 0.691431 -0.073283
vn -0.744146 0.664680 -0.066689
vn -0.768525 0.637017 -0.059823
vn -0.791819 0.608474 -0.052746
vn -0.814054 0.579003 -0.045511
vn -0.835245 0.548550 -0.038183
vn -0.855397 0.517054 -0.030840
vn -0.874506 0.484441 -0.023577
vn -0.892556 0.450634 -0.016507
vn -0.909519 0.415548 -0.009772
vn -0.925549 0.378611 -0.003624
vn -0.934399 0.356228 -0.000801
vn -0.039800 0.990157 -0.134187
vn 0.000000 0.990927 -0.134400
vn -0.078216 0.987939 -0.133636
vn -0.118088 0.984091 -0.132745
vn -0.156613 0.978858 -0.131563
vn -0.194675 0.972202 -0.130093
vn -0.232349 0.964128 -0.128342
vn -0.269575 0.954658 -0.126321
vn -0.306431 0.943777 -0.124033
vn -0.342920 0.931476 -0.121484
vn -0.379040 0.917739 -0.118675
vn -0.414786 0.902545 -0.115608
vn -0.450144 0.885869 -0.112281
vn -0.485095 0.867680 -0.108691
vn -0.519612 0.847946 -0.104835
vn -0.553650 0.826637 -0.100708
vn -0.586964 0.803864 -0.096312
vn -0.619167 0.779896 -0.091618
vn -0.649877 0.755087 -0.086617
vn -0.679146 0.729486 -0.081312
vn -0.707087 0.703061 -0.075713
vn -0.733815 0.675751 -0.069827
vn -0.759305 0.647610 -0.063698
vn -0.783651 0.618549 -0.057343
vn -0.806816 0.588613 -0.050818
vn -0.828822 0.557766 -0.044172
vn -0.849682 0.525963 -0.037459
vn -0.869399 0.493154 -0.030743
vn -0.887963 0.459283 -0.024099
vn -0.905355 0.424289 -0.017612
vn -0.921543 0.388110 -0.011386
vn -0.936511 0.350590 -0.005757
vn -0.944282 0.329117 -0.003549
vn -0.040927 0.991048 -0.127077
vn 0.000000 0.991869 -0.127266
vn -0.080284 0.988702 -0.126579
vn -0.121102 0.984641 -0.125765
vn -0.160513 0.979127 -0.124680
vn -0.199420 0.972122 -0.123327
vn -0.237902 0.963633 -0.121713
vn -0.275899 0.953686 -0.119849
vn -0.313491 0.942264 -0.117738
vn -0.350680 0.929360 -0.115385
vn -0.387468 0.914957 -0.112793
vn -0.423847 0.899034 -0.109962
vn -0.459805 0.881563 -0.106892
vn -0.495322 0.862512 -0.103582
vn -0.530367 0.841847 -0.100027
vn -0.564892 0.819535 -0.096224
vn -0.598646 0.795693 -0.092178
vn -0.631227 0.770605 -0.087866
vn -0.662240 0.744649 -0.083287
vn -0.691731 0.717882 -0.078451
vn -0.719814 0.690279 -0.073369
vn -0.746600 0.661783 -0.068050
vn -0.772065 0.632459 -0.062536
vn -0.796303 0.602221 -0.056843
vn -0.819275 0.571127 -0.051021
vn -0.841003 0.539147 -0.045109
vn -0.861502 0.506243 -0.039150
vn -0.880771 0.472377 -0.033195
vn -0.898804 0.437501 -0.027297
vn -0.915578 0.401564 -0.021518
vn -0.931060 0.364520 -0.015925
vn -0.945134 0.326510 -0.010636
vn -0.952059 0.305800 -0.008417
vn -0.041877 0.991935 -0.119627
vn 0.000000 0.992799 -0.119791
vn -0.082058 0.989475 -0.119191
vn -0.123705 0.985222 -0.118466
vn -0.163889 0.979457 -0.117494
vn -0.203534 0.972139 -0.116277
vn -0.242719 0.963277 -0.114823
vn -0.281384 0.952902 -0.113141
vn -0.319612 0.940997 -0.111236
vn -0.357406 0.927554 -0.109110
vn -0.394766 0.912557 -0.106767
vn -0.431687 0.895984 -0.104207
vn -0.468155 0.877806 -0.101429
vn -0.504148 0.857989 -0.098433
vn -0.539635 0.836497 -0.095215
vn -0.574566 0.813297 -0.091770
vn -0.608678 0.788511 -0.088105
vn -0.641557 0.762439 -0.084204
vn -0.672794 0.735484 -0.080073
vn -0.702432 0.707712 -0.075722
vn -0.730586 0.679102 -0.071165
vn -0.757370 0.649600 -0.066411
vn -0.782757 0.619282 -0.061496
vn -0.806844 0.588063 -0.056432
vn -0.829593 0.556010 -0.051261
vn -0.851030 0.523098 -0.046011
vn -0.871167 0.489295 -0.040713
vn -0.890009 0.454566 -0.035402
vn -0.907548 0.418869 -0.030112
vn -0.923761 0.382160 -0.024882
vn -0.938617 0.344396 -0.019752
vn -0.951945 0.305917 -0.014671
vn -0.958534 0.284706 -0.012450
vn -0.042640 0.992783 -0.112085
vn 0.000000 0.993683 -0.112224
vn -0.083520 0.990225 -0.111708
vn -0.125868 0.985810 -0.111071
vn -0.166705 0.979828 -0.110209
vn -0.206972 0.972242 -0.109126
vn -0.246748 0.963062 -0.107828
vn -0.285975 0.952320 -0.106324
vn -0.324736 0.940001 -0.104616
vn -0.363037 0.926097 -0.102708
vn -0.400877 0.910592 -0.100600
vn -0.438251 0.893462 -0.098294
vn -0.475144 0.874679 -0.095788
vn -0.511534 0.854207 -0.093080
vn -0.547388 0.832008 -0.090166
vn -0.582653 0.808047 -0.087042
vn -0.617058 0.782452 -0.083713
vn -0.650176 0.755543 -0.080171
vn -0.681580 0.727741 -0.076428
vn -0.711318 0.699122 -0.072494
vn -0.739505 0.669669 -0.068383
vn -0.766258 0.639328 -0.064102
vn -0.791551 0.608183 -0.059679
vn -0.815483 0.576151 -0.055122
vn -0.838020 0.543301 -0.050462
vn -0.859188 0.509613 -0.045718
vn -0.879004 0.475057 -0.040909
vn -0.897471 0.439597 -0.036054
vn -0.914584 0.403193 -0.031172
vn -0.930321 0.365803 -0.026282
vn -0.944649 0.327385 -0.021404
vn -0.957425 0.288205 -0.016588
vn -0.963533 0.267211 -0.014252
vn -0.043224 0.993545 -0.104880
vn 0.000000 0.994473 -0.104996
vn -0.084671 0.990908 -0.104556
vn -0.127588 0.986360 -0.103996
vn -0.168956 0.980202 -0.103233
vn -0.209728 0.972397 -0.102269
vn -0.249985 0.962956 -0.101109
vn -0.289669 0.951914 -0.099760
vn -0.328864 0.939255 -0.098224
vn -0.367577 0.924973 -0.096503
vn -0.405808 0.909050 -0.094597
vn -0.443551 0.891463 -0.092506
vn -0.480791 0.872181 -0.090227
vn -0.517505 0.851168 -0.087758
vn -0.553659 0.828384 -0.085094
vn -0.589197 0.803794 -0.082231
vn -0.623843 0.777529 -0.079175
vn -0.657150 0.749926 -0.075924
vn -0.688684 0.721428 -0.072495
vn -0.718492 0.692114 -0.068900
vn -0.746693 0.661971 -0.065150
vn -0.773407 0.630945 -0.061247
vn -0.798610 0.599123 -0.057216
vn -0.822406 0.566422 -0.053058
vn -0.844762 0.532913 -0.048794
vn -0.865707 0.498576 -0.044434
vn -0.885258 0.463379 -0.039985
vn -0.903422 0.427285 -0.035455
vn -0.920191 0.390253 -0.030850
vn -0.935544 0.352239 -0.026173
vn -0.949446 0.313197 -0.021427
vn -0.961802 0.273238 -0.016666
vn -0.043645 0.994220 -0.098090
vn 0.000000 0.995168 -0.098187
vn -0.085537 0.991523 -0.097808
vn -0.128903 0.986871 -0.097311
vn -0.170688 0.980576 -0.096629
vn -0.211858 0.972598 -0.095761
vn -0.252495 0.962952 -0.094712
vn -0.292541 0.951672 -0.093488
vn -0.332081 0.938745 -0.092089
vn -0.371122 0.924162 -0.090515
vn -0.409665 0.907907 -0.088766
vn -0.447704 0.889955 -0.086842
vn -0.485224 0.870274 -0.084738
vn -0.522200 0.848828 -0.082452
vn -0.558597 0.825574 -0.079979
vn -0.594357 0.800476 -0.077313
vn -0.629198 0.773670 -0.074464
vn -0.662658 0.745508 -0.071434
vn -0.694292 0.716450 -0.068250
vn -0.724151 0.686579 -0.064921
vn -0.752358 0.655882 -0.061456
vn -0.779035 0.624306 -0.057856
vn -0.804164 0.591937 -0.054138
vn -0.827850 0.558690 -0.050298
vn -0.850063 0.524637 -0.046349
vn -0.870834 0.489754 -0.042293
vn -0.890183 0.454006 -0.038128
vn -0.908114 0.417352 -0.033852
vn -0.924620 0.379750 -0.029458
vn -0.939678 0.341149 -0.024938
vn -0.953250 0.301500 -0.020285
vn -0.965326 0.260588 -0.015465
vn -0.043913 0.994825 -0.091621
vn 0.000000 0.995786 -0.091705
vn -0.086122 0.992086 -0.091372
vn -0.129808 0.987362 -0.090923
vn -0.171893 0.980968 -0.090302
vn -0.213349 0.972867 -0.089509
vn -0.254261 0.963074 -0.088546
vn -0.294569 0.951624 -0.087416
vn -0.334361 0.938502 -0.086121
vn -0.373642 0.923702 -0.084658
vn -0.412415 0.907205 -0.083029
vn -0.450672 0.888986 -0.081229
vn -0.488400 0.869013 -0.079257
vn -0.525571 0.847248 -0.077108
vn -0.562150 0.823648 -0.074778
vn -0.598076 0.798175 -0.072263
vn -0.633062 0.770968 -0.069571
vn -0.666635 0.742392 -0.066716
vn -0.698342 0.712922 -0.063726
vn -0.728234 0.682643 -0.060614
vn -0.756441 0.651540 -0.057384
vn -0.783088 0.619559 -0.054035
vn -0.808162 0.586785 -0.050581
vn -0.831768 0.553129 -0.047013
vn -0.853880 0.518662 -0.043339
vn -0.874532 0.483353 -0.039553
vn -0.893740 0.447166 -0.035647
vn -0.911512 0.410056 -0.031612
vn -0.927839 0.371972 -0.027432
vn -0.942693 0.332863 -0.023092
vn -0.956032 0.292672 -0.018572
vn -0.967823 0.251251 -0.013839
vn -0.044084 0.995462 -0.084329
vn -0.000000 0.996432 -0.084402
vn -0.086533 0.992692 -0.084107
vn -0.130461 0.987914 -0.083702
vn -0.172776 0.981446 -0.083139
vn -0.214453 0.973251 -0.082414
vn -0.255579 0.963345 -0.081529
vn -0.296092 0.951762 -0.080487
vn -0.336082 0.938490 -0.079287
vn -0.375554 0.923519 -0.077927
vn -0.414510 0.906832 -0.076407
vn -0.452942 0.888403 -0.074723
vn -0.490835 0.868200 -0.072873
vn -0.528162 0.846182 -0.070854
vn -0.564885 0.822308 -0.068661
vn -0.600943 0.796538 -0.066292
vn -0.636042 0.769016 -0.063757
vn -0.669699 0.740116 -0.061076
vn -0.701455 0.710326 -0.058284
vn -0.731366 0.679732 -0.055393
vn -0.759564 0.648318 -0.052406
vn -0.786180 0.616026 -0.049322
vn -0.811205 0.582938 -0.046148
vn -0.834747 0.548962 -0.042875
vn -0.856782 0.514163 -0.039505
vn -0.877344 0.478508 -0.036028
vn -0.896451 0.441955 -0.032433
vn -0.914109 0.404452 -0.028704
vn -0.930307 0.365942 -0.024820
vn -0.945015 0.326368 -0.020760
vn -0.958187 0.285668 -0.016499
vn -0.969769 0.243731 -0.012015
vn -0.044158 0.996060 -0.076905
vn -0.000000 0.997033 -0.076969
vn -0.086751 0.993273 -0.076706
vn -0.130829 0.988462 -0.076338
vn -0.173287 0.981948 -0.075823
vn -0.215105 0.973694 -0.075158
vn -0.256369 0.963716 -0.074343
vn -0.297018 0.952048 -0.073378
vn -0.337139 0.938677 -0.072262
vn -0.376740 0.923595 -0.070994
vn -0.415819 0.906782 -0.069571
vn -0.454370 0.888215 -0.067991
vn -0.492376 0.867858 -0.066251
vn -0.529809 0.845672 -0.064350
vn -0.566628 0.821616 -0.062284
vn -0.602772 0.795650 -0.060052
vn -0.637944 0.767920 -0.057668
vn -0.671652 0.738811 -0.055157
vn -0.703432 0.708816 -0.052557
vn -0.733346 0.678024 -0.049882
vn -0.761530 0.646414 -0.047134
vn -0.788119 0.613926 -0.044309
vn -0.813105 0.580642 -0.041416
vn -0.836602 0.546461 -0.038442
vn -0.858587 0.511446 -0.035387
vn -0.879092 0.475560 -0.032241
vn -0.898139 0.438754 -0.028988
vn -0.915733 0.400971 -0.025612
vn -0.931858 0.362150 -0.022091
vn -0.946484 0.322225 -0.018401
vn -0.959560 0.281129 -0.014515
vn -0.971014 0.238795 -0.010419
vn -0.044171 0.996677 -0.068446
vn 0.000000 0.997651 -0.068504
vn -0.086847 0.993880 -0.068268
vn -0.131016 0.989050 -0.067937
vn -0.173567 0.982508 -0.067473
vn -0.215481 0.974216 -0.066870
vn -0.256841 0.964189 -0.066125
vn -0.297587 0.952463 -0.065241
vn -0.337806 0.939023 -0.064213
vn -0.377502 0.923860 -0.063040
vn -0.416675 0.906958 -0.061719
vn -0.455316 0.888289 -0.060249
vn -0.493406 0.867821 -0.058627
vn -0.530917 0.845514 -0.056853
vn -0.567806 0.821328 -0.054926
vn -0.604010 0.795223 -0.052846
vn -0.639229 0.767348 -0.050630
vn -0.672963 0.738097 -0.048308
vn -0.704747 0.707970 -0.045925
vn -0.734649 0.677052 -0.043491
vn -0.762810 0.645321 -0.041009
vn -0.789367 0.612714 -0.038477
vn -0.814318 0.579309 -0.035899
vn -0.837775 0.545001 -0.033266
vn -0.859720 0.509849 -0.030576
vn -0.880188 0.473809 -0.027818
vn -0.899198 0.436829 -0.024980
vn -0.916752 0.398848 -0.022044
vn -0.932838 0.359794 -0.018990
vn -0.947421 0.319599 -0.015796
vn -0.960446 0.278189 -0.012436
vn -0.971847 0.235448 -0.008876
vn -0.044123 0.997215 -0.060134
vn 0.000000 0.998187 -0.060186
vn -0.086811 0.994418 -0.059974
vn -0.131003 0.989584 -0.059676
vn -0.173584 0.983035 -0.059257
vn -0.215535 0.974730 -0.058709
vn -0.256939 0.964684 -0.058031
vn -0.297732 0.952933 -0.057220
vn -0.338002 0.939462 -0.056275
vn -0.377751 0.924261 -0.055191
vn -0.416977 0.907314 -0.053967
vn -0.455669 0.888594 -0.052601
vn -0.493807 0.868069 -0.051093
vn -0.531360 0.845702 -0.049442
vn -0.568285 0.821451 -0.047650
vn -0.604515 0.795281 -0.045718
vn -0.639750 0.767342 -0.043666
vn -0.673487 0.738032 -0.041530
vn -0.705262 0.707854 -0.039354
vn -0.735143 0.676893 -0.037151
vn -0.763278 0.645126 -0.034922
vn -0.789808 0.612484 -0.032665
vn -0.814729 0.579045 -0.030385
vn -0.838162 0.544699 -0.028072
vn -0.860085 0.509502 -0.025726
vn -0.880536 0.473405 -0.023337
vn -0.899533 0.436354 -0.020894
vn -0.917080 0.398280 -0.018383
vn -0.933162 0.359110 -0.015786
vn -0.947743 0.318767 -0.013085
vn -0.960764 0.277177 -0.010260
vn -0.972181 0.234118 -0.007258
vn -0.044030 0.997697 -0.051600
vn -0.000000 0.998665 -0.051647
vn -0.086677 0.994907 -0.051456
vn -0.130839 0.990081 -0.051188
vn -0.173403 0.983539 -0.050811
vn -0.215350 0.975240 -0.050317
vn -0.256759 0.965197 -0.049702
vn -0.297566 0.953445 -0.048963
vn -0.337856 0.939968 -0.048098
vn -0.377628 0.924759 -0.047103
vn -0.416878 0.907799 -0.045977
vn -0.455595 0.889063 -0.044718
vn -0.493755 0.868521 -0.043326
vn -0.531326 0.846136 -0.041802
vn -0.568262 0.821868 -0.040148
vn -0.604496 0.795684 -0.038369
vn -0.639723 0.767739 -0.036485
vn -0.673442 0.738433 -0.034536
vn -0.705191 0.708269 -0.032567
vn -0.735043 0.677331 -0.030590
vn -0.763146 0.645592 -0.028605
vn -0.789646 0.612985 -0.026611
vn -0.814544 0.579580 -0.024612
vn -0.837958 0.545267 -0.022598
vn -0.859869 0.510100 -0.020571
vn -0.880316 0.474025 -0.018521
vn -0.899319 0.436984 -0.016439
vn -0.916880 0.398905 -0.014314
vn -0.932985 0.359712 -0.012132
vn -0.947593 0.319327 -0.009878
vn -0.960648 0.277667 -0.007538
vn -0.972103 0.234501 -0.005101
vn -0.043899 0.998094 -0.043374
vn -0.000000 0.999057 -0.043417
vn -0.086452 0.995317 -0.043243
vn -0.130534 0.990511 -0.043001
vn -0.173036 0.983991 -0.042661
vn -0.214935 0.975716 -0.042214
vn -0.256308 0.965697 -0.041655
vn -0.297089 0.953970 -0.040983
vn -0.337361 0.940517 -0.040194
vn -0.377121 0.925331 -0.039284
vn -0.416362 0.908394 -0.038252
vn -0.455071 0.889682 -0.037097
vn -0.493223 0.869165 -0.035820
vn -0.530782 0.846809 -0.034422
vn -0.567701 0.822577 -0.032906
vn -0.603911 0.796438 -0.031278
vn -0.639109 0.768548 -0.029559
vn -0.672793 0.739309 -0.027790
vn -0.704505 0.709222 -0.026016
vn -0.734323 0.678367 -0.024248
vn -0.762395 0.646721 -0.022486
vn -0.788870 0.614211 -0.020726
vn -0.813751 0.580904 -0.018973
vn -0.837157 0.546691 -0.017218
vn -0.859071 0.511623 -0.015461
vn -0.879532 0.475643 -0.013694
vn -0.898559 0.438691 -0.011910
vn -0.916156 0.400695 -0.010100
vn -0.932307 0.361574 -0.008253
vn -0.946973 0.321250 -0.006359
vn -0.960096 0.279637 -0.004405
vn -0.971618 0.236544 -0.002365
vn -0.043736 0.998425 -0.035150
vn -0.000000 0.999381 -0.035190
vn -0.086156 0.995666 -0.035031
vn -0.130116 0.990888 -0.034811
vn -0.172517 0.984402 -0.034504
vn -0.214330 0.976166 -0.034100
vn -0.255630 0.966191 -0.033596
vn -0.296351 0.954509 -0.032988
vn -0.336570 0.941105 -0.032274
vn -0.376284 0.925970 -0.031450
vn -0.415486 0.909088 -0.030515
vn -0.454156 0.890435 -0.029469
vn -0.492270 0.869982 -0.028313
vn -0.529790 0.847698 -0.027047
vn -0.566666 0.823547 -0.025676
vn -0.602830 0.797502 -0.024206
vn -0.637977 0.769722 -0.022657
vn -0.671611 0.740604 -0.021071
vn -0.703278 0.710648 -0.019492
vn -0.733057 0.679931 -0.017928
vn -0.761099 0.648429 -0.016378
vn -0.787553 0.616068 -0.014838
vn -0.812425 0.582913 -0.013310
vn -0.835834 0.548856 -0.011787
vn -0.857763 0.513943 -0.010266
vn -0.878251 0.478119 -0.008743
vn -0.897319 0.441323 -0.007210
vn -0.914971 0.403479 -0.005660
vn -0.931191 0.364510 -0.004086
vn -0.945940 0.324333 -0.002479
vn -0.959160 0.282863 -0.000832
vn -0.970843 0.239715 0.000986
vn -0.043550 0.998693 -0.026740
vn 0.000000 0.999642 -0.026776
vn -0.085802 0.995956 -0.026630
vn -0.129603 0.991214 -0.026431
vn -0.171867 0.984773 -0.026154
vn -0.213557 0.976590 -0.025793
vn -0.254749 0.966675 -0.025342
vn -0.295373 0.955060 -0.024801
vn -0.335505 0.941729 -0.024166
vn -0.375140 0.926672 -0.023434
vn -0.414266 0.909875 -0.022605
vn -0.452866 0.891315 -0.021679
vn -0.490910 0.870965 -0.020656
vn -0.528362 0.848794 -0.019538
vn -0.565171 0.824771 -0.018328
vn -0.601265 0.798868 -0.017032
vn -0.636342 0.771248 -0.015669
vn -0.669912 0.742303 -0.014279
vn -0.701526 0.712527 -0.012904
vn -0.731263 0.681998 -0.011549
vn -0.759278 0.650687 -0.010211
vn -0.785719 0.618520 -0.008886
vn -0.810590 0.585566 -0.007572
vn -0.834012 0.551711 -0.006263
vn -0.855969 0.517004 -0.004956
vn -0.876499 0.481390 -0.003646
vn -0.895624 0.444805 -0.002328
vn -0.913349 0.407177 -0.000994
vn -0.929657 0.368427 0.000360
vn -0.944511 0.328475 0.001740
vn -0.957856 0.287232 0.003151
vn -0.969741 0.244093 0.004630
vn -0.043342 0.998914 -0.017091
vn 0.000000 0.999853 -0.017124
vn -0.085392 0.996203 -0.016996
vn -0.128998 0.991502 -0.016825
vn -0.171086 0.985116 -0.016592
vn -0.212615 0.977000 -0.016290
vn -0.253658 0.967163 -0.015916
vn -0.294143 0.955636 -0.015470
vn -0.334146 0.942403 -0.014949
vn -0.373660 0.927455 -0.014350
vn -0.412671 0.910777 -0.013675
vn -0.451162 0.892349 -0.012922
vn -0.489101 0.872143 -0.012091
vn -0.526452 0.850131 -0.011184
vn -0.563162 0.826284 -0.010203
vn -0.599161 0.800576 -0.009152
vn -0.634150 0.773168 -0.008045
vn -0.667643 0.744449 -0.006920
vn -0.699199 0.714903 -0.005815
vn -0.728896 0.684608 -0.004730
vn -0.756890 0.653533 -0.003660
vn -0.783327 0.621605 -0.002599
vn -0.808210 0.588893 -0.001543
vn -0.831659 0.555286 -0.000485
vn -0.853661 0.520829 0.000579
vn -0.874251 0.485472 0.001653
vn -0.893452 0.449150 0.002743
vn -0.911270 0.411792 0.003855
vn -0.927688 0.373322 0.004993
vn -0.942673 0.333661 0.006160
vn -0.956169 0.292722 0.007358
vn -0.968204 0.250015 0.008557
vn -0.043120 0.999059 -0.004720
vn 0.000000 0.999989 -0.004743
vn -0.084945 0.996375 -0.004653
vn -0.128328 0.991722 -0.004537
vn -0.170208 0.985398 -0.004383
vn -0.211540 0.977360 -0.004188
vn -0.252395 0.967616 -0.003951
vn -0.292702 0.956197 -0.003672
vn -0.332535 0.943085 -0.003348
vn -0.371888 0.928273 -0.002980
vn -0.410746 0.911746 -0.002566
vn -0.449090 0.893484 -0.002106
vn -0.486893 0.873460 -0.001597
vn -0.524114 0.851648 -0.001040
vn -0.560703 0.828017 -0.000434
vn -0.596591 0.802545 0.000222
vn -0.631482 0.775390 0.000918
vn -0.664900 0.746930 0.001624
vn -0.696406 0.717645 0.002312
vn -0.726076 0.687608 0.002985
vn -0.754064 0.656791 0.003651
vn -0.780515 0.625122 0.004321
vn -0.805430 0.592670 0.004999
vn -0.828929 0.559324 0.005695
vn -0.850996 0.525133 0.006413
vn -0.871667 0.490047 0.007160
vn -0.890964 0.454004 0.007941
vn -0.908894 0.416936 0.008760
vn -0.925442 0.378766 0.009622
vn -0.940577 0.339418 0.010529
vn -0.954243 0.298812 0.011482
vn -0.966420 0.256665 0.012459
vn -0.042889 0.999032 0.009771
vn -0.000000 0.999952 0.009759
vn -0.084471 0.996378 0.009804
vn -0.127602 0.991777 0.009855
vn -0.169241 0.985525 0.009914
vn -0.210337 0.977578 0.009982
vn -0.250963 0.967944 0.010056
vn -0.291048 0.956655 0.010136
vn -0.330665 0.943693 0.010220
vn -0.369809 0.929050 0.010310
vn -0.408469 0.912713 0.010406
vn -0.446625 0.894660 0.010509
vn -0.484249 0.874866 0.010622
vn -0.521306 0.853303 0.010748
vn -0.557745 0.829941 0.010891
vn -0.593501 0.804758 0.011055
vn -0.628281 0.777905 0.011240
vn -0.661616 0.749756 0.011424
vn -0.693072 0.720775 0.011592
vn -0.722723 0.691038 0.011751
vn -0.750717 0.660516 0.011915
vn -0.777197 0.629141 0.012096
vn -0.802163 0.596979 0.012302
vn -0.825731 0.563925 0.012545
vn -0.847883 0.530029 0.012833
vn -0.868654 0.495244 0.013172
vn -0.888069 0.459510 0.013569
vn -0.906131 0.422764 0.014029
vn -0.922831 0.384931 0.014557
vn -0.938136 0.345936 0.015154
vn -0.951994 0.305706 0.015823
vn -0.964299 0.264297 0.016566
vn -0.042466 0.998489 0.034877
vn 0.000000 0.999392 0.034882
vn -0.000000 0.999748 0.022470
vn -0.042663 0.998837 0.022472
vn -0.083570 0.995892 0.034860
vn -0.083994 0.996213 0.022475
vn -0.126181 0.991396 0.034816
vn -0.126859 0.991666 0.022471
vn -0.167296 0.985295 0.034736
vn -0.168234 0.985492 0.022449
vn -0.207856 0.977547 0.034611
vn -0.209064 0.977645 0.022406
vn -0.247938 0.968164 0.034435
vn -0.249425 0.968136 0.022339
vn -0.287477 0.957177 0.034203
vn -0.289246 0.956996 0.022244
vn -0.326551 0.944571 0.033910
vn -0.328605 0.944209 0.022119
vn -0.365161 0.930340 0.033553
vn -0.367497 0.929765 0.021962
vn -0.403300 0.914468 0.033131
vn -0.405914 0.913652 0.021775
vn -0.440956 0.896935 0.032644
vn -0.443838 0.895848 0.021559
vn -0.478110 0.877713 0.032095
vn -0.481246 0.876326 0.021317
vn -0.514733 0.856772 0.031488
vn -0.518104 0.855058 0.021053
vn -0.550784 0.834078 0.030832
vn -0.554367 0.832013 0.020774
vn -0.586205 0.809602 0.030138
vn -0.589971 0.807165 0.020488
vn -0.620715 0.783484 0.029417
vn -0.624629 0.780660 0.020201
vn -0.653863 0.756070 0.028670
vn -0.657881 0.752859 0.019903
vn -0.685220 0.727802 0.027904
vn -0.689294 0.724217 0.019590
vn -0.714849 0.698752 0.027136
vn -0.718940 0.694805 0.019273
vn -0.742885 0.668899 0.026384
vn -0.746958 0.664600 0.018970
vn -0.769461 0.638178 0.025666
vn -0.773489 0.633535 0.018694
vn -0.794569 0.606659 0.024998
vn -0.798527 0.601676 0.018458
vn -0.818320 0.574245 0.024395
vn -0.822187 0.568925 0.018275
vn -0.840691 0.540989 0.023871
vn -0.844447 0.535331 0.018156
vn -0.861714 0.506853 0.023438
vn -0.865344 0.500851 0.018110
vn -0.881410 0.471786 0.023105
vn -0.884898 0.465431 0.018143
vn -0.899786 0.435731 0.022883
vn -0.903115 0.429009 0.018265
vn -0.916832 0.398623 0.022780
vn -0.919986 0.391516 0.018478
vn -0.932521 0.360395 0.022802
vn -0.935480 0.352880 0.018788
vn -0.946808 0.320980 0.022955
vn -0.949549 0.313032 0.019196
vn -0.959722 0.279980 0.023353
vn -0.962113 0.271934 0.019752
vn -0.042315 0.997917 0.048702
vn 0.000000 0.998813 0.048712
vn -0.083227 0.995342 0.048666
vn -0.125612 0.990889 0.048585
vn -0.166482 0.984854 0.048448
vn -0.206779 0.977198 0.048244
vn -0.246582 0.967935 0.047964
vn -0.285829 0.957098 0.047597
vn -0.324605 0.944674 0.047137
vn -0.362913 0.930658 0.046579
vn -0.400754 0.915034 0.045918
vn -0.438119 0.897782 0.045154
vn -0.474996 0.878873 0.044289
vn -0.511362 0.858272 0.043326
vn -0.547182 0.835946 0.042276
vn -0.582403 0.811858 0.041150
vn -0.616754 0.786140 0.039967
vn -0.649795 0.759121 0.038739
vn -0.681097 0.731233 0.037486
vn -0.710713 0.702549 0.036228
vn -0.738771 0.673047 0.034989
vn -0.765401 0.642666 0.033787
vn -0.790586 0.611480 0.032644
vn -0.814436 0.579393 0.031577
vn -0.836924 0.546463 0.030604
vn -0.858079 0.512657 0.029740
vn -0.877921 0.477926 0.028998
vn -0.896458 0.442218 0.028391
vn -0.913680 0.405474 0.027932
vn -0.929561 0.367630 0.027630
vn -0.944061 0.328624 0.027499
vn -0.957273 0.287861 0.027642
vn -0.042247 0.997174 0.062125
vn 0.000000 0.998068 0.062137
vn -0.083040 0.994611 0.062081
vn -0.125263 0.990186 0.061983
vn -0.165938 0.984197 0.061819
vn -0.206010 0.976611 0.061573
vn -0.245559 0.967446 0.061231
vn -0.284531 0.956738 0.060783
vn -0.323014 0.944477 0.060217
vn -0.361017 0.930658 0.059524
vn -0.398546 0.915268 0.058699
vn -0.435602 0.898286 0.057738
vn -0.472177 0.879682 0.056641
vn -0.508257 0.859421 0.055411
vn -0.543814 0.837463 0.054056
vn -0.578803 0.813770 0.052589
vn -0.612964 0.788461 0.051034
vn -0.645869 0.761848 0.049412
vn -0.677087 0.734352 0.047753
vn -0.706665 0.706046 0.046085
vn -0.734724 0.676909 0.044432
vn -0.761386 0.646883 0.042815
vn -0.786630 0.616045 0.041260
vn -0.810561 0.584302 0.039787
vn -0.833148 0.551715 0.038418
vn -0.854418 0.518255 0.037172
vn -0.874392 0.483879 0.036066
vn -0.893075 0.448536 0.035118
vn -0.910458 0.412172 0.034345
vn -0.926520 0.374727 0.033765
vn -0.941219 0.336143 0.033396
vn -0.954681 0.295759 0.033332
vn -0.042273 0.996368 0.073916
vn 0.000000 0.997264 0.073928
vn -0.083035 0.993805 0.073865
vn -0.125178 0.989389 0.073754
vn -0.165729 0.983424 0.073567
vn -0.205636 0.975881 0.073287
vn -0.244984 0.966783 0.072897
vn -0.283724 0.956170 0.072383
vn -0.321949 0.944036 0.071732
vn -0.359675 0.930378 0.070933
vn -0.396916 0.915184 0.069977
vn -0.433678 0.898433 0.068859
vn -0.469962 0.880096 0.067577
vn -0.505761 0.860135 0.066133
vn -0.541059 0.838505 0.064534
vn -0.575817 0.815164 0.062794
vn -0.609787 0.790219 0.060940
vn -0.642552 0.763967 0.059001
vn -0.673680 0.736821 0.057015
vn -0.703211 0.708849 0.055015
vn -0.731261 0.680033 0.053027
vn -0.757942 0.650319 0.051077
vn -0.783230 0.619783 0.049192
vn -0.807225 0.588338 0.047396
vn -0.829892 0.556047 0.045715
vn -0.851257 0.522886 0.044172
vn -0.871339 0.488812 0.042787
vn -0.890143 0.453780 0.041584
vn -0.907660 0.417739 0.040586
vn -0.923870 0.380630 0.039818
vn -0.938734 0.342395 0.039306
vn -0.952377 0.302401 0.039129
vn -0.042380 0.995483 0.084962
vn -0.000000 0.996383 0.084975
vn -0.083186 0.992910 0.084906
vn -0.125315 0.988488 0.084786
vn -0.165796 0.982526 0.084583
vn -0.205582 0.975004 0.084278
vn -0.244765 0.965950 0.083852
vn -0.283299 0.955408 0.083289
vn -0.321284 0.943376 0.082573
vn -0.358744 0.929855 0.081691
vn -0.395699 0.914834 0.080634
vn -0.432162 0.898294 0.079393
vn -0.468146 0.880205 0.077965
vn -0.503651 0.860527 0.076351
vn -0.538668 0.839213 0.074557
vn -0.573171 0.816214 0.072596
vn -0.606925 0.791626 0.070498
vn -0.639524 0.765731 0.068300
vn -0.670539 0.738929 0.066047
vn -0.700000 0.711290 0.063775
vn -0.728016 0.682794 0.061514
vn -0.754693 0.653393 0.059291
vn -0.780001 0.623164 0.057139
vn -0.804037 0.592022 0.055082
vn -0.826762 0.560035 0.053153
vn -0.848198 0.527181 0.051377
vn -0.868364 0.493422 0.049781
vn -0.887265 0.458714 0.048394
vn -0.904894 0.423006 0.047244
vn -0.921230 0.386245 0.046366
vn -0.936238 0.348369 0.045799
vn -0.950038 0.308781 0.045626
vn -0.042564 0.994511 0.095587
vn -0.000000 0.995420 0.095601
vn -0.083480 0.991920 0.095527
vn -0.125658 0.987476 0.095398
vn -0.166119 0.981502 0.095180
vn -0.205827 0.973981 0.094852
vn -0.244876 0.964949 0.094393
vn -0.283229 0.954456 0.093785
vn -0.320992 0.942504 0.093012
vn -0.358195 0.929097 0.092058
vn -0.394866 0.914230 0.090912
vn -0.431029 0.897882 0.089563
vn -0.466704 0.880024 0.088008
vn -0.501899 0.860615 0.086246
vn -0.536620 0.839605 0.084282
vn -0.570850 0.816936 0.082130
vn -0.604368 0.792697 0.079821
vn -0.636778 0.767153 0.077397
vn -0.667658 0.740690 0.074911
vn -0.697030 0.713377 0.072402
vn -0.724993 0.685200 0.069903
vn -0.751645 0.656110 0.067445
vn -0.776954 0.626186 0.065063
vn -0.801011 0.595348 0.062787
vn -0.823772 0.563668 0.060650
vn -0.845259 0.531124 0.058686
vn -0.865489 0.497683 0.056925
vn -0.884467 0.463302 0.055402
vn -0.902188 0.427931 0.054155
vn -0.918630 0.391518 0.053227
vn -0.933761 0.354001 0.052668
vn -0.947703 0.314789 0.052599
vn -0.042821 0.993448 0.105957
vn 0.000000 0.994369 0.105971
vn -0.083911 0.990831 0.105890
vn -0.126193 0.986353 0.105750
vn -0.166683 0.980349 0.105515
vn -0.206349 0.972811 0.105162
vn -0.245295 0.963782 0.104669
vn -0.283489 0.953318 0.104017
vn -0.321045 0.941426 0.103187
vn -0.357999 0.928116 0.102163
vn -0.394388 0.913384 0.100931
vn -0.430247 0.897213 0.099481
vn -0.465603 0.879572 0.097807
vn -0.500477 0.860421 0.095908
vn -0.534885 0.839704 0.093788
vn -0.568822 0.817360 0.091459
vn -0.602081 0.793464 0.088956
vn -0.634285 0.768265 0.086325
vn -0.665011 0.742137 0.083626
vn -0.694275 0.715149 0.080900
vn -0.722166 0.687287 0.078184
vn -0.748778 0.658505 0.075512
vn -0.774071 0.628885 0.072924
vn -0.798131 0.598351 0.070451
vn -0.820913 0.566974 0.068134
vn -0.842437 0.534736 0.066009
vn -0.862717 0.501606 0.064114
vn -0.881758 0.467544 0.062488
vn -0.899556 0.432500 0.061179
vn -0.916092 0.396417 0.060240
vn -0.931334 0.359234 0.059735
vn -0.945425 0.320299 0.059832
vn -0.043153 0.992220 0.116778
vn -0.000000 0.993156 0.116795
vn -0.084483 0.989567 0.116702
vn -0.126929 0.985041 0.116545
vn -0.167494 0.978991 0.116286
vn -0.207159 0.971418 0.115899
vn -0.246031 0.962372 0.115362
vn -0.284087 0.951918 0.114654
vn -0.321449 0.940069 0.113756
vn -0.358163 0.926839 0.112649
vn -0.394272 0.912227 0.111319
vn -0.429820 0.896219 0.109755
vn -0.464848 0.878785 0.107949
vn -0.499387 0.859883 0.105898
vn -0.533463 0.839454 0.103608
vn -0.567085 0.817432 0.101090
vn -0.600064 0.793880 0.098379
vn -0.632040 0.769026 0.095528
vn -0.662593 0.743234 0.092602
vn -0.691729 0.716571 0.089645
vn -0.719532 0.689027 0.086699
vn -0.746084 0.660557 0.083800
vn -0.771344 0.631244 0.080991
vn -0.795391 0.601016 0.078311
vn -0.818179 0.569945 0.075804
vn -0.839726 0.538012 0.073510
vn -0.860042 0.505192 0.071473
vn -0.879135 0.471443 0.069739
vn -0.896995 0.436721 0.068366
vn -0.913613 0.400956 0.067418
vn -0.928957 0.364080 0.066974
vn -0.943187 0.325389 0.067241
vn -0.043564 0.990768 0.128382
vn 0.000000 0.991722 0.128403
vn -0.085203 0.988070 0.128292
vn -0.127873 0.983482 0.128111
vn -0.168562 0.977369 0.127817
vn -0.208263 0.969742 0.127384
vn -0.247091 0.960662 0.126788
vn -0.285031 0.950200 0.126007
vn -0.322211 0.938376 0.125022
vn -0.358689 0.925210 0.123812
vn -0.394516 0.910706 0.122362
vn -0.429745 0.894852 0.120659
vn -0.464430 0.877620 0.118696
vn -0.498614 0.858964 0.116468
vn -0.532336 0.838825 0.113980
vn -0.565618 0.817130 0.111245
vn -0.598290 0.793927 0.108297
vn -0.630010 0.769429 0.105196
vn -0.660364 0.743985 0.102011
vn -0.689348 0.717663 0.098791
vn -0.717037 0.690451 0.095581
vn -0.743510 0.662308 0.092422
vn -0.768714 0.633319 0.089359
vn -0.792730 0.603413 0.086436
vn -0.815505 0.572665 0.083704
vn -0.837056 0.541057 0.081207
vn -0.857393 0.508563 0.078994
vn -0.876523 0.475143 0.077119
vn -0.894437 0.440749 0.075651
vn -0.911125 0.405310 0.074664
vn -0.926563 0.368739 0.074252
vn -0.940915 0.330310 0.074664
vn -0.044059 0.989030 0.140991
vn 0.000000 0.990007 0.141018
vn -0.086079 0.986277 0.140881
vn -0.129036 0.981612 0.140666
vn -0.169900 0.975419 0.140325
vn -0.209676 0.967721 0.139830
vn -0.248486 0.958588 0.139157
vn -0.286328 0.948100 0.138283
vn -0.323337 0.936287 0.137186
vn -0.359578 0.923173 0.135847
vn -0.395116 0.908769 0.134248
vn -0.430015 0.893064 0.132377
vn -0.464336 0.876033 0.130223
vn -0.498138 0.857630 0.127784
vn -0.531475 0.837791 0.125063
vn -0.564383 0.816438 0.122071
vn -0.596715 0.793604 0.118847
vn -0.628145 0.769483 0.115454
vn -0.658264 0.744414 0.111966
vn -0.687065 0.718459 0.108438
vn -0.714611 0.691610 0.104917
vn -0.740973 0.663828 0.101449
vn -0.766096 0.635198 0.098083
vn -0.790053 0.605653 0.094867
vn -0.812791 0.575267 0.091856
vn -0.834325 0.544025 0.089101
vn -0.854663 0.511901 0.086654
vn -0.873816 0.478844 0.084579
vn -0.891774 0.444809 0.082968
vn -0.908527 0.409721 0.081899
vn -0.924053 0.373482 0.081477
vn -0.938528 0.335332 0.081965
vn -0.044646 0.986942 0.154762
vn -0.000000 0.987946 0.154796
vn -0.087125 0.984124 0.154625
vn -0.130436 0.979366 0.154366
vn -0.171525 0.973074 0.153965
vn -0.211416 0.965285 0.153390
vn -0.250237 0.956080 0.152621
vn -0.287996 0.945551 0.151632
vn -0.324838 0.933735 0.150400
vn -0.360838 0.920665 0.148905
vn -0.396074 0.906355 0.147129
vn -0.430619 0.890800 0.145059
vn -0.464550 0.873977 0.142684
vn -0.497936 0.855839 0.139999
vn -0.530849 0.836319 0.137008
vn -0.563341 0.815332 0.133722
vn -0.595285 0.792899 0.130182
vn -0.626383 0.769190 0.126454
vn -0.656226 0.744535 0.122620
vn -0.684802 0.718991 0.118737
vn -0.712166 0.692551 0.114857
vn -0.738380 0.665182 0.111029
vn -0.763387 0.636967 0.107307
vn -0.787252 0.607842 0.103743
vn -0.809923 0.577880 0.100395
vn -0.831408 0.547074 0.097320
vn -0.851722 0.515389 0.094574
vn -0.870896 0.482734 0.092240
vn -0.888897 0.449089 0.090449
vn -0.905709 0.414392 0.089275
vn -0.921320 0.378521 0.088832
vn -0.935868 0.340851 0.089290
vn -0.045339 0.984443 0.169751
vn 0.000000 0.985480 0.169794
vn -0.088362 0.981547 0.169581
vn -0.132102 0.976676 0.169271
vn -0.173472 0.970265 0.168798
vn -0.213516 0.962363 0.168132
vn -0.252375 0.953065 0.167253
vn -0.290062 0.942477 0.166133
vn -0.326737 0.930645 0.164751
vn -0.362487 0.917609 0.163084
vn -0.397400 0.903391 0.161116
vn -0.431563 0.887990 0.158829
vn -0.465067 0.871384 0.156215
vn -0.497997 0.853527 0.153267
vn -0.530435 0.834351 0.149987
vn -0.562461 0.813762 0.146389
vn -0.593966 0.791767 0.142511
vn -0.624677 0.768516 0.138427
vn -0.654198 0.744318 0.134222
vn -0.682501 0.719238 0.129959
vn -0.709637 0.693265 0.125693
vn -0.735660 0.666369 0.121476
vn -0.760509 0.638633 0.117364
vn -0.784243 0.610000 0.113418
vn -0.806807 0.580541 0.109698
vn -0.828211 0.550249 0.106262
vn -0.848463 0.519101 0.103172
vn -0.867675 0.486858 0.100548
vn -0.885739 0.453593 0.098588
vn -0.902609 0.419309 0.097349
vn -0.918292 0.383852 0.096941
vn -0.932625 0.347514 0.097187
vn -0.046178 0.981347 0.186618
vn -0.000000 0.982422 0.186672
vn -0.089869 0.978353 0.186409
vn -0.134142 0.973342 0.186040
vn -0.175870 0.966780 0.185487
vn -0.216124 0.958733 0.184721
vn -0.255057 0.949311 0.183722
vn -0.292696 0.938635 0.182463
vn -0.329209 0.926763 0.180921
vn -0.364699 0.913743 0.179076
vn -0.399269 0.899605 0.176907
vn -0.433017 0.884353 0.174399
vn -0.466050 0.867969 0.171541
vn -0.498471 0.850408 0.168325
vn -0.530382 0.831596 0.164753
vn -0.561878 0.811434 0.160837
vn -0.592880 0.789914 0.156618
vn -0.623143 0.767161 0.152173
vn -0.652282 0.743469 0.147592
vn -0.680259 0.718899 0.142941
vn -0.707114 0.693447 0.138280
vn -0.732895 0.667082 0.133667
vn -0.757536 0.639889 0.129157
vn -0.781091 0.611815 0.124818
vn -0.803501 0.582936 0.120714
vn -0.824778 0.553240 0.116906
vn -0.844925 0.522712 0.113459
vn -0.864108 0.491031 0.110478
vn -0.882164 0.458339 0.108223
vn -0.898983 0.424787 0.106706
vn -0.914611 0.390183 0.106037
vn -0.928589 0.355649 0.106000
vn -0.047210 0.977609 0.205066
vn -0.000000 0.978734 0.205133
vn -0.091724 0.974493 0.204816
vn -0.136658 0.969305 0.204381
vn -0.178835 0.962552 0.203743
vn -0.219360 0.954319 0.202873
vn -0.258401 0.944735 0.201752
vn -0.296000 0.933939 0.200355
vn -0.332341 0.922000 0.198659
vn -0.367540 0.908981 0.196644
vn -0.401718 0.894916 0.194288
vn -0.434990 0.879820 0.191575
vn -0.467480 0.863674 0.188493
vn -0.499309 0.846436 0.185034
vn -0.530599 0.828029 0.181197
vn -0.561475 0.808344 0.176993
vn -0.591885 0.787356 0.172461
vn -0.621609 0.765169 0.167685
vn -0.650283 0.742053 0.162756
vn -0.677859 0.718069 0.157744
vn -0.704363 0.693218 0.152715
vn -0.729834 0.667472 0.147728
vn -0.754201 0.640919 0.142842
vn -0.777516 0.613506 0.138128
vn -0.799710 0.585320 0.133655
vn -0.820796 0.556352 0.129484
vn -0.840780 0.526586 0.125681
vn -0.859769 0.495821 0.122305
vn -0.877643 0.464156 0.119587
vn -0.894281 0.431805 0.117503
vn -0.909744 0.398583 0.116181
vn -0.923706 0.365212 0.115703
vn -0.048344 0.973563 0.223244
vn -0.000000 0.974744 0.223324
vn -0.093750 0.970311 0.222950
vn -0.139402 0.964926 0.222452
vn -0.182063 0.957960 0.221732
vn -0.222875 0.949520 0.220767
vn -0.262026 0.939758 0.219540
vn -0.299568 0.928829 0.218028
vn -0.335708 0.916817 0.216208
vn -0.370579 0.903797 0.214060
vn -0.404315 0.889815 0.211563
vn -0.437052 0.874888 0.208700
vn -0.468932 0.859005 0.205457
vn -0.500093 0.842124 0.201825
vn -0.530682 0.824167 0.197801
vn -0.560843 0.805018 0.193393
vn -0.590569 0.784631 0.188635
vn -0.619678 0.763076 0.183615
vn -0.647807 0.740614 0.178427
vn -0.674907 0.717302 0.173141
vn -0.700987 0.693146 0.167826
vn -0.726078 0.668124 0.162547
vn -0.750103 0.642327 0.157357
vn -0.773105 0.615713 0.152337
vn -0.795015 0.588371 0.147550
vn -0.815834 0.560312 0.143060
vn -0.835571 0.531527 0.138926
vn -0.854249 0.501977 0.135196
vn -0.049465 0.969489 0.240092
vn -0.000000 0.970726 0.240188
vn -0.095752 0.966099 0.239760
vn -0.142118 0.960513 0.239202
vn -0.185262 0.953330 0.238411
vn -0.226368 0.944677 0.237367
vn -0.265639 0.934727 0.236055
vn -0.303140 0.923654 0.234455
vn -0.339098 0.911556 0.232547
vn -0.373661 0.898518 0.230309
vn -0.406980 0.884596 0.227723
vn -0.439208 0.869813 0.224771
vn -0.470500 0.854163 0.221437
vn -0.501015 0.837607 0.217711
vn -0.530915 0.820067 0.213587
vn -0.560372 0.801420 0.209070
vn -0.589408 0.781603 0.204192
vn -0.617900 0.760647 0.199036
vn -0.645481 0.738806 0.193700
vn -0.672088 0.716141 0.188255
vn -0.697731 0.692651 0.182772
vn -0.722419 0.668333 0.177319
vn -0.746075 0.643278 0.171949
vn -0.768733 0.617452 0.166741
vn -0.790315 0.590962 0.161760
vn -0.810818 0.563831 0.157063
vn -0.830245 0.536073 0.152706
vn -0.848599 0.507694 0.148749
vn -0.865895 0.478672 0.145255
vn -0.871858 0.471631 0.132017
vn -0.882118 0.449028 0.142277
vn -0.888304 0.440650 0.129398
vn -0.897300 0.418666 0.139897
vn -0.903646 0.408873 0.127462
vn -0.911306 0.387850 0.138183
vn -0.917860 0.376212 0.126482
vn -0.050883 0.965086 0.256945
vn -0.000000 0.966396 0.257057
vn -0.098320 0.961511 0.256573
vn -0.145625 0.955658 0.255951
vn -0.189451 0.948177 0.255087
vn -0.231018 0.939219 0.253964
vn -0.270550 0.928984 0.252571
vn -0.308139 0.917662 0.250891
vn -0.344029 0.905367 0.248906
vn -0.378387 0.892196 0.246597
vn -0.411386 0.878210 0.243944
vn -0.443193 0.863443 0.240929
vn -0.473985 0.847889 0.237535
vn -0.503940 0.831508 0.233751
vn -0.533244 0.814218 0.229567
vn -0.562087 0.795889 0.224986
vn -0.590529 0.776439 0.220039
vn -0.618467 0.755881 0.214807
vn -0.645554 0.734450 0.209390
vn -0.671714 0.712208 0.203862
vn -0.696948 0.689160 0.198298
vn -0.721262 0.665299 0.192764
vn -0.744554 0.640743 0.187320
vn -0.766855 0.615462 0.182043
vn -0.788078 0.589580 0.176997
vn -0.808210 0.563144 0.172236
vn -0.827241 0.536204 0.167802
vn -0.845169 0.508802 0.163736
vn -0.861996 0.480979 0.160071
vn -0.877717 0.452791 0.156822
vn -0.892332 0.424300 0.153992
vn -0.905547 0.396266 0.151522
vn -0.000000 0.962518 0.271217
vn -0.051919 0.961210 0.270887
vn -0.100713 0.957467 0.270394
vn -0.148532 0.951386 0.269820
vn -0.192914 0.943650 0.268902
vn -0.234872 0.934428 0.267732
vn -0.274620 0.923943 0.266294
vn -0.312287 0.912403 0.264571
vn -0.348119 0.899933 0.262552
vn -0.382301 0.886641 0.260220
vn -0.415023 0.872594 0.257556
vn -0.448014 0.856891 0.254993
vn -0.477726 0.841729 0.251537
vn -0.507645 0.825286 0.247384
vn -0.536399 0.808162 0.243209
vn -0.564692 0.790046 0.238644
vn -0.592632 0.770819 0.233722
vn -0.620112 0.750494 0.228515
vn -0.646796 0.729298 0.223114
vn -0.672598 0.707290 0.217607
vn -0.697500 0.684484 0.212072
vn -0.721483 0.660901 0.206575
vn -0.744466 0.636627 0.201188
vn -0.766459 0.611661 0.195991
vn -0.787368 0.586136 0.191041
vn -0.807166 0.560129 0.186386
vn -0.825828 0.533724 0.182062
vn -0.843326 0.507038 0.178084
vn -0.859628 0.480220 0.174438
vn -0.874660 0.453554 0.171050
vn -0.888285 0.427582 0.167699
vn -0.904676 0.391454 0.168302
vn -0.052083 0.959260 0.277683
vn -0.000000 0.960567 0.278049
vn -0.100434 0.955558 0.277168
vn -0.147713 0.949559 0.276621
vn -0.191826 0.941906 0.275711
vn -0.233524 0.932783 0.274557
vn -0.273024 0.922414 0.273148
vn -0.310438 0.911008 0.271465
vn -0.345982 0.898701 0.269503
vn -0.379845 0.885606 0.267247
vn -0.412209 0.871796 0.264679
vn -0.444999 0.856352 0.261987
vn -0.026512 0.979318 -0.200583
vn 0.000000 0.979597 -0.200970
vn -0.083946 0.976405 -0.198963
vn -0.054820 0.978289 -0.199863
vn -0.141391 0.970297 -0.196299
vn -0.112697 0.973753 -0.197749
vn -0.198683 0.960921 -0.192757
vn -0.170065 0.966022 -0.194629
vn -0.227269 0.954975 -0.190714
vn -0.312545 0.931973 -0.183690
vn -0.284236 0.940503 -0.186185
vn -0.255803 0.948169 -0.188523
vn -0.967412 0.252807 -0.014266
vn -0.970599 0.240345 -0.013091
vn -0.973040 0.230352 -0.011430
vn -0.974905 0.222410 -0.009714
vn -0.976095 0.217184 -0.008306
vn -0.976870 0.213719 -0.007053
vn -0.977219 0.212158 -0.005710
vn -0.977167 0.212439 -0.003848
vn -0.976745 0.214401 -0.001307
vn -0.976104 0.217297 0.001876
vn -0.975117 0.221627 0.005247
vn -0.973607 0.228051 0.009042
vn -0.506627 0.823679 0.254719
vn -0.476255 0.840294 0.259013
vn -0.562421 0.789315 0.246301
vn -0.534772 0.806952 0.250693
vn -0.616726 0.750802 0.236528
vn -0.589737 0.770621 0.241562
vn -0.643026 0.730085 0.231289
vn -0.971912 0.234987 0.012970
vn -0.970004 0.242505 0.016813
vn -0.967994 0.250191 0.019814
vn -0.965755 0.258409 0.023291
vn -0.963571 0.266028 0.027576
vn -0.961151 0.274039 0.033046
vn -0.959015 0.280709 0.038640
vn -0.956791 0.287278 0.044964
vn -0.954583 0.293389 0.051908
vn -0.952404 0.299042 0.059160
vn -0.693180 0.686191 0.220553
vn -0.668525 0.708539 0.225934
vn -0.716946 0.663078 0.215212
vn -0.739747 0.639279 0.209990
vn -0.782404 0.589714 0.200203
vn -0.761594 0.614787 0.204966
vn -0.802155 0.564116 0.195756
vn -0.854778 0.484998 0.184744
vn -0.838364 0.511666 0.187998
vn -0.883973 0.431760 0.179374
vn -0.870017 0.458239 0.181900
vn -0.896602 0.405885 0.177093
vn -0.820813 0.538076 0.191676
vn -0.950285 0.304167 0.066635
vn -0.948174 0.308989 0.074115
vn -0.945974 0.313869 0.081361
vn -0.943472 0.319424 0.088485
vn -0.940320 0.326454 0.096050
vn -0.936355 0.335175 0.104389
vn -0.931698 0.345074 0.113414
vn -0.921258 0.364741 0.135085
vn -0.915373 0.374632 0.147454
vn -0.910038 0.382670 0.159357
vn -0.926638 0.355139 0.123363
vn 0.830942 -0.555412 0.032456
vn 0.820004 -0.569347 0.058631
vn 0.844278 -0.535380 0.023735
vn 0.864129 -0.502782 0.022174
vn 0.906512 -0.422141 0.005821
vn 0.890672 -0.454389 0.015334
vn 0.872265 -0.488787 0.015534
vn 0.893342 -0.449302 0.008186
vn 0.909183 -0.416396 0.001166
vn 0.919341 -0.393460 -0.001239
vn 0.921513 -0.388345 -0.001433
vn 0.930197 -0.367043 -0.003518
vn 0.931865 -0.362804 0.001245
vn 0.938825 -0.344395 -0.000809
vn 0.939623 -0.342148 0.006610
vn 0.945845 -0.324586 0.004571
vn 0.944985 -0.326946 0.010519
vn 0.951164 -0.308557 0.008979
vn 0.949061 -0.314846 0.012462
vn 0.955268 -0.295531 0.011187
vn 0.758400 -0.647979 0.070373
vn 0.799751 -0.596346 0.069064
vn 0.811631 -0.569820 0.128684
vn 0.822386 -0.568137 0.030023
vn 0.850739 -0.525278 0.018031
vn 0.873460 -0.486784 0.010457
vn 0.891448 -0.453091 0.005382
vn 0.905452 -0.424437 0.003087
vn 0.916469 -0.400072 0.005222
vn 0.924832 -0.380246 0.009969
vn 0.930804 -0.365269 0.013495
vn 0.935336 -0.353439 0.015083
vn 0.938404 -0.345207 0.015172
vn 0.951863 -0.306258 0.012811
vn 0.940620 -0.339159 0.014359
vn 0.953916 -0.299825 0.012224
vn 0.941852 -0.335775 0.013050
vn 0.955082 -0.296130 0.011184
vn 0.942331 -0.334490 0.011356
vn 0.955553 -0.294653 0.009898
vn 0.942038 -0.335366 0.009678
vn 0.955330 -0.295412 0.008702
vn 0.941090 -0.338067 0.007789
vn 0.954514 -0.298075 0.007418
vn 0.939488 -0.342535 0.005711
vn 0.953074 -0.302681 0.005920
vn 0.937398 -0.348243 0.003413
vn 0.951157 -0.308680 0.004073
vn 0.934732 -0.355353 0.000704
vn 0.948715 -0.316128 0.001722
vn 0.931739 -0.363122 -0.002053
vn 0.945938 -0.324348 -0.000792
vn 0.928272 -0.371867 -0.005149
vn 0.942705 -0.333604 -0.003849
vn 0.924297 -0.381584 -0.008291
vn 0.939035 -0.343751 -0.006930
vn 0.920399 -0.390821 -0.011174
vn 0.935335 -0.353627 -0.009786
vn 0.916135 -0.400619 -0.014186
vn 0.931397 -0.363781 -0.012744
vn 0.907013 -0.420650 -0.019514
vn 0.922731 -0.385030 -0.017867
vn 0.927266 -0.374104 -0.014977
vn 0.911753 -0.410405 -0.016545
vn 0.901952 -0.431212 -0.023212
vn 0.917952 -0.396104 -0.021565
vn 0.896861 -0.441445 -0.027668
vn 0.913162 -0.406760 -0.026112
vn 0.892377 -0.450108 -0.032656
vn 0.908985 -0.415658 -0.031222
vn 0.888174 -0.457924 -0.038115
vn 0.904986 -0.423840 -0.036881
vn 0.884239 -0.464990 -0.043660
vn 0.901143 -0.431415 -0.042687
vn 0.880541 -0.471421 -0.049090
vn 0.897467 -0.438415 -0.048420
vn 0.877030 -0.477349 -0.054367
vn 0.893973 -0.444851 -0.054031
vn 0.873568 -0.483059 -0.059429
vn 0.890596 -0.450891 -0.059465
vn 0.870004 -0.488833 -0.064300
vn 0.887211 -0.456810 -0.064660
vn 0.866254 -0.494777 -0.069281
vn 0.883670 -0.462873 -0.069834
vn 0.862305 -0.500831 -0.074821
vn 0.879809 -0.469312 -0.075374
vn 0.858228 -0.506785 -0.081328
vn 0.875578 -0.476105 -0.081773
vn 0.854027 -0.512577 -0.088894
vn 0.871140 -0.482849 -0.089284
vn 0.849801 -0.517978 -0.097660
vn 0.866578 -0.489341 -0.097918
vn 0.845187 -0.523639 -0.107060
vn 0.861825 -0.495726 -0.107297
vn 0.840387 -0.529165 -0.117190
vn 0.856284 -0.503146 -0.116711
vn 0.836913 -0.531775 -0.129588
vn 0.856003 -0.499984 -0.131433
vn 0.737760 -0.670701 0.076617
vn 0.767934 -0.637974 0.057152
vn 0.802329 -0.595700 0.037562
vn 0.831273 -0.555319 0.024624
vn 0.854753 -0.518771 0.016566
vn 0.873543 -0.486620 0.011148
vn 0.888301 -0.459185 0.008364
vn 0.900008 -0.435765 0.009722
vn 0.908971 -0.416638 0.013631
vn 0.915414 -0.402174 0.016540
vn 0.920311 -0.390788 0.017690
vn 0.923611 -0.382933 0.017479
vn 0.925972 -0.377238 0.016372
vn 0.927259 -0.374130 0.014752
vn 0.927719 -0.373065 0.012643
vn 0.927352 -0.374044 0.010496
vn 0.926281 -0.376747 0.008050
vn 0.924523 -0.381087 0.005443
vn 0.922259 -0.386562 0.002726
vn 0.919395 -0.393335 -0.000302
vn 0.916200 -0.400708 -0.003244
vn 0.912516 -0.408990 -0.006434
vn 0.908309 -0.418188 -0.009626
vn 0.904193 -0.426938 -0.012564
vn 0.899707 -0.436214 -0.015652
vn 0.890157 -0.455163 -0.021169
vn 0.895101 -0.445495 -0.018112
vn 0.884877 -0.465154 -0.024974
vn 0.879618 -0.474767 -0.029463
vn 0.874992 -0.482915 -0.034388
vn 0.870689 -0.490231 -0.039681
vn 0.866681 -0.496830 -0.044994
vn 0.862915 -0.502855 -0.050154
vn 0.859338 -0.508425 -0.055163
vn 0.855805 -0.513808 -0.059996
vn 0.852180 -0.519233 -0.064707
vn 0.848385 -0.524784 -0.069606
vn 0.844432 -0.530368 -0.075132
vn 0.840402 -0.535773 -0.081687
vn 0.836329 -0.540895 -0.089362
vn 0.832341 -0.545476 -0.098309
vn 0.828156 -0.549991 -0.108013
vn 0.824118 -0.553851 -0.118652
vn 0.821752 -0.554436 -0.131625
vn 0.718910 -0.689677 0.086683
vn 0.747684 -0.660653 0.067126
vn 0.782085 -0.621483 0.045845
vn 0.811339 -0.583703 0.031940
vn 0.835336 -0.549247 0.023268
vn 0.854733 -0.518778 0.017366
vn 0.870100 -0.492676 0.013990
vn 0.882388 -0.470300 0.014495
vn 0.891873 -0.451948 0.017486
vn 0.898735 -0.438050 0.019689
vn 0.903960 -0.427134 0.020315
vn 0.907468 -0.419658 0.019738
vn 0.909957 -0.414299 0.018286
vn 0.911292 -0.411438 0.016323
vn 0.911733 -0.410552 0.013789
vn 0.911298 -0.411596 0.011188
vn 0.910120 -0.414263 0.008219
vn 0.908226 -0.418449 0.005125
vn 0.905812 -0.423675 0.002023
vn 0.902778 -0.430105 -0.001300
vn 0.899410 -0.437084 -0.004418
vn 0.895540 -0.444915 -0.007705
vn 0.891133 -0.453611 -0.010955
vn 0.886826 -0.461893 -0.013963
vn 0.882144 -0.470668 -0.017146
vn 0.872216 -0.488585 -0.022889
vn 0.877339 -0.479465 -0.019723
vn 0.866743 -0.498033 -0.026822
vn 0.861342 -0.507056 -0.031370
vn 0.856598 -0.514709 -0.036268
vn 0.852215 -0.521548 -0.041445
vn 0.848151 -0.527702 -0.046584
vn 0.844339 -0.533325 -0.051539
vn 0.840716 -0.538537 -0.056347
vn 0.837140 -0.543575 -0.061014
vn 0.833483 -0.548635 -0.065617
vn 0.829678 -0.553776 -0.070474
vn 0.825748 -0.558892 -0.076022
vn 0.821800 -0.563749 -0.082650
vn 0.817884 -0.568229 -0.090451
vn 0.814156 -0.572044 -0.099575
vn 0.810388 -0.575564 -0.109533
vn 0.806994 -0.578130 -0.120526
vn 0.805423 -0.577406 -0.133774
vn 0.699659 -0.707967 0.096228
vn 0.727352 -0.681934 0.076976
vn 0.761594 -0.645765 0.054427
vn 0.790953 -0.610592 0.039623
vn 0.815274 -0.578283 0.030289
vn 0.835110 -0.549567 0.023830
vn 0.850953 -0.524869 0.019807
vn 0.863717 -0.503603 0.019423
vn 0.873646 -0.486088 0.021455
vn 0.880875 -0.472796 0.022895
vn 0.886390 -0.462371 0.022932
vn 0.890081 -0.455273 0.021941
vn 0.892684 -0.450235 0.020105
vn 0.894060 -0.447595 0.017777
vn 0.894485 -0.446853 0.014816
vn 0.893992 -0.447928 0.011778
vn 0.892724 -0.450527 0.008320
vn 0.890715 -0.454538 0.004778
vn 0.888175 -0.459502 0.001321
vn 0.884999 -0.465587 -0.002277
vn 0.881485 -0.472179 -0.005564
vn 0.877458 -0.479571 -0.008950
vn 0.872879 -0.487782 -0.012271
vn 0.868408 -0.495612 -0.015364
vn 0.863556 -0.503907 -0.018659
vn 0.853297 -0.520841 -0.024662
vn 0.858575 -0.512242 -0.021370
vn 0.847656 -0.529767 -0.028741
vn 0.842139 -0.538228 -0.033367
vn 0.837296 -0.545409 -0.038270
vn 0.832853 -0.551792 -0.043374
vn 0.828754 -0.557517 -0.048387
vn 0.824914 -0.562750 -0.053192
vn 0.821265 -0.567606 -0.057855
vn 0.817669 -0.572296 -0.062407
vn 0.814003 -0.576990 -0.066947
vn 0.810210 -0.581726 -0.071799
vn 0.806335 -0.586373 -0.077396
vn 0.802496 -0.590697 -0.084121
vn 0.798762 -0.594561 -0.092063
vn 0.795307 -0.597672 -0.101367
vn 0.791934 -0.600332 -0.111545
vn 0.789113 -0.601847 -0.122804
vn 0.788157 -0.600213 -0.136204
vn 0.680072 -0.725540 0.105326
vn 0.706792 -0.702123 0.086422
vn 0.740766 -0.668800 0.063025
vn 0.770045 -0.636223 0.047445
vn 0.794507 -0.606099 0.037458
vn 0.814621 -0.579195 0.030412
vn 0.830809 -0.555963 0.025726
vn 0.843947 -0.535869 0.024447
vn 0.854244 -0.519247 0.025500
vn 0.861784 -0.506602 0.026137
vn 0.867552 -0.496691 0.025540
vn 0.871403 -0.489975 0.024096
vn 0.874105 -0.485246 0.021846
vn 0.875518 -0.482807 0.019140
vn 0.875931 -0.482179 0.015751
vn 0.875393 -0.483256 0.012292
vn 0.874050 -0.485763 0.008377
vn 0.871948 -0.489579 0.004418
vn 0.869306 -0.494274 0.000632
vn 0.866014 -0.500010 -0.003227
vn 0.862381 -0.506217 -0.006679
vn 0.858222 -0.513178 -0.010171
vn 0.853500 -0.520916 -0.013574
vn 0.848888 -0.528306 -0.016768
vn 0.843890 -0.536137 -0.020195
vn 0.833344 -0.552120 -0.026487
vn 0.838753 -0.544024 -0.023053
vn 0.827555 -0.560543 -0.030728
vn 0.821941 -0.568468 -0.035449
vn 0.817020 -0.575194 -0.040382
vn 0.812536 -0.581137 -0.045443
vn 0.808419 -0.586448 -0.050370
vn 0.804571 -0.591298 -0.055067
vn 0.800916 -0.595800 -0.059630
vn 0.797322 -0.600140 -0.064111
vn 0.793671 -0.604465 -0.068622
vn 0.789920 -0.608789 -0.073498
vn 0.786125 -0.612977 -0.079167
vn 0.782418 -0.616786 -0.086003
vn 0.778883 -0.620071 -0.094093
vn 0.775711 -0.622532 -0.103570
vn 0.772728 -0.624427 -0.113945
vn 0.770408 -0.625096 -0.125409
vn 0.769965 -0.622783 -0.138909
vn 0.660034 -0.742549 0.113909
vn 0.685937 -0.721373 0.095449
vn 0.719521 -0.690783 0.071473
vn 0.748600 -0.660717 0.055228
vn 0.773069 -0.632752 0.044613
vn 0.793332 -0.607665 0.036979
vn 0.809752 -0.585920 0.031632
vn 0.823169 -0.567031 0.029473
vn 0.833758 -0.551339 0.029553
vn 0.841556 -0.539370 0.029372
vn 0.847537 -0.529992 0.028112
vn 0.851525 -0.523660 0.026192
vn 0.854312 -0.519229 0.023510
vn 0.855758 -0.516974 0.020421
vn 0.856165 -0.516435 0.016612
vn 0.855592 -0.517494 0.012751
vn 0.854193 -0.519889 0.008407
vn 0.852019 -0.523495 0.004062
vn 0.849298 -0.527914 -0.000032
vn 0.845915 -0.533301 -0.004138
vn 0.842189 -0.539127 -0.007753
vn 0.837928 -0.545663 -0.011356
vn 0.833088 -0.552941 -0.014855
vn 0.828358 -0.559905 -0.018166
vn 0.823235 -0.567284 -0.021741
vn 0.812447 -0.582346 -0.028350
vn 0.817966 -0.574734 -0.024762
vn 0.806532 -0.590282 -0.032767
vn 0.800843 -0.597693 -0.037597
vn 0.795861 -0.603980 -0.042579
vn 0.791353 -0.609501 -0.047626
vn 0.787235 -0.614414 -0.052500
vn 0.783393 -0.618896 -0.057127
vn 0.779752 -0.623048 -0.061627
vn 0.776182 -0.627038 -0.066072
vn 0.772569 -0.630995 -0.070589
vn 0.768883 -0.634914 -0.075517
vn 0.765191 -0.638652 -0.081279
vn 0.761637 -0.641968 -0.088246
vn 0.758318 -0.644704 -0.096493
vn 0.755435 -0.646568 -0.106148
vn 0.752823 -0.647794 -0.116708
vn 0.750966 -0.647747 -0.128350
vn 0.750953 -0.644925 -0.141920
vn 0.639623 -0.758936 0.122057
vn 0.664651 -0.739879 0.104008
vn 0.697741 -0.711905 0.079674
vn 0.726502 -0.684281 0.062877
vn 0.750850 -0.658448 0.051676
vn 0.771141 -0.635179 0.043466
vn 0.787686 -0.614936 0.037478
vn 0.801290 -0.597282 0.034467
vn 0.812099 -0.582552 0.033593
vn 0.820103 -0.571287 0.032588
vn 0.826257 -0.562460 0.030648
vn 0.830357 -0.556516 0.028238
vn 0.833216 -0.552378 0.025114
vn 0.834692 -0.550292 0.021639
vn 0.835098 -0.549825 0.017419
vn 0.834501 -0.550848 0.013174
vn 0.833064 -0.553113 0.008428
vn 0.830840 -0.556500 0.003722
vn 0.828062 -0.560636 -0.000662
vn 0.824614 -0.565673 -0.005006
vn 0.820818 -0.571122 -0.008782
vn 0.816478 -0.577241 -0.012504
vn 0.811548 -0.584064 -0.016114
vn 0.806722 -0.590607 -0.019558
vn 0.801498 -0.597543 -0.023300
vn 0.790508 -0.611704 -0.030252
vn 0.796116 -0.604564 -0.026496
vn 0.784490 -0.619161 -0.034858
vn 0.778750 -0.626071 -0.039806
vn 0.773727 -0.631930 -0.044854
vn 0.769212 -0.637041 -0.049910
vn 0.765108 -0.641570 -0.054758
vn 0.761292 -0.645688 -0.059344
vn 0.757686 -0.649492 -0.063813
vn 0.754157 -0.653138 -0.068251
vn 0.750604 -0.656729 -0.072800
vn 0.747010 -0.660245 -0.077802
vn 0.743444 -0.663543 -0.083677
vn 0.740069 -0.666375 -0.090788
vn 0.736983 -0.668591 -0.099203
vn 0.734400 -0.669901 -0.109037
vn 0.732155 -0.670524 -0.119777
vn 0.730736 -0.669859 -0.131580
vn 0.731099 -0.666639 -0.145214
vn 0.618794 -0.774780 0.129655
vn 0.642922 -0.757685 0.112089
vn 0.675365 -0.732270 0.087541
vn 0.703705 -0.707006 0.070300
vn 0.727819 -0.683265 0.058562
vn 0.748025 -0.661799 0.049803
vn 0.764593 -0.643064 0.043203
vn 0.778296 -0.626661 0.039379
vn 0.789253 -0.612918 0.037579
vn 0.797408 -0.602380 0.035759
vn 0.803694 -0.594120 0.033135
vn 0.807883 -0.588568 0.030229
vn 0.810799 -0.584717 0.026662
vn 0.812302 -0.582792 0.022806
vn 0.812711 -0.582383 0.018187
vn 0.812103 -0.583356 0.013577
vn 0.810643 -0.585479 0.008453
vn 0.808390 -0.588638 0.003409
vn 0.805578 -0.592489 -0.001249
vn 0.802088 -0.597177 -0.005823
vn 0.798247 -0.602252 -0.009760
vn 0.793852 -0.607958 -0.013611
vn 0.788856 -0.614333 -0.017344
vn 0.783959 -0.620460 -0.020937
vn 0.778657 -0.626957 -0.024864
vn 0.767512 -0.640227 -0.032183
vn 0.773184 -0.633552 -0.028249
vn 0.761415 -0.647209 -0.036987
vn 0.755646 -0.653629 -0.042063
vn 0.750603 -0.659066 -0.047191
vn 0.746103 -0.663775 -0.052274
vn 0.742033 -0.667926 -0.057117
vn 0.738263 -0.671686 -0.061687
vn 0.734711 -0.675147 -0.066150
vn 0.731248 -0.678448 -0.070607
vn 0.727782 -0.681672 -0.075211
vn 0.724301 -0.684791 -0.080306
vn 0.720893 -0.687651 -0.086309
vn 0.717717 -0.690019 -0.093575
vn 0.714886 -0.691737 -0.102165
vn 0.712608 -0.692535 -0.112184
vn 0.710734 -0.692607 -0.123098
vn 0.709730 -0.691407 -0.135052
vn 0.710439 -0.687857 -0.148755
vn 0.597325 -0.790287 0.136562
vn 0.620641 -0.774921 0.119594
vn 0.652331 -0.751956 0.095012
vn 0.680156 -0.728967 0.077426
vn 0.703934 -0.707265 0.065206
vn 0.723952 -0.687579 0.055933
vn 0.740447 -0.670344 0.048757
vn 0.754163 -0.655200 0.044165
vn 0.765194 -0.642462 0.041480
vn 0.773446 -0.632669 0.038863
vn 0.779824 -0.624988 0.035561
vn 0.784074 -0.619833 0.032162
vn 0.787032 -0.616269 0.028156
vn 0.788557 -0.614496 0.023929
vn 0.788975 -0.614133 0.018927
vn 0.788366 -0.615048 0.013972
vn 0.786899 -0.617023 0.008494
vn 0.784635 -0.619950 0.003133
vn 0.781809 -0.623515 -0.001785
vn 0.778303 -0.627855 -0.006581
vn 0.774439 -0.632558 -0.010682
vn 0.770016 -0.637856 -0.014668
vn 0.764980 -0.643787 -0.018538
vn 0.760034 -0.649500 -0.022297
vn 0.754680 -0.655561 -0.026424
vn 0.743430 -0.667943 -0.034133
vn 0.749142 -0.661729 -0.030010
vn 0.737282 -0.674451 -0.039143
vn 0.731511 -0.680385 -0.044352
vn 0.726474 -0.685403 -0.049571
vn 0.722011 -0.689716 -0.054696
vn 0.717999 -0.693492 -0.059553
vn 0.714296 -0.696899 -0.064127
vn 0.710819 -0.700022 -0.068604
vn 0.707446 -0.702976 -0.073101
vn 0.704095 -0.705834 -0.077777
vn 0.700761 -0.708554 -0.082981
vn 0.697532 -0.710990 -0.089124
vn 0.694581 -0.712905 -0.096556
vn 0.692022 -0.714151 -0.105327
vn 0.690071 -0.714462 -0.115531
vn 0.688570 -0.714031 -0.126616
vn 0.687970 -0.712359 -0.138718
vn 0.689012 -0.708525 -0.152497
vn 0.575143 -0.805485 0.142840
vn 0.597673 -0.791700 0.126485
vn 0.628579 -0.771022 0.102046
vn 0.655800 -0.750224 0.084205
vn 0.679148 -0.730505 0.071557
vn 0.698880 -0.712563 0.061808
vn 0.715212 -0.696811 0.054099
vn 0.728858 -0.682924 0.048790
vn 0.739893 -0.671201 0.045265
vn 0.748185 -0.662167 0.041880
vn 0.754612 -0.655075 0.037915
vn 0.758896 -0.650322 0.034032
vn 0.761879 -0.647043 0.029598
vn 0.763419 -0.645419 0.025014
vn 0.763850 -0.645095 0.019649
vn 0.763248 -0.645946 0.014369
vn 0.761789 -0.647768 0.008560
vn 0.759534 -0.650461 0.002903
vn 0.756714 -0.653742 -0.002262
vn 0.753214 -0.657736 -0.007275
vn 0.749352 -0.662072 -0.011539
vn 0.744925 -0.666964 -0.015669
vn 0.739877 -0.672454 -0.019689
vn 0.734907 -0.677756 -0.023627
vn 0.729526 -0.683380 -0.027970
vn 0.718228 -0.694871 -0.036088
vn 0.723952 -0.689119 -0.031769
vn 0.712060 -0.700903 -0.041310
vn 0.706318 -0.706355 -0.046658
vn 0.701315 -0.710954 -0.051975
vn 0.696915 -0.714873 -0.057153
vn 0.692983 -0.718280 -0.062039
vn 0.689374 -0.721334 -0.066633
vn 0.686001 -0.724114 -0.071142
vn 0.682749 -0.726722 -0.075693
vn 0.679542 -0.729212 -0.080457
vn 0.676380 -0.731541 -0.085782
vn 0.673363 -0.733556 -0.092074
vn 0.670666 -0.735032 -0.099678
vn 0.668408 -0.735819 -0.108632
vn 0.666799 -0.735672 -0.119023
vn 0.665679 -0.734778 -0.130279
vn 0.665486 -0.732677 -0.142524
vn 0.666848 -0.728599 -0.156389
vn 0.552216 -0.820356 0.148572
vn 0.573967 -0.808037 0.132807
vn 0.604039 -0.789519 0.108613
vn 0.630576 -0.770821 0.090598
vn 0.653405 -0.753023 0.077577
vn 0.672762 -0.736783 0.067394
vn 0.688845 -0.722488 0.059196
vn 0.702342 -0.709848 0.053224
vn 0.713309 -0.699142 0.048908
vn 0.721586 -0.690874 0.044789
vn 0.728017 -0.684380 0.040184
vn 0.732309 -0.680030 0.035832
vn 0.735298 -0.677036 0.030988
vn 0.736845 -0.675559 0.026066
vn 0.737287 -0.675272 0.020358
vn 0.736702 -0.676057 0.014775
vn 0.735264 -0.677725 0.008657
vn 0.733034 -0.680187 0.002722
vn 0.730240 -0.683186 -0.002677
vn 0.726767 -0.686839 -0.007899
vn 0.722929 -0.690812 -0.012328
vn 0.718525 -0.695302 -0.016607
vn 0.713494 -0.700353 -0.020788
vn 0.708528 -0.705243 -0.024920
vn 0.703150 -0.710430 -0.029493
vn 0.691866 -0.721023 -0.038035
vn 0.697569 -0.715734 -0.033512
vn 0.685715 -0.726571 -0.043474
vn 0.680036 -0.731542 -0.048962
vn 0.675101 -0.735718 -0.054382
vn 0.670794 -0.739244 -0.059623
vn 0.666973 -0.742281 -0.064548
vn 0.663488 -0.744982 -0.069174
vn 0.660250 -0.747418 -0.073726
vn 0.657152 -0.749676 -0.078345
vn 0.654120 -0.751800 -0.083207
vn 0.651170 -0.753736 -0.088662
vn 0.648398 -0.755337 -0.095109
vn 0.645990 -0.756380 -0.102888
vn 0.644059 -0.756728 -0.112028
vn 0.642813 -0.756148 -0.122605
vn 0.642092 -0.754821 -0.134029
vn 0.642306 -0.752333 -0.146415
vn 0.643991 -0.748035 -0.160373
vn 0.528497 -0.834888 0.153798
vn 0.549461 -0.823945 0.138589
vn 0.578638 -0.807479 0.114698
vn 0.604416 -0.790793 0.096579
vn 0.626645 -0.774847 0.083239
vn 0.645545 -0.760257 0.072666
vn 0.661298 -0.747386 0.064023
vn 0.674568 -0.735975 0.057441
vn 0.685399 -0.726281 0.052389
vn 0.693607 -0.718781 0.047574
vn 0.699996 -0.712889 0.042357
vn 0.704264 -0.708944 0.037558
vn 0.707240 -0.706234 0.032324
vn 0.708785 -0.704904 0.027084
vn 0.709237 -0.704656 0.021058
vn 0.708671 -0.705376 0.015194
vn 0.707265 -0.706894 0.008791
vn 0.705074 -0.709128 0.002596
vn 0.702323 -0.711852 -0.003024
vn 0.698900 -0.715170 -0.008449
vn 0.695110 -0.718785 -0.013041
vn 0.690754 -0.722879 -0.017475
vn 0.685769 -0.727492 -0.021827
vn 0.680838 -0.731966 -0.026164
vn 0.675496 -0.736712 -0.030978
vn 0.664299 -0.746399 -0.039957
vn 0.669943 -0.741576 -0.035226
vn 0.658206 -0.751455 -0.045615
vn 0.652631 -0.755942 -0.051244
vn 0.647803 -0.759690 -0.056771
vn 0.643628 -0.762817 -0.062080
vn 0.639954 -0.765482 -0.067052
vn 0.636627 -0.767830 -0.071718
vn 0.633560 -0.769920 -0.076324
vn 0.630652 -0.771825 -0.081018
vn 0.627838 -0.773580 -0.085985
vn 0.625136 -0.775126 -0.091574
vn 0.622653 -0.776314 -0.098180
vn 0.620568 -0.776937 -0.106134
vn 0.618996 -0.776861 -0.115457
vn 0.618142 -0.775867 -0.126218
vn 0.617839 -0.774135 -0.137806
vn 0.618473 -0.771292 -0.150331
vn 0.620488 -0.766793 -0.164387
vn 0.503924 -0.849077 0.158523
vn 0.524082 -0.839433 0.143841
vn 0.552292 -0.824926 0.120291
vn 0.577244 -0.810159 0.102134
vn 0.598800 -0.795991 0.088524
vn 0.617168 -0.782995 0.077604
vn 0.632517 -0.771506 0.068562
vn 0.645487 -0.761298 0.061424
vn 0.656116 -0.752603 0.055689
vn 0.664199 -0.745867 0.050220
vn 0.670502 -0.740577 0.044423
vn 0.674714 -0.737038 0.039201
vn 0.677652 -0.734615 0.033602
vn 0.679182 -0.733433 0.028068
vn 0.679639 -0.733225 0.021749
vn 0.679095 -0.733884 0.015628
vn 0.677728 -0.735258 0.008961
vn 0.675590 -0.737273 0.002527
vn 0.672897 -0.739728 -0.003303
vn 0.669544 -0.742719 -0.008922
vn 0.665826 -0.745982 -0.013676
vn 0.661545 -0.749683 -0.018268
vn 0.656638 -0.753861 -0.022797
vn 0.651774 -0.757920 -0.027348
vn 0.646505 -0.762221 -0.032412
vn 0.635476 -0.770987 -0.041835
vn 0.641021 -0.766636 -0.036895
vn 0.629491 -0.775541 -0.047713
vn 0.624067 -0.779539 -0.053481
vn 0.619393 -0.782852 -0.059116
vn 0.615392 -0.785578 -0.064496
vn 0.611906 -0.787869 -0.069519
vn 0.608779 -0.789859 -0.074232
vn 0.605928 -0.791598 -0.078895
vn 0.603253 -0.793149 -0.083670
vn 0.600700 -0.794534 -0.088745
vn 0.598295 -0.795687 -0.094470
vn 0.596144 -0.796470 -0.101233
vn 0.594424 -0.796681 -0.109360
vn 0.593251 -0.796194 -0.118863
vn 0.592820 -0.794806 -0.129801
vn 0.592959 -0.792694 -0.141548
vn 0.594035 -0.789520 -0.154209
vn 0.596144 -0.784996 -0.168504
vn 0.478425 -0.862919 0.162728
vn 0.497749 -0.854503 0.148562
vn 0.524915 -0.841868 0.125393
vn 0.548981 -0.828925 0.107254
vn 0.569800 -0.816456 0.093423
vn 0.587566 -0.804991 0.082197
vn 0.602441 -0.794836 0.072799
vn 0.615045 -0.785796 0.065157
vn 0.625408 -0.778080 0.058792
vn 0.633311 -0.772100 0.052713
vn 0.639481 -0.767407 0.046372
vn 0.643605 -0.764273 0.040754
vn 0.646481 -0.762135 0.034818
vn 0.647981 -0.761104 0.029014
vn 0.648434 -0.760940 0.022430
vn 0.647912 -0.761546 0.016073
vn 0.646588 -0.762785 0.009167
vn 0.644511 -0.764591 0.002512
vn 0.641892 -0.766787 -0.003512
vn 0.638626 -0.769461 -0.009317
vn 0.635002 -0.772379 -0.014228
vn 0.630826 -0.775693 -0.018979
vn 0.626031 -0.779438 -0.023689
vn 0.621268 -0.783081 -0.028460
vn 0.616112 -0.786934 -0.033780
vn 0.605344 -0.794766 -0.043650
vn 0.610743 -0.790892 -0.038499
vn 0.599527 -0.798808 -0.049745
vn 0.594308 -0.802310 -0.055649
vn 0.589839 -0.805184 -0.061390
vn 0.586064 -0.807503 -0.066841
vn 0.582816 -0.809416 -0.071917
vn 0.579939 -0.811043 -0.076677
vn 0.577351 -0.812428 -0.081402
vn 0.574960 -0.813622 -0.086258
vn 0.572722 -0.814634 -0.091441
vn 0.570664 -0.815399 -0.097299
vn 0.568895 -0.815781 -0.104214
vn 0.567591 -0.815587 -0.112509
vn 0.566861 -0.814702 -0.122184
vn 0.566889 -0.812939 -0.133293
vn 0.567505 -0.810468 -0.145191
vn 0.569049 -0.806985 -0.157982
vn 0.571464 -0.802225 -0.172812
vn 0.451769 -0.876476 0.166414
vn 0.470129 -0.869284 0.152721
vn 0.495992 -0.858530 0.130069
vn 0.519094 -0.847346 0.112008
vn 0.539097 -0.836522 0.098003
vn 0.556184 -0.826544 0.086510
vn 0.570511 -0.817692 0.076794
vn 0.582677 -0.809796 0.068690
vn 0.592707 -0.803048 0.061738
vn 0.600375 -0.797820 0.055083
vn 0.606363 -0.793724 0.048225
vn 0.610362 -0.790996 0.042233
vn 0.613149 -0.789147 0.035983
vn 0.614600 -0.788271 0.029932
vn 0.615037 -0.788159 0.023104
vn 0.614531 -0.788719 0.016534
vn 0.613252 -0.789831 0.009408
vn 0.611246 -0.791436 0.002548
vn 0.608711 -0.793384 -0.003658
vn 0.605554 -0.795746 -0.009639
vn 0.602047 -0.798326 -0.014705
vn 0.598004 -0.801253 -0.019613
vn 0.593359 -0.804565 -0.024510
vn 0.588736 -0.807787 -0.029506
vn 0.583740 -0.811182 -0.035087
vn 0.573342 -0.818057 -0.045408
vn 0.578539 -0.814671 -0.040047
vn 0.567757 -0.821570 -0.051717
vn 0.562808 -0.824568 -0.057752
vn 0.558612 -0.826987 -0.063596
vn 0.555126 -0.828890 -0.069115
vn 0.552176 -0.830415 -0.074243
vn 0.549609 -0.831673 -0.079050
vn 0.547344 -0.832699 -0.083833
vn 0.545301 -0.833527 -0.088768
vn 0.543440 -0.834162 -0.094054
vn 0.541793 -0.834538 -0.100039
vn 0.540468 -0.834521 -0.107098
vn 0.539638 -0.833930 -0.115547
vn 0.539404 -0.832660 -0.125383
vn 0.539941 -0.830537 -0.136648
vn 0.541077 -0.827724 -0.148688
vn 0.543120 -0.823959 -0.161594
vn 0.547778 -0.817833 -0.176320
vn 0.424570 -0.889346 0.169718
vn 0.442072 -0.883200 0.156619
vn 0.466994 -0.873992 0.134369
vn 0.489150 -0.864403 0.116361
vn 0.508342 -0.855072 0.102183
vn 0.524740 -0.846445 0.090439
vn 0.538500 -0.838778 0.080429
vn 0.550198 -0.831932 0.071907
vn 0.559862 -0.826078 0.064423
vn 0.567259 -0.821548 0.057243
vn 0.573038 -0.818008 0.049911
vn 0.576892 -0.815657 0.043578
vn 0.579571 -0.814080 0.037042
vn 0.580961 -0.813349 0.030770
vn 0.581375 -0.813290 0.023726
vn 0.580881 -0.813812 0.016966
vn 0.579645 -0.814812 0.009646
vn 0.577708 -0.816239 0.002605
vn 0.575263 -0.817960 -0.003765
vn 0.572219 -0.820041 -0.009907
vn 0.568840 -0.822309 -0.015114
vn 0.564945 -0.824882 -0.020171
vn 0.560471 -0.827789 -0.025243
vn 0.556019 -0.830611 -0.030456
vn 0.551214 -0.833574 -0.036284
vn 0.541271 -0.839532 -0.047024
vn 0.546222 -0.836613 -0.041469
vn 0.535970 -0.842538 -0.053528
vn 0.531341 -0.845054 -0.059681
vn 0.527464 -0.847040 -0.065615
vn 0.524306 -0.848548 -0.071196
vn 0.521695 -0.849707 -0.076370
vn 0.519476 -0.850616 -0.081222
vn 0.517572 -0.851301 -0.086061
vn 0.515913 -0.851786 -0.091072
vn 0.514465 -0.852069 -0.096459
vn 0.513264 -0.852080 -0.102569
vn 0.512417 -0.851692 -0.109771
vn 0.512090 -0.850735 -0.118379
vn 0.512381 -0.849109 -0.128377
vn 0.513452 -0.846653 -0.139808
vn 0.515123 -0.843534 -0.151984
vn 0.517689 -0.839503 -0.165025
vn 0.521192 -0.834363 -0.179435
vn 0.396617 -0.901553 0.172907
vn 0.413114 -0.896478 0.160203
vn 0.457899 -0.880801 0.120492
vn 0.436828 -0.888836 0.138388
vn 0.476157 -0.872926 0.106180
vn 0.491766 -0.865616 0.094206
vn 0.504874 -0.859103 0.083925
vn 0.516036 -0.853276 0.075010
vn 0.525274 -0.848290 0.067019
vn 0.532356 -0.844439 0.059330
vn 0.537889 -0.841439 0.051537
vn 0.541573 -0.839456 0.044871
vn 0.544128 -0.838139 0.038059
vn 0.545448 -0.837550 0.031575
vn 0.545833 -0.837541 0.024325
vn 0.545352 -0.838027 0.017387
vn 0.544160 -0.838923 0.009884
vn 0.542297 -0.840182 0.002671
vn 0.539949 -0.841689 -0.003854
vn 0.537028 -0.843503 -0.010151
vn 0.533789 -0.845476 -0.015496
vn 0.530058 -0.847709 -0.020700
vn 0.525778 -0.850226 -0.025947
vn 0.521522 -0.852661 -0.031373
vn 0.516940 -0.855202 -0.037446
vn 0.507532 -0.860262 -0.048586
vn 0.512195 -0.857799 -0.042849
vn 0.502569 -0.862769 -0.055269
vn 0.498309 -0.864814 -0.061519
vn 0.494801 -0.866379 -0.067528
vn 0.492018 -0.867506 -0.073155
vn 0.489784 -0.868315 -0.078366
vn 0.487954 -0.868890 -0.083251
vn 0.486451 -0.869251 -0.088135
vn 0.485214 -0.869413 -0.093208
vn 0.484214 -0.869367 -0.098679
vn 0.483491 -0.869042 -0.104891
vn 0.483150 -0.868318 -0.112208
vn 0.483347 -0.867035 -0.120940
vn 0.484174 -0.865100 -0.131066
vn 0.485780 -0.862367 -0.142620
vn 0.487992 -0.858991 -0.154914
vn 0.491066 -0.854760 -0.168044
vn 0.495186 -0.849382 -0.182594
vn 0.369024 -0.912622 0.175903
vn 0.384642 -0.908463 0.163542
vn 0.407155 -0.902231 0.142142
vn 0.427154 -0.895593 0.124312
vn 0.444483 -0.889027 0.109848
vn 0.459300 -0.882898 0.097648
vn 0.471749 -0.877419 0.087110
vn 0.482360 -0.872508 0.077834
vn 0.491156 -0.868304 0.069382
vn 0.497907 -0.865066 0.061228
vn 0.503180 -0.862554 0.053012
vn 0.506687 -0.860900 0.046039
vn 0.509113 -0.859817 0.038973
vn 0.510360 -0.859355 0.032294
vn 0.510715 -0.859391 0.024858
vn 0.510244 -0.859846 0.017759
vn 0.509095 -0.860651 0.010092
vn 0.507307 -0.861761 0.002725
vn 0.505054 -0.863079 -0.003940
vn 0.502257 -0.864656 -0.010376
vn 0.499159 -0.866365 -0.015846
vn 0.495598 -0.868294 -0.021184
vn 0.491520 -0.870461 -0.026589
vn 0.487469 -0.872546 -0.032210
vn 0.483126 -0.874704 -0.038501
vn 0.474286 -0.878951 -0.049991
vn 0.478647 -0.876900 -0.044098
vn 0.469681 -0.881006 -0.056823
vn 0.465800 -0.882634 -0.063150
vn 0.462670 -0.883824 -0.069216
vn 0.460266 -0.884617 -0.074879
vn 0.458413 -0.885121 -0.080117
vn 0.456969 -0.885409 -0.085029
vn 0.455863 -0.885493 -0.089951
vn 0.455039 -0.885381 -0.095081
vn 0.454475 -0.885057 -0.100629
vn 0.454215 -0.884451 -0.106939
vn 0.454358 -0.883447 -0.114368
vn 0.455054 -0.881897 -0.123224
vn 0.456388 -0.879713 -0.133478
vn 0.458497 -0.876760 -0.145162
vn 0.461208 -0.873189 -0.157570
vn 0.464756 -0.868808 -0.170807
vn 0.469146 -0.863441 -0.185398
vn 0.340890 -0.922950 0.178766
vn 0.355381 -0.919733 0.166720
vn 0.376449 -0.914904 0.145729
vn 0.395279 -0.909603 0.127970
vn 0.411595 -0.904289 0.113363
vn 0.425547 -0.899289 0.100943
vn 0.437275 -0.894797 0.090159
vn 0.447281 -0.890760 0.080541
vn 0.455588 -0.887302 0.071649
vn 0.461972 -0.884651 0.063050
vn 0.466957 -0.882604 0.054423
vn 0.470266 -0.881264 0.047152
vn 0.472550 -0.880403 0.039840
vn 0.473718 -0.880059 0.032974
vn 0.474040 -0.880138 0.025359
vn 0.473581 -0.880564 0.018106
vn 0.472478 -0.881283 0.010283
vn 0.470768 -0.882253 0.002770
vn 0.468619 -0.883391 -0.004029
vn 0.465954 -0.884745 -0.010598
vn 0.463009 -0.886206 -0.016188
vn 0.459631 -0.887846 -0.021652
vn 0.455773 -0.889680 -0.027209
vn 0.451950 -0.891432 -0.033014
vn 0.447871 -0.893225 -0.039510
vn 0.439660 -0.896697 -0.051315
vn 0.443688 -0.895036 -0.045283
vn 0.435446 -0.898327 -0.058273
vn 0.431974 -0.899565 -0.064657
vn 0.429247 -0.900411 -0.070764
vn 0.427240 -0.900900 -0.076449
vn 0.425779 -0.901131 -0.081702
vn 0.424731 -0.901165 -0.086632
vn 0.424027 -0.901007 -0.091584
vn 0.423619 -0.900658 -0.096760
vn 0.423493 -0.900096 -0.102374
vn 0.423691 -0.899253 -0.108768
vn 0.424306 -0.898020 -0.116294
vn 0.425484 -0.896256 -0.125257
vn 0.427299 -0.893880 -0.135623
vn 0.429880 -0.890769 -0.147422
vn 0.433052 -0.887066 -0.159937
vn 0.437032 -0.882599 -0.173268
vn 0.441840 -0.877194 -0.187903
vn 0.312880 -0.932295 0.181475
vn 0.326332 -0.929881 0.169790
vn 0.346206 -0.926239 0.149070
vn 0.363860 -0.922146 0.131348
vn 0.379155 -0.917959 0.116588
vn 0.392232 -0.913974 0.103953
vn 0.403225 -0.910369 0.092937
vn 0.412612 -0.907117 0.083005
vn 0.420413 -0.904334 0.073714
vn 0.426412 -0.902212 0.064707
vn 0.431098 -0.900584 0.055703
vn 0.434203 -0.899527 0.048157
vn 0.436341 -0.898864 0.040618
vn 0.437428 -0.898626 0.033579
vn 0.437717 -0.898743 0.025800
vn 0.437271 -0.899141 0.018406
vn 0.436215 -0.899782 0.010440
vn 0.434585 -0.900627 0.002794
vn 0.432542 -0.901604 -0.004126
vn 0.430011 -0.902759 -0.010814
vn 0.427222 -0.903996 -0.016511
vn 0.424033 -0.905378 -0.022089
vn 0.420403 -0.906912 -0.027779
vn 0.416819 -0.908363 -0.033748
vn 0.413015 -0.909827 -0.040420
vn 0.405454 -0.912607 -0.052487
vn 0.409141 -0.911294 -0.046343
vn 0.401642 -0.913859 -0.059544
vn 0.398576 -0.914760 -0.065965
vn 0.396246 -0.915309 -0.072097
vn 0.394623 -0.915544 -0.077793
vn 0.393538 -0.915549 -0.083053
vn 0.392865 -0.915377 -0.087995
vn 0.392539 -0.915025 -0.092969
vn 0.392518 -0.914489 -0.098185
vn 0.392793 -0.913743 -0.103857
vn 0.393408 -0.912720 -0.110328
vn 0.394452 -0.911316 -0.117946
vn 0.396060 -0.909398 -0.127013
vn 0.398301 -0.906892 -0.137490
vn 0.401292 -0.903683 -0.149406
vn 0.404861 -0.899909 -0.162024
vn 0.409209 -0.895411 -0.175463
vn 0.414218 -0.890082 -0.190202
vn 0.315055 -0.936792 0.152186
vn 0.296672 -0.939246 0.172634
vn 0.331424 -0.933843 0.134516
vn 0.345603 -0.930725 0.119623
vn 0.357727 -0.927700 0.106790
vn 0.367922 -0.924934 0.095558
vn 0.376634 -0.922424 0.085335
vn 0.383882 -0.920276 0.075668
vn 0.389462 -0.918655 0.066276
vn 0.393819 -0.917424 0.056913
vn 0.396702 -0.916633 0.049104
vn 0.398682 -0.916157 0.041348
vn 0.399682 -0.916018 0.034144
vn 0.399936 -0.916168 0.026208
vn 0.399505 -0.916541 0.018679
vn 0.398501 -0.917107 0.010578
vn 0.396958 -0.917832 0.002805
vn 0.395030 -0.918658 -0.004229
vn 0.392647 -0.919623 -0.011031
vn 0.390028 -0.920649 -0.016829
vn 0.387043 -0.921787 -0.022511
vn 0.383662 -0.923039 -0.028324
vn 0.380337 -0.924207 -0.034440
vn 0.376830 -0.925363 -0.041271
vn 0.369961 -0.927502 -0.053562
vn 0.373288 -0.926508 -0.047326
vn 0.366570 -0.928409 -0.060694
vn 0.363923 -0.929006 -0.067132
vn 0.361994 -0.929296 -0.073272
vn 0.360752 -0.929313 -0.078964
vn 0.360031 -0.929131 -0.084221
vn 0.359717 -0.928791 -0.089164
vn 0.359748 -0.928287 -0.094151
vn 0.360090 -0.927608 -0.099393
vn 0.360738 -0.926726 -0.105108
vn 0.361734 -0.925573 -0.111636
vn 0.363163 -0.924053 -0.119323
vn 0.365149 -0.922042 -0.128470
vn 0.367756 -0.919470 -0.139034
vn 0.371088 -0.916232 -0.151040
vn 0.374982 -0.912455 -0.163753
vn 0.379615 -0.908001 -0.177274
vn 0.385022 -0.902683 -0.192149
vn 0.412245 -0.889272 -0.198113
vn 0.383354 -0.901682 -0.200022
vn 0.284415 -0.946081 0.155045
vn 0.267455 -0.947508 0.175205
vn 0.299492 -0.944154 0.137397
vn 0.312546 -0.941988 0.122365
vn 0.323707 -0.939818 0.109342
vn 0.333092 -0.937797 0.097909
vn 0.341117 -0.935947 0.087422
vn 0.347800 -0.934367 0.077421
vn 0.352946 -0.933192 0.067682
vn 0.356965 -0.932316 0.057995
vn 0.359621 -0.931761 0.049948
vn 0.361438 -0.931450 0.041993
vn 0.362349 -0.931399 0.034638
vn 0.362569 -0.931579 0.026559
vn 0.362154 -0.931926 0.018909
vn 0.361205 -0.932425 0.010684
vn 0.359755 -0.933043 0.002796
vn 0.357946 -0.933732 -0.004342
vn 0.355716 -0.934526 -0.011244
vn 0.353275 -0.935363 -0.017129
vn 0.350503 -0.936282 -0.022901
vn 0.347378 -0.937282 -0.028819
vn 0.344319 -0.938198 -0.035060
vn 0.341116 -0.939082 -0.042021
vn 0.334942 -0.940662 -0.054484
vn 0.337911 -0.939944 -0.048180
vn 0.331964 -0.941274 -0.061668
vn 0.329715 -0.941621 -0.068108
vn 0.328161 -0.941700 -0.074243
vn 0.327265 -0.941546 -0.079924
vn 0.326873 -0.941222 -0.085172
vn 0.326876 -0.940762 -0.090111
vn 0.327217 -0.940151 -0.095105
vn 0.327870 -0.939376 -0.100368
vn 0.328832 -0.938407 -0.106120
vn 0.330146 -0.937178 -0.112700
vn 0.331890 -0.935596 -0.120453
vn 0.334180 -0.933546 -0.129676
vn 0.337069 -0.930963 -0.140327
vn 0.340654 -0.927750 -0.152428
vn 0.344781 -0.924026 -0.165233
vn 0.349607 -0.919667 -0.178851
vn 0.355026 -0.914554 -0.193773
vn 0.353539 -0.913432 -0.201621
vn 0.253222 -0.954468 0.157698
vn 0.237782 -0.954936 0.177644
vn 0.266929 -0.953483 0.140065
vn 0.278793 -0.952195 0.124899
vn 0.288934 -0.950811 0.111697
vn 0.297462 -0.949474 0.100077
vn 0.304756 -0.948230 0.089347
vn 0.310835 -0.947172 0.079038
vn 0.315519 -0.946409 0.068980
vn 0.319176 -0.945858 0.058991
vn 0.321588 -0.945520 0.050721
vn 0.323234 -0.945361 0.042581
vn 0.324052 -0.945388 0.035085
vn 0.324236 -0.945594 0.026872
vn 0.323841 -0.945919 0.019106
vn 0.322954 -0.946354 0.010765
vn 0.321604 -0.946870 0.002769
vn 0.319927 -0.947432 -0.004464
vn 0.317866 -0.948067 -0.011459
vn 0.315616 -0.948727 -0.017423
vn 0.313074 -0.949443 -0.023274
vn 0.310223 -0.950213 -0.029282
vn 0.307448 -0.950898 -0.035629
vn 0.304566 -0.951534 -0.042699
vn 0.299108 -0.952616 -0.055296
vn 0.301712 -0.952142 -0.048943
vn 0.296545 -0.952971 -0.062510
vn 0.294684 -0.953105 -0.068939
vn 0.293488 -0.953012 -0.075058
vn 0.292914 -0.952726 -0.080719
vn 0.292816 -0.952298 -0.085950
vn 0.293096 -0.951754 -0.090879
vn 0.293705 -0.951076 -0.095874
vn 0.294618 -0.950247 -0.101150
vn 0.295838 -0.949234 -0.106929
vn 0.297406 -0.947975 -0.113551
vn 0.299396 -0.946380 -0.121357
vn 0.301910 -0.944342 -0.130647
vn 0.304996 -0.941802 -0.141375
vn 0.308742 -0.938668 -0.153561
vn 0.313003 -0.935052 -0.166454
vn 0.317919 -0.930843 -0.180164
vn 0.323377 -0.925922 -0.195181
vn 0.322140 -0.924669 -0.203010
vn 0.221878 -0.961840 0.160109
vn 0.208025 -0.961440 0.179886
vn 0.234157 -0.961702 0.142478
vn 0.244779 -0.961201 0.127186
vn 0.253857 -0.960522 0.113817
vn 0.261490 -0.959799 0.102027
vn 0.268021 -0.959098 0.091078
vn 0.273467 -0.958508 0.080492
vn 0.277663 -0.958114 0.070147
vn 0.280938 -0.957856 0.059885
vn 0.283094 -0.957713 0.051412
vn 0.284560 -0.957689 0.043103
vn 0.285282 -0.957787 0.035477
vn 0.285432 -0.958015 0.027141
vn 0.285059 -0.958316 0.019270
vn 0.284239 -0.958692 0.010821
vn 0.283001 -0.959116 0.002727
vn 0.281469 -0.959559 -0.004593
vn 0.279589 -0.960049 -0.011670
vn 0.277547 -0.960549 -0.017703
vn 0.275250 -0.961082 -0.023622
vn 0.272690 -0.961643 -0.029705
vn 0.270213 -0.962122 -0.036139
vn 0.267663 -0.962539 -0.043295
vn 0.262926 -0.963190 -0.055987
vn 0.265167 -0.962926 -0.049603
vn 0.260769 -0.963330 -0.063213
vn 0.259275 -0.963291 -0.069618
vn 0.258404 -0.963066 -0.075712
vn 0.258110 -0.962685 -0.081347
vn 0.258259 -0.962190 -0.086557
vn 0.258765 -0.961599 -0.091472
vn 0.259582 -0.960891 -0.096463
vn 0.260692 -0.960046 -0.101746
vn 0.262101 -0.959029 -0.107544
vn 0.263846 -0.957781 -0.114198
vn 0.265994 -0.956217 -0.122049
vn 0.268637 -0.954237 -0.131396
vn 0.271820 -0.951786 -0.142192
vn 0.275616 -0.948778 -0.154456
vn 0.279895 -0.945317 -0.167433
vn 0.284781 -0.941304 -0.181235
vn 0.290154 -0.936621 -0.196348
vn 0.289137 -0.935261 -0.204172
vn 0.190388 -0.968205 0.162268
vn 0.178200 -0.967032 0.181918
vn 0.201179 -0.968819 0.144629
vn 0.210507 -0.969015 0.129218
vn 0.218477 -0.968959 0.115698
vn 0.225177 -0.968778 0.103753
vn 0.230910 -0.968558 0.092610
vn 0.235691 -0.968381 0.081780
vn 0.239376 -0.968314 0.071179
vn 0.242249 -0.968315 0.060674
vn 0.244136 -0.968345 0.052020
vn 0.245414 -0.968439 0.043557
vn 0.246036 -0.968599 0.035815
vn 0.246150 -0.968845 0.027367
vn 0.245804 -0.969125 0.019400
vn 0.245061 -0.969447 0.010855
vn 0.243946 -0.969785 0.002672
vn 0.242571 -0.970122 -0.004725
vn 0.240891 -0.970480 -0.011874
vn 0.239074 -0.970835 -0.017966
vn 0.237040 -0.971205 -0.023942
vn 0.234787 -0.971581 -0.030084
vn 0.232623 -0.971879 -0.036587
vn 0.230415 -0.972106 -0.043808
vn 0.226399 -0.972391 -0.056561
vn 0.228281 -0.972302 -0.050161
vn 0.224632 -0.972354 -0.063785
vn 0.223477 -0.972181 -0.070158
vn 0.222892 -0.971859 -0.076221
vn 0.222831 -0.971417 -0.081826
vn 0.223174 -0.970888 -0.087011
vn 0.223844 -0.970282 -0.091909
vn 0.224802 -0.969575 -0.096891
vn 0.226036 -0.968746 -0.102175
vn 0.227553 -0.967760 -0.107986
vn 0.229386 -0.966558 -0.114665
vn 0.231596 -0.965062 -0.122553
vn 0.234263 -0.963177 -0.131948
vn 0.237427 -0.960852 -0.142804
vn 0.241151 -0.958007 -0.155140
vn 0.245319 -0.954740 -0.168196
vn 0.250036 -0.950961 -0.182086
vn 0.255186 -0.946549 -0.197296
vn 0.254363 -0.945105 -0.205125
vn 0.158758 -0.973574 0.164164
vn 0.148309 -0.971726 0.183719
vn 0.167997 -0.974840 0.146508
vn 0.175977 -0.975641 0.130988
vn 0.182791 -0.976125 0.117332
vn 0.188519 -0.976413 0.105252
vn 0.193419 -0.976609 0.093939
vn 0.197505 -0.976791 0.082896
vn 0.200652 -0.977008 0.072073
vn 0.203102 -0.977233 0.061356
vn 0.204707 -0.977412 0.052542
vn 0.205788 -0.977609 0.043945
vn 0.206306 -0.977821 0.036099
vn 0.206386 -0.978083 0.027552
vn 0.206072 -0.978343 0.019500
vn 0.205413 -0.978615 0.010869
vn 0.204434 -0.978877 0.002608
vn 0.203233 -0.979118 -0.004857
vn 0.201771 -0.979358 -0.012067
vn 0.200199 -0.979586 -0.018208
vn 0.198448 -0.979812 -0.024228
vn 0.196521 -0.980028 -0.030417
vn 0.194684 -0.980169 -0.036971
vn 0.192827 -0.980235 -0.044238
vn 0.189527 -0.980218 -0.057024
vn 0.191058 -0.980273 -0.050621
vn 0.188131 -0.980041 -0.064235
vn 0.187279 -0.979769 -0.070571
vn 0.186936 -0.979381 -0.076600
vn 0.187053 -0.978907 -0.082172
vn 0.187527 -0.978370 -0.087331
vn 0.188293 -0.977775 -0.092210
vn 0.189318 -0.977095 -0.097181
vn 0.190594 -0.976307 -0.102463
vn 0.192128 -0.975378 -0.108281
vn 0.193952 -0.974250 -0.114978
vn 0.196115 -0.972849 -0.122894
vn 0.198689 -0.971088 -0.132330
vn 0.201707 -0.968916 -0.143237
vn 0.205223 -0.966261 -0.155638
vn 0.209135 -0.963213 -0.168768
vn 0.213533 -0.959692 -0.182742
vn 0.218305 -0.955573 -0.198047
vn 0.217651 -0.954064 -0.205889
vn 0.126989 -0.977952 0.165784
vn 0.118356 -0.975534 0.185272
vn 0.134612 -0.979768 0.148104
vn 0.141187 -0.981078 0.132486
vn 0.146799 -0.982017 0.118711
vn 0.151513 -0.982700 0.106514
vn 0.155544 -0.983245 0.095057
vn 0.158902 -0.983729 0.083835
vn 0.161484 -0.984185 0.072824
vn 0.163491 -0.984599 0.061926
vn 0.164800 -0.984903 0.052976
vn 0.165674 -0.985187 0.044263
vn 0.166084 -0.985442 0.036328
vn 0.166131 -0.985715 0.027696
vn 0.165853 -0.985956 0.019571
vn 0.165290 -0.986185 0.010867
vn 0.164461 -0.986380 0.002539
vn 0.163453 -0.986539 -0.004982
vn 0.162231 -0.986677 -0.012243
vn 0.160923 -0.986795 -0.018423
vn 0.159476 -0.986898 -0.024478
vn 0.157895 -0.986979 -0.030700
vn 0.156400 -0.986990 -0.037289
vn 0.154904 -0.986923 -0.044587
vn 0.152308 -0.986666 -0.057384
vn 0.153499 -0.986833 -0.050986
vn 0.151258 -0.986383 -0.064573
vn 0.150671 -0.986040 -0.070872
vn 0.150518 -0.985615 -0.076865
vn 0.150754 -0.985131 -0.082405
vn 0.151290 -0.984606 -0.087538
vn 0.152077 -0.984040 -0.092398
vn 0.153087 -0.983405 -0.097357
vn 0.154313 -0.982677 -0.102634
vn 0.155766 -0.981822 -0.108455
vn 0.157472 -0.980785 -0.115163
vn 0.159472 -0.979497 -0.123102
vn 0.161826 -0.977874 -0.132571
vn 0.164559 -0.975870 -0.143522
vn 0.167714 -0.973418 -0.155979
vn 0.171211 -0.970601 -0.169175
vn 0.175121 -0.967347 -0.183227
vn 0.179343 -0.963528 -0.198621
vn 0.178836 -0.961968 -0.206482
vn 0.095085 -0.981342 0.167114
vn 0.088344 -0.978464 0.186559
vn 0.101023 -0.983602 0.149403
vn 0.106136 -0.985322 0.133701
vn 0.110496 -0.986627 0.119827
vn 0.114155 -0.987626 0.107533
vn 0.117279 -0.988452 0.095957
vn 0.119877 -0.989179 0.084589
vn 0.121869 -0.989827 0.073425
vn 0.123410 -0.990393 0.062379
vn 0.124408 -0.990798 0.053318
vn 0.125067 -0.991150 0.044510
vn 0.125364 -0.991439 0.036502
vn 0.125378 -0.991719 0.027800
vn 0.125143 -0.991945 0.019616
vn 0.124686 -0.992137 0.010853
vn 0.124025 -0.992276 0.002471
vn 0.123228 -0.992365 -0.005094
vn 0.122269 -0.992420 -0.012395
vn 0.121249 -0.992448 -0.018604
vn 0.120129 -0.992451 -0.024683
vn 0.118914 -0.992423 -0.030927
vn 0.117775 -0.992331 -0.037540
vn 0.116647 -0.992160 -0.044854
vn 0.114741 -0.991721 -0.057647
vn 0.115605 -0.991972 -0.051260
vn 0.114008 -0.991363 -0.064812
vn 0.113644 -0.990976 -0.071076
vn 0.113625 -0.990533 -0.077036
vn 0.113912 -0.990056 -0.082547
vn 0.114436 -0.989556 -0.087657
vn 0.115161 -0.989031 -0.092498
vn 0.116065 -0.988450 -0.097445
vn 0.117145 -0.987789 -0.102715
vn 0.118409 -0.987015 -0.108537
vn 0.119879 -0.986076 -0.115252
vn 0.121589 -0.984904 -0.123207
vn 0.123582 -0.983422 -0.132701
vn 0.125877 -0.981585 -0.143689
vn 0.128511 -0.979331 -0.156192
vn 0.131419 -0.976738 -0.169446
vn 0.134658 -0.973741 -0.183566
vn 0.138138 -0.970207 -0.199041
vn 0.137762 -0.968610 -0.206922
vn 0.063046 -0.983746 0.168135
vn 0.058275 -0.980523 0.187561
vn 0.067230 -0.986338 0.150393
vn 0.070822 -0.988363 0.134620
vn 0.073880 -0.989940 0.120668
vn 0.076441 -0.991175 0.108298
vn 0.078622 -0.992210 0.096630
vn 0.080427 -0.993117 0.085150
vn 0.081802 -0.993907 0.073869
vn 0.082856 -0.994587 0.062711
vn 0.083529 -0.995065 0.053564
vn 0.083961 -0.995467 0.044683
vn 0.084142 -0.995781 0.036619
vn 0.084124 -0.996066 0.027865
vn 0.083937 -0.996278 0.019636
vn 0.083597 -0.996441 0.010830
vn 0.083122 -0.996537 0.002410
vn 0.082558 -0.996573 -0.005188
vn 0.081886 -0.996563 -0.012515
vn 0.081179 -0.996523 -0.018744
vn 0.080408 -0.996453 -0.024838
vn 0.079581 -0.996343 -0.031095
vn 0.078813 -0.996176 -0.037720
vn 0.078062 -0.995931 -0.045042
vn 0.076827 -0.995366 -0.057821
vn 0.077380 -0.995674 -0.051447
vn 0.076379 -0.994960 -0.064965
vn 0.076190 -0.994548 -0.071199
vn 0.076244 -0.994101 -0.077132
vn 0.076511 -0.993640 -0.082619
vn 0.076944 -0.993170 -0.087710
vn 0.077519 -0.992687 -0.092537
vn 0.078220 -0.992160 -0.097473
vn 0.079049 -0.991563 -0.102737
vn 0.080009 -0.990865 -0.108557
vn 0.081117 -0.990016 -0.115277
vn 0.082396 -0.988950 -0.123242
vn 0.083878 -0.987593 -0.132755
vn 0.085575 -0.985904 -0.143770
vn 0.087514 -0.983823 -0.156310
vn 0.089646 -0.981426 -0.169608
vn 0.092012 -0.978651 -0.183783
vn 0.094544 -0.975362 -0.199324
vn 0.094288 -0.973739 -0.207225
vn 0.030855 -0.985162 0.168830
vn 0.028135 -0.981717 0.188256
vn 0.033215 -0.987967 0.151055
vn 0.035226 -0.990188 0.135231
vn 0.036931 -0.991938 0.121223
vn 0.038351 -0.993324 0.108798
vn 0.039550 -0.994492 0.097067
vn 0.040528 -0.995513 0.085509
vn 0.041260 -0.996393 0.074148
vn 0.041805 -0.997143 0.062914
vn 0.042138 -0.997667 0.053709
vn 0.042333 -0.998100 0.044780
vn 0.042394 -0.998428 0.036678
vn 0.042345 -0.998714 0.027890
vn 0.042212 -0.998916 0.019635
vn 0.042003 -0.999059 0.010803
vn 0.041730 -0.999126 0.002361
vn 0.041421 -0.999128 -0.005253
vn 0.041062 -0.999077 -0.012595
vn 0.040694 -0.998994 -0.018834
vn 0.040299 -0.998877 -0.024934
vn 0.039882 -0.998717 -0.031196
vn 0.039499 -0.998503 -0.037827
vn 0.039131 -0.998214 -0.045150
vn 0.038547 -0.997577 -0.057917
vn 0.038804 -0.997916 -0.051552
vn 0.038349 -0.997145 -0.065046
vn 0.038285 -0.996723 -0.071259
vn 0.038348 -0.996280 -0.077175
vn 0.038519 -0.995834 -0.082646
vn 0.038776 -0.995390 -0.087724
vn 0.039107 -0.994941 -0.092542
vn 0.039504 -0.994454 -0.097471
vn 0.039968 -0.993906 -0.102731
vn 0.040503 -0.993266 -0.108549
vn 0.041117 -0.992483 -0.115270
vn 0.041821 -0.991495 -0.123242
vn 0.042633 -0.990230 -0.132767
vn 0.043559 -0.988648 -0.143798
vn 0.044612 -0.986692 -0.156362
vn 0.045768 -0.984434 -0.169691
vn 0.047049 -0.981818 -0.183904
vn 0.048419 -0.978704 -0.199486
vn 0.048283 -0.977064 -0.207401
vn 0.000000 -0.985601 0.169088
vn 0.000000 -0.982070 0.188516
vn 0.000000 -0.988488 0.151299
vn -0.000000 -0.990784 0.135455
vn 0.000000 -0.992601 0.121426
vn -0.000000 -0.994044 0.108980
vn -0.000000 -0.995263 0.097224
vn 0.000000 -0.996326 0.085637
vn 0.000000 -0.997240 0.074246
vn 0.000000 -0.998015 0.062983
vn 0.000000 -0.998554 0.053756
vn 0.000000 -0.998996 0.044808
vn 0.000000 -0.999327 0.036693
vn 0.000000 -0.999611 0.027893
vn -0.000000 -0.999807 0.019629
vn -0.000000 -0.999942 0.010789
vn -0.000000 -0.999997 0.002341
vn -0.000000 -0.999986 -0.005278
vn 0.000000 -0.999920 -0.012624
vn 0.000000 -0.999822 -0.018866
vn 0.000000 -0.999688 -0.024967
vn -0.000000 -0.999512 -0.031230
vn -0.000000 -0.999283 -0.037861
vn 0.000000 -0.998979 -0.045184
vn -0.000000 -0.998320 -0.057946
vn -0.000000 -0.998669 -0.051585
vn -0.000000 -0.997881 -0.065069
vn 0.000000 -0.997457 -0.071276
vn -0.000000 -0.997017 -0.077186
vn -0.000000 -0.996579 -0.082652
vn 0.000000 -0.996145 -0.087725
vn 0.000000 -0.995709 -0.092539
vn 0.000000 -0.995239 -0.097466
vn 0.000000 -0.994710 -0.102725
vn -0.000000 -0.994092 -0.108542
vn 0.000000 -0.993335 -0.115265
vn 0.000000 -0.992377 -0.123238
vn 0.000000 -0.991147 -0.132768
vn 0.000000 -0.989606 -0.143806
vn 0.000000 -0.987697 -0.156379
vn -0.000000 -0.985493 -0.169718
vn 0.000000 -0.982937 -0.183945
vn -0.000000 -0.979889 -0.199542
vn -0.000000 -0.978244 -0.207460
vn 0.957949 -0.286703 0.011635
vn 0.959893 -0.280143 0.011142
vn 0.961384 -0.275090 0.008175
vn 0.961533 -0.274539 0.009115
vn 0.961030 -0.276256 0.010214
vn 0.959305 -0.282308 0.006042
vn 0.960642 -0.277697 0.007217
vn 0.957560 -0.288199 0.004472
vn 0.952551 -0.304380 -0.000014
vn 0.955246 -0.295804 0.002365
vn 0.949419 -0.313999 -0.003034
vn 0.945864 -0.324506 -0.006202
vn 0.256060 -0.948521 0.186391
vn 0.227487 -0.955339 0.188621
vn 0.198860 -0.961296 0.190695
vn 0.284295 -0.940906 0.184043
vn 0.170198 -0.966406 0.192593
vn 0.141501 -0.970685 0.194288
vn 0.112773 -0.974146 0.195759
vn 0.084019 -0.976800 0.196985
vn 0.055240 -0.978655 0.197947
vn 0.026428 -0.979719 0.198625
vn 0.000000 -0.980023 0.198883
vn 0.942429 -0.334286 -0.008954
vn 0.938537 -0.344971 -0.011976
vn 0.934503 -0.355673 -0.014169
vn 0.930107 -0.366896 -0.016995
vn 0.925564 -0.378024 -0.020735
vn 0.913632 -0.404963 -0.035811
vn 0.917359 -0.396909 -0.030256
vn 0.921157 -0.388371 -0.025238
vn 0.910019 -0.412472 -0.041612
vn 0.903007 -0.426347 -0.052981
vn 0.906450 -0.419651 -0.047339
vn 0.896505 -0.438397 -0.063937
vn 0.899687 -0.432593 -0.058534
vn 0.893329 -0.444050 -0.069155
vn 0.889888 -0.450049 -0.074527
vn 0.885904 -0.456834 -0.080478
vn 0.881427 -0.464129 -0.087587
vn 0.876788 -0.471211 -0.095932
vn 0.872299 -0.477410 -0.105703
vn 0.867858 -0.483263 -0.115233
vn 0.864145 -0.487199 -0.126059
vn 0.846155 -0.514575 -0.138686
vn 0.831784 -0.537192 -0.139855
vn 0.816304 -0.560061 -0.141348
vn 0.799793 -0.582952 -0.143172
vn 0.764180 -0.627799 -0.147976
vn 0.782399 -0.605568 -0.145394
vn 0.745138 -0.649615 -0.150898
vn 0.725300 -0.670958 -0.154128
vn 0.704700 -0.691777 -0.157616
vn 0.683367 -0.712032 -0.161309
vn 0.661339 -0.731680 -0.165150
vn 0.638665 -0.750680 -0.169076
vn 0.615384 -0.769003 -0.173023
vn 0.590026 -0.787549 -0.177864
vn 0.517637 -0.834765 -0.187669
vn 0.492129 -0.849369 -0.190739
vn 0.569792 -0.801413 -0.181867
vn 0.466382 -0.863169 -0.193462
vn 0.439540 -0.876602 -0.195893
vn 0.543373 -0.818952 -0.184563
vn -0.877726 -0.000429 0.479163
vn -0.876056 -0.000429 0.482209
vn -0.890793 -0.000408 0.454409
vn -0.892213 -0.000403 0.451614
vn -0.903676 -0.000349 0.428216
vn -0.904875 -0.000342 0.425677
vn -0.914894 -0.000262 0.403695
vn -0.915900 -0.000252 0.401408
vn -0.924626 -0.000156 0.380878
vn -0.925464 -0.000146 0.378837
vn -0.933034 -0.000047 0.359787
vn -0.933728 -0.000038 0.357985
vn -0.940269 0.000053 0.340433
vn -0.940838 0.000061 0.338857
vn -0.946464 0.000133 0.322809
vn -0.946928 0.000139 0.321447
vn -0.954674 -0.000353 0.297654
vn -0.955172 -0.000405 0.296050
vn -0.055930 0.000113 0.998435
vn 0.000002 0.000056 1.000000
vn 0.000002 0.000056 1.000000
vn -0.054604 0.000111 0.998508
vn -0.110077 0.000239 0.993923
vn -0.107590 0.000233 0.994195
vn -0.162426 0.000386 0.986721
vn -0.158952 0.000375 0.987286
vn -0.208675 0.000525 0.977985
vn -0.212977 0.000538 0.977057
vn -0.256784 0.000669 0.966469
vn -0.261762 0.000683 0.965132
vn -0.308859 0.000812 0.951108
vn -0.303329 0.000798 0.952886
vn -0.348380 0.000903 0.937353
vn -0.354340 0.000916 0.935116
vn -0.398307 0.000987 0.917252
vn -0.392008 0.000979 0.919961
vn -0.434319 0.001017 0.900759
vn -0.440867 0.001019 0.897572
vn -0.475385 0.001012 0.879777
vn -0.482110 0.001007 0.876110
vn -0.518055 0.001719 0.855345
vn -0.525515 0.002004 0.850782
vn -0.558613 0.002138 0.829426
vn -0.562800 0.002011 0.826590
vn -0.598150 0.001361 0.801383
vn -0.602284 0.001343 0.798281
vn -0.639025 0.001160 0.769185
vn -0.634868 0.001183 0.772620
vn -0.797576 -0.000061 0.603219
vn -0.769607 -0.000587 0.638517
vn -0.765864 -0.000758 0.643002
vn -0.794636 -0.000038 0.607087
vn -0.960932 -0.000822 0.276782
vn -0.960184 -0.000781 0.279368
vn -0.967613 -0.000880 0.252436
vn -0.968158 -0.000834 0.250338
vn -0.981396 0.001816 0.191989
vn -0.977687 0.001772 0.210060
vn -0.977484 0.001743 0.211004
vn -0.981515 0.001796 0.191380
vn -0.973426 0.000613 0.229000
vn -0.972814 0.000355 0.231586
vn -0.984663 0.000924 0.174463
vn -0.984368 0.001043 0.176118
vn -0.987102 0.000201 0.160093
vn -0.986739 0.000269 0.162318
vn -0.991844 0.000297 0.127462
vn -0.992170 0.000233 0.124899
vn -0.993556 -0.000164 0.113338
vn -0.993264 -0.000062 0.115870
vn -0.994529 -0.000487 0.104458
vn -0.994786 -0.000568 0.101980
vn -0.995850 -0.000813 0.091005
vn -0.995633 -0.000776 0.093350
vn -0.996750 -0.000948 0.080557
vn -0.996580 -0.000925 0.082629
vn -0.990313 0.000318 0.138851
vn -0.990664 0.000351 0.136324
vn -0.998028 -0.000570 0.062764
vn -0.997981 -0.000603 0.063506
vn -0.997369 -0.000898 0.072482
vn -0.997474 -0.000862 0.071028
vn -0.998496 0.000045 0.054828
vn -0.998485 0.000025 0.055021
vn -0.998819 0.000293 0.048596
vn -0.998840 0.000284 0.048161
vn -0.999069 0.000045 0.043143
vn -0.999086 0.000004 0.042743
vn -0.999452 -0.000355 0.033109
vn -0.999261 -0.000211 0.038431
vn -0.999250 -0.000210 0.038730
vn -0.999445 -0.000346 0.033319
vn -0.999609 -0.000077 0.027969
vn -0.999604 -0.000102 0.028151
vn -0.999741 0.000608 0.022748
vn -0.999736 0.000583 0.022954
vn -0.999836 0.000427 0.018102
vn -0.999834 0.000458 0.018233
vn -0.999900 -0.000047 0.014180
vn -0.999902 -0.000046 0.014004
vn -0.999943 0.000042 0.010665
vn -0.999943 0.000038 0.010720
vn -0.999966 0.000113 0.008219
vn -0.999965 0.000113 0.008345
vn -0.999980 0.000052 0.006407
vn -0.999979 0.000053 0.006424
vn -0.999991 0.000039 0.004142
vn -0.999992 0.000040 0.004122
vn -0.999999 0.000142 0.001034
vn -1.000000 0.000144 0.000976
vn -0.999948 0.000322 -0.010187
vn -0.999945 0.000326 -0.010506
vn -0.999839 0.000076 -0.017959
vn -0.999849 0.000122 -0.017393
vn -0.999992 0.000242 -0.003994
vn -0.999992 0.000241 -0.003918
vn -0.999652 0.000138 -0.026394
vn -0.999676 0.000080 -0.025443
vn -0.999297 0.001236 -0.037481
vn -0.999374 0.000975 -0.035359
vn -0.998806 0.002118 -0.048808
vn -0.998903 0.002021 -0.046783
vn -0.674792 0.000941 0.738008
vn -0.670666 0.000968 0.741759
vn -0.706981 -0.000765 0.707232
vn -0.711358 -0.001191 0.702828
vn -0.737667 -0.002195 0.675161
vn -0.740812 -0.002016 0.671709
vn -0.818747 -0.000211 0.574155
vn -0.821335 -0.000228 0.570446
vn -0.861218 -0.000411 0.508235
vn -0.842487 -0.000345 0.538717
vn -0.840231 -0.000334 0.542228
vn -0.859270 -0.000407 0.511523
vn -0.988653 0.000118 0.150219
vn -0.989023 0.000168 0.147761
vn -0.997778 0.003402 -0.066536
vn -0.998022 0.003087 -0.062793
vn -0.995130 0.001402 -0.098561
vn -0.996075 0.002659 -0.088473
vn -0.989232 -0.001722 -0.146347
vn -0.991501 -0.000999 -0.130095
vn -0.977350 -0.006248 -0.211537
vn -0.981960 -0.004407 -0.189036
vn -0.958563 -0.009713 -0.284714
vn -0.966075 -0.008837 -0.258109
vn -0.927833 -0.005304 -0.372959
vn -0.939225 -0.007672 -0.343216
vn -0.854826 0.002029 -0.518911
vn -0.877421 0.000600 -0.479721
vn -0.804572 0.002171 -0.593851
vn -0.789834 0.000041 -0.613321
vn -0.718006 -0.001132 -0.696036
vn -0.755668 -0.001972 -0.654952
vn -0.628055 0.000023 -0.778169
vn -0.648401 0.000019 -0.761299
vn -0.578010 0.000033 -0.816030
vn -0.597987 0.000029 -0.801506
vn -0.529334 0.000041 -0.848413
vn -0.548529 0.000038 -0.836132
vn -0.482666 0.000047 -0.875805
vn -0.500767 0.000045 -0.865582
vn -0.438449 0.000051 -0.898756
vn -0.455250 0.000050 -0.890364
vn -0.397467 0.000054 -0.917616
vn -0.412569 0.000053 -0.910926
vn -0.359972 0.000053 -0.932963
vn -0.373413 0.000054 -0.927665
vn -0.337540 0.000051 -0.941311
vn -0.325486 0.000049 -0.945547
vn -0.304514 0.000045 -0.952508
vn -0.293859 0.000043 -0.955849
vn -0.274427 0.000039 -0.961608
vn -0.265145 0.000037 -0.964209
vn -0.247309 0.000032 -0.968937
vn -0.239343 0.000029 -0.970935
vn -0.223139 0.000024 -0.974787
vn -0.216416 0.000022 -0.976301
vn -0.201866 0.000015 -0.979413
vn -0.196296 0.000013 -0.980545
vn -0.183171 0.000005 -0.983081
vn -0.178481 0.000002 -0.983943
vn -0.166126 -0.000005 -0.986105
vn -0.161948 -0.000008 -0.986799
vn -0.149970 -0.000016 -0.988691
vn -0.146284 -0.000018 -0.989243
vn -0.134697 -0.000025 -0.990887
vn -0.131460 -0.000027 -0.991322
vn -0.120253 -0.000034 -0.992743
vn -0.117427 -0.000036 -0.993082
vn -0.106587 -0.000042 -0.994303
vn -0.104136 -0.000043 -0.994563
vn -0.093652 -0.000048 -0.995605
vn -0.091543 -0.000049 -0.995801
vn -0.081402 -0.000053 -0.996681
vn -0.079606 -0.000053 -0.996826
vn -0.069813 -0.000055 -0.997560
vn -0.068308 -0.000055 -0.997664
vn -0.058891 -0.000053 -0.998264
vn -0.057655 -0.000053 -0.998337
vn -0.048625 -0.000050 -0.998817
vn -0.047631 -0.000049 -0.998865
vn -0.038977 -0.000044 -0.999240
vn -0.038201 -0.000043 -0.999270
vn -0.029919 -0.000037 -0.999552
vn -0.029339 -0.000036 -0.999570
vn -0.021425 -0.000029 -0.999770
vn -0.021020 -0.000029 -0.999779
vn -0.013473 -0.000020 -0.999909
vn -0.013224 -0.000020 -0.999913
vn -0.006040 -0.000011 -0.999982
vn -0.005930 -0.000011 -0.999982
vn 0.000000 -0.000006 -1.000000
vn 0.000000 -0.000006 -1.000000
vn 0.384115 0.907880 -0.167958
vn 0.368765 0.912281 -0.178204
vn 0.340725 0.922570 -0.181030
vn 0.355037 0.919051 -0.171159
vn 0.413033 0.895725 -0.164562
vn 0.396655 0.901089 -0.175225
vn 0.441766 0.882570 -0.160977
vn 0.424380 0.888977 -0.172111
vn 0.470061 0.868529 -0.157162
vn 0.451738 0.876029 -0.168835
vn 0.497509 0.853867 -0.152957
vn 0.478320 0.862507 -0.165202
vn 0.523882 0.838795 -0.148225
vn 0.503835 0.848657 -0.161031
vn 0.528422 0.834464 -0.156336
vn 0.549282 0.823319 -0.142952
vn 0.552165 0.819921 -0.151139
vn 0.573821 0.807416 -0.137144
vn 0.597624 0.791039 -0.130778
vn 0.575157 0.805012 -0.145432
vn 0.620715 0.774198 -0.123817
vn 0.597428 0.789752 -0.139184
vn 0.643145 0.756873 -0.116228
vn 0.618990 0.774179 -0.132284
vn 0.665020 0.738968 -0.108050
vn 0.639918 0.758260 -0.124684
vn 0.686458 0.720346 -0.099381
vn 0.660430 0.741791 -0.116524
vn 0.707462 0.700967 -0.090233
vn 0.680578 0.724683 -0.107925
vn 0.728089 0.680724 -0.080633
vn 0.700236 0.707042 -0.098797
vn 0.748444 0.659421 -0.070679
vn 0.719464 0.688786 -0.089136
vn 0.768688 0.636748 -0.060593
vn 0.738337 0.669786 -0.079024
vn 0.797268 0.599929 -0.066700
vn 0.758348 0.647907 -0.071588
vn 0.822518 0.565190 -0.063438
vn 0.802979 0.585459 -0.111634
vn 0.030772 0.983522 -0.178150
vn 0.027997 0.980885 -0.192563
vn 0.062177 0.982165 -0.177445
vn 0.057657 0.979739 -0.191799
vn 0.094968 0.979729 -0.176388
vn 0.088262 0.977641 -0.190863
vn 0.126854 0.976358 -0.175025
vn 0.118265 0.974718 -0.189576
vn 0.158550 0.972011 -0.173368
vn 0.148164 0.970923 -0.188032
vn 0.190109 0.966680 -0.171432
vn 0.177994 0.966246 -0.186243
vn 0.221475 0.960370 -0.169230
vn 0.207724 0.960683 -0.184223
vn 0.252704 0.953062 -0.166772
vn 0.237391 0.954213 -0.181995
vn 0.283788 0.944747 -0.164067
vn 0.266978 0.946824 -0.179575
vn 0.314719 0.935410 -0.161120
vn 0.296456 0.938508 -0.176965
vn 0.345487 0.925038 -0.157937
vn 0.325813 0.929255 -0.174161
vn 0.376075 0.913615 -0.154516
vn 0.406466 0.901125 -0.150857
vn 0.436640 0.887553 -0.146955
vn 0.466562 0.872885 -0.142800
vn 0.496023 0.857213 -0.138372
vn 0.524645 0.840777 -0.133574
vn 0.552106 0.823843 -0.128307
vn 0.578496 0.806428 -0.122539
vn 0.603953 0.788494 -0.116263
vn 0.628609 0.769978 -0.109474
vn 0.652505 0.750863 -0.102186
vn 0.675732 0.731074 -0.094427
vn 0.698301 0.710589 -0.086250
vn 0.720272 0.689325 -0.077716
vn 0.741701 0.667182 -0.068910
vn 0.762650 0.644026 -0.059954
vn 0.783192 0.619682 -0.051027
vn 0.803416 0.593907 -0.042395
vn 0.823448 0.566343 -0.034476
vn 0.843652 0.536198 -0.027253
vn 0.864625 0.501873 -0.023386
vn 0.833479 0.551577 -0.032788
vn 0.033140 0.985533 -0.166209
vn 0.066331 0.983973 -0.165519
vn 0.100926 0.981207 -0.164459
vn 0.134503 0.977402 -0.163080
vn 0.167821 0.972517 -0.161389
vn 0.200939 0.966549 -0.159398
vn 0.233800 0.959505 -0.157121
vn 0.266464 0.951371 -0.154566
vn 0.298929 0.942134 -0.151740
vn 0.331188 0.931782 -0.148649
vn 0.363232 0.920300 -0.145296
vn 0.395046 0.907670 -0.141683
vn 0.426614 0.893873 -0.137808
vn 0.457914 0.878890 -0.133667
vn 0.488913 0.862704 -0.129254
vn 0.519393 0.845409 -0.124557
vn 0.548988 0.827244 -0.119498
vn 0.577366 0.808487 -0.114008
vn 0.604611 0.789156 -0.108066
vn 0.630856 0.769210 -0.101671
vn 0.656226 0.748582 -0.094824
vn 0.680746 0.727268 -0.087558
vn 0.704513 0.705179 -0.079901
vn 0.727521 0.682305 -0.071921
vn 0.749820 0.658569 -0.063687
vn 0.771458 0.633873 -0.055293
vn 0.792475 0.608102 -0.046864
vn 0.812915 0.581103 -0.038570
vn 0.832824 0.552690 -0.030642
vn 0.852251 0.522609 -0.023413
vn 0.872499 0.488255 -0.018797
vn 0.889419 0.456809 -0.016111
vn 0.035195 0.987036 -0.156594
vn 0.069967 0.985286 -0.155934
vn 0.106159 0.982209 -0.154905
vn 0.141235 0.977994 -0.153558
vn 0.175991 0.972602 -0.151897
vn 0.210491 0.966030 -0.149933
vn 0.244677 0.958292 -0.147680
vn 0.278616 0.949372 -0.145142
vn 0.312306 0.939259 -0.142327
vn 0.345742 0.927942 -0.139238
vn 0.378916 0.915401 -0.135878
vn 0.411816 0.901620 -0.132248
vn 0.444424 0.886575 -0.128345
vn 0.476718 0.870243 -0.124165
vn 0.508661 0.852605 -0.119703
vn 0.540031 0.833758 -0.114954
vn 0.570464 0.813943 -0.109853
vn 0.599619 0.793453 -0.104353
vn 0.627569 0.772313 -0.098440
vn 0.654440 0.750481 -0.092118
vn 0.680359 0.727888 -0.085388
vn 0.705329 0.704544 -0.078292
vn 0.729448 0.680357 -0.070854
vn 0.752699 0.655330 -0.063142
vn 0.775120 0.629396 -0.055224
vn 0.796746 0.602470 -0.047186
vn 0.817600 0.574454 -0.039140
vn 0.837705 0.545230 -0.031230
vn 0.857071 0.514656 -0.023643
vn 0.875706 0.482558 -0.016629
vn 0.894752 0.446400 -0.012108
vn 0.907586 0.419761 -0.009439
vn 0.036965 0.988219 -0.148515
vn 0.073118 0.986297 -0.147889
vn 0.110705 0.982937 -0.146901
vn 0.147089 0.978348 -0.145601
vn 0.183100 0.972492 -0.143994
vn 0.218805 0.965368 -0.142087
vn 0.254148 0.956995 -0.139893
vn 0.289198 0.947355 -0.137417
vn 0.323956 0.936439 -0.134662
vn 0.358418 0.924235 -0.131634
vn 0.392576 0.910722 -0.128333
vn 0.426420 0.895881 -0.124757
vn 0.459930 0.879685 -0.120905
vn 0.493084 0.862109 -0.116772
vn 0.525843 0.843129 -0.112351
vn 0.557976 0.822846 -0.107641
vn 0.589117 0.801508 -0.102592
vn 0.618913 0.779426 -0.097170
vn 0.647425 0.756633 -0.091368
vn 0.674778 0.733087 -0.085192
vn 0.701092 0.708721 -0.078643
vn 0.726358 0.683560 -0.071764
vn 0.750672 0.657512 -0.064577
vn 0.774006 0.630594 -0.057146
vn 0.796391 0.602750 -0.049531
vn 0.817851 0.573910 -0.041807
vn 0.838395 0.543997 -0.034069
vn 0.858032 0.512916 -0.026434
vn 0.876752 0.480565 -0.019048
vn 0.894540 0.446824 -0.012098
vn 0.911809 0.410563 -0.006505
vn 0.922104 0.386930 -0.002944
vn 0.038483 0.989231 -0.141211
vn 0.075837 0.987155 -0.140618
vn 0.114636 0.983540 -0.139672
vn 0.152156 0.978615 -0.138422
vn 0.189257 0.972342 -0.136870
vn 0.226009 0.964722 -0.135026
vn 0.262355 0.955776 -0.132899
vn 0.298367 0.945488 -0.130495
vn 0.334048 0.933849 -0.127817
vn 0.369396 0.920845 -0.124868
vn 0.404403 0.906454 -0.121649
vn 0.439059 0.890655 -0.118158
vn 0.473344 0.873419 -0.114392
vn 0.507232 0.854716 -0.110347
vn 0.540683 0.834519 -0.106016
vn 0.573459 0.812935 -0.101401
vn 0.605184 0.790220 -0.096462
vn 0.635491 0.766705 -0.091179
vn 0.664437 0.742431 -0.085551
vn 0.692140 0.717362 -0.079584
vn 0.718716 0.691431 -0.073283
vn 0.744146 0.664680 -0.066689
vn 0.768525 0.637017 -0.059823
vn 0.791819 0.608474 -0.052746
vn 0.814054 0.579003 -0.045511
vn 0.835245 0.548550 -0.038183
vn 0.855397 0.517054 -0.030840
vn 0.874506 0.484441 -0.023577
vn 0.892556 0.450634 -0.016507
vn 0.909519 0.415549 -0.009771
vn 0.925549 0.378612 -0.003624
vn 0.934398 0.356229 -0.000801
vn 0.039800 0.990157 -0.134187
vn 0.078216 0.987939 -0.133636
vn 0.118088 0.984091 -0.132745
vn 0.156613 0.978858 -0.131563
vn 0.194675 0.972202 -0.130093
vn 0.232349 0.964128 -0.128342
vn 0.269575 0.954658 -0.126321
vn 0.306431 0.943777 -0.124033
vn 0.342920 0.931476 -0.121484
vn 0.379040 0.917739 -0.118675
vn 0.414786 0.902545 -0.115608
vn 0.450144 0.885869 -0.112281
vn 0.485095 0.867680 -0.108691
vn 0.519612 0.847946 -0.104835
vn 0.553650 0.826637 -0.100708
vn 0.586964 0.803864 -0.096312
vn 0.619167 0.779896 -0.091618
vn 0.649877 0.755087 -0.086617
vn 0.679146 0.729485 -0.081312
vn 0.707088 0.703061 -0.075713
vn 0.733815 0.675751 -0.069827
vn 0.759305 0.647610 -0.063698
vn 0.783651 0.618549 -0.057343
vn 0.806816 0.588613 -0.050818
vn 0.828822 0.557766 -0.044172
vn 0.849682 0.525963 -0.037459
vn 0.869399 0.493154 -0.030743
vn 0.887963 0.459283 -0.024099
vn 0.905356 0.424289 -0.017612
vn 0.921543 0.388110 -0.011386
vn 0.936511 0.350591 -0.005757
vn 0.944282 0.329117 -0.003549
vn 0.040928 0.991048 -0.127077
vn 0.080284 0.988702 -0.126579
vn 0.121102 0.984641 -0.125765
vn 0.160513 0.979127 -0.124680
vn 0.199420 0.972122 -0.123327
vn 0.237902 0.963633 -0.121713
vn 0.275899 0.953686 -0.119849
vn 0.313491 0.942264 -0.117738
vn 0.350680 0.929360 -0.115385
vn 0.387468 0.914957 -0.112793
vn 0.423847 0.899034 -0.109962
vn 0.459805 0.881563 -0.106892
vn 0.495322 0.862512 -0.103582
vn 0.530366 0.841847 -0.100027
vn 0.564892 0.819535 -0.096224
vn 0.598646 0.795693 -0.092178
vn 0.631227 0.770605 -0.087866
vn 0.662240 0.744649 -0.083287
vn 0.691731 0.717882 -0.078451
vn 0.719814 0.690279 -0.073369
vn 0.746601 0.661783 -0.068050
vn 0.772065 0.632459 -0.062536
vn 0.796304 0.602221 -0.056843
vn 0.819275 0.571127 -0.051021
vn 0.841003 0.539147 -0.045109
vn 0.861502 0.506243 -0.039150
vn 0.880771 0.472377 -0.033195
vn 0.898804 0.437501 -0.027297
vn 0.915578 0.401564 -0.021518
vn 0.931059 0.364520 -0.015925
vn 0.945134 0.326510 -0.010636
vn 0.952059 0.305800 -0.008417
vn 0.041877 0.991935 -0.119627
vn 0.082058 0.989475 -0.119191
vn 0.123705 0.985222 -0.118466
vn 0.163889 0.979457 -0.117494
vn 0.203534 0.972139 -0.116277
vn 0.242719 0.963277 -0.114823
vn 0.281384 0.952902 -0.113141
vn 0.319612 0.940997 -0.111235
vn 0.357406 0.927554 -0.109110
vn 0.394766 0.912557 -0.106767
vn 0.431687 0.895984 -0.104207
vn 0.468155 0.877806 -0.101429
vn 0.504148 0.857989 -0.098433
vn 0.539635 0.836498 -0.095215
vn 0.574566 0.813297 -0.091770
vn 0.608678 0.788511 -0.088105
vn 0.641557 0.762439 -0.084204
vn 0.672794 0.735484 -0.080073
vn 0.702432 0.707712 -0.075722
vn 0.730586 0.679102 -0.071165
vn 0.757370 0.649600 -0.066411
vn 0.782757 0.619282 -0.061496
vn 0.806844 0.588063 -0.056432
vn 0.829593 0.556010 -0.051261
vn 0.851030 0.523098 -0.046011
vn 0.871167 0.489296 -0.040713
vn 0.890009 0.454566 -0.035402
vn 0.907547 0.418869 -0.030112
vn 0.923761 0.382160 -0.024882
vn 0.938617 0.344396 -0.019752
vn 0.951945 0.305917 -0.014671
vn 0.958534 0.284706 -0.012450
vn 0.042640 0.992783 -0.112085
vn 0.083520 0.990225 -0.111708
vn 0.125868 0.985810 -0.111071
vn 0.166705 0.979828 -0.110209
vn 0.206972 0.972242 -0.109126
vn 0.246748 0.963062 -0.107828
vn 0.285975 0.952320 -0.106324
vn 0.324736 0.940001 -0.104616
vn 0.363037 0.926097 -0.102708
vn 0.400877 0.910592 -0.100600
vn 0.438251 0.893462 -0.098294
vn 0.475144 0.874679 -0.095788
vn 0.511534 0.854207 -0.093080
vn 0.547388 0.832008 -0.090166
vn 0.582653 0.808047 -0.087041
vn 0.617058 0.782452 -0.083713
vn 0.650175 0.755543 -0.080171
vn 0.681581 0.727741 -0.076428
vn 0.711318 0.699122 -0.072494
vn 0.739505 0.669669 -0.068383
vn 0.766258 0.639328 -0.064102
vn 0.791551 0.608183 -0.059679
vn 0.815483 0.576151 -0.055122
vn 0.838020 0.543301 -0.050462
vn 0.859188 0.509613 -0.045718
vn 0.879004 0.475057 -0.040909
vn 0.897471 0.439597 -0.036054
vn 0.914584 0.403193 -0.031172
vn 0.930321 0.365803 -0.026282
vn 0.944649 0.327384 -0.021404
vn 0.957425 0.288205 -0.016588
vn 0.963533 0.267211 -0.014252
vn 0.043224 0.993545 -0.104880
vn 0.084671 0.990908 -0.104556
vn 0.127588 0.986360 -0.103996
vn 0.168956 0.980202 -0.103233
vn 0.209728 0.972397 -0.102269
vn 0.249985 0.962956 -0.101109
vn 0.289669 0.951914 -0.099760
vn 0.328864 0.939255 -0.098224
vn 0.367577 0.924973 -0.096503
vn 0.405808 0.909050 -0.094597
vn 0.443551 0.891463 -0.092506
vn 0.480791 0.872181 -0.090227
vn 0.517505 0.851168 -0.087758
vn 0.553659 0.828384 -0.085094
vn 0.589197 0.803794 -0.082231
vn 0.623843 0.777529 -0.079175
vn 0.657150 0.749926 -0.075924
vn 0.688684 0.721428 -0.072495
vn 0.718492 0.692114 -0.068900
vn 0.746693 0.661970 -0.065150
vn 0.773407 0.630944 -0.061247
vn 0.798610 0.599123 -0.057216
vn 0.822406 0.566422 -0.053058
vn 0.844762 0.532913 -0.048794
vn 0.865707 0.498575 -0.044434
vn 0.885258 0.463378 -0.039985
vn 0.903422 0.427285 -0.035455
vn 0.920191 0.390253 -0.030850
vn 0.935544 0.352238 -0.026173
vn 0.949446 0.313197 -0.021427
vn 0.961802 0.273238 -0.016666
vn 0.043645 0.994220 -0.098090
vn 0.085537 0.991523 -0.097808
vn 0.128903 0.986871 -0.097311
vn 0.170688 0.980576 -0.096629
vn 0.211858 0.972598 -0.095761
vn 0.252495 0.962952 -0.094712
vn 0.292541 0.951672 -0.093488
vn 0.332081 0.938745 -0.092089
vn 0.371122 0.924162 -0.090515
vn 0.409665 0.907907 -0.088766
vn 0.447704 0.889955 -0.086842
vn 0.485224 0.870274 -0.084738
vn 0.522200 0.848828 -0.082452
vn 0.558597 0.825574 -0.079979
vn 0.594357 0.800476 -0.077313
vn 0.629198 0.773670 -0.074464
vn 0.662658 0.745508 -0.071434
vn 0.694292 0.716450 -0.068250
vn 0.724152 0.686578 -0.064921
vn 0.752358 0.655881 -0.061456
vn 0.779035 0.624306 -0.057856
vn 0.804164 0.591937 -0.054138
vn 0.827850 0.558690 -0.050298
vn 0.850063 0.524637 -0.046349
vn 0.870835 0.489754 -0.042293
vn 0.890183 0.454005 -0.038128
vn 0.908114 0.417352 -0.033852
vn 0.924620 0.379749 -0.029458
vn 0.939679 0.341149 -0.024939
vn 0.953250 0.301501 -0.020285
vn 0.965326 0.260588 -0.015465
vn 0.043913 0.994825 -0.091621
vn 0.086122 0.992086 -0.091372
vn 0.129808 0.987362 -0.090923
vn 0.171893 0.980968 -0.090302
vn 0.213349 0.972867 -0.089509
vn 0.254261 0.963074 -0.088546
vn 0.294569 0.951624 -0.087416
vn 0.334361 0.938502 -0.086121
vn 0.373642 0.923701 -0.084658
vn 0.412415 0.907205 -0.083029
vn 0.450672 0.888986 -0.081229
vn 0.488400 0.869013 -0.079257
vn 0.525571 0.847248 -0.077108
vn 0.562150 0.823648 -0.074778
vn 0.598076 0.798175 -0.072263
vn 0.633062 0.770968 -0.069571
vn 0.666635 0.742392 -0.066716
vn 0.698342 0.712922 -0.063726
vn 0.728234 0.682643 -0.060614
vn 0.756441 0.651540 -0.057384
vn 0.783088 0.619559 -0.054035
vn 0.808162 0.586785 -0.050581
vn 0.831768 0.553129 -0.047013
vn 0.853880 0.518662 -0.043339
vn 0.874532 0.483353 -0.039553
vn 0.893740 0.447166 -0.035647
vn 0.911512 0.410056 -0.031612
vn 0.927839 0.371972 -0.027432
vn 0.942693 0.332863 -0.023092
vn 0.956032 0.292672 -0.018573
vn 0.967823 0.251251 -0.013839
vn 0.044084 0.995462 -0.084329
vn 0.086533 0.992692 -0.084107
vn 0.130461 0.987914 -0.083703
vn 0.172776 0.981446 -0.083139
vn 0.214454 0.973251 -0.082414
vn 0.255579 0.963345 -0.081529
vn 0.296092 0.951762 -0.080487
vn 0.336082 0.938490 -0.079287
vn 0.375554 0.923519 -0.077927
vn 0.414510 0.906832 -0.076407
vn 0.452942 0.888403 -0.074723
vn 0.490835 0.868200 -0.072873
vn 0.528162 0.846182 -0.070854
vn 0.564885 0.822308 -0.068661
vn 0.600943 0.796538 -0.066292
vn 0.636043 0.769016 -0.063757
vn 0.669699 0.740117 -0.061076
vn 0.701455 0.710326 -0.058284
vn 0.731366 0.679732 -0.055393
vn 0.759564 0.648318 -0.052406
vn 0.786181 0.616026 -0.049322
vn 0.811205 0.582938 -0.046148
vn 0.834747 0.548962 -0.042875
vn 0.856782 0.514163 -0.039505
vn 0.877344 0.478508 -0.036028
vn 0.896451 0.441955 -0.032433
vn 0.914109 0.404452 -0.028704
vn 0.930307 0.365942 -0.024820
vn 0.945015 0.326368 -0.020760
vn 0.958187 0.285667 -0.016499
vn 0.969769 0.243730 -0.012015
vn 0.044158 0.996060 -0.076905
vn 0.086751 0.993273 -0.076706
vn 0.130829 0.988462 -0.076338
vn 0.173287 0.981948 -0.075823
vn 0.215105 0.973694 -0.075158
vn 0.256369 0.963716 -0.074343
vn 0.297018 0.952048 -0.073378
vn 0.337139 0.938677 -0.072262
vn 0.376740 0.923595 -0.070994
vn 0.415819 0.906782 -0.069571
vn 0.454370 0.888215 -0.067991
vn 0.492376 0.867858 -0.066251
vn 0.529809 0.845672 -0.064350
vn 0.566628 0.821616 -0.062284
vn 0.602772 0.795650 -0.060052
vn 0.637944 0.767920 -0.057668
vn 0.671652 0.738811 -0.055157
vn 0.703433 0.708816 -0.052557
vn 0.733346 0.678023 -0.049882
vn 0.761530 0.646414 -0.047134
vn 0.788119 0.613926 -0.044309
vn 0.813105 0.580642 -0.041416
vn 0.836602 0.546460 -0.038442
vn 0.858587 0.511446 -0.035387
vn 0.879092 0.475560 -0.032241
vn 0.898139 0.438754 -0.028988
vn 0.915733 0.400971 -0.025612
vn 0.931858 0.362150 -0.022091
vn 0.946484 0.322225 -0.018401
vn 0.959560 0.281129 -0.014515
vn 0.971014 0.238794 -0.010419
vn 0.044171 0.996677 -0.068446
vn 0.086847 0.993880 -0.068268
vn 0.131016 0.989050 -0.067937
vn 0.173567 0.982508 -0.067473
vn 0.215481 0.974216 -0.066870
vn 0.256841 0.964189 -0.066125
vn 0.297587 0.952463 -0.065241
vn 0.337806 0.939023 -0.064213
vn 0.377502 0.923860 -0.063040
vn 0.416675 0.906958 -0.061719
vn 0.455316 0.888289 -0.060248
vn 0.493407 0.867821 -0.058627
vn 0.530918 0.845514 -0.056853
vn 0.567806 0.821328 -0.054926
vn 0.604010 0.795223 -0.052846
vn 0.639229 0.767348 -0.050630
vn 0.672962 0.738098 -0.048308
vn 0.704747 0.707970 -0.045925
vn 0.734649 0.677052 -0.043491
vn 0.762810 0.645321 -0.041009
vn 0.789367 0.612714 -0.038477
vn 0.814317 0.579309 -0.035899
vn 0.837775 0.545001 -0.033266
vn 0.859720 0.509849 -0.030576
vn 0.880188 0.473809 -0.027819
vn 0.899197 0.436830 -0.024980
vn 0.916752 0.398848 -0.022044
vn 0.932838 0.359794 -0.018990
vn 0.947421 0.319598 -0.015796
vn 0.960446 0.278189 -0.012436
vn 0.971847 0.235447 -0.008876
vn 0.044123 0.997215 -0.060134
vn 0.086812 0.994418 -0.059974
vn 0.131003 0.989584 -0.059676
vn 0.173584 0.983035 -0.059257
vn 0.215535 0.974730 -0.058709
vn 0.256939 0.964684 -0.058031
vn 0.297732 0.952933 -0.057220
vn 0.338002 0.939462 -0.056274
vn 0.377751 0.924261 -0.055191
vn 0.416977 0.907314 -0.053967
vn 0.455669 0.888594 -0.052601
vn 0.493807 0.868069 -0.051093
vn 0.531360 0.845702 -0.049442
vn 0.568285 0.821451 -0.047649
vn 0.604515 0.795281 -0.045718
vn 0.639750 0.767342 -0.043666
vn 0.673487 0.738032 -0.041530
vn 0.705262 0.707854 -0.039354
vn 0.735144 0.676893 -0.037151
vn 0.763278 0.645125 -0.034922
vn 0.789808 0.612484 -0.032665
vn 0.814729 0.579045 -0.030385
vn 0.838162 0.544699 -0.028072
vn 0.860085 0.509502 -0.025726
vn 0.880535 0.473405 -0.023337
vn 0.899532 0.436354 -0.020895
vn 0.917080 0.398280 -0.018383
vn 0.933162 0.359110 -0.015786
vn 0.947743 0.318767 -0.013085
vn 0.960764 0.277176 -0.010260
vn 0.972181 0.234118 -0.007258
vn 0.044030 0.997697 -0.051600
vn 0.086677 0.994907 -0.051456
vn 0.130839 0.990081 -0.051188
vn 0.173403 0.983539 -0.050811
vn 0.215350 0.975240 -0.050317
vn 0.256759 0.965197 -0.049702
vn 0.297566 0.953445 -0.048963
vn 0.337856 0.939968 -0.048098
vn 0.377628 0.924759 -0.047103
vn 0.416879 0.907799 -0.045977
vn 0.455595 0.889063 -0.044718
vn 0.493755 0.868521 -0.043326
vn 0.531326 0.846136 -0.041802
vn 0.568262 0.821868 -0.040148
vn 0.604495 0.795684 -0.038369
vn 0.639723 0.767739 -0.036485
vn 0.673442 0.738433 -0.034536
vn 0.705191 0.708269 -0.032567
vn 0.735043 0.677331 -0.030590
vn 0.763147 0.645592 -0.028605
vn 0.789646 0.612985 -0.026611
vn 0.814544 0.579580 -0.024612
vn 0.837958 0.545267 -0.022598
vn 0.859869 0.510100 -0.020571
vn 0.880316 0.474026 -0.018521
vn 0.899319 0.436984 -0.016439
vn 0.916880 0.398905 -0.014314
vn 0.932984 0.359712 -0.012131
vn 0.947593 0.319328 -0.009878
vn 0.960648 0.277667 -0.007538
vn 0.972103 0.234501 -0.005101
vn 0.043899 0.998094 -0.043374
vn 0.086452 0.995317 -0.043243
vn 0.130534 0.990511 -0.043001
vn 0.173036 0.983991 -0.042661
vn 0.214935 0.975716 -0.042214
vn 0.256308 0.965697 -0.041655
vn 0.297089 0.953970 -0.040983
vn 0.337361 0.940517 -0.040194
vn 0.377121 0.925331 -0.039284
vn 0.416362 0.908394 -0.038252
vn 0.455071 0.889682 -0.037097
vn 0.493223 0.869165 -0.035820
vn 0.530782 0.846809 -0.034422
vn 0.567701 0.822577 -0.032906
vn 0.603911 0.796438 -0.031278
vn 0.639109 0.768548 -0.029559
vn 0.672793 0.739309 -0.027790
vn 0.704506 0.709222 -0.026016
vn 0.734322 0.678368 -0.024248
vn 0.762395 0.646721 -0.022486
vn 0.788870 0.614211 -0.020726
vn 0.813751 0.580904 -0.018973
vn 0.837158 0.546691 -0.017218
vn 0.859071 0.511623 -0.015460
vn 0.879532 0.475643 -0.013694
vn 0.898559 0.438691 -0.011910
vn 0.916156 0.400695 -0.010100
vn 0.932307 0.361574 -0.008253
vn 0.946973 0.321250 -0.006359
vn 0.960096 0.279637 -0.004405
vn 0.971618 0.236544 -0.002365
vn 0.043736 0.998425 -0.035150
vn 0.086156 0.995666 -0.035031
vn 0.130116 0.990888 -0.034811
vn 0.172517 0.984402 -0.034504
vn 0.214330 0.976166 -0.034100
vn 0.255630 0.966191 -0.033596
vn 0.296351 0.954509 -0.032988
vn 0.336570 0.941105 -0.032274
vn 0.376285 0.925970 -0.031450
vn 0.415486 0.909088 -0.030515
vn 0.454156 0.890435 -0.029469
vn 0.492270 0.869982 -0.028313
vn 0.529790 0.847698 -0.027047
vn 0.566666 0.823547 -0.025676
vn 0.602830 0.797502 -0.024206
vn 0.637977 0.769722 -0.022657
vn 0.671611 0.740604 -0.021071
vn 0.703278 0.710647 -0.019492
vn 0.733056 0.679932 -0.017928
vn 0.761099 0.648429 -0.016378
vn 0.787553 0.616068 -0.014838
vn 0.812426 0.582913 -0.013310
vn 0.835834 0.548856 -0.011787
vn 0.857763 0.513943 -0.010266
vn 0.878251 0.478119 -0.008743
vn 0.897319 0.441323 -0.007210
vn 0.914971 0.403480 -0.005660
vn 0.931191 0.364510 -0.004086
vn 0.945940 0.324333 -0.002479
vn 0.959160 0.282863 -0.000832
vn 0.970843 0.239714 0.000986
vn 0.043550 0.998693 -0.026740
vn 0.085802 0.995956 -0.026630
vn 0.129603 0.991214 -0.026431
vn 0.171867 0.984773 -0.026154
vn 0.213557 0.976590 -0.025793
vn 0.254749 0.966675 -0.025342
vn 0.295373 0.955060 -0.024801
vn 0.335505 0.941729 -0.024166
vn 0.375140 0.926672 -0.023434
vn 0.414266 0.909875 -0.022605
vn 0.452866 0.891315 -0.021679
vn 0.490910 0.870965 -0.020656
vn 0.528363 0.848794 -0.019538
vn 0.565171 0.824770 -0.018328
vn 0.601265 0.798868 -0.017032
vn 0.636342 0.771248 -0.015669
vn 0.669912 0.742303 -0.014279
vn 0.701526 0.712527 -0.012904
vn 0.731263 0.681998 -0.011549
vn 0.759278 0.650687 -0.010211
vn 0.785718 0.618521 -0.008886
vn 0.810590 0.585566 -0.007572
vn 0.834012 0.551711 -0.006263
vn 0.855969 0.517004 -0.004956
vn 0.876499 0.481391 -0.003646
vn 0.895624 0.444806 -0.002328
vn 0.913349 0.407177 -0.000994
vn 0.929657 0.368427 0.000360
vn 0.944511 0.328475 0.001740
vn 0.957856 0.287233 0.003151
vn 0.969741 0.244093 0.004630
vn 0.043342 0.998914 -0.017091
vn 0.085392 0.996203 -0.016996
vn 0.128998 0.991502 -0.016825
vn 0.171087 0.985116 -0.016592
vn 0.212615 0.977000 -0.016290
vn 0.253658 0.967163 -0.015916
vn 0.294143 0.955636 -0.015470
vn 0.334146 0.942403 -0.014949
vn 0.373660 0.927455 -0.014350
vn 0.412671 0.910777 -0.013675
vn 0.451162 0.892349 -0.012922
vn 0.489101 0.872143 -0.012091
vn 0.526452 0.850131 -0.011184
vn 0.563162 0.826283 -0.010203
vn 0.599161 0.800576 -0.009152
vn 0.634150 0.773168 -0.008045
vn 0.667643 0.744449 -0.006920
vn 0.699199 0.714903 -0.005815
vn 0.728897 0.684607 -0.004730
vn 0.756890 0.653532 -0.003660
vn 0.783327 0.621605 -0.002599
vn 0.808210 0.588893 -0.001543
vn 0.831660 0.555286 -0.000485
vn 0.853661 0.520829 0.000579
vn 0.874251 0.485472 0.001653
vn 0.893452 0.449150 0.002743
vn 0.911270 0.411792 0.003855
vn 0.927688 0.373322 0.004993
vn 0.942673 0.333660 0.006160
vn 0.956169 0.292722 0.007358
vn 0.968204 0.250015 0.008557
vn 0.043120 0.999059 -0.004720
vn 0.084945 0.996375 -0.004653
vn 0.128328 0.991722 -0.004537
vn 0.170208 0.985398 -0.004384
vn 0.211540 0.977360 -0.004189
vn 0.252395 0.967616 -0.003951
vn 0.292702 0.956197 -0.003672
vn 0.332535 0.943085 -0.003348
vn 0.371888 0.928273 -0.002980
vn 0.410746 0.911746 -0.002566
vn 0.449090 0.893484 -0.002106
vn 0.486893 0.873460 -0.001597
vn 0.524114 0.851647 -0.001040
vn 0.560703 0.828017 -0.000434
vn 0.596591 0.802545 0.000222
vn 0.631482 0.775390 0.000918
vn 0.664900 0.746931 0.001624
vn 0.696406 0.717645 0.002312
vn 0.726077 0.687608 0.002985
vn 0.754064 0.656790 0.003651
vn 0.780515 0.625122 0.004321
vn 0.805430 0.592670 0.004999
vn 0.828929 0.559324 0.005695
vn 0.850996 0.525133 0.006413
vn 0.871667 0.490047 0.007160
vn 0.890964 0.454005 0.007941
vn 0.908894 0.416936 0.008760
vn 0.925442 0.378766 0.009622
vn 0.940577 0.339418 0.010529
vn 0.954243 0.298811 0.011482
vn 0.966420 0.256665 0.012459
vn 0.042889 0.999032 0.009771
vn 0.084471 0.996378 0.009804
vn 0.127602 0.991777 0.009855
vn 0.169241 0.985525 0.009914
vn 0.210337 0.977578 0.009982
vn 0.250963 0.967945 0.010056
vn 0.291048 0.956655 0.010136
vn 0.330665 0.943693 0.010220
vn 0.369809 0.929050 0.010310
vn 0.408469 0.912713 0.010406
vn 0.446625 0.894660 0.010509
vn 0.484249 0.874866 0.010622
vn 0.521306 0.853302 0.010748
vn 0.557745 0.829941 0.010891
vn 0.593501 0.804757 0.011055
vn 0.628281 0.777905 0.011240
vn 0.661615 0.749756 0.011424
vn 0.693072 0.720776 0.011592
vn 0.722723 0.691038 0.011751
vn 0.750717 0.660516 0.011915
vn 0.777197 0.629141 0.012096
vn 0.802163 0.596979 0.012302
vn 0.825731 0.563925 0.012545
vn 0.847882 0.530029 0.012833
vn 0.868654 0.495244 0.013172
vn 0.888069 0.459511 0.013569
vn 0.906131 0.422764 0.014029
vn 0.922831 0.384931 0.014557
vn 0.938136 0.345936 0.015154
vn 0.951994 0.305706 0.015823
vn 0.964299 0.264296 0.016566
vn 0.042466 0.998489 0.034878
vn 0.042663 0.998837 0.022472
vn 0.083570 0.995892 0.034860
vn 0.083994 0.996213 0.022475
vn 0.126181 0.991396 0.034816
vn 0.126859 0.991666 0.022471
vn 0.167296 0.985295 0.034736
vn 0.168234 0.985491 0.022449
vn 0.207856 0.977547 0.034611
vn 0.209064 0.977645 0.022406
vn 0.247938 0.968164 0.034435
vn 0.249425 0.968137 0.022339
vn 0.287477 0.957177 0.034203
vn 0.289246 0.956996 0.022244
vn 0.326551 0.944571 0.033910
vn 0.328605 0.944208 0.022119
vn 0.365161 0.930340 0.033553
vn 0.367497 0.929765 0.021962
vn 0.403300 0.914468 0.033131
vn 0.405913 0.913652 0.021775
vn 0.440956 0.896935 0.032644
vn 0.443838 0.895848 0.021559
vn 0.478111 0.877713 0.032095
vn 0.481246 0.876326 0.021317
vn 0.514733 0.856772 0.031488
vn 0.518104 0.855059 0.021053
vn 0.550784 0.834078 0.030832
vn 0.554367 0.832013 0.020774
vn 0.586205 0.809602 0.030138
vn 0.589971 0.807165 0.020488
vn 0.620715 0.783484 0.029417
vn 0.624629 0.780660 0.020201
vn 0.653863 0.756070 0.028670
vn 0.657881 0.752859 0.019903
vn 0.685220 0.727802 0.027904
vn 0.689294 0.724217 0.019590
vn 0.714849 0.698752 0.027136
vn 0.718939 0.694806 0.019273
vn 0.742885 0.668899 0.026384
vn 0.746958 0.664600 0.018970
vn 0.769461 0.638178 0.025666
vn 0.773489 0.633535 0.018694
vn 0.794569 0.606659 0.024998
vn 0.798527 0.601676 0.018458
vn 0.818320 0.574245 0.024395
vn 0.822187 0.568925 0.018275
vn 0.840690 0.540990 0.023871
vn 0.844447 0.535331 0.018156
vn 0.861714 0.506853 0.023438
vn 0.865345 0.500850 0.018110
vn 0.881411 0.471786 0.023105
vn 0.884899 0.465430 0.018143
vn 0.899786 0.435731 0.022883
vn 0.903115 0.429010 0.018265
vn 0.916832 0.398623 0.022780
vn 0.919986 0.391516 0.018478
vn 0.932521 0.360396 0.022802
vn 0.935480 0.352881 0.018787
vn 0.946808 0.320980 0.022955
vn 0.949548 0.313032 0.019196
vn 0.959722 0.279979 0.023353
vn 0.962113 0.271933 0.019752
vn 0.042315 0.997917 0.048702
vn 0.083227 0.995342 0.048666
vn 0.125612 0.990889 0.048585
vn 0.166482 0.984854 0.048448
vn 0.206779 0.977197 0.048244
vn 0.246582 0.967934 0.047964
vn 0.285829 0.957098 0.047597
vn 0.324605 0.944674 0.047137
vn 0.362913 0.930658 0.046579
vn 0.400753 0.915035 0.045918
vn 0.438119 0.897782 0.045154
vn 0.474996 0.878873 0.044289
vn 0.511362 0.858272 0.043326
vn 0.547182 0.835946 0.042276
vn 0.582403 0.811858 0.041150
vn 0.616755 0.786140 0.039967
vn 0.649796 0.759121 0.038739
vn 0.681097 0.731233 0.037486
vn 0.710713 0.702549 0.036228
vn 0.738771 0.673047 0.034989
vn 0.765401 0.642666 0.033787
vn 0.790586 0.611480 0.032644
vn 0.814436 0.579394 0.031577
vn 0.836924 0.546464 0.030604
vn 0.858079 0.512657 0.029740
vn 0.877922 0.477926 0.028998
vn 0.896458 0.442218 0.028391
vn 0.913680 0.405474 0.027932
vn 0.929561 0.367631 0.027630
vn 0.944061 0.328624 0.027499
vn 0.957273 0.287861 0.027642
vn 0.042247 0.997174 0.062125
vn 0.083039 0.994611 0.062081
vn 0.125263 0.990186 0.061983
vn 0.165938 0.984197 0.061819
vn 0.206010 0.976611 0.061573
vn 0.245559 0.967446 0.061231
vn 0.284532 0.956738 0.060783
vn 0.323014 0.944476 0.060217
vn 0.361017 0.930658 0.059524
vn 0.398546 0.915268 0.058699
vn 0.435602 0.898286 0.057738
vn 0.472177 0.879682 0.056641
vn 0.508257 0.859421 0.055411
vn 0.543814 0.837463 0.054056
vn 0.578803 0.813770 0.052589
vn 0.612964 0.788461 0.051034
vn 0.645869 0.761847 0.049412
vn 0.677087 0.734352 0.047753
vn 0.706665 0.706046 0.046085
vn 0.734725 0.676909 0.044432
vn 0.761387 0.646883 0.042815
vn 0.786630 0.616044 0.041260
vn 0.810561 0.584302 0.039787
vn 0.833148 0.551715 0.038418
vn 0.854418 0.518255 0.037172
vn 0.874392 0.483878 0.036066
vn 0.893075 0.448535 0.035118
vn 0.910458 0.412173 0.034345
vn 0.926520 0.374728 0.033765
vn 0.941219 0.336143 0.033396
vn 0.954681 0.295759 0.033332
vn 0.042273 0.996368 0.073915
vn 0.083035 0.993805 0.073865
vn 0.125178 0.989389 0.073754
vn 0.165729 0.983424 0.073567
vn 0.205636 0.975881 0.073287
vn 0.244984 0.966783 0.072897
vn 0.283724 0.956170 0.072383
vn 0.321948 0.944036 0.071732
vn 0.359675 0.930378 0.070932
vn 0.396916 0.915184 0.069977
vn 0.433678 0.898433 0.068859
vn 0.469962 0.880096 0.067577
vn 0.505762 0.860135 0.066133
vn 0.541059 0.838505 0.064534
vn 0.575817 0.815164 0.062794
vn 0.609787 0.790219 0.060940
vn 0.642552 0.763967 0.059001
vn 0.673680 0.736821 0.057015
vn 0.703211 0.708849 0.055015
vn 0.731261 0.680033 0.053027
vn 0.757943 0.650319 0.051077
vn 0.783230 0.619783 0.049192
vn 0.807225 0.588338 0.047396
vn 0.829893 0.556047 0.045715
vn 0.851257 0.522886 0.044172
vn 0.871339 0.488812 0.042787
vn 0.890143 0.453780 0.041584
vn 0.907660 0.417739 0.040586
vn 0.923870 0.380630 0.039818
vn 0.938734 0.342395 0.039306
vn 0.952377 0.302402 0.039129
vn 0.042380 0.995483 0.084962
vn 0.083185 0.992910 0.084906
vn 0.125314 0.988488 0.084786
vn 0.165796 0.982526 0.084583
vn 0.205582 0.975004 0.084278
vn 0.244765 0.965950 0.083852
vn 0.283298 0.955408 0.083289
vn 0.321283 0.943376 0.082573
vn 0.358744 0.929855 0.081691
vn 0.395699 0.914834 0.080634
vn 0.432163 0.898294 0.079393
vn 0.468147 0.880204 0.077965
vn 0.503651 0.860527 0.076351
vn 0.538667 0.839213 0.074557
vn 0.573171 0.816214 0.072596
vn 0.606925 0.791626 0.070498
vn 0.639524 0.765731 0.068300
vn 0.670539 0.738929 0.066047
vn 0.700000 0.711289 0.063775
vn 0.728017 0.682794 0.061514
vn 0.754693 0.653393 0.059291
vn 0.780001 0.623164 0.057139
vn 0.804038 0.592022 0.055082
vn 0.826762 0.560035 0.053153
vn 0.848198 0.527181 0.051377
vn 0.868365 0.493422 0.049781
vn 0.887265 0.458714 0.048394
vn 0.904894 0.423006 0.047244
vn 0.921231 0.386244 0.046366
vn 0.936238 0.348368 0.045799
vn 0.950038 0.308782 0.045626
vn 0.042564 0.994511 0.095587
vn 0.083480 0.991920 0.095528
vn 0.125658 0.987476 0.095398
vn 0.166119 0.981502 0.095180
vn 0.205827 0.973981 0.094852
vn 0.244876 0.964949 0.094393
vn 0.283228 0.954456 0.093785
vn 0.320991 0.942504 0.093012
vn 0.358195 0.929097 0.092058
vn 0.394866 0.914230 0.090912
vn 0.431030 0.897882 0.089563
vn 0.466704 0.880024 0.088008
vn 0.501900 0.860615 0.086246
vn 0.536620 0.839604 0.084282
vn 0.570850 0.816936 0.082130
vn 0.604367 0.792697 0.079821
vn 0.636778 0.767153 0.077397
vn 0.667658 0.740690 0.074911
vn 0.697030 0.713377 0.072402
vn 0.724993 0.685200 0.069903
vn 0.751646 0.656110 0.067445
vn 0.776954 0.626186 0.065063
vn 0.801011 0.595348 0.062787
vn 0.823772 0.563668 0.060650
vn 0.845259 0.531124 0.058686
vn 0.865489 0.497683 0.056925
vn 0.884467 0.463302 0.055402
vn 0.902188 0.427931 0.054155
vn 0.918630 0.391518 0.053226
vn 0.933761 0.354001 0.052667
vn 0.947703 0.314789 0.052599
vn 0.042821 0.993448 0.105957
vn 0.083912 0.990831 0.105891
vn 0.126194 0.986353 0.105750
vn 0.166683 0.980349 0.105515
vn 0.206350 0.972811 0.105162
vn 0.245296 0.963781 0.104669
vn 0.283489 0.953318 0.104017
vn 0.321044 0.941426 0.103187
vn 0.357999 0.928116 0.102163
vn 0.394388 0.913384 0.100931
vn 0.430247 0.897213 0.099481
vn 0.465603 0.879572 0.097807
vn 0.500477 0.860421 0.095908
vn 0.534886 0.839703 0.093788
vn 0.568822 0.817360 0.091459
vn 0.602081 0.793464 0.088956
vn 0.634285 0.768265 0.086325
vn 0.665011 0.742137 0.083625
vn 0.694275 0.715149 0.080900
vn 0.722167 0.687286 0.078184
vn 0.748779 0.658505 0.075512
vn 0.774071 0.628885 0.072924
vn 0.798131 0.598351 0.070451
vn 0.820913 0.566975 0.068134
vn 0.842437 0.534737 0.066009
vn 0.862717 0.501606 0.064114
vn 0.881758 0.467545 0.062488
vn 0.899556 0.432500 0.061179
vn 0.916092 0.396417 0.060240
vn 0.931334 0.359234 0.059735
vn 0.945425 0.320299 0.059832
vn 0.043153 0.992220 0.116778
vn 0.084483 0.989567 0.116702
vn 0.126929 0.985041 0.116545
vn 0.167494 0.978991 0.116286
vn 0.207159 0.971418 0.115899
vn 0.246031 0.962372 0.115362
vn 0.284087 0.951919 0.114654
vn 0.321449 0.940069 0.113756
vn 0.358163 0.926839 0.112649
vn 0.394272 0.912227 0.111319
vn 0.429820 0.896219 0.109755
vn 0.464848 0.878785 0.107949
vn 0.499387 0.859883 0.105898
vn 0.533463 0.839454 0.103608
vn 0.567084 0.817433 0.101090
vn 0.600064 0.793880 0.098379
vn 0.632040 0.769025 0.095528
vn 0.662592 0.743234 0.092602
vn 0.691729 0.716571 0.089645
vn 0.719532 0.689026 0.086699
vn 0.746084 0.660557 0.083800
vn 0.771344 0.631244 0.080991
vn 0.795391 0.601016 0.078311
vn 0.818179 0.569945 0.075803
vn 0.839725 0.538013 0.073510
vn 0.860042 0.505192 0.071473
vn 0.879134 0.471444 0.069739
vn 0.896995 0.436721 0.068366
vn 0.913613 0.400956 0.067418
vn 0.928957 0.364079 0.066974
vn 0.943187 0.325389 0.067241
vn 0.043564 0.990768 0.128382
vn 0.085203 0.988070 0.128292
vn 0.127873 0.983482 0.128111
vn 0.168562 0.977369 0.127817
vn 0.208263 0.969742 0.127383
vn 0.247091 0.960662 0.126788
vn 0.285031 0.950200 0.126007
vn 0.322211 0.938376 0.125022
vn 0.358688 0.925210 0.123812
vn 0.394516 0.910706 0.122362
vn 0.429746 0.894852 0.120659
vn 0.464430 0.877620 0.118696
vn 0.498613 0.858965 0.116468
vn 0.532335 0.838826 0.113980
vn 0.565617 0.817130 0.111245
vn 0.598290 0.793928 0.108297
vn 0.630010 0.769429 0.105196
vn 0.660364 0.743985 0.102011
vn 0.689348 0.717663 0.098791
vn 0.717037 0.690451 0.095581
vn 0.743510 0.662308 0.092422
vn 0.768714 0.633320 0.089359
vn 0.792730 0.603414 0.086436
vn 0.815505 0.572665 0.083704
vn 0.837056 0.541057 0.081207
vn 0.857393 0.508563 0.078994
vn 0.876523 0.475143 0.077119
vn 0.894437 0.440749 0.075651
vn 0.911126 0.405309 0.074664
vn 0.926563 0.368738 0.074252
vn 0.940915 0.330309 0.074664
vn 0.044059 0.989030 0.140991
vn 0.086080 0.986277 0.140881
vn 0.129036 0.981612 0.140666
vn 0.169899 0.975419 0.140325
vn 0.209676 0.967721 0.139830
vn 0.248487 0.958587 0.139157
vn 0.286329 0.948100 0.138283
vn 0.323337 0.936287 0.137186
vn 0.359579 0.923173 0.135847
vn 0.395117 0.908769 0.134248
vn 0.430015 0.893064 0.132377
vn 0.464335 0.876034 0.130223
vn 0.498138 0.857630 0.127784
vn 0.531474 0.837792 0.125063
vn 0.564383 0.816438 0.122071
vn 0.596715 0.793604 0.118847
vn 0.628144 0.769484 0.115454
vn 0.658264 0.744414 0.111966
vn 0.687065 0.718459 0.108438
vn 0.714610 0.691610 0.104917
vn 0.740972 0.663828 0.101449
vn 0.766096 0.635198 0.098083
vn 0.790053 0.605654 0.094867
vn 0.812792 0.575267 0.091856
vn 0.834325 0.544025 0.089101
vn 0.854663 0.511900 0.086654
vn 0.873817 0.478843 0.084579
vn 0.891774 0.444809 0.082968
vn 0.908527 0.409720 0.081899
vn 0.924053 0.373481 0.081477
vn 0.938528 0.335332 0.081965
vn 0.044646 0.986942 0.154762
vn 0.087125 0.984124 0.154625
vn 0.130437 0.979366 0.154366
vn 0.171525 0.973075 0.153965
vn 0.211416 0.965285 0.153391
vn 0.250237 0.956080 0.152621
vn 0.287997 0.945550 0.151632
vn 0.324839 0.933734 0.150400
vn 0.360839 0.920664 0.148905
vn 0.396074 0.906355 0.147129
vn 0.430619 0.890800 0.145059
vn 0.464550 0.873977 0.142684
vn 0.497936 0.855839 0.139999
vn 0.530848 0.836319 0.137008
vn 0.563340 0.815332 0.133722
vn 0.595285 0.792898 0.130182
vn 0.626383 0.769191 0.126454
vn 0.656225 0.744535 0.122620
vn 0.684802 0.718990 0.118737
vn 0.712167 0.692551 0.114857
vn 0.738380 0.665182 0.111029
vn 0.763386 0.636967 0.107307
vn 0.787252 0.607843 0.103743
vn 0.809923 0.577880 0.100395
vn 0.831408 0.547074 0.097320
vn 0.851721 0.515390 0.094574
vn 0.870896 0.482734 0.092240
vn 0.888897 0.449089 0.090449
vn 0.905710 0.414392 0.089275
vn 0.921320 0.378521 0.088832
vn 0.935868 0.340851 0.089291
vn 0.045339 0.984444 0.169751
vn 0.088362 0.981547 0.169581
vn 0.132102 0.976676 0.169271
vn 0.173472 0.970265 0.168798
vn 0.213516 0.962363 0.168132
vn 0.252375 0.953065 0.167253
vn 0.290064 0.942477 0.166133
vn 0.326738 0.930645 0.164751
vn 0.362488 0.917609 0.163084
vn 0.397401 0.903391 0.161116
vn 0.431564 0.887990 0.158829
vn 0.465068 0.871383 0.156215
vn 0.497996 0.853527 0.153267
vn 0.530435 0.834352 0.149987
vn 0.562460 0.813763 0.146389
vn 0.593965 0.791768 0.142511
vn 0.624677 0.768516 0.138427
vn 0.654198 0.744318 0.134222
vn 0.682501 0.719238 0.129959
vn 0.709637 0.693265 0.125693
vn 0.735660 0.666370 0.121476
vn 0.760508 0.638633 0.117364
vn 0.784243 0.610000 0.113418
vn 0.806807 0.580541 0.109698
vn 0.828211 0.550249 0.106262
vn 0.848463 0.519101 0.103172
vn 0.867675 0.486858 0.100548
vn 0.885739 0.453593 0.098588
vn 0.902609 0.419308 0.097349
vn 0.918292 0.383852 0.096940
vn 0.932624 0.347515 0.097187
vn 0.046178 0.981347 0.186618
vn 0.089868 0.978353 0.186409
vn 0.134141 0.973342 0.186040
vn 0.175870 0.966780 0.185487
vn 0.216124 0.958733 0.184721
vn 0.255057 0.949311 0.183722
vn 0.292697 0.938635 0.182463
vn 0.329210 0.926762 0.180921
vn 0.364699 0.913743 0.179076
vn 0.399269 0.899605 0.176907
vn 0.433017 0.884354 0.174399
vn 0.466051 0.867969 0.171540
vn 0.498472 0.850407 0.168325
vn 0.530382 0.831596 0.164753
vn 0.561879 0.811433 0.160837
vn 0.592880 0.789914 0.156618
vn 0.623143 0.767161 0.152173
vn 0.652282 0.743468 0.147592
vn 0.680259 0.718899 0.142940
vn 0.707114 0.693446 0.138280
vn 0.732895 0.667081 0.133667
vn 0.757536 0.639889 0.129157
vn 0.781091 0.611815 0.124817
vn 0.803501 0.582936 0.120714
vn 0.824778 0.553240 0.116906
vn 0.844925 0.522713 0.113459
vn 0.864108 0.491031 0.110478
vn 0.882164 0.458338 0.108223
vn 0.898982 0.424788 0.106707
vn 0.914611 0.390182 0.106037
vn 0.928589 0.355651 0.106000
vn 0.047211 0.977609 0.205066
vn 0.091725 0.974493 0.204816
vn 0.136658 0.969306 0.204381
vn 0.178835 0.962552 0.203743
vn 0.219361 0.954318 0.202873
vn 0.258402 0.944735 0.201752
vn 0.296001 0.933939 0.200355
vn 0.332341 0.922000 0.198659
vn 0.367540 0.908980 0.196644
vn 0.401717 0.894917 0.194288
vn 0.434990 0.879820 0.191575
vn 0.467480 0.863674 0.188493
vn 0.499309 0.846436 0.185034
vn 0.530599 0.828029 0.181197
vn 0.561474 0.808344 0.176993
vn 0.591885 0.787356 0.172461
vn 0.621609 0.765169 0.167685
vn 0.650283 0.742053 0.162756
vn 0.677859 0.718070 0.157744
vn 0.704362 0.693219 0.152715
vn 0.729834 0.667472 0.147728
vn 0.754201 0.640919 0.142842
vn 0.777516 0.613506 0.138128
vn 0.799710 0.585320 0.133655
vn 0.820796 0.556352 0.129484
vn 0.840780 0.526586 0.125681
vn 0.859768 0.495823 0.122305
vn 0.877644 0.464156 0.119587
vn 0.894281 0.431805 0.117503
vn 0.909744 0.398583 0.116181
vn 0.923706 0.365211 0.115703
vn 0.048344 0.973563 0.223244
vn 0.093751 0.970311 0.222950
vn 0.139403 0.964926 0.222451
vn 0.182063 0.957960 0.221732
vn 0.222875 0.949520 0.220767
vn 0.262026 0.939758 0.219540
vn 0.299568 0.928829 0.218028
vn 0.335709 0.916817 0.216208
vn 0.370579 0.903797 0.214060
vn 0.404314 0.889815 0.211563
vn 0.437052 0.874888 0.208700
vn 0.468933 0.859005 0.205457
vn 0.500093 0.842124 0.201825
vn 0.530681 0.824168 0.197801
vn 0.560843 0.805018 0.193393
vn 0.590568 0.784631 0.188635
vn 0.619678 0.763076 0.183615
vn 0.647807 0.740615 0.178427
vn 0.674906 0.717303 0.173141
vn 0.700986 0.693147 0.167826
vn 0.726077 0.668125 0.162547
vn 0.750102 0.642328 0.157358
vn 0.773105 0.615713 0.152336
vn 0.795015 0.588371 0.147550
vn 0.815834 0.560312 0.143060
vn 0.835571 0.531527 0.138926
vn 0.854248 0.501978 0.135196
vn 0.049465 0.969489 0.240092
vn 0.095752 0.966099 0.239760
vn 0.142118 0.960513 0.239202
vn 0.185263 0.953330 0.238411
vn 0.226368 0.944677 0.237367
vn 0.265638 0.934727 0.236055
vn 0.303140 0.923654 0.234455
vn 0.339098 0.911556 0.232546
vn 0.373661 0.898519 0.230309
vn 0.406980 0.884596 0.227723
vn 0.439208 0.869813 0.224771
vn 0.470502 0.854163 0.221437
vn 0.501016 0.837607 0.217711
vn 0.530915 0.820067 0.213587
vn 0.560372 0.801420 0.209070
vn 0.589409 0.781603 0.204192
vn 0.617899 0.760648 0.199037
vn 0.645481 0.738806 0.193700
vn 0.672088 0.716140 0.188255
vn 0.697731 0.692651 0.182772
vn 0.722418 0.668334 0.177319
vn 0.746074 0.643279 0.171949
vn 0.768733 0.617452 0.166741
vn 0.790315 0.590962 0.161760
vn 0.810818 0.563832 0.157063
vn 0.830245 0.536073 0.152706
vn 0.848599 0.507694 0.148749
vn 0.865895 0.478673 0.145255
vn 0.871857 0.471632 0.132017
vn 0.882118 0.449027 0.142277
vn 0.888304 0.440650 0.129398
vn 0.897300 0.418667 0.139897
vn 0.903646 0.408874 0.127462
vn 0.911305 0.387852 0.138183
vn 0.917861 0.376210 0.126482
vn 0.050883 0.965086 0.256945
vn 0.098319 0.961511 0.256573
vn 0.145624 0.955658 0.255951
vn 0.189451 0.948177 0.255087
vn 0.231019 0.939219 0.253964
vn 0.270550 0.928984 0.252571
vn 0.308139 0.917662 0.250892
vn 0.344029 0.905367 0.248906
vn 0.378386 0.892196 0.246597
vn 0.411385 0.878211 0.243944
vn 0.443193 0.863443 0.240929
vn 0.473984 0.847889 0.237535
vn 0.503941 0.831507 0.233751
vn 0.533245 0.814217 0.229567
vn 0.562087 0.795889 0.224986
vn 0.590530 0.776439 0.220039
vn 0.618466 0.755882 0.214807
vn 0.645552 0.734451 0.209390
vn 0.671714 0.712208 0.203862
vn 0.696949 0.689159 0.198298
vn 0.721262 0.665299 0.192765
vn 0.744552 0.640744 0.187321
vn 0.766855 0.615462 0.182043
vn 0.788079 0.589579 0.176997
vn 0.808209 0.563145 0.172236
vn 0.827240 0.536205 0.167802
vn 0.845169 0.508803 0.163737
vn 0.861995 0.480980 0.160071
vn 0.877717 0.452791 0.156822
vn 0.892332 0.424299 0.153992
vn 0.905546 0.396268 0.151522
vn 0.051919 0.961210 0.270887
vn 0.100713 0.957467 0.270394
vn 0.148531 0.951386 0.269820
vn 0.192914 0.943650 0.268902
vn 0.234872 0.934428 0.267732
vn 0.274620 0.923943 0.266294
vn 0.312285 0.912403 0.264571
vn 0.348118 0.899933 0.262552
vn 0.382301 0.886641 0.260220
vn 0.415022 0.872594 0.257557
vn 0.448014 0.856891 0.254993
vn 0.477725 0.841729 0.251537
vn 0.507645 0.825286 0.247384
vn 0.536400 0.808161 0.243209
vn 0.564693 0.790045 0.238644
vn 0.592632 0.770819 0.233721
vn 0.620112 0.750495 0.228515
vn 0.646794 0.729299 0.223115
vn 0.672598 0.707290 0.217607
vn 0.697501 0.684484 0.212072
vn 0.721483 0.660901 0.206575
vn 0.744466 0.636627 0.201188
vn 0.766458 0.611661 0.195992
vn 0.787369 0.586135 0.191041
vn 0.807166 0.560128 0.186386
vn 0.825827 0.533725 0.182062
vn 0.843327 0.507037 0.178084
vn 0.859627 0.480221 0.174438
vn 0.874660 0.453555 0.171050
vn 0.888285 0.427582 0.167700
vn 0.904679 0.391447 0.168303
vn 0.052083 0.959260 0.277683
vn 0.100433 0.955558 0.277168
vn 0.147713 0.949559 0.276621
vn 0.191827 0.941906 0.275711
vn 0.233525 0.932783 0.274557
vn 0.273024 0.922414 0.273148
vn 0.310437 0.911008 0.271465
vn 0.345980 0.898702 0.269504
vn 0.379845 0.885606 0.267247
vn 0.412209 0.871796 0.264679
vn 0.444999 0.856352 0.261987
vn 0.026512 0.979318 -0.200583
vn 0.083946 0.976405 -0.198963
vn 0.054820 0.978289 -0.199863
vn 0.141391 0.970297 -0.196299
vn 0.112697 0.973753 -0.197749
vn 0.198683 0.960921 -0.192757
vn 0.170065 0.966022 -0.194629
vn 0.227269 0.954975 -0.190714
vn 0.312545 0.931973 -0.183690
vn 0.284236 0.940503 -0.186185
vn 0.255803 0.948169 -0.188523
vn 0.970599 0.240345 -0.013091
vn 0.967412 0.252807 -0.014266
vn 0.973040 0.230352 -0.011430
vn 0.976096 0.217184 -0.008306
vn 0.974905 0.222409 -0.009714
vn 0.977219 0.212158 -0.005710
vn 0.976870 0.213719 -0.007053
vn 0.977167 0.212439 -0.003848
vn 0.976104 0.217296 0.001876
vn 0.976745 0.214400 -0.001307
vn 0.973607 0.228052 0.009042
vn 0.975118 0.221627 0.005247
vn 0.476255 0.840294 0.259013
vn 0.506627 0.823679 0.254719
vn 0.534772 0.806952 0.250693
vn 0.562421 0.789315 0.246301
vn 0.589737 0.770622 0.241562
vn 0.616726 0.750802 0.236528
vn 0.643025 0.730085 0.231289
vn 0.970004 0.242505 0.016813
vn 0.971912 0.234988 0.012971
vn 0.965755 0.258408 0.023291
vn 0.967994 0.250190 0.019814
vn 0.963571 0.266028 0.027576
vn 0.959015 0.280708 0.038640
vn 0.961151 0.274039 0.033046
vn 0.954583 0.293390 0.051908
vn 0.956791 0.287278 0.044964
vn 0.952404 0.299042 0.059160
vn 0.668524 0.708540 0.225935
vn 0.693180 0.686191 0.220553
vn 0.716946 0.663078 0.215213
vn 0.739747 0.639279 0.209990
vn 0.761594 0.614788 0.204966
vn 0.782404 0.589715 0.200203
vn 0.802155 0.564116 0.195756
vn 0.838364 0.511666 0.187998
vn 0.854781 0.484994 0.184744
vn 0.870015 0.458243 0.181899
vn 0.883973 0.431760 0.179375
vn 0.896604 0.405879 0.177097
vn 0.820813 0.538076 0.191676
vn 0.948173 0.308989 0.074115
vn 0.950285 0.304167 0.066635
vn 0.945974 0.313869 0.081361
vn 0.943472 0.319424 0.088485
vn 0.936354 0.335177 0.104388
vn 0.940320 0.326454 0.096050
vn 0.931697 0.345076 0.113414
vn 0.915373 0.374632 0.147454
vn 0.921259 0.364739 0.135085
vn 0.910038 0.382669 0.159357
vn 0.926639 0.355137 0.123363
vn -0.830941 -0.555413 0.032456
vn -0.864129 -0.502782 0.022174
vn -0.844278 -0.535380 0.023735
vn -0.820003 -0.569348 0.058631
vn -0.906512 -0.422141 0.005821
vn -0.893342 -0.449302 0.008186
vn -0.872265 -0.488786 0.015534
vn -0.890671 -0.454389 0.015334
vn -0.919341 -0.393460 -0.001239
vn -0.909183 -0.416395 0.001166
vn -0.930197 -0.367043 -0.003518
vn -0.921513 -0.388345 -0.001433
vn -0.938825 -0.344394 -0.000809
vn -0.931865 -0.362804 0.001245
vn -0.945845 -0.324587 0.004571
vn -0.939623 -0.342148 0.006610
vn -0.951164 -0.308557 0.008979
vn -0.944985 -0.326946 0.010519
vn -0.955268 -0.295531 0.011187
vn -0.949061 -0.314846 0.012462
vn -0.758400 -0.647979 0.070373
vn -0.811635 -0.569815 0.128686
vn -0.799752 -0.596345 0.069064
vn -0.822386 -0.568137 0.030023
vn -0.850740 -0.525278 0.018031
vn -0.873460 -0.486784 0.010457
vn -0.891448 -0.453091 0.005382
vn -0.905452 -0.424437 0.003087
vn -0.916469 -0.400072 0.005222
vn -0.924832 -0.380247 0.009969
vn -0.930804 -0.365270 0.013495
vn -0.935336 -0.353439 0.015083
vn -0.938404 -0.345206 0.015172
vn -0.951863 -0.306257 0.012811
vn -0.940620 -0.339158 0.014359
vn -0.953916 -0.299825 0.012224
vn -0.941852 -0.335774 0.013050
vn -0.955082 -0.296130 0.011184
vn -0.942331 -0.334490 0.011356
vn -0.955553 -0.294653 0.009898
vn -0.942038 -0.335367 0.009678
vn -0.955330 -0.295413 0.008702
vn -0.941090 -0.338066 0.007789
vn -0.954514 -0.298075 0.007418
vn -0.939488 -0.342535 0.005711
vn -0.953074 -0.302681 0.005920
vn -0.937398 -0.348243 0.003413
vn -0.951157 -0.308680 0.004073
vn -0.934732 -0.355352 0.000704
vn -0.948715 -0.316128 0.001722
vn -0.931739 -0.363122 -0.002054
vn -0.945938 -0.324348 -0.000792
vn -0.928272 -0.371867 -0.005149
vn -0.942705 -0.333605 -0.003849
vn -0.924297 -0.381584 -0.008291
vn -0.939035 -0.343752 -0.006930
vn -0.920399 -0.390821 -0.011174
vn -0.935336 -0.353627 -0.009786
vn -0.916135 -0.400619 -0.014186
vn -0.931397 -0.363781 -0.012744
vn -0.907013 -0.420650 -0.019514
vn -0.911753 -0.410405 -0.016545
vn -0.927266 -0.374104 -0.014977
vn -0.922731 -0.385030 -0.017867
vn -0.901952 -0.431212 -0.023212
vn -0.917952 -0.396104 -0.021565
vn -0.896861 -0.441446 -0.027667
vn -0.913162 -0.406761 -0.026112
vn -0.892377 -0.450108 -0.032656
vn -0.908985 -0.415659 -0.031222
vn -0.888174 -0.457925 -0.038115
vn -0.904985 -0.423841 -0.036881
vn -0.884239 -0.464990 -0.043660
vn -0.901143 -0.431415 -0.042687
vn -0.880541 -0.471421 -0.049090
vn -0.897468 -0.438415 -0.048420
vn -0.877030 -0.477350 -0.054368
vn -0.893973 -0.444851 -0.054031
vn -0.873568 -0.483060 -0.059429
vn -0.890596 -0.450892 -0.059465
vn -0.870005 -0.488833 -0.064300
vn -0.887211 -0.456810 -0.064660
vn -0.866253 -0.494778 -0.069281
vn -0.883670 -0.462873 -0.069834
vn -0.862306 -0.500830 -0.074821
vn -0.879809 -0.469313 -0.075374
vn -0.858228 -0.506785 -0.081328
vn -0.875578 -0.476106 -0.081773
vn -0.854027 -0.512578 -0.088894
vn -0.871140 -0.482849 -0.089284
vn -0.849801 -0.517978 -0.097659
vn -0.866576 -0.489344 -0.097918
vn -0.845186 -0.523640 -0.107060
vn -0.861826 -0.495726 -0.107298
vn -0.840385 -0.529168 -0.117189
vn -0.856284 -0.503147 -0.116713
vn -0.836914 -0.531772 -0.129588
vn -0.856001 -0.499988 -0.131432
vn -0.767933 -0.637975 0.057152
vn -0.737760 -0.670701 0.076617
vn -0.802328 -0.595700 0.037562
vn -0.831273 -0.555319 0.024624
vn -0.854753 -0.518771 0.016566
vn -0.873543 -0.486620 0.011148
vn -0.888301 -0.459185 0.008364
vn -0.900008 -0.435765 0.009722
vn -0.908971 -0.416637 0.013631
vn -0.915414 -0.402174 0.016540
vn -0.920310 -0.390789 0.017690
vn -0.923611 -0.382932 0.017479
vn -0.925972 -0.377238 0.016372
vn -0.927259 -0.374130 0.014752
vn -0.927719 -0.373065 0.012643
vn -0.927352 -0.374044 0.010496
vn -0.926281 -0.376747 0.008050
vn -0.924523 -0.381087 0.005443
vn -0.922259 -0.386562 0.002726
vn -0.919395 -0.393335 -0.000302
vn -0.916200 -0.400708 -0.003244
vn -0.912516 -0.408990 -0.006434
vn -0.908309 -0.418188 -0.009626
vn -0.904193 -0.426939 -0.012564
vn -0.899707 -0.436214 -0.015652
vn -0.890157 -0.455162 -0.021169
vn -0.895101 -0.445495 -0.018112
vn -0.884877 -0.465154 -0.024974
vn -0.879618 -0.474767 -0.029463
vn -0.874992 -0.482914 -0.034388
vn -0.870689 -0.490231 -0.039681
vn -0.866680 -0.496831 -0.044994
vn -0.862914 -0.502856 -0.050154
vn -0.859337 -0.508425 -0.055163
vn -0.855805 -0.513807 -0.059996
vn -0.852180 -0.519233 -0.064707
vn -0.848386 -0.524782 -0.069605
vn -0.844432 -0.530368 -0.075132
vn -0.840402 -0.535772 -0.081687
vn -0.836330 -0.540894 -0.089362
vn -0.832341 -0.545476 -0.098309
vn -0.828155 -0.549993 -0.108012
vn -0.824118 -0.553851 -0.118651
vn -0.821753 -0.554434 -0.131626
vn -0.747685 -0.660652 0.067126
vn -0.718910 -0.689678 0.086683
vn -0.782085 -0.621483 0.045845
vn -0.811339 -0.583703 0.031940
vn -0.835336 -0.549248 0.023268
vn -0.854732 -0.518778 0.017366
vn -0.870100 -0.492677 0.013990
vn -0.882388 -0.470300 0.014494
vn -0.891873 -0.451948 0.017486
vn -0.898735 -0.438051 0.019689
vn -0.903960 -0.427135 0.020315
vn -0.907468 -0.419658 0.019738
vn -0.909957 -0.414299 0.018286
vn -0.911292 -0.411438 0.016323
vn -0.911733 -0.410552 0.013789
vn -0.911298 -0.411596 0.011188
vn -0.910121 -0.414262 0.008219
vn -0.908226 -0.418449 0.005125
vn -0.905812 -0.423675 0.002023
vn -0.902778 -0.430105 -0.001300
vn -0.899410 -0.437084 -0.004418
vn -0.895540 -0.444915 -0.007704
vn -0.891133 -0.453611 -0.010955
vn -0.886826 -0.461893 -0.013963
vn -0.882143 -0.470668 -0.017146
vn -0.872216 -0.488585 -0.022889
vn -0.877339 -0.479465 -0.019723
vn -0.866743 -0.498033 -0.026822
vn -0.861342 -0.507056 -0.031370
vn -0.856598 -0.514709 -0.036268
vn -0.852215 -0.521548 -0.041445
vn -0.848151 -0.527702 -0.046584
vn -0.844339 -0.533325 -0.051539
vn -0.840716 -0.538537 -0.056347
vn -0.837141 -0.543574 -0.061014
vn -0.833483 -0.548635 -0.065617
vn -0.829678 -0.553775 -0.070474
vn -0.825749 -0.558891 -0.076022
vn -0.821801 -0.563749 -0.082649
vn -0.817884 -0.568229 -0.090451
vn -0.814156 -0.572045 -0.099575
vn -0.810387 -0.575566 -0.109533
vn -0.806994 -0.578131 -0.120526
vn -0.805423 -0.577406 -0.133775
vn -0.727352 -0.681933 0.076976
vn -0.699658 -0.707968 0.096228
vn -0.761595 -0.645764 0.054427
vn -0.790953 -0.610592 0.039623
vn -0.815273 -0.578284 0.030289
vn -0.835110 -0.549567 0.023830
vn -0.850953 -0.524869 0.019807
vn -0.863717 -0.503603 0.019423
vn -0.873646 -0.486088 0.021455
vn -0.880874 -0.472796 0.022895
vn -0.886390 -0.462371 0.022932
vn -0.890081 -0.455273 0.021941
vn -0.892684 -0.450235 0.020105
vn -0.894060 -0.447595 0.017777
vn -0.894485 -0.446853 0.014816
vn -0.893992 -0.447927 0.011778
vn -0.892724 -0.450527 0.008320
vn -0.890715 -0.454538 0.004778
vn -0.888176 -0.459502 0.001321
vn -0.884999 -0.465587 -0.002277
vn -0.881485 -0.472179 -0.005564
vn -0.877457 -0.479571 -0.008950
vn -0.872879 -0.487783 -0.012271
vn -0.868408 -0.495612 -0.015364
vn -0.863556 -0.503907 -0.018659
vn -0.853297 -0.520841 -0.024662
vn -0.858576 -0.512242 -0.021370
vn -0.847656 -0.529768 -0.028741
vn -0.842139 -0.538228 -0.033367
vn -0.837296 -0.545409 -0.038271
vn -0.832853 -0.551792 -0.043374
vn -0.828754 -0.557517 -0.048387
vn -0.824914 -0.562750 -0.053192
vn -0.821265 -0.567606 -0.057855
vn -0.817669 -0.572296 -0.062407
vn -0.814002 -0.576991 -0.066947
vn -0.810210 -0.581726 -0.071799
vn -0.806336 -0.586373 -0.077396
vn -0.802497 -0.590697 -0.084121
vn -0.798762 -0.594562 -0.092063
vn -0.795307 -0.597672 -0.101367
vn -0.791933 -0.600334 -0.111545
vn -0.789112 -0.601849 -0.122804
vn -0.788157 -0.600214 -0.136204
vn -0.706791 -0.702123 0.086422
vn -0.680073 -0.725539 0.105327
vn -0.740766 -0.668800 0.063025
vn -0.770045 -0.636223 0.047445
vn -0.794507 -0.606099 0.037458
vn -0.814621 -0.579195 0.030412
vn -0.830809 -0.555963 0.025726
vn -0.843947 -0.535869 0.024447
vn -0.854244 -0.519247 0.025500
vn -0.861784 -0.506602 0.026137
vn -0.867552 -0.496691 0.025540
vn -0.871403 -0.489975 0.024096
vn -0.874105 -0.485245 0.021846
vn -0.875518 -0.482807 0.019140
vn -0.875932 -0.482178 0.015751
vn -0.875393 -0.483256 0.012292
vn -0.874050 -0.485764 0.008377
vn -0.871948 -0.489579 0.004418
vn -0.869306 -0.494274 0.000632
vn -0.866014 -0.500010 -0.003227
vn -0.862381 -0.506217 -0.006679
vn -0.858222 -0.513178 -0.010171
vn -0.853500 -0.520916 -0.013574
vn -0.848889 -0.528306 -0.016768
vn -0.843890 -0.536137 -0.020195
vn -0.833344 -0.552121 -0.026487
vn -0.838753 -0.544024 -0.023053
vn -0.827555 -0.560543 -0.030728
vn -0.821941 -0.568468 -0.035449
vn -0.817020 -0.575194 -0.040382
vn -0.812536 -0.581138 -0.045443
vn -0.808419 -0.586448 -0.050370
vn -0.804571 -0.591298 -0.055067
vn -0.800916 -0.595800 -0.059630
vn -0.797322 -0.600139 -0.064111
vn -0.793671 -0.604465 -0.068622
vn -0.789920 -0.608789 -0.073498
vn -0.786126 -0.612976 -0.079167
vn -0.782420 -0.616785 -0.086003
vn -0.778883 -0.620071 -0.094093
vn -0.775710 -0.622533 -0.103570
vn -0.772727 -0.624427 -0.113945
vn -0.770409 -0.625094 -0.125409
vn -0.769967 -0.622780 -0.138909
vn -0.685937 -0.721373 0.095449
vn -0.660035 -0.742549 0.113909
vn -0.719521 -0.690783 0.071473
vn -0.748600 -0.660717 0.055228
vn -0.773069 -0.632752 0.044613
vn -0.793332 -0.607665 0.036979
vn -0.809751 -0.585920 0.031632
vn -0.823169 -0.567032 0.029473
vn -0.833758 -0.551339 0.029553
vn -0.841556 -0.539370 0.029372
vn -0.847537 -0.529992 0.028112
vn -0.851525 -0.523660 0.026192
vn -0.854312 -0.519229 0.023511
vn -0.855758 -0.516973 0.020421
vn -0.856165 -0.516435 0.016612
vn -0.855591 -0.517495 0.012751
vn -0.854192 -0.519889 0.008407
vn -0.852019 -0.523496 0.004062
vn -0.849298 -0.527914 -0.000032
vn -0.845915 -0.533301 -0.004138
vn -0.842189 -0.539127 -0.007753
vn -0.837928 -0.545663 -0.011356
vn -0.833088 -0.552941 -0.014855
vn -0.828358 -0.559905 -0.018166
vn -0.823235 -0.567284 -0.021741
vn -0.812447 -0.582346 -0.028350
vn -0.817966 -0.574734 -0.024762
vn -0.806532 -0.590282 -0.032767
vn -0.800843 -0.597692 -0.037597
vn -0.795861 -0.603980 -0.042579
vn -0.791353 -0.609502 -0.047626
vn -0.787235 -0.614414 -0.052500
vn -0.783393 -0.618895 -0.057127
vn -0.779753 -0.623047 -0.061627
vn -0.776182 -0.627038 -0.066072
vn -0.772569 -0.630995 -0.070589
vn -0.768883 -0.634915 -0.075517
vn -0.765191 -0.638652 -0.081279
vn -0.761637 -0.641967 -0.088246
vn -0.758319 -0.644703 -0.096493
vn -0.755435 -0.646569 -0.106148
vn -0.752823 -0.647793 -0.116709
vn -0.750968 -0.647745 -0.128350
vn -0.750953 -0.644925 -0.141921
vn -0.664651 -0.739879 0.104008
vn -0.639623 -0.758936 0.122057
vn -0.697741 -0.711905 0.079674
vn -0.726502 -0.684281 0.062877
vn -0.750850 -0.658449 0.051676
vn -0.771141 -0.635179 0.043466
vn -0.787686 -0.614937 0.037478
vn -0.801290 -0.597282 0.034467
vn -0.812099 -0.582552 0.033593
vn -0.820103 -0.571287 0.032588
vn -0.826257 -0.562460 0.030647
vn -0.830357 -0.556516 0.028238
vn -0.833216 -0.552378 0.025114
vn -0.834692 -0.550292 0.021639
vn -0.835098 -0.549825 0.017419
vn -0.834502 -0.550848 0.013174
vn -0.833064 -0.553113 0.008428
vn -0.830839 -0.556500 0.003722
vn -0.828062 -0.560636 -0.000662
vn -0.824614 -0.565673 -0.005006
vn -0.820818 -0.571122 -0.008782
vn -0.816479 -0.577240 -0.012504
vn -0.811548 -0.584064 -0.016114
vn -0.806722 -0.590607 -0.019558
vn -0.801498 -0.597543 -0.023300
vn -0.790508 -0.611704 -0.030252
vn -0.796116 -0.604564 -0.026496
vn -0.784490 -0.619161 -0.034858
vn -0.778750 -0.626071 -0.039806
vn -0.773726 -0.631930 -0.044854
vn -0.769212 -0.637042 -0.049910
vn -0.765108 -0.641570 -0.054758
vn -0.761292 -0.645688 -0.059344
vn -0.757686 -0.649493 -0.063813
vn -0.754157 -0.653138 -0.068251
vn -0.750605 -0.656729 -0.072801
vn -0.747010 -0.660245 -0.077802
vn -0.743444 -0.663543 -0.083677
vn -0.740069 -0.666375 -0.090788
vn -0.736983 -0.668592 -0.099203
vn -0.734399 -0.669902 -0.109038
vn -0.732156 -0.670523 -0.119777
vn -0.730737 -0.669859 -0.131580
vn -0.731100 -0.666638 -0.145213
vn -0.642922 -0.757686 0.112089
vn -0.618794 -0.774780 0.129655
vn -0.675365 -0.732270 0.087541
vn -0.703705 -0.707006 0.070300
vn -0.727819 -0.683265 0.058562
vn -0.748025 -0.661799 0.049803
vn -0.764593 -0.643063 0.043203
vn -0.778297 -0.626661 0.039379
vn -0.789253 -0.612917 0.037579
vn -0.797408 -0.602380 0.035759
vn -0.803694 -0.594120 0.033135
vn -0.807883 -0.588568 0.030229
vn -0.810799 -0.584717 0.026662
vn -0.812302 -0.582792 0.022806
vn -0.812711 -0.582383 0.018187
vn -0.812103 -0.583356 0.013577
vn -0.810643 -0.585479 0.008453
vn -0.808390 -0.588637 0.003409
vn -0.805578 -0.592489 -0.001249
vn -0.802088 -0.597177 -0.005823
vn -0.798247 -0.602252 -0.009760
vn -0.793853 -0.607958 -0.013611
vn -0.788857 -0.614333 -0.017344
vn -0.783959 -0.620460 -0.020937
vn -0.778657 -0.626957 -0.024864
vn -0.767512 -0.640226 -0.032183
vn -0.773184 -0.633552 -0.028249
vn -0.761415 -0.647209 -0.036987
vn -0.755646 -0.653629 -0.042063
vn -0.750603 -0.659066 -0.047191
vn -0.746103 -0.663776 -0.052274
vn -0.742033 -0.667926 -0.057117
vn -0.738263 -0.671686 -0.061687
vn -0.734711 -0.675148 -0.066150
vn -0.731248 -0.678447 -0.070607
vn -0.727782 -0.681672 -0.075211
vn -0.724301 -0.684791 -0.080306
vn -0.720893 -0.687651 -0.086309
vn -0.717717 -0.690019 -0.093575
vn -0.714885 -0.691738 -0.102165
vn -0.712607 -0.692536 -0.112184
vn -0.710734 -0.692606 -0.123098
vn -0.709731 -0.691406 -0.135052
vn -0.710441 -0.687856 -0.148754
vn -0.620641 -0.774921 0.119594
vn -0.597325 -0.790287 0.136562
vn -0.652331 -0.751956 0.095012
vn -0.680156 -0.728967 0.077426
vn -0.703935 -0.707265 0.065206
vn -0.723952 -0.687579 0.055933
vn -0.740447 -0.670344 0.048757
vn -0.754163 -0.655200 0.044165
vn -0.765194 -0.642462 0.041480
vn -0.773447 -0.632669 0.038863
vn -0.779824 -0.624988 0.035561
vn -0.784074 -0.619833 0.032162
vn -0.787032 -0.616269 0.028156
vn -0.788557 -0.614496 0.023929
vn -0.788976 -0.614133 0.018927
vn -0.788366 -0.615048 0.013972
vn -0.786899 -0.617023 0.008494
vn -0.784635 -0.619950 0.003134
vn -0.781809 -0.623515 -0.001785
vn -0.778303 -0.627855 -0.006581
vn -0.774439 -0.632558 -0.010682
vn -0.770016 -0.637856 -0.014668
vn -0.764980 -0.643787 -0.018538
vn -0.760034 -0.649500 -0.022297
vn -0.754680 -0.655561 -0.026424
vn -0.743430 -0.667943 -0.034133
vn -0.749142 -0.661729 -0.030010
vn -0.737282 -0.674451 -0.039143
vn -0.731512 -0.680385 -0.044352
vn -0.726475 -0.685403 -0.049571
vn -0.722011 -0.689716 -0.054696
vn -0.717999 -0.693492 -0.059553
vn -0.714296 -0.696900 -0.064127
vn -0.710819 -0.700022 -0.068604
vn -0.707447 -0.702976 -0.073101
vn -0.704095 -0.705834 -0.077777
vn -0.700761 -0.708554 -0.082981
vn -0.697532 -0.710990 -0.089124
vn -0.694581 -0.712906 -0.096556
vn -0.692021 -0.714152 -0.105327
vn -0.690070 -0.714462 -0.115531
vn -0.688570 -0.714031 -0.126616
vn -0.687970 -0.712358 -0.138718
vn -0.689012 -0.708524 -0.152497
vn -0.597673 -0.791700 0.126485
vn -0.575143 -0.805485 0.142841
vn -0.628579 -0.771022 0.102046
vn -0.655800 -0.750224 0.084205
vn -0.679148 -0.730505 0.071557
vn -0.698881 -0.712563 0.061808
vn -0.715212 -0.696810 0.054099
vn -0.728858 -0.682924 0.048790
vn -0.739893 -0.671201 0.045264
vn -0.748186 -0.662167 0.041880
vn -0.754612 -0.655075 0.037915
vn -0.758896 -0.650322 0.034032
vn -0.761879 -0.647043 0.029598
vn -0.763419 -0.645419 0.025014
vn -0.763850 -0.645095 0.019649
vn -0.763248 -0.645946 0.014369
vn -0.761790 -0.647768 0.008560
vn -0.759534 -0.650461 0.002903
vn -0.756714 -0.653742 -0.002262
vn -0.753214 -0.657736 -0.007275
vn -0.749352 -0.662072 -0.011539
vn -0.744925 -0.666964 -0.015669
vn -0.739877 -0.672454 -0.019689
vn -0.734907 -0.677756 -0.023627
vn -0.729527 -0.683380 -0.027970
vn -0.718228 -0.694871 -0.036088
vn -0.723952 -0.689119 -0.031769
vn -0.712060 -0.700903 -0.041311
vn -0.706318 -0.706355 -0.046658
vn -0.701316 -0.710954 -0.051974
vn -0.696915 -0.714873 -0.057153
vn -0.692983 -0.718279 -0.062039
vn -0.689374 -0.721334 -0.066633
vn -0.686001 -0.724114 -0.071142
vn -0.682749 -0.726722 -0.075693
vn -0.679541 -0.729212 -0.080457
vn -0.676380 -0.731541 -0.085782
vn -0.673363 -0.733556 -0.092074
vn -0.670666 -0.735032 -0.099678
vn -0.668407 -0.735820 -0.108632
vn -0.666798 -0.735672 -0.119023
vn -0.665679 -0.734778 -0.130279
vn -0.665485 -0.732677 -0.142524
vn -0.666848 -0.728599 -0.156389
vn -0.573967 -0.808037 0.132807
vn -0.552216 -0.820356 0.148572
vn -0.604039 -0.789519 0.108614
vn -0.630577 -0.770821 0.090598
vn -0.653405 -0.753023 0.077577
vn -0.672762 -0.736783 0.067395
vn -0.688845 -0.722487 0.059196
vn -0.702342 -0.709848 0.053224
vn -0.713308 -0.699142 0.048908
vn -0.721587 -0.690874 0.044789
vn -0.728017 -0.684380 0.040184
vn -0.732309 -0.680030 0.035832
vn -0.735298 -0.677036 0.030988
vn -0.736845 -0.675559 0.026066
vn -0.737287 -0.675272 0.020358
vn -0.736701 -0.676057 0.014775
vn -0.735264 -0.677725 0.008657
vn -0.733034 -0.680187 0.002722
vn -0.730240 -0.683186 -0.002677
vn -0.726767 -0.686839 -0.007899
vn -0.722929 -0.690812 -0.012328
vn -0.718525 -0.695303 -0.016607
vn -0.713493 -0.700353 -0.020788
vn -0.708528 -0.705243 -0.024920
vn -0.703150 -0.710430 -0.029493
vn -0.691866 -0.721023 -0.038035
vn -0.697569 -0.715734 -0.033512
vn -0.685715 -0.726571 -0.043474
vn -0.680036 -0.731542 -0.048962
vn -0.675101 -0.735718 -0.054382
vn -0.670794 -0.739243 -0.059623
vn -0.666974 -0.742280 -0.064548
vn -0.663488 -0.744982 -0.069174
vn -0.660250 -0.747418 -0.073727
vn -0.657152 -0.749676 -0.078345
vn -0.654120 -0.751800 -0.083207
vn -0.651169 -0.753736 -0.088662
vn -0.648399 -0.755337 -0.095109
vn -0.645989 -0.756381 -0.102888
vn -0.644059 -0.756729 -0.112028
vn -0.642813 -0.756148 -0.122605
vn -0.642091 -0.754821 -0.134029
vn -0.642306 -0.752333 -0.146415
vn -0.643991 -0.748035 -0.160373
vn -0.549461 -0.823945 0.138589
vn -0.528497 -0.834887 0.153798
vn -0.578638 -0.807479 0.114698
vn -0.604416 -0.790793 0.096579
vn -0.626645 -0.774847 0.083239
vn -0.645545 -0.760257 0.072666
vn -0.661298 -0.747386 0.064023
vn -0.674568 -0.735975 0.057441
vn -0.685399 -0.726281 0.052389
vn -0.693607 -0.718781 0.047574
vn -0.699996 -0.712889 0.042357
vn -0.704264 -0.708944 0.037558
vn -0.707240 -0.706234 0.032324
vn -0.708785 -0.704904 0.027084
vn -0.709237 -0.704656 0.021058
vn -0.708671 -0.705376 0.015194
vn -0.707265 -0.706894 0.008791
vn -0.705075 -0.709128 0.002596
vn -0.702324 -0.711851 -0.003024
vn -0.698900 -0.715169 -0.008449
vn -0.695110 -0.718785 -0.013041
vn -0.690754 -0.722879 -0.017475
vn -0.685769 -0.727492 -0.021827
vn -0.680838 -0.731966 -0.026164
vn -0.675496 -0.736712 -0.030978
vn -0.664299 -0.746399 -0.039957
vn -0.669943 -0.741576 -0.035226
vn -0.658206 -0.751455 -0.045615
vn -0.652631 -0.755941 -0.051243
vn -0.647803 -0.759690 -0.056771
vn -0.643628 -0.762817 -0.062080
vn -0.639954 -0.765482 -0.067052
vn -0.636627 -0.767830 -0.071718
vn -0.633560 -0.769920 -0.076324
vn -0.630652 -0.771825 -0.081018
vn -0.627838 -0.773580 -0.085985
vn -0.625136 -0.775125 -0.091574
vn -0.622653 -0.776315 -0.098180
vn -0.620568 -0.776937 -0.106134
vn -0.618996 -0.776861 -0.115457
vn -0.618142 -0.775867 -0.126218
vn -0.617839 -0.774135 -0.137806
vn -0.618474 -0.771291 -0.150331
vn -0.620488 -0.766793 -0.164387
vn -0.524082 -0.839433 0.143841
vn -0.503924 -0.849077 0.158524
vn -0.552292 -0.824926 0.120291
vn -0.577244 -0.810159 0.102133
vn -0.598801 -0.795991 0.088524
vn -0.617168 -0.782995 0.077604
vn -0.632516 -0.771507 0.068562
vn -0.645487 -0.761298 0.061424
vn -0.656116 -0.752603 0.055689
vn -0.664199 -0.745867 0.050220
vn -0.670502 -0.740577 0.044423
vn -0.674714 -0.737038 0.039201
vn -0.677652 -0.734615 0.033602
vn -0.679182 -0.733433 0.028068
vn -0.679639 -0.733225 0.021749
vn -0.679095 -0.733884 0.015628
vn -0.677728 -0.735258 0.008961
vn -0.675590 -0.737273 0.002527
vn -0.672898 -0.739728 -0.003303
vn -0.669544 -0.742719 -0.008922
vn -0.665826 -0.745982 -0.013676
vn -0.661545 -0.749683 -0.018268
vn -0.656638 -0.753861 -0.022797
vn -0.651774 -0.757920 -0.027348
vn -0.646505 -0.762221 -0.032412
vn -0.635476 -0.770987 -0.041835
vn -0.641021 -0.766636 -0.036895
vn -0.629492 -0.775541 -0.047713
vn -0.624067 -0.779538 -0.053481
vn -0.619393 -0.782852 -0.059116
vn -0.615392 -0.785578 -0.064496
vn -0.611906 -0.787869 -0.069519
vn -0.608779 -0.789859 -0.074232
vn -0.605927 -0.791598 -0.078895
vn -0.603253 -0.793149 -0.083670
vn -0.600701 -0.794533 -0.088745
vn -0.598296 -0.795687 -0.094470
vn -0.596144 -0.796470 -0.101233
vn -0.594424 -0.796681 -0.109360
vn -0.593251 -0.796194 -0.118863
vn -0.592820 -0.794806 -0.129801
vn -0.592960 -0.792694 -0.141548
vn -0.594036 -0.789520 -0.154209
vn -0.596144 -0.784996 -0.168504
vn -0.497749 -0.854503 0.148562
vn -0.478425 -0.862919 0.162728
vn -0.524914 -0.841868 0.125393
vn -0.548981 -0.828925 0.107253
vn -0.569800 -0.816456 0.093423
vn -0.587566 -0.804991 0.082197
vn -0.602441 -0.794836 0.072799
vn -0.615045 -0.785795 0.065157
vn -0.625408 -0.778080 0.058792
vn -0.633311 -0.772100 0.052713
vn -0.639481 -0.767407 0.046372
vn -0.643605 -0.764272 0.040754
vn -0.646481 -0.762135 0.034818
vn -0.647981 -0.761104 0.029014
vn -0.648434 -0.760940 0.022430
vn -0.647912 -0.761546 0.016073
vn -0.646588 -0.762785 0.009167
vn -0.644511 -0.764591 0.002512
vn -0.641892 -0.766787 -0.003512
vn -0.638626 -0.769461 -0.009317
vn -0.635002 -0.772379 -0.014228
vn -0.630826 -0.775692 -0.018979
vn -0.626031 -0.779439 -0.023690
vn -0.621268 -0.783081 -0.028460
vn -0.616112 -0.786934 -0.033780
vn -0.605344 -0.794766 -0.043650
vn -0.610743 -0.790892 -0.038499
vn -0.599527 -0.798808 -0.049745
vn -0.594308 -0.802310 -0.055649
vn -0.589839 -0.805184 -0.061390
vn -0.586064 -0.807503 -0.066841
vn -0.582816 -0.809416 -0.071917
vn -0.579940 -0.811043 -0.076677
vn -0.577351 -0.812428 -0.081402
vn -0.574960 -0.813622 -0.086258
vn -0.572723 -0.814633 -0.091441
vn -0.570665 -0.815398 -0.097299
vn -0.568896 -0.815780 -0.104214
vn -0.567592 -0.815586 -0.112508
vn -0.566860 -0.814703 -0.122184
vn -0.566889 -0.812939 -0.133293
vn -0.567505 -0.810468 -0.145191
vn -0.569048 -0.806986 -0.157982
vn -0.571464 -0.802225 -0.172812
vn -0.470129 -0.869284 0.152720
vn -0.451769 -0.876477 0.166414
vn -0.495991 -0.858530 0.130069
vn -0.519094 -0.847346 0.112008
vn -0.539097 -0.836522 0.098003
vn -0.556184 -0.826544 0.086510
vn -0.570512 -0.817691 0.076794
vn -0.582677 -0.809796 0.068690
vn -0.592707 -0.803048 0.061738
vn -0.600374 -0.797820 0.055083
vn -0.606363 -0.793725 0.048225
vn -0.610362 -0.790996 0.042233
vn -0.613149 -0.789147 0.035983
vn -0.614600 -0.788271 0.029932
vn -0.615037 -0.788159 0.023104
vn -0.614531 -0.788719 0.016534
vn -0.613252 -0.789831 0.009408
vn -0.611246 -0.791437 0.002548
vn -0.608711 -0.793384 -0.003658
vn -0.605554 -0.795746 -0.009639
vn -0.602047 -0.798325 -0.014705
vn -0.598004 -0.801253 -0.019614
vn -0.593359 -0.804565 -0.024510
vn -0.588736 -0.807787 -0.029506
vn -0.583740 -0.811182 -0.035087
vn -0.573342 -0.818057 -0.045408
vn -0.578539 -0.814671 -0.040047
vn -0.567756 -0.821571 -0.051717
vn -0.562808 -0.824568 -0.057752
vn -0.558612 -0.826987 -0.063596
vn -0.555126 -0.828890 -0.069115
vn -0.552176 -0.830415 -0.074243
vn -0.549609 -0.831673 -0.079050
vn -0.547344 -0.832699 -0.083833
vn -0.545301 -0.833527 -0.088768
vn -0.543440 -0.834162 -0.094054
vn -0.541793 -0.834537 -0.100039
vn -0.540468 -0.834520 -0.107098
vn -0.539638 -0.833930 -0.115547
vn -0.539404 -0.832660 -0.125383
vn -0.539941 -0.830536 -0.136648
vn -0.541076 -0.827725 -0.148688
vn -0.543119 -0.823959 -0.161594
vn -0.547778 -0.817833 -0.176320
vn -0.442072 -0.883200 0.156619
vn -0.424570 -0.889346 0.169718
vn -0.466994 -0.873992 0.134369
vn -0.489151 -0.864403 0.116361
vn -0.508342 -0.855071 0.102183
vn -0.524740 -0.846445 0.090439
vn -0.538500 -0.838778 0.080429
vn -0.550198 -0.831932 0.071907
vn -0.559861 -0.826078 0.064423
vn -0.567259 -0.821548 0.057243
vn -0.573038 -0.818008 0.049911
vn -0.576891 -0.815658 0.043578
vn -0.579571 -0.814080 0.037042
vn -0.580961 -0.813349 0.030770
vn -0.581375 -0.813290 0.023726
vn -0.580881 -0.813812 0.016966
vn -0.579645 -0.814812 0.009646
vn -0.577708 -0.816239 0.002605
vn -0.575263 -0.817960 -0.003765
vn -0.572219 -0.820041 -0.009907
vn -0.568840 -0.822310 -0.015114
vn -0.564945 -0.824882 -0.020171
vn -0.560471 -0.827790 -0.025243
vn -0.556019 -0.830611 -0.030456
vn -0.551214 -0.833574 -0.036284
vn -0.541271 -0.839533 -0.047024
vn -0.546222 -0.836614 -0.041469
vn -0.535970 -0.842538 -0.053528
vn -0.531341 -0.845053 -0.059681
vn -0.527464 -0.847040 -0.065615
vn -0.524306 -0.848548 -0.071196
vn -0.521694 -0.849707 -0.076370
vn -0.519476 -0.850616 -0.081222
vn -0.517572 -0.851301 -0.086061
vn -0.515913 -0.851786 -0.091072
vn -0.514465 -0.852069 -0.096459
vn -0.513264 -0.852080 -0.102569
vn -0.512417 -0.851692 -0.109771
vn -0.512090 -0.850735 -0.118379
vn -0.512381 -0.849109 -0.128377
vn -0.513452 -0.846653 -0.139808
vn -0.515123 -0.843534 -0.151984
vn -0.517689 -0.839503 -0.165025
vn -0.521192 -0.834363 -0.179435
vn -0.413113 -0.896478 0.160203
vn -0.396617 -0.901553 0.172907
vn -0.457899 -0.880801 0.120492
vn -0.436828 -0.888836 0.138388
vn -0.476157 -0.872926 0.106180
vn -0.491766 -0.865616 0.094206
vn -0.504875 -0.859103 0.083925
vn -0.516036 -0.853276 0.075010
vn -0.525274 -0.848290 0.067019
vn -0.532356 -0.844439 0.059330
vn -0.537889 -0.841439 0.051537
vn -0.541573 -0.839456 0.044871
vn -0.544128 -0.838139 0.038059
vn -0.545448 -0.837550 0.031575
vn -0.545833 -0.837541 0.024325
vn -0.545352 -0.838027 0.017387
vn -0.544160 -0.838924 0.009884
vn -0.542298 -0.840182 0.002671
vn -0.539949 -0.841689 -0.003854
vn -0.537028 -0.843503 -0.010151
vn -0.533788 -0.845476 -0.015496
vn -0.530057 -0.847709 -0.020700
vn -0.525778 -0.850226 -0.025947
vn -0.521522 -0.852661 -0.031373
vn -0.516940 -0.855202 -0.037446
vn -0.507532 -0.860262 -0.048586
vn -0.512195 -0.857799 -0.042849
vn -0.502570 -0.862768 -0.055269
vn -0.498310 -0.864814 -0.061519
vn -0.494801 -0.866379 -0.067528
vn -0.492017 -0.867506 -0.073155
vn -0.489784 -0.868315 -0.078366
vn -0.487954 -0.868890 -0.083251
vn -0.486451 -0.869251 -0.088135
vn -0.485214 -0.869413 -0.093208
vn -0.484214 -0.869367 -0.098679
vn -0.483491 -0.869042 -0.104891
vn -0.483150 -0.868318 -0.112208
vn -0.483346 -0.867035 -0.120940
vn -0.484174 -0.865100 -0.131066
vn -0.485780 -0.862367 -0.142620
vn -0.487992 -0.858991 -0.154914
vn -0.491066 -0.854760 -0.168044
vn -0.495188 -0.849381 -0.182594
vn -0.384642 -0.908463 0.163542
vn -0.369024 -0.912622 0.175903
vn -0.407154 -0.902231 0.142142
vn -0.427153 -0.895593 0.124312
vn -0.444483 -0.889027 0.109848
vn -0.459300 -0.882898 0.097648
vn -0.471749 -0.877419 0.087110
vn -0.482360 -0.872508 0.077834
vn -0.491156 -0.868304 0.069382
vn -0.497907 -0.865066 0.061228
vn -0.503180 -0.862554 0.053012
vn -0.506687 -0.860900 0.046039
vn -0.509113 -0.859817 0.038973
vn -0.510360 -0.859355 0.032294
vn -0.510715 -0.859391 0.024858
vn -0.510244 -0.859846 0.017759
vn -0.509095 -0.860651 0.010092
vn -0.507307 -0.861761 0.002725
vn -0.505055 -0.863079 -0.003940
vn -0.502257 -0.864656 -0.010376
vn -0.499159 -0.866365 -0.015846
vn -0.495597 -0.868294 -0.021184
vn -0.491520 -0.870461 -0.026589
vn -0.487469 -0.872546 -0.032210
vn -0.483126 -0.874704 -0.038501
vn -0.474286 -0.878950 -0.049991
vn -0.478647 -0.876899 -0.044098
vn -0.469681 -0.881006 -0.056823
vn -0.465800 -0.882634 -0.063150
vn -0.462670 -0.883824 -0.069216
vn -0.460266 -0.884618 -0.074879
vn -0.458413 -0.885121 -0.080117
vn -0.456969 -0.885409 -0.085029
vn -0.455863 -0.885493 -0.089951
vn -0.455039 -0.885381 -0.095081
vn -0.454475 -0.885057 -0.100629
vn -0.454215 -0.884451 -0.106939
vn -0.454358 -0.883447 -0.114368
vn -0.455054 -0.881897 -0.123224
vn -0.456388 -0.879713 -0.133478
vn -0.458497 -0.876760 -0.145162
vn -0.461208 -0.873189 -0.157570
vn -0.464756 -0.868808 -0.170807
vn -0.469147 -0.863440 -0.185397
vn -0.355381 -0.919733 0.166720
vn -0.340890 -0.922950 0.178766
vn -0.376449 -0.914904 0.145729
vn -0.395279 -0.909603 0.127970
vn -0.411595 -0.904289 0.113363
vn -0.425548 -0.899289 0.100943
vn -0.437275 -0.894797 0.090159
vn -0.447281 -0.890760 0.080541
vn -0.455588 -0.887303 0.071649
vn -0.461972 -0.884651 0.063050
vn -0.466957 -0.882604 0.054423
vn -0.470266 -0.881264 0.047152
vn -0.472550 -0.880403 0.039840
vn -0.473718 -0.880059 0.032974
vn -0.474040 -0.880138 0.025359
vn -0.473581 -0.880564 0.018106
vn -0.472478 -0.881282 0.010283
vn -0.470768 -0.882253 0.002770
vn -0.468619 -0.883391 -0.004029
vn -0.465954 -0.884746 -0.010598
vn -0.463008 -0.886206 -0.016188
vn -0.459631 -0.887846 -0.021652
vn -0.455773 -0.889680 -0.027209
vn -0.451951 -0.891432 -0.033014
vn -0.447872 -0.893225 -0.039510
vn -0.439659 -0.896698 -0.051315
vn -0.443688 -0.895036 -0.045283
vn -0.435446 -0.898327 -0.058273
vn -0.431974 -0.899565 -0.064657
vn -0.429247 -0.900411 -0.070764
vn -0.427240 -0.900901 -0.076449
vn -0.425779 -0.901131 -0.081703
vn -0.424731 -0.901165 -0.086632
vn -0.424027 -0.901007 -0.091584
vn -0.423620 -0.900658 -0.096760
vn -0.423493 -0.900096 -0.102374
vn -0.423691 -0.899253 -0.108768
vn -0.424306 -0.898020 -0.116294
vn -0.425484 -0.896256 -0.125257
vn -0.427299 -0.893880 -0.135623
vn -0.429880 -0.890770 -0.147422
vn -0.433052 -0.887066 -0.159937
vn -0.437032 -0.882599 -0.173268
vn -0.441841 -0.877194 -0.187903
vn -0.326332 -0.929881 0.169790
vn -0.312880 -0.932294 0.181475
vn -0.346206 -0.926239 0.149070
vn -0.363860 -0.922146 0.131348
vn -0.379155 -0.917959 0.116588
vn -0.392232 -0.913974 0.103953
vn -0.403225 -0.910369 0.092937
vn -0.412612 -0.907117 0.083005
vn -0.420413 -0.904334 0.073714
vn -0.426412 -0.902212 0.064707
vn -0.431098 -0.900584 0.055703
vn -0.434203 -0.899527 0.048157
vn -0.436341 -0.898864 0.040618
vn -0.437428 -0.898626 0.033579
vn -0.437717 -0.898743 0.025800
vn -0.437271 -0.899141 0.018406
vn -0.436215 -0.899782 0.010440
vn -0.434585 -0.900626 0.002794
vn -0.432542 -0.901604 -0.004126
vn -0.430011 -0.902759 -0.010814
vn -0.427222 -0.903996 -0.016511
vn -0.424033 -0.905377 -0.022089
vn -0.420404 -0.906912 -0.027779
vn -0.416820 -0.908363 -0.033748
vn -0.413015 -0.909827 -0.040420
vn -0.405453 -0.912608 -0.052487
vn -0.409141 -0.911294 -0.046343
vn -0.401641 -0.913859 -0.059544
vn -0.398576 -0.914760 -0.065965
vn -0.396246 -0.915309 -0.072097
vn -0.394623 -0.915544 -0.077793
vn -0.393538 -0.915549 -0.083053
vn -0.392865 -0.915377 -0.087995
vn -0.392539 -0.915025 -0.092969
vn -0.392518 -0.914489 -0.098185
vn -0.392793 -0.913743 -0.103857
vn -0.393408 -0.912720 -0.110328
vn -0.394452 -0.911316 -0.117946
vn -0.396060 -0.909398 -0.127013
vn -0.398301 -0.906892 -0.137490
vn -0.401292 -0.903683 -0.149406
vn -0.404861 -0.899909 -0.162024
vn -0.409209 -0.895411 -0.175463
vn -0.414218 -0.890082 -0.190202
vn -0.315055 -0.936792 0.152186
vn -0.296672 -0.939246 0.172634
vn -0.331424 -0.933843 0.134516
vn -0.345603 -0.930725 0.119623
vn -0.357727 -0.927700 0.106790
vn -0.367922 -0.924934 0.095558
vn -0.376634 -0.922423 0.085335
vn -0.383882 -0.920276 0.075668
vn -0.389462 -0.918655 0.066276
vn -0.393819 -0.917425 0.056913
vn -0.396702 -0.916633 0.049104
vn -0.398682 -0.916157 0.041348
vn -0.399682 -0.916018 0.034144
vn -0.399936 -0.916168 0.026208
vn -0.399505 -0.916541 0.018679
vn -0.398501 -0.917107 0.010578
vn -0.396958 -0.917832 0.002805
vn -0.395031 -0.918658 -0.004229
vn -0.392647 -0.919623 -0.011031
vn -0.390028 -0.920649 -0.016829
vn -0.387043 -0.921787 -0.022511
vn -0.383662 -0.923039 -0.028324
vn -0.380337 -0.924207 -0.034440
vn -0.376830 -0.925363 -0.041271
vn -0.369961 -0.927502 -0.053562
vn -0.373288 -0.926508 -0.047326
vn -0.366570 -0.928409 -0.060694
vn -0.363923 -0.929007 -0.067132
vn -0.361995 -0.929296 -0.073272
vn -0.360752 -0.929313 -0.078964
vn -0.360031 -0.929131 -0.084221
vn -0.359717 -0.928791 -0.089164
vn -0.359748 -0.928287 -0.094151
vn -0.360090 -0.927608 -0.099393
vn -0.360738 -0.926726 -0.105108
vn -0.361734 -0.925573 -0.111636
vn -0.363163 -0.924053 -0.119323
vn -0.365149 -0.922042 -0.128470
vn -0.367756 -0.919470 -0.139034
vn -0.371088 -0.916232 -0.151040
vn -0.374982 -0.912455 -0.163753
vn -0.379615 -0.908001 -0.177274
vn -0.385023 -0.902683 -0.192149
vn -0.412247 -0.889271 -0.198113
vn -0.383354 -0.901682 -0.200022
vn -0.284415 -0.946081 0.155045
vn -0.267455 -0.947508 0.175205
vn -0.299492 -0.944154 0.137397
vn -0.312546 -0.941988 0.122365
vn -0.323707 -0.939818 0.109342
vn -0.333092 -0.937797 0.097909
vn -0.341117 -0.935947 0.087422
vn -0.347799 -0.934367 0.077421
vn -0.352946 -0.933192 0.067682
vn -0.356965 -0.932316 0.057995
vn -0.359621 -0.931761 0.049948
vn -0.361438 -0.931450 0.041993
vn -0.362349 -0.931399 0.034638
vn -0.362569 -0.931579 0.026559
vn -0.362154 -0.931926 0.018909
vn -0.361205 -0.932425 0.010684
vn -0.359754 -0.933043 0.002796
vn -0.357946 -0.933732 -0.004342
vn -0.355716 -0.934526 -0.011244
vn -0.353274 -0.935363 -0.017129
vn -0.350503 -0.936282 -0.022901
vn -0.347378 -0.937282 -0.028819
vn -0.344319 -0.938198 -0.035060
vn -0.341116 -0.939082 -0.042021
vn -0.334942 -0.940662 -0.054484
vn -0.337911 -0.939944 -0.048180
vn -0.331964 -0.941274 -0.061668
vn -0.329715 -0.941621 -0.068108
vn -0.328161 -0.941700 -0.074243
vn -0.327265 -0.941546 -0.079925
vn -0.326873 -0.941223 -0.085172
vn -0.326876 -0.940762 -0.090111
vn -0.327217 -0.940151 -0.095105
vn -0.327870 -0.939376 -0.100368
vn -0.328832 -0.938407 -0.106120
vn -0.330146 -0.937178 -0.112700
vn -0.331890 -0.935596 -0.120453
vn -0.334180 -0.933546 -0.129676
vn -0.337069 -0.930963 -0.140327
vn -0.340654 -0.927750 -0.152428
vn -0.344781 -0.924026 -0.165233
vn -0.349608 -0.919667 -0.178851
vn -0.355027 -0.914553 -0.193773
vn -0.353539 -0.913433 -0.201621
vn -0.253222 -0.954468 0.157698
vn -0.237782 -0.954936 0.177644
vn -0.266929 -0.953483 0.140065
vn -0.278793 -0.952195 0.124899
vn -0.288934 -0.950811 0.111697
vn -0.297462 -0.949474 0.100077
vn -0.304756 -0.948230 0.089347
vn -0.310835 -0.947172 0.079038
vn -0.315519 -0.946409 0.068980
vn -0.319176 -0.945858 0.058991
vn -0.321588 -0.945520 0.050721
vn -0.323234 -0.945361 0.042581
vn -0.324052 -0.945388 0.035085
vn -0.324236 -0.945594 0.026872
vn -0.323841 -0.945919 0.019106
vn -0.322954 -0.946354 0.010765
vn -0.321604 -0.946870 0.002769
vn -0.319927 -0.947432 -0.004464
vn -0.317865 -0.948067 -0.011459
vn -0.315616 -0.948727 -0.017423
vn -0.313074 -0.949444 -0.023274
vn -0.310223 -0.950213 -0.029282
vn -0.307448 -0.950898 -0.035629
vn -0.304566 -0.951534 -0.042699
vn -0.299108 -0.952616 -0.055296
vn -0.301712 -0.952142 -0.048943
vn -0.296545 -0.952971 -0.062510
vn -0.294684 -0.953105 -0.068939
vn -0.293488 -0.953012 -0.075058
vn -0.292914 -0.952726 -0.080719
vn -0.292816 -0.952298 -0.085950
vn -0.293096 -0.951754 -0.090879
vn -0.293705 -0.951076 -0.095874
vn -0.294618 -0.950247 -0.101150
vn -0.295838 -0.949234 -0.106929
vn -0.297406 -0.947975 -0.113551
vn -0.299396 -0.946380 -0.121357
vn -0.301910 -0.944342 -0.130647
vn -0.304996 -0.941802 -0.141375
vn -0.308741 -0.938668 -0.153561
vn -0.313003 -0.935052 -0.166454
vn -0.317920 -0.930843 -0.180164
vn -0.323377 -0.925922 -0.195181
vn -0.322140 -0.924669 -0.203010
vn -0.221878 -0.961840 0.160109
vn -0.208025 -0.961440 0.179886
vn -0.234157 -0.961702 0.142478
vn -0.244779 -0.961201 0.127186
vn -0.253857 -0.960522 0.113817
vn -0.261490 -0.959799 0.102027
vn -0.268021 -0.959098 0.091078
vn -0.273466 -0.958508 0.080492
vn -0.277663 -0.958114 0.070147
vn -0.280938 -0.957856 0.059885
vn -0.283094 -0.957713 0.051412
vn -0.284560 -0.957689 0.043103
vn -0.285282 -0.957787 0.035477
vn -0.285431 -0.958015 0.027141
vn -0.285059 -0.958316 0.019270
vn -0.284239 -0.958692 0.010821
vn -0.283001 -0.959116 0.002727
vn -0.281469 -0.959559 -0.004593
vn -0.279589 -0.960049 -0.011670
vn -0.277547 -0.960549 -0.017703
vn -0.275250 -0.961082 -0.023622
vn -0.272690 -0.961643 -0.029705
vn -0.270214 -0.962122 -0.036139
vn -0.267663 -0.962539 -0.043295
vn -0.262926 -0.963190 -0.055987
vn -0.265167 -0.962926 -0.049603
vn -0.260769 -0.963330 -0.063213
vn -0.259275 -0.963291 -0.069618
vn -0.258404 -0.963066 -0.075712
vn -0.258110 -0.962685 -0.081347
vn -0.258259 -0.962190 -0.086557
vn -0.258765 -0.961599 -0.091472
vn -0.259582 -0.960891 -0.096463
vn -0.260692 -0.960046 -0.101746
vn -0.262101 -0.959029 -0.107544
vn -0.263846 -0.957781 -0.114198
vn -0.265994 -0.956217 -0.122049
vn -0.268637 -0.954237 -0.131396
vn -0.271819 -0.951786 -0.142192
vn -0.275616 -0.948778 -0.154456
vn -0.279895 -0.945317 -0.167433
vn -0.284780 -0.941305 -0.181235
vn -0.290154 -0.936621 -0.196348
vn -0.289139 -0.935261 -0.204172
vn -0.190388 -0.968205 0.162268
vn -0.178200 -0.967032 0.181918
vn -0.201179 -0.968819 0.144629
vn -0.210507 -0.969015 0.129218
vn -0.218476 -0.968959 0.115698
vn -0.225177 -0.968778 0.103753
vn -0.230910 -0.968558 0.092610
vn -0.235691 -0.968381 0.081780
vn -0.239376 -0.968314 0.071179
vn -0.242249 -0.968315 0.060674
vn -0.244136 -0.968345 0.052020
vn -0.245414 -0.968439 0.043558
vn -0.246035 -0.968599 0.035815
vn -0.246150 -0.968845 0.027367
vn -0.245805 -0.969125 0.019400
vn -0.245061 -0.969447 0.010855
vn -0.243945 -0.969785 0.002672
vn -0.242571 -0.970122 -0.004725
vn -0.240891 -0.970480 -0.011874
vn -0.239073 -0.970835 -0.017966
vn -0.237040 -0.971205 -0.023942
vn -0.234788 -0.971581 -0.030084
vn -0.232623 -0.971879 -0.036587
vn -0.230415 -0.972106 -0.043808
vn -0.226399 -0.972391 -0.056561
vn -0.228281 -0.972302 -0.050161
vn -0.224632 -0.972354 -0.063785
vn -0.223477 -0.972181 -0.070158
vn -0.222892 -0.971859 -0.076221
vn -0.222831 -0.971417 -0.081826
vn -0.223174 -0.970888 -0.087011
vn -0.223844 -0.970282 -0.091909
vn -0.224802 -0.969575 -0.096891
vn -0.226036 -0.968745 -0.102175
vn -0.227553 -0.967760 -0.107986
vn -0.229386 -0.966558 -0.114665
vn -0.231595 -0.965062 -0.122553
vn -0.234263 -0.963177 -0.131948
vn -0.237427 -0.960852 -0.142804
vn -0.241151 -0.958007 -0.155140
vn -0.245318 -0.954740 -0.168196
vn -0.250035 -0.950961 -0.182086
vn -0.255187 -0.946549 -0.197296
vn -0.254365 -0.945104 -0.205125
vn -0.158758 -0.973574 0.164164
vn -0.148309 -0.971726 0.183719
vn -0.167997 -0.974840 0.146508
vn -0.175976 -0.975641 0.130988
vn -0.182791 -0.976125 0.117332
vn -0.188519 -0.976413 0.105252
vn -0.193419 -0.976609 0.093939
vn -0.197505 -0.976791 0.082896
vn -0.200652 -0.977008 0.072073
vn -0.203102 -0.977233 0.061356
vn -0.204707 -0.977412 0.052542
vn -0.205788 -0.977609 0.043945
vn -0.206306 -0.977822 0.036099
vn -0.206386 -0.978083 0.027552
vn -0.206072 -0.978343 0.019500
vn -0.205413 -0.978615 0.010869
vn -0.204434 -0.978877 0.002608
vn -0.203233 -0.979118 -0.004857
vn -0.201771 -0.979358 -0.012067
vn -0.200199 -0.979586 -0.018208
vn -0.198448 -0.979812 -0.024228
vn -0.196521 -0.980028 -0.030417
vn -0.194684 -0.980169 -0.036971
vn -0.192827 -0.980235 -0.044238
vn -0.189527 -0.980218 -0.057024
vn -0.191058 -0.980273 -0.050621
vn -0.188131 -0.980041 -0.064235
vn -0.187279 -0.979769 -0.070571
vn -0.186936 -0.979381 -0.076600
vn -0.187053 -0.978907 -0.082172
vn -0.187527 -0.978370 -0.087331
vn -0.188293 -0.977775 -0.092210
vn -0.189318 -0.977095 -0.097181
vn -0.190594 -0.976307 -0.102463
vn -0.192128 -0.975378 -0.108281
vn -0.193952 -0.974250 -0.114978
vn -0.196115 -0.972849 -0.122894
vn -0.198689 -0.971088 -0.132330
vn -0.201707 -0.968916 -0.143237
vn -0.205223 -0.966261 -0.155638
vn -0.209135 -0.963213 -0.168768
vn -0.213532 -0.959692 -0.182742
vn -0.218305 -0.955573 -0.198047
vn -0.217651 -0.954064 -0.205889
vn -0.126989 -0.977952 0.165784
vn -0.118356 -0.975534 0.185272
vn -0.134612 -0.979768 0.148104
vn -0.141187 -0.981078 0.132486
vn -0.146799 -0.982017 0.118711
vn -0.151513 -0.982700 0.106514
vn -0.155544 -0.983245 0.095057
vn -0.158902 -0.983729 0.083835
vn -0.161484 -0.984185 0.072824
vn -0.163491 -0.984599 0.061926
vn -0.164800 -0.984903 0.052976
vn -0.165674 -0.985187 0.044263
vn -0.166084 -0.985442 0.036328
vn -0.166131 -0.985715 0.027696
vn -0.165853 -0.985956 0.019571
vn -0.165290 -0.986185 0.010867
vn -0.164461 -0.986380 0.002539
vn -0.163453 -0.986539 -0.004982
vn -0.162231 -0.986677 -0.012243
vn -0.160923 -0.986795 -0.018423
vn -0.159476 -0.986898 -0.024478
vn -0.157895 -0.986979 -0.030700
vn -0.156400 -0.986990 -0.037289
vn -0.154904 -0.986923 -0.044587
vn -0.152308 -0.986666 -0.057384
vn -0.153499 -0.986833 -0.050986
vn -0.151258 -0.986383 -0.064573
vn -0.150671 -0.986040 -0.070872
vn -0.150518 -0.985615 -0.076865
vn -0.150754 -0.985131 -0.082405
vn -0.151290 -0.984606 -0.087538
vn -0.152077 -0.984040 -0.092398
vn -0.153086 -0.983405 -0.097357
vn -0.154313 -0.982677 -0.102634
vn -0.155766 -0.981822 -0.108455
vn -0.157472 -0.980785 -0.115163
vn -0.159472 -0.979497 -0.123102
vn -0.161826 -0.977874 -0.132571
vn -0.164559 -0.975870 -0.143522
vn -0.167714 -0.973418 -0.155979
vn -0.171211 -0.970601 -0.169175
vn -0.175121 -0.967347 -0.183227
vn -0.179343 -0.963528 -0.198621
vn -0.178836 -0.961968 -0.206482
vn -0.095085 -0.981342 0.167114
vn -0.088344 -0.978464 0.186559
vn -0.101023 -0.983602 0.149403
vn -0.106136 -0.985322 0.133701
vn -0.110496 -0.986627 0.119827
vn -0.114155 -0.987626 0.107533
vn -0.117279 -0.988452 0.095957
vn -0.119877 -0.989179 0.084589
vn -0.121869 -0.989827 0.073425
vn -0.123410 -0.990393 0.062379
vn -0.124408 -0.990798 0.053318
vn -0.125066 -0.991149 0.044510
vn -0.125364 -0.991439 0.036502
vn -0.125378 -0.991719 0.027800
vn -0.125143 -0.991945 0.019616
vn -0.124686 -0.992137 0.010853
vn -0.124025 -0.992276 0.002471
vn -0.123228 -0.992365 -0.005094
vn -0.122269 -0.992420 -0.012395
vn -0.121249 -0.992448 -0.018604
vn -0.120129 -0.992452 -0.024683
vn -0.118914 -0.992423 -0.030927
vn -0.117775 -0.992331 -0.037540
vn -0.116647 -0.992160 -0.044854
vn -0.114741 -0.991721 -0.057647
vn -0.115605 -0.991972 -0.051260
vn -0.114008 -0.991363 -0.064812
vn -0.113644 -0.990976 -0.071076
vn -0.113625 -0.990533 -0.077036
vn -0.113912 -0.990056 -0.082547
vn -0.114436 -0.989556 -0.087657
vn -0.115161 -0.989031 -0.092498
vn -0.116065 -0.988450 -0.097445
vn -0.117145 -0.987789 -0.102715
vn -0.118409 -0.987015 -0.108537
vn -0.119879 -0.986076 -0.115252
vn -0.121589 -0.984904 -0.123207
vn -0.123582 -0.983422 -0.132701
vn -0.125877 -0.981585 -0.143689
vn -0.128511 -0.979331 -0.156193
vn -0.131420 -0.976738 -0.169446
vn -0.134658 -0.973741 -0.183566
vn -0.138138 -0.970207 -0.199041
vn -0.137762 -0.968610 -0.206922
vn -0.063046 -0.983746 0.168135
vn -0.058275 -0.980523 0.187561
vn -0.067230 -0.986338 0.150393
vn -0.070822 -0.988363 0.134620
vn -0.073880 -0.989940 0.120668
vn -0.076441 -0.991175 0.108298
vn -0.078622 -0.992210 0.096630
vn -0.080427 -0.993117 0.085150
vn -0.081802 -0.993907 0.073869
vn -0.082856 -0.994587 0.062711
vn -0.083529 -0.995065 0.053564
vn -0.083961 -0.995467 0.044683
vn -0.084142 -0.995781 0.036619
vn -0.084124 -0.996066 0.027865
vn -0.083937 -0.996278 0.019636
vn -0.083597 -0.996441 0.010830
vn -0.083122 -0.996537 0.002410
vn -0.082558 -0.996573 -0.005187
vn -0.081886 -0.996563 -0.012515
vn -0.081179 -0.996523 -0.018744
vn -0.080408 -0.996453 -0.024838
vn -0.079582 -0.996343 -0.031095
vn -0.078813 -0.996176 -0.037720
vn -0.078062 -0.995931 -0.045042
vn -0.076827 -0.995366 -0.057821
vn -0.077380 -0.995673 -0.051447
vn -0.076379 -0.994960 -0.064965
vn -0.076190 -0.994548 -0.071199
vn -0.076244 -0.994101 -0.077132
vn -0.076511 -0.993640 -0.082619
vn -0.076944 -0.993170 -0.087710
vn -0.077519 -0.992687 -0.092537
vn -0.078221 -0.992159 -0.097473
vn -0.079049 -0.991563 -0.102737
vn -0.080009 -0.990865 -0.108557
vn -0.081117 -0.990016 -0.115277
vn -0.082396 -0.988950 -0.123242
vn -0.083878 -0.987593 -0.132755
vn -0.085575 -0.985904 -0.143770
vn -0.087513 -0.983824 -0.156310
vn -0.089647 -0.981426 -0.169608
vn -0.092012 -0.978651 -0.183783
vn -0.094544 -0.975362 -0.199324
vn -0.094288 -0.973739 -0.207225
vn -0.030855 -0.985162 0.168830
vn -0.028135 -0.981717 0.188256
vn -0.033215 -0.987967 0.151055
vn -0.035226 -0.990188 0.135231
vn -0.036931 -0.991938 0.121223
vn -0.038351 -0.993324 0.108798
vn -0.039550 -0.994492 0.097067
vn -0.040528 -0.995513 0.085509
vn -0.041260 -0.996393 0.074148
vn -0.041805 -0.997143 0.062914
vn -0.042138 -0.997667 0.053709
vn -0.042333 -0.998100 0.044780
vn -0.042394 -0.998428 0.036678
vn -0.042345 -0.998714 0.027890
vn -0.042212 -0.998916 0.019635
vn -0.042003 -0.999059 0.010803
vn -0.041730 -0.999126 0.002361
vn -0.041421 -0.999128 -0.005253
vn -0.041063 -0.999077 -0.012595
vn -0.040694 -0.998994 -0.018834
vn -0.040299 -0.998877 -0.024934
vn -0.039882 -0.998717 -0.031196
vn -0.039499 -0.998503 -0.037827
vn -0.039131 -0.998214 -0.045150
vn -0.038547 -0.997577 -0.057917
vn -0.038804 -0.997916 -0.051552
vn -0.038349 -0.997145 -0.065046
vn -0.038285 -0.996723 -0.071259
vn -0.038348 -0.996280 -0.077175
vn -0.038519 -0.995834 -0.082646
vn -0.038776 -0.995390 -0.087724
vn -0.039106 -0.994941 -0.092542
vn -0.039503 -0.994454 -0.097471
vn -0.039968 -0.993906 -0.102731
vn -0.040503 -0.993266 -0.108549
vn -0.041117 -0.992483 -0.115270
vn -0.041821 -0.991495 -0.123242
vn -0.042632 -0.990230 -0.132767
vn -0.043559 -0.988648 -0.143798
vn -0.044612 -0.986692 -0.156362
vn -0.045768 -0.984434 -0.169691
vn -0.047049 -0.981818 -0.183904
vn -0.048419 -0.978704 -0.199486
vn -0.048282 -0.977064 -0.207401
vn -0.957949 -0.286703 0.011635
vn -0.959893 -0.280144 0.011142
vn -0.961384 -0.275091 0.008175
vn -0.961533 -0.274539 0.009115
vn -0.961030 -0.276256 0.010214
vn -0.959305 -0.282308 0.006042
vn -0.960642 -0.277697 0.007217
vn -0.957560 -0.288199 0.004472
vn -0.952551 -0.304380 -0.000014
vn -0.955246 -0.295804 0.002365
vn -0.949418 -0.313999 -0.003034
vn -0.945863 -0.324506 -0.006202
vn -0.256060 -0.948521 0.186391
vn -0.227487 -0.955339 0.188621
vn -0.198860 -0.961296 0.190695
vn -0.284295 -0.940906 0.184043
vn -0.170198 -0.966406 0.192593
vn -0.141501 -0.970685 0.194288
vn -0.112773 -0.974146 0.195759
vn -0.084019 -0.976800 0.196985
vn -0.055240 -0.978655 0.197947
vn -0.026428 -0.979719 0.198625
vn -0.942429 -0.334286 -0.008954
vn -0.938537 -0.344971 -0.011976
vn -0.934503 -0.355672 -0.014169
vn -0.930107 -0.366895 -0.016995
vn -0.925563 -0.378025 -0.020735
vn -0.913631 -0.404963 -0.035811
vn -0.917359 -0.396910 -0.030256
vn -0.921157 -0.388371 -0.025238
vn -0.910019 -0.412473 -0.041612
vn -0.903007 -0.426347 -0.052981
vn -0.906450 -0.419651 -0.047339
vn -0.896505 -0.438397 -0.063937
vn -0.899687 -0.432594 -0.058534
vn -0.893329 -0.444050 -0.069155
vn -0.889888 -0.450050 -0.074527
vn -0.885903 -0.456836 -0.080478
vn -0.881425 -0.464132 -0.087588
vn -0.876788 -0.471211 -0.095932
vn -0.872299 -0.477412 -0.105703
vn -0.867859 -0.483261 -0.115236
vn -0.864146 -0.487196 -0.126062
vn -0.846153 -0.514578 -0.138686
vn -0.831788 -0.537187 -0.139855
vn -0.816309 -0.560054 -0.141348
vn -0.799792 -0.582953 -0.143172
vn -0.782402 -0.605564 -0.145394
vn -0.764182 -0.627797 -0.147977
vn -0.745140 -0.649613 -0.150898
vn -0.725302 -0.670955 -0.154127
vn -0.704702 -0.691775 -0.157615
vn -0.683369 -0.712030 -0.161309
vn -0.661340 -0.731680 -0.165150
vn -0.638664 -0.750681 -0.169076
vn -0.615384 -0.769003 -0.173024
vn -0.590026 -0.787549 -0.177864
vn -0.517639 -0.834764 -0.187669
vn -0.492132 -0.849367 -0.190738
vn -0.569791 -0.801413 -0.181866
vn -0.466385 -0.863167 -0.193462
vn -0.439541 -0.876601 -0.195893
vn -0.543372 -0.818953 -0.184563
vn 0.877728 -0.000429 0.479160
vn 0.892215 -0.000404 0.451611
vn 0.890795 -0.000408 0.454406
vn 0.876058 -0.000429 0.482206
vn 0.904876 -0.000342 0.425676
vn 0.903677 -0.000349 0.428216
vn 0.915899 -0.000252 0.401408
vn 0.914894 -0.000262 0.403695
vn 0.925463 -0.000146 0.378837
vn 0.924625 -0.000157 0.380878
vn 0.933727 -0.000039 0.357987
vn 0.933034 -0.000048 0.359789
vn 0.940837 0.000061 0.338859
vn 0.940268 0.000053 0.340435
vn 0.946928 0.000140 0.321447
vn 0.946464 0.000135 0.322808
vn 0.955173 -0.000405 0.296049
vn 0.954674 -0.000353 0.297654
vn 0.055930 0.000113 0.998435
vn 0.054604 0.000111 0.998508
vn 0.110075 0.000240 0.993923
vn 0.107588 0.000233 0.994196
vn 0.162425 0.000386 0.986721
vn 0.158951 0.000375 0.987286
vn 0.212976 0.000538 0.977057
vn 0.208674 0.000525 0.977985
vn 0.261761 0.000683 0.965132
vn 0.256783 0.000669 0.966469
vn 0.308856 0.000812 0.951109
vn 0.303326 0.000798 0.952887
vn 0.354338 0.000916 0.935117
vn 0.348377 0.000903 0.937354
vn 0.398305 0.000987 0.917253
vn 0.392006 0.000979 0.919962
vn 0.440868 0.001019 0.897571
vn 0.434319 0.001017 0.900759
vn 0.482112 0.001007 0.876109
vn 0.475387 0.001012 0.879776
vn 0.525517 0.002004 0.850781
vn 0.518057 0.001719 0.855344
vn 0.562800 0.002011 0.826590
vn 0.558613 0.002138 0.829426
vn 0.602283 0.001343 0.798281
vn 0.598149 0.001361 0.801383
vn 0.639024 0.001160 0.769186
vn 0.634868 0.001182 0.772620
vn 0.797576 -0.000061 0.603218
vn 0.794637 -0.000038 0.607085
vn 0.765864 -0.000758 0.643002
vn 0.769608 -0.000587 0.638516
vn 0.960933 -0.000822 0.276782
vn 0.968158 -0.000834 0.250338
vn 0.967613 -0.000880 0.252436
vn 0.960184 -0.000781 0.279368
vn 0.981396 0.001816 0.191989
vn 0.981514 0.001796 0.191380
vn 0.977484 0.001743 0.211003
vn 0.977687 0.001773 0.210060
vn 0.972814 0.000355 0.231586
vn 0.973426 0.000613 0.229000
vn 0.984369 0.001042 0.176119
vn 0.984663 0.000924 0.174463
vn 0.986739 0.000269 0.162318
vn 0.987102 0.000201 0.160093
vn 0.991843 0.000296 0.127462
vn 0.993264 -0.000061 0.115870
vn 0.993556 -0.000164 0.113338
vn 0.992169 0.000233 0.124899
vn 0.994529 -0.000487 0.104459
vn 0.995633 -0.000776 0.093350
vn 0.995850 -0.000813 0.091005
vn 0.994786 -0.000568 0.101980
vn 0.996580 -0.000926 0.082629
vn 0.996750 -0.000949 0.080557
vn 0.990313 0.000318 0.138851
vn 0.990664 0.000351 0.136324
vn 0.998028 -0.000570 0.062764
vn 0.997474 -0.000863 0.071028
vn 0.997369 -0.000899 0.072482
vn 0.997981 -0.000603 0.063506
vn 0.998496 0.000045 0.054828
vn 0.998485 0.000024 0.055021
vn 0.998840 0.000284 0.048161
vn 0.998819 0.000293 0.048596
vn 0.999086 0.000004 0.042743
vn 0.999069 0.000045 0.043143
vn 0.999452 -0.000355 0.033109
vn 0.999445 -0.000347 0.033319
vn 0.999250 -0.000210 0.038730
vn 0.999261 -0.000211 0.038431
vn 0.999609 -0.000077 0.027969
vn 0.999604 -0.000103 0.028151
vn 0.999741 0.000608 0.022748
vn 0.999736 0.000583 0.022954
vn 0.999836 0.000427 0.018102
vn 0.999834 0.000458 0.018233
vn 0.999900 -0.000047 0.014180
vn 0.999902 -0.000046 0.014004
vn 0.999943 0.000042 0.010665
vn 0.999943 0.000039 0.010720
vn 0.999966 0.000112 0.008219
vn 0.999979 0.000053 0.006424
vn 0.999980 0.000051 0.006407
vn 0.999965 0.000113 0.008345
vn 0.999991 0.000039 0.004142
vn 1.000000 0.000144 0.000976
vn 0.999999 0.000142 0.001034
vn 0.999992 0.000040 0.004122
vn 0.999948 0.000322 -0.010187
vn 0.999849 0.000122 -0.017393
vn 0.999839 0.000077 -0.017959
vn 0.999945 0.000326 -0.010506
vn 0.999992 0.000242 -0.003994
vn 0.999992 0.000241 -0.003918
vn 0.999676 0.000080 -0.025443
vn 0.999652 0.000138 -0.026394
vn 0.999374 0.000975 -0.035359
vn 0.999297 0.001236 -0.037481
vn 0.998806 0.002118 -0.048808
vn 0.998903 0.002021 -0.046783
vn 0.674792 0.000941 0.738008
vn 0.670665 0.000968 0.741759
vn 0.711358 -0.001191 0.702829
vn 0.706981 -0.000765 0.707232
vn 0.740812 -0.002016 0.671710
vn 0.737667 -0.002195 0.675161
vn 0.821334 -0.000228 0.570447
vn 0.818747 -0.000212 0.574155
vn 0.861218 -0.000411 0.508235
vn 0.859270 -0.000406 0.511523
vn 0.840231 -0.000335 0.542229
vn 0.842487 -0.000345 0.538717
vn 0.988653 0.000118 0.150219
vn 0.989023 0.000168 0.147761
vn 0.997778 0.003402 -0.066536
vn 0.998022 0.003087 -0.062793
vn 0.995130 0.001402 -0.098561
vn 0.996075 0.002659 -0.088473
vn 0.989232 -0.001722 -0.146347
vn 0.991501 -0.000999 -0.130095
vn 0.977350 -0.006248 -0.211538
vn 0.981960 -0.004407 -0.189036
vn 0.958563 -0.009714 -0.284714
vn 0.966075 -0.008837 -0.258109
vn 0.927833 -0.005304 -0.372959
vn 0.939225 -0.007673 -0.343216
vn 0.854826 0.002029 -0.518912
vn 0.877421 0.000599 -0.479721
vn 0.804572 0.002171 -0.593851
vn 0.789834 0.000041 -0.613321
vn 0.755668 -0.001972 -0.654952
vn 0.718006 -0.001132 -0.696036
vn 0.648401 0.000019 -0.761299
vn 0.628055 0.000023 -0.778169
vn 0.597987 0.000029 -0.801506
vn 0.578010 0.000033 -0.816030
vn 0.548529 0.000038 -0.836131
vn 0.529335 0.000040 -0.848413
vn 0.500768 0.000045 -0.865582
vn 0.482666 0.000047 -0.875805
vn 0.455250 0.000050 -0.890364
vn 0.438449 0.000051 -0.898756
vn 0.412569 0.000053 -0.910926
vn 0.397467 0.000054 -0.917616
vn 0.359972 0.000053 -0.932963
vn 0.373413 0.000054 -0.927665
vn 0.337540 0.000051 -0.941311
vn 0.325487 0.000049 -0.945547
vn 0.304514 0.000045 -0.952508
vn 0.293859 0.000043 -0.955849
vn 0.274427 0.000039 -0.961608
vn 0.265145 0.000037 -0.964209
vn 0.247309 0.000032 -0.968937
vn 0.239343 0.000029 -0.970935
vn 0.223139 0.000024 -0.974787
vn 0.216416 0.000022 -0.976301
vn 0.201865 0.000015 -0.979413
vn 0.196296 0.000012 -0.980545
vn 0.183171 0.000005 -0.983081
vn 0.178480 0.000002 -0.983943
vn 0.166126 -0.000005 -0.986105
vn 0.161948 -0.000008 -0.986799
vn 0.149970 -0.000016 -0.988691
vn 0.146284 -0.000018 -0.989243
vn 0.134697 -0.000025 -0.990887
vn 0.131460 -0.000027 -0.991322
vn 0.120253 -0.000034 -0.992743
vn 0.117427 -0.000036 -0.993082
vn 0.106587 -0.000042 -0.994303
vn 0.104136 -0.000043 -0.994563
vn 0.093652 -0.000048 -0.995605
vn 0.091543 -0.000049 -0.995801
vn 0.081402 -0.000053 -0.996681
vn 0.079606 -0.000053 -0.996826
vn 0.069813 -0.000055 -0.997560
vn 0.068308 -0.000055 -0.997664
vn 0.058891 -0.000053 -0.998264
vn 0.057655 -0.000053 -0.998337
vn 0.048625 -0.000050 -0.998817
vn 0.047631 -0.000049 -0.998865
vn 0.038977 -0.000044 -0.999240
vn 0.038201 -0.000043 -0.999270
vn 0.029919 -0.000037 -0.999552
vn 0.029339 -0.000036 -0.999570
vn 0.021425 -0.000029 -0.999770
vn 0.021020 -0.000029 -0.999779
vn 0.013473 -0.000020 -0.999909
vn 0.013224 -0.000020 -0.999913
vn 0.006040 -0.000011 -0.999982
vn 0.005930 -0.000011 -0.999982
s 1
g MF_Xiao_ma_Shizhi_ty03 MF_Xiao_ma_Shizhi_ty03
usemtl blinn2SG
f 15/1/1 14/2/2 1433/1352/3 1432/1353/4
f 16/3/5 15/1/1 1432/1353/4 1431/1355/6
f 17/4/7 16/3/5 1431/1355/6 1430/1354/8
f 18/5/9 17/4/7 1430/1354/8 1429/1357/10
f 19/6/11 18/5/9 1429/1357/10 1428/1356/12
f 20/7/13 19/6/11 1428/1356/12 1427/1358/14
f 1426/1360/15 21/8/16 20/7/13 1427/1358/14
f 1425/1361/17 22/9/18 21/8/16 1426/1360/15
f 23/10/19 22/9/18 1425/1361/17 1424/1362/20
f 24/11/21 23/10/19 1424/1362/20 1423/1364/22
f 25/12/23 24/11/21 1423/1364/22 1422/1363/24
f 26/13/25 25/12/23 1422/1363/24 1421/1365/26
f 27/14/27 26/13/25 1421/1365/26 1420/1366/28
f 28/15/29 27/14/27 1420/1366/28 1419/1368/30
f 29/16/31 28/15/29 1419/1368/30 1418/1367/32
f 30/17/33 29/16/31 1418/1367/32 1417/1369/34
f 31/18/35 30/17/33 1417/1369/34 1416/1372/36
f 32/19/37 31/18/35 1416/1372/36 1415/1371/38
f 33/20/39 32/19/37 1415/1371/38 1/1370/40
f 35/23/41 34/21/42 2/22/43 3/24/44
f 36/25/45 35/23/41 3/24/44 4/26/46
f 37/27/47 36/25/45 4/26/46 5/28/48
f 38/29/49 37/27/47 5/28/48 6/30/50
f 39/31/51 38/29/49 6/30/50 7/32/52
f 40/33/53 39/31/51 7/32/52 8/34/54
f 41/35/55 40/33/53 8/34/54 9/36/56
f 42/37/57 41/35/55 9/36/56 10/38/58
f 43/39/59 42/37/57 10/38/58 11/40/60
f 44/41/61 43/39/59 11/40/60 12/42/62
f 45/43/63 44/41/61 12/42/62 13/44/64
f 46/45/65 45/43/63 13/44/64 14/2/2
f 15/1/1 47/46/66 46/45/65 14/2/2
f 48/47/67 47/46/66 15/1/1 16/3/5
f 17/4/7 49/48/68 48/47/67 16/3/5
f 18/5/9 50/49/69 49/48/68 17/4/7
f 19/6/11 51/50/70 50/49/69 18/5/9
f 20/7/13 52/51/71 51/50/70 19/6/11
f 20/7/13 21/8/16 53/52/72 52/51/71
f 21/8/16 22/9/18 54/53/73 53/52/72
f 23/10/19 55/54/74 54/53/73 22/9/18
f 24/11/21 56/55/75 55/54/74 23/10/19
f 25/12/23 57/56/76 56/55/75 24/11/21
f 26/13/25 58/57/77 57/56/76 25/12/23
f 27/14/27 59/58/78 58/57/77 26/13/25
f 28/15/29 60/59/79 59/58/78 27/14/27
f 29/16/31 61/60/80 60/59/79 28/15/29
f 30/17/33 62/61/81 61/60/80 29/16/31
f 31/18/35 63/62/82 62/61/81 30/17/33
f 32/19/37 64/63/83 63/62/82 31/18/35
f 33/20/39 65/64/84 64/63/83 32/19/37
f 1413/1374/85 65/64/84 33/20/39 1414/1373/86
f 67/66/87 66/65/88 34/21/42 35/23/41
f 68/67/89 67/66/87 35/23/41 36/25/45
f 69/68/90 68/67/89 36/25/45 37/27/47
f 70/69/91 69/68/90 37/27/47 38/29/49
f 71/70/92 70/69/91 38/29/49 39/31/51
f 72/71/93 71/70/92 39/31/51 40/33/53
f 73/72/94 72/71/93 40/33/53 41/35/55
f 74/73/95 73/72/94 41/35/55 42/37/57
f 75/74/96 74/73/95 42/37/57 43/39/59
f 76/75/97 75/74/96 43/39/59 44/41/61
f 77/76/98 76/75/97 44/41/61 45/43/63
f 78/77/99 77/76/98 45/43/63 46/45/65
f 79/78/100 78/77/99 46/45/65 47/46/66
f 80/79/101 79/78/100 47/46/66 48/47/67
f 48/47/67 49/48/68 81/80/102 80/79/101
f 82/81/103 81/80/102 49/48/68 50/49/69
f 50/49/69 51/50/70 83/82/104 82/81/103
f 51/50/70 52/51/71 84/83/105 83/82/104
f 52/51/71 53/52/72 85/84/106 84/83/105
f 53/52/72 54/53/73 86/85/107 85/84/106
f 54/53/73 55/54/74 87/86/108 86/85/107
f 55/54/74 56/55/75 88/87/109 87/86/108
f 56/55/75 57/56/76 89/88/110 88/87/109
f 57/56/76 58/57/77 90/89/111 89/88/110
f 58/57/77 59/58/78 91/90/112 90/89/111
f 59/58/78 60/59/79 92/91/113 91/90/112
f 60/59/79 61/60/80 93/92/114 92/91/113
f 61/60/80 62/61/81 94/93/115 93/92/114
f 62/61/81 63/62/82 95/94/116 94/93/115
f 63/62/82 64/63/83 96/95/117 95/94/116
f 64/63/83 65/64/84 97/96/118 96/95/117
f 97/96/118 65/64/84 1413/1374/85 1412/1375/119
f 99/98/120 98/97/121 66/65/88 67/66/87
f 100/99/122 99/98/120 67/66/87 68/67/89
f 101/100/123 100/99/122 68/67/89 69/68/90
f 102/101/124 101/100/123 69/68/90 70/69/91
f 103/102/125 102/101/124 70/69/91 71/70/92
f 104/103/126 103/102/125 71/70/92 72/71/93
f 105/104/127 104/103/126 72/71/93 73/72/94
f 106/105/128 105/104/127 73/72/94 74/73/95
f 107/106/129 106/105/128 74/73/95 75/74/96
f 108/107/130 107/106/129 75/74/96 76/75/97
f 109/108/131 108/107/130 76/75/97 77/76/98
f 110/109/132 109/108/131 77/76/98 78/77/99
f 111/110/133 110/109/132 78/77/99 79/78/100
f 112/111/134 111/110/133 79/78/100 80/79/101
f 113/112/135 112/111/134 80/79/101 81/80/102
f 114/113/136 113/112/135 81/80/102 82/81/103
f 82/81/103 83/82/104 115/114/137 114/113/136
f 83/82/104 84/83/105 116/115/138 115/114/137
f 85/84/106 117/116/139 116/115/138 84/83/105
f 85/84/106 86/85/107 118/117/140 117/116/139
f 86/85/107 87/86/108 119/118/141 118/117/140
f 87/86/108 88/87/109 120/119/142 119/118/141
f 88/87/109 89/88/110 121/120/143 120/119/142
f 89/88/110 90/89/111 122/121/144 121/120/143
f 90/89/111 91/90/112 123/122/145 122/121/144
f 91/90/112 92/91/113 124/123/146 123/122/145
f 92/91/113 93/92/114 125/124/147 124/123/146
f 93/92/114 94/93/115 126/125/148 125/124/147
f 94/93/115 95/94/116 127/126/149 126/125/148
f 95/94/116 96/95/117 128/127/150 127/126/149
f 96/95/117 97/96/118 129/128/151 128/127/150
f 129/128/151 97/96/118 1412/1375/119 1411/1376/152
f 131/130/153 130/129/154 98/97/121 99/98/120
f 132/131/155 131/130/153 99/98/120 100/99/122
f 133/132/156 132/131/155 100/99/122 101/100/123
f 134/133/157 133/132/156 101/100/123 102/101/124
f 135/134/158 134/133/157 102/101/124 103/102/125
f 136/135/159 135/134/158 103/102/125 104/103/126
f 137/136/160 136/135/159 104/103/126 105/104/127
f 138/137/161 137/136/160 105/104/127 106/105/128
f 139/138/162 138/137/161 106/105/128 107/106/129
f 140/139/163 139/138/162 107/106/129 108/107/130
f 141/140/164 140/139/163 108/107/130 109/108/131
f 142/141/165 141/140/164 109/108/131 110/109/132
f 143/142/166 142/141/165 110/109/132 111/110/133
f 144/143/167 143/142/166 111/110/133 112/111/134
f 145/144/168 144/143/167 112/111/134 113/112/135
f 146/145/169 145/144/168 113/112/135 114/113/136
f 147/146/170 146/145/169 114/113/136 115/114/137
f 148/147/171 147/146/170 115/114/137 116/115/138
f 149/148/172 148/147/171 116/115/138 117/116/139
f 117/116/139 118/117/140 150/149/173 149/148/172
f 118/117/140 119/118/141 151/150/174 150/149/173
f 151/150/174 119/118/141 120/119/142 152/151/175
f 120/119/142 121/120/143 153/152/176 152/151/175
f 121/120/143 122/121/144 154/153/177 153/152/176
f 122/121/144 123/122/145 155/154/178 154/153/177
f 123/122/145 124/123/146 156/155/179 155/154/178
f 124/123/146 125/124/147 157/156/180 156/155/179
f 125/124/147 126/125/148 158/157/181 157/156/180
f 126/125/148 127/126/149 159/158/182 158/157/181
f 127/126/149 128/127/150 160/159/183 159/158/182
f 128/127/150 129/128/151 161/160/184 160/159/183
f 161/160/184 129/128/151 1411/1376/152 1410/1377/185
f 163/162/186 162/161/187 130/129/154 131/130/153
f 164/163/188 163/162/186 131/130/153 132/131/155
f 165/164/189 164/163/188 132/131/155 133/132/156
f 166/165/190 165/164/189 133/132/156 134/133/157
f 167/166/191 166/165/190 134/133/157 135/134/158
f 168/167/192 167/166/191 135/134/158 136/135/159
f 169/168/193 168/167/192 136/135/159 137/136/160
f 170/169/194 169/168/193 137/136/160 138/137/161
f 171/170/195 170/169/194 138/137/161 139/138/162
f 172/171/196 171/170/195 139/138/162 140/139/163
f 173/172/197 172/171/196 140/139/163 141/140/164
f 174/173/198 173/172/197 141/140/164 142/141/165
f 175/174/199 174/173/198 142/141/165 143/142/166
f 176/175/200 175/174/199 143/142/166 144/143/167
f 177/176/201 176/175/200 144/143/167 145/144/168
f 178/177/202 177/176/201 145/144/168 146/145/169
f 179/178/203 178/177/202 146/145/169 147/146/170
f 180/179/204 179/178/203 147/146/170 148/147/171
f 181/180/205 180/179/204 148/147/171 149/148/172
f 182/181/206 181/180/205 149/148/172 150/149/173
f 183/182/207 182/181/206 150/149/173 151/150/174
f 184/183/208 183/182/207 151/150/174 152/151/175
f 152/151/175 153/152/176 185/184/209 184/183/208
f 153/152/176 154/153/177 186/185/210 185/184/209
f 186/185/210 154/153/177 155/154/178 187/186/211
f 155/154/178 156/155/179 188/187/212 187/186/211
f 156/155/179 157/156/180 189/188/213 188/187/212
f 157/156/180 158/157/181 190/189/214 189/188/213
f 158/157/181 159/158/182 191/190/215 190/189/214
f 159/158/182 160/159/183 192/191/216 191/190/215
f 160/159/183 161/160/184 193/192/217 192/191/216
f 1409/1385/218 193/192/217 161/160/184 1410/1377/185
f 195/194/219 194/193/220 162/161/187 163/162/186
f 196/195/221 195/194/219 163/162/186 164/163/188
f 197/196/222 196/195/221 164/163/188 165/164/189
f 198/197/223 197/196/222 165/164/189 166/165/190
f 199/198/224 198/197/223 166/165/190 167/166/191
f 200/199/225 199/198/224 167/166/191 168/167/192
f 201/200/226 200/199/225 168/167/192 169/168/193
f 202/201/227 201/200/226 169/168/193 170/169/194
f 203/202/228 202/201/227 170/169/194 171/170/195
f 204/203/229 203/202/228 171/170/195 172/171/196
f 205/204/230 204/203/229 172/171/196 173/172/197
f 206/205/231 205/204/230 173/172/197 174/173/198
f 207/206/232 206/205/231 174/173/198 175/174/199
f 208/207/233 207/206/232 175/174/199 176/175/200
f 209/208/234 208/207/233 176/175/200 177/176/201
f 210/209/235 209/208/234 177/176/201 178/177/202
f 211/210/236 210/209/235 178/177/202 179/178/203
f 212/211/237 211/210/236 179/178/203 180/179/204
f 213/212/238 212/211/237 180/179/204 181/180/205
f 214/213/239 213/212/238 181/180/205 182/181/206
f 215/214/240 214/213/239 182/181/206 183/182/207
f 216/215/241 215/214/240 183/182/207 184/183/208
f 217/216/242 216/215/241 184/183/208 185/184/209
f 218/217/243 217/216/242 185/184/209 186/185/210
f 219/218/244 218/217/243 186/185/210 187/186/211
f 188/187/212 220/219/245 219/218/244 187/186/211
f 189/188/213 221/220/246 220/219/245 188/187/212
f 190/189/214 222/221/247 221/220/246 189/188/213
f 190/189/214 191/190/215 223/222/248 222/221/247
f 191/190/215 192/191/216 224/223/249 223/222/248
f 192/191/216 193/192/217 225/224/250 224/223/249
f 1409/1385/218 1408/1386/251 225/224/250 193/192/217
f 227/226/252 226/225/253 194/193/220 195/194/219
f 228/227/254 227/226/252 195/194/219 196/195/221
f 229/228/255 228/227/254 196/195/221 197/196/222
f 230/229/256 229/228/255 197/196/222 198/197/223
f 231/230/257 230/229/256 198/197/223 199/198/224
f 232/231/258 231/230/257 199/198/224 200/199/225
f 233/232/259 232/231/258 200/199/225 201/200/226
f 234/233/260 233/232/259 201/200/226 202/201/227
f 235/234/261 234/233/260 202/201/227 203/202/228
f 236/235/262 235/234/261 203/202/228 204/203/229
f 237/236/263 236/235/262 204/203/229 205/204/230
f 238/237/264 237/236/263 205/204/230 206/205/231
f 239/238/265 238/237/264 206/205/231 207/206/232
f 240/239/266 239/238/265 207/206/232 208/207/233
f 241/240/267 240/239/266 208/207/233 209/208/234
f 242/241/268 241/240/267 209/208/234 210/209/235
f 243/242/269 242/241/268 210/209/235 211/210/236
f 244/243/270 243/242/269 211/210/236 212/211/237
f 245/244/271 244/243/270 212/211/237 213/212/238
f 246/245/272 245/244/271 213/212/238 214/213/239
f 247/246/273 246/245/272 214/213/239 215/214/240
f 248/247/274 247/246/273 215/214/240 216/215/241
f 249/248/275 248/247/274 216/215/241 217/216/242
f 250/249/276 249/248/275 217/216/242 218/217/243
f 251/250/277 250/249/276 218/217/243 219/218/244
f 252/251/278 251/250/277 219/218/244 220/219/245
f 253/252/279 252/251/278 220/219/245 221/220/246
f 254/253/280 253/252/279 221/220/246 222/221/247
f 223/222/248 255/254/281 254/253/280 222/221/247
f 223/222/248 224/223/249 256/255/282 255/254/281
f 224/223/249 225/224/250 257/256/283 256/255/282
f 257/256/283 225/224/250 1408/1386/251 1407/1387/284
f 259/258/285 258/257/286 226/225/253 227/226/252
f 260/259/287 259/258/285 227/226/252 228/227/254
f 261/260/288 260/259/287 228/227/254 229/228/255
f 262/261/289 261/260/288 229/228/255 230/229/256
f 263/262/290 262/261/289 230/229/256 231/230/257
f 264/263/291 263/262/290 231/230/257 232/231/258
f 265/264/292 264/263/291 232/231/258 233/232/259
f 266/265/293 265/264/292 233/232/259 234/233/260
f 267/266/294 266/265/293 234/233/260 235/234/261
f 268/267/295 267/266/294 235/234/261 236/235/262
f 269/268/296 268/267/295 236/235/262 237/236/263
f 270/269/297 269/268/296 237/236/263 238/237/264
f 271/270/298 270/269/297 238/237/264 239/238/265
f 272/271/299 271/270/298 239/238/265 240/239/266
f 273/272/300 272/271/299 240/239/266 241/240/267
f 274/273/301 273/272/300 241/240/267 242/241/268
f 275/274/302 274/273/301 242/241/268 243/242/269
f 276/275/303 275/274/302 243/242/269 244/243/270
f 277/276/304 276/275/303 244/243/270 245/244/271
f 278/277/305 277/276/304 245/244/271 246/245/272
f 279/278/306 278/277/305 246/245/272 247/246/273
f 280/279/307 279/278/306 247/246/273 248/247/274
f 281/280/308 280/279/307 248/247/274 249/248/275
f 282/281/309 281/280/308 249/248/275 250/249/276
f 283/282/310 282/281/309 250/249/276 251/250/277
f 284/283/311 283/282/310 251/250/277 252/251/278
f 285/284/312 284/283/311 252/251/278 253/252/279
f 286/285/313 285/284/312 253/252/279 254/253/280
f 287/286/314 286/285/313 254/253/280 255/254/281
f 256/255/282 288/287/315 287/286/314 255/254/281
f 256/255/282 257/256/283 289/288/316 288/287/315
f 289/288/316 257/256/283 1407/1387/284 1406/1390/317
f 291/290/318 290/289/319 258/257/286 259/258/285
f 292/291/320 291/290/318 259/258/285 260/259/287
f 293/292/321 292/291/320 260/259/287 261/260/288
f 294/293/322 293/292/321 261/260/288 262/261/289
f 295/294/323 294/293/322 262/261/289 263/262/290
f 296/295/324 295/294/323 263/262/290 264/263/291
f 297/296/325 296/295/324 264/263/291 265/264/292
f 298/297/326 297/296/325 265/264/292 266/265/293
f 299/298/327 298/297/326 266/265/293 267/266/294
f 300/299/328 299/298/327 267/266/294 268/267/295
f 301/300/329 300/299/328 268/267/295 269/268/296
f 302/301/330 301/300/329 269/268/296 270/269/297
f 303/302/331 302/301/330 270/269/297 271/270/298
f 304/303/332 303/302/331 271/270/298 272/271/299
f 305/304/333 304/303/332 272/271/299 273/272/300
f 306/305/334 305/304/333 273/272/300 274/273/301
f 307/306/335 306/305/334 274/273/301 275/274/302
f 308/307/336 307/306/335 275/274/302 276/275/303
f 309/308/337 308/307/336 276/275/303 277/276/304
f 310/309/338 309/308/337 277/276/304 278/277/305
f 311/310/339 310/309/338 278/277/305 279/278/306
f 312/311/340 311/310/339 279/278/306 280/279/307
f 313/312/341 312/311/340 280/279/307 281/280/308
f 314/313/342 313/312/341 281/280/308 282/281/309
f 315/314/343 314/313/342 282/281/309 283/282/310
f 316/315/344 315/314/343 283/282/310 284/283/311
f 317/316/345 316/315/344 284/283/311 285/284/312
f 318/317/346 317/316/345 285/284/312 286/285/313
f 319/318/347 318/317/346 286/285/313 287/286/314
f 320/319/348 319/318/347 287/286/314 288/287/315
f 321/320/349 320/319/348 288/287/315 289/288/316
f 1405/1392/350 321/320/349 289/288/316 1406/1390/317
f 323/322/351 322/321/352 290/289/319 291/290/318
f 324/323/353 323/322/351 291/290/318 292/291/320
f 325/324/354 324/323/353 292/291/320 293/292/321
f 326/325/355 325/324/354 293/292/321 294/293/322
f 327/326/356 326/325/355 294/293/322 295/294/323
f 328/327/357 327/326/356 295/294/323 296/295/324
f 329/328/358 328/327/357 296/295/324 297/296/325
f 330/329/359 329/328/358 297/296/325 298/297/326
f 331/330/360 330/329/359 298/297/326 299/298/327
f 332/331/361 331/330/360 299/298/327 300/299/328
f 333/332/362 332/331/361 300/299/328 301/300/329
f 334/333/363 333/332/362 301/300/329 302/301/330
f 335/334/364 334/333/363 302/301/330 303/302/331
f 336/335/365 335/334/364 303/302/331 304/303/332
f 337/336/366 336/335/365 304/303/332 305/304/333
f 338/337/367 337/336/366 305/304/333 306/305/334
f 339/338/368 338/337/367 306/305/334 307/306/335
f 340/339/369 339/338/368 307/306/335 308/307/336
f 341/340/370 340/339/369 308/307/336 309/308/337
f 342/341/371 341/340/370 309/308/337 310/309/338
f 343/342/372 342/341/371 310/309/338 311/310/339
f 344/343/373 343/342/372 311/310/339 312/311/340
f 345/344/374 344/343/373 312/311/340 313/312/341
f 346/345/375 345/344/374 313/312/341 314/313/342
f 347/346/376 346/345/375 314/313/342 315/314/343
f 348/347/377 347/346/376 315/314/343 316/315/344
f 349/348/378 348/347/377 316/315/344 317/316/345
f 350/349/379 349/348/378 317/316/345 318/317/346
f 351/350/380 350/349/379 318/317/346 319/318/347
f 352/351/381 351/350/380 319/318/347 320/319/348
f 353/352/382 352/351/381 320/319/348 321/320/349
f 355/354/383 354/353/384 322/321/352 323/322/351
f 356/355/385 355/354/383 323/322/351 324/323/353
f 357/356/386 356/355/385 324/323/353 325/324/354
f 358/357/387 357/356/386 325/324/354 326/325/355
f 359/358/388 358/357/387 326/325/355 327/326/356
f 360/359/389 359/358/388 327/326/356 328/327/357
f 361/360/390 360/359/389 328/327/357 329/328/358
f 362/361/391 361/360/390 329/328/358 330/329/359
f 363/362/392 362/361/391 330/329/359 331/330/360
f 364/363/393 363/362/392 331/330/360 332/331/361
f 365/364/394 364/363/393 332/331/361 333/332/362
f 366/365/395 365/364/394 333/332/362 334/333/363
f 367/366/396 366/365/395 334/333/363 335/334/364
f 368/367/397 367/366/396 335/334/364 336/335/365
f 369/368/398 368/367/397 336/335/365 337/336/366
f 370/369/399 369/368/398 337/336/366 338/337/367
f 371/370/400 370/369/399 338/337/367 339/338/368
f 372/371/401 371/370/400 339/338/368 340/339/369
f 373/372/402 372/371/401 340/339/369 341/340/370
f 374/373/403 373/372/402 341/340/370 342/341/371
f 375/374/404 374/373/403 342/341/371 343/342/372
f 376/375/405 375/374/404 343/342/372 344/343/373
f 377/376/406 376/375/405 344/343/373 345/344/374
f 378/377/407 377/376/406 345/344/374 346/345/375
f 379/378/408 378/377/407 346/345/375 347/346/376
f 380/379/409 379/378/408 347/346/376 348/347/377
f 381/380/410 380/379/409 348/347/377 349/348/378
f 382/381/411 381/380/410 349/348/378 350/349/379
f 383/382/412 382/381/411 350/349/379 351/350/380
f 384/383/413 383/382/412 351/350/380 352/351/381
f 385/384/414 384/383/413 352/351/381 353/352/382
f 387/386/415 386/385/416 354/353/384 355/354/383
f 388/387/417 387/386/415 355/354/383 356/355/385
f 389/388/418 388/387/417 356/355/385 357/356/386
f 390/389/419 389/388/418 357/356/386 358/357/387
f 391/390/420 390/389/419 358/357/387 359/358/388
f 392/391/421 391/390/420 359/358/388 360/359/389
f 393/392/422 392/391/421 360/359/389 361/360/390
f 394/393/423 393/392/422 361/360/390 362/361/391
f 395/394/424 394/393/423 362/361/391 363/362/392
f 396/395/425 395/394/424 363/362/392 364/363/393
f 397/396/426 396/395/425 364/363/393 365/364/394
f 398/397/427 397/396/426 365/364/394 366/365/395
f 399/398/428 398/397/427 366/365/395 367/366/396
f 400/399/429 399/398/428 367/366/396 368/367/397
f 401/400/430 400/399/429 368/367/397 369/368/398
f 402/401/431 401/400/430 369/368/398 370/369/399
f 403/402/432 402/401/431 370/369/399 371/370/400
f 404/403/433 403/402/432 371/370/400 372/371/401
f 405/404/434 404/403/433 372/371/401 373/372/402
f 406/405/435 405/404/434 373/372/402 374/373/403
f 407/406/436 406/405/435 374/373/403 375/374/404
f 408/407/437 407/406/436 375/374/404 376/375/405
f 409/408/438 408/407/437 376/375/405 377/376/406
f 410/409/439 409/408/438 377/376/406 378/377/407
f 411/410/440 410/409/439 378/377/407 379/378/408
f 412/411/441 411/410/440 379/378/408 380/379/409
f 413/412/442 412/411/441 380/379/409 381/380/410
f 414/413/443 413/412/442 381/380/410 382/381/411
f 415/414/444 414/413/443 382/381/411 383/382/412
f 416/415/445 415/414/444 383/382/412 384/383/413
f 417/416/446 416/415/445 384/383/413 385/384/414
f 419/418/447 418/417/448 386/385/416 387/386/415
f 420/419/449 419/418/447 387/386/415 388/387/417
f 421/420/450 420/419/449 388/387/417 389/388/418
f 422/421/451 421/420/450 389/388/418 390/389/419
f 423/422/452 422/421/451 390/389/419 391/390/420
f 424/423/453 423/422/452 391/390/420 392/391/421
f 425/424/454 424/423/453 392/391/421 393/392/422
f 426/425/455 425/424/454 393/392/422 394/393/423
f 427/426/456 426/425/455 394/393/423 395/394/424
f 428/427/457 427/426/456 395/394/424 396/395/425
f 429/428/458 428/427/457 396/395/425 397/396/426
f 430/429/459 429/428/458 397/396/426 398/397/427
f 431/430/460 430/429/459 398/397/427 399/398/428
f 432/431/461 431/430/460 399/398/428 400/399/429
f 433/432/462 432/431/461 400/399/429 401/400/430
f 434/433/463 433/432/462 401/400/430 402/401/431
f 435/434/464 434/433/463 402/401/431 403/402/432
f 436/435/465 435/434/464 403/402/432 404/403/433
f 437/436/466 436/435/465 404/403/433 405/404/434
f 438/437/467 437/436/466 405/404/434 406/405/435
f 439/438/468 438/437/467 406/405/435 407/406/436
f 440/439/469 439/438/468 407/406/436 408/407/437
f 441/440/470 440/439/469 408/407/437 409/408/438
f 442/441/471 441/440/470 409/408/438 410/409/439
f 443/442/472 442/441/471 410/409/439 411/410/440
f 444/443/473 443/442/472 411/410/440 412/411/441
f 445/444/474 444/443/473 412/411/441 413/412/442
f 446/445/475 445/444/474 413/412/442 414/413/443
f 447/446/476 446/445/475 414/413/443 415/414/444
f 448/447/477 447/446/476 415/414/444 416/415/445
f 449/448/478 448/447/477 416/415/445 417/416/446
f 451/450/479 450/449/480 418/417/448 419/418/447
f 452/451/481 451/450/479 419/418/447 420/419/449
f 453/452/482 452/451/481 420/419/449 421/420/450
f 454/453/483 453/452/482 421/420/450 422/421/451
f 455/454/484 454/453/483 422/421/451 423/422/452
f 456/455/485 455/454/484 423/422/452 424/423/453
f 457/456/486 456/455/485 424/423/453 425/424/454
f 458/457/487 457/456/486 425/424/454 426/425/455
f 459/458/488 458/457/487 426/425/455 427/426/456
f 460/459/489 459/458/488 427/426/456 428/427/457
f 461/460/490 460/459/489 428/427/457 429/428/458
f 462/461/491 461/460/490 429/428/458 430/429/459
f 463/462/492 462/461/491 430/429/459 431/430/460
f 464/463/493 463/462/492 431/430/460 432/431/461
f 465/464/494 464/463/493 432/431/461 433/432/462
f 466/465/495 465/464/494 433/432/462 434/433/463
f 467/466/496 466/465/495 434/433/463 435/434/464
f 468/467/497 467/466/496 435/434/464 436/435/465
f 469/468/498 468/467/497 436/435/465 437/436/466
f 470/469/499 469/468/498 437/436/466 438/437/467
f 471/470/500 470/469/499 438/437/467 439/438/468
f 472/471/501 471/470/500 439/438/468 440/439/469
f 473/472/502 472/471/501 440/439/469 441/440/470
f 474/473/503 473/472/502 441/440/470 442/441/471
f 475/474/504 474/473/503 442/441/471 443/442/472
f 476/475/505 475/474/504 443/442/472 444/443/473
f 477/476/506 476/475/505 444/443/473 445/444/474
f 478/477/507 477/476/506 445/444/474 446/445/475
f 479/478/508 478/477/507 446/445/475 447/446/476
f 480/479/509 479/478/508 447/446/476 448/447/477
f 481/480/510 480/479/509 448/447/477 449/448/478
f 483/482/511 482/481/512 450/449/480 451/450/479
f 484/483/513 483/482/511 451/450/479 452/451/481
f 485/484/514 484/483/513 452/451/481 453/452/482
f 486/485/515 485/484/514 453/452/482 454/453/483
f 487/486/516 486/485/515 454/453/483 455/454/484
f 488/487/517 487/486/516 455/454/484 456/455/485
f 489/488/518 488/487/517 456/455/485 457/456/486
f 490/489/519 489/488/518 457/456/486 458/457/487
f 491/490/520 490/489/519 458/457/487 459/458/488
f 492/491/521 491/490/520 459/458/488 460/459/489
f 493/492/522 492/491/521 460/459/489 461/460/490
f 494/493/523 493/492/522 461/460/490 462/461/491
f 495/494/524 494/493/523 462/461/491 463/462/492
f 496/495/525 495/494/524 463/462/492 464/463/493
f 497/496/526 496/495/525 464/463/493 465/464/494
f 498/497/527 497/496/526 465/464/494 466/465/495
f 499/498/528 498/497/527 466/465/495 467/466/496
f 500/499/529 499/498/528 467/466/496 468/467/497
f 501/500/530 500/499/529 468/467/497 469/468/498
f 502/501/531 501/500/530 469/468/498 470/469/499
f 503/502/532 502/501/531 470/469/499 471/470/500
f 504/503/533 503/502/532 471/470/500 472/471/501
f 505/504/534 504/503/533 472/471/501 473/472/502
f 506/505/535 505/504/534 473/472/502 474/473/503
f 507/506/536 506/505/535 474/473/503 475/474/504
f 508/507/537 507/506/536 475/474/504 476/475/505
f 509/508/538 508/507/537 476/475/505 477/476/506
f 510/509/539 509/508/538 477/476/506 478/477/507
f 511/510/540 510/509/539 478/477/507 479/478/508
f 512/511/541 511/510/540 479/478/508 480/479/509
f 513/512/542 512/511/541 480/479/509 481/480/510
f 515/514/543 514/513/544 482/481/512 483/482/511
f 516/515/545 515/514/543 483/482/511 484/483/513
f 517/516/546 516/515/545 484/483/513 485/484/514
f 518/517/547 517/516/546 485/484/514 486/485/515
f 519/518/548 518/517/547 486/485/515 487/486/516
f 520/519/549 519/518/548 487/486/516 488/487/517
f 521/520/550 520/519/549 488/487/517 489/488/518
f 522/521/551 521/520/550 489/488/518 490/489/519
f 523/522/552 522/521/551 490/489/519 491/490/520
f 524/523/553 523/522/552 491/490/520 492/491/521
f 525/524/554 524/523/553 492/491/521 493/492/522
f 526/525/555 525/524/554 493/492/522 494/493/523
f 527/526/556 526/525/555 494/493/523 495/494/524
f 528/527/557 527/526/556 495/494/524 496/495/525
f 529/528/558 528/527/557 496/495/525 497/496/526
f 530/529/559 529/528/558 497/496/526 498/497/527
f 531/530/560 530/529/559 498/497/527 499/498/528
f 532/531/561 531/530/560 499/498/528 500/499/529
f 533/532/562 532/531/561 500/499/529 501/500/530
f 534/533/563 533/532/562 501/500/530 502/501/531
f 535/534/564 534/533/563 502/501/531 503/502/532
f 536/535/565 535/534/564 503/502/532 504/503/533
f 537/536/566 536/535/565 504/503/533 505/504/534
f 538/537/567 537/536/566 505/504/534 506/505/535
f 539/538/568 538/537/567 506/505/535 507/506/536
f 540/539/569 539/538/568 507/506/536 508/507/537
f 541/540/570 540/539/569 508/507/537 509/508/538
f 542/541/571 541/540/570 509/508/538 510/509/539
f 543/542/572 542/541/571 510/509/539 511/510/540
f 544/543/573 543/542/572 511/510/540 512/511/541
f 545/544/574 544/543/573 512/511/541 513/512/542
f 547/546/575 546/545/576 514/513/544 515/514/543
f 548/547/577 547/546/575 515/514/543 516/515/545
f 549/548/578 548/547/577 516/515/545 517/516/546
f 550/549/579 549/548/578 517/516/546 518/517/547
f 551/550/580 550/549/579 518/517/547 519/518/548
f 552/551/581 551/550/580 519/518/548 520/519/549
f 553/552/582 552/551/581 520/519/549 521/520/550
f 554/553/583 553/552/582 521/520/550 522/521/551
f 555/554/584 554/553/583 522/521/551 523/522/552
f 556/555/585 555/554/584 523/522/552 524/523/553
f 557/556/586 556/555/585 524/523/553 525/524/554
f 558/557/587 557/556/586 525/524/554 526/525/555
f 559/558/588 558/557/587 526/525/555 527/526/556
f 560/559/589 559/558/588 527/526/556 528/527/557
f 561/560/590 560/559/589 528/527/557 529/528/558
f 562/561/591 561/560/590 529/528/558 530/529/559
f 563/562/592 562/561/591 530/529/559 531/530/560
f 564/563/593 563/562/592 531/530/560 532/531/561
f 565/564/594 564/563/593 532/531/561 533/532/562
f 566/565/595 565/564/594 533/532/562 534/533/563
f 567/566/596 566/565/595 534/533/563 535/534/564
f 568/567/597 567/566/596 535/534/564 536/535/565
f 569/568/598 568/567/597 536/535/565 537/536/566
f 570/569/599 569/568/598 537/536/566 538/537/567
f 571/570/600 570/569/599 538/537/567 539/538/568
f 572/571/601 571/570/600 539/538/568 540/539/569
f 573/572/602 572/571/601 540/539/569 541/540/570
f 574/573/603 573/572/602 541/540/570 542/541/571
f 575/574/604 574/573/603 542/541/571 543/542/572
f 576/575/605 575/574/604 543/542/572 544/543/573
f 577/576/606 576/575/605 544/543/573 545/544/574
f 579/578/607 578/577/608 546/545/576 547/546/575
f 580/579/609 579/578/607 547/546/575 548/547/577
f 581/580/610 580/579/609 548/547/577 549/548/578
f 582/581/611 581/580/610 549/548/578 550/549/579
f 583/582/612 582/581/611 550/549/579 551/550/580
f 584/583/613 583/582/612 551/550/580 552/551/581
f 585/584/614 584/583/613 552/551/581 553/552/582
f 586/585/615 585/584/614 553/552/582 554/553/583
f 587/586/616 586/585/615 554/553/583 555/554/584
f 588/587/617 587/586/616 555/554/584 556/555/585
f 589/588/618 588/587/617 556/555/585 557/556/586
f 590/589/619 589/588/618 557/556/586 558/557/587
f 591/590/620 590/589/619 558/557/587 559/558/588
f 592/591/621 591/590/620 559/558/588 560/559/589
f 593/592/622 592/591/621 560/559/589 561/560/590
f 594/593/623 593/592/622 561/560/590 562/561/591
f 595/594/624 594/593/623 562/561/591 563/562/592
f 596/595/625 595/594/624 563/562/592 564/563/593
f 597/596/626 596/595/625 564/563/593 565/564/594
f 598/597/627 597/596/626 565/564/594 566/565/595
f 599/598/628 598/597/627 566/565/595 567/566/596
f 600/599/629 599/598/628 567/566/596 568/567/597
f 601/600/630 600/599/629 568/567/597 569/568/598
f 602/601/631 601/600/630 569/568/598 570/569/599
f 603/602/632 602/601/631 570/569/599 571/570/600
f 604/603/633 603/602/632 571/570/600 572/571/601
f 605/604/634 604/603/633 572/571/601 573/572/602
f 606/605/635 605/604/634 573/572/602 574/573/603
f 607/606/636 606/605/635 574/573/603 575/574/604
f 608/607/637 607/606/636 575/574/604 576/575/605
f 609/608/638 608/607/637 576/575/605 577/576/606
f 611/610/639 610/609/640 578/577/608 579/578/607
f 612/611/641 611/610/639 579/578/607 580/579/609
f 613/612/642 612/611/641 580/579/609 581/580/610
f 614/613/643 613/612/642 581/580/610 582/581/611
f 615/614/644 614/613/643 582/581/611 583/582/612
f 616/615/645 615/614/644 583/582/612 584/583/613
f 617/616/646 616/615/645 584/583/613 585/584/614
f 618/617/647 617/616/646 585/584/614 586/585/615
f 619/618/648 618/617/647 586/585/615 587/586/616
f 620/619/649 619/618/648 587/586/616 588/587/617
f 621/620/650 620/619/649 588/587/617 589/588/618
f 622/621/651 621/620/650 589/588/618 590/589/619
f 623/622/652 622/621/651 590/589/619 591/590/620
f 624/623/653 623/622/652 591/590/620 592/591/621
f 625/624/654 624/623/653 592/591/621 593/592/622
f 626/625/655 625/624/654 593/592/622 594/593/623
f 627/626/656 626/625/655 594/593/623 595/594/624
f 628/627/657 627/626/656 595/594/624 596/595/625
f 629/628/658 628/627/657 596/595/625 597/596/626
f 630/629/659 629/628/658 597/596/626 598/597/627
f 631/630/660 630/629/659 598/597/627 599/598/628
f 632/631/661 631/630/660 599/598/628 600/599/629
f 633/632/662 632/631/661 600/599/629 601/600/630
f 634/633/663 633/632/662 601/600/630 602/601/631
f 635/634/664 634/633/663 602/601/631 603/602/632
f 636/635/665 635/634/664 603/602/632 604/603/633
f 637/636/666 636/635/665 604/603/633 605/604/634
f 638/637/667 637/636/666 605/604/634 606/605/635
f 639/638/668 638/637/667 606/605/635 607/606/636
f 640/639/669 639/638/668 607/606/636 608/607/637
f 641/640/670 640/639/669 608/607/637 609/608/638
f 643/642/671 642/641/672 610/609/640 611/610/639
f 644/643/673 643/642/671 611/610/639 612/611/641
f 645/644/674 644/643/673 612/611/641 613/612/642
f 646/645/675 645/644/674 613/612/642 614/613/643
f 647/646/676 646/645/675 614/613/643 615/614/644
f 648/647/677 647/646/676 615/614/644 616/615/645
f 649/648/678 648/647/677 616/615/645 617/616/646
f 650/649/679 649/648/678 617/616/646 618/617/647
f 651/650/680 650/649/679 618/617/647 619/618/648
f 652/651/681 651/650/680 619/618/648 620/619/649
f 653/652/682 652/651/681 620/619/649 621/620/650
f 654/653/683 653/652/682 621/620/650 622/621/651
f 655/654/684 654/653/683 622/621/651 623/622/652
f 656/655/685 655/654/684 623/622/652 624/623/653
f 657/656/686 656/655/685 624/623/653 625/624/654
f 658/657/687 657/656/686 625/624/654 626/625/655
f 659/658/688 658/657/687 626/625/655 627/626/656
f 660/659/689 659/658/688 627/626/656 628/627/657
f 661/660/690 660/659/689 628/627/657 629/628/658
f 662/661/691 661/660/690 629/628/658 630/629/659
f 663/662/692 662/661/691 630/629/659 631/630/660
f 664/663/693 663/662/692 631/630/660 632/631/661
f 665/664/694 664/663/693 632/631/661 633/632/662
f 666/665/695 665/664/694 633/632/662 634/633/663
f 667/666/696 666/665/695 634/633/663 635/634/664
f 668/667/697 667/666/696 635/634/664 636/635/665
f 669/668/698 668/667/697 636/635/665 637/636/666
f 670/669/699 669/668/698 637/636/666 638/637/667
f 671/670/700 670/669/699 638/637/667 639/638/668
f 672/671/701 671/670/700 639/638/668 640/639/669
f 673/672/702 672/671/701 640/639/669 641/640/670
f 675/674/703 674/673/704 642/641/672 643/642/671
f 676/675/705 675/674/703 643/642/671 644/643/673
f 677/676/706 676/675/705 644/643/673 645/644/674
f 678/677/707 677/676/706 645/644/674 646/645/675
f 679/678/708 678/677/707 646/645/675 647/646/676
f 680/679/709 679/678/708 647/646/676 648/647/677
f 681/680/710 680/679/709 648/647/677 649/648/678
f 682/681/711 681/680/710 649/648/678 650/649/679
f 683/682/712 682/681/711 650/649/679 651/650/680
f 684/683/713 683/682/712 651/650/680 652/651/681
f 685/684/714 684/683/713 652/651/681 653/652/682
f 686/685/715 685/684/714 653/652/682 654/653/683
f 687/686/716 686/685/715 654/653/683 655/654/684
f 688/687/717 687/686/716 655/654/684 656/655/685
f 689/688/718 688/687/717 656/655/685 657/656/686
f 690/689/719 689/688/718 657/656/686 658/657/687
f 691/690/720 690/689/719 658/657/687 659/658/688
f 692/691/721 691/690/720 659/658/688 660/659/689
f 693/692/722 692/691/721 660/659/689 661/660/690
f 694/693/723 693/692/722 661/660/690 662/661/691
f 695/694/724 694/693/723 662/661/691 663/662/692
f 696/695/725 695/694/724 663/662/692 664/663/693
f 697/696/726 696/695/725 664/663/693 665/664/694
f 698/697/727 697/696/726 665/664/694 666/665/695
f 699/698/728 698/697/727 666/665/695 667/666/696
f 700/699/729 699/698/728 667/666/696 668/667/697
f 701/700/730 700/699/729 668/667/697 669/668/698
f 702/701/731 701/700/730 669/668/698 670/669/699
f 703/702/732 702/701/731 670/669/699 671/670/700
f 704/703/733 703/702/732 671/670/700 672/671/701
f 705/704/734 704/703/733 672/671/701 673/672/702
f 707/706/735 706/705/736 674/673/704 675/674/703
f 708/707/737 707/706/735 675/674/703 676/675/705
f 709/708/738 708/707/737 676/675/705 677/676/706
f 710/709/739 709/708/738 677/676/706 678/677/707
f 711/710/740 710/709/739 678/677/707 679/678/708
f 712/711/741 711/710/740 679/678/708 680/679/709
f 713/712/742 712/711/741 680/679/709 681/680/710
f 714/713/743 713/712/742 681/680/710 682/681/711
f 715/714/744 714/713/743 682/681/711 683/682/712
f 716/715/745 715/714/744 683/682/712 684/683/713
f 717/716/746 716/715/745 684/683/713 685/684/714
f 718/717/747 717/716/746 685/684/714 686/685/715
f 719/718/748 718/717/747 686/685/715 687/686/716
f 720/719/749 719/718/748 687/686/716 688/687/717
f 721/720/750 720/719/749 688/687/717 689/688/718
f 722/721/751 721/720/750 689/688/718 690/689/719
f 723/722/752 722/721/751 690/689/719 691/690/720
f 724/723/753 723/722/752 691/690/720 692/691/721
f 725/724/754 724/723/753 692/691/721 693/692/722
f 726/725/755 725/724/754 693/692/722 694/693/723
f 727/726/756 726/725/755 694/693/723 695/694/724
f 728/727/757 727/726/756 695/694/724 696/695/725
f 729/728/758 728/727/757 696/695/725 697/696/726
f 730/729/759 729/728/758 697/696/726 698/697/727
f 731/730/760 730/729/759 698/697/727 699/698/728
f 732/731/761 731/730/760 699/698/728 700/699/729
f 733/732/762 732/731/761 700/699/729 701/700/730
f 734/733/763 733/732/762 701/700/730 702/701/731
f 735/734/764 734/733/763 702/701/731 703/702/732
f 736/735/765 735/734/764 703/702/732 704/703/733
f 737/736/766 736/735/765 704/703/733 705/704/734
f 2964/3177/767 2965/3178/768 706/705/736 707/706/735
f 2963/3176/769 2964/3177/767 707/706/735 708/707/737
f 2962/3175/770 2963/3176/769 708/707/737 709/708/738
f 2961/3174/771 2962/3175/770 709/708/738 710/709/739
f 2960/3173/772 2961/3174/771 710/709/739 711/710/740
f 2959/3172/773 2960/3173/772 711/710/740 712/711/741
f 2958/3171/774 2959/3172/773 712/711/741 713/712/742
f 2957/3170/775 2958/3171/774 713/712/742 714/713/743
f 2956/3169/776 2957/3170/775 714/713/743 715/714/744
f 2955/3168/777 2956/3169/776 715/714/744 716/715/745
f 2954/3167/778 2955/3168/777 716/715/745 717/716/746
f 2953/3166/779 2954/3167/778 717/716/746 718/717/747
f 2952/3165/780 2953/3166/779 718/717/747 719/718/748
f 2951/3164/781 2952/3165/780 719/718/748 720/719/749
f 2950/3163/782 2951/3164/781 720/719/749 721/720/750
f 2949/3162/783 2950/3163/782 721/720/750 722/721/751
f 2948/3161/784 2949/3162/783 722/721/751 723/722/752
f 2947/3160/785 2948/3161/784 723/722/752 724/723/753
f 2946/3159/786 2947/3160/785 724/723/753 725/724/754
f 2945/3158/787 2946/3159/786 725/724/754 726/725/755
f 2944/3157/788 2945/3158/787 726/725/755 727/726/756
f 2943/3156/789 2944/3157/788 727/726/756 728/727/757
f 2942/3155/790 2943/3156/789 728/727/757 729/728/758
f 2941/3154/791 2942/3155/790 729/728/758 730/729/759
f 2940/3153/792 2941/3154/791 730/729/759 731/730/760
f 2939/3152/793 2940/3153/792 731/730/760 732/731/761
f 2938/3151/794 2939/3152/793 732/731/761 733/732/762
f 2937/3150/795 2938/3151/794 733/732/762 734/733/763
f 2936/3149/796 2937/3150/795 734/733/763 735/734/764
f 2935/3148/797 2936/3149/796 735/734/764 736/735/765
f 2934/3147/798 2935/3148/797 736/735/765 737/736/766
f 771/770/799 770/769/800 738/737/801 739/738/802
f 772/771/803 771/770/799 739/738/802 740/739/804
f 773/772/805 772/771/803 740/739/804 741/740/806
f 774/773/807 773/772/805 741/740/806 742/741/808
f 775/774/809 774/773/807 742/741/808 743/742/810
f 776/775/811 775/774/809 743/742/810 744/743/812
f 777/776/813 776/775/811 744/743/812 745/744/814
f 778/777/815 777/776/813 745/744/814 746/745/816
f 779/778/817 778/777/815 746/745/816 747/746/818
f 780/779/819 779/778/817 747/746/818 748/747/820
f 781/780/821 780/779/819 748/747/820 749/748/822
f 782/781/823 781/780/821 749/748/822 750/749/824
f 783/782/825 782/781/823 750/749/824 751/750/826
f 784/783/827 783/782/825 751/750/826 752/751/828
f 785/784/829 784/783/827 752/751/828 753/752/830
f 786/785/831 785/784/829 753/752/830 754/753/832
f 787/786/833 786/785/831 754/753/832 755/754/834
f 788/787/835 787/786/833 755/754/834 756/755/836
f 789/788/837 788/787/835 756/755/836 757/756/838
f 790/789/839 789/788/837 757/756/838 758/757/840
f 791/790/841 790/789/839 758/757/840 759/758/842
f 792/791/843 791/790/841 759/758/842 760/759/844
f 793/792/845 792/791/843 760/759/844 761/760/846
f 794/793/847 793/792/845 761/760/846 762/761/848
f 795/794/849 794/793/847 762/761/848 763/762/850
f 796/795/851 795/794/849 763/762/850 764/763/852
f 797/796/853 796/795/851 764/763/852 765/764/854
f 798/797/855 797/796/853 765/764/854 766/765/856
f 799/798/857 798/797/855 766/765/856 767/766/858
f 800/799/859 799/798/857 767/766/858 768/767/860
f 801/800/861 800/799/859 768/767/860 769/768/862
f 803/802/863 802/801/864 770/769/800 771/770/799
f 804/803/865 803/802/863 771/770/799 772/771/803
f 805/804/866 804/803/865 772/771/803 773/772/805
f 806/805/867 805/804/866 773/772/805 774/773/807
f 807/806/868 806/805/867 774/773/807 775/774/809
f 808/807/869 807/806/868 775/774/809 776/775/811
f 809/808/870 808/807/869 776/775/811 777/776/813
f 810/809/871 809/808/870 777/776/813 778/777/815
f 811/810/872 810/809/871 778/777/815 779/778/817
f 812/811/873 811/810/872 779/778/817 780/779/819
f 813/812/874 812/811/873 780/779/819 781/780/821
f 814/813/875 813/812/874 781/780/821 782/781/823
f 815/814/876 814/813/875 782/781/823 783/782/825
f 816/815/877 815/814/876 783/782/825 784/783/827
f 817/816/878 816/815/877 784/783/827 785/784/829
f 818/817/879 817/816/878 785/784/829 786/785/831
f 819/818/880 818/817/879 786/785/831 787/786/833
f 820/819/881 819/818/880 787/786/833 788/787/835
f 821/820/882 820/819/881 788/787/835 789/788/837
f 822/821/883 821/820/882 789/788/837 790/789/839
f 823/822/884 822/821/883 790/789/839 791/790/841
f 824/823/885 823/822/884 791/790/841 792/791/843
f 825/824/886 824/823/885 792/791/843 793/792/845
f 826/825/887 825/824/886 793/792/845 794/793/847
f 827/826/888 826/825/887 794/793/847 795/794/849
f 828/827/889 827/826/888 795/794/849 796/795/851
f 829/828/890 828/827/889 796/795/851 797/796/853
f 830/829/891 829/828/890 797/796/853 798/797/855
f 831/830/892 830/829/891 798/797/855 799/798/857
f 832/831/893 831/830/892 799/798/857 800/799/859
f 833/832/894 832/831/893 800/799/859 801/800/861
f 835/834/895 834/833/896 802/801/864 803/802/863
f 836/835/897 835/834/895 803/802/863 804/803/865
f 837/836/898 836/835/897 804/803/865 805/804/866
f 838/837/899 837/836/898 805/804/866 806/805/867
f 839/838/900 838/837/899 806/805/867 807/806/868
f 840/839/901 839/838/900 807/806/868 808/807/869
f 841/840/902 840/839/901 808/807/869 809/808/870
f 842/841/903 841/840/902 809/808/870 810/809/871
f 843/842/904 842/841/903 810/809/871 811/810/872
f 844/843/905 843/842/904 811/810/872 812/811/873
f 845/844/906 844/843/905 812/811/873 813/812/874
f 846/845/907 845/844/906 813/812/874 814/813/875
f 847/846/908 846/845/907 814/813/875 815/814/876
f 848/847/909 847/846/908 815/814/876 816/815/877
f 849/848/910 848/847/909 816/815/877 817/816/878
f 850/849/911 849/848/910 817/816/878 818/817/879
f 851/850/912 850/849/911 818/817/879 819/818/880
f 852/851/913 851/850/912 819/818/880 820/819/881
f 853/852/914 852/851/913 820/819/881 821/820/882
f 854/853/915 853/852/914 821/820/882 822/821/883
f 855/854/916 854/853/915 822/821/883 823/822/884
f 856/855/917 855/854/916 823/822/884 824/823/885
f 857/856/918 856/855/917 824/823/885 825/824/886
f 858/857/919 857/856/918 825/824/886 826/825/887
f 859/858/920 858/857/919 826/825/887 827/826/888
f 860/859/921 859/858/920 827/826/888 828/827/889
f 861/860/922 860/859/921 828/827/889 829/828/890
f 862/861/923 861/860/922 829/828/890 830/829/891
f 863/862/924 862/861/923 830/829/891 831/830/892
f 864/863/925 863/862/924 831/830/892 832/831/893
f 865/864/926 864/863/925 832/831/893 833/832/894
f 867/866/927 866/865/928 834/833/896 835/834/895
f 868/867/929 867/866/927 835/834/895 836/835/897
f 869/868/930 868/867/929 836/835/897 837/836/898
f 870/869/931 869/868/930 837/836/898 838/837/899
f 871/870/932 870/869/931 838/837/899 839/838/900
f 872/871/933 871/870/932 839/838/900 840/839/901
f 873/872/934 872/871/933 840/839/901 841/840/902
f 874/873/935 873/872/934 841/840/902 842/841/903
f 875/874/936 874/873/935 842/841/903 843/842/904
f 876/875/937 875/874/936 843/842/904 844/843/905
f 877/876/938 876/875/937 844/843/905 845/844/906
f 878/877/939 877/876/938 845/844/906 846/845/907
f 879/878/940 878/877/939 846/845/907 847/846/908
f 880/879/941 879/878/940 847/846/908 848/847/909
f 881/880/942 880/879/941 848/847/909 849/848/910
f 882/881/943 881/880/942 849/848/910 850/849/911
f 883/882/944 882/881/943 850/849/911 851/850/912
f 884/883/945 883/882/944 851/850/912 852/851/913
f 885/884/946 884/883/945 852/851/913 853/852/914
f 886/885/947 885/884/946 853/852/914 854/853/915
f 887/886/948 886/885/947 854/853/915 855/854/916
f 888/887/949 887/886/948 855/854/916 856/855/917
f 889/888/950 888/887/949 856/855/917 857/856/918
f 890/889/951 889/888/950 857/856/918 858/857/919
f 891/890/952 890/889/951 858/857/919 859/858/920
f 892/891/953 891/890/952 859/858/920 860/859/921
f 893/892/954 892/891/953 860/859/921 861/860/922
f 894/893/955 893/892/954 861/860/922 862/861/923
f 895/894/956 894/893/955 862/861/923 863/862/924
f 896/895/957 895/894/956 863/862/924 864/863/925
f 897/896/958 896/895/957 864/863/925 865/864/926
f 899/898/959 898/897/960 866/865/928 867/866/927
f 900/899/961 899/898/959 867/866/927 868/867/929
f 901/900/962 900/899/961 868/867/929 869/868/930
f 902/901/963 901/900/962 869/868/930 870/869/931
f 903/902/964 902/901/963 870/869/931 871/870/932
f 904/903/965 903/902/964 871/870/932 872/871/933
f 905/904/966 904/903/965 872/871/933 873/872/934
f 906/905/967 905/904/966 873/872/934 874/873/935
f 907/906/968 906/905/967 874/873/935 875/874/936
f 908/907/969 907/906/968 875/874/936 876/875/937
f 909/908/970 908/907/969 876/875/937 877/876/938
f 910/909/971 909/908/970 877/876/938 878/877/939
f 911/910/972 910/909/971 878/877/939 879/878/940
f 912/911/973 911/910/972 879/878/940 880/879/941
f 913/912/974 912/911/973 880/879/941 881/880/942
f 914/913/975 913/912/974 881/880/942 882/881/943
f 915/914/976 914/913/975 882/881/943 883/882/944
f 916/915/977 915/914/976 883/882/944 884/883/945
f 917/916/978 916/915/977 884/883/945 885/884/946
f 918/917/979 917/916/978 885/884/946 886/885/947
f 919/918/980 918/917/979 886/885/947 887/886/948
f 920/919/981 919/918/980 887/886/948 888/887/949
f 921/920/982 920/919/981 888/887/949 889/888/950
f 922/921/983 921/920/982 889/888/950 890/889/951
f 923/922/984 922/921/983 890/889/951 891/890/952
f 924/923/985 923/922/984 891/890/952 892/891/953
f 925/924/986 924/923/985 892/891/953 893/892/954
f 926/925/987 925/924/986 893/892/954 894/893/955
f 927/926/988 926/925/987 894/893/955 895/894/956
f 928/927/989 927/926/988 895/894/956 896/895/957
f 929/928/990 928/927/989 896/895/957 897/896/958
f 931/930/991 930/929/992 898/897/960 899/898/959
f 932/931/993 931/930/991 899/898/959 900/899/961
f 933/932/994 932/931/993 900/899/961 901/900/962
f 934/933/995 933/932/994 901/900/962 902/901/963
f 935/934/996 934/933/995 902/901/963 903/902/964
f 936/935/997 935/934/996 903/902/964 904/903/965
f 937/936/998 936/935/997 904/903/965 905/904/966
f 938/937/999 937/936/998 905/904/966 906/905/967
f 939/938/1000 938/937/999 906/905/967 907/906/968
f 940/939/1001 939/938/1000 907/906/968 908/907/969
f 941/940/1002 940/939/1001 908/907/969 909/908/970
f 942/941/1003 941/940/1002 909/908/970 910/909/971
f 943/942/1004 942/941/1003 910/909/971 911/910/972
f 944/943/1005 943/942/1004 911/910/972 912/911/973
f 945/944/1006 944/943/1005 912/911/973 913/912/974
f 946/945/1007 945/944/1006 913/912/974 914/913/975
f 947/946/1008 946/945/1007 914/913/975 915/914/976
f 948/947/1009 947/946/1008 915/914/976 916/915/977
f 949/948/1010 948/947/1009 916/915/977 917/916/978
f 950/949/1011 949/948/1010 917/916/978 918/917/979
f 951/950/1012 950/949/1011 918/917/979 919/918/980
f 952/951/1013 951/950/1012 919/918/980 920/919/981
f 953/952/1014 952/951/1013 920/919/981 921/920/982
f 954/953/1015 953/952/1014 921/920/982 922/921/983
f 955/954/1016 954/953/1015 922/921/983 923/922/984
f 956/955/1017 955/954/1016 923/922/984 924/923/985
f 957/956/1018 956/955/1017 924/923/985 925/924/986
f 958/957/1019 957/956/1018 925/924/986 926/925/987
f 959/958/1020 958/957/1019 926/925/987 927/926/988
f 960/959/1021 959/958/1020 927/926/988 928/927/989
f 961/960/1022 960/959/1021 928/927/989 929/928/990
f 963/962/1023 962/961/1024 930/929/992 931/930/991
f 964/963/1025 963/962/1023 931/930/991 932/931/993
f 965/964/1026 964/963/1025 932/931/993 933/932/994
f 966/965/1027 965/964/1026 933/932/994 934/933/995
f 967/966/1028 966/965/1027 934/933/995 935/934/996
f 968/967/1029 967/966/1028 935/934/996 936/935/997
f 969/968/1030 968/967/1029 936/935/997 937/936/998
f 970/969/1031 969/968/1030 937/936/998 938/937/999
f 971/970/1032 970/969/1031 938/937/999 939/938/1000
f 972/971/1033 971/970/1032 939/938/1000 940/939/1001
f 973/972/1034 972/971/1033 940/939/1001 941/940/1002
f 974/973/1035 973/972/1034 941/940/1002 942/941/1003
f 975/974/1036 974/973/1035 942/941/1003 943/942/1004
f 976/975/1037 975/974/1036 943/942/1004 944/943/1005
f 977/976/1038 976/975/1037 944/943/1005 945/944/1006
f 978/977/1039 977/976/1038 945/944/1006 946/945/1007
f 979/978/1040 978/977/1039 946/945/1007 947/946/1008
f 980/979/1041 979/978/1040 947/946/1008 948/947/1009
f 981/980/1042 980/979/1041 948/947/1009 949/948/1010
f 982/981/1043 981/980/1042 949/948/1010 950/949/1011
f 983/982/1044 982/981/1043 950/949/1011 951/950/1012
f 984/983/1045 983/982/1044 951/950/1012 952/951/1013
f 985/984/1046 984/983/1045 952/951/1013 953/952/1014
f 986/985/1047 985/984/1046 953/952/1014 954/953/1015
f 987/986/1048 986/985/1047 954/953/1015 955/954/1016
f 988/987/1049 987/986/1048 955/954/1016 956/955/1017
f 989/988/1050 988/987/1049 956/955/1017 957/956/1018
f 990/989/1051 989/988/1050 957/956/1018 958/957/1019
f 991/990/1052 990/989/1051 958/957/1019 959/958/1020
f 992/991/1053 991/990/1052 959/958/1020 960/959/1021
f 993/992/1054 992/991/1053 960/959/1021 961/960/1022
f 995/994/1055 994/993/1056 962/961/1024 963/962/1023
f 996/995/1057 995/994/1055 963/962/1023 964/963/1025
f 997/996/1058 996/995/1057 964/963/1025 965/964/1026
f 998/997/1059 997/996/1058 965/964/1026 966/965/1027
f 999/998/1060 998/997/1059 966/965/1027 967/966/1028
f 1000/999/1061 999/998/1060 967/966/1028 968/967/1029
f 1001/1000/1062 1000/999/1061 968/967/1029 969/968/1030
f 1002/1001/1063 1001/1000/1062 969/968/1030 970/969/1031
f 1003/1002/1064 1002/1001/1063 970/969/1031 971/970/1032
f 1004/1003/1065 1003/1002/1064 971/970/1032 972/971/1033
f 1005/1004/1066 1004/1003/1065 972/971/1033 973/972/1034
f 1006/1005/1067 1005/1004/1066 973/972/1034 974/973/1035
f 1007/1006/1068 1006/1005/1067 974/973/1035 975/974/1036
f 1008/1007/1069 1007/1006/1068 975/974/1036 976/975/1037
f 1009/1008/1070 1008/1007/1069 976/975/1037 977/976/1038
f 1010/1009/1071 1009/1008/1070 977/976/1038 978/977/1039
f 1011/1010/1072 1010/1009/1071 978/977/1039 979/978/1040
f 1012/1011/1073 1011/1010/1072 979/978/1040 980/979/1041
f 1013/1012/1074 1012/1011/1073 980/979/1041 981/980/1042
f 1014/1013/1075 1013/1012/1074 981/980/1042 982/981/1043
f 1015/1014/1076 1014/1013/1075 982/981/1043 983/982/1044
f 1016/1015/1077 1015/1014/1076 983/982/1044 984/983/1045
f 1017/1016/1078 1016/1015/1077 984/983/1045 985/984/1046
f 1018/1017/1079 1017/1016/1078 985/984/1046 986/985/1047
f 1019/1018/1080 1018/1017/1079 986/985/1047 987/986/1048
f 1020/1019/1081 1019/1018/1080 987/986/1048 988/987/1049
f 1021/1020/1082 1020/1019/1081 988/987/1049 989/988/1050
f 1022/1021/1083 1021/1020/1082 989/988/1050 990/989/1051
f 1023/1022/1084 1022/1021/1083 990/989/1051 991/990/1052
f 1024/1023/1085 1023/1022/1084 991/990/1052 992/991/1053
f 1025/1024/1086 1024/1023/1085 992/991/1053 993/992/1054
f 1027/1026/1087 1026/1025/1088 994/993/1056 995/994/1055
f 1028/1027/1089 1027/1026/1087 995/994/1055 996/995/1057
f 1029/1028/1090 1028/1027/1089 996/995/1057 997/996/1058
f 1030/1029/1091 1029/1028/1090 997/996/1058 998/997/1059
f 1031/1030/1092 1030/1029/1091 998/997/1059 999/998/1060
f 1032/1031/1093 1031/1030/1092 999/998/1060 1000/999/1061
f 1033/1032/1094 1032/1031/1093 1000/999/1061 1001/1000/1062
f 1034/1033/1095 1033/1032/1094 1001/1000/1062 1002/1001/1063
f 1035/1034/1096 1034/1033/1095 1002/1001/1063 1003/1002/1064
f 1036/1035/1097 1035/1034/1096 1003/1002/1064 1004/1003/1065
f 1037/1036/1098 1036/1035/1097 1004/1003/1065 1005/1004/1066
f 1038/1037/1099 1037/1036/1098 1005/1004/1066 1006/1005/1067
f 1039/1038/1100 1038/1037/1099 1006/1005/1067 1007/1006/1068
f 1040/1039/1101 1039/1038/1100 1007/1006/1068 1008/1007/1069
f 1041/1040/1102 1040/1039/1101 1008/1007/1069 1009/1008/1070
f 1042/1041/1103 1041/1040/1102 1009/1008/1070 1010/1009/1071
f 1043/1042/1104 1042/1041/1103 1010/1009/1071 1011/1010/1072
f 1044/1043/1105 1043/1042/1104 1011/1010/1072 1012/1011/1073
f 1045/1044/1106 1044/1043/1105 1012/1011/1073 1013/1012/1074
f 1046/1045/1107 1045/1044/1106 1013/1012/1074 1014/1013/1075
f 1047/1046/1108 1046/1045/1107 1014/1013/1075 1015/1014/1076
f 1048/1047/1109 1047/1046/1108 1015/1014/1076 1016/1015/1077
f 1049/1048/1110 1048/1047/1109 1016/1015/1077 1017/1016/1078
f 1050/1049/1111 1049/1048/1110 1017/1016/1078 1018/1017/1079
f 1051/1050/1112 1050/1049/1111 1018/1017/1079 1019/1018/1080
f 1052/1051/1113 1051/1050/1112 1019/1018/1080 1020/1019/1081
f 1053/1052/1114 1052/1051/1113 1020/1019/1081 1021/1020/1082
f 1054/1053/1115 1053/1052/1114 1021/1020/1082 1022/1021/1083
f 1055/1054/1116 1054/1053/1115 1022/1021/1083 1023/1022/1084
f 1056/1055/1117 1055/1054/1116 1023/1022/1084 1024/1023/1085
f 1057/1056/1118 1056/1055/1117 1024/1023/1085 1025/1024/1086
f 1059/1058/1119 1058/1057/1120 1026/1025/1088 1027/1026/1087
f 1060/1059/1121 1059/1058/1119 1027/1026/1087 1028/1027/1089
f 1061/1060/1122 1060/1059/1121 1028/1027/1089 1029/1028/1090
f 1062/1061/1123 1061/1060/1122 1029/1028/1090 1030/1029/1091
f 1063/1062/1124 1062/1061/1123 1030/1029/1091 1031/1030/1092
f 1064/1063/1125 1063/1062/1124 1031/1030/1092 1032/1031/1093
f 1065/1064/1126 1064/1063/1125 1032/1031/1093 1033/1032/1094
f 1066/1065/1127 1065/1064/1126 1033/1032/1094 1034/1033/1095
f 1067/1066/1128 1066/1065/1127 1034/1033/1095 1035/1034/1096
f 1068/1067/1129 1067/1066/1128 1035/1034/1096 1036/1035/1097
f 1069/1068/1130 1068/1067/1129 1036/1035/1097 1037/1036/1098
f 1070/1069/1131 1069/1068/1130 1037/1036/1098 1038/1037/1099
f 1071/1070/1132 1070/1069/1131 1038/1037/1099 1039/1038/1100
f 1072/1071/1133 1071/1070/1132 1039/1038/1100 1040/1039/1101
f 1073/1072/1134 1072/1071/1133 1040/1039/1101 1041/1040/1102
f 1074/1073/1135 1073/1072/1134 1041/1040/1102 1042/1041/1103
f 1075/1074/1136 1074/1073/1135 1042/1041/1103 1043/1042/1104
f 1076/1075/1137 1075/1074/1136 1043/1042/1104 1044/1043/1105
f 1077/1076/1138 1076/1075/1137 1044/1043/1105 1045/1044/1106
f 1078/1077/1139 1077/1076/1138 1045/1044/1106 1046/1045/1107
f 1079/1078/1140 1078/1077/1139 1046/1045/1107 1047/1046/1108
f 1080/1079/1141 1079/1078/1140 1047/1046/1108 1048/1047/1109
f 1081/1080/1142 1080/1079/1141 1048/1047/1109 1049/1048/1110
f 1082/1081/1143 1081/1080/1142 1049/1048/1110 1050/1049/1111
f 1083/1082/1144 1082/1081/1143 1050/1049/1111 1051/1050/1112
f 1084/1083/1145 1083/1082/1144 1051/1050/1112 1052/1051/1113
f 1085/1084/1146 1084/1083/1145 1052/1051/1113 1053/1052/1114
f 1086/1085/1147 1085/1084/1146 1053/1052/1114 1054/1053/1115
f 1087/1086/1148 1086/1085/1147 1054/1053/1115 1055/1054/1116
f 1088/1087/1149 1087/1086/1148 1055/1054/1116 1056/1055/1117
f 1089/1088/1150 1088/1087/1149 1056/1055/1117 1057/1056/1118
f 1091/1090/1151 1090/1089/1152 1058/1057/1120 1059/1058/1119
f 1092/1091/1153 1091/1090/1151 1059/1058/1119 1060/1059/1121
f 1093/1092/1154 1092/1091/1153 1060/1059/1121 1061/1060/1122
f 1094/1093/1155 1093/1092/1154 1061/1060/1122 1062/1061/1123
f 1095/1094/1156 1094/1093/1155 1062/1061/1123 1063/1062/1124
f 1096/1095/1157 1095/1094/1156 1063/1062/1124 1064/1063/1125
f 1097/1096/1158 1096/1095/1157 1064/1063/1125 1065/1064/1126
f 1098/1097/1159 1097/1096/1158 1065/1064/1126 1066/1065/1127
f 1099/1098/1160 1098/1097/1159 1066/1065/1127 1067/1066/1128
f 1100/1099/1161 1099/1098/1160 1067/1066/1128 1068/1067/1129
f 1101/1100/1162 1100/1099/1161 1068/1067/1129 1069/1068/1130
f 1102/1101/1163 1101/1100/1162 1069/1068/1130 1070/1069/1131
f 1103/1102/1164 1102/1101/1163 1070/1069/1131 1071/1070/1132
f 1104/1103/1165 1103/1102/1164 1071/1070/1132 1072/1071/1133
f 1105/1104/1166 1104/1103/1165 1072/1071/1133 1073/1072/1134
f 1106/1105/1167 1105/1104/1166 1073/1072/1134 1074/1073/1135
f 1107/1106/1168 1106/1105/1167 1074/1073/1135 1075/1074/1136
f 1108/1107/1169 1107/1106/1168 1075/1074/1136 1076/1075/1137
f 1109/1108/1170 1108/1107/1169 1076/1075/1137 1077/1076/1138
f 1110/1109/1171 1109/1108/1170 1077/1076/1138 1078/1077/1139
f 1111/1110/1172 1110/1109/1171 1078/1077/1139 1079/1078/1140
f 1112/1111/1173 1111/1110/1172 1079/1078/1140 1080/1079/1141
f 1113/1112/1174 1112/1111/1173 1080/1079/1141 1081/1080/1142
f 1114/1113/1175 1113/1112/1174 1081/1080/1142 1082/1081/1143
f 1115/1114/1176 1114/1113/1175 1082/1081/1143 1083/1082/1144
f 1116/1115/1177 1115/1114/1176 1083/1082/1144 1084/1083/1145
f 1117/1116/1178 1116/1115/1177 1084/1083/1145 1085/1084/1146
f 1118/1117/1179 1117/1116/1178 1085/1084/1146 1086/1085/1147
f 1119/1118/1180 1118/1117/1179 1086/1085/1147 1087/1086/1148
f 1120/1119/1181 1119/1118/1180 1087/1086/1148 1088/1087/1149
f 1121/1120/1182 1120/1119/1181 1088/1087/1149 1089/1088/1150
f 1123/1122/1183 1122/1121/1184 1090/1089/1152 1091/1090/1151
f 1124/1123/1185 1123/1122/1183 1091/1090/1151 1092/1091/1153
f 1125/1124/1186 1124/1123/1185 1092/1091/1153 1093/1092/1154
f 1126/1125/1187 1125/1124/1186 1093/1092/1154 1094/1093/1155
f 1127/1126/1188 1126/1125/1187 1094/1093/1155 1095/1094/1156
f 1128/1127/1189 1127/1126/1188 1095/1094/1156 1096/1095/1157
f 1129/1128/1190 1128/1127/1189 1096/1095/1157 1097/1096/1158
f 1130/1129/1191 1129/1128/1190 1097/1096/1158 1098/1097/1159
f 1131/1130/1192 1130/1129/1191 1098/1097/1159 1099/1098/1160
f 1132/1131/1193 1131/1130/1192 1099/1098/1160 1100/1099/1161
f 1133/1132/1194 1132/1131/1193 1100/1099/1161 1101/1100/1162
f 1134/1133/1195 1133/1132/1194 1101/1100/1162 1102/1101/1163
f 1135/1134/1196 1134/1133/1195 1102/1101/1163 1103/1102/1164
f 1136/1135/1197 1135/1134/1196 1103/1102/1164 1104/1103/1165
f 1137/1136/1198 1136/1135/1197 1104/1103/1165 1105/1104/1166
f 1138/1137/1199 1137/1136/1198 1105/1104/1166 1106/1105/1167
f 1139/1138/1200 1138/1137/1199 1106/1105/1167 1107/1106/1168
f 1140/1139/1201 1139/1138/1200 1107/1106/1168 1108/1107/1169
f 1141/1140/1202 1140/1139/1201 1108/1107/1169 1109/1108/1170
f 1142/1141/1203 1141/1140/1202 1109/1108/1170 1110/1109/1171
f 1143/1142/1204 1142/1141/1203 1110/1109/1171 1111/1110/1172
f 1144/1143/1205 1143/1142/1204 1111/1110/1172 1112/1111/1173
f 1145/1144/1206 1144/1143/1205 1112/1111/1173 1113/1112/1174
f 1146/1145/1207 1145/1144/1206 1113/1112/1174 1114/1113/1175
f 1147/1146/1208 1146/1145/1207 1114/1113/1175 1115/1114/1176
f 1148/1147/1209 1147/1146/1208 1115/1114/1176 1116/1115/1177
f 1149/1148/1210 1148/1147/1209 1116/1115/1177 1117/1116/1178
f 1150/1149/1211 1149/1148/1210 1117/1116/1178 1118/1117/1179
f 1151/1150/1212 1150/1149/1211 1118/1117/1179 1119/1118/1180
f 1152/1151/1213 1151/1150/1212 1119/1118/1180 1120/1119/1181
f 1153/1152/1214 1152/1151/1213 1120/1119/1181 1121/1120/1182
f 1155/1154/1215 1154/1153/1216 1122/1121/1184 1123/1122/1183
f 1156/1155/1217 1155/1154/1215 1123/1122/1183 1124/1123/1185
f 1157/1156/1218 1156/1155/1217 1124/1123/1185 1125/1124/1186
f 1158/1157/1219 1157/1156/1218 1125/1124/1186 1126/1125/1187
f 1159/1158/1220 1158/1157/1219 1126/1125/1187 1127/1126/1188
f 1160/1159/1221 1159/1158/1220 1127/1126/1188 1128/1127/1189
f 1161/1160/1222 1160/1159/1221 1128/1127/1189 1129/1128/1190
f 1162/1161/1223 1161/1160/1222 1129/1128/1190 1130/1129/1191
f 1163/1162/1224 1162/1161/1223 1130/1129/1191 1131/1130/1192
f 1164/1163/1225 1163/1162/1224 1131/1130/1192 1132/1131/1193
f 1165/1164/1226 1164/1163/1225 1132/1131/1193 1133/1132/1194
f 1166/1165/1227 1165/1164/1226 1133/1132/1194 1134/1133/1195
f 1167/1166/1228 1166/1165/1227 1134/1133/1195 1135/1134/1196
f 1168/1167/1229 1167/1166/1228 1135/1134/1196 1136/1135/1197
f 1169/1168/1230 1168/1167/1229 1136/1135/1197 1137/1136/1198
f 1170/1169/1231 1169/1168/1230 1137/1136/1198 1138/1137/1199
f 1171/1170/1232 1170/1169/1231 1138/1137/1199 1139/1138/1200
f 1172/1171/1233 1171/1170/1232 1139/1138/1200 1140/1139/1201
f 1173/1172/1234 1172/1171/1233 1140/1139/1201 1141/1140/1202
f 1174/1173/1235 1173/1172/1234 1141/1140/1202 1142/1141/1203
f 1175/1174/1236 1174/1173/1235 1142/1141/1203 1143/1142/1204
f 1176/1175/1237 1175/1174/1236 1143/1142/1204 1144/1143/1205
f 1177/1176/1238 1176/1175/1237 1144/1143/1205 1145/1144/1206
f 1178/1177/1239 1177/1176/1238 1145/1144/1206 1146/1145/1207
f 1179/1178/1240 1178/1177/1239 1146/1145/1207 1147/1146/1208
f 1180/1179/1241 1179/1178/1240 1147/1146/1208 1148/1147/1209
f 1181/1180/1242 1180/1179/1241 1148/1147/1209 1149/1148/1210
f 1182/1181/1243 1181/1180/1242 1149/1148/1210 1150/1149/1211
f 1183/1182/1244 1182/1181/1243 1150/1149/1211 1151/1150/1212
f 1184/1183/1245 1183/1182/1244 1151/1150/1212 1152/1151/1213
f 1185/1184/1246 1184/1183/1245 1152/1151/1213 1153/1152/1214
f 1187/1186/1247 1186/1185/1248 1154/1153/1216 1155/1154/1215
f 1188/1187/1249 1187/1186/1247 1155/1154/1215 1156/1155/1217
f 1189/1188/1250 1188/1187/1249 1156/1155/1217 1157/1156/1218
f 1190/1189/1251 1189/1188/1250 1157/1156/1218 1158/1157/1219
f 1191/1190/1252 1190/1189/1251 1158/1157/1219 1159/1158/1220
f 1192/1191/1253 1191/1190/1252 1159/1158/1220 1160/1159/1221
f 1193/1192/1254 1192/1191/1253 1160/1159/1221 1161/1160/1222
f 1194/1193/1255 1193/1192/1254 1161/1160/1222 1162/1161/1223
f 1195/1194/1256 1194/1193/1255 1162/1161/1223 1163/1162/1224
f 1196/1195/1257 1195/1194/1256 1163/1162/1224 1164/1163/1225
f 1197/1196/1258 1196/1195/1257 1164/1163/1225 1165/1164/1226
f 1198/1197/1259 1197/1196/1258 1165/1164/1226 1166/1165/1227
f 1199/1198/1260 1198/1197/1259 1166/1165/1227 1167/1166/1228
f 1200/1199/1261 1199/1198/1260 1167/1166/1228 1168/1167/1229
f 1201/1200/1262 1200/1199/1261 1168/1167/1229 1169/1168/1230
f 1202/1201/1263 1201/1200/1262 1169/1168/1230 1170/1169/1231
f 1203/1202/1264 1202/1201/1263 1170/1169/1231 1171/1170/1232
f 1204/1203/1265 1203/1202/1264 1171/1170/1232 1172/1171/1233
f 1205/1204/1266 1204/1203/1265 1172/1171/1233 1173/1172/1234
f 1206/1205/1267 1205/1204/1266 1173/1172/1234 1174/1173/1235
f 1207/1206/1268 1206/1205/1267 1174/1173/1235 1175/1174/1236
f 1208/1207/1269 1207/1206/1268 1175/1174/1236 1176/1175/1237
f 1209/1208/1270 1208/1207/1269 1176/1175/1237 1177/1176/1238
f 1210/1209/1271 1209/1208/1270 1177/1176/1238 1178/1177/1239
f 1211/1210/1272 1210/1209/1271 1178/1177/1239 1179/1178/1240
f 1212/1211/1273 1211/1210/1272 1179/1178/1240 1180/1179/1241
f 1213/1212/1274 1212/1211/1273 1180/1179/1241 1181/1180/1242
f 1213/1212/1274 1181/1180/1242 1182/1181/1243 2899/3110/1275
f 1182/1181/1243 1183/1182/1244 2898/3109/1276 2899/3110/1275
f 1183/1182/1244 1184/1183/1245 2897/3108/1277 2898/3109/1276
f 1184/1183/1245 1185/1184/1246 2896/3107/1278 2897/3108/1277
f 1215/1214/1279 1214/1213/1280 1186/1185/1248 1187/1186/1247
f 1216/1215/1281 1215/1214/1279 1187/1186/1247 1188/1187/1249
f 1217/1216/1282 1216/1215/1281 1188/1187/1249 1189/1188/1250
f 1218/1217/1283 1217/1216/1282 1189/1188/1250 1190/1189/1251
f 1219/1218/1284 1218/1217/1283 1190/1189/1251 1191/1190/1252
f 1220/1219/1285 1219/1218/1284 1191/1190/1252 1192/1191/1253
f 1221/1220/1286 1220/1219/1285 1192/1191/1253 1193/1192/1254
f 1222/1221/1287 1221/1220/1286 1193/1192/1254 1194/1193/1255
f 1223/1222/1288 1222/1221/1287 1194/1193/1255 1195/1194/1256
f 1224/1223/1289 1223/1222/1288 1195/1194/1256 1196/1195/1257
f 1225/1224/1290 1224/1223/1289 1196/1195/1257 1197/1196/1258
f 1226/1225/1291 1225/1224/1290 1197/1196/1258 1198/1197/1259
f 1227/1226/1292 1226/1225/1291 1198/1197/1259 1199/1198/1260
f 1228/1227/1293 1227/1226/1292 1199/1198/1260 1200/1199/1261
f 1229/1228/1294 1228/1227/1293 1200/1199/1261 1201/1200/1262
f 1230/1229/1295 1229/1228/1294 1201/1200/1262 1202/1201/1263
f 1231/1230/1296 1230/1229/1295 1202/1201/1263 1203/1202/1264
f 1232/1231/1297 1231/1230/1296 1203/1202/1264 1204/1203/1265
f 1233/1232/1298 1232/1231/1297 1204/1203/1265 1205/1204/1266
f 1234/1233/1299 1233/1232/1298 1205/1204/1266 1206/1205/1267
f 1235/1234/1300 1234/1233/1299 1206/1205/1267 1207/1206/1268
f 1236/1235/1301 1235/1234/1300 1207/1206/1268 1208/1207/1269
f 1237/1236/1302 1236/1235/1301 1208/1207/1269 1209/1208/1270
f 1238/1237/1303 1237/1236/1302 1209/1208/1270 1210/1209/1271
f 1239/1238/1304 1238/1237/1303 1210/1209/1271 1211/1210/1272
f 1240/1239/1305 1239/1238/1304 1211/1210/1272 1212/1211/1273
f 1241/1240/1306 1240/1239/1305 1212/1211/1273 1213/1212/1274
f 1247/1246/1307 1246/1245/1308 1214/1213/1280 1215/1214/1279
f 1248/1247/1309 1247/1246/1307 1215/1214/1279 1216/1215/1281
f 1249/1248/1310 1248/1247/1309 1216/1215/1281 1217/1216/1282
f 1250/1249/1311 1249/1248/1310 1217/1216/1282 1218/1217/1283
f 1251/1250/1312 1250/1249/1311 1218/1217/1283 1219/1218/1284
f 1252/1251/1313 1251/1250/1312 1219/1218/1284 1220/1219/1285
f 1253/1252/1314 1252/1251/1313 1220/1219/1285 1221/1220/1286
f 1254/1253/1315 1253/1252/1314 1221/1220/1286 1222/1221/1287
f 1255/1254/1316 1254/1253/1315 1222/1221/1287 1223/1222/1288
f 1256/1255/1317 1255/1254/1316 1223/1222/1288 1224/1223/1289
f 1257/1256/1318 1256/1255/1317 1224/1223/1289 1225/1224/1290
f 1258/1257/1319 1257/1256/1318 1225/1224/1290 1226/1225/1291
f 1259/1258/1320 1258/1257/1319 1226/1225/1291 1227/1226/1292
f 1260/1259/1321 1259/1258/1320 1227/1226/1292 1228/1227/1293
f 1261/1260/1322 1260/1259/1321 1228/1227/1293 1229/1228/1294
f 1262/1261/1323 1261/1260/1322 1229/1228/1294 1230/1229/1295
f 1263/1262/1324 1262/1261/1323 1230/1229/1295 1231/1230/1296
f 1264/1263/1325 1263/1262/1324 1231/1230/1296 1232/1231/1297
f 1265/1264/1326 1264/1263/1325 1232/1231/1297 1233/1232/1298
f 1266/1265/1327 1265/1264/1326 1233/1232/1298 1234/1233/1299
f 1267/1266/1328 1266/1265/1327 1234/1233/1299 1235/1234/1300
f 1268/1267/1329 1267/1266/1328 1235/1234/1300 1236/1235/1301
f 1269/1268/1330 1268/1267/1329 1236/1235/1301 1237/1236/1302
f 1270/1269/1331 1269/1268/1330 1237/1236/1302 1238/1237/1303
f 1271/1270/1332 1270/1269/1331 1238/1237/1303 1239/1238/1304
f 1272/1271/1333 1271/1270/1332 1239/1238/1304 1240/1239/1305
f 1273/1272/1334 1272/1271/1333 1240/1239/1305 1241/1240/1306
f 1274/1273/1335 1273/1272/1334 1241/1240/1306 1242/1241/1336
f 1275/1274/1337 1274/1273/1335 1242/1241/1336 1243/1242/1338
f 1276/1275/1339 1275/1274/1337 1243/1242/1338 1244/1243/1340
f 1277/1276/1341 1276/1275/1339 1244/1243/1340 1245/1244/1342
f 1279/1278/1343 1278/1277/1344 1246/1245/1308 1247/1246/1307
f 1280/1279/1345 1279/1278/1343 1247/1246/1307 1248/1247/1309
f 1281/1280/1346 1280/1279/1345 1248/1247/1309 1249/1248/1310
f 1282/1281/1347 1281/1280/1346 1249/1248/1310 1250/1249/1311
f 1283/1282/1348 1282/1281/1347 1250/1249/1311 1251/1250/1312
f 1284/1283/1349 1283/1282/1348 1251/1250/1312 1252/1251/1313
f 1285/1284/1350 1284/1283/1349 1252/1251/1313 1253/1252/1314
f 1286/1285/1351 1285/1284/1350 1253/1252/1314 1254/1253/1315
f 1287/1286/1352 1286/1285/1351 1254/1253/1315 1255/1254/1316
f 1288/1287/1353 1287/1286/1352 1255/1254/1316 1256/1255/1317
f 1289/1288/1354 1288/1287/1353 1256/1255/1317 1257/1256/1318
f 1290/1289/1355 1289/1288/1354 1257/1256/1318 1258/1257/1319
f 1291/1290/1356 1290/1289/1355 1258/1257/1319 1259/1258/1320
f 1292/1291/1357 1291/1290/1356 1259/1258/1320 1260/1259/1321
f 1293/1292/1358 1292/1291/1357 1260/1259/1321 1261/1260/1322
f 1294/1293/1359 1293/1292/1358 1261/1260/1322 1262/1261/1323
f 1295/1294/1360 1294/1293/1359 1262/1261/1323 1263/1262/1324
f 1296/1295/1361 1295/1294/1360 1263/1262/1324 1264/1263/1325
f 1297/1296/1362 1296/1295/1361 1264/1263/1325 1265/1264/1326
f 1298/1297/1363 1297/1296/1362 1265/1264/1326 1266/1265/1327
f 1299/1298/1364 1298/1297/1363 1266/1265/1327 1267/1266/1328
f 1300/1299/1365 1299/1298/1364 1267/1266/1328 1268/1267/1329
f 1301/1300/1366 1300/1299/1365 1268/1267/1329 1269/1268/1330
f 1302/1301/1367 1301/1300/1366 1269/1268/1330 1270/1269/1331
f 1303/1302/1368 1302/1301/1367 1270/1269/1331 1271/1270/1332
f 1304/1303/1369 1303/1302/1368 1271/1270/1332 1272/1271/1333
f 1305/1304/1370 1304/1303/1369 1272/1271/1333 1273/1272/1334
f 1306/1305/1371 1305/1304/1370 1273/1272/1334 1274/1273/1335
f 1307/1306/1372 1306/1305/1371 1274/1273/1335 1275/1274/1337
f 1308/1307/1373 1307/1306/1372 1275/1274/1337 1276/1275/1339
f 1309/1308/1374 1308/1307/1373 1276/1275/1339 1277/1276/1341
f 1310/1309/1375 1278/1277/1344 1279/1278/1343 1311/1310/1376
f 1311/1310/1376 1279/1278/1343 1280/1279/1345 1312/1311/1377
f 1312/1311/1377 1280/1279/1345 1281/1280/1346 1313/1312/1378
f 1313/1312/1378 1281/1280/1346 1282/1281/1347 1314/1313/1379
f 1314/1313/1379 1282/1281/1347 1283/1282/1348 1315/1314/1380
f 1315/1314/1380 1283/1282/1348 1284/1283/1349 1316/1315/1381
f 1316/1315/1381 1284/1283/1349 1285/1284/1350 1317/1316/1382
f 1317/1316/1382 1285/1284/1350 1286/1285/1351 1318/1317/1383
f 1318/1317/1383 1286/1285/1351 1287/1286/1352 1319/1318/1384
f 1319/1318/1384 1287/1286/1352 1288/1287/1353 1320/1319/1385
f 1320/1319/1385 1288/1287/1353 1289/1288/1354 1321/1320/1386
f 1322/1321/1387 1321/1320/1386 1289/1288/1354 1290/1289/1355
f 1323/1322/1388 1322/1321/1387 1290/1289/1355 1291/1290/1356
f 1324/1323/1389 1323/1322/1388 1291/1290/1356 1292/1291/1357
f 1325/1324/1390 1324/1323/1389 1292/1291/1357 1293/1292/1358
f 1326/1325/1391 1325/1324/1390 1293/1292/1358 1294/1293/1359
f 1327/1326/1392 1326/1325/1391 1294/1293/1359 1295/1294/1360
f 1328/1327/1393 1327/1326/1392 1295/1294/1360 1296/1295/1361
f 1329/1328/1394 1328/1327/1393 1296/1295/1361 1297/1296/1362
f 1330/1329/1395 1329/1328/1394 1297/1296/1362 1298/1297/1363
f 1331/1330/1396 1330/1329/1395 1298/1297/1363 1299/1298/1364
f 1332/1331/1397 1331/1330/1396 1299/1298/1364 1300/1299/1365
f 1333/1332/1398 1332/1331/1397 1300/1299/1365 1301/1300/1366
f 1334/1333/1399 1333/1332/1398 1301/1300/1366 1302/1301/1367
f 1335/1334/1400 1334/1333/1399 1302/1301/1367 1303/1302/1368
f 1336/1335/1401 1335/1334/1400 1303/1302/1368 1304/1303/1369
f 1337/1336/1402 1336/1335/1401 1304/1303/1369 1305/1304/1370
f 1338/1337/1403 1337/1336/1402 1305/1304/1370 1306/1305/1371
f 1339/1338/1404 1338/1337/1403 1306/1305/1371 1307/1306/1372
f 1340/1339/1405 1339/1338/1404 1307/1306/1372 1308/1307/1373
f 1341/1340/1406 1340/1339/1405 1308/1307/1373 1309/1308/1374
f 1310/1309/1375 1311/1310/1376 1343/1410/1407 1342/1394/1408
f 1343/1410/1407 1311/1310/1376 1312/1311/1377 1344/1412/1409
f 1344/1412/1409 1312/1311/1377 1313/1312/1378 1345/1413/1410
f 1345/1413/1410 1313/1312/1378 1314/1313/1379 1346/1414/1411
f 1314/1313/1379 1315/1314/1380 1347/1439/1412 1346/1414/1411
f 1315/1314/1380 1316/1315/1381 1348/1440/1413 1347/1439/1412
f 1348/1440/1413 1316/1315/1381 1317/1316/1382 1349/1441/1414
f 1317/1316/1382 1318/1317/1383 1350/1442/1415 1349/1441/1414
f 1350/1442/1415 1318/1317/1383 1319/1318/1384 1351/1443/1416
f 1351/1443/1416 1319/1318/1384 1320/1319/1385 1352/1444/1417
f 1352/1444/1417 1320/1319/1385 1321/1320/1386 1353/1445/1418
f 1444/1342/1419 3/24/44 2/22/43 1445/1341/1420
f 1442/1343/1421 5/28/48 4/26/46 1443/1344/1422
f 1443/1344/1422 4/26/46 3/24/44 1444/1342/1419
f 1440/1345/1423 7/32/52 6/30/50 1441/1346/1424
f 1438/1347/1425 9/36/56 8/34/54 1439/1348/1426
f 1437/1349/1427 10/38/58 9/36/56 1438/1347/1425
f 1439/1348/1426 8/34/54 7/32/52 1440/1345/1423
f 1441/1346/1424 6/30/50 5/28/48 1442/1343/1421
f 1434/1350/1428 13/44/64 12/42/62 1435/1351/1429
f 13/44/64 1434/1350/1428 1433/1352/3 14/2/2
f 1435/1351/1429 12/42/62 11/40/60 1436/1359/1430
f 1436/1359/1430 11/40/60 10/38/58 1437/1349/1427
f 1/1370/40 1414/1373/86 33/20/39
f 353/352/382 1404/1393/1431 1403/1378/1432 385/384/414
f 385/384/414 1403/1378/1432 1402/1379/1433 417/416/446
f 449/448/478 1401/1384/1434 1400/1380/1435 481/480/510
f 513/512/542 1399/1383/1436 1398/1381/1437 545/544/574
f 545/544/574 1398/1381/1437 1397/1382/1438 577/576/606
f 481/480/510 1400/1380/1435 1399/1383/1436 513/512/542
f 417/416/446 1402/1379/1433 1401/1384/1434 449/448/478
f 609/608/638 1396/1388/1439 1395/1389/1440 641/640/670
f 673/672/702 1394/1391/1441 2966/3179/1442 705/704/734
f 577/576/606 1397/1382/1438 1396/1388/1439 609/608/638
f 321/320/349 1405/1392/350 1404/1393/1431 353/352/382
f 1323/1322/1388 1355/1400/1443 1354/1395/1444 1322/1321/1387
f 1325/1324/1390 1357/1399/1445 1356/1396/1446 1324/1323/1389
f 1327/1326/1392 1359/1398/1447 1358/1397/1448 1326/1325/1391
f 1328/1327/1393 1360/1415/1449 1359/1398/1447 1327/1326/1392
f 1326/1325/1391 1358/1397/1448 1357/1399/1445 1325/1324/1390
f 1324/1323/1389 1356/1396/1446 1355/1400/1443 1323/1322/1388
f 737/736/766 1393/1409/1450 2933/3145/1451 2934/3147/798
f 769/768/862 1392/1401/1452 1391/1402/1453 801/800/861
f 801/800/861 1391/1402/1453 1390/1403/1454 833/832/894
f 865/864/926 1389/1408/1455 1388/1404/1456 897/896/958
f 929/928/990 1387/1405/1457 1386/1406/1458 961/960/1022
f 961/960/1022 1386/1406/1458 1385/1407/1459 993/992/1054
f 897/896/958 1388/1404/1456 1387/1405/1457 929/928/990
f 833/832/894 1390/1403/1454 1389/1408/1455 865/864/926
f 1393/1409/1450 737/736/766 705/704/734 2966/3179/1442
f 1330/1329/1395 1362/1416/1460 1361/1411/1461 1329/1328/1394
f 1329/1328/1394 1361/1411/1461 1360/1415/1449 1328/1327/1393
f 1331/1330/1396 1363/1417/1462 1362/1416/1460 1330/1329/1395
f 1332/1331/1397 1364/1420/1463 1363/1417/1462 1331/1330/1396
f 1334/1333/1399 1366/1419/1464 1365/1418/1465 1333/1332/1398
f 1335/1334/1400 1367/1426/1466 1366/1419/1464 1334/1333/1399
f 1333/1332/1398 1365/1418/1465 1364/1420/1463 1332/1331/1397
f 1338/1337/1403 1370/1424/1467 1369/1421/1468 1337/1336/1402
f 1340/1339/1405 1372/1423/1469 1371/1422/1470 1339/1338/1404
f 1341/1340/1406 1373/1438/1471 1372/1423/1469 1340/1339/1405
f 1339/1338/1404 1371/1422/1470 1370/1424/1467 1338/1337/1403
f 1337/1336/1402 1369/1421/1468 1368/1425/1472 1336/1335/1401
f 1336/1335/1401 1368/1425/1472 1367/1426/1466 1335/1334/1400
f 1025/1024/1086 1384/1427/1473 1383/1428/1474 1057/1056/1118
f 993/992/1054 1385/1407/1459 1384/1427/1473 1025/1024/1086
f 1057/1056/1118 1383/1428/1474 1382/1429/1475 1089/1088/1150
f 1089/1088/1150 1382/1429/1475 1381/1430/1476 1121/1120/1182
f 1153/1152/1214 1380/1431/1477 1379/1432/1478 1185/1184/1246
f 2896/3107/1278 1185/1184/1246 1379/1432/1478 1378/1433/1479
f 1121/1120/1182 1381/1430/1476 1380/1431/1477 1153/1152/1214
f 1277/1276/1341 1376/1435/1480 1375/1436/1481 1309/1308/1374
f 1309/1308/1374 1375/1436/1481 1374/1437/1482 1341/1340/1406
f 1245/1244/1342 1377/1434/1483 1376/1435/1480 1277/1276/1341
f 1373/1438/1471 1341/1340/1406 1374/1437/1482
f 1322/1321/1387 1354/1395/1444 1353/1445/1418 1321/1320/1386
s 4
f 2862/2790/1484 1446/1446/1485 1447/1447/1486 2861/2791/1487
f 2859/2793/1488 2860/2792/1489 1448/1448/1490 1449/1449/1491
f 1449/1449/1491 1450/1450/1492 2858/2794/1493 2859/2793/1488
f 1450/1450/1492 1451/1451/1494 2857/2795/1495 2858/2794/1493
f 2857/2795/1495 1451/1451/1494 1452/1452/1496 2856/2796/1497
f 2856/2796/1497 1452/1452/1496 1453/1453/1498 2855/2797/1499
f 2855/2797/1499 1453/1453/1498 1454/1454/1500 2854/2798/1501
f 1454/1454/1500 1455/1455/1502 2853/2800/1503 2854/2798/1501
f 2864/2812/1504 1488/1456/1505 1446/1446/1485 2863/2799/1506
f 1489/1457/1507 1447/1447/1486 1446/1446/1485 1488/1456/1505
f 1490/1458/1508 1448/1448/1490 1447/1447/1486 1489/1457/1507
f 1491/1459/1509 1449/1449/1491 1448/1448/1490 1490/1458/1508
f 1492/1460/1510 1450/1450/1492 1449/1449/1491 1491/1459/1509
f 1493/1461/1511 1451/1451/1494 1450/1450/1492 1492/1460/1510
f 1494/1462/1512 1452/1452/1496 1451/1451/1494 1493/1461/1511
f 1495/1463/1513 1453/1453/1498 1452/1452/1496 1494/1462/1512
f 1496/1464/1514 1454/1454/1500 1453/1453/1498 1495/1463/1513
f 1497/1465/1515 1455/1455/1502 1454/1454/1500 1496/1464/1514
f 1498/1466/1516 1456/1467/1517 1455/1455/1502 1497/1465/1515
f 1499/1468/1518 1457/1469/1519 1456/1467/1517 1498/1466/1516
f 1500/1470/1520 1458/1471/1521 1457/1469/1519 1499/1468/1518
f 1501/1472/1522 1459/1473/1523 1458/1471/1521 1500/1470/1520
f 1502/1474/1524 1460/1475/1525 1459/1473/1523 1501/1472/1522
f 1503/1476/1526 1461/1477/1527 1460/1475/1525 1502/1474/1524
f 1504/1478/1528 1462/1479/1529 1461/1477/1527 1503/1476/1526
f 1505/1480/1530 1463/1481/1531 1462/1479/1529 1504/1478/1528
f 1506/1482/1532 1464/1483/1533 1463/1481/1531 1505/1480/1530
f 1507/1484/1534 1465/1485/1535 1464/1483/1533 1506/1482/1532
f 1508/1486/1536 1466/1487/1537 1465/1485/1535 1507/1484/1534
f 1509/1488/1538 1467/1489/1539 1466/1487/1537 1508/1486/1536
f 1510/1490/1540 1468/1491/1541 1467/1489/1539 1509/1488/1538
f 2930/3141/1542 2931/3142/1543 1468/1491/1541 1510/1490/1540
f 1512/1494/1544 1470/1495/1545 1469/1493/1546 1511/1492/1547
f 1513/1496/1548 1471/1497/1549 1470/1495/1545 1512/1494/1544
f 1514/1498/1550 1472/1499/1551 1471/1497/1549 1513/1496/1548
f 1515/1500/1552 1473/1501/1553 1472/1499/1551 1514/1498/1550
f 1516/1502/1554 1474/1503/1555 1473/1501/1553 1515/1500/1552
f 1517/1504/1556 1475/1505/1557 1474/1503/1555 1516/1502/1554
f 1518/1506/1558 1476/1507/1559 1475/1505/1557 1517/1504/1556
f 1519/1508/1560 1477/1509/1561 1476/1507/1559 1518/1506/1558
f 1520/1510/1562 1478/1511/1563 1477/1509/1561 1519/1508/1560
f 1521/1512/1564 1479/1513/1565 1478/1511/1563 1520/1510/1562
f 1522/1514/1566 1480/1515/1567 1479/1513/1565 1521/1512/1564
f 1523/1516/1568 1481/1517/1569 1480/1515/1567 1522/1514/1566
f 1524/1518/1570 1482/1519/1571 1481/1517/1569 1523/1516/1568
f 1525/1520/1572 1483/1521/1573 1482/1519/1571 1524/1518/1570
f 1526/1522/1574 1484/1523/1575 1483/1521/1573 1525/1520/1572
f 1527/1524/1576 1485/1525/1577 1484/1523/1575 1526/1522/1574
f 1528/1526/1578 1486/1527/1579 1485/1525/1577 1527/1524/1576
f 1529/1528/1580 1487/1529/1581 1486/1527/1579 1528/1526/1578
f 2864/2812/1504 2865/2813/1582 1530/1530/1583 1488/1456/1505
f 1531/1531/1584 1489/1457/1507 1488/1456/1505 1530/1530/1583
f 1532/1532/1585 1490/1458/1508 1489/1457/1507 1531/1531/1584
f 1533/1533/1586 1491/1459/1509 1490/1458/1508 1532/1532/1585
f 1534/1534/1587 1492/1460/1510 1491/1459/1509 1533/1533/1586
f 1535/1535/1588 1493/1461/1511 1492/1460/1510 1534/1534/1587
f 1536/1536/1589 1494/1462/1512 1493/1461/1511 1535/1535/1588
f 1537/1537/1590 1495/1463/1513 1494/1462/1512 1536/1536/1589
f 1538/1538/1591 1496/1464/1514 1495/1463/1513 1537/1537/1590
f 1539/1539/1592 1497/1465/1515 1496/1464/1514 1538/1538/1591
f 1540/1540/1593 1498/1466/1516 1497/1465/1515 1539/1539/1592
f 1541/1541/1594 1499/1468/1518 1498/1466/1516 1540/1540/1593
f 1542/1542/1595 1500/1470/1520 1499/1468/1518 1541/1541/1594
f 1543/1543/1596 1501/1472/1522 1500/1470/1520 1542/1542/1595
f 1544/1544/1597 1502/1474/1524 1501/1472/1522 1543/1543/1596
f 1545/1545/1598 1503/1476/1526 1502/1474/1524 1544/1544/1597
f 1546/1546/1599 1504/1478/1528 1503/1476/1526 1545/1545/1598
f 1547/1547/1600 1505/1480/1530 1504/1478/1528 1546/1546/1599
f 1548/1548/1601 1506/1482/1532 1505/1480/1530 1547/1547/1600
f 1549/1549/1602 1507/1484/1534 1506/1482/1532 1548/1548/1601
f 1550/1550/1603 1508/1486/1536 1507/1484/1534 1549/1549/1602
f 1551/1551/1604 1509/1488/1538 1508/1486/1536 1550/1550/1603
f 1552/1552/1605 1510/1490/1540 1509/1488/1538 1551/1551/1604
f 2929/3140/1606 2930/3141/1542 1510/1490/1540 1552/1552/1605
f 1554/1554/1607 1512/1494/1544 1511/1492/1547 1553/1553/1608
f 1555/1555/1609 1513/1496/1548 1512/1494/1544 1554/1554/1607
f 1556/1556/1610 1514/1498/1550 1513/1496/1548 1555/1555/1609
f 1557/1557/1611 1515/1500/1552 1514/1498/1550 1556/1556/1610
f 1558/1558/1612 1516/1502/1554 1515/1500/1552 1557/1557/1611
f 1559/1559/1613 1517/1504/1556 1516/1502/1554 1558/1558/1612
f 1560/1560/1614 1518/1506/1558 1517/1504/1556 1559/1559/1613
f 1561/1561/1615 1519/1508/1560 1518/1506/1558 1560/1560/1614
f 1562/1562/1616 1520/1510/1562 1519/1508/1560 1561/1561/1615
f 1563/1563/1617 1521/1512/1564 1520/1510/1562 1562/1562/1616
f 1564/1564/1618 1522/1514/1566 1521/1512/1564 1563/1563/1617
f 1565/1565/1619 1523/1516/1568 1522/1514/1566 1564/1564/1618
f 1566/1566/1620 1524/1518/1570 1523/1516/1568 1565/1565/1619
f 1567/1567/1621 1525/1520/1572 1524/1518/1570 1566/1566/1620
f 1568/1568/1622 1526/1522/1574 1525/1520/1572 1567/1567/1621
f 1569/1569/1623 1527/1524/1576 1526/1522/1574 1568/1568/1622
f 1570/1570/1624 1528/1526/1578 1527/1524/1576 1569/1569/1623
f 1571/1571/1625 1529/1528/1580 1528/1526/1578 1570/1570/1624
f 2865/2813/1582 2866/2814/1626 1572/1572/1627 1530/1530/1583
f 1573/1573/1628 1531/1531/1584 1530/1530/1583 1572/1572/1627
f 1574/1574/1629 1532/1532/1585 1531/1531/1584 1573/1573/1628
f 1575/1575/1630 1533/1533/1586 1532/1532/1585 1574/1574/1629
f 1576/1576/1631 1534/1534/1587 1533/1533/1586 1575/1575/1630
f 1577/1577/1632 1535/1535/1588 1534/1534/1587 1576/1576/1631
f 1578/1578/1633 1536/1536/1589 1535/1535/1588 1577/1577/1632
f 1579/1579/1634 1537/1537/1590 1536/1536/1589 1578/1578/1633
f 1580/1580/1635 1538/1538/1591 1537/1537/1590 1579/1579/1634
f 1581/1581/1636 1539/1539/1592 1538/1538/1591 1580/1580/1635
f 1582/1582/1637 1540/1540/1593 1539/1539/1592 1581/1581/1636
f 1583/1583/1638 1541/1541/1594 1540/1540/1593 1582/1582/1637
f 1584/1584/1639 1542/1542/1595 1541/1541/1594 1583/1583/1638
f 1585/1585/1640 1543/1543/1596 1542/1542/1595 1584/1584/1639
f 1586/1586/1641 1544/1544/1597 1543/1543/1596 1585/1585/1640
f 1587/1587/1642 1545/1545/1598 1544/1544/1597 1586/1586/1641
f 1588/1588/1643 1546/1546/1599 1545/1545/1598 1587/1587/1642
f 1589/1589/1644 1547/1547/1600 1546/1546/1599 1588/1588/1643
f 1590/1590/1645 1548/1548/1601 1547/1547/1600 1589/1589/1644
f 1591/1591/1646 1549/1549/1602 1548/1548/1601 1590/1590/1645
f 1592/1592/1647 1550/1550/1603 1549/1549/1602 1591/1591/1646
f 1593/1593/1648 1551/1551/1604 1550/1550/1603 1592/1592/1647
f 1594/1594/1649 1552/1552/1605 1551/1551/1604 1593/1593/1648
f 2928/3139/1650 2929/3140/1606 1552/1552/1605 1594/1594/1649
f 1596/1596/1651 1554/1554/1607 1553/1553/1608 1595/1595/1652
f 1597/1597/1653 1555/1555/1609 1554/1554/1607 1596/1596/1651
f 1598/1598/1654 1556/1556/1610 1555/1555/1609 1597/1597/1653
f 1599/1599/1655 1557/1557/1611 1556/1556/1610 1598/1598/1654
f 1600/1600/1656 1558/1558/1612 1557/1557/1611 1599/1599/1655
f 1601/1601/1657 1559/1559/1613 1558/1558/1612 1600/1600/1656
f 1602/1602/1658 1560/1560/1614 1559/1559/1613 1601/1601/1657
f 1603/1603/1659 1561/1561/1615 1560/1560/1614 1602/1602/1658
f 1604/1604/1660 1562/1562/1616 1561/1561/1615 1603/1603/1659
f 1605/1605/1661 1563/1563/1617 1562/1562/1616 1604/1604/1660
f 1606/1606/1662 1564/1564/1618 1563/1563/1617 1605/1605/1661
f 1607/1607/1663 1565/1565/1619 1564/1564/1618 1606/1606/1662
f 1608/1608/1664 1566/1566/1620 1565/1565/1619 1607/1607/1663
f 1609/1609/1665 1567/1567/1621 1566/1566/1620 1608/1608/1664
f 1610/1610/1666 1568/1568/1622 1567/1567/1621 1609/1609/1665
f 1611/1611/1667 1569/1569/1623 1568/1568/1622 1610/1610/1666
f 1612/1612/1668 1570/1570/1624 1569/1569/1623 1611/1611/1667
f 1613/1613/1669 1571/1571/1625 1570/1570/1624 1612/1612/1668
f 2866/2814/1626 2867/2815/1670 1614/1614/1671 1572/1572/1627
f 1615/1615/1672 1573/1573/1628 1572/1572/1627 1614/1614/1671
f 1616/1616/1673 1574/1574/1629 1573/1573/1628 1615/1615/1672
f 1617/1617/1674 1575/1575/1630 1574/1574/1629 1616/1616/1673
f 1618/1618/1675 1576/1576/1631 1575/1575/1630 1617/1617/1674
f 1619/1619/1676 1577/1577/1632 1576/1576/1631 1618/1618/1675
f 1620/1620/1677 1578/1578/1633 1577/1577/1632 1619/1619/1676
f 1621/1621/1678 1579/1579/1634 1578/1578/1633 1620/1620/1677
f 1622/1622/1679 1580/1580/1635 1579/1579/1634 1621/1621/1678
f 1623/1623/1680 1581/1581/1636 1580/1580/1635 1622/1622/1679
f 1624/1624/1681 1582/1582/1637 1581/1581/1636 1623/1623/1680
f 1625/1625/1682 1583/1583/1638 1582/1582/1637 1624/1624/1681
f 1626/1626/1683 1584/1584/1639 1583/1583/1638 1625/1625/1682
f 1627/1627/1684 1585/1585/1640 1584/1584/1639 1626/1626/1683
f 1628/1628/1685 1586/1586/1641 1585/1585/1640 1627/1627/1684
f 1629/1629/1686 1587/1587/1642 1586/1586/1641 1628/1628/1685
f 1630/1630/1687 1588/1588/1643 1587/1587/1642 1629/1629/1686
f 1631/1631/1688 1589/1589/1644 1588/1588/1643 1630/1630/1687
f 1632/1632/1689 1590/1590/1645 1589/1589/1644 1631/1631/1688
f 1633/1633/1690 1591/1591/1646 1590/1590/1645 1632/1632/1689
f 1634/1634/1691 1592/1592/1647 1591/1591/1646 1633/1633/1690
f 1635/1635/1692 1593/1593/1648 1592/1592/1647 1634/1634/1691
f 1636/1636/1693 1594/1594/1649 1593/1593/1648 1635/1635/1692
f 2927/3138/1694 2928/3139/1650 1594/1594/1649 1636/1636/1693
f 1638/1638/1695 1596/1596/1651 1595/1595/1652 1637/1637/1696
f 1639/1639/1697 1597/1597/1653 1596/1596/1651 1638/1638/1695
f 1640/1640/1698 1598/1598/1654 1597/1597/1653 1639/1639/1697
f 1641/1641/1699 1599/1599/1655 1598/1598/1654 1640/1640/1698
f 1642/1642/1700 1600/1600/1656 1599/1599/1655 1641/1641/1699
f 1643/1643/1701 1601/1601/1657 1600/1600/1656 1642/1642/1700
f 1644/1644/1702 1602/1602/1658 1601/1601/1657 1643/1643/1701
f 1645/1645/1703 1603/1603/1659 1602/1602/1658 1644/1644/1702
f 1646/1646/1704 1604/1604/1660 1603/1603/1659 1645/1645/1703
f 1647/1647/1705 1605/1605/1661 1604/1604/1660 1646/1646/1704
f 1648/1648/1706 1606/1606/1662 1605/1605/1661 1647/1647/1705
f 1649/1649/1707 1607/1607/1663 1606/1606/1662 1648/1648/1706
f 1650/1650/1708 1608/1608/1664 1607/1607/1663 1649/1649/1707
f 1651/1651/1709 1609/1609/1665 1608/1608/1664 1650/1650/1708
f 1652/1652/1710 1610/1610/1666 1609/1609/1665 1651/1651/1709
f 1653/1653/1711 1611/1611/1667 1610/1610/1666 1652/1652/1710
f 1654/1654/1712 1612/1612/1668 1611/1611/1667 1653/1653/1711
f 1655/1655/1713 1613/1613/1669 1612/1612/1668 1654/1654/1712
f 2867/2815/1670 2868/2816/1714 1656/1656/1715 1614/1614/1671
f 1657/1657/1716 1615/1615/1672 1614/1614/1671 1656/1656/1715
f 1658/1658/1717 1616/1616/1673 1615/1615/1672 1657/1657/1716
f 1659/1659/1718 1617/1617/1674 1616/1616/1673 1658/1658/1717
f 1660/1660/1719 1618/1618/1675 1617/1617/1674 1659/1659/1718
f 1661/1661/1720 1619/1619/1676 1618/1618/1675 1660/1660/1719
f 1620/1620/1677 1619/1619/1676 1661/1661/1720 1662/1662/1721
f 1663/1663/1722 1621/1621/1678 1620/1620/1677 1662/1662/1721
f 1664/1664/1723 1622/1622/1679 1621/1621/1678 1663/1663/1722
f 1665/1665/1724 1623/1623/1680 1622/1622/1679 1664/1664/1723
f 1666/1666/1725 1624/1624/1681 1623/1623/1680 1665/1665/1724
f 1667/1667/1726 1625/1625/1682 1624/1624/1681 1666/1666/1725
f 1668/1668/1727 1626/1626/1683 1625/1625/1682 1667/1667/1726
f 1669/1669/1728 1627/1627/1684 1626/1626/1683 1668/1668/1727
f 1670/1670/1729 1628/1628/1685 1627/1627/1684 1669/1669/1728
f 1671/1671/1730 1629/1629/1686 1628/1628/1685 1670/1670/1729
f 1672/1672/1731 1630/1630/1687 1629/1629/1686 1671/1671/1730
f 1673/1673/1732 1631/1631/1688 1630/1630/1687 1672/1672/1731
f 1674/1674/1733 1632/1632/1689 1631/1631/1688 1673/1673/1732
f 1675/1675/1734 1633/1633/1690 1632/1632/1689 1674/1674/1733
f 1676/1676/1735 1634/1634/1691 1633/1633/1690 1675/1675/1734
f 1677/1677/1736 1635/1635/1692 1634/1634/1691 1676/1676/1735
f 1678/1678/1737 1636/1636/1693 1635/1635/1692 1677/1677/1736
f 2926/3137/1738 2927/3138/1694 1636/1636/1693 1678/1678/1737
f 1680/1680/1739 1638/1638/1695 1637/1637/1696 1679/1679/1740
f 1681/1681/1741 1639/1639/1697 1638/1638/1695 1680/1680/1739
f 1682/1682/1742 1640/1640/1698 1639/1639/1697 1681/1681/1741
f 1683/1683/1743 1641/1641/1699 1640/1640/1698 1682/1682/1742
f 1684/1684/1744 1642/1642/1700 1641/1641/1699 1683/1683/1743
f 1685/1685/1745 1643/1643/1701 1642/1642/1700 1684/1684/1744
f 1686/1686/1746 1644/1644/1702 1643/1643/1701 1685/1685/1745
f 1687/1687/1747 1645/1645/1703 1644/1644/1702 1686/1686/1746
f 1688/1688/1748 1646/1646/1704 1645/1645/1703 1687/1687/1747
f 1689/1689/1749 1647/1647/1705 1646/1646/1704 1688/1688/1748
f 1690/1690/1750 1648/1648/1706 1647/1647/1705 1689/1689/1749
f 1691/1691/1751 1649/1649/1707 1648/1648/1706 1690/1690/1750
f 1692/1692/1752 1650/1650/1708 1649/1649/1707 1691/1691/1751
f 1693/1693/1753 1651/1651/1709 1650/1650/1708 1692/1692/1752
f 1694/1694/1754 1652/1652/1710 1651/1651/1709 1693/1693/1753
f 1695/1695/1755 1653/1653/1711 1652/1652/1710 1694/1694/1754
f 1696/1696/1756 1654/1654/1712 1653/1653/1711 1695/1695/1755
f 1697/1697/1757 1655/1655/1713 1654/1654/1712 1696/1696/1756
f 2868/2816/1714 2869/2817/1758 1698/1698/1759 1656/1656/1715
f 1699/1699/1760 1657/1657/1716 1656/1656/1715 1698/1698/1759
f 1700/1700/1761 1658/1658/1717 1657/1657/1716 1699/1699/1760
f 1701/1701/1762 1659/1659/1718 1658/1658/1717 1700/1700/1761
f 1702/1702/1763 1660/1660/1719 1659/1659/1718 1701/1701/1762
f 1703/1703/1764 1661/1661/1720 1660/1660/1719 1702/1702/1763
f 1662/1662/1721 1661/1661/1720 1703/1703/1764 1704/1704/1765
f 1705/1705/1766 1663/1663/1722 1662/1662/1721 1704/1704/1765
f 1706/1706/1767 1664/1664/1723 1663/1663/1722 1705/1705/1766
f 1707/1707/1768 1665/1665/1724 1664/1664/1723 1706/1706/1767
f 1708/1708/1769 1666/1666/1725 1665/1665/1724 1707/1707/1768
f 1709/1709/1770 1667/1667/1726 1666/1666/1725 1708/1708/1769
f 1710/1710/1771 1668/1668/1727 1667/1667/1726 1709/1709/1770
f 1711/1711/1772 1669/1669/1728 1668/1668/1727 1710/1710/1771
f 1712/1712/1773 1670/1670/1729 1669/1669/1728 1711/1711/1772
f 1713/1713/1774 1671/1671/1730 1670/1670/1729 1712/1712/1773
f 1714/1714/1775 1672/1672/1731 1671/1671/1730 1713/1713/1774
f 1715/1715/1776 1673/1673/1732 1672/1672/1731 1714/1714/1775
f 1716/1716/1777 1674/1674/1733 1673/1673/1732 1715/1715/1776
f 1717/1717/1778 1675/1675/1734 1674/1674/1733 1716/1716/1777
f 1718/1718/1779 1676/1676/1735 1675/1675/1734 1717/1717/1778
f 1719/1719/1780 1677/1677/1736 1676/1676/1735 1718/1718/1779
f 1720/1720/1781 1678/1678/1737 1677/1677/1736 1719/1719/1780
f 2925/3136/1782 2926/3137/1738 1678/1678/1737 1720/1720/1781
f 1722/1722/1783 1680/1680/1739 1679/1679/1740 1721/1721/1784
f 1723/1723/1785 1681/1681/1741 1680/1680/1739 1722/1722/1783
f 1724/1724/1786 1682/1682/1742 1681/1681/1741 1723/1723/1785
f 1725/1725/1787 1683/1683/1743 1682/1682/1742 1724/1724/1786
f 1726/1726/1788 1684/1684/1744 1683/1683/1743 1725/1725/1787
f 1727/1727/1789 1685/1685/1745 1684/1684/1744 1726/1726/1788
f 1728/1728/1790 1686/1686/1746 1685/1685/1745 1727/1727/1789
f 1729/1729/1791 1687/1687/1747 1686/1686/1746 1728/1728/1790
f 1730/1730/1792 1688/1688/1748 1687/1687/1747 1729/1729/1791
f 1731/1731/1793 1689/1689/1749 1688/1688/1748 1730/1730/1792
f 1732/1732/1794 1690/1690/1750 1689/1689/1749 1731/1731/1793
f 1733/1733/1795 1691/1691/1751 1690/1690/1750 1732/1732/1794
f 1734/1734/1796 1692/1692/1752 1691/1691/1751 1733/1733/1795
f 1735/1735/1797 1693/1693/1753 1692/1692/1752 1734/1734/1796
f 1736/1736/1798 1694/1694/1754 1693/1693/1753 1735/1735/1797
f 1737/1737/1799 1695/1695/1755 1694/1694/1754 1736/1736/1798
f 1738/1738/1800 1696/1696/1756 1695/1695/1755 1737/1737/1799
f 1739/1739/1801 1697/1697/1757 1696/1696/1756 1738/1738/1800
f 2869/2817/1758 2870/2818/1802 1740/1740/1803 1698/1698/1759
f 1741/1741/1804 1699/1699/1760 1698/1698/1759 1740/1740/1803
f 1742/1742/1805 1700/1700/1761 1699/1699/1760 1741/1741/1804
f 1743/1743/1806 1701/1701/1762 1700/1700/1761 1742/1742/1805
f 1744/1744/1807 1702/1702/1763 1701/1701/1762 1743/1743/1806
f 1745/1745/1808 1703/1703/1764 1702/1702/1763 1744/1744/1807
f 1746/1746/1809 1704/1704/1765 1703/1703/1764 1745/1745/1808
f 1747/1747/1810 1705/1705/1766 1704/1704/1765 1746/1746/1809
f 1748/1748/1811 1706/1706/1767 1705/1705/1766 1747/1747/1810
f 1749/1749/1812 1707/1707/1768 1706/1706/1767 1748/1748/1811
f 1750/1750/1813 1708/1708/1769 1707/1707/1768 1749/1749/1812
f 1751/1751/1814 1709/1709/1770 1708/1708/1769 1750/1750/1813
f 1752/1752/1815 1710/1710/1771 1709/1709/1770 1751/1751/1814
f 1753/1753/1816 1711/1711/1772 1710/1710/1771 1752/1752/1815
f 1754/1754/1817 1712/1712/1773 1711/1711/1772 1753/1753/1816
f 1755/1755/1818 1713/1713/1774 1712/1712/1773 1754/1754/1817
f 1756/1756/1819 1714/1714/1775 1713/1713/1774 1755/1755/1818
f 1757/1757/1820 1715/1715/1776 1714/1714/1775 1756/1756/1819
f 1758/1758/1821 1716/1716/1777 1715/1715/1776 1757/1757/1820
f 1759/1759/1822 1717/1717/1778 1716/1716/1777 1758/1758/1821
f 1760/1760/1823 1718/1718/1779 1717/1717/1778 1759/1759/1822
f 1761/1761/1824 1719/1719/1780 1718/1718/1779 1760/1760/1823
f 1762/1762/1825 1720/1720/1781 1719/1719/1780 1761/1761/1824
f 2924/3135/1826 2925/3136/1782 1720/1720/1781 1762/1762/1825
f 1764/1764/1827 1722/1722/1783 1721/1721/1784 1763/1763/1828
f 1765/1765/1829 1723/1723/1785 1722/1722/1783 1764/1764/1827
f 1766/1766/1830 1724/1724/1786 1723/1723/1785 1765/1765/1829
f 1767/1767/1831 1725/1725/1787 1724/1724/1786 1766/1766/1830
f 1768/1768/1832 1726/1726/1788 1725/1725/1787 1767/1767/1831
f 1769/1769/1833 1727/1727/1789 1726/1726/1788 1768/1768/1832
f 1770/1770/1834 1728/1728/1790 1727/1727/1789 1769/1769/1833
f 1771/1771/1835 1729/1729/1791 1728/1728/1790 1770/1770/1834
f 1772/1772/1836 1730/1730/1792 1729/1729/1791 1771/1771/1835
f 1773/1773/1837 1731/1731/1793 1730/1730/1792 1772/1772/1836
f 1774/1774/1838 1732/1732/1794 1731/1731/1793 1773/1773/1837
f 1775/1775/1839 1733/1733/1795 1732/1732/1794 1774/1774/1838
f 1776/1776/1840 1734/1734/1796 1733/1733/1795 1775/1775/1839
f 1777/1777/1841 1735/1735/1797 1734/1734/1796 1776/1776/1840
f 1778/1778/1842 1736/1736/1798 1735/1735/1797 1777/1777/1841
f 1779/1779/1843 1737/1737/1799 1736/1736/1798 1778/1778/1842
f 1780/1780/1844 1738/1738/1800 1737/1737/1799 1779/1779/1843
f 1781/1781/1845 1739/1739/1801 1738/1738/1800 1780/1780/1844
f 2870/2818/1802 2871/2819/1846 1782/1782/1847 1740/1740/1803
f 1783/1783/1848 1741/1741/1804 1740/1740/1803 1782/1782/1847
f 1784/1784/1849 1742/1742/1805 1741/1741/1804 1783/1783/1848
f 1785/1785/1850 1743/1743/1806 1742/1742/1805 1784/1784/1849
f 1786/1786/1851 1744/1744/1807 1743/1743/1806 1785/1785/1850
f 1745/1745/1808 1744/1744/1807 1786/1786/1851 1787/1787/1852
f 1788/1788/1853 1746/1746/1809 1745/1745/1808 1787/1787/1852
f 1789/1789/1854 1747/1747/1810 1746/1746/1809 1788/1788/1853
f 1790/1790/1855 1748/1748/1811 1747/1747/1810 1789/1789/1854
f 1791/1791/1856 1749/1749/1812 1748/1748/1811 1790/1790/1855
f 1792/1792/1857 1750/1750/1813 1749/1749/1812 1791/1791/1856
f 1793/1793/1858 1751/1751/1814 1750/1750/1813 1792/1792/1857
f 1794/1794/1859 1752/1752/1815 1751/1751/1814 1793/1793/1858
f 1795/1795/1860 1753/1753/1816 1752/1752/1815 1794/1794/1859
f 1796/1796/1861 1754/1754/1817 1753/1753/1816 1795/1795/1860
f 1797/1797/1862 1755/1755/1818 1754/1754/1817 1796/1796/1861
f 1798/1798/1863 1756/1756/1819 1755/1755/1818 1797/1797/1862
f 1799/1799/1864 1757/1757/1820 1756/1756/1819 1798/1798/1863
f 1800/1800/1865 1758/1758/1821 1757/1757/1820 1799/1799/1864
f 1801/1801/1866 1759/1759/1822 1758/1758/1821 1800/1800/1865
f 1802/1802/1867 1760/1760/1823 1759/1759/1822 1801/1801/1866
f 1803/1803/1868 1761/1761/1824 1760/1760/1823 1802/1802/1867
f 1804/1804/1869 1762/1762/1825 1761/1761/1824 1803/1803/1868
f 2923/3134/1870 2924/3135/1826 1762/1762/1825 1804/1804/1869
f 1806/1806/1871 1764/1764/1827 1763/1763/1828 1805/1805/1872
f 1807/1807/1873 1765/1765/1829 1764/1764/1827 1806/1806/1871
f 1808/1808/1874 1766/1766/1830 1765/1765/1829 1807/1807/1873
f 1809/1809/1875 1767/1767/1831 1766/1766/1830 1808/1808/1874
f 1810/1810/1876 1768/1768/1832 1767/1767/1831 1809/1809/1875
f 1811/1811/1877 1769/1769/1833 1768/1768/1832 1810/1810/1876
f 1812/1812/1878 1770/1770/1834 1769/1769/1833 1811/1811/1877
f 1813/1813/1879 1771/1771/1835 1770/1770/1834 1812/1812/1878
f 1814/1814/1880 1772/1772/1836 1771/1771/1835 1813/1813/1879
f 1815/1815/1881 1773/1773/1837 1772/1772/1836 1814/1814/1880
f 1816/1816/1882 1774/1774/1838 1773/1773/1837 1815/1815/1881
f 1817/1817/1883 1775/1775/1839 1774/1774/1838 1816/1816/1882
f 1818/1818/1884 1776/1776/1840 1775/1775/1839 1817/1817/1883
f 1819/1819/1885 1777/1777/1841 1776/1776/1840 1818/1818/1884
f 1820/1820/1886 1778/1778/1842 1777/1777/1841 1819/1819/1885
f 1821/1821/1887 1779/1779/1843 1778/1778/1842 1820/1820/1886
f 1822/1822/1888 1780/1780/1844 1779/1779/1843 1821/1821/1887
f 1823/1823/1889 1781/1781/1845 1780/1780/1844 1822/1822/1888
f 2871/2819/1846 2872/2820/1890 1824/1824/1891 1782/1782/1847
f 1825/1825/1892 1783/1783/1848 1782/1782/1847 1824/1824/1891
f 1826/1826/1893 1784/1784/1849 1783/1783/1848 1825/1825/1892
f 1827/1827/1894 1785/1785/1850 1784/1784/1849 1826/1826/1893
f 1828/1828/1895 1786/1786/1851 1785/1785/1850 1827/1827/1894
f 1787/1787/1852 1786/1786/1851 1828/1828/1895 1829/1829/1896
f 1830/1830/1897 1788/1788/1853 1787/1787/1852 1829/1829/1896
f 1831/1831/1898 1789/1789/1854 1788/1788/1853 1830/1830/1897
f 1832/1832/1899 1790/1790/1855 1789/1789/1854 1831/1831/1898
f 1833/1833/1900 1791/1791/1856 1790/1790/1855 1832/1832/1899
f 1834/1834/1901 1792/1792/1857 1791/1791/1856 1833/1833/1900
f 1835/1835/1902 1793/1793/1858 1792/1792/1857 1834/1834/1901
f 1836/1836/1903 1794/1794/1859 1793/1793/1858 1835/1835/1902
f 1837/1837/1904 1795/1795/1860 1794/1794/1859 1836/1836/1903
f 1838/1838/1905 1796/1796/1861 1795/1795/1860 1837/1837/1904
f 1839/1839/1906 1797/1797/1862 1796/1796/1861 1838/1838/1905
f 1840/1840/1907 1798/1798/1863 1797/1797/1862 1839/1839/1906
f 1841/1841/1908 1799/1799/1864 1798/1798/1863 1840/1840/1907
f 1842/1842/1909 1800/1800/1865 1799/1799/1864 1841/1841/1908
f 1843/1843/1910 1801/1801/1866 1800/1800/1865 1842/1842/1909
f 1844/1844/1911 1802/1802/1867 1801/1801/1866 1843/1843/1910
f 1845/1845/1912 1803/1803/1868 1802/1802/1867 1844/1844/1911
f 1846/1846/1913 1804/1804/1869 1803/1803/1868 1845/1845/1912
f 2922/3133/1914 2923/3134/1870 1804/1804/1869 1846/1846/1913
f 1848/1848/1915 1806/1806/1871 1805/1805/1872 1847/1847/1916
f 1849/1849/1917 1807/1807/1873 1806/1806/1871 1848/1848/1915
f 1850/1850/1918 1808/1808/1874 1807/1807/1873 1849/1849/1917
f 1851/1851/1919 1809/1809/1875 1808/1808/1874 1850/1850/1918
f 1852/1852/1920 1810/1810/1876 1809/1809/1875 1851/1851/1919
f 1853/1853/1921 1811/1811/1877 1810/1810/1876 1852/1852/1920
f 1854/1854/1922 1812/1812/1878 1811/1811/1877 1853/1853/1921
f 1855/1855/1923 1813/1813/1879 1812/1812/1878 1854/1854/1922
f 1856/1856/1924 1814/1814/1880 1813/1813/1879 1855/1855/1923
f 1857/1857/1925 1815/1815/1881 1814/1814/1880 1856/1856/1924
f 1858/1858/1926 1816/1816/1882 1815/1815/1881 1857/1857/1925
f 1859/1859/1927 1817/1817/1883 1816/1816/1882 1858/1858/1926
f 1860/1860/1928 1818/1818/1884 1817/1817/1883 1859/1859/1927
f 1861/1861/1929 1819/1819/1885 1818/1818/1884 1860/1860/1928
f 1862/1862/1930 1820/1820/1886 1819/1819/1885 1861/1861/1929
f 1863/1863/1931 1821/1821/1887 1820/1820/1886 1862/1862/1930
f 1864/1864/1932 1822/1822/1888 1821/1821/1887 1863/1863/1931
f 1865/1865/1933 1823/1823/1889 1822/1822/1888 1864/1864/1932
f 2872/2820/1890 2873/2821/1934 1866/1866/1935 1824/1824/1891
f 1867/1867/1936 1825/1825/1892 1824/1824/1891 1866/1866/1935
f 1868/1868/1937 1826/1826/1893 1825/1825/1892 1867/1867/1936
f 1869/1869/1938 1827/1827/1894 1826/1826/1893 1868/1868/1937
f 1870/1870/1939 1828/1828/1895 1827/1827/1894 1869/1869/1938
f 1871/1871/1940 1829/1829/1896 1828/1828/1895 1870/1870/1939
f 1872/1872/1941 1830/1830/1897 1829/1829/1896 1871/1871/1940
f 1873/1873/1942 1831/1831/1898 1830/1830/1897 1872/1872/1941
f 1874/1874/1943 1832/1832/1899 1831/1831/1898 1873/1873/1942
f 1875/1875/1944 1833/1833/1900 1832/1832/1899 1874/1874/1943
f 1876/1876/1945 1834/1834/1901 1833/1833/1900 1875/1875/1944
f 1877/1877/1946 1835/1835/1902 1834/1834/1901 1876/1876/1945
f 1878/1878/1947 1836/1836/1903 1835/1835/1902 1877/1877/1946
f 1879/1879/1948 1837/1837/1904 1836/1836/1903 1878/1878/1947
f 1880/1880/1949 1838/1838/1905 1837/1837/1904 1879/1879/1948
f 1881/1881/1950 1839/1839/1906 1838/1838/1905 1880/1880/1949
f 1882/1882/1951 1840/1840/1907 1839/1839/1906 1881/1881/1950
f 1883/1883/1952 1841/1841/1908 1840/1840/1907 1882/1882/1951
f 1884/1884/1953 1842/1842/1909 1841/1841/1908 1883/1883/1952
f 1885/1885/1954 1843/1843/1910 1842/1842/1909 1884/1884/1953
f 1886/1886/1955 1844/1844/1911 1843/1843/1910 1885/1885/1954
f 1887/1887/1956 1845/1845/1912 1844/1844/1911 1886/1886/1955
f 1888/1888/1957 1846/1846/1913 1845/1845/1912 1887/1887/1956
f 2921/3132/1958 2922/3133/1914 1846/1846/1913 1888/1888/1957
f 1890/1890/1959 1848/1848/1915 1847/1847/1916 1889/1889/1960
f 1891/1891/1961 1849/1849/1917 1848/1848/1915 1890/1890/1959
f 1892/1892/1962 1850/1850/1918 1849/1849/1917 1891/1891/1961
f 1893/1893/1963 1851/1851/1919 1850/1850/1918 1892/1892/1962
f 1894/1894/1964 1852/1852/1920 1851/1851/1919 1893/1893/1963
f 1895/1895/1965 1853/1853/1921 1852/1852/1920 1894/1894/1964
f 1896/1896/1966 1854/1854/1922 1853/1853/1921 1895/1895/1965
f 1897/1897/1967 1855/1855/1923 1854/1854/1922 1896/1896/1966
f 1898/1898/1968 1856/1856/1924 1855/1855/1923 1897/1897/1967
f 1899/1899/1969 1857/1857/1925 1856/1856/1924 1898/1898/1968
f 1900/1900/1970 1858/1858/1926 1857/1857/1925 1899/1899/1969
f 1901/1901/1971 1859/1859/1927 1858/1858/1926 1900/1900/1970
f 1902/1902/1972 1860/1860/1928 1859/1859/1927 1901/1901/1971
f 1903/1903/1973 1861/1861/1929 1860/1860/1928 1902/1902/1972
f 1904/1904/1974 1862/1862/1930 1861/1861/1929 1903/1903/1973
f 1905/1905/1975 1863/1863/1931 1862/1862/1930 1904/1904/1974
f 1906/1906/1976 1864/1864/1932 1863/1863/1931 1905/1905/1975
f 1907/1907/1977 1865/1865/1933 1864/1864/1932 1906/1906/1976
f 2873/2821/1934 2874/2822/1978 1908/1908/1979 1866/1866/1935
f 1909/1909/1980 1867/1867/1936 1866/1866/1935 1908/1908/1979
f 1910/1910/1981 1868/1868/1937 1867/1867/1936 1909/1909/1980
f 1911/1911/1982 1869/1869/1938 1868/1868/1937 1910/1910/1981
f 1870/1870/1939 1869/1869/1938 1911/1911/1982 1912/1912/1983
f 1913/1913/1984 1871/1871/1940 1870/1870/1939 1912/1912/1983
f 1914/1914/1985 1872/1872/1941 1871/1871/1940 1913/1913/1984
f 1915/1915/1986 1873/1873/1942 1872/1872/1941 1914/1914/1985
f 1916/1916/1987 1874/1874/1943 1873/1873/1942 1915/1915/1986
f 1917/1917/1988 1875/1875/1944 1874/1874/1943 1916/1916/1987
f 1918/1918/1989 1876/1876/1945 1875/1875/1944 1917/1917/1988
f 1919/1919/1990 1877/1877/1946 1876/1876/1945 1918/1918/1989
f 1920/1920/1991 1878/1878/1947 1877/1877/1946 1919/1919/1990
f 1921/1921/1992 1879/1879/1948 1878/1878/1947 1920/1920/1991
f 1922/1922/1993 1880/1880/1949 1879/1879/1948 1921/1921/1992
f 1923/1923/1994 1881/1881/1950 1880/1880/1949 1922/1922/1993
f 1924/1924/1995 1882/1882/1951 1881/1881/1950 1923/1923/1994
f 1925/1925/1996 1883/1883/1952 1882/1882/1951 1924/1924/1995
f 1926/1926/1997 1884/1884/1953 1883/1883/1952 1925/1925/1996
f 1927/1927/1998 1885/1885/1954 1884/1884/1953 1926/1926/1997
f 1928/1928/1999 1886/1886/1955 1885/1885/1954 1927/1927/1998
f 1929/1929/2000 1887/1887/1956 1886/1886/1955 1928/1928/1999
f 1930/1930/2001 1888/1888/1957 1887/1887/1956 1929/1929/2000
f 2920/3131/2002 2921/3132/1958 1888/1888/1957 1930/1930/2001
f 1932/1932/2003 1890/1890/1959 1889/1889/1960 1931/1931/2004
f 1933/1933/2005 1891/1891/1961 1890/1890/1959 1932/1932/2003
f 1934/1934/2006 1892/1892/1962 1891/1891/1961 1933/1933/2005
f 1935/1935/2007 1893/1893/1963 1892/1892/1962 1934/1934/2006
f 1936/1936/2008 1894/1894/1964 1893/1893/1963 1935/1935/2007
f 1937/1937/2009 1895/1895/1965 1894/1894/1964 1936/1936/2008
f 1938/1938/2010 1896/1896/1966 1895/1895/1965 1937/1937/2009
f 1939/1939/2011 1897/1897/1967 1896/1896/1966 1938/1938/2010
f 1940/1940/2012 1898/1898/1968 1897/1897/1967 1939/1939/2011
f 1941/1941/2013 1899/1899/1969 1898/1898/1968 1940/1940/2012
f 1942/1942/2014 1900/1900/1970 1899/1899/1969 1941/1941/2013
f 1943/1943/2015 1901/1901/1971 1900/1900/1970 1942/1942/2014
f 1944/1944/2016 1902/1902/1972 1901/1901/1971 1943/1943/2015
f 1945/1945/2017 1903/1903/1973 1902/1902/1972 1944/1944/2016
f 1946/1946/2018 1904/1904/1974 1903/1903/1973 1945/1945/2017
f 1947/1947/2019 1905/1905/1975 1904/1904/1974 1946/1946/2018
f 1948/1948/2020 1906/1906/1976 1905/1905/1975 1947/1947/2019
f 1949/1949/2021 1907/1907/1977 1906/1906/1976 1948/1948/2020
f 2874/2822/1978 2875/2823/2022 1950/1950/2023 1908/1908/1979
f 1951/1951/2024 1909/1909/1980 1908/1908/1979 1950/1950/2023
f 1952/1952/2025 1910/1910/1981 1909/1909/1980 1951/1951/2024
f 1953/1953/2026 1911/1911/1982 1910/1910/1981 1952/1952/2025
f 1912/1912/1983 1911/1911/1982 1953/1953/2026 1954/1954/2027
f 1955/1955/2028 1913/1913/1984 1912/1912/1983 1954/1954/2027
f 1956/1956/2029 1914/1914/1985 1913/1913/1984 1955/1955/2028
f 1957/1957/2030 1915/1915/1986 1914/1914/1985 1956/1956/2029
f 1958/1958/2031 1916/1916/1987 1915/1915/1986 1957/1957/2030
f 1959/1959/2032 1917/1917/1988 1916/1916/1987 1958/1958/2031
f 1960/1960/2033 1918/1918/1989 1917/1917/1988 1959/1959/2032
f 1961/1961/2034 1919/1919/1990 1918/1918/1989 1960/1960/2033
f 1962/1962/2035 1920/1920/1991 1919/1919/1990 1961/1961/2034
f 1963/1963/2036 1921/1921/1992 1920/1920/1991 1962/1962/2035
f 1964/1964/2037 1922/1922/1993 1921/1921/1992 1963/1963/2036
f 1965/1965/2038 1923/1923/1994 1922/1922/1993 1964/1964/2037
f 1966/1966/2039 1924/1924/1995 1923/1923/1994 1965/1965/2038
f 1967/1967/2040 1925/1925/1996 1924/1924/1995 1966/1966/2039
f 1968/1968/2041 1926/1926/1997 1925/1925/1996 1967/1967/2040
f 1969/1969/2042 1927/1927/1998 1926/1926/1997 1968/1968/2041
f 1970/1970/2043 1928/1928/1999 1927/1927/1998 1969/1969/2042
f 1971/1971/2044 1929/1929/2000 1928/1928/1999 1970/1970/2043
f 1972/1972/2045 1930/1930/2001 1929/1929/2000 1971/1971/2044
f 2919/3130/2046 2920/3131/2002 1930/1930/2001 1972/1972/2045
f 1974/1974/2047 1932/1932/2003 1931/1931/2004 1973/1973/2048
f 1975/1975/2049 1933/1933/2005 1932/1932/2003 1974/1974/2047
f 1976/1976/2050 1934/1934/2006 1933/1933/2005 1975/1975/2049
f 1977/1977/2051 1935/1935/2007 1934/1934/2006 1976/1976/2050
f 1978/1978/2052 1936/1936/2008 1935/1935/2007 1977/1977/2051
f 1979/1979/2053 1937/1937/2009 1936/1936/2008 1978/1978/2052
f 1980/1980/2054 1938/1938/2010 1937/1937/2009 1979/1979/2053
f 1981/1981/2055 1939/1939/2011 1938/1938/2010 1980/1980/2054
f 1982/1982/2056 1940/1940/2012 1939/1939/2011 1981/1981/2055
f 1983/1983/2057 1941/1941/2013 1940/1940/2012 1982/1982/2056
f 1984/1984/2058 1942/1942/2014 1941/1941/2013 1983/1983/2057
f 1985/1985/2059 1943/1943/2015 1942/1942/2014 1984/1984/2058
f 1986/1986/2060 1944/1944/2016 1943/1943/2015 1985/1985/2059
f 1987/1987/2061 1945/1945/2017 1944/1944/2016 1986/1986/2060
f 1988/1988/2062 1946/1946/2018 1945/1945/2017 1987/1987/2061
f 1989/1989/2063 1947/1947/2019 1946/1946/2018 1988/1988/2062
f 1990/1990/2064 1948/1948/2020 1947/1947/2019 1989/1989/2063
f 1991/1991/2065 1949/1949/2021 1948/1948/2020 1990/1990/2064
f 2875/2823/2022 2876/2824/2066 1992/1992/2067 1950/1950/2023
f 1993/1993/2068 1951/1951/2024 1950/1950/2023 1992/1992/2067
f 1994/1994/2069 1952/1952/2025 1951/1951/2024 1993/1993/2068
f 1995/1995/2070 1953/1953/2026 1952/1952/2025 1994/1994/2069
f 1954/1954/2027 1953/1953/2026 1995/1995/2070 1996/1996/2071
f 1997/1997/2072 1955/1955/2028 1954/1954/2027 1996/1996/2071
f 1998/1998/2073 1956/1956/2029 1955/1955/2028 1997/1997/2072
f 1999/1999/2074 1957/1957/2030 1956/1956/2029 1998/1998/2073
f 2000/2000/2075 1958/1958/2031 1957/1957/2030 1999/1999/2074
f 2001/2001/2076 1959/1959/2032 1958/1958/2031 2000/2000/2075
f 2002/2002/2077 1960/1960/2033 1959/1959/2032 2001/2001/2076
f 2003/2003/2078 1961/1961/2034 1960/1960/2033 2002/2002/2077
f 2004/2004/2079 1962/1962/2035 1961/1961/2034 2003/2003/2078
f 2005/2005/2080 1963/1963/2036 1962/1962/2035 2004/2004/2079
f 2006/2006/2081 1964/1964/2037 1963/1963/2036 2005/2005/2080
f 2007/2007/2082 1965/1965/2038 1964/1964/2037 2006/2006/2081
f 2008/2008/2083 1966/1966/2039 1965/1965/2038 2007/2007/2082
f 2009/2009/2084 1967/1967/2040 1966/1966/2039 2008/2008/2083
f 2010/2010/2085 1968/1968/2041 1967/1967/2040 2009/2009/2084
f 2011/2011/2086 1969/1969/2042 1968/1968/2041 2010/2010/2085
f 2012/2012/2087 1970/1970/2043 1969/1969/2042 2011/2011/2086
f 2013/2013/2088 1971/1971/2044 1970/1970/2043 2012/2012/2087
f 2014/2014/2089 1972/1972/2045 1971/1971/2044 2013/2013/2088
f 2918/3129/2090 2919/3130/2046 1972/1972/2045 2014/2014/2089
f 2016/2016/2091 1974/1974/2047 1973/1973/2048 2015/2015/2092
f 2017/2017/2093 1975/1975/2049 1974/1974/2047 2016/2016/2091
f 2018/2018/2094 1976/1976/2050 1975/1975/2049 2017/2017/2093
f 2019/2019/2095 1977/1977/2051 1976/1976/2050 2018/2018/2094
f 2020/2020/2096 1978/1978/2052 1977/1977/2051 2019/2019/2095
f 2021/2021/2097 1979/1979/2053 1978/1978/2052 2020/2020/2096
f 2022/2022/2098 1980/1980/2054 1979/1979/2053 2021/2021/2097
f 2023/2023/2099 1981/1981/2055 1980/1980/2054 2022/2022/2098
f 2024/2024/2100 1982/1982/2056 1981/1981/2055 2023/2023/2099
f 2025/2025/2101 1983/1983/2057 1982/1982/2056 2024/2024/2100
f 2026/2026/2102 1984/1984/2058 1983/1983/2057 2025/2025/2101
f 2027/2027/2103 1985/1985/2059 1984/1984/2058 2026/2026/2102
f 2028/2028/2104 1986/1986/2060 1985/1985/2059 2027/2027/2103
f 2029/2029/2105 1987/1987/2061 1986/1986/2060 2028/2028/2104
f 2030/2030/2106 1988/1988/2062 1987/1987/2061 2029/2029/2105
f 2031/2031/2107 1989/1989/2063 1988/1988/2062 2030/2030/2106
f 2032/2032/2108 1990/1990/2064 1989/1989/2063 2031/2031/2107
f 2033/2033/2109 1991/1991/2065 1990/1990/2064 2032/2032/2108
f 2876/2824/2066 2877/2825/2110 2034/2034/2111 1992/1992/2067
f 2035/2035/2112 1993/1993/2068 1992/1992/2067 2034/2034/2111
f 2036/2036/2113 1994/1994/2069 1993/1993/2068 2035/2035/2112
f 2037/2037/2114 1995/1995/2070 1994/1994/2069 2036/2036/2113
f 2038/2038/2115 1996/1996/2071 1995/1995/2070 2037/2037/2114
f 2039/2039/2116 1997/1997/2072 1996/1996/2071 2038/2038/2115
f 2040/2040/2117 1998/1998/2073 1997/1997/2072 2039/2039/2116
f 2041/2041/2118 1999/1999/2074 1998/1998/2073 2040/2040/2117
f 2042/2042/2119 2000/2000/2075 1999/1999/2074 2041/2041/2118
f 2043/2043/2120 2001/2001/2076 2000/2000/2075 2042/2042/2119
f 2044/2044/2121 2002/2002/2077 2001/2001/2076 2043/2043/2120
f 2045/2045/2122 2003/2003/2078 2002/2002/2077 2044/2044/2121
f 2046/2046/2123 2004/2004/2079 2003/2003/2078 2045/2045/2122
f 2047/2047/2124 2005/2005/2080 2004/2004/2079 2046/2046/2123
f 2048/2048/2125 2006/2006/2081 2005/2005/2080 2047/2047/2124
f 2049/2049/2126 2007/2007/2082 2006/2006/2081 2048/2048/2125
f 2050/2050/2127 2008/2008/2083 2007/2007/2082 2049/2049/2126
f 2051/2051/2128 2009/2009/2084 2008/2008/2083 2050/2050/2127
f 2052/2052/2129 2010/2010/2085 2009/2009/2084 2051/2051/2128
f 2053/2053/2130 2011/2011/2086 2010/2010/2085 2052/2052/2129
f 2054/2054/2131 2012/2012/2087 2011/2011/2086 2053/2053/2130
f 2055/2055/2132 2013/2013/2088 2012/2012/2087 2054/2054/2131
f 2056/2056/2133 2014/2014/2089 2013/2013/2088 2055/2055/2132
f 2917/3128/2134 2918/3129/2090 2014/2014/2089 2056/2056/2133
f 2058/2058/2135 2016/2016/2091 2015/2015/2092 2057/2057/2136
f 2059/2059/2137 2017/2017/2093 2016/2016/2091 2058/2058/2135
f 2060/2060/2138 2018/2018/2094 2017/2017/2093 2059/2059/2137
f 2061/2061/2139 2019/2019/2095 2018/2018/2094 2060/2060/2138
f 2062/2062/2140 2020/2020/2096 2019/2019/2095 2061/2061/2139
f 2063/2063/2141 2021/2021/2097 2020/2020/2096 2062/2062/2140
f 2064/2064/2142 2022/2022/2098 2021/2021/2097 2063/2063/2141
f 2065/2065/2143 2023/2023/2099 2022/2022/2098 2064/2064/2142
f 2066/2066/2144 2024/2024/2100 2023/2023/2099 2065/2065/2143
f 2067/2067/2145 2025/2025/2101 2024/2024/2100 2066/2066/2144
f 2068/2068/2146 2026/2026/2102 2025/2025/2101 2067/2067/2145
f 2069/2069/2147 2027/2027/2103 2026/2026/2102 2068/2068/2146
f 2070/2070/2148 2028/2028/2104 2027/2027/2103 2069/2069/2147
f 2071/2071/2149 2029/2029/2105 2028/2028/2104 2070/2070/2148
f 2072/2072/2150 2030/2030/2106 2029/2029/2105 2071/2071/2149
f 2073/2073/2151 2031/2031/2107 2030/2030/2106 2072/2072/2150
f 2074/2074/2152 2032/2032/2108 2031/2031/2107 2073/2073/2151
f 2075/2075/2153 2033/2033/2109 2032/2032/2108 2074/2074/2152
f 2877/2825/2110 2878/2826/2154 2076/2076/2155 2034/2034/2111
f 2077/2077/2156 2035/2035/2112 2034/2034/2111 2076/2076/2155
f 2078/2078/2157 2036/2036/2113 2035/2035/2112 2077/2077/2156
f 2037/2037/2114 2036/2036/2113 2078/2078/2157 2079/2079/2158
f 2080/2080/2159 2038/2038/2115 2037/2037/2114 2079/2079/2158
f 2081/2081/2160 2039/2039/2116 2038/2038/2115 2080/2080/2159
f 2082/2082/2161 2040/2040/2117 2039/2039/2116 2081/2081/2160
f 2083/2083/2162 2041/2041/2118 2040/2040/2117 2082/2082/2161
f 2084/2084/2163 2042/2042/2119 2041/2041/2118 2083/2083/2162
f 2085/2085/2164 2043/2043/2120 2042/2042/2119 2084/2084/2163
f 2086/2086/2165 2044/2044/2121 2043/2043/2120 2085/2085/2164
f 2087/2087/2166 2045/2045/2122 2044/2044/2121 2086/2086/2165
f 2088/2088/2167 2046/2046/2123 2045/2045/2122 2087/2087/2166
f 2089/2089/2168 2047/2047/2124 2046/2046/2123 2088/2088/2167
f 2090/2090/2169 2048/2048/2125 2047/2047/2124 2089/2089/2168
f 2091/2091/2170 2049/2049/2126 2048/2048/2125 2090/2090/2169
f 2092/2092/2171 2050/2050/2127 2049/2049/2126 2091/2091/2170
f 2093/2093/2172 2051/2051/2128 2050/2050/2127 2092/2092/2171
f 2094/2094/2173 2052/2052/2129 2051/2051/2128 2093/2093/2172
f 2095/2095/2174 2053/2053/2130 2052/2052/2129 2094/2094/2173
f 2096/2096/2175 2054/2054/2131 2053/2053/2130 2095/2095/2174
f 2097/2097/2176 2055/2055/2132 2054/2054/2131 2096/2096/2175
f 2098/2098/2177 2056/2056/2133 2055/2055/2132 2097/2097/2176
f 2916/3127/2178 2917/3128/2134 2056/2056/2133 2098/2098/2177
f 2100/2100/2179 2058/2058/2135 2057/2057/2136 2099/2099/2180
f 2101/2101/2181 2059/2059/2137 2058/2058/2135 2100/2100/2179
f 2102/2102/2182 2060/2060/2138 2059/2059/2137 2101/2101/2181
f 2103/2103/2183 2061/2061/2139 2060/2060/2138 2102/2102/2182
f 2104/2104/2184 2062/2062/2140 2061/2061/2139 2103/2103/2183
f 2105/2105/2185 2063/2063/2141 2062/2062/2140 2104/2104/2184
f 2106/2106/2186 2064/2064/2142 2063/2063/2141 2105/2105/2185
f 2107/2107/2187 2065/2065/2143 2064/2064/2142 2106/2106/2186
f 2108/2108/2188 2066/2066/2144 2065/2065/2143 2107/2107/2187
f 2109/2109/2189 2067/2067/2145 2066/2066/2144 2108/2108/2188
f 2110/2110/2190 2068/2068/2146 2067/2067/2145 2109/2109/2189
f 2111/2111/2191 2069/2069/2147 2068/2068/2146 2110/2110/2190
f 2112/2112/2192 2070/2070/2148 2069/2069/2147 2111/2111/2191
f 2113/2113/2193 2071/2071/2149 2070/2070/2148 2112/2112/2192
f 2114/2114/2194 2072/2072/2150 2071/2071/2149 2113/2113/2193
f 2115/2115/2195 2073/2073/2151 2072/2072/2150 2114/2114/2194
f 2116/2116/2196 2074/2074/2152 2073/2073/2151 2115/2115/2195
f 2117/2117/2197 2075/2075/2153 2074/2074/2152 2116/2116/2196
f 2878/2826/2154 2879/2827/2198 2118/2118/2199 2076/2076/2155
f 2119/2119/2200 2077/2077/2156 2076/2076/2155 2118/2118/2199
f 2120/2120/2201 2078/2078/2157 2077/2077/2156 2119/2119/2200
f 2079/2079/2158 2078/2078/2157 2120/2120/2201 2121/2121/2202
f 2122/2122/2203 2080/2080/2159 2079/2079/2158 2121/2121/2202
f 2123/2123/2204 2081/2081/2160 2080/2080/2159 2122/2122/2203
f 2124/2124/2205 2082/2082/2161 2081/2081/2160 2123/2123/2204
f 2125/2125/2206 2083/2083/2162 2082/2082/2161 2124/2124/2205
f 2126/2126/2207 2084/2084/2163 2083/2083/2162 2125/2125/2206
f 2127/2127/2208 2085/2085/2164 2084/2084/2163 2126/2126/2207
f 2128/2128/2209 2086/2086/2165 2085/2085/2164 2127/2127/2208
f 2129/2129/2210 2087/2087/2166 2086/2086/2165 2128/2128/2209
f 2130/2130/2211 2088/2088/2167 2087/2087/2166 2129/2129/2210
f 2131/2131/2212 2089/2089/2168 2088/2088/2167 2130/2130/2211
f 2132/2132/2213 2090/2090/2169 2089/2089/2168 2131/2131/2212
f 2133/2133/2214 2091/2091/2170 2090/2090/2169 2132/2132/2213
f 2134/2134/2215 2092/2092/2171 2091/2091/2170 2133/2133/2214
f 2135/2135/2216 2093/2093/2172 2092/2092/2171 2134/2134/2215
f 2136/2136/2217 2094/2094/2173 2093/2093/2172 2135/2135/2216
f 2137/2137/2218 2095/2095/2174 2094/2094/2173 2136/2136/2217
f 2138/2138/2219 2096/2096/2175 2095/2095/2174 2137/2137/2218
f 2139/2139/2220 2097/2097/2176 2096/2096/2175 2138/2138/2219
f 2140/2140/2221 2098/2098/2177 2097/2097/2176 2139/2139/2220
f 2915/3126/2222 2916/3127/2178 2098/2098/2177 2140/2140/2221
f 2142/2142/2223 2100/2100/2179 2099/2099/2180 2141/2141/2224
f 2143/2143/2225 2101/2101/2181 2100/2100/2179 2142/2142/2223
f 2144/2144/2226 2102/2102/2182 2101/2101/2181 2143/2143/2225
f 2145/2145/2227 2103/2103/2183 2102/2102/2182 2144/2144/2226
f 2146/2146/2228 2104/2104/2184 2103/2103/2183 2145/2145/2227
f 2147/2147/2229 2105/2105/2185 2104/2104/2184 2146/2146/2228
f 2148/2148/2230 2106/2106/2186 2105/2105/2185 2147/2147/2229
f 2149/2149/2231 2107/2107/2187 2106/2106/2186 2148/2148/2230
f 2150/2150/2232 2108/2108/2188 2107/2107/2187 2149/2149/2231
f 2151/2151/2233 2109/2109/2189 2108/2108/2188 2150/2150/2232
f 2152/2152/2234 2110/2110/2190 2109/2109/2189 2151/2151/2233
f 2153/2153/2235 2111/2111/2191 2110/2110/2190 2152/2152/2234
f 2154/2154/2236 2112/2112/2192 2111/2111/2191 2153/2153/2235
f 2155/2155/2237 2113/2113/2193 2112/2112/2192 2154/2154/2236
f 2156/2156/2238 2114/2114/2194 2113/2113/2193 2155/2155/2237
f 2157/2157/2239 2115/2115/2195 2114/2114/2194 2156/2156/2238
f 2158/2158/2240 2116/2116/2196 2115/2115/2195 2157/2157/2239
f 2159/2159/2241 2117/2117/2197 2116/2116/2196 2158/2158/2240
f 2879/2827/2198 2880/2828/2242 2160/2160/2243 2118/2118/2199
f 2162/2162/2244 2120/2120/2201 2119/2119/2200 2161/2161/2245
f 2163/2163/2246 2121/2121/2202 2120/2120/2201 2162/2162/2244
f 2164/2164/2247 2122/2122/2203 2121/2121/2202 2163/2163/2246
f 2165/2165/2248 2123/2123/2204 2122/2122/2203 2164/2164/2247
f 2166/2166/2249 2124/2124/2205 2123/2123/2204 2165/2165/2248
f 2167/2167/2250 2125/2125/2206 2124/2124/2205 2166/2166/2249
f 2168/2168/2251 2126/2126/2207 2125/2125/2206 2167/2167/2250
f 2169/2169/2252 2127/2127/2208 2126/2126/2207 2168/2168/2251
f 2170/2170/2253 2128/2128/2209 2127/2127/2208 2169/2169/2252
f 2171/2171/2254 2129/2129/2210 2128/2128/2209 2170/2170/2253
f 2172/2172/2255 2130/2130/2211 2129/2129/2210 2171/2171/2254
f 2173/2173/2256 2131/2131/2212 2130/2130/2211 2172/2172/2255
f 2174/2174/2257 2132/2132/2213 2131/2131/2212 2173/2173/2256
f 2175/2175/2258 2133/2133/2214 2132/2132/2213 2174/2174/2257
f 2176/2176/2259 2134/2134/2215 2133/2133/2214 2175/2175/2258
f 2177/2177/2260 2135/2135/2216 2134/2134/2215 2176/2176/2259
f 2178/2178/2261 2136/2136/2217 2135/2135/2216 2177/2177/2260
f 2179/2179/2262 2137/2137/2218 2136/2136/2217 2178/2178/2261
f 2180/2180/2263 2138/2138/2219 2137/2137/2218 2179/2179/2262
f 2181/2181/2264 2139/2139/2220 2138/2138/2219 2180/2180/2263
f 2182/2182/2265 2140/2140/2221 2139/2139/2220 2181/2181/2264
f 2914/3125/2266 2915/3126/2222 2140/2140/2221 2182/2182/2265
f 2184/2184/2267 2142/2142/2223 2141/2141/2224 2183/2183/2268
f 2185/2185/2269 2143/2143/2225 2142/2142/2223 2184/2184/2267
f 2186/2186/2270 2144/2144/2226 2143/2143/2225 2185/2185/2269
f 2187/2187/2271 2145/2145/2227 2144/2144/2226 2186/2186/2270
f 2188/2188/2272 2146/2146/2228 2145/2145/2227 2187/2187/2271
f 2189/2189/2273 2147/2147/2229 2146/2146/2228 2188/2188/2272
f 2190/2190/2274 2148/2148/2230 2147/2147/2229 2189/2189/2273
f 2191/2191/2275 2149/2149/2231 2148/2148/2230 2190/2190/2274
f 2192/2192/2276 2150/2150/2232 2149/2149/2231 2191/2191/2275
f 2193/2193/2277 2151/2151/2233 2150/2150/2232 2192/2192/2276
f 2194/2194/2278 2152/2152/2234 2151/2151/2233 2193/2193/2277
f 2195/2195/2279 2153/2153/2235 2152/2152/2234 2194/2194/2278
f 2196/2196/2280 2154/2154/2236 2153/2153/2235 2195/2195/2279
f 2197/2197/2281 2155/2155/2237 2154/2154/2236 2196/2196/2280
f 2198/2198/2282 2156/2156/2238 2155/2155/2237 2197/2197/2281
f 2199/2199/2283 2157/2157/2239 2156/2156/2238 2198/2198/2282
f 2200/2200/2284 2158/2158/2240 2157/2157/2239 2199/2199/2283
f 2201/2201/2285 2159/2159/2241 2158/2158/2240 2200/2200/2284
f 2880/2828/2242 2881/2829/2286 2202/2202/2287 2160/2160/2243
f 2203/2203/2288 2161/2161/2245 2160/2160/2243 2202/2202/2287
f 2162/2162/2244 2161/2161/2245 2203/2203/2288 2204/2204/2289
f 2205/2205/2290 2163/2163/2246 2162/2162/2244 2204/2204/2289
f 2206/2206/2291 2164/2164/2247 2163/2163/2246 2205/2205/2290
f 2207/2207/2292 2165/2165/2248 2164/2164/2247 2206/2206/2291
f 2208/2208/2293 2166/2166/2249 2165/2165/2248 2207/2207/2292
f 2209/2209/2294 2167/2167/2250 2166/2166/2249 2208/2208/2293
f 2210/2210/2295 2168/2168/2251 2167/2167/2250 2209/2209/2294
f 2211/2211/2296 2169/2169/2252 2168/2168/2251 2210/2210/2295
f 2212/2212/2297 2170/2170/2253 2169/2169/2252 2211/2211/2296
f 2213/2213/2298 2171/2171/2254 2170/2170/2253 2212/2212/2297
f 2214/2214/2299 2172/2172/2255 2171/2171/2254 2213/2213/2298
f 2215/2215/2300 2173/2173/2256 2172/2172/2255 2214/2214/2299
f 2216/2216/2301 2174/2174/2257 2173/2173/2256 2215/2215/2300
f 2217/2217/2302 2175/2175/2258 2174/2174/2257 2216/2216/2301
f 2218/2218/2303 2176/2176/2259 2175/2175/2258 2217/2217/2302
f 2219/2219/2304 2177/2177/2260 2176/2176/2259 2218/2218/2303
f 2220/2220/2305 2178/2178/2261 2177/2177/2260 2219/2219/2304
f 2221/2221/2306 2179/2179/2262 2178/2178/2261 2220/2220/2305
f 2222/2222/2307 2180/2180/2263 2179/2179/2262 2221/2221/2306
f 2223/2223/2308 2181/2181/2264 2180/2180/2263 2222/2222/2307
f 2224/2224/2309 2182/2182/2265 2181/2181/2264 2223/2223/2308
f 2913/3124/2310 2914/3125/2266 2182/2182/2265 2224/2224/2309
f 2226/2226/2311 2184/2184/2267 2183/2183/2268 2225/2225/2312
f 2227/2227/2313 2185/2185/2269 2184/2184/2267 2226/2226/2311
f 2228/2228/2314 2186/2186/2270 2185/2185/2269 2227/2227/2313
f 2229/2229/2315 2187/2187/2271 2186/2186/2270 2228/2228/2314
f 2230/2230/2316 2188/2188/2272 2187/2187/2271 2229/2229/2315
f 2231/2231/2317 2189/2189/2273 2188/2188/2272 2230/2230/2316
f 2232/2232/2318 2190/2190/2274 2189/2189/2273 2231/2231/2317
f 2233/2233/2319 2191/2191/2275 2190/2190/2274 2232/2232/2318
f 2234/2234/2320 2192/2192/2276 2191/2191/2275 2233/2233/2319
f 2235/2235/2321 2193/2193/2277 2192/2192/2276 2234/2234/2320
f 2236/2236/2322 2194/2194/2278 2193/2193/2277 2235/2235/2321
f 2237/2237/2323 2195/2195/2279 2194/2194/2278 2236/2236/2322
f 2238/2238/2324 2196/2196/2280 2195/2195/2279 2237/2237/2323
f 2239/2239/2325 2197/2197/2281 2196/2196/2280 2238/2238/2324
f 2240/2240/2326 2198/2198/2282 2197/2197/2281 2239/2239/2325
f 2241/2241/2327 2199/2199/2283 2198/2198/2282 2240/2240/2326
f 2242/2242/2328 2200/2200/2284 2199/2199/2283 2241/2241/2327
f 2243/2243/2329 2201/2201/2285 2200/2200/2284 2242/2242/2328
f 2881/2829/2286 2882/2830/2330 2244/2244/2331 2202/2202/2287
f 2245/2245/2332 2203/2203/2288 2202/2202/2287 2244/2244/2331
f 2204/2204/2289 2203/2203/2288 2245/2245/2332 2246/2246/2333
f 2247/2247/2334 2205/2205/2290 2204/2204/2289 2246/2246/2333
f 2248/2248/2335 2206/2206/2291 2205/2205/2290 2247/2247/2334
f 2249/2249/2336 2207/2207/2292 2206/2206/2291 2248/2248/2335
f 2250/2250/2337 2208/2208/2293 2207/2207/2292 2249/2249/2336
f 2251/2251/2338 2209/2209/2294 2208/2208/2293 2250/2250/2337
f 2252/2252/2339 2210/2210/2295 2209/2209/2294 2251/2251/2338
f 2253/2253/2340 2211/2211/2296 2210/2210/2295 2252/2252/2339
f 2254/2254/2341 2212/2212/2297 2211/2211/2296 2253/2253/2340
f 2255/2255/2342 2213/2213/2298 2212/2212/2297 2254/2254/2341
f 2256/2256/2343 2214/2214/2299 2213/2213/2298 2255/2255/2342
f 2257/2257/2344 2215/2215/2300 2214/2214/2299 2256/2256/2343
f 2258/2258/2345 2216/2216/2301 2215/2215/2300 2257/2257/2344
f 2259/2259/2346 2217/2217/2302 2216/2216/2301 2258/2258/2345
f 2260/2260/2347 2218/2218/2303 2217/2217/2302 2259/2259/2346
f 2261/2261/2348 2219/2219/2304 2218/2218/2303 2260/2260/2347
f 2262/2262/2349 2220/2220/2305 2219/2219/2304 2261/2261/2348
f 2263/2263/2350 2221/2221/2306 2220/2220/2305 2262/2262/2349
f 2264/2264/2351 2222/2222/2307 2221/2221/2306 2263/2263/2350
f 2265/2265/2352 2223/2223/2308 2222/2222/2307 2264/2264/2351
f 2266/2266/2353 2224/2224/2309 2223/2223/2308 2265/2265/2352
f 2912/3123/2354 2913/3124/2310 2224/2224/2309 2266/2266/2353
f 2268/2268/2355 2226/2226/2311 2225/2225/2312 2267/2267/2356
f 2269/2269/2357 2227/2227/2313 2226/2226/2311 2268/2268/2355
f 2270/2270/2358 2228/2228/2314 2227/2227/2313 2269/2269/2357
f 2271/2271/2359 2229/2229/2315 2228/2228/2314 2270/2270/2358
f 2272/2272/2360 2230/2230/2316 2229/2229/2315 2271/2271/2359
f 2273/2273/2361 2231/2231/2317 2230/2230/2316 2272/2272/2360
f 2274/2274/2362 2232/2232/2318 2231/2231/2317 2273/2273/2361
f 2275/2275/2363 2233/2233/2319 2232/2232/2318 2274/2274/2362
f 2276/2276/2364 2234/2234/2320 2233/2233/2319 2275/2275/2363
f 2277/2277/2365 2235/2235/2321 2234/2234/2320 2276/2276/2364
f 2278/2278/2366 2236/2236/2322 2235/2235/2321 2277/2277/2365
f 2279/2279/2367 2237/2237/2323 2236/2236/2322 2278/2278/2366
f 2280/2280/2368 2238/2238/2324 2237/2237/2323 2279/2279/2367
f 2281/2281/2369 2239/2239/2325 2238/2238/2324 2280/2280/2368
f 2282/2282/2370 2240/2240/2326 2239/2239/2325 2281/2281/2369
f 2283/2283/2371 2241/2241/2327 2240/2240/2326 2282/2282/2370
f 2284/2284/2372 2242/2242/2328 2241/2241/2327 2283/2283/2371
f 2285/2285/2373 2243/2243/2329 2242/2242/2328 2284/2284/2372
f 2882/2830/2330 2883/2832/2374 2286/2286/2375 2244/2244/2331
f 2287/2287/2376 2245/2245/2332 2244/2244/2331 2286/2286/2375
f 2288/2288/2377 2246/2246/2333 2245/2245/2332 2287/2287/2376
f 2289/2289/2378 2247/2247/2334 2246/2246/2333 2288/2288/2377
f 2290/2290/2379 2248/2248/2335 2247/2247/2334 2289/2289/2378
f 2291/2291/2380 2249/2249/2336 2248/2248/2335 2290/2290/2379
f 2292/2292/2381 2250/2250/2337 2249/2249/2336 2291/2291/2380
f 2293/2293/2382 2251/2251/2338 2250/2250/2337 2292/2292/2381
f 2294/2294/2383 2252/2252/2339 2251/2251/2338 2293/2293/2382
f 2295/2295/2384 2253/2253/2340 2252/2252/2339 2294/2294/2383
f 2296/2296/2385 2254/2254/2341 2253/2253/2340 2295/2295/2384
f 2297/2297/2386 2255/2255/2342 2254/2254/2341 2296/2296/2385
f 2298/2298/2387 2256/2256/2343 2255/2255/2342 2297/2297/2386
f 2299/2299/2388 2257/2257/2344 2256/2256/2343 2298/2298/2387
f 2300/2300/2389 2258/2258/2345 2257/2257/2344 2299/2299/2388
f 2301/2301/2390 2259/2259/2346 2258/2258/2345 2300/2300/2389
f 2302/2302/2391 2260/2260/2347 2259/2259/2346 2301/2301/2390
f 2303/2303/2392 2261/2261/2348 2260/2260/2347 2302/2302/2391
f 2304/2304/2393 2262/2262/2349 2261/2261/2348 2303/2303/2392
f 2305/2305/2394 2263/2263/2350 2262/2262/2349 2304/2304/2393
f 2306/2306/2395 2264/2264/2351 2263/2263/2350 2305/2305/2394
f 2307/2307/2396 2265/2265/2352 2264/2264/2351 2306/2306/2395
f 2308/2308/2397 2266/2266/2353 2265/2265/2352 2307/2307/2396
f 2911/3122/2398 2912/3123/2354 2266/2266/2353 2308/2308/2397
f 2310/2310/2399 2268/2268/2355 2267/2267/2356 2309/2309/2400
f 2311/2311/2401 2269/2269/2357 2268/2268/2355 2310/2310/2399
f 2312/2312/2402 2270/2270/2358 2269/2269/2357 2311/2311/2401
f 2313/2313/2403 2271/2271/2359 2270/2270/2358 2312/2312/2402
f 2314/2314/2404 2272/2272/2360 2271/2271/2359 2313/2313/2403
f 2315/2315/2405 2273/2273/2361 2272/2272/2360 2314/2314/2404
f 2316/2316/2406 2274/2274/2362 2273/2273/2361 2315/2315/2405
f 2317/2317/2407 2275/2275/2363 2274/2274/2362 2316/2316/2406
f 2318/2318/2408 2276/2276/2364 2275/2275/2363 2317/2317/2407
f 2319/2319/2409 2277/2277/2365 2276/2276/2364 2318/2318/2408
f 2320/2320/2410 2278/2278/2366 2277/2277/2365 2319/2319/2409
f 2321/2321/2411 2279/2279/2367 2278/2278/2366 2320/2320/2410
f 2322/2322/2412 2280/2280/2368 2279/2279/2367 2321/2321/2411
f 2323/2323/2413 2281/2281/2369 2280/2280/2368 2322/2322/2412
f 2324/2324/2414 2282/2282/2370 2281/2281/2369 2323/2323/2413
f 2325/2325/2415 2283/2283/2371 2282/2282/2370 2324/2324/2414
f 2326/2326/2416 2284/2284/2372 2283/2283/2371 2325/2325/2415
f 2327/2327/2417 2285/2285/2373 2284/2284/2372 2326/2326/2416
f 2329/2328/2418 2287/2287/2376 2286/2286/2375 2328/2329/2419
f 2330/2330/2420 2288/2288/2377 2287/2287/2376 2329/2328/2418
f 2331/2331/2421 2289/2289/2378 2288/2288/2377 2330/2330/2420
f 2332/2332/2422 2290/2290/2379 2289/2289/2378 2331/2331/2421
f 2333/2333/2423 2291/2291/2380 2290/2290/2379 2332/2332/2422
f 2334/2334/2424 2292/2292/2381 2291/2291/2380 2333/2333/2423
f 2335/2335/2425 2293/2293/2382 2292/2292/2381 2334/2334/2424
f 2336/2336/2426 2294/2294/2383 2293/2293/2382 2335/2335/2425
f 2337/2337/2427 2295/2295/2384 2294/2294/2383 2336/2336/2426
f 2338/2338/2428 2296/2296/2385 2295/2295/2384 2337/2337/2427
f 2339/2339/2429 2297/2297/2386 2296/2296/2385 2338/2338/2428
f 2340/2340/2430 2298/2298/2387 2297/2297/2386 2339/2339/2429
f 2341/2341/2431 2299/2299/2388 2298/2298/2387 2340/2340/2430
f 2342/2342/2432 2300/2300/2389 2299/2299/2388 2341/2341/2431
f 2343/2343/2433 2301/2301/2390 2300/2300/2389 2342/2342/2432
f 2344/2344/2434 2302/2302/2391 2301/2301/2390 2343/2343/2433
f 2345/2345/2435 2303/2303/2392 2302/2302/2391 2344/2344/2434
f 2346/2346/2436 2304/2304/2393 2303/2303/2392 2345/2345/2435
f 2347/2347/2437 2305/2305/2394 2304/2304/2393 2346/2346/2436
f 2348/2348/2438 2306/2306/2395 2305/2305/2394 2347/2347/2437
f 2349/2349/2439 2307/2307/2396 2306/2306/2395 2348/2348/2438
f 2350/2350/2440 2308/2308/2397 2307/2307/2396 2349/2349/2439
f 2910/3121/2441 2911/3122/2398 2308/2308/2397 2350/2350/2440
f 2352/2352/2442 2310/2310/2399 2309/2309/2400 2351/2351/2443
f 2353/2353/2444 2311/2311/2401 2310/2310/2399 2352/2352/2442
f 2354/2354/2445 2312/2312/2402 2311/2311/2401 2353/2353/2444
f 2355/2355/2446 2313/2313/2403 2312/2312/2402 2354/2354/2445
f 2356/2356/2447 2314/2314/2404 2313/2313/2403 2355/2355/2446
f 2357/2357/2448 2315/2315/2405 2314/2314/2404 2356/2356/2447
f 2358/2358/2449 2316/2316/2406 2315/2315/2405 2357/2357/2448
f 2359/2359/2450 2317/2317/2407 2316/2316/2406 2358/2358/2449
f 2360/2360/2451 2318/2318/2408 2317/2317/2407 2359/2359/2450
f 2361/2361/2452 2319/2319/2409 2318/2318/2408 2360/2360/2451
f 2362/2362/2453 2320/2320/2410 2319/2319/2409 2361/2361/2452
f 2363/2363/2454 2321/2321/2411 2320/2320/2410 2362/2362/2453
f 2364/2364/2455 2322/2322/2412 2321/2321/2411 2363/2363/2454
f 2365/2365/2456 2323/2323/2413 2322/2322/2412 2364/2364/2455
f 2366/2366/2457 2324/2324/2414 2323/2323/2413 2365/2365/2456
f 2367/2367/2458 2325/2325/2415 2324/2324/2414 2366/2366/2457
f 2368/2368/2459 2326/2326/2416 2325/2325/2415 2367/2367/2458
f 2368/2368/2459 2369/2369/2460 2327/2327/2417 2326/2326/2416
f 2801/2882/2461 2327/2327/2417 2369/2369/2460 2800/2883/2462
f 2371/2370/2463 2329/2328/2418 2328/2329/2419 2370/2371/2464
f 2372/2372/2465 2330/2330/2420 2329/2328/2418 2371/2370/2463
f 2373/2373/2466 2331/2331/2421 2330/2330/2420 2372/2372/2465
f 2374/2374/2467 2332/2332/2422 2331/2331/2421 2373/2373/2466
f 2375/2375/2468 2333/2333/2423 2332/2332/2422 2374/2374/2467
f 2376/2376/2469 2334/2334/2424 2333/2333/2423 2375/2375/2468
f 2377/2377/2470 2335/2335/2425 2334/2334/2424 2376/2376/2469
f 2378/2378/2471 2336/2336/2426 2335/2335/2425 2377/2377/2470
f 2379/2379/2472 2337/2337/2427 2336/2336/2426 2378/2378/2471
f 2380/2380/2473 2338/2338/2428 2337/2337/2427 2379/2379/2472
f 2381/2381/2474 2339/2339/2429 2338/2338/2428 2380/2380/2473
f 2382/2382/2475 2340/2340/2430 2339/2339/2429 2381/2381/2474
f 2383/2383/2476 2341/2341/2431 2340/2340/2430 2382/2382/2475
f 2384/2384/2477 2342/2342/2432 2341/2341/2431 2383/2383/2476
f 2385/2385/2478 2343/2343/2433 2342/2342/2432 2384/2384/2477
f 2386/2386/2479 2344/2344/2434 2343/2343/2433 2385/2385/2478
f 2387/2387/2480 2345/2345/2435 2344/2344/2434 2386/2386/2479
f 2388/2388/2481 2346/2346/2436 2345/2345/2435 2387/2387/2480
f 2389/2389/2482 2347/2347/2437 2346/2346/2436 2388/2388/2481
f 2390/2390/2483 2348/2348/2438 2347/2347/2437 2389/2389/2482
f 2391/2391/2484 2349/2349/2439 2348/2348/2438 2390/2390/2483
f 2392/2392/2485 2350/2350/2440 2349/2349/2439 2391/2391/2484
f 2909/3120/2486 2910/3121/2441 2350/2350/2440 2392/2392/2485
f 2394/2394/2487 2352/2352/2442 2351/2351/2443 2393/2393/2488
f 2395/2395/2489 2353/2353/2444 2352/2352/2442 2394/2394/2487
f 2396/2396/2490 2354/2354/2445 2353/2353/2444 2395/2395/2489
f 2397/2397/2491 2355/2355/2446 2354/2354/2445 2396/2396/2490
f 2398/2398/2492 2356/2356/2447 2355/2355/2446 2397/2397/2491
f 2399/2399/2493 2357/2357/2448 2356/2356/2447 2398/2398/2492
f 2400/2400/2494 2358/2358/2449 2357/2357/2448 2399/2399/2493
f 2401/2401/2495 2359/2359/2450 2358/2358/2449 2400/2400/2494
f 2402/2402/2496 2360/2360/2451 2359/2359/2450 2401/2401/2495
f 2403/2403/2497 2361/2361/2452 2360/2360/2451 2402/2402/2496
f 2404/2404/2498 2362/2362/2453 2361/2361/2452 2403/2403/2497
f 2405/2405/2499 2363/2363/2454 2362/2362/2453 2404/2404/2498
f 2406/2406/2500 2364/2364/2455 2363/2363/2454 2405/2405/2499
f 2407/2407/2501 2365/2365/2456 2364/2364/2455 2406/2406/2500
f 2408/2408/2502 2366/2366/2457 2365/2365/2456 2407/2407/2501
f 2409/2409/2503 2367/2367/2458 2366/2366/2457 2408/2408/2502
f 2410/2410/2504 2368/2368/2459 2367/2367/2458 2409/2409/2503
f 2410/2410/2504 2411/2411/2505 2369/2369/2460 2368/2368/2459
f 2800/2883/2462 2369/2369/2460 2411/2411/2505 2799/2884/2506
f 2413/2412/2507 2371/2370/2463 2370/2371/2464 2412/2413/2508
f 2414/2414/2509 2372/2372/2465 2371/2370/2463 2413/2412/2507
f 2415/2415/2510 2373/2373/2466 2372/2372/2465 2414/2414/2509
f 2416/2416/2511 2374/2374/2467 2373/2373/2466 2415/2415/2510
f 2417/2417/2512 2375/2375/2468 2374/2374/2467 2416/2416/2511
f 2418/2418/2513 2376/2376/2469 2375/2375/2468 2417/2417/2512
f 2419/2419/2514 2377/2377/2470 2376/2376/2469 2418/2418/2513
f 2420/2420/2515 2378/2378/2471 2377/2377/2470 2419/2419/2514
f 2421/2421/2516 2379/2379/2472 2378/2378/2471 2420/2420/2515
f 2422/2422/2517 2380/2380/2473 2379/2379/2472 2421/2421/2516
f 2423/2423/2518 2381/2381/2474 2380/2380/2473 2422/2422/2517
f 2424/2424/2519 2382/2382/2475 2381/2381/2474 2423/2423/2518
f 2425/2425/2520 2383/2383/2476 2382/2382/2475 2424/2424/2519
f 2426/2426/2521 2384/2384/2477 2383/2383/2476 2425/2425/2520
f 2427/2427/2522 2385/2385/2478 2384/2384/2477 2426/2426/2521
f 2428/2428/2523 2386/2386/2479 2385/2385/2478 2427/2427/2522
f 2429/2429/2524 2387/2387/2480 2386/2386/2479 2428/2428/2523
f 2430/2430/2525 2388/2388/2481 2387/2387/2480 2429/2429/2524
f 2431/2431/2526 2389/2389/2482 2388/2388/2481 2430/2430/2525
f 2432/2432/2527 2390/2390/2483 2389/2389/2482 2431/2431/2526
f 2433/2433/2528 2391/2391/2484 2390/2390/2483 2432/2432/2527
f 2434/2434/2529 2392/2392/2485 2391/2391/2484 2433/2433/2528
f 2908/3119/2530 2909/3120/2486 2392/2392/2485 2434/2434/2529
f 2436/2436/2531 2394/2394/2487 2393/2393/2488 2435/2435/2532
f 2437/2437/2533 2395/2395/2489 2394/2394/2487 2436/2436/2531
f 2438/2438/2534 2396/2396/2490 2395/2395/2489 2437/2437/2533
f 2439/2439/2535 2397/2397/2491 2396/2396/2490 2438/2438/2534
f 2440/2440/2536 2398/2398/2492 2397/2397/2491 2439/2439/2535
f 2441/2441/2537 2399/2399/2493 2398/2398/2492 2440/2440/2536
f 2442/2442/2538 2400/2400/2494 2399/2399/2493 2441/2441/2537
f 2443/2443/2539 2401/2401/2495 2400/2400/2494 2442/2442/2538
f 2444/2444/2540 2402/2402/2496 2401/2401/2495 2443/2443/2539
f 2445/2445/2541 2403/2403/2497 2402/2402/2496 2444/2444/2540
f 2446/2446/2542 2404/2404/2498 2403/2403/2497 2445/2445/2541
f 2447/2447/2543 2405/2405/2499 2404/2404/2498 2446/2446/2542
f 2448/2448/2544 2406/2406/2500 2405/2405/2499 2447/2447/2543
f 2449/2449/2545 2407/2407/2501 2406/2406/2500 2448/2448/2544
f 2450/2450/2546 2408/2408/2502 2407/2407/2501 2449/2449/2545
f 2451/2451/2547 2409/2409/2503 2408/2408/2502 2450/2450/2546
f 2452/2452/2548 2410/2410/2504 2409/2409/2503 2451/2451/2547
f 2452/2452/2548 2453/2453/2549 2411/2411/2505 2410/2410/2504
f 2411/2411/2505 2453/2453/2549 2798/2885/2550 2799/2884/2506
f 2455/2454/2551 2413/2412/2507 2412/2413/2508 2454/2455/2552
f 2456/2456/2553 2414/2414/2509 2413/2412/2507 2455/2454/2551
f 2457/2457/2554 2415/2415/2510 2414/2414/2509 2456/2456/2553
f 2458/2458/2555 2416/2416/2511 2415/2415/2510 2457/2457/2554
f 2459/2459/2556 2417/2417/2512 2416/2416/2511 2458/2458/2555
f 2460/2460/2557 2418/2418/2513 2417/2417/2512 2459/2459/2556
f 2461/2461/2558 2419/2419/2514 2418/2418/2513 2460/2460/2557
f 2462/2462/2559 2420/2420/2515 2419/2419/2514 2461/2461/2558
f 2463/2463/2560 2421/2421/2516 2420/2420/2515 2462/2462/2559
f 2464/2464/2561 2422/2422/2517 2421/2421/2516 2463/2463/2560
f 2465/2465/2562 2423/2423/2518 2422/2422/2517 2464/2464/2561
f 2466/2466/2563 2424/2424/2519 2423/2423/2518 2465/2465/2562
f 2467/2467/2564 2425/2425/2520 2424/2424/2519 2466/2466/2563
f 2468/2468/2565 2426/2426/2521 2425/2425/2520 2467/2467/2564
f 2469/2469/2566 2427/2427/2522 2426/2426/2521 2468/2468/2565
f 2470/2470/2567 2428/2428/2523 2427/2427/2522 2469/2469/2566
f 2471/2471/2568 2429/2429/2524 2428/2428/2523 2470/2470/2567
f 2472/2472/2569 2430/2430/2525 2429/2429/2524 2471/2471/2568
f 2473/2473/2570 2431/2431/2526 2430/2430/2525 2472/2472/2569
f 2474/2474/2571 2432/2432/2527 2431/2431/2526 2473/2473/2570
f 2475/2475/2572 2433/2433/2528 2432/2432/2527 2474/2474/2571
f 2476/2476/2573 2434/2434/2529 2433/2433/2528 2475/2475/2572
f 2907/3118/2574 2908/3119/2530 2434/2434/2529 2476/2476/2573
f 2478/2478/2575 2436/2436/2531 2435/2435/2532 2477/2477/2576
f 2479/2479/2577 2437/2437/2533 2436/2436/2531 2478/2478/2575
f 2480/2480/2578 2438/2438/2534 2437/2437/2533 2479/2479/2577
f 2481/2481/2579 2439/2439/2535 2438/2438/2534 2480/2480/2578
f 2482/2482/2580 2440/2440/2536 2439/2439/2535 2481/2481/2579
f 2483/2483/2581 2441/2441/2537 2440/2440/2536 2482/2482/2580
f 2484/2484/2582 2442/2442/2538 2441/2441/2537 2483/2483/2581
f 2485/2485/2583 2443/2443/2539 2442/2442/2538 2484/2484/2582
f 2486/2486/2584 2444/2444/2540 2443/2443/2539 2485/2485/2583
f 2487/2487/2585 2445/2445/2541 2444/2444/2540 2486/2486/2584
f 2488/2488/2586 2446/2446/2542 2445/2445/2541 2487/2487/2585
f 2489/2489/2587 2447/2447/2543 2446/2446/2542 2488/2488/2586
f 2490/2490/2588 2448/2448/2544 2447/2447/2543 2489/2489/2587
f 2491/2491/2589 2449/2449/2545 2448/2448/2544 2490/2490/2588
f 2492/2492/2590 2450/2450/2546 2449/2449/2545 2491/2491/2589
f 2493/2493/2591 2451/2451/2547 2450/2450/2546 2492/2492/2590
f 2494/2494/2592 2452/2452/2548 2451/2451/2547 2493/2493/2591
f 2494/2494/2592 2495/2495/2593 2453/2453/2549 2452/2452/2548
f 2453/2453/2549 2495/2495/2593 2797/2886/2594 2798/2885/2550
f 2497/2496/2595 2455/2454/2551 2454/2455/2552 2496/2497/2596
f 2498/2498/2597 2456/2456/2553 2455/2454/2551 2497/2496/2595
f 2499/2499/2598 2457/2457/2554 2456/2456/2553 2498/2498/2597
f 2500/2500/2599 2458/2458/2555 2457/2457/2554 2499/2499/2598
f 2501/2501/2600 2459/2459/2556 2458/2458/2555 2500/2500/2599
f 2502/2502/2601 2460/2460/2557 2459/2459/2556 2501/2501/2600
f 2503/2503/2602 2461/2461/2558 2460/2460/2557 2502/2502/2601
f 2504/2504/2603 2462/2462/2559 2461/2461/2558 2503/2503/2602
f 2505/2505/2604 2463/2463/2560 2462/2462/2559 2504/2504/2603
f 2506/2506/2605 2464/2464/2561 2463/2463/2560 2505/2505/2604
f 2507/2507/2606 2465/2465/2562 2464/2464/2561 2506/2506/2605
f 2508/2508/2607 2466/2466/2563 2465/2465/2562 2507/2507/2606
f 2509/2509/2608 2467/2467/2564 2466/2466/2563 2508/2508/2607
f 2510/2510/2609 2468/2468/2565 2467/2467/2564 2509/2509/2608
f 2511/2511/2610 2469/2469/2566 2468/2468/2565 2510/2510/2609
f 2512/2512/2611 2470/2470/2567 2469/2469/2566 2511/2511/2610
f 2513/2513/2612 2471/2471/2568 2470/2470/2567 2512/2512/2611
f 2514/2514/2613 2472/2472/2569 2471/2471/2568 2513/2513/2612
f 2515/2515/2614 2473/2473/2570 2472/2472/2569 2514/2514/2613
f 2516/2516/2615 2474/2474/2571 2473/2473/2570 2515/2515/2614
f 2517/2517/2616 2475/2475/2572 2474/2474/2571 2516/2516/2615
f 2518/2518/2617 2476/2476/2573 2475/2475/2572 2517/2517/2616
f 2906/3117/2618 2907/3118/2574 2476/2476/2573 2518/2518/2617
f 2520/2520/2619 2478/2478/2575 2477/2477/2576 2519/2519/2620
f 2521/2521/2621 2479/2479/2577 2478/2478/2575 2520/2520/2619
f 2522/2522/2622 2480/2480/2578 2479/2479/2577 2521/2521/2621
f 2523/2523/2623 2481/2481/2579 2480/2480/2578 2522/2522/2622
f 2524/2524/2624 2482/2482/2580 2481/2481/2579 2523/2523/2623
f 2525/2525/2625 2483/2483/2581 2482/2482/2580 2524/2524/2624
f 2526/2526/2626 2484/2484/2582 2483/2483/2581 2525/2525/2625
f 2527/2527/2627 2485/2485/2583 2484/2484/2582 2526/2526/2626
f 2528/2528/2628 2486/2486/2584 2485/2485/2583 2527/2527/2627
f 2529/2529/2629 2487/2487/2585 2486/2486/2584 2528/2528/2628
f 2530/2530/2630 2488/2488/2586 2487/2487/2585 2529/2529/2629
f 2531/2531/2631 2489/2489/2587 2488/2488/2586 2530/2530/2630
f 2532/2532/2632 2490/2490/2588 2489/2489/2587 2531/2531/2631
f 2533/2533/2633 2491/2491/2589 2490/2490/2588 2532/2532/2632
f 2534/2534/2634 2492/2492/2590 2491/2491/2589 2533/2533/2633
f 2535/2535/2635 2493/2493/2591 2492/2492/2590 2534/2534/2634
f 2536/2536/2636 2494/2494/2592 2493/2493/2591 2535/2535/2635
f 2536/2536/2636 2537/2537/2637 2495/2495/2593 2494/2494/2592
f 2797/2886/2594 2495/2495/2593 2537/2537/2637 2796/2887/2638
f 2539/2538/2639 2497/2496/2595 2496/2497/2596 2538/2539/2640
f 2540/2540/2641 2498/2498/2597 2497/2496/2595 2539/2538/2639
f 2541/2541/2642 2499/2499/2598 2498/2498/2597 2540/2540/2641
f 2542/2542/2643 2500/2500/2599 2499/2499/2598 2541/2541/2642
f 2543/2543/2644 2501/2501/2600 2500/2500/2599 2542/2542/2643
f 2544/2544/2645 2502/2502/2601 2501/2501/2600 2543/2543/2644
f 2545/2545/2646 2503/2503/2602 2502/2502/2601 2544/2544/2645
f 2546/2546/2647 2504/2504/2603 2503/2503/2602 2545/2545/2646
f 2547/2547/2648 2505/2505/2604 2504/2504/2603 2546/2546/2647
f 2548/2548/2649 2506/2506/2605 2505/2505/2604 2547/2547/2648
f 2549/2549/2650 2507/2507/2606 2506/2506/2605 2548/2548/2649
f 2550/2550/2651 2508/2508/2607 2507/2507/2606 2549/2549/2650
f 2551/2551/2652 2509/2509/2608 2508/2508/2607 2550/2550/2651
f 2552/2552/2653 2510/2510/2609 2509/2509/2608 2551/2551/2652
f 2553/2553/2654 2511/2511/2610 2510/2510/2609 2552/2552/2653
f 2554/2554/2655 2512/2512/2611 2511/2511/2610 2553/2553/2654
f 2555/2555/2656 2513/2513/2612 2512/2512/2611 2554/2554/2655
f 2556/2556/2657 2514/2514/2613 2513/2513/2612 2555/2555/2656
f 2557/2557/2658 2515/2515/2614 2514/2514/2613 2556/2556/2657
f 2558/2558/2659 2516/2516/2615 2515/2515/2614 2557/2557/2658
f 2559/2559/2660 2517/2517/2616 2516/2516/2615 2558/2558/2659
f 2560/2560/2661 2518/2518/2617 2517/2517/2616 2559/2559/2660
f 2905/3116/2662 2906/3117/2618 2518/2518/2617 2560/2560/2661
f 2562/2562/2663 2520/2520/2619 2519/2519/2620 2561/2561/2664
f 2563/2563/2665 2521/2521/2621 2520/2520/2619 2562/2562/2663
f 2564/2564/2666 2522/2522/2622 2521/2521/2621 2563/2563/2665
f 2565/2565/2667 2523/2523/2623 2522/2522/2622 2564/2564/2666
f 2566/2566/2668 2524/2524/2624 2523/2523/2623 2565/2565/2667
f 2567/2567/2669 2525/2525/2625 2524/2524/2624 2566/2566/2668
f 2568/2568/2670 2526/2526/2626 2525/2525/2625 2567/2567/2669
f 2569/2569/2671 2527/2527/2627 2526/2526/2626 2568/2568/2670
f 2570/2570/2672 2528/2528/2628 2527/2527/2627 2569/2569/2671
f 2571/2571/2673 2529/2529/2629 2528/2528/2628 2570/2570/2672
f 2572/2572/2674 2530/2530/2630 2529/2529/2629 2571/2571/2673
f 2573/2573/2675 2531/2531/2631 2530/2530/2630 2572/2572/2674
f 2574/2574/2676 2532/2532/2632 2531/2531/2631 2573/2573/2675
f 2575/2575/2677 2533/2533/2633 2532/2532/2632 2574/2574/2676
f 2576/2576/2678 2534/2534/2634 2533/2533/2633 2575/2575/2677
f 2577/2577/2679 2535/2535/2635 2534/2534/2634 2576/2576/2678
f 2578/2578/2680 2536/2536/2636 2535/2535/2635 2577/2577/2679
f 2578/2578/2680 2579/2579/2681 2537/2537/2637 2536/2536/2636
f 2796/2887/2638 2537/2537/2637 2579/2579/2681 2795/2888/2682
f 2581/2580/2683 2539/2538/2639 2538/2539/2640 2580/2581/2684
f 2582/2582/2685 2540/2540/2641 2539/2538/2639 2581/2580/2683
f 2583/2583/2686 2541/2541/2642 2540/2540/2641 2582/2582/2685
f 2584/2584/2687 2542/2542/2643 2541/2541/2642 2583/2583/2686
f 2585/2585/2688 2543/2543/2644 2542/2542/2643 2584/2584/2687
f 2586/2586/2689 2544/2544/2645 2543/2543/2644 2585/2585/2688
f 2587/2587/2690 2545/2545/2646 2544/2544/2645 2586/2586/2689
f 2588/2588/2691 2546/2546/2647 2545/2545/2646 2587/2587/2690
f 2589/2589/2692 2547/2547/2648 2546/2546/2647 2588/2588/2691
f 2590/2590/2693 2548/2548/2649 2547/2547/2648 2589/2589/2692
f 2591/2591/2694 2549/2549/2650 2548/2548/2649 2590/2590/2693
f 2592/2592/2695 2550/2550/2651 2549/2549/2650 2591/2591/2694
f 2593/2593/2696 2551/2551/2652 2550/2550/2651 2592/2592/2695
f 2594/2594/2697 2552/2552/2653 2551/2551/2652 2593/2593/2696
f 2595/2595/2698 2553/2553/2654 2552/2552/2653 2594/2594/2697
f 2596/2596/2699 2554/2554/2655 2553/2553/2654 2595/2595/2698
f 2597/2597/2700 2555/2555/2656 2554/2554/2655 2596/2596/2699
f 2598/2598/2701 2556/2556/2657 2555/2555/2656 2597/2597/2700
f 2599/2599/2702 2557/2557/2658 2556/2556/2657 2598/2598/2701
f 2600/2600/2703 2558/2558/2659 2557/2557/2658 2599/2599/2702
f 2601/2601/2704 2559/2559/2660 2558/2558/2659 2600/2600/2703
f 2602/2602/2705 2560/2560/2661 2559/2559/2660 2601/2601/2704
f 2904/3115/2706 2905/3116/2662 2560/2560/2661 2602/2602/2705
f 2604/2604/2707 2562/2562/2663 2561/2561/2664 2603/2603/2708
f 2605/2605/2709 2563/2563/2665 2562/2562/2663 2604/2604/2707
f 2606/2606/2710 2564/2564/2666 2563/2563/2665 2605/2605/2709
f 2607/2607/2711 2565/2565/2667 2564/2564/2666 2606/2606/2710
f 2608/2608/2712 2566/2566/2668 2565/2565/2667 2607/2607/2711
f 2609/2609/2713 2567/2567/2669 2566/2566/2668 2608/2608/2712
f 2610/2610/2714 2568/2568/2670 2567/2567/2669 2609/2609/2713
f 2611/2611/2715 2569/2569/2671 2568/2568/2670 2610/2610/2714
f 2612/2612/2716 2570/2570/2672 2569/2569/2671 2611/2611/2715
f 2613/2613/2717 2571/2571/2673 2570/2570/2672 2612/2612/2716
f 2614/2614/2718 2572/2572/2674 2571/2571/2673 2613/2613/2717
f 2615/2615/2719 2573/2573/2675 2572/2572/2674 2614/2614/2718
f 2616/2616/2720 2574/2574/2676 2573/2573/2675 2615/2615/2719
f 2617/2617/2721 2575/2575/2677 2574/2574/2676 2616/2616/2720
f 2618/2618/2722 2576/2576/2678 2575/2575/2677 2617/2617/2721
f 2619/2619/2723 2577/2577/2679 2576/2576/2678 2618/2618/2722
f 2620/2620/2724 2578/2578/2680 2577/2577/2679 2619/2619/2723
f 2620/2620/2724 2621/2621/2725 2579/2579/2681 2578/2578/2680
f 2795/2888/2682 2579/2579/2681 2621/2621/2725 2794/2889/2726
f 2623/2622/2727 2581/2580/2683 2580/2581/2684 2622/2623/2728
f 2624/2624/2729 2582/2582/2685 2581/2580/2683 2623/2622/2727
f 2625/2625/2730 2583/2583/2686 2582/2582/2685 2624/2624/2729
f 2626/2626/2731 2584/2584/2687 2583/2583/2686 2625/2625/2730
f 2627/2627/2732 2585/2585/2688 2584/2584/2687 2626/2626/2731
f 2628/2628/2733 2586/2586/2689 2585/2585/2688 2627/2627/2732
f 2629/2629/2734 2587/2587/2690 2586/2586/2689 2628/2628/2733
f 2630/2630/2735 2588/2588/2691 2587/2587/2690 2629/2629/2734
f 2631/2631/2736 2589/2589/2692 2588/2588/2691 2630/2630/2735
f 2632/2632/2737 2590/2590/2693 2589/2589/2692 2631/2631/2736
f 2633/2633/2738 2591/2591/2694 2590/2590/2693 2632/2632/2737
f 2634/2634/2739 2592/2592/2695 2591/2591/2694 2633/2633/2738
f 2635/2635/2740 2593/2593/2696 2592/2592/2695 2634/2634/2739
f 2636/2636/2741 2594/2594/2697 2593/2593/2696 2635/2635/2740
f 2637/2637/2742 2595/2595/2698 2594/2594/2697 2636/2636/2741
f 2638/2638/2743 2596/2596/2699 2595/2595/2698 2637/2637/2742
f 2639/2639/2744 2597/2597/2700 2596/2596/2699 2638/2638/2743
f 2640/2640/2745 2598/2598/2701 2597/2597/2700 2639/2639/2744
f 2641/2641/2746 2599/2599/2702 2598/2598/2701 2640/2640/2745
f 2642/2642/2747 2600/2600/2703 2599/2599/2702 2641/2641/2746
f 2643/2643/2748 2601/2601/2704 2600/2600/2703 2642/2642/2747
f 2644/2644/2749 2602/2602/2705 2601/2601/2704 2643/2643/2748
f 2903/3114/2750 2904/3115/2706 2602/2602/2705 2644/2644/2749
f 2646/2646/2751 2604/2604/2707 2603/2603/2708 2645/2645/2752
f 2647/2647/2753 2605/2605/2709 2604/2604/2707 2646/2646/2751
f 2648/2648/2754 2606/2606/2710 2605/2605/2709 2647/2647/2753
f 2649/2649/2755 2607/2607/2711 2606/2606/2710 2648/2648/2754
f 2650/2650/2756 2608/2608/2712 2607/2607/2711 2649/2649/2755
f 2651/2651/2757 2609/2609/2713 2608/2608/2712 2650/2650/2756
f 2652/2652/2758 2610/2610/2714 2609/2609/2713 2651/2651/2757
f 2653/2653/2759 2611/2611/2715 2610/2610/2714 2652/2652/2758
f 2654/2654/2760 2612/2612/2716 2611/2611/2715 2653/2653/2759
f 2655/2655/2761 2613/2613/2717 2612/2612/2716 2654/2654/2760
f 2656/2656/2762 2614/2614/2718 2613/2613/2717 2655/2655/2761
f 2657/2657/2763 2615/2615/2719 2614/2614/2718 2656/2656/2762
f 2658/2658/2764 2616/2616/2720 2615/2615/2719 2657/2657/2763
f 2659/2659/2765 2617/2617/2721 2616/2616/2720 2658/2658/2764
f 2660/2660/2766 2618/2618/2722 2617/2617/2721 2659/2659/2765
f 2661/2661/2767 2619/2619/2723 2618/2618/2722 2660/2660/2766
f 2662/2662/2768 2620/2620/2724 2619/2619/2723 2661/2661/2767
f 2662/2662/2768 2663/2663/2769 2621/2621/2725 2620/2620/2724
f 2621/2621/2725 2663/2663/2769 2793/2890/2770 2794/2889/2726
f 2665/2664/2771 2623/2622/2727 2622/2623/2728 2664/2665/2772
f 2666/2666/2773 2624/2624/2729 2623/2622/2727 2665/2664/2771
f 2667/2667/2774 2625/2625/2730 2624/2624/2729 2666/2666/2773
f 2668/2668/2775 2626/2626/2731 2625/2625/2730 2667/2667/2774
f 2669/2669/2776 2627/2627/2732 2626/2626/2731 2668/2668/2775
f 2670/2670/2777 2628/2628/2733 2627/2627/2732 2669/2669/2776
f 2671/2671/2778 2629/2629/2734 2628/2628/2733 2670/2670/2777
f 2672/2672/2779 2630/2630/2735 2629/2629/2734 2671/2671/2778
f 2673/2673/2780 2631/2631/2736 2630/2630/2735 2672/2672/2779
f 2674/2674/2781 2632/2632/2737 2631/2631/2736 2673/2673/2780
f 2675/2675/2782 2633/2633/2738 2632/2632/2737 2674/2674/2781
f 2676/2676/2783 2634/2634/2739 2633/2633/2738 2675/2675/2782
f 2677/2677/2784 2635/2635/2740 2634/2634/2739 2676/2676/2783
f 2678/2678/2785 2636/2636/2741 2635/2635/2740 2677/2677/2784
f 2679/2679/2786 2637/2637/2742 2636/2636/2741 2678/2678/2785
f 2680/2680/2787 2638/2638/2743 2637/2637/2742 2679/2679/2786
f 2681/2681/2788 2639/2639/2744 2638/2638/2743 2680/2680/2787
f 2682/2682/2789 2640/2640/2745 2639/2639/2744 2681/2681/2788
f 2683/2683/2790 2641/2641/2746 2640/2640/2745 2682/2682/2789
f 2684/2684/2791 2642/2642/2747 2641/2641/2746 2683/2683/2790
f 2685/2685/2792 2643/2643/2748 2642/2642/2747 2684/2684/2791
f 2686/2686/2793 2644/2644/2749 2643/2643/2748 2685/2685/2792
f 2902/3113/2794 2903/3114/2750 2644/2644/2749 2686/2686/2793
f 2688/2688/2795 2646/2646/2751 2645/2645/2752 2687/2687/2796
f 2689/2689/2797 2647/2647/2753 2646/2646/2751 2688/2688/2795
f 2690/2690/2798 2648/2648/2754 2647/2647/2753 2689/2689/2797
f 2691/2691/2799 2649/2649/2755 2648/2648/2754 2690/2690/2798
f 2692/2692/2800 2650/2650/2756 2649/2649/2755 2691/2691/2799
f 2693/2693/2801 2651/2651/2757 2650/2650/2756 2692/2692/2800
f 2694/2694/2802 2652/2652/2758 2651/2651/2757 2693/2693/2801
f 2695/2695/2803 2653/2653/2759 2652/2652/2758 2694/2694/2802
f 2696/2696/2804 2654/2654/2760 2653/2653/2759 2695/2695/2803
f 2697/2697/2805 2655/2655/2761 2654/2654/2760 2696/2696/2804
f 2698/2698/2806 2656/2656/2762 2655/2655/2761 2697/2697/2805
f 2699/2699/2807 2657/2657/2763 2656/2656/2762 2698/2698/2806
f 2700/2700/2808 2658/2658/2764 2657/2657/2763 2699/2699/2807
f 2701/2701/2809 2659/2659/2765 2658/2658/2764 2700/2700/2808
f 2702/2702/2810 2660/2660/2766 2659/2659/2765 2701/2701/2809
f 2703/2703/2811 2661/2661/2767 2660/2660/2766 2702/2702/2810
f 2704/2704/2812 2662/2662/2768 2661/2661/2767 2703/2703/2811
f 2704/2704/2812 2705/2705/2813 2663/2663/2769 2662/2662/2768
f 2793/2890/2770 2663/2663/2769 2705/2705/2813 2792/2891/2814
f 2707/2706/2815 2665/2664/2771 2664/2665/2772 2706/2707/2816
f 2708/2708/2817 2666/2666/2773 2665/2664/2771 2707/2706/2815
f 2709/2709/2818 2667/2667/2774 2666/2666/2773 2708/2708/2817
f 2710/2710/2819 2668/2668/2775 2667/2667/2774 2709/2709/2818
f 2711/2711/2820 2669/2669/2776 2668/2668/2775 2710/2710/2819
f 2712/2712/2821 2670/2670/2777 2669/2669/2776 2711/2711/2820
f 2713/2713/2822 2671/2671/2778 2670/2670/2777 2712/2712/2821
f 2714/2714/2823 2672/2672/2779 2671/2671/2778 2713/2713/2822
f 2715/2715/2824 2673/2673/2780 2672/2672/2779 2714/2714/2823
f 2716/2716/2825 2674/2674/2781 2673/2673/2780 2715/2715/2824
f 2717/2717/2826 2675/2675/2782 2674/2674/2781 2716/2716/2825
f 2718/2718/2827 2676/2676/2783 2675/2675/2782 2717/2717/2826
f 2719/2719/2828 2677/2677/2784 2676/2676/2783 2718/2718/2827
f 2720/2720/2829 2678/2678/2785 2677/2677/2784 2719/2719/2828
f 2721/2721/2830 2679/2679/2786 2678/2678/2785 2720/2720/2829
f 2722/2722/2831 2680/2680/2787 2679/2679/2786 2721/2721/2830
f 2723/2723/2832 2681/2681/2788 2680/2680/2787 2722/2722/2831
f 2724/2724/2833 2682/2682/2789 2681/2681/2788 2723/2723/2832
f 2725/2725/2834 2683/2683/2790 2682/2682/2789 2724/2724/2833
f 2726/2726/2835 2684/2684/2791 2683/2683/2790 2725/2725/2834
f 2727/2727/2836 2685/2685/2792 2684/2684/2791 2726/2726/2835
f 2728/2728/2837 2686/2686/2793 2685/2685/2792 2727/2727/2836
f 2901/3112/2838 2902/3113/2794 2686/2686/2793 2728/2728/2837
f 2730/2730/2839 2688/2688/2795 2687/2687/2796 2729/2729/2840
f 2731/2731/2841 2689/2689/2797 2688/2688/2795 2730/2730/2839
f 2732/2732/2842 2690/2690/2798 2689/2689/2797 2731/2731/2841
f 2733/2733/2843 2691/2691/2799 2690/2690/2798 2732/2732/2842
f 2734/2734/2844 2692/2692/2800 2691/2691/2799 2733/2733/2843
f 2735/2735/2845 2693/2693/2801 2692/2692/2800 2734/2734/2844
f 2736/2736/2846 2694/2694/2802 2693/2693/2801 2735/2735/2845
f 2737/2737/2847 2695/2695/2803 2694/2694/2802 2736/2736/2846
f 2738/2738/2848 2696/2696/2804 2695/2695/2803 2737/2737/2847
f 2739/2739/2849 2697/2697/2805 2696/2696/2804 2738/2738/2848
f 2740/2740/2850 2698/2698/2806 2697/2697/2805 2739/2739/2849
f 2741/2741/2851 2699/2699/2807 2698/2698/2806 2740/2740/2850
f 2742/2742/2852 2700/2700/2808 2699/2699/2807 2741/2741/2851
f 2743/2743/2853 2701/2701/2809 2700/2700/2808 2742/2742/2852
f 2744/2744/2854 2702/2702/2810 2701/2701/2809 2743/2743/2853
f 2745/2745/2855 2703/2703/2811 2702/2702/2810 2744/2744/2854
f 2746/2746/2856 2704/2704/2812 2703/2703/2811 2745/2745/2855
f 2746/2746/2856 2747/2747/2857 2705/2705/2813 2704/2704/2812
f 2792/2891/2814 2705/2705/2813 2747/2747/2857 2791/2892/2858
f 2749/2748/2859 2707/2706/2815 2706/2707/2816 2748/2749/2860
f 2750/2750/2861 2708/2708/2817 2707/2706/2815 2749/2748/2859
f 2751/2751/2862 2709/2709/2818 2708/2708/2817 2750/2750/2861
f 2752/2752/2863 2710/2710/2819 2709/2709/2818 2751/2751/2862
f 2753/2753/2864 2711/2711/2820 2710/2710/2819 2752/2752/2863
f 2754/2754/2865 2712/2712/2821 2711/2711/2820 2753/2753/2864
f 2755/2755/2866 2713/2713/2822 2712/2712/2821 2754/2754/2865
f 2756/2756/2867 2714/2714/2823 2713/2713/2822 2755/2755/2866
f 2757/2757/2868 2715/2715/2824 2714/2714/2823 2756/2756/2867
f 2758/2758/2869 2716/2716/2825 2715/2715/2824 2757/2757/2868
f 2759/2759/2870 2717/2717/2826 2716/2716/2825 2758/2758/2869
f 2760/2760/2871 2718/2718/2827 2717/2717/2826 2759/2759/2870
f 2761/2761/2872 2719/2719/2828 2718/2718/2827 2760/2760/2871
f 2762/2762/2873 2720/2720/2829 2719/2719/2828 2761/2761/2872
f 2763/2763/2874 2721/2721/2830 2720/2720/2829 2762/2762/2873
f 2764/2764/2875 2722/2722/2831 2721/2721/2830 2763/2763/2874
f 2765/2765/2876 2723/2723/2832 2722/2722/2831 2764/2764/2875
f 2766/2766/2877 2724/2724/2833 2723/2723/2832 2765/2765/2876
f 2767/2767/2878 2725/2725/2834 2724/2724/2833 2766/2766/2877
f 2768/2768/2879 2726/2726/2835 2725/2725/2834 2767/2767/2878
f 2769/2769/2880 2727/2727/2836 2726/2726/2835 2768/2768/2879
f 2770/2770/2881 2728/2728/2837 2727/2727/2836 2769/2769/2880
f 2900/3111/2882 2901/3112/2838 2728/2728/2837 2770/2770/2881
f 2772/2772/2883 2730/2730/2839 2729/2729/2840 2771/2771/2884
f 2773/2773/2885 2731/2731/2841 2730/2730/2839 2772/2772/2883
f 2774/2774/2886 2732/2732/2842 2731/2731/2841 2773/2773/2885
f 2775/2775/2887 2733/2733/2843 2732/2732/2842 2774/2774/2886
f 2776/2776/2888 2734/2734/2844 2733/2733/2843 2775/2775/2887
f 2777/2777/2889 2735/2735/2845 2734/2734/2844 2776/2776/2888
f 2778/2778/2890 2736/2736/2846 2735/2735/2845 2777/2777/2889
f 2779/2779/2891 2737/2737/2847 2736/2736/2846 2778/2778/2890
f 2780/2780/2892 2738/2738/2848 2737/2737/2847 2779/2779/2891
f 2781/2781/2893 2739/2739/2849 2738/2738/2848 2780/2780/2892
f 2782/2782/2894 2740/2740/2850 2739/2739/2849 2781/2781/2893
f 2783/2783/2895 2741/2741/2851 2740/2740/2850 2782/2782/2894
f 2784/2784/2896 2742/2742/2852 2741/2741/2851 2783/2783/2895
f 2785/2785/2897 2743/2743/2853 2742/2742/2852 2784/2784/2896
f 2786/2786/2898 2744/2744/2854 2743/2743/2853 2785/2785/2897
f 2787/2787/2899 2745/2745/2855 2744/2744/2854 2786/2786/2898
f 2788/2788/2900 2746/2746/2856 2745/2745/2855 2787/2787/2899
f 2788/2788/2900 2789/2789/2901 2747/2747/2857 2746/2746/2856
f 2791/2892/2858 2747/2747/2857 2789/2789/2901 2790/2894/2902
f 2862/2790/1484 2863/2799/1506 1446/1446/1485
f 2860/2792/1489 2861/2791/1487 1447/1447/1486 1448/1448/1490
f 1456/1467/1517 2852/2801/2903 2853/2800/1503 1455/1455/1502
f 2851/2802/2904 2852/2801/2903 1456/1467/1517 1457/1469/1519
f 2848/2805/2905 2849/2804/2906 1459/1473/1523 1460/1475/1525
f 2849/2804/2906 2850/2803/2907 1458/1471/1521 1459/1473/1523
f 2850/2803/2907 2851/2802/2904 1457/1469/1519 1458/1471/1521
f 2846/2807/2908 2847/2806/2909 1461/1477/1527 1462/1479/1529
f 1463/1481/1531 2845/2808/2910 2846/2807/2908 1462/1479/1529
f 2847/2806/2909 2848/2805/2905 1460/1475/1525 1461/1477/1527
f 2843/2810/2911 2844/2809/2912 1464/1483/1533 1465/1485/1535
f 2842/2811/2913 2843/2810/2911 1465/1485/1535 1466/1487/1537
f 2842/2811/2913 1466/1487/1537 1467/1489/1539 2841/2843/2914
f 1464/1483/1533 2844/2809/2912 2845/2808/2910 1463/1481/1531
f 2885/2833/2915 2886/2834/2916 2412/2413/2508 2370/2371/2464
f 2886/2834/2916 2887/2835/2917 2454/2455/2552 2412/2413/2508
f 2884/2831/2918 2885/2833/2915 2370/2371/2464 2328/2329/2419
f 2888/2836/2919 2889/2837/2920 2538/2539/2640 2496/2497/2596
f 2889/2837/2920 2890/2838/2921 2580/2581/2684 2538/2539/2640
f 2891/2839/2922 2892/2840/2923 2664/2665/2772 2622/2623/2728
f 2892/2840/2923 2893/2841/2924 2706/2707/2816 2664/2665/2772
f 2890/2838/2921 2891/2839/2922 2622/2623/2728 2580/2581/2684
f 2887/2835/2917 2888/2836/2919 2496/2497/2596 2454/2455/2552
f 2893/2841/2924 2894/2842/2925 2748/2749/2860 2706/2707/2816
f 2328/2329/2419 2286/2286/2375 2883/2832/2374 2884/2831/2918
f 2840/2844/2926 1468/1491/1541 2931/3142/1543 2932/3143/2927
f 2839/2845/2928 1469/1493/1546 1470/1495/1545 2838/2846/2929
f 1468/1491/1541 2840/2844/2926 2841/2843/2914 1467/1489/1539
f 1471/1497/1549 2837/2847/2930 2838/2846/2929 1470/1495/1545
f 2834/2850/2931 2835/2849/2932 1473/1501/1553 1474/1503/1555
f 2835/2849/2932 2836/2848/2933 1472/1499/1551 1473/1501/1553
f 2836/2848/2933 2837/2847/2930 1471/1497/1549 1472/1499/1551
f 2833/2851/2934 2834/2850/2931 1474/1503/1555 1475/1505/1557
f 2831/2852/2935 2832/2853/2936 1476/1507/1559 1477/1509/1561
f 2829/2854/2937 2830/2855/2938 1478/1511/1563 1479/1513/1565
f 2828/2856/2939 2829/2854/2937 1479/1513/1565 1480/1515/1567
f 2830/2855/2938 2831/2852/2935 1477/1509/1561 1478/1511/1563
f 1475/1505/1557 1476/1507/1559 2832/2853/2936 2833/2851/2934
f 1480/1515/1567 1481/1517/1569 2827/2857/2940 2828/2856/2939
f 1482/1519/1571 2826/2858/2941 2827/2857/2940 1481/1517/1569
f 1483/1521/1573 2825/2859/2942 2826/2858/2941 1482/1519/1571
f 2824/2860/2943 2825/2859/2942 1483/1521/1573 1484/1523/1575
f 1485/1525/1577 2823/2861/2944 2824/2860/2943 1484/1523/1575
f 1486/1527/1579 2822/2862/2945 2823/2861/2944 1485/1525/1577
f 1487/1529/1581 2821/2863/2946 2822/2862/2945 1486/1527/1579
f 1487/1529/1581 2820/2864/2947 2821/2863/2946
f 1487/1529/1581 1529/1528/1580 2819/2865/2948 2820/2864/2947
f 2819/2865/2948 1529/1528/1580 1571/1571/1625 2818/2866/2949
f 1571/1571/1625 1613/1613/1669 2817/2867/2950 2818/2866/2949
f 1655/1655/1713 1697/1697/1757 2815/2868/2951 2816/2870/2952
f 1697/1697/1757 1739/1739/1801 2814/2869/2953 2815/2868/2951
f 1613/1613/1669 1655/1655/1713 2816/2870/2952 2817/2867/2950
f 2814/2869/2953 1739/1739/1801 1781/1781/1845 2813/2871/2954
f 2812/2872/2955 1823/1823/1889 1865/1865/1933 2811/2874/2956
f 1907/1907/1977 2810/2873/2957 2811/2874/2956 1865/1865/1933
f 2810/2873/2957 1907/1907/1977 1949/1949/2021 2809/2878/2958
f 2808/2875/2959 1991/1991/2065 2033/2033/2109 2807/2877/2960
f 2805/2876/2961 2159/2159/2241 2201/2201/2285 2804/2881/2962
f 2807/2877/2960 2033/2033/2109 2075/2075/2153 2895/3105/2963
f 2809/2878/2958 1949/1949/2021 1991/1991/2065 2808/2875/2959
f 1823/1823/1889 2812/2872/2955 2813/2871/2954 1781/1781/1845
f 2803/2879/2964 2243/2243/2329 2285/2285/2373 2802/2893/2965
f 2806/2880/2966 2117/2117/2197 2159/2159/2241 2805/2876/2961
f 2285/2285/2373 2327/2327/2417 2801/2882/2461 2802/2893/2965
f 2804/2881/2962 2201/2201/2285 2243/2243/2329 2803/2879/2964
s 7
f 2812/2903/2967 1365/2896/2968 1366/2895/2969 2813/2902/2970
f 2813/2902/2970 1366/2895/2969 1367/3001/2971 2814/2904/2972
f 2814/2904/2972 1367/3001/2971 1368/3000/2973 2815/2901/2974
f 2815/2901/2974 1368/3000/2973 1369/2997/2975 2816/2905/2976
f 2816/2905/2976 1369/2997/2975 1370/2998/2977 2817/2900/2978
f 2817/2900/2978 1370/2998/2977 1371/2999/2979 2818/2899/2980
f 2818/2899/2980 1371/2999/2979 1372/2996/2981 2819/2915/2982
f 2819/2915/2982 1372/2996/2981 1373/2995/2983 2820/3011/2984
f 2791/2916/2985 2790/3034/2986 1342/6269/2987 1343/3032/2988
f 2792/2912/2989 2791/2916/2985 1343/3032/2988 1344/3031/2990
f 2793/2911/2991 2792/2912/2989 1344/3031/2990 1345/3029/2992
f 2793/2911/2991 1345/3029/2992 1346/3030/2993 2794/2913/2994
f 2794/2913/2994 1346/3030/2993 1347/3027/2995 2795/2914/2996
f 2796/2909/2997 2795/2914/2996 1347/3027/2995 1348/3026/2998
f 2796/2909/2997 1348/3026/2998 1349/3024/2999 2797/2910/3000
f 2798/2908/3001 2797/2910/3000 1349/3024/2999 1350/3022/3002
f 2798/2908/3001 1350/3022/3002 1351/3021/3003 2799/3035/3004
f 2799/3035/3004 1351/3021/3003 1352/3020/3005 2800/3023/3006
f 2800/3023/3006 1352/3020/3005 1353/2907/3007 2801/3025/3008
f 2801/3025/3008 1353/2907/3007 1354/3008/3009 2802/3028/3010
f 2802/3028/3010 1354/3008/3009 1355/3009/3011 2803/3018/3012
f 2804/3017/3013 2803/3018/3012 1355/3009/3011 1356/3010/3014
f 2808/3013/3015 2807/3014/3016 1360/2898/3017 1361/2897/3018
f 2821/3036/3019 1374/2917/3020 1375/2918/3021 2822/2919/3022
f 2825/3037/3023 2824/2921/3024 1377/2922/3025 1378/2923/3026
f 1377/2922/3025 2824/2921/3024 2823/2920/3027 1376/3038/3028
f 1376/3038/3028 2823/2920/3027 2822/2919/3022 1375/2918/3021
f 1378/2923/3026 1379/2925/3029 2826/3039/3030 2825/3037/3023
f 1379/2925/3029 1380/2926/3031 2827/2924/3032 2826/3039/3030
f 2830/2929/3033 1383/2930/3034 1384/2931/3035 2831/2932/3036
f 2832/2933/3037 1385/2934/3038 1386/2935/3039 2833/2936/3040
f 2833/2936/3040 1386/2935/3039 1387/2937/3041 2834/2938/3042
f 2831/2932/3036 1384/2931/3035 1385/2934/3038 2832/2933/3037
f 2829/3040/3043 1382/2939/3044 1383/2930/3034 2830/2929/3033
f 1389/3042/3045 2836/2941/3046 2835/2940/3047 1388/3041/3048
f 2837/3043/3049 2836/2941/3046 1389/3042/3045 1390/2942/3050
f 2837/3043/3049 1390/2942/3050 1391/3044/3051 2838/3045/3052
f 2838/3045/3052 1391/3044/3051 1392/3046/3053 2839/3047/3054
f 2840/3048/3055 2932/3144/3056 2933/3146/3057 1393/3049/3058
f 2841/2943/3059 2840/3048/3055 1393/3049/3058 2966/3180/3060
f 2842/2945/3061 2841/2943/3059 2966/3180/3060 1394/2944/3062
f 2835/2940/3047 2834/2938/3042 1387/2937/3041 1388/3041/3048
f 1373/2995/2983 1374/2917/3020 2821/3036/3019 2820/3011/2984
f 2843/3050/3063 2842/2945/3061 1394/2944/3062 1395/3051/3064
f 1396/2946/3065 2844/2947/3066 2843/3050/3063 1395/3051/3064
f 1397/2948/3067 2845/2949/3068 2844/2947/3066 1396/2946/3065
f 2846/2950/3069 1398/3052/3070 1399/2951/3071 2847/2952/3072
f 2846/2950/3069 2845/2949/3068 1397/2948/3067 1398/3052/3070
f 2848/2953/3073 1400/2954/3074 1401/2955/3075 2849/2956/3076
f 2847/2952/3072 1399/2951/3071 1400/2954/3074 2848/2953/3073
f 2851/2959/3077 1403/2960/3078 1404/3053/3079 2852/3054/3080
f 2850/2957/3081 1402/2958/3082 1403/2960/3078 2851/2959/3077
f 2849/2956/3076 1401/2955/3075 1402/2958/3082 2850/2957/3081
f 2852/3054/3080 1404/3053/3079 1405/2961/3083 2853/2962/3084
f 1405/2961/3083 1406/2963/3085 2854/2964/3086 2853/2962/3084
f 1407/2966/3087 2855/2965/3088 2854/2964/3086 1406/2963/3085
f 2805/3019/3089 2804/3017/3013 1356/3010/3014 1357/3007/3090
f 2805/3019/3089 1357/3007/3090 1358/3006/3091 2806/3016/3092
f 2806/3016/3092 1358/3006/3091 1359/3005/3093 2895/3106/3094
s 4
f 2075/2075/2153 2117/2117/2197 2806/2880/2966 2895/3105/2963
s 7
f 2807/3014/3016 2895/3106/3094 1359/3005/3093 1360/2898/3017
f 2808/3013/3015 1361/2897/3018 1362/3004/3095 2809/3015/3096
f 2811/2906/3097 2810/3012/3098 1363/3003/3099 1364/3002/3100
f 1363/3003/3099 2810/3012/3098 2809/3015/3096 1362/3004/3095
f 2812/2903/2967 2811/2906/3097 1364/3002/3100 1365/2896/2968
f 2828/2927/3101 2827/2924/3032 1380/2926/3031 1381/2928/3102
f 2829/3040/3043 2828/2927/3101 1381/2928/3102 1382/2939/3044
s 1
f 2896/3107/1278 1378/1433/1479 1377/1434/1483 1245/1244/1342
f 1245/1244/1342 1244/1243/1340 2897/3108/1277 2896/3107/1278
f 1244/1243/1340 1243/1242/1338 2898/3109/1276 2897/3108/1277
f 1243/1242/1338 1242/1241/1336 2899/3110/1275 2898/3109/1276
f 1242/1241/1336 1241/1240/1306 1213/1212/1274 2899/3110/1275
s 4
f 2771/2771/2884 2729/2729/2840 2901/3112/2838 2900/3111/2882
f 2729/2729/2840 2687/2687/2796 2902/3113/2794 2901/3112/2838
f 2687/2687/2796 2645/2645/2752 2903/3114/2750 2902/3113/2794
f 2645/2645/2752 2603/2603/2708 2904/3115/2706 2903/3114/2750
f 2603/2603/2708 2561/2561/2664 2905/3116/2662 2904/3115/2706
f 2561/2561/2664 2519/2519/2620 2906/3117/2618 2905/3116/2662
f 2519/2519/2620 2477/2477/2576 2907/3118/2574 2906/3117/2618
f 2477/2477/2576 2435/2435/2532 2908/3119/2530 2907/3118/2574
f 2435/2435/2532 2393/2393/2488 2909/3120/2486 2908/3119/2530
f 2393/2393/2488 2351/2351/2443 2910/3121/2441 2909/3120/2486
f 2351/2351/2443 2309/2309/2400 2911/3122/2398 2910/3121/2441
f 2309/2309/2400 2267/2267/2356 2912/3123/2354 2911/3122/2398
f 2267/2267/2356 2225/2225/2312 2913/3124/2310 2912/3123/2354
f 2225/2225/2312 2183/2183/2268 2914/3125/2266 2913/3124/2310
f 2183/2183/2268 2141/2141/2224 2915/3126/2222 2914/3125/2266
f 2141/2141/2224 2099/2099/2180 2916/3127/2178 2915/3126/2222
f 2099/2099/2180 2057/2057/2136 2917/3128/2134 2916/3127/2178
f 2057/2057/2136 2015/2015/2092 2918/3129/2090 2917/3128/2134
f 2015/2015/2092 1973/1973/2048 2919/3130/2046 2918/3129/2090
f 1973/1973/2048 1931/1931/2004 2920/3131/2002 2919/3130/2046
f 1931/1931/2004 1889/1889/1960 2921/3132/1958 2920/3131/2002
f 1889/1889/1960 1847/1847/1916 2922/3133/1914 2921/3132/1958
f 1847/1847/1916 1805/1805/1872 2923/3134/1870 2922/3133/1914
f 1805/1805/1872 1763/1763/1828 2924/3135/1826 2923/3134/1870
f 1763/1763/1828 1721/1721/1784 2925/3136/1782 2924/3135/1826
f 1721/1721/1784 1679/1679/1740 2926/3137/1738 2925/3136/1782
f 1679/1679/1740 1637/1637/1696 2927/3138/1694 2926/3137/1738
f 1637/1637/1696 1595/1595/1652 2928/3139/1650 2927/3138/1694
f 1595/1595/1652 1553/1553/1608 2929/3140/1606 2928/3139/1650
f 1553/1553/1608 1511/1492/1547 2930/3141/1542 2929/3140/1606
f 1511/1492/1547 1469/1493/1546 2931/3142/1543 2930/3141/1542
f 2932/3143/2927 2931/3142/1543 1469/1493/1546 2839/2845/2928
s 7
f 2933/3146/3057 2932/3144/3056 2839/3047/3054 1392/3046/3053
s 1
f 2934/3147/798 2933/3145/1451 1392/1401/1452 769/768/862
f 769/768/862 768/767/860 2935/3148/797 2934/3147/798
f 768/767/860 767/766/858 2936/3149/796 2935/3148/797
f 767/766/858 766/765/856 2937/3150/795 2936/3149/796
f 766/765/856 765/764/854 2938/3151/794 2937/3150/795
f 765/764/854 764/763/852 2939/3152/793 2938/3151/794
f 764/763/852 763/762/850 2940/3153/792 2939/3152/793
f 763/762/850 762/761/848 2941/3154/791 2940/3153/792
f 762/761/848 761/760/846 2942/3155/790 2941/3154/791
f 761/760/846 760/759/844 2943/3156/789 2942/3155/790
f 760/759/844 759/758/842 2944/3157/788 2943/3156/789
f 759/758/842 758/757/840 2945/3158/787 2944/3157/788
f 758/757/840 757/756/838 2946/3159/786 2945/3158/787
f 757/756/838 756/755/836 2947/3160/785 2946/3159/786
f 756/755/836 755/754/834 2948/3161/784 2947/3160/785
f 755/754/834 754/753/832 2949/3162/783 2948/3161/784
f 754/753/832 753/752/830 2950/3163/782 2949/3162/783
f 753/752/830 752/751/828 2951/3164/781 2950/3163/782
f 752/751/828 751/750/826 2952/3165/780 2951/3164/781
f 751/750/826 750/749/824 2953/3166/779 2952/3165/780
f 750/749/824 749/748/822 2954/3167/778 2953/3166/779
f 749/748/822 748/747/820 2955/3168/777 2954/3167/778
f 748/747/820 747/746/818 2956/3169/776 2955/3168/777
f 747/746/818 746/745/816 2957/3170/775 2956/3169/776
f 746/745/816 745/744/814 2958/3171/774 2957/3170/775
f 745/744/814 744/743/812 2959/3172/773 2958/3171/774
f 744/743/812 743/742/810 2960/3173/772 2959/3172/773
f 743/742/810 742/741/808 2961/3174/771 2960/3173/772
f 742/741/808 741/740/806 2962/3175/770 2961/3174/771
f 741/740/806 740/739/804 2963/3176/769 2962/3175/770
f 740/739/804 739/738/802 2964/3177/767 2963/3176/769
f 739/738/802 738/737/801 2965/3178/768 2964/3177/767
f 673/672/702 641/640/670 1395/1389/1440 1394/1391/1441
s 4
f 2160/2160/2243 2161/2161/2245 2119/2119/2200 2118/2118/2199
s 7
f 1408/3055/3103 2856/2967/3104 2855/2965/3088 1407/2966/3087
f 1409/3057/3105 2857/3056/3106 2856/2967/3104 1408/3055/3103
f 1410/2968/3107 2858/3058/3108 2857/3056/3106 1409/3057/3105
f 1411/3060/3109 2859/3059/3110 2858/3058/3108 1410/2968/3107
f 1412/2969/3111 2860/3061/3112 2859/3059/3110 1411/3060/3109
f 1413/2970/3113 2861/3062/3114 2860/3061/3112 1412/2969/3111
f 1414/2971/3115 2862/3063/3116 2861/3062/3114 1413/2970/3113
f 2863/3104/3117 2862/3063/3116 1414/2971/3115 1/2972/3118
f 2863/3104/3117 1/2972/3118 1415/3095/3119 2864/2993/3120
f 2864/2993/3120 1415/3095/3119 1416/2985/3121 2865/2992/3122
f 2865/2992/3122 1416/2985/3121 1417/3094/3123 2866/3102/3124
f 2866/3102/3124 1417/3094/3123 1418/3093/3125 2867/3103/3126
f 2867/3103/3126 1418/3093/3125 1419/3090/3127 2868/2991/3128
f 2868/2991/3128 1419/3090/3127 1420/3089/3129 2869/2990/3130
f 2869/2990/3130 1420/3089/3129 1421/3088/3131 2870/3101/3132
f 1422/3092/3133 2871/2989/3134 2870/3101/3132 1421/3088/3131
f 2872/2988/3135 2871/2989/3134 1422/3092/3133 1423/3086/3136
f 2873/3099/3137 2872/2988/3135 1423/3086/3136 1424/3085/3138
f 2874/3100/3139 2873/3099/3137 1424/3085/3138 1425/3087/3140
f 2875/2987/3141 2874/3100/3139 1425/3087/3140 1426/3084/3142
f 2876/2986/3143 2875/2987/3141 1426/3084/3142 1427/3083/3144
f 2877/3097/3145 2876/2986/3143 1427/3083/3144 1428/3082/3146
f 2878/3098/3147 2877/3097/3145 1428/3082/3146 1429/3081/3148
f 2879/2984/3149 2878/3098/3147 1429/3081/3148 1430/2983/3150
f 2880/3091/3151 2879/2984/3149 1430/2983/3150 1431/3080/3152
f 2881/3096/3153 2880/3091/3151 1431/3080/3152 1432/3078/3154
f 2882/2981/3155 2881/3096/3153 1432/3078/3154 1433/3076/3156
f 2883/2980/3157 2882/2981/3155 1433/3076/3156 1434/2979/3158
f 2884/3077/3159 2883/2980/3157 1434/2979/3158 1435/3071/3160
f 2885/3079/3161 2884/3077/3159 1435/3071/3160 1436/3070/3162
f 2886/2982/3163 2885/3079/3161 1436/3070/3162 1437/2975/3164
f 2887/2978/3165 2886/2982/3163 1437/2975/3164 1438/3069/3166
f 2888/3075/3167 2887/2978/3165 1438/3069/3166 1439/3068/3168
f 2889/2977/3169 2888/3075/3167 1439/3068/3168 1440/3072/3170
f 2890/3074/3171 2889/2977/3169 1440/3072/3170 1441/3066/3172
f 2891/2976/3173 2890/3074/3171 1441/3066/3172 1442/3065/3174
f 2892/3073/3175 2891/2976/3173 1442/3065/3174 1443/3067/3176
f 2893/2974/3177 2892/3073/3175 1443/3067/3176 1444/3064/3178
f 1444/3064/3178 1445/2994/3179 2894/2973/3180 2893/2974/3177
s 1
f 2980/3181/3181 4355/3184/3182 4356/3183/3183 2979/3182/3184
f 2981/3185/3185 4354/3186/3186 4355/3184/3182 2980/3181/3181
f 2982/3187/3187 4353/3188/3188 4354/3186/3186 2981/3185/3185
f 2983/3189/3189 4352/3190/3190 4353/3188/3188 2982/3187/3187
f 2984/3191/3191 4351/3192/3192 4352/3190/3190 2983/3189/3189
f 2985/3193/3193 4350/3194/3194 4351/3192/3192 2984/3191/3191
f 4349/3195/3195 4350/3194/3194 2985/3193/3193 2986/3196/3196
f 4348/3197/3197 4349/3195/3195 2986/3196/3196 2987/3198/3198
f 2988/3199/3199 4347/3200/3200 4348/3197/3197 2987/3198/3198
f 2989/3201/3201 4346/3202/3202 4347/3200/3200 2988/3199/3199
f 2990/3203/3203 4345/3204/3204 4346/3202/3202 2989/3201/3201
f 2991/3205/3205 4344/3206/3206 4345/3204/3204 2990/3203/3203
f 2992/3207/3207 4343/3208/3208 4344/3206/3206 2991/3205/3205
f 2993/3209/3209 4342/3210/3210 4343/3208/3208 2992/3207/3207
f 2994/3211/3211 4341/3212/3212 4342/3210/3210 2993/3209/3209
f 2995/3213/3213 4340/3214/3214 4341/3212/3212 2994/3211/3211
f 2996/3215/3215 4339/3216/3216 4340/3214/3214 2995/3213/3213
f 2997/3217/3217 4338/3218/3218 4339/3216/3216 2996/3215/3215
f 2998/3219/3219 2967/3220/3220 4338/3218/3218 2997/3217/3217
f 2999/3221/3221 2968/3222/3222 2/22/43 34/21/42
f 3000/3223/3223 2969/3224/3224 2968/3222/3222 2999/3221/3221
f 3001/3225/3225 2970/3226/3226 2969/3224/3224 3000/3223/3223
f 3002/3227/3227 2971/3228/3228 2970/3226/3226 3001/3225/3225
f 3003/3229/3229 2972/3230/3230 2971/3228/3228 3002/3227/3227
f 3004/3231/3231 2973/3232/3232 2972/3230/3230 3003/3229/3229
f 3005/3233/3233 2974/3234/3234 2973/3232/3232 3004/3231/3231
f 3006/3235/3235 2975/3236/3236 2974/3234/3234 3005/3233/3233
f 3007/3237/3237 2976/3238/3238 2975/3236/3236 3006/3235/3235
f 3008/3239/3239 2977/3240/3240 2976/3238/3238 3007/3237/3237
f 3009/3241/3241 2978/3242/3242 2977/3240/3240 3008/3239/3239
f 3010/3243/3243 2979/3182/3184 2978/3242/3242 3009/3241/3241
f 2980/3181/3181 2979/3182/3184 3010/3243/3243 3011/3244/3244
f 3012/3245/3245 2981/3185/3185 2980/3181/3181 3011/3244/3244
f 2982/3187/3187 2981/3185/3185 3012/3245/3245 3013/3246/3246
f 2983/3189/3189 2982/3187/3187 3013/3246/3246 3014/3247/3247
f 2984/3191/3191 2983/3189/3189 3014/3247/3247 3015/3248/3248
f 2985/3193/3193 2984/3191/3191 3015/3248/3248 3016/3249/3249
f 2985/3193/3193 3016/3249/3249 3017/3250/3250 2986/3196/3196
f 2986/3196/3196 3017/3250/3250 3018/3251/3251 2987/3198/3198
f 2988/3199/3199 2987/3198/3198 3018/3251/3251 3019/3252/3252
f 2989/3201/3201 2988/3199/3199 3019/3252/3252 3020/3253/3253
f 2990/3203/3203 2989/3201/3201 3020/3253/3253 3021/3254/3254
f 2991/3205/3205 2990/3203/3203 3021/3254/3254 3022/3255/3255
f 2992/3207/3207 2991/3205/3205 3022/3255/3255 3023/3256/3256
f 2993/3209/3209 2992/3207/3207 3023/3256/3256 3024/3257/3257
f 2994/3211/3211 2993/3209/3209 3024/3257/3257 3025/3258/3258
f 2995/3213/3213 2994/3211/3211 3025/3258/3258 3026/3259/3259
f 2996/3215/3215 2995/3213/3213 3026/3259/3259 3027/3260/3260
f 2997/3217/3217 2996/3215/3215 3027/3260/3260 3028/3261/3261
f 2998/3219/3219 2997/3217/3217 3028/3261/3261 3029/3262/3262
f 4336/3263/3263 4337/3264/3264 2998/3219/3219 3029/3262/3262
f 3030/3265/3265 2999/3221/3221 34/21/42 66/65/88
f 3031/3266/3266 3000/3223/3223 2999/3221/3221 3030/3265/3265
f 3032/3267/3267 3001/3225/3225 3000/3223/3223 3031/3266/3266
f 3033/3268/3268 3002/3227/3227 3001/3225/3225 3032/3267/3267
f 3034/3269/3269 3003/3229/3229 3002/3227/3227 3033/3268/3268
f 3035/3270/3270 3004/3231/3231 3003/3229/3229 3034/3269/3269
f 3036/3271/3271 3005/3233/3233 3004/3231/3231 3035/3270/3270
f 3037/3272/3272 3006/3235/3235 3005/3233/3233 3036/3271/3271
f 3038/3273/3273 3007/3237/3237 3006/3235/3235 3037/3272/3272
f 3039/3274/3274 3008/3239/3239 3007/3237/3237 3038/3273/3273
f 3040/3275/3275 3009/3241/3241 3008/3239/3239 3039/3274/3274
f 3041/3276/3276 3010/3243/3243 3009/3241/3241 3040/3275/3275
f 3042/3277/3277 3011/3244/3244 3010/3243/3243 3041/3276/3276
f 3043/3278/3278 3012/3245/3245 3011/3244/3244 3042/3277/3277
f 3012/3245/3245 3043/3278/3278 3044/3279/3279 3013/3246/3246
f 3045/3280/3280 3014/3247/3247 3013/3246/3246 3044/3279/3279
f 3014/3247/3247 3045/3280/3280 3046/3281/3281 3015/3248/3248
f 3015/3248/3248 3046/3281/3281 3047/3282/3282 3016/3249/3249
f 3016/3249/3249 3047/3282/3282 3048/3283/3283 3017/3250/3250
f 3017/3250/3250 3048/3283/3283 3049/3284/3284 3018/3251/3251
f 3018/3251/3251 3049/3284/3284 3050/3285/3285 3019/3252/3252
f 3019/3252/3252 3050/3285/3285 3051/3286/3286 3020/3253/3253
f 3020/3253/3253 3051/3286/3286 3052/3287/3287 3021/3254/3254
f 3021/3254/3254 3052/3287/3287 3053/3288/3288 3022/3255/3255
f 3022/3255/3255 3053/3288/3288 3054/3289/3289 3023/3256/3256
f 3023/3256/3256 3054/3289/3289 3055/3290/3290 3024/3257/3257
f 3024/3257/3257 3055/3290/3290 3056/3291/3291 3025/3258/3258
f 3025/3258/3258 3056/3291/3291 3057/3292/3292 3026/3259/3259
f 3026/3259/3259 3057/3292/3292 3058/3293/3293 3027/3260/3260
f 3027/3260/3260 3058/3293/3293 3059/3294/3294 3028/3261/3261
f 3028/3261/3261 3059/3294/3294 3060/3295/3295 3029/3262/3262
f 3060/3295/3295 4335/3296/3296 4336/3263/3263 3029/3262/3262
f 3061/3297/3297 3030/3265/3265 66/65/88 98/97/121
f 3062/3298/3298 3031/3266/3266 3030/3265/3265 3061/3297/3297
f 3063/3299/3299 3032/3267/3267 3031/3266/3266 3062/3298/3298
f 3064/3300/3300 3033/3268/3268 3032/3267/3267 3063/3299/3299
f 3065/3301/3301 3034/3269/3269 3033/3268/3268 3064/3300/3300
f 3066/3302/3302 3035/3270/3270 3034/3269/3269 3065/3301/3301
f 3067/3303/3303 3036/3271/3271 3035/3270/3270 3066/3302/3302
f 3068/3304/3304 3037/3272/3272 3036/3271/3271 3067/3303/3303
f 3069/3305/3305 3038/3273/3273 3037/3272/3272 3068/3304/3304
f 3070/3306/3306 3039/3274/3274 3038/3273/3273 3069/3305/3305
f 3071/3307/3307 3040/3275/3275 3039/3274/3274 3070/3306/3306
f 3072/3308/3308 3041/3276/3276 3040/3275/3275 3071/3307/3307
f 3073/3309/3309 3042/3277/3277 3041/3276/3276 3072/3308/3308
f 3074/3310/3310 3043/3278/3278 3042/3277/3277 3073/3309/3309
f 3075/3311/3311 3044/3279/3279 3043/3278/3278 3074/3310/3310
f 3076/3312/3312 3045/3280/3280 3044/3279/3279 3075/3311/3311
f 3045/3280/3280 3076/3312/3312 3077/3313/3313 3046/3281/3281
f 3046/3281/3281 3077/3313/3313 3078/3314/3314 3047/3282/3282
f 3048/3283/3283 3047/3282/3282 3078/3314/3314 3079/3315/3315
f 3048/3283/3283 3079/3315/3315 3080/3316/3316 3049/3284/3284
f 3049/3284/3284 3080/3316/3316 3081/3317/3317 3050/3285/3285
f 3050/3285/3285 3081/3317/3317 3082/3318/3318 3051/3286/3286
f 3051/3286/3286 3082/3318/3318 3083/3319/3319 3052/3287/3287
f 3052/3287/3287 3083/3319/3319 3084/3320/3320 3053/3288/3288
f 3053/3288/3288 3084/3320/3320 3085/3321/3321 3054/3289/3289
f 3054/3289/3289 3085/3321/3321 3086/3322/3322 3055/3290/3290
f 3055/3290/3290 3086/3322/3322 3087/3323/3323 3056/3291/3291
f 3056/3291/3291 3087/3323/3323 3088/3324/3324 3057/3292/3292
f 3057/3292/3292 3088/3324/3324 3089/3325/3325 3058/3293/3293
f 3058/3293/3293 3089/3325/3325 3090/3326/3326 3059/3294/3294
f 3059/3294/3294 3090/3326/3326 3091/3327/3327 3060/3295/3295
f 3091/3327/3327 4334/3328/3328 4335/3296/3296 3060/3295/3295
f 3092/3329/3329 3061/3297/3297 98/97/121 130/129/154
f 3093/3330/3330 3062/3298/3298 3061/3297/3297 3092/3329/3329
f 3094/3331/3331 3063/3299/3299 3062/3298/3298 3093/3330/3330
f 3095/3332/3332 3064/3300/3300 3063/3299/3299 3094/3331/3331
f 3096/3333/3333 3065/3301/3301 3064/3300/3300 3095/3332/3332
f 3097/3334/3334 3066/3302/3302 3065/3301/3301 3096/3333/3333
f 3098/3335/3335 3067/3303/3303 3066/3302/3302 3097/3334/3334
f 3099/3336/3336 3068/3304/3304 3067/3303/3303 3098/3335/3335
f 3100/3337/3337 3069/3305/3305 3068/3304/3304 3099/3336/3336
f 3101/3338/3338 3070/3306/3306 3069/3305/3305 3100/3337/3337
f 3102/3339/3339 3071/3307/3307 3070/3306/3306 3101/3338/3338
f 3103/3340/3340 3072/3308/3308 3071/3307/3307 3102/3339/3339
f 3104/3341/3341 3073/3309/3309 3072/3308/3308 3103/3340/3340
f 3105/3342/3342 3074/3310/3310 3073/3309/3309 3104/3341/3341
f 3106/3343/3343 3075/3311/3311 3074/3310/3310 3105/3342/3342
f 3107/3344/3344 3076/3312/3312 3075/3311/3311 3106/3343/3343
f 3108/3345/3345 3077/3313/3313 3076/3312/3312 3107/3344/3344
f 3109/3346/3346 3078/3314/3314 3077/3313/3313 3108/3345/3345
f 3110/3347/3347 3079/3315/3315 3078/3314/3314 3109/3346/3346
f 3079/3315/3315 3110/3347/3347 3111/3348/3348 3080/3316/3316
f 3080/3316/3316 3111/3348/3348 3112/3349/3349 3081/3317/3317
f 3112/3349/3349 3113/3350/3350 3082/3318/3318 3081/3317/3317
f 3082/3318/3318 3113/3350/3350 3114/3351/3351 3083/3319/3319
f 3083/3319/3319 3114/3351/3351 3115/3352/3352 3084/3320/3320
f 3084/3320/3320 3115/3352/3352 3116/3353/3353 3085/3321/3321
f 3085/3321/3321 3116/3353/3353 3117/3354/3354 3086/3322/3322
f 3086/3322/3322 3117/3354/3354 3118/3355/3355 3087/3323/3323
f 3087/3323/3323 3118/3355/3355 3119/3356/3356 3088/3324/3324
f 3088/3324/3324 3119/3356/3356 3120/3357/3357 3089/3325/3325
f 3089/3325/3325 3120/3357/3357 3121/3358/3358 3090/3326/3326
f 3090/3326/3326 3121/3358/3358 3122/3359/3359 3091/3327/3327
f 3122/3359/3359 4333/3360/3360 4334/3328/3328 3091/3327/3327
f 3123/3361/3361 3092/3329/3329 130/129/154 162/161/187
f 3124/3362/3362 3093/3330/3330 3092/3329/3329 3123/3361/3361
f 3125/3363/3363 3094/3331/3331 3093/3330/3330 3124/3362/3362
f 3126/3364/3364 3095/3332/3332 3094/3331/3331 3125/3363/3363
f 3127/3365/3365 3096/3333/3333 3095/3332/3332 3126/3364/3364
f 3128/3366/3366 3097/3334/3334 3096/3333/3333 3127/3365/3365
f 3129/3367/3367 3098/3335/3335 3097/3334/3334 3128/3366/3366
f 3130/3368/3368 3099/3336/3336 3098/3335/3335 3129/3367/3367
f 3131/3369/3369 3100/3337/3337 3099/3336/3336 3130/3368/3368
f 3132/3370/3370 3101/3338/3338 3100/3337/3337 3131/3369/3369
f 3133/3371/3371 3102/3339/3339 3101/3338/3338 3132/3370/3370
f 3134/3372/3372 3103/3340/3340 3102/3339/3339 3133/3371/3371
f 3135/3373/3373 3104/3341/3341 3103/3340/3340 3134/3372/3372
f 3136/3374/3374 3105/3342/3342 3104/3341/3341 3135/3373/3373
f 3137/3375/3375 3106/3343/3343 3105/3342/3342 3136/3374/3374
f 3138/3376/3376 3107/3344/3344 3106/3343/3343 3137/3375/3375
f 3139/3377/3377 3108/3345/3345 3107/3344/3344 3138/3376/3376
f 3140/3378/3378 3109/3346/3346 3108/3345/3345 3139/3377/3377
f 3141/3379/3379 3110/3347/3347 3109/3346/3346 3140/3378/3378
f 3142/3380/3380 3111/3348/3348 3110/3347/3347 3141/3379/3379
f 3143/3381/3381 3112/3349/3349 3111/3348/3348 3142/3380/3380
f 3144/3382/3382 3113/3350/3350 3112/3349/3349 3143/3381/3381
f 3113/3350/3350 3144/3382/3382 3145/3383/3383 3114/3351/3351
f 3114/3351/3351 3145/3383/3383 3146/3384/3384 3115/3352/3352
f 3146/3384/3384 3147/3385/3385 3116/3353/3353 3115/3352/3352
f 3116/3353/3353 3147/3385/3385 3148/3386/3386 3117/3354/3354
f 3117/3354/3354 3148/3386/3386 3149/3387/3387 3118/3355/3355
f 3118/3355/3355 3149/3387/3387 3150/3388/3388 3119/3356/3356
f 3119/3356/3356 3150/3388/3388 3151/3389/3389 3120/3357/3357
f 3120/3357/3357 3151/3389/3389 3152/3390/3390 3121/3358/3358
f 3121/3358/3358 3152/3390/3390 3153/3391/3391 3122/3359/3359
f 4332/3392/3392 4333/3360/3360 3122/3359/3359 3153/3391/3391
f 3154/3393/3393 3123/3361/3361 162/161/187 194/193/220
f 3155/3394/3394 3124/3362/3362 3123/3361/3361 3154/3393/3393
f 3156/3395/3395 3125/3363/3363 3124/3362/3362 3155/3394/3394
f 3157/3396/3396 3126/3364/3364 3125/3363/3363 3156/3395/3395
f 3158/3397/3397 3127/3365/3365 3126/3364/3364 3157/3396/3396
f 3159/3398/3398 3128/3366/3366 3127/3365/3365 3158/3397/3397
f 3160/3399/3399 3129/3367/3367 3128/3366/3366 3159/3398/3398
f 3161/3400/3400 3130/3368/3368 3129/3367/3367 3160/3399/3399
f 3162/3401/3401 3131/3369/3369 3130/3368/3368 3161/3400/3400
f 3163/3402/3402 3132/3370/3370 3131/3369/3369 3162/3401/3401
f 3164/3403/3403 3133/3371/3371 3132/3370/3370 3163/3402/3402
f 3165/3404/3404 3134/3372/3372 3133/3371/3371 3164/3403/3403
f 3166/3405/3405 3135/3373/3373 3134/3372/3372 3165/3404/3404
f 3167/3406/3406 3136/3374/3374 3135/3373/3373 3166/3405/3405
f 3168/3407/3407 3137/3375/3375 3136/3374/3374 3167/3406/3406
f 3169/3408/3408 3138/3376/3376 3137/3375/3375 3168/3407/3407
f 3170/3409/3409 3139/3377/3377 3138/3376/3376 3169/3408/3408
f 3171/3410/3410 3140/3378/3378 3139/3377/3377 3170/3409/3409
f 3172/3411/3411 3141/3379/3379 3140/3378/3378 3171/3410/3410
f 3173/3412/3412 3142/3380/3380 3141/3379/3379 3172/3411/3411
f 3174/3413/3413 3143/3381/3381 3142/3380/3380 3173/3412/3412
f 3175/3414/3414 3144/3382/3382 3143/3381/3381 3174/3413/3413
f 3176/3415/3415 3145/3383/3383 3144/3382/3382 3175/3414/3414
f 3177/3416/3416 3146/3384/3384 3145/3383/3383 3176/3415/3415
f 3178/3417/3417 3147/3385/3385 3146/3384/3384 3177/3416/3416
f 3148/3386/3386 3147/3385/3385 3178/3417/3417 3179/3418/3418
f 3149/3387/3387 3148/3386/3386 3179/3418/3418 3180/3419/3419
f 3150/3388/3388 3149/3387/3387 3180/3419/3419 3181/3420/3420
f 3150/3388/3388 3181/3420/3420 3182/3421/3421 3151/3389/3389
f 3151/3389/3389 3182/3421/3421 3183/3422/3422 3152/3390/3390
f 3152/3390/3390 3183/3422/3422 3184/3423/3423 3153/3391/3391
f 4332/3392/3392 3153/3391/3391 3184/3423/3423 4331/3424/3424
f 3185/3425/3425 3154/3393/3393 194/193/220 226/225/253
f 3186/3426/3426 3155/3394/3394 3154/3393/3393 3185/3425/3425
f 3187/3427/3427 3156/3395/3395 3155/3394/3394 3186/3426/3426
f 3188/3428/3428 3157/3396/3396 3156/3395/3395 3187/3427/3427
f 3189/3429/3429 3158/3397/3397 3157/3396/3396 3188/3428/3428
f 3190/3430/3430 3159/3398/3398 3158/3397/3397 3189/3429/3429
f 3191/3431/3431 3160/3399/3399 3159/3398/3398 3190/3430/3430
f 3192/3432/3432 3161/3400/3400 3160/3399/3399 3191/3431/3431
f 3193/3433/3433 3162/3401/3401 3161/3400/3400 3192/3432/3432
f 3194/3434/3434 3163/3402/3402 3162/3401/3401 3193/3433/3433
f 3195/3435/3435 3164/3403/3403 3163/3402/3402 3194/3434/3434
f 3196/3436/3436 3165/3404/3404 3164/3403/3403 3195/3435/3435
f 3197/3437/3437 3166/3405/3405 3165/3404/3404 3196/3436/3436
f 3198/3438/3438 3167/3406/3406 3166/3405/3405 3197/3437/3437
f 3199/3439/3439 3168/3407/3407 3167/3406/3406 3198/3438/3438
f 3200/3440/3440 3169/3408/3408 3168/3407/3407 3199/3439/3439
f 3201/3441/3441 3170/3409/3409 3169/3408/3408 3200/3440/3440
f 3202/3442/3442 3171/3410/3410 3170/3409/3409 3201/3441/3441
f 3203/3443/3443 3172/3411/3411 3171/3410/3410 3202/3442/3442
f 3204/3444/3444 3173/3412/3412 3172/3411/3411 3203/3443/3443
f 3205/3445/3445 3174/3413/3413 3173/3412/3412 3204/3444/3444
f 3206/3446/3446 3175/3414/3414 3174/3413/3413 3205/3445/3445
f 3207/3447/3447 3176/3415/3415 3175/3414/3414 3206/3446/3446
f 3208/3448/3448 3177/3416/3416 3176/3415/3415 3207/3447/3447
f 3209/3449/3449 3178/3417/3417 3177/3416/3416 3208/3448/3448
f 3210/3450/3450 3179/3418/3418 3178/3417/3417 3209/3449/3449
f 3211/3451/3451 3180/3419/3419 3179/3418/3418 3210/3450/3450
f 3212/3452/3452 3181/3420/3420 3180/3419/3419 3211/3451/3451
f 3182/3421/3421 3181/3420/3420 3212/3452/3452 3213/3453/3453
f 3182/3421/3421 3213/3453/3453 3214/3454/3454 3183/3422/3422
f 3183/3422/3422 3214/3454/3454 3215/3455/3455 3184/3423/3423
f 3215/3455/3455 4330/3456/3456 4331/3424/3424 3184/3423/3423
f 3216/3457/3457 3185/3425/3425 226/225/253 258/257/286
f 3217/3458/3458 3186/3426/3426 3185/3425/3425 3216/3457/3457
f 3218/3459/3459 3187/3427/3427 3186/3426/3426 3217/3458/3458
f 3219/3460/3460 3188/3428/3428 3187/3427/3427 3218/3459/3459
f 3220/3461/3461 3189/3429/3429 3188/3428/3428 3219/3460/3460
f 3221/3462/3462 3190/3430/3430 3189/3429/3429 3220/3461/3461
f 3222/3463/3463 3191/3431/3431 3190/3430/3430 3221/3462/3462
f 3223/3464/3464 3192/3432/3432 3191/3431/3431 3222/3463/3463
f 3224/3465/3465 3193/3433/3433 3192/3432/3432 3223/3464/3464
f 3225/3466/3466 3194/3434/3434 3193/3433/3433 3224/3465/3465
f 3226/3467/3467 3195/3435/3435 3194/3434/3434 3225/3466/3466
f 3227/3468/3468 3196/3436/3436 3195/3435/3435 3226/3467/3467
f 3228/3469/3469 3197/3437/3437 3196/3436/3436 3227/3468/3468
f 3229/3470/3470 3198/3438/3438 3197/3437/3437 3228/3469/3469
f 3230/3471/3471 3199/3439/3439 3198/3438/3438 3229/3470/3470
f 3231/3472/3472 3200/3440/3440 3199/3439/3439 3230/3471/3471
f 3232/3473/3473 3201/3441/3441 3200/3440/3440 3231/3472/3472
f 3233/3474/3474 3202/3442/3442 3201/3441/3441 3232/3473/3473
f 3234/3475/3475 3203/3443/3443 3202/3442/3442 3233/3474/3474
f 3235/3476/3476 3204/3444/3444 3203/3443/3443 3234/3475/3475
f 3236/3477/3477 3205/3445/3445 3204/3444/3444 3235/3476/3476
f 3237/3478/3478 3206/3446/3446 3205/3445/3445 3236/3477/3477
f 3238/3479/3479 3207/3447/3447 3206/3446/3446 3237/3478/3478
f 3239/3480/3480 3208/3448/3448 3207/3447/3447 3238/3479/3479
f 3240/3481/3481 3209/3449/3449 3208/3448/3448 3239/3480/3480
f 3241/3482/3482 3210/3450/3450 3209/3449/3449 3240/3481/3481
f 3242/3483/3483 3211/3451/3451 3210/3450/3450 3241/3482/3482
f 3243/3484/3484 3212/3452/3452 3211/3451/3451 3242/3483/3483
f 3244/3485/3485 3213/3453/3453 3212/3452/3452 3243/3484/3484
f 3214/3454/3454 3213/3453/3453 3244/3485/3485 3245/3486/3486
f 3214/3454/3454 3245/3486/3486 3246/3487/3487 3215/3455/3455
f 3246/3487/3487 4329/3488/3488 4330/3456/3456 3215/3455/3455
f 3247/3489/3489 3216/3457/3457 258/257/286 290/289/319
f 3248/3490/3490 3217/3458/3458 3216/3457/3457 3247/3489/3489
f 3249/3491/3491 3218/3459/3459 3217/3458/3458 3248/3490/3490
f 3250/3492/3492 3219/3460/3460 3218/3459/3459 3249/3491/3491
f 3251/3493/3493 3220/3461/3461 3219/3460/3460 3250/3492/3492
f 3252/3494/3494 3221/3462/3462 3220/3461/3461 3251/3493/3493
f 3253/3495/3495 3222/3463/3463 3221/3462/3462 3252/3494/3494
f 3254/3496/3496 3223/3464/3464 3222/3463/3463 3253/3495/3495
f 3255/3497/3497 3224/3465/3465 3223/3464/3464 3254/3496/3496
f 3256/3498/3498 3225/3466/3466 3224/3465/3465 3255/3497/3497
f 3257/3499/3499 3226/3467/3467 3225/3466/3466 3256/3498/3498
f 3258/3500/3500 3227/3468/3468 3226/3467/3467 3257/3499/3499
f 3259/3501/3501 3228/3469/3469 3227/3468/3468 3258/3500/3500
f 3260/3502/3502 3229/3470/3470 3228/3469/3469 3259/3501/3501
f 3261/3503/3503 3230/3471/3471 3229/3470/3470 3260/3502/3502
f 3262/3504/3504 3231/3472/3472 3230/3471/3471 3261/3503/3503
f 3263/3505/3505 3232/3473/3473 3231/3472/3472 3262/3504/3504
f 3264/3506/3506 3233/3474/3474 3232/3473/3473 3263/3505/3505
f 3265/3507/3507 3234/3475/3475 3233/3474/3474 3264/3506/3506
f 3266/3508/3508 3235/3476/3476 3234/3475/3475 3265/3507/3507
f 3267/3509/3509 3236/3477/3477 3235/3476/3476 3266/3508/3508
f 3268/3510/3510 3237/3478/3478 3236/3477/3477 3267/3509/3509
f 3269/3511/3511 3238/3479/3479 3237/3478/3478 3268/3510/3510
f 3270/3512/3512 3239/3480/3480 3238/3479/3479 3269/3511/3511
f 3271/3513/3513 3240/3481/3481 3239/3480/3480 3270/3512/3512
f 3272/3514/3514 3241/3482/3482 3240/3481/3481 3271/3513/3513
f 3273/3515/3515 3242/3483/3483 3241/3482/3482 3272/3514/3514
f 3274/3516/3516 3243/3484/3484 3242/3483/3483 3273/3515/3515
f 3275/3517/3517 3244/3485/3485 3243/3484/3484 3274/3516/3516
f 3276/3518/3518 3245/3486/3486 3244/3485/3485 3275/3517/3517
f 3277/3519/3519 3246/3487/3487 3245/3486/3486 3276/3518/3518
f 4328/3520/3520 4329/3488/3488 3246/3487/3487 3277/3519/3519
f 3278/3521/3521 3247/3489/3489 290/289/319 322/321/352
f 3279/3522/3522 3248/3490/3490 3247/3489/3489 3278/3521/3521
f 3280/3523/3523 3249/3491/3491 3248/3490/3490 3279/3522/3522
f 3281/3524/3524 3250/3492/3492 3249/3491/3491 3280/3523/3523
f 3282/3525/3525 3251/3493/3493 3250/3492/3492 3281/3524/3524
f 3283/3526/3526 3252/3494/3494 3251/3493/3493 3282/3525/3525
f 3284/3527/3527 3253/3495/3495 3252/3494/3494 3283/3526/3526
f 3285/3528/3528 3254/3496/3496 3253/3495/3495 3284/3527/3527
f 3286/3529/3529 3255/3497/3497 3254/3496/3496 3285/3528/3528
f 3287/3530/3530 3256/3498/3498 3255/3497/3497 3286/3529/3529
f 3288/3531/3531 3257/3499/3499 3256/3498/3498 3287/3530/3530
f 3289/3532/3532 3258/3500/3500 3257/3499/3499 3288/3531/3531
f 3290/3533/3533 3259/3501/3501 3258/3500/3500 3289/3532/3532
f 3291/3534/3534 3260/3502/3502 3259/3501/3501 3290/3533/3533
f 3292/3535/3535 3261/3503/3503 3260/3502/3502 3291/3534/3534
f 3293/3536/3536 3262/3504/3504 3261/3503/3503 3292/3535/3535
f 3294/3537/3537 3263/3505/3505 3262/3504/3504 3293/3536/3536
f 3295/3538/3538 3264/3506/3506 3263/3505/3505 3294/3537/3537
f 3296/3539/3539 3265/3507/3507 3264/3506/3506 3295/3538/3538
f 3297/3540/3540 3266/3508/3508 3265/3507/3507 3296/3539/3539
f 3298/3541/3541 3267/3509/3509 3266/3508/3508 3297/3540/3540
f 3299/3542/3542 3268/3510/3510 3267/3509/3509 3298/3541/3541
f 3300/3543/3543 3269/3511/3511 3268/3510/3510 3299/3542/3542
f 3301/3544/3544 3270/3512/3512 3269/3511/3511 3300/3543/3543
f 3302/3545/3545 3271/3513/3513 3270/3512/3512 3301/3544/3544
f 3303/3546/3546 3272/3514/3514 3271/3513/3513 3302/3545/3545
f 3304/3547/3547 3273/3515/3515 3272/3514/3514 3303/3546/3546
f 3305/3548/3548 3274/3516/3516 3273/3515/3515 3304/3547/3547
f 3306/3549/3549 3275/3517/3517 3274/3516/3516 3305/3548/3548
f 3307/3550/3550 3276/3518/3518 3275/3517/3517 3306/3549/3549
f 3308/3551/3551 3277/3519/3519 3276/3518/3518 3307/3550/3550
f 3309/3552/3552 3278/3521/3521 322/321/352 354/353/384
f 3310/3553/3553 3279/3522/3522 3278/3521/3521 3309/3552/3552
f 3311/3554/3554 3280/3523/3523 3279/3522/3522 3310/3553/3553
f 3312/3555/3555 3281/3524/3524 3280/3523/3523 3311/3554/3554
f 3313/3556/3556 3282/3525/3525 3281/3524/3524 3312/3555/3555
f 3314/3557/3557 3283/3526/3526 3282/3525/3525 3313/3556/3556
f 3315/3558/3558 3284/3527/3527 3283/3526/3526 3314/3557/3557
f 3316/3559/3559 3285/3528/3528 3284/3527/3527 3315/3558/3558
f 3317/3560/3560 3286/3529/3529 3285/3528/3528 3316/3559/3559
f 3318/3561/3561 3287/3530/3530 3286/3529/3529 3317/3560/3560
f 3319/3562/3562 3288/3531/3531 3287/3530/3530 3318/3561/3561
f 3320/3563/3563 3289/3532/3532 3288/3531/3531 3319/3562/3562
f 3321/3564/3564 3290/3533/3533 3289/3532/3532 3320/3563/3563
f 3322/3565/3565 3291/3534/3534 3290/3533/3533 3321/3564/3564
f 3323/3566/3566 3292/3535/3535 3291/3534/3534 3322/3565/3565
f 3324/3567/3567 3293/3536/3536 3292/3535/3535 3323/3566/3566
f 3325/3568/3568 3294/3537/3537 3293/3536/3536 3324/3567/3567
f 3326/3569/3569 3295/3538/3538 3294/3537/3537 3325/3568/3568
f 3327/3570/3570 3296/3539/3539 3295/3538/3538 3326/3569/3569
f 3328/3571/3571 3297/3540/3540 3296/3539/3539 3327/3570/3570
f 3329/3572/3572 3298/3541/3541 3297/3540/3540 3328/3571/3571
f 3330/3573/3573 3299/3542/3542 3298/3541/3541 3329/3572/3572
f 3331/3574/3574 3300/3543/3543 3299/3542/3542 3330/3573/3573
f 3332/3575/3575 3301/3544/3544 3300/3543/3543 3331/3574/3574
f 3333/3576/3576 3302/3545/3545 3301/3544/3544 3332/3575/3575
f 3334/3577/3577 3303/3546/3546 3302/3545/3545 3333/3576/3576
f 3335/3578/3578 3304/3547/3547 3303/3546/3546 3334/3577/3577
f 3336/3579/3579 3305/3548/3548 3304/3547/3547 3335/3578/3578
f 3337/3580/3580 3306/3549/3549 3305/3548/3548 3336/3579/3579
f 3338/3581/3581 3307/3550/3550 3306/3549/3549 3337/3580/3580
f 3339/3582/3582 3308/3551/3551 3307/3550/3550 3338/3581/3581
f 3340/3583/3583 3309/3552/3552 354/353/384 386/385/416
f 3341/3584/3584 3310/3553/3553 3309/3552/3552 3340/3583/3583
f 3342/3585/3585 3311/3554/3554 3310/3553/3553 3341/3584/3584
f 3343/3586/3586 3312/3555/3555 3311/3554/3554 3342/3585/3585
f 3344/3587/3587 3313/3556/3556 3312/3555/3555 3343/3586/3586
f 3345/3588/3588 3314/3557/3557 3313/3556/3556 3344/3587/3587
f 3346/3589/3589 3315/3558/3558 3314/3557/3557 3345/3588/3588
f 3347/3590/3590 3316/3559/3559 3315/3558/3558 3346/3589/3589
f 3348/3591/3591 3317/3560/3560 3316/3559/3559 3347/3590/3590
f 3349/3592/3592 3318/3561/3561 3317/3560/3560 3348/3591/3591
f 3350/3593/3593 3319/3562/3562 3318/3561/3561 3349/3592/3592
f 3351/3594/3594 3320/3563/3563 3319/3562/3562 3350/3593/3593
f 3352/3595/3595 3321/3564/3564 3320/3563/3563 3351/3594/3594
f 3353/3596/3596 3322/3565/3565 3321/3564/3564 3352/3595/3595
f 3354/3597/3597 3323/3566/3566 3322/3565/3565 3353/3596/3596
f 3355/3598/3598 3324/3567/3567 3323/3566/3566 3354/3597/3597
f 3356/3599/3599 3325/3568/3568 3324/3567/3567 3355/3598/3598
f 3357/3600/3600 3326/3569/3569 3325/3568/3568 3356/3599/3599
f 3358/3601/3601 3327/3570/3570 3326/3569/3569 3357/3600/3600
f 3359/3602/3602 3328/3571/3571 3327/3570/3570 3358/3601/3601
f 3360/3603/3603 3329/3572/3572 3328/3571/3571 3359/3602/3602
f 3361/3604/3604 3330/3573/3573 3329/3572/3572 3360/3603/3603
f 3362/3605/3605 3331/3574/3574 3330/3573/3573 3361/3604/3604
f 3363/3606/3606 3332/3575/3575 3331/3574/3574 3362/3605/3605
f 3364/3607/3607 3333/3576/3576 3332/3575/3575 3363/3606/3606
f 3365/3608/3608 3334/3577/3577 3333/3576/3576 3364/3607/3607
f 3366/3609/3609 3335/3578/3578 3334/3577/3577 3365/3608/3608
f 3367/3610/3610 3336/3579/3579 3335/3578/3578 3366/3609/3609
f 3368/3611/3611 3337/3580/3580 3336/3579/3579 3367/3610/3610
f 3369/3612/3612 3338/3581/3581 3337/3580/3580 3368/3611/3611
f 3370/3613/3613 3339/3582/3582 3338/3581/3581 3369/3612/3612
f 3371/3614/3614 3340/3583/3583 386/385/416 418/417/448
f 3372/3615/3615 3341/3584/3584 3340/3583/3583 3371/3614/3614
f 3373/3616/3616 3342/3585/3585 3341/3584/3584 3372/3615/3615
f 3374/3617/3617 3343/3586/3586 3342/3585/3585 3373/3616/3616
f 3375/3618/3618 3344/3587/3587 3343/3586/3586 3374/3617/3617
f 3376/3619/3619 3345/3588/3588 3344/3587/3587 3375/3618/3618
f 3377/3620/3620 3346/3589/3589 3345/3588/3588 3376/3619/3619
f 3378/3621/3621 3347/3590/3590 3346/3589/3589 3377/3620/3620
f 3379/3622/3622 3348/3591/3591 3347/3590/3590 3378/3621/3621
f 3380/3623/3623 3349/3592/3592 3348/3591/3591 3379/3622/3622
f 3381/3624/3624 3350/3593/3593 3349/3592/3592 3380/3623/3623
f 3382/3625/3625 3351/3594/3594 3350/3593/3593 3381/3624/3624
f 3383/3626/3626 3352/3595/3595 3351/3594/3594 3382/3625/3625
f 3384/3627/3627 3353/3596/3596 3352/3595/3595 3383/3626/3626
f 3385/3628/3628 3354/3597/3597 3353/3596/3596 3384/3627/3627
f 3386/3629/3629 3355/3598/3598 3354/3597/3597 3385/3628/3628
f 3387/3630/3630 3356/3599/3599 3355/3598/3598 3386/3629/3629
f 3388/3631/3631 3357/3600/3600 3356/3599/3599 3387/3630/3630
f 3389/3632/3632 3358/3601/3601 3357/3600/3600 3388/3631/3631
f 3390/3633/3633 3359/3602/3602 3358/3601/3601 3389/3632/3632
f 3391/3634/3634 3360/3603/3603 3359/3602/3602 3390/3633/3633
f 3392/3635/3635 3361/3604/3604 3360/3603/3603 3391/3634/3634
f 3393/3636/3636 3362/3605/3605 3361/3604/3604 3392/3635/3635
f 3394/3637/3637 3363/3606/3606 3362/3605/3605 3393/3636/3636
f 3395/3638/3638 3364/3607/3607 3363/3606/3606 3394/3637/3637
f 3396/3639/3639 3365/3608/3608 3364/3607/3607 3395/3638/3638
f 3397/3640/3640 3366/3609/3609 3365/3608/3608 3396/3639/3639
f 3398/3641/3641 3367/3610/3610 3366/3609/3609 3397/3640/3640
f 3399/3642/3642 3368/3611/3611 3367/3610/3610 3398/3641/3641
f 3400/3643/3643 3369/3612/3612 3368/3611/3611 3399/3642/3642
f 3401/3644/3644 3370/3613/3613 3369/3612/3612 3400/3643/3643
f 3402/3645/3645 3371/3614/3614 418/417/448 450/449/480
f 3403/3646/3646 3372/3615/3615 3371/3614/3614 3402/3645/3645
f 3404/3647/3647 3373/3616/3616 3372/3615/3615 3403/3646/3646
f 3405/3648/3648 3374/3617/3617 3373/3616/3616 3404/3647/3647
f 3406/3649/3649 3375/3618/3618 3374/3617/3617 3405/3648/3648
f 3407/3650/3650 3376/3619/3619 3375/3618/3618 3406/3649/3649
f 3408/3651/3651 3377/3620/3620 3376/3619/3619 3407/3650/3650
f 3409/3652/3652 3378/3621/3621 3377/3620/3620 3408/3651/3651
f 3410/3653/3653 3379/3622/3622 3378/3621/3621 3409/3652/3652
f 3411/3654/3654 3380/3623/3623 3379/3622/3622 3410/3653/3653
f 3412/3655/3655 3381/3624/3624 3380/3623/3623 3411/3654/3654
f 3413/3656/3656 3382/3625/3625 3381/3624/3624 3412/3655/3655
f 3414/3657/3657 3383/3626/3626 3382/3625/3625 3413/3656/3656
f 3415/3658/3658 3384/3627/3627 3383/3626/3626 3414/3657/3657
f 3416/3659/3659 3385/3628/3628 3384/3627/3627 3415/3658/3658
f 3417/3660/3660 3386/3629/3629 3385/3628/3628 3416/3659/3659
f 3418/3661/3661 3387/3630/3630 3386/3629/3629 3417/3660/3660
f 3419/3662/3662 3388/3631/3631 3387/3630/3630 3418/3661/3661
f 3420/3663/3663 3389/3632/3632 3388/3631/3631 3419/3662/3662
f 3421/3664/3664 3390/3633/3633 3389/3632/3632 3420/3663/3663
f 3422/3665/3665 3391/3634/3634 3390/3633/3633 3421/3664/3664
f 3423/3666/3666 3392/3635/3635 3391/3634/3634 3422/3665/3665
f 3424/3667/3667 3393/3636/3636 3392/3635/3635 3423/3666/3666
f 3425/3668/3668 3394/3637/3637 3393/3636/3636 3424/3667/3667
f 3426/3669/3669 3395/3638/3638 3394/3637/3637 3425/3668/3668
f 3427/3670/3670 3396/3639/3639 3395/3638/3638 3426/3669/3669
f 3428/3671/3671 3397/3640/3640 3396/3639/3639 3427/3670/3670
f 3429/3672/3672 3398/3641/3641 3397/3640/3640 3428/3671/3671
f 3430/3673/3673 3399/3642/3642 3398/3641/3641 3429/3672/3672
f 3431/3674/3674 3400/3643/3643 3399/3642/3642 3430/3673/3673
f 3432/3675/3675 3401/3644/3644 3400/3643/3643 3431/3674/3674
f 3433/3676/3676 3402/3645/3645 450/449/480 482/481/512
f 3434/3677/3677 3403/3646/3646 3402/3645/3645 3433/3676/3676
f 3435/3678/3678 3404/3647/3647 3403/3646/3646 3434/3677/3677
f 3436/3679/3679 3405/3648/3648 3404/3647/3647 3435/3678/3678
f 3437/3680/3680 3406/3649/3649 3405/3648/3648 3436/3679/3679
f 3438/3681/3681 3407/3650/3650 3406/3649/3649 3437/3680/3680
f 3439/3682/3682 3408/3651/3651 3407/3650/3650 3438/3681/3681
f 3440/3683/3683 3409/3652/3652 3408/3651/3651 3439/3682/3682
f 3441/3684/3684 3410/3653/3653 3409/3652/3652 3440/3683/3683
f 3442/3685/3685 3411/3654/3654 3410/3653/3653 3441/3684/3684
f 3443/3686/3686 3412/3655/3655 3411/3654/3654 3442/3685/3685
f 3444/3687/3687 3413/3656/3656 3412/3655/3655 3443/3686/3686
f 3445/3688/3688 3414/3657/3657 3413/3656/3656 3444/3687/3687
f 3446/3689/3689 3415/3658/3658 3414/3657/3657 3445/3688/3688
f 3447/3690/3690 3416/3659/3659 3415/3658/3658 3446/3689/3689
f 3448/3691/3691 3417/3660/3660 3416/3659/3659 3447/3690/3690
f 3449/3692/3692 3418/3661/3661 3417/3660/3660 3448/3691/3691
f 3450/3693/3693 3419/3662/3662 3418/3661/3661 3449/3692/3692
f 3451/3694/3694 3420/3663/3663 3419/3662/3662 3450/3693/3693
f 3452/3695/3695 3421/3664/3664 3420/3663/3663 3451/3694/3694
f 3453/3696/3696 3422/3665/3665 3421/3664/3664 3452/3695/3695
f 3454/3697/3697 3423/3666/3666 3422/3665/3665 3453/3696/3696
f 3455/3698/3698 3424/3667/3667 3423/3666/3666 3454/3697/3697
f 3456/3699/3699 3425/3668/3668 3424/3667/3667 3455/3698/3698
f 3457/3700/3700 3426/3669/3669 3425/3668/3668 3456/3699/3699
f 3458/3701/3701 3427/3670/3670 3426/3669/3669 3457/3700/3700
f 3459/3702/3702 3428/3671/3671 3427/3670/3670 3458/3701/3701
f 3460/3703/3703 3429/3672/3672 3428/3671/3671 3459/3702/3702
f 3461/3704/3704 3430/3673/3673 3429/3672/3672 3460/3703/3703
f 3462/3705/3705 3431/3674/3674 3430/3673/3673 3461/3704/3704
f 3463/3706/3706 3432/3675/3675 3431/3674/3674 3462/3705/3705
f 3464/3707/3707 3433/3676/3676 482/481/512 514/513/544
f 3465/3708/3708 3434/3677/3677 3433/3676/3676 3464/3707/3707
f 3466/3709/3709 3435/3678/3678 3434/3677/3677 3465/3708/3708
f 3467/3710/3710 3436/3679/3679 3435/3678/3678 3466/3709/3709
f 3468/3711/3711 3437/3680/3680 3436/3679/3679 3467/3710/3710
f 3469/3712/3712 3438/3681/3681 3437/3680/3680 3468/3711/3711
f 3470/3713/3713 3439/3682/3682 3438/3681/3681 3469/3712/3712
f 3471/3714/3714 3440/3683/3683 3439/3682/3682 3470/3713/3713
f 3472/3715/3715 3441/3684/3684 3440/3683/3683 3471/3714/3714
f 3473/3716/3716 3442/3685/3685 3441/3684/3684 3472/3715/3715
f 3474/3717/3717 3443/3686/3686 3442/3685/3685 3473/3716/3716
f 3475/3718/3718 3444/3687/3687 3443/3686/3686 3474/3717/3717
f 3476/3719/3719 3445/3688/3688 3444/3687/3687 3475/3718/3718
f 3477/3720/3720 3446/3689/3689 3445/3688/3688 3476/3719/3719
f 3478/3721/3721 3447/3690/3690 3446/3689/3689 3477/3720/3720
f 3479/3722/3722 3448/3691/3691 3447/3690/3690 3478/3721/3721
f 3480/3723/3723 3449/3692/3692 3448/3691/3691 3479/3722/3722
f 3481/3724/3724 3450/3693/3693 3449/3692/3692 3480/3723/3723
f 3482/3725/3725 3451/3694/3694 3450/3693/3693 3481/3724/3724
f 3483/3726/3726 3452/3695/3695 3451/3694/3694 3482/3725/3725
f 3484/3727/3727 3453/3696/3696 3452/3695/3695 3483/3726/3726
f 3485/3728/3728 3454/3697/3697 3453/3696/3696 3484/3727/3727
f 3486/3729/3729 3455/3698/3698 3454/3697/3697 3485/3728/3728
f 3487/3730/3730 3456/3699/3699 3455/3698/3698 3486/3729/3729
f 3488/3731/3731 3457/3700/3700 3456/3699/3699 3487/3730/3730
f 3489/3732/3732 3458/3701/3701 3457/3700/3700 3488/3731/3731
f 3490/3733/3733 3459/3702/3702 3458/3701/3701 3489/3732/3732
f 3491/3734/3734 3460/3703/3703 3459/3702/3702 3490/3733/3733
f 3492/3735/3735 3461/3704/3704 3460/3703/3703 3491/3734/3734
f 3493/3736/3736 3462/3705/3705 3461/3704/3704 3492/3735/3735
f 3494/3737/3737 3463/3706/3706 3462/3705/3705 3493/3736/3736
f 3495/3738/3738 3464/3707/3707 514/513/544 546/545/576
f 3496/3739/3739 3465/3708/3708 3464/3707/3707 3495/3738/3738
f 3497/3740/3740 3466/3709/3709 3465/3708/3708 3496/3739/3739
f 3498/3741/3741 3467/3710/3710 3466/3709/3709 3497/3740/3740
f 3499/3742/3742 3468/3711/3711 3467/3710/3710 3498/3741/3741
f 3500/3743/3743 3469/3712/3712 3468/3711/3711 3499/3742/3742
f 3501/3744/3744 3470/3713/3713 3469/3712/3712 3500/3743/3743
f 3502/3745/3745 3471/3714/3714 3470/3713/3713 3501/3744/3744
f 3503/3746/3746 3472/3715/3715 3471/3714/3714 3502/3745/3745
f 3504/3747/3747 3473/3716/3716 3472/3715/3715 3503/3746/3746
f 3505/3748/3748 3474/3717/3717 3473/3716/3716 3504/3747/3747
f 3506/3749/3749 3475/3718/3718 3474/3717/3717 3505/3748/3748
f 3507/3750/3750 3476/3719/3719 3475/3718/3718 3506/3749/3749
f 3508/3751/3751 3477/3720/3720 3476/3719/3719 3507/3750/3750
f 3509/3752/3752 3478/3721/3721 3477/3720/3720 3508/3751/3751
f 3510/3753/3753 3479/3722/3722 3478/3721/3721 3509/3752/3752
f 3511/3754/3754 3480/3723/3723 3479/3722/3722 3510/3753/3753
f 3512/3755/3755 3481/3724/3724 3480/3723/3723 3511/3754/3754
f 3513/3756/3756 3482/3725/3725 3481/3724/3724 3512/3755/3755
f 3514/3757/3757 3483/3726/3726 3482/3725/3725 3513/3756/3756
f 3515/3758/3758 3484/3727/3727 3483/3726/3726 3514/3757/3757
f 3516/3759/3759 3485/3728/3728 3484/3727/3727 3515/3758/3758
f 3517/3760/3760 3486/3729/3729 3485/3728/3728 3516/3759/3759
f 3518/3761/3761 3487/3730/3730 3486/3729/3729 3517/3760/3760
f 3519/3762/3762 3488/3731/3731 3487/3730/3730 3518/3761/3761
f 3520/3763/3763 3489/3732/3732 3488/3731/3731 3519/3762/3762
f 3521/3764/3764 3490/3733/3733 3489/3732/3732 3520/3763/3763
f 3522/3765/3765 3491/3734/3734 3490/3733/3733 3521/3764/3764
f 3523/3766/3766 3492/3735/3735 3491/3734/3734 3522/3765/3765
f 3524/3767/3767 3493/3736/3736 3492/3735/3735 3523/3766/3766
f 3525/3768/3768 3494/3737/3737 3493/3736/3736 3524/3767/3767
f 3526/3769/3769 3495/3738/3738 546/545/576 578/577/608
f 3527/3770/3770 3496/3739/3739 3495/3738/3738 3526/3769/3769
f 3528/3771/3771 3497/3740/3740 3496/3739/3739 3527/3770/3770
f 3529/3772/3772 3498/3741/3741 3497/3740/3740 3528/3771/3771
f 3530/3773/3773 3499/3742/3742 3498/3741/3741 3529/3772/3772
f 3531/3774/3774 3500/3743/3743 3499/3742/3742 3530/3773/3773
f 3532/3775/3775 3501/3744/3744 3500/3743/3743 3531/3774/3774
f 3533/3776/3776 3502/3745/3745 3501/3744/3744 3532/3775/3775
f 3534/3777/3777 3503/3746/3746 3502/3745/3745 3533/3776/3776
f 3535/3778/3778 3504/3747/3747 3503/3746/3746 3534/3777/3777
f 3536/3779/3779 3505/3748/3748 3504/3747/3747 3535/3778/3778
f 3537/3780/3780 3506/3749/3749 3505/3748/3748 3536/3779/3779
f 3538/3781/3781 3507/3750/3750 3506/3749/3749 3537/3780/3780
f 3539/3782/3782 3508/3751/3751 3507/3750/3750 3538/3781/3781
f 3540/3783/3783 3509/3752/3752 3508/3751/3751 3539/3782/3782
f 3541/3784/3784 3510/3753/3753 3509/3752/3752 3540/3783/3783
f 3542/3785/3785 3511/3754/3754 3510/3753/3753 3541/3784/3784
f 3543/3786/3786 3512/3755/3755 3511/3754/3754 3542/3785/3785
f 3544/3787/3787 3513/3756/3756 3512/3755/3755 3543/3786/3786
f 3545/3788/3788 3514/3757/3757 3513/3756/3756 3544/3787/3787
f 3546/3789/3789 3515/3758/3758 3514/3757/3757 3545/3788/3788
f 3547/3790/3790 3516/3759/3759 3515/3758/3758 3546/3789/3789
f 3548/3791/3791 3517/3760/3760 3516/3759/3759 3547/3790/3790
f 3549/3792/3792 3518/3761/3761 3517/3760/3760 3548/3791/3791
f 3550/3793/3793 3519/3762/3762 3518/3761/3761 3549/3792/3792
f 3551/3794/3794 3520/3763/3763 3519/3762/3762 3550/3793/3793
f 3552/3795/3795 3521/3764/3764 3520/3763/3763 3551/3794/3794
f 3553/3796/3796 3522/3765/3765 3521/3764/3764 3552/3795/3795
f 3554/3797/3797 3523/3766/3766 3522/3765/3765 3553/3796/3796
f 3555/3798/3798 3524/3767/3767 3523/3766/3766 3554/3797/3797
f 3556/3799/3799 3525/3768/3768 3524/3767/3767 3555/3798/3798
f 3557/3800/3800 3526/3769/3769 578/577/608 610/609/640
f 3558/3801/3801 3527/3770/3770 3526/3769/3769 3557/3800/3800
f 3559/3802/3802 3528/3771/3771 3527/3770/3770 3558/3801/3801
f 3560/3803/3803 3529/3772/3772 3528/3771/3771 3559/3802/3802
f 3561/3804/3804 3530/3773/3773 3529/3772/3772 3560/3803/3803
f 3562/3805/3805 3531/3774/3774 3530/3773/3773 3561/3804/3804
f 3563/3806/3806 3532/3775/3775 3531/3774/3774 3562/3805/3805
f 3564/3807/3807 3533/3776/3776 3532/3775/3775 3563/3806/3806
f 3565/3808/3808 3534/3777/3777 3533/3776/3776 3564/3807/3807
f 3566/3809/3809 3535/3778/3778 3534/3777/3777 3565/3808/3808
f 3567/3810/3810 3536/3779/3779 3535/3778/3778 3566/3809/3809
f 3568/3811/3811 3537/3780/3780 3536/3779/3779 3567/3810/3810
f 3569/3812/3812 3538/3781/3781 3537/3780/3780 3568/3811/3811
f 3570/3813/3813 3539/3782/3782 3538/3781/3781 3569/3812/3812
f 3571/3814/3814 3540/3783/3783 3539/3782/3782 3570/3813/3813
f 3572/3815/3815 3541/3784/3784 3540/3783/3783 3571/3814/3814
f 3573/3816/3816 3542/3785/3785 3541/3784/3784 3572/3815/3815
f 3574/3817/3817 3543/3786/3786 3542/3785/3785 3573/3816/3816
f 3575/3818/3818 3544/3787/3787 3543/3786/3786 3574/3817/3817
f 3576/3819/3819 3545/3788/3788 3544/3787/3787 3575/3818/3818
f 3577/3820/3820 3546/3789/3789 3545/3788/3788 3576/3819/3819
f 3578/3821/3821 3547/3790/3790 3546/3789/3789 3577/3820/3820
f 3579/3822/3822 3548/3791/3791 3547/3790/3790 3578/3821/3821
f 3580/3823/3823 3549/3792/3792 3548/3791/3791 3579/3822/3822
f 3581/3824/3824 3550/3793/3793 3549/3792/3792 3580/3823/3823
f 3582/3825/3825 3551/3794/3794 3550/3793/3793 3581/3824/3824
f 3583/3826/3826 3552/3795/3795 3551/3794/3794 3582/3825/3825
f 3584/3827/3827 3553/3796/3796 3552/3795/3795 3583/3826/3826
f 3585/3828/3828 3554/3797/3797 3553/3796/3796 3584/3827/3827
f 3586/3829/3829 3555/3798/3798 3554/3797/3797 3585/3828/3828
f 3587/3830/3830 3556/3799/3799 3555/3798/3798 3586/3829/3829
f 3588/3831/3831 3557/3800/3800 610/609/640 642/641/672
f 3589/3832/3832 3558/3801/3801 3557/3800/3800 3588/3831/3831
f 3590/3833/3833 3559/3802/3802 3558/3801/3801 3589/3832/3832
f 3591/3834/3834 3560/3803/3803 3559/3802/3802 3590/3833/3833
f 3592/3835/3835 3561/3804/3804 3560/3803/3803 3591/3834/3834
f 3593/3836/3836 3562/3805/3805 3561/3804/3804 3592/3835/3835
f 3594/3837/3837 3563/3806/3806 3562/3805/3805 3593/3836/3836
f 3595/3838/3838 3564/3807/3807 3563/3806/3806 3594/3837/3837
f 3596/3839/3839 3565/3808/3808 3564/3807/3807 3595/3838/3838
f 3597/3840/3840 3566/3809/3809 3565/3808/3808 3596/3839/3839
f 3598/3841/3841 3567/3810/3810 3566/3809/3809 3597/3840/3840
f 3599/3842/3842 3568/3811/3811 3567/3810/3810 3598/3841/3841
f 3600/3843/3843 3569/3812/3812 3568/3811/3811 3599/3842/3842
f 3601/3844/3844 3570/3813/3813 3569/3812/3812 3600/3843/3843
f 3602/3845/3845 3571/3814/3814 3570/3813/3813 3601/3844/3844
f 3603/3846/3846 3572/3815/3815 3571/3814/3814 3602/3845/3845
f 3604/3847/3847 3573/3816/3816 3572/3815/3815 3603/3846/3846
f 3605/3848/3848 3574/3817/3817 3573/3816/3816 3604/3847/3847
f 3606/3849/3849 3575/3818/3818 3574/3817/3817 3605/3848/3848
f 3607/3850/3850 3576/3819/3819 3575/3818/3818 3606/3849/3849
f 3608/3851/3851 3577/3820/3820 3576/3819/3819 3607/3850/3850
f 3609/3852/3852 3578/3821/3821 3577/3820/3820 3608/3851/3851
f 3610/3853/3853 3579/3822/3822 3578/3821/3821 3609/3852/3852
f 3611/3854/3854 3580/3823/3823 3579/3822/3822 3610/3853/3853
f 3612/3855/3855 3581/3824/3824 3580/3823/3823 3611/3854/3854
f 3613/3856/3856 3582/3825/3825 3581/3824/3824 3612/3855/3855
f 3614/3857/3857 3583/3826/3826 3582/3825/3825 3613/3856/3856
f 3615/3858/3858 3584/3827/3827 3583/3826/3826 3614/3857/3857
f 3616/3859/3859 3585/3828/3828 3584/3827/3827 3615/3858/3858
f 3617/3860/3860 3586/3829/3829 3585/3828/3828 3616/3859/3859
f 3618/3861/3861 3587/3830/3830 3586/3829/3829 3617/3860/3860
f 3619/3862/3862 3588/3831/3831 642/641/672 674/673/704
f 3620/3863/3863 3589/3832/3832 3588/3831/3831 3619/3862/3862
f 3621/3864/3864 3590/3833/3833 3589/3832/3832 3620/3863/3863
f 3622/3865/3865 3591/3834/3834 3590/3833/3833 3621/3864/3864
f 3623/3866/3866 3592/3835/3835 3591/3834/3834 3622/3865/3865
f 3624/3867/3867 3593/3836/3836 3592/3835/3835 3623/3866/3866
f 3625/3868/3868 3594/3837/3837 3593/3836/3836 3624/3867/3867
f 3626/3869/3869 3595/3838/3838 3594/3837/3837 3625/3868/3868
f 3627/3870/3870 3596/3839/3839 3595/3838/3838 3626/3869/3869
f 3628/3871/3871 3597/3840/3840 3596/3839/3839 3627/3870/3870
f 3629/3872/3872 3598/3841/3841 3597/3840/3840 3628/3871/3871
f 3630/3873/3873 3599/3842/3842 3598/3841/3841 3629/3872/3872
f 3631/3874/3874 3600/3843/3843 3599/3842/3842 3630/3873/3873
f 3632/3875/3875 3601/3844/3844 3600/3843/3843 3631/3874/3874
f 3633/3876/3876 3602/3845/3845 3601/3844/3844 3632/3875/3875
f 3634/3877/3877 3603/3846/3846 3602/3845/3845 3633/3876/3876
f 3635/3878/3878 3604/3847/3847 3603/3846/3846 3634/3877/3877
f 3636/3879/3879 3605/3848/3848 3604/3847/3847 3635/3878/3878
f 3637/3880/3880 3606/3849/3849 3605/3848/3848 3636/3879/3879
f 3638/3881/3881 3607/3850/3850 3606/3849/3849 3637/3880/3880
f 3639/3882/3882 3608/3851/3851 3607/3850/3850 3638/3881/3881
f 3640/3883/3883 3609/3852/3852 3608/3851/3851 3639/3882/3882
f 3641/3884/3884 3610/3853/3853 3609/3852/3852 3640/3883/3883
f 3642/3885/3885 3611/3854/3854 3610/3853/3853 3641/3884/3884
f 3643/3886/3886 3612/3855/3855 3611/3854/3854 3642/3885/3885
f 3644/3887/3887 3613/3856/3856 3612/3855/3855 3643/3886/3886
f 3645/3888/3888 3614/3857/3857 3613/3856/3856 3644/3887/3887
f 3646/3889/3889 3615/3858/3858 3614/3857/3857 3645/3888/3888
f 3647/3890/3890 3616/3859/3859 3615/3858/3858 3646/3889/3889
f 3648/3891/3891 3617/3860/3860 3616/3859/3859 3647/3890/3890
f 3649/3892/3892 3618/3861/3861 3617/3860/3860 3648/3891/3891
f 3650/3893/3893 3619/3862/3862 674/673/704 706/705/736
f 3651/3894/3894 3620/3863/3863 3619/3862/3862 3650/3893/3893
f 3652/3895/3895 3621/3864/3864 3620/3863/3863 3651/3894/3894
f 3653/3896/3896 3622/3865/3865 3621/3864/3864 3652/3895/3895
f 3654/3897/3897 3623/3866/3866 3622/3865/3865 3653/3896/3896
f 3655/3898/3898 3624/3867/3867 3623/3866/3866 3654/3897/3897
f 3656/3899/3899 3625/3868/3868 3624/3867/3867 3655/3898/3898
f 3657/3900/3900 3626/3869/3869 3625/3868/3868 3656/3899/3899
f 3658/3901/3901 3627/3870/3870 3626/3869/3869 3657/3900/3900
f 3659/3902/3902 3628/3871/3871 3627/3870/3870 3658/3901/3901
f 3660/3903/3903 3629/3872/3872 3628/3871/3871 3659/3902/3902
f 3661/3904/3904 3630/3873/3873 3629/3872/3872 3660/3903/3903
f 3662/3905/3905 3631/3874/3874 3630/3873/3873 3661/3904/3904
f 3663/3906/3906 3632/3875/3875 3631/3874/3874 3662/3905/3905
f 3664/3907/3907 3633/3876/3876 3632/3875/3875 3663/3906/3906
f 3665/3908/3908 3634/3877/3877 3633/3876/3876 3664/3907/3907
f 3666/3909/3909 3635/3878/3878 3634/3877/3877 3665/3908/3908
f 3667/3910/3910 3636/3879/3879 3635/3878/3878 3666/3909/3909
f 3668/3911/3911 3637/3880/3880 3636/3879/3879 3667/3910/3910
f 3669/3912/3912 3638/3881/3881 3637/3880/3880 3668/3911/3911
f 3670/3913/3913 3639/3882/3882 3638/3881/3881 3669/3912/3912
f 3671/3914/3914 3640/3883/3883 3639/3882/3882 3670/3913/3913
f 3672/3915/3915 3641/3884/3884 3640/3883/3883 3671/3914/3914
f 3673/3916/3916 3642/3885/3885 3641/3884/3884 3672/3915/3915
f 3674/3917/3917 3643/3886/3886 3642/3885/3885 3673/3916/3916
f 3675/3918/3918 3644/3887/3887 3643/3886/3886 3674/3917/3917
f 3676/3919/3919 3645/3888/3888 3644/3887/3887 3675/3918/3918
f 3677/3920/3920 3646/3889/3889 3645/3888/3888 3676/3919/3919
f 3678/3921/3921 3647/3890/3890 3646/3889/3889 3677/3920/3920
f 3679/3922/3922 3648/3891/3891 3647/3890/3890 3678/3921/3921
f 3680/3923/3923 3649/3892/3892 3648/3891/3891 3679/3922/3922
f 5841/3924/3924 3650/3893/3893 706/705/736 2965/3178/768
f 5840/3925/3925 3651/3894/3894 3650/3893/3893 5841/3924/3924
f 5839/3926/3926 3652/3895/3895 3651/3894/3894 5840/3925/3925
f 5838/3927/3927 3653/3896/3896 3652/3895/3895 5839/3926/3926
f 5837/3928/3928 3654/3897/3897 3653/3896/3896 5838/3927/3927
f 5836/3929/3929 3655/3898/3898 3654/3897/3897 5837/3928/3928
f 5835/3930/3930 3656/3899/3899 3655/3898/3898 5836/3929/3929
f 5834/3931/3931 3657/3900/3900 3656/3899/3899 5835/3930/3930
f 5833/3932/3932 3658/3901/3901 3657/3900/3900 5834/3931/3931
f 5832/3933/3933 3659/3902/3902 3658/3901/3901 5833/3932/3932
f 5831/3934/3934 3660/3903/3903 3659/3902/3902 5832/3933/3933
f 5830/3935/3935 3661/3904/3904 3660/3903/3903 5831/3934/3934
f 5829/3936/3936 3662/3905/3905 3661/3904/3904 5830/3935/3935
f 5828/3937/3937 3663/3906/3906 3662/3905/3905 5829/3936/3936
f 5827/3938/3938 3664/3907/3907 3663/3906/3906 5828/3937/3937
f 5826/3939/3939 3665/3908/3908 3664/3907/3907 5827/3938/3938
f 5825/3940/3940 3666/3909/3909 3665/3908/3908 5826/3939/3939
f 5824/3941/3941 3667/3910/3910 3666/3909/3909 5825/3940/3940
f 5823/3942/3942 3668/3911/3911 3667/3910/3910 5824/3941/3941
f 5822/3943/3943 3669/3912/3912 3668/3911/3911 5823/3942/3942
f 5821/3944/3944 3670/3913/3913 3669/3912/3912 5822/3943/3943
f 5820/3945/3945 3671/3914/3914 3670/3913/3913 5821/3944/3944
f 5819/3946/3946 3672/3915/3915 3671/3914/3914 5820/3945/3945
f 5818/3947/3947 3673/3916/3916 3672/3915/3915 5819/3946/3946
f 5817/3948/3948 3674/3917/3917 3673/3916/3916 5818/3947/3947
f 5816/3949/3949 3675/3918/3918 3674/3917/3917 5817/3948/3948
f 5815/3950/3950 3676/3919/3919 3675/3918/3918 5816/3949/3949
f 5814/3951/3951 3677/3920/3920 3676/3919/3919 5815/3950/3950
f 5813/3952/3952 3678/3921/3921 3677/3920/3920 5814/3951/3951
f 5812/3953/3953 3679/3922/3922 3678/3921/3921 5813/3952/3952
f 5811/3954/3954 3680/3923/3923 3679/3922/3922 5812/3953/3953
f 3712/3955/3955 3681/3956/3956 738/737/801 770/769/800
f 3713/3957/3957 3682/3958/3958 3681/3956/3956 3712/3955/3955
f 3714/3959/3959 3683/3960/3960 3682/3958/3958 3713/3957/3957
f 3715/3961/3961 3684/3962/3962 3683/3960/3960 3714/3959/3959
f 3716/3963/3963 3685/3964/3964 3684/3962/3962 3715/3961/3961
f 3717/3965/3965 3686/3966/3966 3685/3964/3964 3716/3963/3963
f 3718/3967/3967 3687/3968/3968 3686/3966/3966 3717/3965/3965
f 3719/3969/3969 3688/3970/3970 3687/3968/3968 3718/3967/3967
f 3720/3971/3971 3689/3972/3972 3688/3970/3970 3719/3969/3969
f 3721/3973/3973 3690/3974/3974 3689/3972/3972 3720/3971/3971
f 3722/3975/3975 3691/3976/3976 3690/3974/3974 3721/3973/3973
f 3723/3977/3977 3692/3978/3978 3691/3976/3976 3722/3975/3975
f 3724/3979/3979 3693/3980/3980 3692/3978/3978 3723/3977/3977
f 3725/3981/3981 3694/3982/3982 3693/3980/3980 3724/3979/3979
f 3726/3983/3983 3695/3984/3984 3694/3982/3982 3725/3981/3981
f 3727/3985/3985 3696/3986/3986 3695/3984/3984 3726/3983/3983
f 3728/3987/3987 3697/3988/3988 3696/3986/3986 3727/3985/3985
f 3729/3989/3989 3698/3990/3990 3697/3988/3988 3728/3987/3987
f 3730/3991/3991 3699/3992/3992 3698/3990/3990 3729/3989/3989
f 3731/3993/3993 3700/3994/3994 3699/3992/3992 3730/3991/3991
f 3732/3995/3995 3701/3996/3996 3700/3994/3994 3731/3993/3993
f 3733/3997/3997 3702/3998/3998 3701/3996/3996 3732/3995/3995
f 3734/3999/3999 3703/4000/4000 3702/3998/3998 3733/3997/3997
f 3735/4001/4001 3704/4002/4002 3703/4000/4000 3734/3999/3999
f 3736/4003/4003 3705/4004/4004 3704/4002/4002 3735/4001/4001
f 3737/4005/4005 3706/4006/4006 3705/4004/4004 3736/4003/4003
f 3738/4007/4007 3707/4008/4008 3706/4006/4006 3737/4005/4005
f 3739/4009/4009 3708/4010/4010 3707/4008/4008 3738/4007/4007
f 3740/4011/4011 3709/4012/4012 3708/4010/4010 3739/4009/4009
f 3741/4013/4013 3710/4014/4014 3709/4012/4012 3740/4011/4011
f 3742/4015/4015 3711/4016/4016 3710/4014/4014 3741/4013/4013
f 3743/4017/4017 3712/3955/3955 770/769/800 802/801/864
f 3744/4018/4018 3713/3957/3957 3712/3955/3955 3743/4017/4017
f 3745/4019/4019 3714/3959/3959 3713/3957/3957 3744/4018/4018
f 3746/4020/4020 3715/3961/3961 3714/3959/3959 3745/4019/4019
f 3747/4021/4021 3716/3963/3963 3715/3961/3961 3746/4020/4020
f 3748/4022/4022 3717/3965/3965 3716/3963/3963 3747/4021/4021
f 3749/4023/4023 3718/3967/3967 3717/3965/3965 3748/4022/4022
f 3750/4024/4024 3719/3969/3969 3718/3967/3967 3749/4023/4023
f 3751/4025/4025 3720/3971/3971 3719/3969/3969 3750/4024/4024
f 3752/4026/4026 3721/3973/3973 3720/3971/3971 3751/4025/4025
f 3753/4027/4027 3722/3975/3975 3721/3973/3973 3752/4026/4026
f 3754/4028/4028 3723/3977/3977 3722/3975/3975 3753/4027/4027
f 3755/4029/4029 3724/3979/3979 3723/3977/3977 3754/4028/4028
f 3756/4030/4030 3725/3981/3981 3724/3979/3979 3755/4029/4029
f 3757/4031/4031 3726/3983/3983 3725/3981/3981 3756/4030/4030
f 3758/4032/4032 3727/3985/3985 3726/3983/3983 3757/4031/4031
f 3759/4033/4033 3728/3987/3987 3727/3985/3985 3758/4032/4032
f 3760/4034/4034 3729/3989/3989 3728/3987/3987 3759/4033/4033
f 3761/4035/4035 3730/3991/3991 3729/3989/3989 3760/4034/4034
f 3762/4036/4036 3731/3993/3993 3730/3991/3991 3761/4035/4035
f 3763/4037/4037 3732/3995/3995 3731/3993/3993 3762/4036/4036
f 3764/4038/4038 3733/3997/3997 3732/3995/3995 3763/4037/4037
f 3765/4039/4039 3734/3999/3999 3733/3997/3997 3764/4038/4038
f 3766/4040/4040 3735/4001/4001 3734/3999/3999 3765/4039/4039
f 3767/4041/4041 3736/4003/4003 3735/4001/4001 3766/4040/4040
f 3768/4042/4042 3737/4005/4005 3736/4003/4003 3767/4041/4041
f 3769/4043/4043 3738/4007/4007 3737/4005/4005 3768/4042/4042
f 3770/4044/4044 3739/4009/4009 3738/4007/4007 3769/4043/4043
f 3771/4045/4045 3740/4011/4011 3739/4009/4009 3770/4044/4044
f 3772/4046/4046 3741/4013/4013 3740/4011/4011 3771/4045/4045
f 3773/4047/4047 3742/4015/4015 3741/4013/4013 3772/4046/4046
f 3774/4048/4048 3743/4017/4017 802/801/864 834/833/896
f 3775/4049/4049 3744/4018/4018 3743/4017/4017 3774/4048/4048
f 3776/4050/4050 3745/4019/4019 3744/4018/4018 3775/4049/4049
f 3777/4051/4051 3746/4020/4020 3745/4019/4019 3776/4050/4050
f 3778/4052/4052 3747/4021/4021 3746/4020/4020 3777/4051/4051
f 3779/4053/4053 3748/4022/4022 3747/4021/4021 3778/4052/4052
f 3780/4054/4054 3749/4023/4023 3748/4022/4022 3779/4053/4053
f 3781/4055/4055 3750/4024/4024 3749/4023/4023 3780/4054/4054
f 3782/4056/4056 3751/4025/4025 3750/4024/4024 3781/4055/4055
f 3783/4057/4057 3752/4026/4026 3751/4025/4025 3782/4056/4056
f 3784/4058/4058 3753/4027/4027 3752/4026/4026 3783/4057/4057
f 3785/4059/4059 3754/4028/4028 3753/4027/4027 3784/4058/4058
f 3786/4060/4060 3755/4029/4029 3754/4028/4028 3785/4059/4059
f 3787/4061/4061 3756/4030/4030 3755/4029/4029 3786/4060/4060
f 3788/4062/4062 3757/4031/4031 3756/4030/4030 3787/4061/4061
f 3789/4063/4063 3758/4032/4032 3757/4031/4031 3788/4062/4062
f 3790/4064/4064 3759/4033/4033 3758/4032/4032 3789/4063/4063
f 3791/4065/4065 3760/4034/4034 3759/4033/4033 3790/4064/4064
f 3792/4066/4066 3761/4035/4035 3760/4034/4034 3791/4065/4065
f 3793/4067/4067 3762/4036/4036 3761/4035/4035 3792/4066/4066
f 3794/4068/4068 3763/4037/4037 3762/4036/4036 3793/4067/4067
f 3795/4069/4069 3764/4038/4038 3763/4037/4037 3794/4068/4068
f 3796/4070/4070 3765/4039/4039 3764/4038/4038 3795/4069/4069
f 3797/4071/4071 3766/4040/4040 3765/4039/4039 3796/4070/4070
f 3798/4072/4072 3767/4041/4041 3766/4040/4040 3797/4071/4071
f 3799/4073/4073 3768/4042/4042 3767/4041/4041 3798/4072/4072
f 3800/4074/4074 3769/4043/4043 3768/4042/4042 3799/4073/4073
f 3801/4075/4075 3770/4044/4044 3769/4043/4043 3800/4074/4074
f 3802/4076/4076 3771/4045/4045 3770/4044/4044 3801/4075/4075
f 3803/4077/4077 3772/4046/4046 3771/4045/4045 3802/4076/4076
f 3804/4078/4078 3773/4047/4047 3772/4046/4046 3803/4077/4077
f 3805/4079/4079 3774/4048/4048 834/833/896 866/865/928
f 3806/4080/4080 3775/4049/4049 3774/4048/4048 3805/4079/4079
f 3807/4081/4081 3776/4050/4050 3775/4049/4049 3806/4080/4080
f 3808/4082/4082 3777/4051/4051 3776/4050/4050 3807/4081/4081
f 3809/4083/4083 3778/4052/4052 3777/4051/4051 3808/4082/4082
f 3810/4084/4084 3779/4053/4053 3778/4052/4052 3809/4083/4083
f 3811/4085/4085 3780/4054/4054 3779/4053/4053 3810/4084/4084
f 3812/4086/4086 3781/4055/4055 3780/4054/4054 3811/4085/4085
f 3813/4087/4087 3782/4056/4056 3781/4055/4055 3812/4086/4086
f 3814/4088/4088 3783/4057/4057 3782/4056/4056 3813/4087/4087
f 3815/4089/4089 3784/4058/4058 3783/4057/4057 3814/4088/4088
f 3816/4090/4090 3785/4059/4059 3784/4058/4058 3815/4089/4089
f 3817/4091/4091 3786/4060/4060 3785/4059/4059 3816/4090/4090
f 3818/4092/4092 3787/4061/4061 3786/4060/4060 3817/4091/4091
f 3819/4093/4093 3788/4062/4062 3787/4061/4061 3818/4092/4092
f 3820/4094/4094 3789/4063/4063 3788/4062/4062 3819/4093/4093
f 3821/4095/4095 3790/4064/4064 3789/4063/4063 3820/4094/4094
f 3822/4096/4096 3791/4065/4065 3790/4064/4064 3821/4095/4095
f 3823/4097/4097 3792/4066/4066 3791/4065/4065 3822/4096/4096
f 3824/4098/4098 3793/4067/4067 3792/4066/4066 3823/4097/4097
f 3825/4099/4099 3794/4068/4068 3793/4067/4067 3824/4098/4098
f 3826/4100/4100 3795/4069/4069 3794/4068/4068 3825/4099/4099
f 3827/4101/4101 3796/4070/4070 3795/4069/4069 3826/4100/4100
f 3828/4102/4102 3797/4071/4071 3796/4070/4070 3827/4101/4101
f 3829/4103/4103 3798/4072/4072 3797/4071/4071 3828/4102/4102
f 3830/4104/4104 3799/4073/4073 3798/4072/4072 3829/4103/4103
f 3831/4105/4105 3800/4074/4074 3799/4073/4073 3830/4104/4104
f 3832/4106/4106 3801/4075/4075 3800/4074/4074 3831/4105/4105
f 3833/4107/4107 3802/4076/4076 3801/4075/4075 3832/4106/4106
f 3834/4108/4108 3803/4077/4077 3802/4076/4076 3833/4107/4107
f 3835/4109/4109 3804/4078/4078 3803/4077/4077 3834/4108/4108
f 3836/4110/4110 3805/4079/4079 866/865/928 898/897/960
f 3837/4111/4111 3806/4080/4080 3805/4079/4079 3836/4110/4110
f 3838/4112/4112 3807/4081/4081 3806/4080/4080 3837/4111/4111
f 3839/4113/4113 3808/4082/4082 3807/4081/4081 3838/4112/4112
f 3840/4114/4114 3809/4083/4083 3808/4082/4082 3839/4113/4113
f 3841/4115/4115 3810/4084/4084 3809/4083/4083 3840/4114/4114
f 3842/4116/4116 3811/4085/4085 3810/4084/4084 3841/4115/4115
f 3843/4117/4117 3812/4086/4086 3811/4085/4085 3842/4116/4116
f 3844/4118/4118 3813/4087/4087 3812/4086/4086 3843/4117/4117
f 3845/4119/4119 3814/4088/4088 3813/4087/4087 3844/4118/4118
f 3846/4120/4120 3815/4089/4089 3814/4088/4088 3845/4119/4119
f 3847/4121/4121 3816/4090/4090 3815/4089/4089 3846/4120/4120
f 3848/4122/4122 3817/4091/4091 3816/4090/4090 3847/4121/4121
f 3849/4123/4123 3818/4092/4092 3817/4091/4091 3848/4122/4122
f 3850/4124/4124 3819/4093/4093 3818/4092/4092 3849/4123/4123
f 3851/4125/4125 3820/4094/4094 3819/4093/4093 3850/4124/4124
f 3852/4126/4126 3821/4095/4095 3820/4094/4094 3851/4125/4125
f 3853/4127/4127 3822/4096/4096 3821/4095/4095 3852/4126/4126
f 3854/4128/4128 3823/4097/4097 3822/4096/4096 3853/4127/4127
f 3855/4129/4129 3824/4098/4098 3823/4097/4097 3854/4128/4128
f 3856/4130/4130 3825/4099/4099 3824/4098/4098 3855/4129/4129
f 3857/4131/4131 3826/4100/4100 3825/4099/4099 3856/4130/4130
f 3858/4132/4132 3827/4101/4101 3826/4100/4100 3857/4131/4131
f 3859/4133/4133 3828/4102/4102 3827/4101/4101 3858/4132/4132
f 3860/4134/4134 3829/4103/4103 3828/4102/4102 3859/4133/4133
f 3861/4135/4135 3830/4104/4104 3829/4103/4103 3860/4134/4134
f 3862/4136/4136 3831/4105/4105 3830/4104/4104 3861/4135/4135
f 3863/4137/4137 3832/4106/4106 3831/4105/4105 3862/4136/4136
f 3864/4138/4138 3833/4107/4107 3832/4106/4106 3863/4137/4137
f 3865/4139/4139 3834/4108/4108 3833/4107/4107 3864/4138/4138
f 3866/4140/4140 3835/4109/4109 3834/4108/4108 3865/4139/4139
f 3867/4141/4141 3836/4110/4110 898/897/960 930/929/992
f 3868/4142/4142 3837/4111/4111 3836/4110/4110 3867/4141/4141
f 3869/4143/4143 3838/4112/4112 3837/4111/4111 3868/4142/4142
f 3870/4144/4144 3839/4113/4113 3838/4112/4112 3869/4143/4143
f 3871/4145/4145 3840/4114/4114 3839/4113/4113 3870/4144/4144
f 3872/4146/4146 3841/4115/4115 3840/4114/4114 3871/4145/4145
f 3873/4147/4147 3842/4116/4116 3841/4115/4115 3872/4146/4146
f 3874/4148/4148 3843/4117/4117 3842/4116/4116 3873/4147/4147
f 3875/4149/4149 3844/4118/4118 3843/4117/4117 3874/4148/4148
f 3876/4150/4150 3845/4119/4119 3844/4118/4118 3875/4149/4149
f 3877/4151/4151 3846/4120/4120 3845/4119/4119 3876/4150/4150
f 3878/4152/4152 3847/4121/4121 3846/4120/4120 3877/4151/4151
f 3879/4153/4153 3848/4122/4122 3847/4121/4121 3878/4152/4152
f 3880/4154/4154 3849/4123/4123 3848/4122/4122 3879/4153/4153
f 3881/4155/4155 3850/4124/4124 3849/4123/4123 3880/4154/4154
f 3882/4156/4156 3851/4125/4125 3850/4124/4124 3881/4155/4155
f 3883/4157/4157 3852/4126/4126 3851/4125/4125 3882/4156/4156
f 3884/4158/4158 3853/4127/4127 3852/4126/4126 3883/4157/4157
f 3885/4159/4159 3854/4128/4128 3853/4127/4127 3884/4158/4158
f 3886/4160/4160 3855/4129/4129 3854/4128/4128 3885/4159/4159
f 3887/4161/4161 3856/4130/4130 3855/4129/4129 3886/4160/4160
f 3888/4162/4162 3857/4131/4131 3856/4130/4130 3887/4161/4161
f 3889/4163/4163 3858/4132/4132 3857/4131/4131 3888/4162/4162
f 3890/4164/4164 3859/4133/4133 3858/4132/4132 3889/4163/4163
f 3891/4165/4165 3860/4134/4134 3859/4133/4133 3890/4164/4164
f 3892/4166/4166 3861/4135/4135 3860/4134/4134 3891/4165/4165
f 3893/4167/4167 3862/4136/4136 3861/4135/4135 3892/4166/4166
f 3894/4168/4168 3863/4137/4137 3862/4136/4136 3893/4167/4167
f 3895/4169/4169 3864/4138/4138 3863/4137/4137 3894/4168/4168
f 3896/4170/4170 3865/4139/4139 3864/4138/4138 3895/4169/4169
f 3897/4171/4171 3866/4140/4140 3865/4139/4139 3896/4170/4170
f 3898/4172/4172 3867/4141/4141 930/929/992 962/961/1024
f 3899/4173/4173 3868/4142/4142 3867/4141/4141 3898/4172/4172
f 3900/4174/4174 3869/4143/4143 3868/4142/4142 3899/4173/4173
f 3901/4175/4175 3870/4144/4144 3869/4143/4143 3900/4174/4174
f 3902/4176/4176 3871/4145/4145 3870/4144/4144 3901/4175/4175
f 3903/4177/4177 3872/4146/4146 3871/4145/4145 3902/4176/4176
f 3904/4178/4178 3873/4147/4147 3872/4146/4146 3903/4177/4177
f 3905/4179/4179 3874/4148/4148 3873/4147/4147 3904/4178/4178
f 3906/4180/4180 3875/4149/4149 3874/4148/4148 3905/4179/4179
f 3907/4181/4181 3876/4150/4150 3875/4149/4149 3906/4180/4180
f 3908/4182/4182 3877/4151/4151 3876/4150/4150 3907/4181/4181
f 3909/4183/4183 3878/4152/4152 3877/4151/4151 3908/4182/4182
f 3910/4184/4184 3879/4153/4153 3878/4152/4152 3909/4183/4183
f 3911/4185/4185 3880/4154/4154 3879/4153/4153 3910/4184/4184
f 3912/4186/4186 3881/4155/4155 3880/4154/4154 3911/4185/4185
f 3913/4187/4187 3882/4156/4156 3881/4155/4155 3912/4186/4186
f 3914/4188/4188 3883/4157/4157 3882/4156/4156 3913/4187/4187
f 3915/4189/4189 3884/4158/4158 3883/4157/4157 3914/4188/4188
f 3916/4190/4190 3885/4159/4159 3884/4158/4158 3915/4189/4189
f 3917/4191/4191 3886/4160/4160 3885/4159/4159 3916/4190/4190
f 3918/4192/4192 3887/4161/4161 3886/4160/4160 3917/4191/4191
f 3919/4193/4193 3888/4162/4162 3887/4161/4161 3918/4192/4192
f 3920/4194/4194 3889/4163/4163 3888/4162/4162 3919/4193/4193
f 3921/4195/4195 3890/4164/4164 3889/4163/4163 3920/4194/4194
f 3922/4196/4196 3891/4165/4165 3890/4164/4164 3921/4195/4195
f 3923/4197/4197 3892/4166/4166 3891/4165/4165 3922/4196/4196
f 3924/4198/4198 3893/4167/4167 3892/4166/4166 3923/4197/4197
f 3925/4199/4199 3894/4168/4168 3893/4167/4167 3924/4198/4198
f 3926/4200/4200 3895/4169/4169 3894/4168/4168 3925/4199/4199
f 3927/4201/4201 3896/4170/4170 3895/4169/4169 3926/4200/4200
f 3928/4202/4202 3897/4171/4171 3896/4170/4170 3927/4201/4201
f 3929/4203/4203 3898/4172/4172 962/961/1024 994/993/1056
f 3930/4204/4204 3899/4173/4173 3898/4172/4172 3929/4203/4203
f 3931/4205/4205 3900/4174/4174 3899/4173/4173 3930/4204/4204
f 3932/4206/4206 3901/4175/4175 3900/4174/4174 3931/4205/4205
f 3933/4207/4207 3902/4176/4176 3901/4175/4175 3932/4206/4206
f 3934/4208/4208 3903/4177/4177 3902/4176/4176 3933/4207/4207
f 3935/4209/4209 3904/4178/4178 3903/4177/4177 3934/4208/4208
f 3936/4210/4210 3905/4179/4179 3904/4178/4178 3935/4209/4209
f 3937/4211/4211 3906/4180/4180 3905/4179/4179 3936/4210/4210
f 3938/4212/4212 3907/4181/4181 3906/4180/4180 3937/4211/4211
f 3939/4213/4213 3908/4182/4182 3907/4181/4181 3938/4212/4212
f 3940/4214/4214 3909/4183/4183 3908/4182/4182 3939/4213/4213
f 3941/4215/4215 3910/4184/4184 3909/4183/4183 3940/4214/4214
f 3942/4216/4216 3911/4185/4185 3910/4184/4184 3941/4215/4215
f 3943/4217/4217 3912/4186/4186 3911/4185/4185 3942/4216/4216
f 3944/4218/4218 3913/4187/4187 3912/4186/4186 3943/4217/4217
f 3945/4219/4219 3914/4188/4188 3913/4187/4187 3944/4218/4218
f 3946/4220/4220 3915/4189/4189 3914/4188/4188 3945/4219/4219
f 3947/4221/4221 3916/4190/4190 3915/4189/4189 3946/4220/4220
f 3948/4222/4222 3917/4191/4191 3916/4190/4190 3947/4221/4221
f 3949/4223/4223 3918/4192/4192 3917/4191/4191 3948/4222/4222
f 3950/4224/4224 3919/4193/4193 3918/4192/4192 3949/4223/4223
f 3951/4225/4225 3920/4194/4194 3919/4193/4193 3950/4224/4224
f 3952/4226/4226 3921/4195/4195 3920/4194/4194 3951/4225/4225
f 3953/4227/4227 3922/4196/4196 3921/4195/4195 3952/4226/4226
f 3954/4228/4228 3923/4197/4197 3922/4196/4196 3953/4227/4227
f 3955/4229/4229 3924/4198/4198 3923/4197/4197 3954/4228/4228
f 3956/4230/4230 3925/4199/4199 3924/4198/4198 3955/4229/4229
f 3957/4231/4231 3926/4200/4200 3925/4199/4199 3956/4230/4230
f 3958/4232/4232 3927/4201/4201 3926/4200/4200 3957/4231/4231
f 3959/4233/4233 3928/4202/4202 3927/4201/4201 3958/4232/4232
f 3960/4234/4234 3929/4203/4203 994/993/1056 1026/1025/1088
f 3961/4235/4235 3930/4204/4204 3929/4203/4203 3960/4234/4234
f 3962/4236/4236 3931/4205/4205 3930/4204/4204 3961/4235/4235
f 3963/4237/4237 3932/4206/4206 3931/4205/4205 3962/4236/4236
f 3964/4238/4238 3933/4207/4207 3932/4206/4206 3963/4237/4237
f 3965/4239/4239 3934/4208/4208 3933/4207/4207 3964/4238/4238
f 3966/4240/4240 3935/4209/4209 3934/4208/4208 3965/4239/4239
f 3967/4241/4241 3936/4210/4210 3935/4209/4209 3966/4240/4240
f 3968/4242/4242 3937/4211/4211 3936/4210/4210 3967/4241/4241
f 3969/4243/4243 3938/4212/4212 3937/4211/4211 3968/4242/4242
f 3970/4244/4244 3939/4213/4213 3938/4212/4212 3969/4243/4243
f 3971/4245/4245 3940/4214/4214 3939/4213/4213 3970/4244/4244
f 3972/4246/4246 3941/4215/4215 3940/4214/4214 3971/4245/4245
f 3973/4247/4247 3942/4216/4216 3941/4215/4215 3972/4246/4246
f 3974/4248/4248 3943/4217/4217 3942/4216/4216 3973/4247/4247
f 3975/4249/4249 3944/4218/4218 3943/4217/4217 3974/4248/4248
f 3976/4250/4250 3945/4219/4219 3944/4218/4218 3975/4249/4249
f 3977/4251/4251 3946/4220/4220 3945/4219/4219 3976/4250/4250
f 3978/4252/4252 3947/4221/4221 3946/4220/4220 3977/4251/4251
f 3979/4253/4253 3948/4222/4222 3947/4221/4221 3978/4252/4252
f 3980/4254/4254 3949/4223/4223 3948/4222/4222 3979/4253/4253
f 3981/4255/4255 3950/4224/4224 3949/4223/4223 3980/4254/4254
f 3982/4256/4256 3951/4225/4225 3950/4224/4224 3981/4255/4255
f 3983/4257/4257 3952/4226/4226 3951/4225/4225 3982/4256/4256
f 3984/4258/4258 3953/4227/4227 3952/4226/4226 3983/4257/4257
f 3985/4259/4259 3954/4228/4228 3953/4227/4227 3984/4258/4258
f 3986/4260/4260 3955/4229/4229 3954/4228/4228 3985/4259/4259
f 3987/4261/4261 3956/4230/4230 3955/4229/4229 3986/4260/4260
f 3988/4262/4262 3957/4231/4231 3956/4230/4230 3987/4261/4261
f 3989/4263/4263 3958/4232/4232 3957/4231/4231 3988/4262/4262
f 3990/4264/4264 3959/4233/4233 3958/4232/4232 3989/4263/4263
f 3991/4265/4265 3960/4234/4234 1026/1025/1088 1058/1057/1120
f 3992/4266/4266 3961/4235/4235 3960/4234/4234 3991/4265/4265
f 3993/4267/4267 3962/4236/4236 3961/4235/4235 3992/4266/4266
f 3994/4268/4268 3963/4237/4237 3962/4236/4236 3993/4267/4267
f 3995/4269/4269 3964/4238/4238 3963/4237/4237 3994/4268/4268
f 3996/4270/4270 3965/4239/4239 3964/4238/4238 3995/4269/4269
f 3997/4271/4271 3966/4240/4240 3965/4239/4239 3996/4270/4270
f 3998/4272/4272 3967/4241/4241 3966/4240/4240 3997/4271/4271
f 3999/4273/4273 3968/4242/4242 3967/4241/4241 3998/4272/4272
f 4000/4274/4274 3969/4243/4243 3968/4242/4242 3999/4273/4273
f 4001/4275/4275 3970/4244/4244 3969/4243/4243 4000/4274/4274
f 4002/4276/4276 3971/4245/4245 3970/4244/4244 4001/4275/4275
f 4003/4277/4277 3972/4246/4246 3971/4245/4245 4002/4276/4276
f 4004/4278/4278 3973/4247/4247 3972/4246/4246 4003/4277/4277
f 4005/4279/4279 3974/4248/4248 3973/4247/4247 4004/4278/4278
f 4006/4280/4280 3975/4249/4249 3974/4248/4248 4005/4279/4279
f 4007/4281/4281 3976/4250/4250 3975/4249/4249 4006/4280/4280
f 4008/4282/4282 3977/4251/4251 3976/4250/4250 4007/4281/4281
f 4009/4283/4283 3978/4252/4252 3977/4251/4251 4008/4282/4282
f 4010/4284/4284 3979/4253/4253 3978/4252/4252 4009/4283/4283
f 4011/4285/4285 3980/4254/4254 3979/4253/4253 4010/4284/4284
f 4012/4286/4286 3981/4255/4255 3980/4254/4254 4011/4285/4285
f 4013/4287/4287 3982/4256/4256 3981/4255/4255 4012/4286/4286
f 4014/4288/4288 3983/4257/4257 3982/4256/4256 4013/4287/4287
f 4015/4289/4289 3984/4258/4258 3983/4257/4257 4014/4288/4288
f 4016/4290/4290 3985/4259/4259 3984/4258/4258 4015/4289/4289
f 4017/4291/4291 3986/4260/4260 3985/4259/4259 4016/4290/4290
f 4018/4292/4292 3987/4261/4261 3986/4260/4260 4017/4291/4291
f 4019/4293/4293 3988/4262/4262 3987/4261/4261 4018/4292/4292
f 4020/4294/4294 3989/4263/4263 3988/4262/4262 4019/4293/4293
f 4021/4295/4295 3990/4264/4264 3989/4263/4263 4020/4294/4294
f 4022/4296/4296 3991/4265/4265 1058/1057/1120 1090/1089/1152
f 4023/4297/4297 3992/4266/4266 3991/4265/4265 4022/4296/4296
f 4024/4298/4298 3993/4267/4267 3992/4266/4266 4023/4297/4297
f 4025/4299/4299 3994/4268/4268 3993/4267/4267 4024/4298/4298
f 4026/4300/4300 3995/4269/4269 3994/4268/4268 4025/4299/4299
f 4027/4301/4301 3996/4270/4270 3995/4269/4269 4026/4300/4300
f 4028/4302/4302 3997/4271/4271 3996/4270/4270 4027/4301/4301
f 4029/4303/4303 3998/4272/4272 3997/4271/4271 4028/4302/4302
f 4030/4304/4304 3999/4273/4273 3998/4272/4272 4029/4303/4303
f 4031/4305/4305 4000/4274/4274 3999/4273/4273 4030/4304/4304
f 4032/4306/4306 4001/4275/4275 4000/4274/4274 4031/4305/4305
f 4033/4307/4307 4002/4276/4276 4001/4275/4275 4032/4306/4306
f 4034/4308/4308 4003/4277/4277 4002/4276/4276 4033/4307/4307
f 4035/4309/4309 4004/4278/4278 4003/4277/4277 4034/4308/4308
f 4036/4310/4310 4005/4279/4279 4004/4278/4278 4035/4309/4309
f 4037/4311/4311 4006/4280/4280 4005/4279/4279 4036/4310/4310
f 4038/4312/4312 4007/4281/4281 4006/4280/4280 4037/4311/4311
f 4039/4313/4313 4008/4282/4282 4007/4281/4281 4038/4312/4312
f 4040/4314/4314 4009/4283/4283 4008/4282/4282 4039/4313/4313
f 4041/4315/4315 4010/4284/4284 4009/4283/4283 4040/4314/4314
f 4042/4316/4316 4011/4285/4285 4010/4284/4284 4041/4315/4315
f 4043/4317/4317 4012/4286/4286 4011/4285/4285 4042/4316/4316
f 4044/4318/4318 4013/4287/4287 4012/4286/4286 4043/4317/4317
f 4045/4319/4319 4014/4288/4288 4013/4287/4287 4044/4318/4318
f 4046/4320/4320 4015/4289/4289 4014/4288/4288 4045/4319/4319
f 4047/4321/4321 4016/4290/4290 4015/4289/4289 4046/4320/4320
f 4048/4322/4322 4017/4291/4291 4016/4290/4290 4047/4321/4321
f 4049/4323/4323 4018/4292/4292 4017/4291/4291 4048/4322/4322
f 4050/4324/4324 4019/4293/4293 4018/4292/4292 4049/4323/4323
f 4051/4325/4325 4020/4294/4294 4019/4293/4293 4050/4324/4324
f 4052/4326/4326 4021/4295/4295 4020/4294/4294 4051/4325/4325
f 4053/4327/4327 4022/4296/4296 1090/1089/1152 1122/1121/1184
f 4054/4328/4328 4023/4297/4297 4022/4296/4296 4053/4327/4327
f 4055/4329/4329 4024/4298/4298 4023/4297/4297 4054/4328/4328
f 4056/4330/4330 4025/4299/4299 4024/4298/4298 4055/4329/4329
f 4057/4331/4331 4026/4300/4300 4025/4299/4299 4056/4330/4330
f 4058/4332/4332 4027/4301/4301 4026/4300/4300 4057/4331/4331
f 4059/4333/4333 4028/4302/4302 4027/4301/4301 4058/4332/4332
f 4060/4334/4334 4029/4303/4303 4028/4302/4302 4059/4333/4333
f 4061/4335/4335 4030/4304/4304 4029/4303/4303 4060/4334/4334
f 4062/4336/4336 4031/4305/4305 4030/4304/4304 4061/4335/4335
f 4063/4337/4337 4032/4306/4306 4031/4305/4305 4062/4336/4336
f 4064/4338/4338 4033/4307/4307 4032/4306/4306 4063/4337/4337
f 4065/4339/4339 4034/4308/4308 4033/4307/4307 4064/4338/4338
f 4066/4340/4340 4035/4309/4309 4034/4308/4308 4065/4339/4339
f 4067/4341/4341 4036/4310/4310 4035/4309/4309 4066/4340/4340
f 4068/4342/4342 4037/4311/4311 4036/4310/4310 4067/4341/4341
f 4069/4343/4343 4038/4312/4312 4037/4311/4311 4068/4342/4342
f 4070/4344/4344 4039/4313/4313 4038/4312/4312 4069/4343/4343
f 4071/4345/4345 4040/4314/4314 4039/4313/4313 4070/4344/4344
f 4072/4346/4346 4041/4315/4315 4040/4314/4314 4071/4345/4345
f 4073/4347/4347 4042/4316/4316 4041/4315/4315 4072/4346/4346
f 4074/4348/4348 4043/4317/4317 4042/4316/4316 4073/4347/4347
f 4075/4349/4349 4044/4318/4318 4043/4317/4317 4074/4348/4348
f 4076/4350/4350 4045/4319/4319 4044/4318/4318 4075/4349/4349
f 4077/4351/4351 4046/4320/4320 4045/4319/4319 4076/4350/4350
f 4078/4352/4352 4047/4321/4321 4046/4320/4320 4077/4351/4351
f 4079/4353/4353 4048/4322/4322 4047/4321/4321 4078/4352/4352
f 4080/4354/4354 4049/4323/4323 4048/4322/4322 4079/4353/4353
f 4081/4355/4355 4050/4324/4324 4049/4323/4323 4080/4354/4354
f 4082/4356/4356 4051/4325/4325 4050/4324/4324 4081/4355/4355
f 4083/4357/4357 4052/4326/4326 4051/4325/4325 4082/4356/4356
f 4084/4358/4358 4053/4327/4327 1122/1121/1184 1154/1153/1216
f 4085/4359/4359 4054/4328/4328 4053/4327/4327 4084/4358/4358
f 4086/4360/4360 4055/4329/4329 4054/4328/4328 4085/4359/4359
f 4087/4361/4361 4056/4330/4330 4055/4329/4329 4086/4360/4360
f 4088/4362/4362 4057/4331/4331 4056/4330/4330 4087/4361/4361
f 4089/4363/4363 4058/4332/4332 4057/4331/4331 4088/4362/4362
f 4090/4364/4364 4059/4333/4333 4058/4332/4332 4089/4363/4363
f 4091/4365/4365 4060/4334/4334 4059/4333/4333 4090/4364/4364
f 4092/4366/4366 4061/4335/4335 4060/4334/4334 4091/4365/4365
f 4093/4367/4367 4062/4336/4336 4061/4335/4335 4092/4366/4366
f 4094/4368/4368 4063/4337/4337 4062/4336/4336 4093/4367/4367
f 4095/4369/4369 4064/4338/4338 4063/4337/4337 4094/4368/4368
f 4096/4370/4370 4065/4339/4339 4064/4338/4338 4095/4369/4369
f 4097/4371/4371 4066/4340/4340 4065/4339/4339 4096/4370/4370
f 4098/4372/4372 4067/4341/4341 4066/4340/4340 4097/4371/4371
f 4099/4373/4373 4068/4342/4342 4067/4341/4341 4098/4372/4372
f 4100/4374/4374 4069/4343/4343 4068/4342/4342 4099/4373/4373
f 4101/4375/4375 4070/4344/4344 4069/4343/4343 4100/4374/4374
f 4102/4376/4376 4071/4345/4345 4070/4344/4344 4101/4375/4375
f 4103/4377/4377 4072/4346/4346 4071/4345/4345 4102/4376/4376
f 4104/4378/4378 4073/4347/4347 4072/4346/4346 4103/4377/4377
f 4105/4379/4379 4074/4348/4348 4073/4347/4347 4104/4378/4378
f 4106/4380/4380 4075/4349/4349 4074/4348/4348 4105/4379/4379
f 4107/4381/4381 4076/4350/4350 4075/4349/4349 4106/4380/4380
f 4108/4382/4382 4077/4351/4351 4076/4350/4350 4107/4381/4381
f 4109/4383/4383 4078/4352/4352 4077/4351/4351 4108/4382/4382
f 4110/4384/4384 4079/4353/4353 4078/4352/4352 4109/4383/4383
f 4111/4385/4385 4080/4354/4354 4079/4353/4353 4110/4384/4384
f 4112/4386/4386 4081/4355/4355 4080/4354/4354 4111/4385/4385
f 4113/4387/4387 4082/4356/4356 4081/4355/4355 4112/4386/4386
f 4114/4388/4388 4083/4357/4357 4082/4356/4356 4113/4387/4387
f 4115/4389/4389 4084/4358/4358 1154/1153/1216 1186/1185/1248
f 4116/4390/4390 4085/4359/4359 4084/4358/4358 4115/4389/4389
f 4117/4391/4391 4086/4360/4360 4085/4359/4359 4116/4390/4390
f 4118/4392/4392 4087/4361/4361 4086/4360/4360 4117/4391/4391
f 4119/4393/4393 4088/4362/4362 4087/4361/4361 4118/4392/4392
f 4120/4394/4394 4089/4363/4363 4088/4362/4362 4119/4393/4393
f 4121/4395/4395 4090/4364/4364 4089/4363/4363 4120/4394/4394
f 4122/4396/4396 4091/4365/4365 4090/4364/4364 4121/4395/4395
f 4123/4397/4397 4092/4366/4366 4091/4365/4365 4122/4396/4396
f 4124/4398/4398 4093/4367/4367 4092/4366/4366 4123/4397/4397
f 4125/4399/4399 4094/4368/4368 4093/4367/4367 4124/4398/4398
f 4126/4400/4400 4095/4369/4369 4094/4368/4368 4125/4399/4399
f 4127/4401/4401 4096/4370/4370 4095/4369/4369 4126/4400/4400
f 4128/4402/4402 4097/4371/4371 4096/4370/4370 4127/4401/4401
f 4129/4403/4403 4098/4372/4372 4097/4371/4371 4128/4402/4402
f 4130/4404/4404 4099/4373/4373 4098/4372/4372 4129/4403/4403
f 4131/4405/4405 4100/4374/4374 4099/4373/4373 4130/4404/4404
f 4132/4406/4406 4101/4375/4375 4100/4374/4374 4131/4405/4405
f 4133/4407/4407 4102/4376/4376 4101/4375/4375 4132/4406/4406
f 4134/4408/4408 4103/4377/4377 4102/4376/4376 4133/4407/4407
f 4135/4409/4409 4104/4378/4378 4103/4377/4377 4134/4408/4408
f 4136/4410/4410 4105/4379/4379 4104/4378/4378 4135/4409/4409
f 4137/4411/4411 4106/4380/4380 4105/4379/4379 4136/4410/4410
f 4138/4412/4412 4107/4381/4381 4106/4380/4380 4137/4411/4411
f 4139/4413/4413 4108/4382/4382 4107/4381/4381 4138/4412/4412
f 4140/4414/4414 4109/4383/4383 4108/4382/4382 4139/4413/4413
f 4141/4415/4415 4110/4384/4384 4109/4383/4383 4140/4414/4414
f 4141/4415/4415 5777/4416/4416 4111/4385/4385 4110/4384/4384
f 4111/4385/4385 5777/4416/4416 5776/4417/4417 4112/4386/4386
f 4112/4386/4386 5776/4417/4417 5775/4418/4418 4113/4387/4387
f 4113/4387/4387 5775/4418/4418 5774/4419/4419 4114/4388/4388
f 4142/4420/4420 4115/4389/4389 1186/1185/1248 1214/1213/1280
f 4143/4421/4421 4116/4390/4390 4115/4389/4389 4142/4420/4420
f 4144/4422/4422 4117/4391/4391 4116/4390/4390 4143/4421/4421
f 4145/4423/4423 4118/4392/4392 4117/4391/4391 4144/4422/4422
f 4146/4424/4424 4119/4393/4393 4118/4392/4392 4145/4423/4423
f 4147/4425/4425 4120/4394/4394 4119/4393/4393 4146/4424/4424
f 4148/4426/4426 4121/4395/4395 4120/4394/4394 4147/4425/4425
f 4149/4427/4427 4122/4396/4396 4121/4395/4395 4148/4426/4426
f 4150/4428/4428 4123/4397/4397 4122/4396/4396 4149/4427/4427
f 4151/4429/4429 4124/4398/4398 4123/4397/4397 4150/4428/4428
f 4152/4430/4430 4125/4399/4399 4124/4398/4398 4151/4429/4429
f 4153/4431/4431 4126/4400/4400 4125/4399/4399 4152/4430/4430
f 4154/4432/4432 4127/4401/4401 4126/4400/4400 4153/4431/4431
f 4155/4433/4433 4128/4402/4402 4127/4401/4401 4154/4432/4432
f 4156/4434/4434 4129/4403/4403 4128/4402/4402 4155/4433/4433
f 4157/4435/4435 4130/4404/4404 4129/4403/4403 4156/4434/4434
f 4158/4436/4436 4131/4405/4405 4130/4404/4404 4157/4435/4435
f 4159/4437/4437 4132/4406/4406 4131/4405/4405 4158/4436/4436
f 4160/4438/4438 4133/4407/4407 4132/4406/4406 4159/4437/4437
f 4161/4439/4439 4134/4408/4408 4133/4407/4407 4160/4438/4438
f 4162/4440/4440 4135/4409/4409 4134/4408/4408 4161/4439/4439
f 4163/4441/4441 4136/4410/4410 4135/4409/4409 4162/4440/4440
f 4164/4442/4442 4137/4411/4411 4136/4410/4410 4163/4441/4441
f 4165/4443/4443 4138/4412/4412 4137/4411/4411 4164/4442/4442
f 4166/4444/4444 4139/4413/4413 4138/4412/4412 4165/4443/4443
f 4167/4445/4445 4140/4414/4414 4139/4413/4413 4166/4444/4444
f 4168/4446/4446 4141/4415/4415 4140/4414/4414 4167/4445/4445
f 4173/4447/4447 4142/4420/4420 1214/1213/1280 1246/1245/1308
f 4174/4448/4448 4143/4421/4421 4142/4420/4420 4173/4447/4447
f 4175/4449/4449 4144/4422/4422 4143/4421/4421 4174/4448/4448
f 4176/4450/4450 4145/4423/4423 4144/4422/4422 4175/4449/4449
f 4177/4451/4451 4146/4424/4424 4145/4423/4423 4176/4450/4450
f 4178/4452/4452 4147/4425/4425 4146/4424/4424 4177/4451/4451
f 4179/4453/4453 4148/4426/4426 4147/4425/4425 4178/4452/4452
f 4180/4454/4454 4149/4427/4427 4148/4426/4426 4179/4453/4453
f 4181/4455/4455 4150/4428/4428 4149/4427/4427 4180/4454/4454
f 4182/4456/4456 4151/4429/4429 4150/4428/4428 4181/4455/4455
f 4183/4457/4457 4152/4430/4430 4151/4429/4429 4182/4456/4456
f 4184/4458/4458 4153/4431/4431 4152/4430/4430 4183/4457/4457
f 4185/4459/4459 4154/4432/4432 4153/4431/4431 4184/4458/4458
f 4186/4460/4460 4155/4433/4433 4154/4432/4432 4185/4459/4459
f 4187/4461/4461 4156/4434/4434 4155/4433/4433 4186/4460/4460
f 4188/4462/4462 4157/4435/4435 4156/4434/4434 4187/4461/4461
f 4189/4463/4463 4158/4436/4436 4157/4435/4435 4188/4462/4462
f 4190/4464/4464 4159/4437/4437 4158/4436/4436 4189/4463/4463
f 4191/4465/4465 4160/4438/4438 4159/4437/4437 4190/4464/4464
f 4192/4466/4466 4161/4439/4439 4160/4438/4438 4191/4465/4465
f 4193/4467/4467 4162/4440/4440 4161/4439/4439 4192/4466/4466
f 4194/4468/4468 4163/4441/4441 4162/4440/4440 4193/4467/4467
f 4195/4469/4469 4164/4442/4442 4163/4441/4441 4194/4468/4468
f 4196/4470/4470 4165/4443/4443 4164/4442/4442 4195/4469/4469
f 4197/4471/4471 4166/4444/4444 4165/4443/4443 4196/4470/4470
f 4198/4472/4472 4167/4445/4445 4166/4444/4444 4197/4471/4471
f 4199/4473/4473 4168/4446/4446 4167/4445/4445 4198/4472/4472
f 4200/4474/4474 4169/4475/4475 4168/4446/4446 4199/4473/4473
f 4201/4476/4476 4170/4477/4477 4169/4475/4475 4200/4474/4474
f 4202/4478/4478 4171/4479/4479 4170/4477/4477 4201/4476/4476
f 4203/4480/4480 4172/4481/4481 4171/4479/4479 4202/4478/4478
f 4204/4482/4482 4173/4447/4447 1246/1245/1308 1278/1277/1344
f 4205/4483/4483 4174/4448/4448 4173/4447/4447 4204/4482/4482
f 4206/4484/4484 4175/4449/4449 4174/4448/4448 4205/4483/4483
f 4207/4485/4485 4176/4450/4450 4175/4449/4449 4206/4484/4484
f 4208/4486/4486 4177/4451/4451 4176/4450/4450 4207/4485/4485
f 4209/4487/4487 4178/4452/4452 4177/4451/4451 4208/4486/4486
f 4210/4488/4488 4179/4453/4453 4178/4452/4452 4209/4487/4487
f 4211/4489/4489 4180/4454/4454 4179/4453/4453 4210/4488/4488
f 4212/4490/4490 4181/4455/4455 4180/4454/4454 4211/4489/4489
f 4213/4491/4491 4182/4456/4456 4181/4455/4455 4212/4490/4490
f 4214/4492/4492 4183/4457/4457 4182/4456/4456 4213/4491/4491
f 4215/4493/4493 4184/4458/4458 4183/4457/4457 4214/4492/4492
f 4216/4494/4494 4185/4459/4459 4184/4458/4458 4215/4493/4493
f 4217/4495/4495 4186/4460/4460 4185/4459/4459 4216/4494/4494
f 4218/4496/4496 4187/4461/4461 4186/4460/4460 4217/4495/4495
f 4219/4497/4497 4188/4462/4462 4187/4461/4461 4218/4496/4496
f 4220/4498/4498 4189/4463/4463 4188/4462/4462 4219/4497/4497
f 4221/4499/4499 4190/4464/4464 4189/4463/4463 4220/4498/4498
f 4222/4500/4500 4191/4465/4465 4190/4464/4464 4221/4499/4499
f 4223/4501/4501 4192/4466/4466 4191/4465/4465 4222/4500/4500
f 4224/4502/4502 4193/4467/4467 4192/4466/4466 4223/4501/4501
f 4225/4503/4503 4194/4468/4468 4193/4467/4467 4224/4502/4502
f 4226/4504/4504 4195/4469/4469 4194/4468/4468 4225/4503/4503
f 4227/4505/4505 4196/4470/4470 4195/4469/4469 4226/4504/4504
f 4228/4506/4506 4197/4471/4471 4196/4470/4470 4227/4505/4505
f 4229/4507/4507 4198/4472/4472 4197/4471/4471 4228/4506/4506
f 4230/4508/4508 4199/4473/4473 4198/4472/4472 4229/4507/4507
f 4231/4509/4509 4200/4474/4474 4199/4473/4473 4230/4508/4508
f 4232/4510/4510 4201/4476/4476 4200/4474/4474 4231/4509/4509
f 4233/4511/4511 4202/4478/4478 4201/4476/4476 4232/4510/4510
f 4234/4512/4512 4203/4480/4480 4202/4478/4478 4233/4511/4511
f 1310/1309/1375 4235/4513/4513 4204/4482/4482 1278/1277/1344
f 4235/4513/4513 4236/4514/4514 4205/4483/4483 4204/4482/4482
f 4236/4514/4514 4237/4515/4515 4206/4484/4484 4205/4483/4483
f 4237/4515/4515 4238/4516/4516 4207/4485/4485 4206/4484/4484
f 4238/4516/4516 4239/4517/4517 4208/4486/4486 4207/4485/4485
f 4239/4517/4517 4240/4518/4518 4209/4487/4487 4208/4486/4486
f 4240/4518/4518 4241/4519/4519 4210/4488/4488 4209/4487/4487
f 4241/4519/4519 4242/4520/4520 4211/4489/4489 4210/4488/4488
f 4242/4520/4520 4243/4521/4521 4212/4490/4490 4211/4489/4489
f 4243/4521/4521 4244/4522/4522 4213/4491/4491 4212/4490/4490
f 4244/4522/4522 4245/4523/4523 4214/4492/4492 4213/4491/4491
f 4246/4524/4524 4215/4493/4493 4214/4492/4492 4245/4523/4523
f 4247/4525/4525 4216/4494/4494 4215/4493/4493 4246/4524/4524
f 4248/4526/4526 4217/4495/4495 4216/4494/4494 4247/4525/4525
f 4249/4527/4527 4218/4496/4496 4217/4495/4495 4248/4526/4526
f 4250/4528/4528 4219/4497/4497 4218/4496/4496 4249/4527/4527
f 4251/4529/4529 4220/4498/4498 4219/4497/4497 4250/4528/4528
f 4252/4530/4530 4221/4499/4499 4220/4498/4498 4251/4529/4529
f 4253/4531/4531 4222/4500/4500 4221/4499/4499 4252/4530/4530
f 4254/4532/4532 4223/4501/4501 4222/4500/4500 4253/4531/4531
f 4255/4533/4533 4224/4502/4502 4223/4501/4501 4254/4532/4532
f 4256/4534/4534 4225/4503/4503 4224/4502/4502 4255/4533/4533
f 4257/4535/4535 4226/4504/4504 4225/4503/4503 4256/4534/4534
f 4258/4536/4536 4227/4505/4505 4226/4504/4504 4257/4535/4535
f 4259/4537/4537 4228/4506/4506 4227/4505/4505 4258/4536/4536
f 4260/4538/4538 4229/4507/4507 4228/4506/4506 4259/4537/4537
f 4261/4539/4539 4230/4508/4508 4229/4507/4507 4260/4538/4538
f 4262/4540/4540 4231/4509/4509 4230/4508/4508 4261/4539/4539
f 4263/4541/4541 4232/4510/4510 4231/4509/4509 4262/4540/4540
f 4264/4542/4542 4233/4511/4511 4232/4510/4510 4263/4541/4541
f 4265/4543/4543 4234/4512/4512 4233/4511/4511 4264/4542/4542
f 1310/1309/1375 1342/1394/1408 4266/4544/4544 4235/4513/4513
f 4266/4544/4544 4267/4545/4545 4236/4514/4514 4235/4513/4513
f 4267/4545/4545 4268/4546/4546 4237/4515/4515 4236/4514/4514
f 4268/4546/4546 4269/4547/4547 4238/4516/4516 4237/4515/4515
f 4238/4516/4516 4269/4547/4547 4270/4548/4548 4239/4517/4517
f 4239/4517/4517 4270/4548/4548 4271/4549/4549 4240/4518/4518
f 4271/4549/4549 4272/4550/4550 4241/4519/4519 4240/4518/4518
f 4241/4519/4519 4272/4550/4550 4273/4551/4551 4242/4520/4520
f 4273/4551/4551 4274/4552/4552 4243/4521/4521 4242/4520/4520
f 4274/4552/4552 4275/4553/4553 4244/4522/4522 4243/4521/4521
f 4275/4553/4553 4276/4554/4554 4245/4523/4523 4244/4522/4522
f 4367/4555/4555 1445/1341/1420 2/22/43 2968/3222/3222
f 4365/4556/4556 4366/4557/4557 2969/3224/3224 2970/3226/3226
f 4366/4557/4557 4367/4555/4555 2968/3222/3222 2969/3224/3224
f 4363/4558/4558 4364/4559/4559 2971/3228/3228 2972/3230/3230
f 4361/4560/4560 4362/4561/4561 2973/3232/3232 2974/3234/3234
f 4360/4562/4562 4361/4560/4560 2974/3234/3234 2975/3236/3236
f 4362/4561/4561 4363/4558/4558 2972/3230/3230 2973/3232/3232
f 4364/4559/4559 4365/4556/4556 2970/3226/3226 2971/3228/3228
f 4357/4563/4563 4358/4564/4564 2977/3240/3240 2978/3242/3242
f 2978/3242/3242 2979/3182/3184 4356/3183/3183 4357/4563/4563
f 4358/4564/4564 4359/4565/4565 2976/3238/3238 2977/3240/3240
f 4359/4565/4565 4360/4562/4562 2975/3236/3236 2976/3238/3238
f 2967/3220/3220 2998/3219/3219 4337/3264/3264
f 3308/3551/3551 3339/3582/3582 4326/4567/4566 4327/4566/4567
f 3339/3582/3582 3370/3613/3613 4325/4568/4568 4326/4567/4566
f 3401/3644/3644 3432/3675/3675 4323/4570/4569 4324/4569/4570
f 3463/3706/3706 3494/3737/3737 4321/4572/4571 4322/4571/4572
f 3494/3737/3737 3525/3768/3768 4320/4573/4573 4321/4572/4571
f 3432/3675/3675 3463/3706/3706 4322/4571/4572 4323/4570/4569
f 3370/3613/3613 3401/3644/3644 4324/4569/4570 4325/4568/4568
f 3556/3799/3799 3587/3830/3830 4318/4575/4574 4319/4574/4575
f 3618/3861/3861 3649/3892/3892 5842/4577/4576 4317/4576/4577
f 3525/3768/3768 3556/3799/3799 4319/4574/4575 4320/4573/4573
f 3277/3519/3519 3308/3551/3551 4327/4566/4567 4328/3520/3520
f 4247/4525/4525 4246/4524/4524 4277/4579/4578 4278/4578/4579
f 4249/4527/4527 4248/4526/4526 4279/4581/4580 4280/4580/4581
f 4251/4529/4529 4250/4528/4528 4281/4583/4582 4282/4582/4583
f 4252/4530/4530 4251/4529/4529 4282/4582/4583 4283/4584/4584
f 4250/4528/4528 4249/4527/4527 4280/4580/4581 4281/4583/4582
f 4248/4526/4526 4247/4525/4525 4278/4578/4579 4279/4581/4580
f 3680/3923/3923 5811/3954/3954 5810/4586/4585 4316/4585/4586
f 3711/4016/4016 3742/4015/4015 4314/4588/4587 4315/4587/4588
f 3742/4015/4015 3773/4047/4047 4313/4589/4589 4314/4588/4587
f 3804/4078/4078 3835/4109/4109 4311/4591/4590 4312/4590/4591
f 3866/4140/4140 3897/4171/4171 4309/4593/4592 4310/4592/4593
f 3897/4171/4171 3928/4202/4202 4308/4594/4594 4309/4593/4592
f 3835/4109/4109 3866/4140/4140 4310/4592/4593 4311/4591/4590
f 3773/4047/4047 3804/4078/4078 4312/4590/4591 4313/4589/4589
f 4316/4585/4586 5842/4577/4576 3649/3892/3892 3680/3923/3923
f 4254/4532/4532 4253/4531/4531 4284/4596/4595 4285/4595/4596
f 4253/4531/4531 4252/4530/4530 4283/4584/4584 4284/4596/4595
f 4255/4533/4533 4254/4532/4532 4285/4595/4596 4286/4597/4597
f 4256/4534/4534 4255/4533/4533 4286/4597/4597 4287/4598/4598
f 4258/4536/4536 4257/4535/4535 4288/4600/4599 4289/4599/4600
f 4259/4537/4537 4258/4536/4536 4289/4599/4600 4290/4601/4601
f 4257/4535/4535 4256/4534/4534 4287/4598/4598 4288/4600/4599
f 4262/4540/4540 4261/4539/4539 4292/4603/4602 4293/4602/4603
f 4264/4542/4542 4263/4541/4541 4294/4605/4604 4295/4604/4605
f 4265/4543/4543 4264/4542/4542 4295/4604/4605 4296/4606/4606
f 4263/4541/4541 4262/4540/4540 4293/4602/4603 4294/4605/4604
f 4261/4539/4539 4260/4538/4538 4291/4607/4607 4292/4603/4602
f 4260/4538/4538 4259/4537/4537 4290/4601/4601 4291/4607/4607
f 3959/4233/4233 3990/4264/4264 4306/4609/4608 4307/4608/4609
f 3928/4202/4202 3959/4233/4233 4307/4608/4609 4308/4594/4594
f 3990/4264/4264 4021/4295/4295 4305/4610/4610 4306/4609/4608
f 4021/4295/4295 4052/4326/4326 4304/4611/4611 4305/4610/4610
f 4083/4357/4357 4114/4388/4388 4302/4613/4612 4303/4612/4613
f 5774/4419/4419 4301/4614/4614 4302/4613/4612 4114/4388/4388
f 4052/4326/4326 4083/4357/4357 4303/4612/4613 4304/4611/4611
f 4203/4480/4480 4234/4512/4512 4298/4616/4615 4299/4615/4616
f 4234/4512/4512 4265/4543/4543 4297/4617/4617 4298/4616/4615
f 4172/4481/4481 4203/4480/4480 4299/4615/4616 4300/4618/4618
f 4296/4606/4606 4297/4617/4617 4265/4543/4543
f 4246/4524/4524 4245/4523/4523 4276/4554/4554 4277/4579/4578
s 4
f 5741/4619/4619 5740/4622/4620 4369/4621/4621 4368/4620/4622
f 5738/4623/4623 4371/4626/4624 4370/4625/4625 5739/4624/4626
f 4371/4626/4624 5738/4623/4623 5737/4628/4627 4372/4627/4628
f 4372/4627/4628 5737/4628/4627 5736/4630/4629 4373/4629/4630
f 5736/4630/4629 5735/4632/4631 4374/4631/4632 4373/4629/4630
f 5735/4632/4631 5734/4634/4633 4375/4633/4634 4374/4631/4632
f 5734/4634/4633 5733/4636/4635 4376/4635/4636 4375/4633/4634
f 4376/4635/4636 5733/4636/4635 5732/4638/4637 4377/4637/4638
f 5743/4639/4639 5742/4641/4640 4368/4620/4622 4410/4640/4641
f 4411/4642/4642 4410/4640/4641 4368/4620/4622 4369/4621/4621
f 4412/4643/4643 4411/4642/4642 4369/4621/4621 4370/4625/4625
f 4413/4644/4644 4412/4643/4643 4370/4625/4625 4371/4626/4624
f 4414/4645/4645 4413/4644/4644 4371/4626/4624 4372/4627/4628
f 4415/4646/4646 4414/4645/4645 4372/4627/4628 4373/4629/4630
f 4416/4647/4647 4415/4646/4646 4373/4629/4630 4374/4631/4632
f 4417/4648/4648 4416/4647/4647 4374/4631/4632 4375/4633/4634
f 4418/4649/4649 4417/4648/4648 4375/4633/4634 4376/4635/4636
f 4419/4650/4650 4418/4649/4649 4376/4635/4636 4377/4637/4638
f 4420/4651/4651 4419/4650/4650 4377/4637/4638 4378/4652/4652
f 4421/4653/4653 4420/4651/4651 4378/4652/4652 4379/4654/4654
f 4422/4655/4655 4421/4653/4653 4379/4654/4654 4380/4656/4656
f 4423/4657/4657 4422/4655/4655 4380/4656/4656 4381/4658/4658
f 4424/4659/4659 4423/4657/4657 4381/4658/4658 4382/4660/4660
f 4425/4661/4661 4424/4659/4659 4382/4660/4660 4383/4662/4662
f 4426/4663/4663 4425/4661/4661 4383/4662/4662 4384/4664/4664
f 4427/4665/4665 4426/4663/4663 4384/4664/4664 4385/4666/4666
f 4428/4667/4667 4427/4665/4665 4385/4666/4666 4386/4668/4668
f 4429/4669/4669 4428/4667/4667 4386/4668/4668 4387/4670/4670
f 4430/4671/4671 4429/4669/4669 4387/4670/4670 4388/4672/4672
f 4431/4673/4673 4430/4671/4671 4388/4672/4672 4389/4674/4674
f 4432/4675/4675 4431/4673/4673 4389/4674/4674 4390/4676/4676
f 5807/4677/4677 4432/4675/4675 4390/4676/4676 5808/4678/4678
f 4434/4679/4679 4433/4682/4680 4391/4681/4681 4392/4680/4682
f 4435/4683/4683 4434/4679/4679 4392/4680/4682 4393/4684/4684
f 4436/4685/4685 4435/4683/4683 4393/4684/4684 4394/4686/4686
f 4437/4687/4687 4436/4685/4685 4394/4686/4686 4395/4688/4688
f 4438/4689/4689 4437/4687/4687 4395/4688/4688 4396/4690/4690
f 4439/4691/4691 4438/4689/4689 4396/4690/4690 4397/4692/4692
f 4440/4693/4693 4439/4691/4691 4397/4692/4692 4398/4694/4694
f 4441/4695/4695 4440/4693/4693 4398/4694/4694 4399/4696/4696
f 4442/4697/4697 4441/4695/4695 4399/4696/4696 4400/4698/4698
f 4443/4699/4699 4442/4697/4697 4400/4698/4698 4401/4700/4700
f 4444/4701/4701 4443/4699/4699 4401/4700/4700 4402/4702/4702
f 4445/4703/4703 4444/4701/4701 4402/4702/4702 4403/4704/4704
f 4446/4705/4705 4445/4703/4703 4403/4704/4704 4404/4706/4706
f 4447/4707/4707 4446/4705/4705 4404/4706/4706 4405/4708/4708
f 4448/4709/4709 4447/4707/4707 4405/4708/4708 4406/4710/4710
f 4449/4711/4711 4448/4709/4709 4406/4710/4710 4407/4712/4712
f 4450/4713/4713 4449/4711/4711 4407/4712/4712 4408/4714/4714
f 4451/4715/4715 4450/4713/4713 4408/4714/4714 4409/4716/4716
f 5743/4639/4639 4410/4640/4641 4452/4718/4717 5744/4717/4718
f 4453/4719/4719 4452/4718/4717 4410/4640/4641 4411/4642/4642
f 4454/4720/4720 4453/4719/4719 4411/4642/4642 4412/4643/4643
f 4455/4721/4721 4454/4720/4720 4412/4643/4643 4413/4644/4644
f 4456/4722/4722 4455/4721/4721 4413/4644/4644 4414/4645/4645
f 4457/4723/4723 4456/4722/4722 4414/4645/4645 4415/4646/4646
f 4458/4724/4724 4457/4723/4723 4415/4646/4646 4416/4647/4647
f 4459/4725/4725 4458/4724/4724 4416/4647/4647 4417/4648/4648
f 4460/4726/4726 4459/4725/4725 4417/4648/4648 4418/4649/4649
f 4461/4727/4727 4460/4726/4726 4418/4649/4649 4419/4650/4650
f 4462/4728/4728 4461/4727/4727 4419/4650/4650 4420/4651/4651
f 4463/4729/4729 4462/4728/4728 4420/4651/4651 4421/4653/4653
f 4464/4730/4730 4463/4729/4729 4421/4653/4653 4422/4655/4655
f 4465/4731/4731 4464/4730/4730 4422/4655/4655 4423/4657/4657
f 4466/4732/4732 4465/4731/4731 4423/4657/4657 4424/4659/4659
f 4467/4733/4733 4466/4732/4732 4424/4659/4659 4425/4661/4661
f 4468/4734/4734 4467/4733/4733 4425/4661/4661 4426/4663/4663
f 4469/4735/4735 4468/4734/4734 4426/4663/4663 4427/4665/4665
f 4470/4736/4736 4469/4735/4735 4427/4665/4665 4428/4667/4667
f 4471/4737/4737 4470/4736/4736 4428/4667/4667 4429/4669/4669
f 4472/4738/4738 4471/4737/4737 4429/4669/4669 4430/4671/4671
f 4473/4739/4739 4472/4738/4738 4430/4671/4671 4431/4673/4673
f 4474/4740/4740 4473/4739/4739 4431/4673/4673 4432/4675/4675
f 5806/4741/4741 4474/4740/4740 4432/4675/4675 5807/4677/4677
f 4476/4742/4742 4475/4743/4743 4433/4682/4680 4434/4679/4679
f 4477/4744/4744 4476/4742/4742 4434/4679/4679 4435/4683/4683
f 4478/4745/4745 4477/4744/4744 4435/4683/4683 4436/4685/4685
f 4479/4746/4746 4478/4745/4745 4436/4685/4685 4437/4687/4687
f 4480/4747/4747 4479/4746/4746 4437/4687/4687 4438/4689/4689
f 4481/4748/4748 4480/4747/4747 4438/4689/4689 4439/4691/4691
f 4482/4749/4749 4481/4748/4748 4439/4691/4691 4440/4693/4693
f 4483/4750/4750 4482/4749/4749 4440/4693/4693 4441/4695/4695
f 4484/4751/4751 4483/4750/4750 4441/4695/4695 4442/4697/4697
f 4485/4752/4752 4484/4751/4751 4442/4697/4697 4443/4699/4699
f 4486/4753/4753 4485/4752/4752 4443/4699/4699 4444/4701/4701
f 4487/4754/4754 4486/4753/4753 4444/4701/4701 4445/4703/4703
f 4488/4755/4755 4487/4754/4754 4445/4703/4703 4446/4705/4705
f 4489/4756/4756 4488/4755/4755 4446/4705/4705 4447/4707/4707
f 4490/4757/4757 4489/4756/4756 4447/4707/4707 4448/4709/4709
f 4491/4758/4758 4490/4757/4757 4448/4709/4709 4449/4711/4711
f 4492/4759/4759 4491/4758/4758 4449/4711/4711 4450/4713/4713
f 4493/4760/4760 4492/4759/4759 4450/4713/4713 4451/4715/4715
f 5744/4717/4718 4452/4718/4717 4494/4762/4761 5745/4761/4762
f 4495/4763/4763 4494/4762/4761 4452/4718/4717 4453/4719/4719
f 4496/4764/4764 4495/4763/4763 4453/4719/4719 4454/4720/4720
f 4497/4765/4765 4496/4764/4764 4454/4720/4720 4455/4721/4721
f 4498/4766/4766 4497/4765/4765 4455/4721/4721 4456/4722/4722
f 4499/4767/4767 4498/4766/4766 4456/4722/4722 4457/4723/4723
f 4500/4768/4768 4499/4767/4767 4457/4723/4723 4458/4724/4724
f 4501/4769/4769 4500/4768/4768 4458/4724/4724 4459/4725/4725
f 4502/4770/4770 4501/4769/4769 4459/4725/4725 4460/4726/4726
f 4503/4771/4771 4502/4770/4770 4460/4726/4726 4461/4727/4727
f 4504/4772/4772 4503/4771/4771 4461/4727/4727 4462/4728/4728
f 4505/4773/4773 4504/4772/4772 4462/4728/4728 4463/4729/4729
f 4506/4774/4774 4505/4773/4773 4463/4729/4729 4464/4730/4730
f 4507/4775/4775 4506/4774/4774 4464/4730/4730 4465/4731/4731
f 4508/4776/4776 4507/4775/4775 4465/4731/4731 4466/4732/4732
f 4509/4777/4777 4508/4776/4776 4466/4732/4732 4467/4733/4733
f 4510/4778/4778 4509/4777/4777 4467/4733/4733 4468/4734/4734
f 4511/4779/4779 4510/4778/4778 4468/4734/4734 4469/4735/4735
f 4512/4780/4780 4511/4779/4779 4469/4735/4735 4470/4736/4736
f 4513/4781/4781 4512/4780/4780 4470/4736/4736 4471/4737/4737
f 4514/4782/4782 4513/4781/4781 4471/4737/4737 4472/4738/4738
f 4515/4783/4783 4514/4782/4782 4472/4738/4738 4473/4739/4739
f 4516/4784/4784 4515/4783/4783 4473/4739/4739 4474/4740/4740
f 5805/4785/4785 4516/4784/4784 4474/4740/4740 5806/4741/4741
f 4518/4786/4786 4517/4787/4787 4475/4743/4743 4476/4742/4742
f 4519/4788/4788 4518/4786/4786 4476/4742/4742 4477/4744/4744
f 4520/4789/4789 4519/4788/4788 4477/4744/4744 4478/4745/4745
f 4521/4790/4790 4520/4789/4789 4478/4745/4745 4479/4746/4746
f 4522/4791/4791 4521/4790/4790 4479/4746/4746 4480/4747/4747
f 4523/4792/4792 4522/4791/4791 4480/4747/4747 4481/4748/4748
f 4524/4793/4793 4523/4792/4792 4481/4748/4748 4482/4749/4749
f 4525/4794/4794 4524/4793/4793 4482/4749/4749 4483/4750/4750
f 4526/4795/4795 4525/4794/4794 4483/4750/4750 4484/4751/4751
f 4527/4796/4796 4526/4795/4795 4484/4751/4751 4485/4752/4752
f 4528/4797/4797 4527/4796/4796 4485/4752/4752 4486/4753/4753
f 4529/4798/4798 4528/4797/4797 4486/4753/4753 4487/4754/4754
f 4530/4799/4799 4529/4798/4798 4487/4754/4754 4488/4755/4755
f 4531/4800/4800 4530/4799/4799 4488/4755/4755 4489/4756/4756
f 4532/4801/4801 4531/4800/4800 4489/4756/4756 4490/4757/4757
f 4533/4802/4802 4532/4801/4801 4490/4757/4757 4491/4758/4758
f 4534/4803/4803 4533/4802/4802 4491/4758/4758 4492/4759/4759
f 4535/4804/4804 4534/4803/4803 4492/4759/4759 4493/4760/4760
f 5745/4761/4762 4494/4762/4761 4536/4806/4805 5746/4805/4806
f 4537/4807/4807 4536/4806/4805 4494/4762/4761 4495/4763/4763
f 4538/4808/4808 4537/4807/4807 4495/4763/4763 4496/4764/4764
f 4539/4809/4809 4538/4808/4808 4496/4764/4764 4497/4765/4765
f 4540/4810/4810 4539/4809/4809 4497/4765/4765 4498/4766/4766
f 4541/4811/4811 4540/4810/4810 4498/4766/4766 4499/4767/4767
f 4542/4812/4812 4541/4811/4811 4499/4767/4767 4500/4768/4768
f 4543/4813/4813 4542/4812/4812 4500/4768/4768 4501/4769/4769
f 4544/4814/4814 4543/4813/4813 4501/4769/4769 4502/4770/4770
f 4545/4815/4815 4544/4814/4814 4502/4770/4770 4503/4771/4771
f 4546/4816/4816 4545/4815/4815 4503/4771/4771 4504/4772/4772
f 4547/4817/4817 4546/4816/4816 4504/4772/4772 4505/4773/4773
f 4548/4818/4818 4547/4817/4817 4505/4773/4773 4506/4774/4774
f 4549/4819/4819 4548/4818/4818 4506/4774/4774 4507/4775/4775
f 4550/4820/4820 4549/4819/4819 4507/4775/4775 4508/4776/4776
f 4551/4821/4821 4550/4820/4820 4508/4776/4776 4509/4777/4777
f 4552/4822/4822 4551/4821/4821 4509/4777/4777 4510/4778/4778
f 4553/4823/4823 4552/4822/4822 4510/4778/4778 4511/4779/4779
f 4554/4824/4824 4553/4823/4823 4511/4779/4779 4512/4780/4780
f 4555/4825/4825 4554/4824/4824 4512/4780/4780 4513/4781/4781
f 4556/4826/4826 4555/4825/4825 4513/4781/4781 4514/4782/4782
f 4557/4827/4827 4556/4826/4826 4514/4782/4782 4515/4783/4783
f 4558/4828/4828 4557/4827/4827 4515/4783/4783 4516/4784/4784
f 5804/4829/4829 4558/4828/4828 4516/4784/4784 5805/4785/4785
f 4560/4830/4830 4559/4831/4831 4517/4787/4787 4518/4786/4786
f 4561/4832/4832 4560/4830/4830 4518/4786/4786 4519/4788/4788
f 4562/4833/4833 4561/4832/4832 4519/4788/4788 4520/4789/4789
f 4563/4834/4834 4562/4833/4833 4520/4789/4789 4521/4790/4790
f 4564/4835/4835 4563/4834/4834 4521/4790/4790 4522/4791/4791
f 4565/4836/4836 4564/4835/4835 4522/4791/4791 4523/4792/4792
f 4566/4837/4837 4565/4836/4836 4523/4792/4792 4524/4793/4793
f 4567/4838/4838 4566/4837/4837 4524/4793/4793 4525/4794/4794
f 4568/4839/4839 4567/4838/4838 4525/4794/4794 4526/4795/4795
f 4569/4840/4840 4568/4839/4839 4526/4795/4795 4527/4796/4796
f 4570/4841/4841 4569/4840/4840 4527/4796/4796 4528/4797/4797
f 4571/4842/4842 4570/4841/4841 4528/4797/4797 4529/4798/4798
f 4572/4843/4843 4571/4842/4842 4529/4798/4798 4530/4799/4799
f 4573/4844/4844 4572/4843/4843 4530/4799/4799 4531/4800/4800
f 4574/4845/4845 4573/4844/4844 4531/4800/4800 4532/4801/4801
f 4575/4846/4846 4574/4845/4845 4532/4801/4801 4533/4802/4802
f 4576/4847/4847 4575/4846/4846 4533/4802/4802 4534/4803/4803
f 4577/4848/4848 4576/4847/4847 4534/4803/4803 4535/4804/4804
f 5746/4805/4806 4536/4806/4805 4578/4850/4849 5747/4849/4850
f 4579/4851/4851 4578/4850/4849 4536/4806/4805 4537/4807/4807
f 4580/4852/4852 4579/4851/4851 4537/4807/4807 4538/4808/4808
f 4581/4853/4853 4580/4852/4852 4538/4808/4808 4539/4809/4809
f 4582/4854/4854 4581/4853/4853 4539/4809/4809 4540/4810/4810
f 4583/4855/4855 4582/4854/4854 4540/4810/4810 4541/4811/4811
f 4542/4812/4812 4584/4856/4856 4583/4855/4855 4541/4811/4811
f 4585/4857/4857 4584/4856/4856 4542/4812/4812 4543/4813/4813
f 4586/4858/4858 4585/4857/4857 4543/4813/4813 4544/4814/4814
f 4587/4859/4859 4586/4858/4858 4544/4814/4814 4545/4815/4815
f 4588/4860/4860 4587/4859/4859 4545/4815/4815 4546/4816/4816
f 4589/4861/4861 4588/4860/4860 4546/4816/4816 4547/4817/4817
f 4590/4862/4862 4589/4861/4861 4547/4817/4817 4548/4818/4818
f 4591/4863/4863 4590/4862/4862 4548/4818/4818 4549/4819/4819
f 4592/4864/4864 4591/4863/4863 4549/4819/4819 4550/4820/4820
f 4593/4865/4865 4592/4864/4864 4550/4820/4820 4551/4821/4821
f 4594/4866/4866 4593/4865/4865 4551/4821/4821 4552/4822/4822
f 4595/4867/4867 4594/4866/4866 4552/4822/4822 4553/4823/4823
f 4596/4868/4868 4595/4867/4867 4553/4823/4823 4554/4824/4824
f 4597/4869/4869 4596/4868/4868 4554/4824/4824 4555/4825/4825
f 4598/4870/4870 4597/4869/4869 4555/4825/4825 4556/4826/4826
f 4599/4871/4871 4598/4870/4870 4556/4826/4826 4557/4827/4827
f 4600/4872/4872 4599/4871/4871 4557/4827/4827 4558/4828/4828
f 5803/4873/4873 4600/4872/4872 4558/4828/4828 5804/4829/4829
f 4602/4874/4874 4601/4875/4875 4559/4831/4831 4560/4830/4830
f 4603/4876/4876 4602/4874/4874 4560/4830/4830 4561/4832/4832
f 4604/4877/4877 4603/4876/4876 4561/4832/4832 4562/4833/4833
f 4605/4878/4878 4604/4877/4877 4562/4833/4833 4563/4834/4834
f 4606/4879/4879 4605/4878/4878 4563/4834/4834 4564/4835/4835
f 4607/4880/4880 4606/4879/4879 4564/4835/4835 4565/4836/4836
f 4608/4881/4881 4607/4880/4880 4565/4836/4836 4566/4837/4837
f 4609/4882/4882 4608/4881/4881 4566/4837/4837 4567/4838/4838
f 4610/4883/4883 4609/4882/4882 4567/4838/4838 4568/4839/4839
f 4611/4884/4884 4610/4883/4883 4568/4839/4839 4569/4840/4840
f 4612/4885/4885 4611/4884/4884 4569/4840/4840 4570/4841/4841
f 4613/4886/4886 4612/4885/4885 4570/4841/4841 4571/4842/4842
f 4614/4887/4887 4613/4886/4886 4571/4842/4842 4572/4843/4843
f 4615/4888/4888 4614/4887/4887 4572/4843/4843 4573/4844/4844
f 4616/4889/4889 4615/4888/4888 4573/4844/4844 4574/4845/4845
f 4617/4890/4890 4616/4889/4889 4574/4845/4845 4575/4846/4846
f 4618/4891/4891 4617/4890/4890 4575/4846/4846 4576/4847/4847
f 4619/4892/4892 4618/4891/4891 4576/4847/4847 4577/4848/4848
f 5747/4849/4850 4578/4850/4849 4620/4894/4893 5748/4893/4894
f 4621/4895/4895 4620/4894/4893 4578/4850/4849 4579/4851/4851
f 4622/4896/4896 4621/4895/4895 4579/4851/4851 4580/4852/4852
f 4623/4897/4897 4622/4896/4896 4580/4852/4852 4581/4853/4853
f 4624/4898/4898 4623/4897/4897 4581/4853/4853 4582/4854/4854
f 4625/4899/4899 4624/4898/4898 4582/4854/4854 4583/4855/4855
f 4584/4856/4856 4626/4900/4900 4625/4899/4899 4583/4855/4855
f 4627/4901/4901 4626/4900/4900 4584/4856/4856 4585/4857/4857
f 4628/4902/4902 4627/4901/4901 4585/4857/4857 4586/4858/4858
f 4629/4903/4903 4628/4902/4902 4586/4858/4858 4587/4859/4859
f 4630/4904/4904 4629/4903/4903 4587/4859/4859 4588/4860/4860
f 4631/4905/4905 4630/4904/4904 4588/4860/4860 4589/4861/4861
f 4632/4906/4906 4631/4905/4905 4589/4861/4861 4590/4862/4862
f 4633/4907/4907 4632/4906/4906 4590/4862/4862 4591/4863/4863
f 4634/4908/4908 4633/4907/4907 4591/4863/4863 4592/4864/4864
f 4635/4909/4909 4634/4908/4908 4592/4864/4864 4593/4865/4865
f 4636/4910/4910 4635/4909/4909 4593/4865/4865 4594/4866/4866
f 4637/4911/4911 4636/4910/4910 4594/4866/4866 4595/4867/4867
f 4638/4912/4912 4637/4911/4911 4595/4867/4867 4596/4868/4868
f 4639/4913/4913 4638/4912/4912 4596/4868/4868 4597/4869/4869
f 4640/4914/4914 4639/4913/4913 4597/4869/4869 4598/4870/4870
f 4641/4915/4915 4640/4914/4914 4598/4870/4870 4599/4871/4871
f 4642/4916/4916 4641/4915/4915 4599/4871/4871 4600/4872/4872
f 5802/4917/4917 4642/4916/4916 4600/4872/4872 5803/4873/4873
f 4644/4918/4918 4643/4919/4919 4601/4875/4875 4602/4874/4874
f 4645/4920/4920 4644/4918/4918 4602/4874/4874 4603/4876/4876
f 4646/4921/4921 4645/4920/4920 4603/4876/4876 4604/4877/4877
f 4647/4922/4922 4646/4921/4921 4604/4877/4877 4605/4878/4878
f 4648/4923/4923 4647/4922/4922 4605/4878/4878 4606/4879/4879
f 4649/4924/4924 4648/4923/4923 4606/4879/4879 4607/4880/4880
f 4650/4925/4925 4649/4924/4924 4607/4880/4880 4608/4881/4881
f 4651/4926/4926 4650/4925/4925 4608/4881/4881 4609/4882/4882
f 4652/4927/4927 4651/4926/4926 4609/4882/4882 4610/4883/4883
f 4653/4928/4928 4652/4927/4927 4610/4883/4883 4611/4884/4884
f 4654/4929/4929 4653/4928/4928 4611/4884/4884 4612/4885/4885
f 4655/4930/4930 4654/4929/4929 4612/4885/4885 4613/4886/4886
f 4656/4931/4931 4655/4930/4930 4613/4886/4886 4614/4887/4887
f 4657/4932/4932 4656/4931/4931 4614/4887/4887 4615/4888/4888
f 4658/4933/4933 4657/4932/4932 4615/4888/4888 4616/4889/4889
f 4659/4934/4934 4658/4933/4933 4616/4889/4889 4617/4890/4890
f 4660/4935/4935 4659/4934/4934 4617/4890/4890 4618/4891/4891
f 4661/4936/4936 4660/4935/4935 4618/4891/4891 4619/4892/4892
f 5748/4893/4894 4620/4894/4893 4662/4938/4937 5749/4937/4938
f 4663/4939/4939 4662/4938/4937 4620/4894/4893 4621/4895/4895
f 4664/4940/4940 4663/4939/4939 4621/4895/4895 4622/4896/4896
f 4665/4941/4941 4664/4940/4940 4622/4896/4896 4623/4897/4897
f 4666/4942/4942 4665/4941/4941 4623/4897/4897 4624/4898/4898
f 4667/4943/4943 4666/4942/4942 4624/4898/4898 4625/4899/4899
f 4668/4944/4944 4667/4943/4943 4625/4899/4899 4626/4900/4900
f 4669/4945/4945 4668/4944/4944 4626/4900/4900 4627/4901/4901
f 4670/4946/4946 4669/4945/4945 4627/4901/4901 4628/4902/4902
f 4671/4947/4947 4670/4946/4946 4628/4902/4902 4629/4903/4903
f 4672/4948/4948 4671/4947/4947 4629/4903/4903 4630/4904/4904
f 4673/4949/4949 4672/4948/4948 4630/4904/4904 4631/4905/4905
f 4674/4950/4950 4673/4949/4949 4631/4905/4905 4632/4906/4906
f 4675/4951/4951 4674/4950/4950 4632/4906/4906 4633/4907/4907
f 4676/4952/4952 4675/4951/4951 4633/4907/4907 4634/4908/4908
f 4677/4953/4953 4676/4952/4952 4634/4908/4908 4635/4909/4909
f 4678/4954/4954 4677/4953/4953 4635/4909/4909 4636/4910/4910
f 4679/4955/4955 4678/4954/4954 4636/4910/4910 4637/4911/4911
f 4680/4956/4956 4679/4955/4955 4637/4911/4911 4638/4912/4912
f 4681/4957/4957 4680/4956/4956 4638/4912/4912 4639/4913/4913
f 4682/4958/4958 4681/4957/4957 4639/4913/4913 4640/4914/4914
f 4683/4959/4959 4682/4958/4958 4640/4914/4914 4641/4915/4915
f 4684/4960/4960 4683/4959/4959 4641/4915/4915 4642/4916/4916
f 5801/4961/4961 4684/4960/4960 4642/4916/4916 5802/4917/4917
f 4686/4962/4962 4685/4963/4963 4643/4919/4919 4644/4918/4918
f 4687/4964/4964 4686/4962/4962 4644/4918/4918 4645/4920/4920
f 4688/4965/4965 4687/4964/4964 4645/4920/4920 4646/4921/4921
f 4689/4966/4966 4688/4965/4965 4646/4921/4921 4647/4922/4922
f 4690/4967/4967 4689/4966/4966 4647/4922/4922 4648/4923/4923
f 4691/4968/4968 4690/4967/4967 4648/4923/4923 4649/4924/4924
f 4692/4969/4969 4691/4968/4968 4649/4924/4924 4650/4925/4925
f 4693/4970/4970 4692/4969/4969 4650/4925/4925 4651/4926/4926
f 4694/4971/4971 4693/4970/4970 4651/4926/4926 4652/4927/4927
f 4695/4972/4972 4694/4971/4971 4652/4927/4927 4653/4928/4928
f 4696/4973/4973 4695/4972/4972 4653/4928/4928 4654/4929/4929
f 4697/4974/4974 4696/4973/4973 4654/4929/4929 4655/4930/4930
f 4698/4975/4975 4697/4974/4974 4655/4930/4930 4656/4931/4931
f 4699/4976/4976 4698/4975/4975 4656/4931/4931 4657/4932/4932
f 4700/4977/4977 4699/4976/4976 4657/4932/4932 4658/4933/4933
f 4701/4978/4978 4700/4977/4977 4658/4933/4933 4659/4934/4934
f 4702/4979/4979 4701/4978/4978 4659/4934/4934 4660/4935/4935
f 4703/4980/4980 4702/4979/4979 4660/4935/4935 4661/4936/4936
f 5749/4937/4938 4662/4938/4937 4704/4982/4981 5750/4981/4982
f 4705/4983/4983 4704/4982/4981 4662/4938/4937 4663/4939/4939
f 4706/4984/4984 4705/4983/4983 4663/4939/4939 4664/4940/4940
f 4707/4985/4985 4706/4984/4984 4664/4940/4940 4665/4941/4941
f 4708/4986/4986 4707/4985/4985 4665/4941/4941 4666/4942/4942
f 4667/4943/4943 4709/4987/4987 4708/4986/4986 4666/4942/4942
f 4710/4988/4988 4709/4987/4987 4667/4943/4943 4668/4944/4944
f 4711/4989/4989 4710/4988/4988 4668/4944/4944 4669/4945/4945
f 4712/4990/4990 4711/4989/4989 4669/4945/4945 4670/4946/4946
f 4713/4991/4991 4712/4990/4990 4670/4946/4946 4671/4947/4947
f 4714/4992/4992 4713/4991/4991 4671/4947/4947 4672/4948/4948
f 4715/4993/4993 4714/4992/4992 4672/4948/4948 4673/4949/4949
f 4716/4994/4994 4715/4993/4993 4673/4949/4949 4674/4950/4950
f 4717/4995/4995 4716/4994/4994 4674/4950/4950 4675/4951/4951
f 4718/4996/4996 4717/4995/4995 4675/4951/4951 4676/4952/4952
f 4719/4997/4997 4718/4996/4996 4676/4952/4952 4677/4953/4953
f 4720/4998/4998 4719/4997/4997 4677/4953/4953 4678/4954/4954
f 4721/4999/4999 4720/4998/4998 4678/4954/4954 4679/4955/4955
f 4722/5000/5000 4721/4999/4999 4679/4955/4955 4680/4956/4956
f 4723/5001/5001 4722/5000/5000 4680/4956/4956 4681/4957/4957
f 4724/5002/5002 4723/5001/5001 4681/4957/4957 4682/4958/4958
f 4725/5003/5003 4724/5002/5002 4682/4958/4958 4683/4959/4959
f 4726/5004/5004 4725/5003/5003 4683/4959/4959 4684/4960/4960
f 5800/5005/5005 4726/5004/5004 4684/4960/4960 5801/4961/4961
f 4728/5006/5006 4727/5007/5007 4685/4963/4963 4686/4962/4962
f 4729/5008/5008 4728/5006/5006 4686/4962/4962 4687/4964/4964
f 4730/5009/5009 4729/5008/5008 4687/4964/4964 4688/4965/4965
f 4731/5010/5010 4730/5009/5009 4688/4965/4965 4689/4966/4966
f 4732/5011/5011 4731/5010/5010 4689/4966/4966 4690/4967/4967
f 4733/5012/5012 4732/5011/5011 4690/4967/4967 4691/4968/4968
f 4734/5013/5013 4733/5012/5012 4691/4968/4968 4692/4969/4969
f 4735/5014/5014 4734/5013/5013 4692/4969/4969 4693/4970/4970
f 4736/5015/5015 4735/5014/5014 4693/4970/4970 4694/4971/4971
f 4737/5016/5016 4736/5015/5015 4694/4971/4971 4695/4972/4972
f 4738/5017/5017 4737/5016/5016 4695/4972/4972 4696/4973/4973
f 4739/5018/5018 4738/5017/5017 4696/4973/4973 4697/4974/4974
f 4740/5019/5019 4739/5018/5018 4697/4974/4974 4698/4975/4975
f 4741/5020/5020 4740/5019/5019 4698/4975/4975 4699/4976/4976
f 4742/5021/5021 4741/5020/5020 4699/4976/4976 4700/4977/4977
f 4743/5022/5022 4742/5021/5021 4700/4977/4977 4701/4978/4978
f 4744/5023/5023 4743/5022/5022 4701/4978/4978 4702/4979/4979
f 4745/5024/5024 4744/5023/5023 4702/4979/4979 4703/4980/4980
f 5750/4981/4982 4704/4982/4981 4746/5026/5025 5751/5025/5026
f 4747/5027/5027 4746/5026/5025 4704/4982/4981 4705/4983/4983
f 4748/5028/5028 4747/5027/5027 4705/4983/4983 4706/4984/4984
f 4749/5029/5029 4748/5028/5028 4706/4984/4984 4707/4985/4985
f 4750/5030/5030 4749/5029/5029 4707/4985/4985 4708/4986/4986
f 4709/4987/4987 4751/5031/5031 4750/5030/5030 4708/4986/4986
f 4752/5032/5032 4751/5031/5031 4709/4987/4987 4710/4988/4988
f 4753/5033/5033 4752/5032/5032 4710/4988/4988 4711/4989/4989
f 4754/5034/5034 4753/5033/5033 4711/4989/4989 4712/4990/4990
f 4755/5035/5035 4754/5034/5034 4712/4990/4990 4713/4991/4991
f 4756/5036/5036 4755/5035/5035 4713/4991/4991 4714/4992/4992
f 4757/5037/5037 4756/5036/5036 4714/4992/4992 4715/4993/4993
f 4758/5038/5038 4757/5037/5037 4715/4993/4993 4716/4994/4994
f 4759/5039/5039 4758/5038/5038 4716/4994/4994 4717/4995/4995
f 4760/5040/5040 4759/5039/5039 4717/4995/4995 4718/4996/4996
f 4761/5041/5041 4760/5040/5040 4718/4996/4996 4719/4997/4997
f 4762/5042/5042 4761/5041/5041 4719/4997/4997 4720/4998/4998
f 4763/5043/5043 4762/5042/5042 4720/4998/4998 4721/4999/4999
f 4764/5044/5044 4763/5043/5043 4721/4999/4999 4722/5000/5000
f 4765/5045/5045 4764/5044/5044 4722/5000/5000 4723/5001/5001
f 4766/5046/5046 4765/5045/5045 4723/5001/5001 4724/5002/5002
f 4767/5047/5047 4766/5046/5046 4724/5002/5002 4725/5003/5003
f 4768/5048/5048 4767/5047/5047 4725/5003/5003 4726/5004/5004
f 5799/5049/5049 4768/5048/5048 4726/5004/5004 5800/5005/5005
f 4770/5050/5050 4769/5051/5051 4727/5007/5007 4728/5006/5006
f 4771/5052/5052 4770/5050/5050 4728/5006/5006 4729/5008/5008
f 4772/5053/5053 4771/5052/5052 4729/5008/5008 4730/5009/5009
f 4773/5054/5054 4772/5053/5053 4730/5009/5009 4731/5010/5010
f 4774/5055/5055 4773/5054/5054 4731/5010/5010 4732/5011/5011
f 4775/5056/5056 4774/5055/5055 4732/5011/5011 4733/5012/5012
f 4776/5057/5057 4775/5056/5056 4733/5012/5012 4734/5013/5013
f 4777/5058/5058 4776/5057/5057 4734/5013/5013 4735/5014/5014
f 4778/5059/5059 4777/5058/5058 4735/5014/5014 4736/5015/5015
f 4779/5060/5060 4778/5059/5059 4736/5015/5015 4737/5016/5016
f 4780/5061/5061 4779/5060/5060 4737/5016/5016 4738/5017/5017
f 4781/5062/5062 4780/5061/5061 4738/5017/5017 4739/5018/5018
f 4782/5063/5063 4781/5062/5062 4739/5018/5018 4740/5019/5019
f 4783/5064/5064 4782/5063/5063 4740/5019/5019 4741/5020/5020
f 4784/5065/5065 4783/5064/5064 4741/5020/5020 4742/5021/5021
f 4785/5066/5066 4784/5065/5065 4742/5021/5021 4743/5022/5022
f 4786/5067/5067 4785/5066/5066 4743/5022/5022 4744/5023/5023
f 4787/5068/5068 4786/5067/5067 4744/5023/5023 4745/5024/5024
f 5751/5025/5026 4746/5026/5025 4788/5070/5069 5752/5069/5070
f 4789/5071/5071 4788/5070/5069 4746/5026/5025 4747/5027/5027
f 4790/5072/5072 4789/5071/5071 4747/5027/5027 4748/5028/5028
f 4791/5073/5073 4790/5072/5072 4748/5028/5028 4749/5029/5029
f 4792/5074/5074 4791/5073/5073 4749/5029/5029 4750/5030/5030
f 4793/5075/5075 4792/5074/5074 4750/5030/5030 4751/5031/5031
f 4794/5076/5076 4793/5075/5075 4751/5031/5031 4752/5032/5032
f 4795/5077/5077 4794/5076/5076 4752/5032/5032 4753/5033/5033
f 4796/5078/5078 4795/5077/5077 4753/5033/5033 4754/5034/5034
f 4797/5079/5079 4796/5078/5078 4754/5034/5034 4755/5035/5035
f 4798/5080/5080 4797/5079/5079 4755/5035/5035 4756/5036/5036
f 4799/5081/5081 4798/5080/5080 4756/5036/5036 4757/5037/5037
f 4800/5082/5082 4799/5081/5081 4757/5037/5037 4758/5038/5038
f 4801/5083/5083 4800/5082/5082 4758/5038/5038 4759/5039/5039
f 4802/5084/5084 4801/5083/5083 4759/5039/5039 4760/5040/5040
f 4803/5085/5085 4802/5084/5084 4760/5040/5040 4761/5041/5041
f 4804/5086/5086 4803/5085/5085 4761/5041/5041 4762/5042/5042
f 4805/5087/5087 4804/5086/5086 4762/5042/5042 4763/5043/5043
f 4806/5088/5088 4805/5087/5087 4763/5043/5043 4764/5044/5044
f 4807/5089/5089 4806/5088/5088 4764/5044/5044 4765/5045/5045
f 4808/5090/5090 4807/5089/5089 4765/5045/5045 4766/5046/5046
f 4809/5091/5091 4808/5090/5090 4766/5046/5046 4767/5047/5047
f 4810/5092/5092 4809/5091/5091 4767/5047/5047 4768/5048/5048
f 5798/5093/5093 4810/5092/5092 4768/5048/5048 5799/5049/5049
f 4812/5094/5094 4811/5095/5095 4769/5051/5051 4770/5050/5050
f 4813/5096/5096 4812/5094/5094 4770/5050/5050 4771/5052/5052
f 4814/5097/5097 4813/5096/5096 4771/5052/5052 4772/5053/5053
f 4815/5098/5098 4814/5097/5097 4772/5053/5053 4773/5054/5054
f 4816/5099/5099 4815/5098/5098 4773/5054/5054 4774/5055/5055
f 4817/5100/5100 4816/5099/5099 4774/5055/5055 4775/5056/5056
f 4818/5101/5101 4817/5100/5100 4775/5056/5056 4776/5057/5057
f 4819/5102/5102 4818/5101/5101 4776/5057/5057 4777/5058/5058
f 4820/5103/5103 4819/5102/5102 4777/5058/5058 4778/5059/5059
f 4821/5104/5104 4820/5103/5103 4778/5059/5059 4779/5060/5060
f 4822/5105/5105 4821/5104/5104 4779/5060/5060 4780/5061/5061
f 4823/5106/5106 4822/5105/5105 4780/5061/5061 4781/5062/5062
f 4824/5107/5107 4823/5106/5106 4781/5062/5062 4782/5063/5063
f 4825/5108/5108 4824/5107/5107 4782/5063/5063 4783/5064/5064
f 4826/5109/5109 4825/5108/5108 4783/5064/5064 4784/5065/5065
f 4827/5110/5110 4826/5109/5109 4784/5065/5065 4785/5066/5066
f 4828/5111/5111 4827/5110/5110 4785/5066/5066 4786/5067/5067
f 4829/5112/5112 4828/5111/5111 4786/5067/5067 4787/5068/5068
f 5752/5069/5070 4788/5070/5069 4830/5114/5113 5753/5113/5114
f 4831/5115/5115 4830/5114/5113 4788/5070/5069 4789/5071/5071
f 4832/5116/5116 4831/5115/5115 4789/5071/5071 4790/5072/5072
f 4833/5117/5117 4832/5116/5116 4790/5072/5072 4791/5073/5073
f 4792/5074/5074 4834/5118/5118 4833/5117/5117 4791/5073/5073
f 4835/5119/5119 4834/5118/5118 4792/5074/5074 4793/5075/5075
f 4836/5120/5120 4835/5119/5119 4793/5075/5075 4794/5076/5076
f 4837/5121/5121 4836/5120/5120 4794/5076/5076 4795/5077/5077
f 4838/5122/5122 4837/5121/5121 4795/5077/5077 4796/5078/5078
f 4839/5123/5123 4838/5122/5122 4796/5078/5078 4797/5079/5079
f 4840/5124/5124 4839/5123/5123 4797/5079/5079 4798/5080/5080
f 4841/5125/5125 4840/5124/5124 4798/5080/5080 4799/5081/5081
f 4842/5126/5126 4841/5125/5125 4799/5081/5081 4800/5082/5082
f 4843/5127/5127 4842/5126/5126 4800/5082/5082 4801/5083/5083
f 4844/5128/5128 4843/5127/5127 4801/5083/5083 4802/5084/5084
f 4845/5129/5129 4844/5128/5128 4802/5084/5084 4803/5085/5085
f 4846/5130/5130 4845/5129/5129 4803/5085/5085 4804/5086/5086
f 4847/5131/5131 4846/5130/5130 4804/5086/5086 4805/5087/5087
f 4848/5132/5132 4847/5131/5131 4805/5087/5087 4806/5088/5088
f 4849/5133/5133 4848/5132/5132 4806/5088/5088 4807/5089/5089
f 4850/5134/5134 4849/5133/5133 4807/5089/5089 4808/5090/5090
f 4851/5135/5135 4850/5134/5134 4808/5090/5090 4809/5091/5091
f 4852/5136/5136 4851/5135/5135 4809/5091/5091 4810/5092/5092
f 5797/5137/5137 4852/5136/5136 4810/5092/5092 5798/5093/5093
f 4854/5138/5138 4853/5139/5139 4811/5095/5095 4812/5094/5094
f 4855/5140/5140 4854/5138/5138 4812/5094/5094 4813/5096/5096
f 4856/5141/5141 4855/5140/5140 4813/5096/5096 4814/5097/5097
f 4857/5142/5142 4856/5141/5141 4814/5097/5097 4815/5098/5098
f 4858/5143/5143 4857/5142/5142 4815/5098/5098 4816/5099/5099
f 4859/5144/5144 4858/5143/5143 4816/5099/5099 4817/5100/5100
f 4860/5145/5145 4859/5144/5144 4817/5100/5100 4818/5101/5101
f 4861/5146/5146 4860/5145/5145 4818/5101/5101 4819/5102/5102
f 4862/5147/5147 4861/5146/5146 4819/5102/5102 4820/5103/5103
f 4863/5148/5148 4862/5147/5147 4820/5103/5103 4821/5104/5104
f 4864/5149/5149 4863/5148/5148 4821/5104/5104 4822/5105/5105
f 4865/5150/5150 4864/5149/5149 4822/5105/5105 4823/5106/5106
f 4866/5151/5151 4865/5150/5150 4823/5106/5106 4824/5107/5107
f 4867/5152/5152 4866/5151/5151 4824/5107/5107 4825/5108/5108
f 4868/5153/5153 4867/5152/5152 4825/5108/5108 4826/5109/5109
f 4869/5154/5154 4868/5153/5153 4826/5109/5109 4827/5110/5110
f 4870/5155/5155 4869/5154/5154 4827/5110/5110 4828/5111/5111
f 4871/5156/5156 4870/5155/5155 4828/5111/5111 4829/5112/5112
f 5753/5113/5114 4830/5114/5113 4872/5158/5157 5754/5157/5158
f 4873/5159/5159 4872/5158/5157 4830/5114/5113 4831/5115/5115
f 4874/5160/5160 4873/5159/5159 4831/5115/5115 4832/5116/5116
f 4875/5161/5161 4874/5160/5160 4832/5116/5116 4833/5117/5117
f 4834/5118/5118 4876/5162/5162 4875/5161/5161 4833/5117/5117
f 4877/5163/5163 4876/5162/5162 4834/5118/5118 4835/5119/5119
f 4878/5164/5164 4877/5163/5163 4835/5119/5119 4836/5120/5120
f 4879/5165/5165 4878/5164/5164 4836/5120/5120 4837/5121/5121
f 4880/5166/5166 4879/5165/5165 4837/5121/5121 4838/5122/5122
f 4881/5167/5167 4880/5166/5166 4838/5122/5122 4839/5123/5123
f 4882/5168/5168 4881/5167/5167 4839/5123/5123 4840/5124/5124
f 4883/5169/5169 4882/5168/5168 4840/5124/5124 4841/5125/5125
f 4884/5170/5170 4883/5169/5169 4841/5125/5125 4842/5126/5126
f 4885/5171/5171 4884/5170/5170 4842/5126/5126 4843/5127/5127
f 4886/5172/5172 4885/5171/5171 4843/5127/5127 4844/5128/5128
f 4887/5173/5173 4886/5172/5172 4844/5128/5128 4845/5129/5129
f 4888/5174/5174 4887/5173/5173 4845/5129/5129 4846/5130/5130
f 4889/5175/5175 4888/5174/5174 4846/5130/5130 4847/5131/5131
f 4890/5176/5176 4889/5175/5175 4847/5131/5131 4848/5132/5132
f 4891/5177/5177 4890/5176/5176 4848/5132/5132 4849/5133/5133
f 4892/5178/5178 4891/5177/5177 4849/5133/5133 4850/5134/5134
f 4893/5179/5179 4892/5178/5178 4850/5134/5134 4851/5135/5135
f 4894/5180/5180 4893/5179/5179 4851/5135/5135 4852/5136/5136
f 5796/5181/5181 4894/5180/5180 4852/5136/5136 5797/5137/5137
f 4896/5182/5182 4895/5183/5183 4853/5139/5139 4854/5138/5138
f 4897/5184/5184 4896/5182/5182 4854/5138/5138 4855/5140/5140
f 4898/5185/5185 4897/5184/5184 4855/5140/5140 4856/5141/5141
f 4899/5186/5186 4898/5185/5185 4856/5141/5141 4857/5142/5142
f 4900/5187/5187 4899/5186/5186 4857/5142/5142 4858/5143/5143
f 4901/5188/5188 4900/5187/5187 4858/5143/5143 4859/5144/5144
f 4902/5189/5189 4901/5188/5188 4859/5144/5144 4860/5145/5145
f 4903/5190/5190 4902/5189/5189 4860/5145/5145 4861/5146/5146
f 4904/5191/5191 4903/5190/5190 4861/5146/5146 4862/5147/5147
f 4905/5192/5192 4904/5191/5191 4862/5147/5147 4863/5148/5148
f 4906/5193/5193 4905/5192/5192 4863/5148/5148 4864/5149/5149
f 4907/5194/5194 4906/5193/5193 4864/5149/5149 4865/5150/5150
f 4908/5195/5195 4907/5194/5194 4865/5150/5150 4866/5151/5151
f 4909/5196/5196 4908/5195/5195 4866/5151/5151 4867/5152/5152
f 4910/5197/5197 4909/5196/5196 4867/5152/5152 4868/5153/5153
f 4911/5198/5198 4910/5197/5197 4868/5153/5153 4869/5154/5154
f 4912/5199/5199 4911/5198/5198 4869/5154/5154 4870/5155/5155
f 4913/5200/5200 4912/5199/5199 4870/5155/5155 4871/5156/5156
f 5754/5157/5158 4872/5158/5157 4914/5202/5201 5755/5201/5202
f 4915/5203/5203 4914/5202/5201 4872/5158/5157 4873/5159/5159
f 4916/5204/5204 4915/5203/5203 4873/5159/5159 4874/5160/5160
f 4917/5205/5205 4916/5204/5204 4874/5160/5160 4875/5161/5161
f 4876/5162/5162 4918/5206/5206 4917/5205/5205 4875/5161/5161
f 4919/5207/5207 4918/5206/5206 4876/5162/5162 4877/5163/5163
f 4920/5208/5208 4919/5207/5207 4877/5163/5163 4878/5164/5164
f 4921/5209/5209 4920/5208/5208 4878/5164/5164 4879/5165/5165
f 4922/5210/5210 4921/5209/5209 4879/5165/5165 4880/5166/5166
f 4923/5211/5211 4922/5210/5210 4880/5166/5166 4881/5167/5167
f 4924/5212/5212 4923/5211/5211 4881/5167/5167 4882/5168/5168
f 4925/5213/5213 4924/5212/5212 4882/5168/5168 4883/5169/5169
f 4926/5214/5214 4925/5213/5213 4883/5169/5169 4884/5170/5170
f 4927/5215/5215 4926/5214/5214 4884/5170/5170 4885/5171/5171
f 4928/5216/5216 4927/5215/5215 4885/5171/5171 4886/5172/5172
f 4929/5217/5217 4928/5216/5216 4886/5172/5172 4887/5173/5173
f 4930/5218/5218 4929/5217/5217 4887/5173/5173 4888/5174/5174
f 4931/5219/5219 4930/5218/5218 4888/5174/5174 4889/5175/5175
f 4932/5220/5220 4931/5219/5219 4889/5175/5175 4890/5176/5176
f 4933/5221/5221 4932/5220/5220 4890/5176/5176 4891/5177/5177
f 4934/5222/5222 4933/5221/5221 4891/5177/5177 4892/5178/5178
f 4935/5223/5223 4934/5222/5222 4892/5178/5178 4893/5179/5179
f 4936/5224/5224 4935/5223/5223 4893/5179/5179 4894/5180/5180
f 5795/5225/5225 4936/5224/5224 4894/5180/5180 5796/5181/5181
f 4938/5226/5226 4937/5227/5227 4895/5183/5183 4896/5182/5182
f 4939/5228/5228 4938/5226/5226 4896/5182/5182 4897/5184/5184
f 4940/5229/5229 4939/5228/5228 4897/5184/5184 4898/5185/5185
f 4941/5230/5230 4940/5229/5229 4898/5185/5185 4899/5186/5186
f 4942/5231/5231 4941/5230/5230 4899/5186/5186 4900/5187/5187
f 4943/5232/5232 4942/5231/5231 4900/5187/5187 4901/5188/5188
f 4944/5233/5233 4943/5232/5232 4901/5188/5188 4902/5189/5189
f 4945/5234/5234 4944/5233/5233 4902/5189/5189 4903/5190/5190
f 4946/5235/5235 4945/5234/5234 4903/5190/5190 4904/5191/5191
f 4947/5236/5236 4946/5235/5235 4904/5191/5191 4905/5192/5192
f 4948/5237/5237 4947/5236/5236 4905/5192/5192 4906/5193/5193
f 4949/5238/5238 4948/5237/5237 4906/5193/5193 4907/5194/5194
f 4950/5239/5239 4949/5238/5238 4907/5194/5194 4908/5195/5195
f 4951/5240/5240 4950/5239/5239 4908/5195/5195 4909/5196/5196
f 4952/5241/5241 4951/5240/5240 4909/5196/5196 4910/5197/5197
f 4953/5242/5242 4952/5241/5241 4910/5197/5197 4911/5198/5198
f 4954/5243/5243 4953/5242/5242 4911/5198/5198 4912/5199/5199
f 4955/5244/5244 4954/5243/5243 4912/5199/5199 4913/5200/5200
f 5755/5201/5202 4914/5202/5201 4956/5246/5245 5756/5245/5246
f 4957/5247/5247 4956/5246/5245 4914/5202/5201 4915/5203/5203
f 4958/5248/5248 4957/5247/5247 4915/5203/5203 4916/5204/5204
f 4959/5249/5249 4958/5248/5248 4916/5204/5204 4917/5205/5205
f 4960/5250/5250 4959/5249/5249 4917/5205/5205 4918/5206/5206
f 4961/5251/5251 4960/5250/5250 4918/5206/5206 4919/5207/5207
f 4962/5252/5252 4961/5251/5251 4919/5207/5207 4920/5208/5208
f 4963/5253/5253 4962/5252/5252 4920/5208/5208 4921/5209/5209
f 4964/5254/5254 4963/5253/5253 4921/5209/5209 4922/5210/5210
f 4965/5255/5255 4964/5254/5254 4922/5210/5210 4923/5211/5211
f 4966/5256/5256 4965/5255/5255 4923/5211/5211 4924/5212/5212
f 4967/5257/5257 4966/5256/5256 4924/5212/5212 4925/5213/5213
f 4968/5258/5258 4967/5257/5257 4925/5213/5213 4926/5214/5214
f 4969/5259/5259 4968/5258/5258 4926/5214/5214 4927/5215/5215
f 4970/5260/5260 4969/5259/5259 4927/5215/5215 4928/5216/5216
f 4971/5261/5261 4970/5260/5260 4928/5216/5216 4929/5217/5217
f 4972/5262/5262 4971/5261/5261 4929/5217/5217 4930/5218/5218
f 4973/5263/5263 4972/5262/5262 4930/5218/5218 4931/5219/5219
f 4974/5264/5264 4973/5263/5263 4931/5219/5219 4932/5220/5220
f 4975/5265/5265 4974/5264/5264 4932/5220/5220 4933/5221/5221
f 4976/5266/5266 4975/5265/5265 4933/5221/5221 4934/5222/5222
f 4977/5267/5267 4976/5266/5266 4934/5222/5222 4935/5223/5223
f 4978/5268/5268 4977/5267/5267 4935/5223/5223 4936/5224/5224
f 5794/5269/5269 4978/5268/5268 4936/5224/5224 5795/5225/5225
f 4980/5270/5270 4979/5271/5271 4937/5227/5227 4938/5226/5226
f 4981/5272/5272 4980/5270/5270 4938/5226/5226 4939/5228/5228
f 4982/5273/5273 4981/5272/5272 4939/5228/5228 4940/5229/5229
f 4983/5274/5274 4982/5273/5273 4940/5229/5229 4941/5230/5230
f 4984/5275/5275 4983/5274/5274 4941/5230/5230 4942/5231/5231
f 4985/5276/5276 4984/5275/5275 4942/5231/5231 4943/5232/5232
f 4986/5277/5277 4985/5276/5276 4943/5232/5232 4944/5233/5233
f 4987/5278/5278 4986/5277/5277 4944/5233/5233 4945/5234/5234
f 4988/5279/5279 4987/5278/5278 4945/5234/5234 4946/5235/5235
f 4989/5280/5280 4988/5279/5279 4946/5235/5235 4947/5236/5236
f 4990/5281/5281 4989/5280/5280 4947/5236/5236 4948/5237/5237
f 4991/5282/5282 4990/5281/5281 4948/5237/5237 4949/5238/5238
f 4992/5283/5283 4991/5282/5282 4949/5238/5238 4950/5239/5239
f 4993/5284/5284 4992/5283/5283 4950/5239/5239 4951/5240/5240
f 4994/5285/5285 4993/5284/5284 4951/5240/5240 4952/5241/5241
f 4995/5286/5286 4994/5285/5285 4952/5241/5241 4953/5242/5242
f 4996/5287/5287 4995/5286/5286 4953/5242/5242 4954/5243/5243
f 4997/5288/5288 4996/5287/5287 4954/5243/5243 4955/5244/5244
f 5756/5245/5246 4956/5246/5245 4998/5290/5289 5757/5289/5290
f 4999/5291/5291 4998/5290/5289 4956/5246/5245 4957/5247/5247
f 5000/5292/5292 4999/5291/5291 4957/5247/5247 4958/5248/5248
f 4959/5249/5249 5001/5293/5293 5000/5292/5292 4958/5248/5248
f 5002/5294/5294 5001/5293/5293 4959/5249/5249 4960/5250/5250
f 5003/5295/5295 5002/5294/5294 4960/5250/5250 4961/5251/5251
f 5004/5296/5296 5003/5295/5295 4961/5251/5251 4962/5252/5252
f 5005/5297/5297 5004/5296/5296 4962/5252/5252 4963/5253/5253
f 5006/5298/5298 5005/5297/5297 4963/5253/5253 4964/5254/5254
f 5007/5299/5299 5006/5298/5298 4964/5254/5254 4965/5255/5255
f 5008/5300/5300 5007/5299/5299 4965/5255/5255 4966/5256/5256
f 5009/5301/5301 5008/5300/5300 4966/5256/5256 4967/5257/5257
f 5010/5302/5302 5009/5301/5301 4967/5257/5257 4968/5258/5258
f 5011/5303/5303 5010/5302/5302 4968/5258/5258 4969/5259/5259
f 5012/5304/5304 5011/5303/5303 4969/5259/5259 4970/5260/5260
f 5013/5305/5305 5012/5304/5304 4970/5260/5260 4971/5261/5261
f 5014/5306/5306 5013/5305/5305 4971/5261/5261 4972/5262/5262
f 5015/5307/5307 5014/5306/5306 4972/5262/5262 4973/5263/5263
f 5016/5308/5308 5015/5307/5307 4973/5263/5263 4974/5264/5264
f 5017/5309/5309 5016/5308/5308 4974/5264/5264 4975/5265/5265
f 5018/5310/5310 5017/5309/5309 4975/5265/5265 4976/5266/5266
f 5019/5311/5311 5018/5310/5310 4976/5266/5266 4977/5267/5267
f 5020/5312/5312 5019/5311/5311 4977/5267/5267 4978/5268/5268
f 5793/5313/5313 5020/5312/5312 4978/5268/5268 5794/5269/5269
f 5022/5314/5314 5021/5315/5315 4979/5271/5271 4980/5270/5270
f 5023/5316/5316 5022/5314/5314 4980/5270/5270 4981/5272/5272
f 5024/5317/5317 5023/5316/5316 4981/5272/5272 4982/5273/5273
f 5025/5318/5318 5024/5317/5317 4982/5273/5273 4983/5274/5274
f 5026/5319/5319 5025/5318/5318 4983/5274/5274 4984/5275/5275
f 5027/5320/5320 5026/5319/5319 4984/5275/5275 4985/5276/5276
f 5028/5321/5321 5027/5320/5320 4985/5276/5276 4986/5277/5277
f 5029/5322/5322 5028/5321/5321 4986/5277/5277 4987/5278/5278
f 5030/5323/5323 5029/5322/5322 4987/5278/5278 4988/5279/5279
f 5031/5324/5324 5030/5323/5323 4988/5279/5279 4989/5280/5280
f 5032/5325/5325 5031/5324/5324 4989/5280/5280 4990/5281/5281
f 5033/5326/5326 5032/5325/5325 4990/5281/5281 4991/5282/5282
f 5034/5327/5327 5033/5326/5326 4991/5282/5282 4992/5283/5283
f 5035/5328/5328 5034/5327/5327 4992/5283/5283 4993/5284/5284
f 5036/5329/5329 5035/5328/5328 4993/5284/5284 4994/5285/5285
f 5037/5330/5330 5036/5329/5329 4994/5285/5285 4995/5286/5286
f 5038/5331/5331 5037/5330/5330 4995/5286/5286 4996/5287/5287
f 5039/5332/5332 5038/5331/5331 4996/5287/5287 4997/5288/5288
f 5757/5289/5290 4998/5290/5289 5040/5334/5333 5758/5333/5334
f 5041/5335/5335 5040/5334/5333 4998/5290/5289 4999/5291/5291
f 5042/5336/5336 5041/5335/5335 4999/5291/5291 5000/5292/5292
f 5001/5293/5293 5043/5337/5337 5042/5336/5336 5000/5292/5292
f 5044/5338/5338 5043/5337/5337 5001/5293/5293 5002/5294/5294
f 5045/5339/5339 5044/5338/5338 5002/5294/5294 5003/5295/5295
f 5046/5340/5340 5045/5339/5339 5003/5295/5295 5004/5296/5296
f 5047/5341/5341 5046/5340/5340 5004/5296/5296 5005/5297/5297
f 5048/5342/5342 5047/5341/5341 5005/5297/5297 5006/5298/5298
f 5049/5343/5343 5048/5342/5342 5006/5298/5298 5007/5299/5299
f 5050/5344/5344 5049/5343/5343 5007/5299/5299 5008/5300/5300
f 5051/5345/5345 5050/5344/5344 5008/5300/5300 5009/5301/5301
f 5052/5346/5346 5051/5345/5345 5009/5301/5301 5010/5302/5302
f 5053/5347/5347 5052/5346/5346 5010/5302/5302 5011/5303/5303
f 5054/5348/5348 5053/5347/5347 5011/5303/5303 5012/5304/5304
f 5055/5349/5349 5054/5348/5348 5012/5304/5304 5013/5305/5305
f 5056/5350/5350 5055/5349/5349 5013/5305/5305 5014/5306/5306
f 5057/5351/5351 5056/5350/5350 5014/5306/5306 5015/5307/5307
f 5058/5352/5352 5057/5351/5351 5015/5307/5307 5016/5308/5308
f 5059/5353/5353 5058/5352/5352 5016/5308/5308 5017/5309/5309
f 5060/5354/5354 5059/5353/5353 5017/5309/5309 5018/5310/5310
f 5061/5355/5355 5060/5354/5354 5018/5310/5310 5019/5311/5311
f 5062/5356/5356 5061/5355/5355 5019/5311/5311 5020/5312/5312
f 5792/5357/5357 5062/5356/5356 5020/5312/5312 5793/5313/5313
f 5064/5358/5358 5063/5359/5359 5021/5315/5315 5022/5314/5314
f 5065/5360/5360 5064/5358/5358 5022/5314/5314 5023/5316/5316
f 5066/5361/5361 5065/5360/5360 5023/5316/5316 5024/5317/5317
f 5067/5362/5362 5066/5361/5361 5024/5317/5317 5025/5318/5318
f 5068/5363/5363 5067/5362/5362 5025/5318/5318 5026/5319/5319
f 5069/5364/5364 5068/5363/5363 5026/5319/5319 5027/5320/5320
f 5070/5365/5365 5069/5364/5364 5027/5320/5320 5028/5321/5321
f 5071/5366/5366 5070/5365/5365 5028/5321/5321 5029/5322/5322
f 5072/5367/5367 5071/5366/5366 5029/5322/5322 5030/5323/5323
f 5073/5368/5368 5072/5367/5367 5030/5323/5323 5031/5324/5324
f 5074/5369/5369 5073/5368/5368 5031/5324/5324 5032/5325/5325
f 5075/5370/5370 5074/5369/5369 5032/5325/5325 5033/5326/5326
f 5076/5371/5371 5075/5370/5370 5033/5326/5326 5034/5327/5327
f 5077/5372/5372 5076/5371/5371 5034/5327/5327 5035/5328/5328
f 5078/5373/5373 5077/5372/5372 5035/5328/5328 5036/5329/5329
f 5079/5374/5374 5078/5373/5373 5036/5329/5329 5037/5330/5330
f 5080/5375/5375 5079/5374/5374 5037/5330/5330 5038/5331/5331
f 5081/5376/5376 5080/5375/5375 5038/5331/5331 5039/5332/5332
f 5758/5333/5334 5040/5334/5333 5082/5378/5377 5759/5377/5378
f 5084/5379/5379 5083/5380/5380 5041/5335/5335 5042/5336/5336
f 5085/5381/5381 5084/5379/5379 5042/5336/5336 5043/5337/5337
f 5086/5382/5382 5085/5381/5381 5043/5337/5337 5044/5338/5338
f 5087/5383/5383 5086/5382/5382 5044/5338/5338 5045/5339/5339
f 5088/5384/5384 5087/5383/5383 5045/5339/5339 5046/5340/5340
f 5089/5385/5385 5088/5384/5384 5046/5340/5340 5047/5341/5341
f 5090/5386/5386 5089/5385/5385 5047/5341/5341 5048/5342/5342
f 5091/5387/5387 5090/5386/5386 5048/5342/5342 5049/5343/5343
f 5092/5388/5388 5091/5387/5387 5049/5343/5343 5050/5344/5344
f 5093/5389/5389 5092/5388/5388 5050/5344/5344 5051/5345/5345
f 5094/5390/5390 5093/5389/5389 5051/5345/5345 5052/5346/5346
f 5095/5391/5391 5094/5390/5390 5052/5346/5346 5053/5347/5347
f 5096/5392/5392 5095/5391/5391 5053/5347/5347 5054/5348/5348
f 5097/5393/5393 5096/5392/5392 5054/5348/5348 5055/5349/5349
f 5098/5394/5394 5097/5393/5393 5055/5349/5349 5056/5350/5350
f 5099/5395/5395 5098/5394/5394 5056/5350/5350 5057/5351/5351
f 5100/5396/5396 5099/5395/5395 5057/5351/5351 5058/5352/5352
f 5101/5397/5397 5100/5396/5396 5058/5352/5352 5059/5353/5353
f 5102/5398/5398 5101/5397/5397 5059/5353/5353 5060/5354/5354
f 5103/5399/5399 5102/5398/5398 5060/5354/5354 5061/5355/5355
f 5104/5400/5400 5103/5399/5399 5061/5355/5355 5062/5356/5356
f 5791/5401/5401 5104/5400/5400 5062/5356/5356 5792/5357/5357
f 5106/5402/5402 5105/5403/5403 5063/5359/5359 5064/5358/5358
f 5107/5404/5404 5106/5402/5402 5064/5358/5358 5065/5360/5360
f 5108/5405/5405 5107/5404/5404 5065/5360/5360 5066/5361/5361
f 5109/5406/5406 5108/5405/5405 5066/5361/5361 5067/5362/5362
f 5110/5407/5407 5109/5406/5406 5067/5362/5362 5068/5363/5363
f 5111/5408/5408 5110/5407/5407 5068/5363/5363 5069/5364/5364
f 5112/5409/5409 5111/5408/5408 5069/5364/5364 5070/5365/5365
f 5113/5410/5410 5112/5409/5409 5070/5365/5365 5071/5366/5366
f 5114/5411/5411 5113/5410/5410 5071/5366/5366 5072/5367/5367
f 5115/5412/5412 5114/5411/5411 5072/5367/5367 5073/5368/5368
f 5116/5413/5413 5115/5412/5412 5073/5368/5368 5074/5369/5369
f 5117/5414/5414 5116/5413/5413 5074/5369/5369 5075/5370/5370
f 5118/5415/5415 5117/5414/5414 5075/5370/5370 5076/5371/5371
f 5119/5416/5416 5118/5415/5415 5076/5371/5371 5077/5372/5372
f 5120/5417/5417 5119/5416/5416 5077/5372/5372 5078/5373/5373
f 5121/5418/5418 5120/5417/5417 5078/5373/5373 5079/5374/5374
f 5122/5419/5419 5121/5418/5418 5079/5374/5374 5080/5375/5375
f 5123/5420/5420 5122/5419/5419 5080/5375/5375 5081/5376/5376
f 5759/5377/5378 5082/5378/5377 5124/5422/5421 5760/5421/5422
f 5125/5423/5423 5124/5422/5421 5082/5378/5377 5083/5380/5380
f 5084/5379/5379 5126/5424/5424 5125/5423/5423 5083/5380/5380
f 5127/5425/5425 5126/5424/5424 5084/5379/5379 5085/5381/5381
f 5128/5426/5426 5127/5425/5425 5085/5381/5381 5086/5382/5382
f 5129/5427/5427 5128/5426/5426 5086/5382/5382 5087/5383/5383
f 5130/5428/5428 5129/5427/5427 5087/5383/5383 5088/5384/5384
f 5131/5429/5429 5130/5428/5428 5088/5384/5384 5089/5385/5385
f 5132/5430/5430 5131/5429/5429 5089/5385/5385 5090/5386/5386
f 5133/5431/5431 5132/5430/5430 5090/5386/5386 5091/5387/5387
f 5134/5432/5432 5133/5431/5431 5091/5387/5387 5092/5388/5388
f 5135/5433/5433 5134/5432/5432 5092/5388/5388 5093/5389/5389
f 5136/5434/5434 5135/5433/5433 5093/5389/5389 5094/5390/5390
f 5137/5435/5435 5136/5434/5434 5094/5390/5390 5095/5391/5391
f 5138/5436/5436 5137/5435/5435 5095/5391/5391 5096/5392/5392
f 5139/5437/5437 5138/5436/5436 5096/5392/5392 5097/5393/5393
f 5140/5438/5438 5139/5437/5437 5097/5393/5393 5098/5394/5394
f 5141/5439/5439 5140/5438/5438 5098/5394/5394 5099/5395/5395
f 5142/5440/5440 5141/5439/5439 5099/5395/5395 5100/5396/5396
f 5143/5441/5441 5142/5440/5440 5100/5396/5396 5101/5397/5397
f 5144/5442/5442 5143/5441/5441 5101/5397/5397 5102/5398/5398
f 5145/5443/5443 5144/5442/5442 5102/5398/5398 5103/5399/5399
f 5146/5444/5444 5145/5443/5443 5103/5399/5399 5104/5400/5400
f 5790/5445/5445 5146/5444/5444 5104/5400/5400 5791/5401/5401
f 5148/5446/5446 5147/5447/5447 5105/5403/5403 5106/5402/5402
f 5149/5448/5448 5148/5446/5446 5106/5402/5402 5107/5404/5404
f 5150/5449/5449 5149/5448/5448 5107/5404/5404 5108/5405/5405
f 5151/5450/5450 5150/5449/5449 5108/5405/5405 5109/5406/5406
f 5152/5451/5451 5151/5450/5450 5109/5406/5406 5110/5407/5407
f 5153/5452/5452 5152/5451/5451 5110/5407/5407 5111/5408/5408
f 5154/5453/5453 5153/5452/5452 5111/5408/5408 5112/5409/5409
f 5155/5454/5454 5154/5453/5453 5112/5409/5409 5113/5410/5410
f 5156/5455/5455 5155/5454/5454 5113/5410/5410 5114/5411/5411
f 5157/5456/5456 5156/5455/5455 5114/5411/5411 5115/5412/5412
f 5158/5457/5457 5157/5456/5456 5115/5412/5412 5116/5413/5413
f 5159/5458/5458 5158/5457/5457 5116/5413/5413 5117/5414/5414
f 5160/5459/5459 5159/5458/5458 5117/5414/5414 5118/5415/5415
f 5161/5460/5460 5160/5459/5459 5118/5415/5415 5119/5416/5416
f 5162/5461/5461 5161/5460/5460 5119/5416/5416 5120/5417/5417
f 5163/5462/5462 5162/5461/5461 5120/5417/5417 5121/5418/5418
f 5164/5463/5463 5163/5462/5462 5121/5418/5418 5122/5419/5419
f 5165/5464/5464 5164/5463/5463 5122/5419/5419 5123/5420/5420
f 5760/5421/5422 5124/5422/5421 5166/5466/5465 5761/5465/5466
f 5167/5467/5467 5166/5466/5465 5124/5422/5421 5125/5423/5423
f 5126/5424/5424 5168/5468/5468 5167/5467/5467 5125/5423/5423
f 5169/5469/5469 5168/5468/5468 5126/5424/5424 5127/5425/5425
f 5170/5470/5470 5169/5469/5469 5127/5425/5425 5128/5426/5426
f 5171/5471/5471 5170/5470/5470 5128/5426/5426 5129/5427/5427
f 5172/5472/5472 5171/5471/5471 5129/5427/5427 5130/5428/5428
f 5173/5473/5473 5172/5472/5472 5130/5428/5428 5131/5429/5429
f 5174/5474/5474 5173/5473/5473 5131/5429/5429 5132/5430/5430
f 5175/5475/5475 5174/5474/5474 5132/5430/5430 5133/5431/5431
f 5176/5476/5476 5175/5475/5475 5133/5431/5431 5134/5432/5432
f 5177/5477/5477 5176/5476/5476 5134/5432/5432 5135/5433/5433
f 5178/5478/5478 5177/5477/5477 5135/5433/5433 5136/5434/5434
f 5179/5479/5479 5178/5478/5478 5136/5434/5434 5137/5435/5435
f 5180/5480/5480 5179/5479/5479 5137/5435/5435 5138/5436/5436
f 5181/5481/5481 5180/5480/5480 5138/5436/5436 5139/5437/5437
f 5182/5482/5482 5181/5481/5481 5139/5437/5437 5140/5438/5438
f 5183/5483/5483 5182/5482/5482 5140/5438/5438 5141/5439/5439
f 5184/5484/5484 5183/5483/5483 5141/5439/5439 5142/5440/5440
f 5185/5485/5485 5184/5484/5484 5142/5440/5440 5143/5441/5441
f 5186/5486/5486 5185/5485/5485 5143/5441/5441 5144/5442/5442
f 5187/5487/5487 5186/5486/5486 5144/5442/5442 5145/5443/5443
f 5188/5488/5488 5187/5487/5487 5145/5443/5443 5146/5444/5444
f 5789/5489/5489 5188/5488/5488 5146/5444/5444 5790/5445/5445
f 5190/5490/5490 5189/5491/5491 5147/5447/5447 5148/5446/5446
f 5191/5492/5492 5190/5490/5490 5148/5446/5446 5149/5448/5448
f 5192/5493/5493 5191/5492/5492 5149/5448/5448 5150/5449/5449
f 5193/5494/5494 5192/5493/5493 5150/5449/5449 5151/5450/5450
f 5194/5495/5495 5193/5494/5494 5151/5450/5450 5152/5451/5451
f 5195/5496/5496 5194/5495/5495 5152/5451/5451 5153/5452/5452
f 5196/5497/5497 5195/5496/5496 5153/5452/5452 5154/5453/5453
f 5197/5498/5498 5196/5497/5497 5154/5453/5453 5155/5454/5454
f 5198/5499/5499 5197/5498/5498 5155/5454/5454 5156/5455/5455
f 5199/5500/5500 5198/5499/5499 5156/5455/5455 5157/5456/5456
f 5200/5501/5501 5199/5500/5500 5157/5456/5456 5158/5457/5457
f 5201/5502/5502 5200/5501/5501 5158/5457/5457 5159/5458/5458
f 5202/5503/5503 5201/5502/5502 5159/5458/5458 5160/5459/5459
f 5203/5504/5504 5202/5503/5503 5160/5459/5459 5161/5460/5460
f 5204/5505/5505 5203/5504/5504 5161/5460/5460 5162/5461/5461
f 5205/5506/5506 5204/5505/5505 5162/5461/5461 5163/5462/5462
f 5206/5507/5507 5205/5506/5506 5163/5462/5462 5164/5463/5463
f 5207/5508/5508 5206/5507/5507 5164/5463/5463 5165/5464/5464
f 5761/5465/5466 5166/5466/5465 5208/5510/5509 5762/5509/5510
f 5209/5511/5511 5208/5510/5509 5166/5466/5465 5167/5467/5467
f 5210/5512/5512 5209/5511/5511 5167/5467/5467 5168/5468/5468
f 5211/5513/5513 5210/5512/5512 5168/5468/5468 5169/5469/5469
f 5212/5514/5514 5211/5513/5513 5169/5469/5469 5170/5470/5470
f 5213/5515/5515 5212/5514/5514 5170/5470/5470 5171/5471/5471
f 5214/5516/5516 5213/5515/5515 5171/5471/5471 5172/5472/5472
f 5215/5517/5517 5214/5516/5516 5172/5472/5472 5173/5473/5473
f 5216/5518/5518 5215/5517/5517 5173/5473/5473 5174/5474/5474
f 5217/5519/5519 5216/5518/5518 5174/5474/5474 5175/5475/5475
f 5218/5520/5520 5217/5519/5519 5175/5475/5475 5176/5476/5476
f 5219/5521/5521 5218/5520/5520 5176/5476/5476 5177/5477/5477
f 5220/5522/5522 5219/5521/5521 5177/5477/5477 5178/5478/5478
f 5221/5523/5523 5220/5522/5522 5178/5478/5478 5179/5479/5479
f 5222/5524/5524 5221/5523/5523 5179/5479/5479 5180/5480/5480
f 5223/5525/5525 5222/5524/5524 5180/5480/5480 5181/5481/5481
f 5224/5526/5526 5223/5525/5525 5181/5481/5481 5182/5482/5482
f 5225/5527/5527 5224/5526/5526 5182/5482/5482 5183/5483/5483
f 5226/5528/5528 5225/5527/5527 5183/5483/5483 5184/5484/5484
f 5227/5529/5529 5226/5528/5528 5184/5484/5484 5185/5485/5485
f 5228/5530/5530 5227/5529/5529 5185/5485/5485 5186/5486/5486
f 5229/5531/5531 5228/5530/5530 5186/5486/5486 5187/5487/5487
f 5230/5532/5532 5229/5531/5531 5187/5487/5487 5188/5488/5488
f 5788/5533/5533 5230/5532/5532 5188/5488/5488 5789/5489/5489
f 5232/5534/5534 5231/5535/5535 5189/5491/5491 5190/5490/5490
f 5233/5536/5536 5232/5534/5534 5190/5490/5490 5191/5492/5492
f 5234/5537/5537 5233/5536/5536 5191/5492/5492 5192/5493/5493
f 5235/5538/5538 5234/5537/5537 5192/5493/5493 5193/5494/5494
f 5236/5539/5539 5235/5538/5538 5193/5494/5494 5194/5495/5495
f 5237/5540/5540 5236/5539/5539 5194/5495/5495 5195/5496/5496
f 5238/5541/5541 5237/5540/5540 5195/5496/5496 5196/5497/5497
f 5239/5542/5542 5238/5541/5541 5196/5497/5497 5197/5498/5498
f 5240/5543/5543 5239/5542/5542 5197/5498/5498 5198/5499/5499
f 5241/5544/5544 5240/5543/5543 5198/5499/5499 5199/5500/5500
f 5242/5545/5545 5241/5544/5544 5199/5500/5500 5200/5501/5501
f 5243/5546/5546 5242/5545/5545 5200/5501/5501 5201/5502/5502
f 5244/5547/5547 5243/5546/5546 5201/5502/5502 5202/5503/5503
f 5245/5548/5548 5244/5547/5547 5202/5503/5503 5203/5504/5504
f 5246/5549/5549 5245/5548/5548 5203/5504/5504 5204/5505/5505
f 5247/5550/5550 5246/5549/5549 5204/5505/5505 5205/5506/5506
f 5248/5551/5551 5247/5550/5550 5205/5506/5506 5206/5507/5507
f 5249/5552/5552 5248/5551/5551 5206/5507/5507 5207/5508/5508
f 5251/5553/5553 5250/5554/5554 5208/5510/5509 5209/5511/5511
f 5252/5555/5555 5251/5553/5553 5209/5511/5511 5210/5512/5512
f 5253/5556/5556 5252/5555/5555 5210/5512/5512 5211/5513/5513
f 5254/5557/5557 5253/5556/5556 5211/5513/5513 5212/5514/5514
f 5255/5558/5558 5254/5557/5557 5212/5514/5514 5213/5515/5515
f 5256/5559/5559 5255/5558/5558 5213/5515/5515 5214/5516/5516
f 5257/5560/5560 5256/5559/5559 5214/5516/5516 5215/5517/5517
f 5258/5561/5561 5257/5560/5560 5215/5517/5517 5216/5518/5518
f 5259/5562/5562 5258/5561/5561 5216/5518/5518 5217/5519/5519
f 5260/5563/5563 5259/5562/5562 5217/5519/5519 5218/5520/5520
f 5261/5564/5564 5260/5563/5563 5218/5520/5520 5219/5521/5521
f 5262/5565/5565 5261/5564/5564 5219/5521/5521 5220/5522/5522
f 5263/5566/5566 5262/5565/5565 5220/5522/5522 5221/5523/5523
f 5264/5567/5567 5263/5566/5566 5221/5523/5523 5222/5524/5524
f 5265/5568/5568 5264/5567/5567 5222/5524/5524 5223/5525/5525
f 5266/5569/5569 5265/5568/5568 5223/5525/5525 5224/5526/5526
f 5267/5570/5570 5266/5569/5569 5224/5526/5526 5225/5527/5527
f 5268/5571/5571 5267/5570/5570 5225/5527/5527 5226/5528/5528
f 5269/5572/5572 5268/5571/5571 5226/5528/5528 5227/5529/5529
f 5270/5573/5573 5269/5572/5572 5227/5529/5529 5228/5530/5530
f 5271/5574/5574 5270/5573/5573 5228/5530/5530 5229/5531/5531
f 5272/5575/5575 5271/5574/5574 5229/5531/5531 5230/5532/5532
f 5787/5576/5576 5272/5575/5575 5230/5532/5532 5788/5533/5533
f 5274/5577/5577 5273/5578/5578 5231/5535/5535 5232/5534/5534
f 5275/5579/5579 5274/5577/5577 5232/5534/5534 5233/5536/5536
f 5276/5580/5580 5275/5579/5579 5233/5536/5536 5234/5537/5537
f 5277/5581/5581 5276/5580/5580 5234/5537/5537 5235/5538/5538
f 5278/5582/5582 5277/5581/5581 5235/5538/5538 5236/5539/5539
f 5279/5583/5583 5278/5582/5582 5236/5539/5539 5237/5540/5540
f 5280/5584/5584 5279/5583/5583 5237/5540/5540 5238/5541/5541
f 5281/5585/5585 5280/5584/5584 5238/5541/5541 5239/5542/5542
f 5282/5586/5586 5281/5585/5585 5239/5542/5542 5240/5543/5543
f 5283/5587/5587 5282/5586/5586 5240/5543/5543 5241/5544/5544
f 5284/5588/5588 5283/5587/5587 5241/5544/5544 5242/5545/5545
f 5285/5589/5589 5284/5588/5588 5242/5545/5545 5243/5546/5546
f 5286/5590/5590 5285/5589/5589 5243/5546/5546 5244/5547/5547
f 5287/5591/5591 5286/5590/5590 5244/5547/5547 5245/5548/5548
f 5288/5592/5592 5287/5591/5591 5245/5548/5548 5246/5549/5549
f 5289/5593/5593 5288/5592/5592 5246/5549/5549 5247/5550/5550
f 5290/5594/5594 5289/5593/5593 5247/5550/5550 5248/5551/5551
f 5290/5594/5594 5248/5551/5551 5249/5552/5552 5291/5595/5595
f 5680/5596/5596 5679/5597/5597 5291/5595/5595 5249/5552/5552
f 5293/5598/5598 5292/5599/5599 5250/5554/5554 5251/5553/5553
f 5294/5600/5600 5293/5598/5598 5251/5553/5553 5252/5555/5555
f 5295/5601/5601 5294/5600/5600 5252/5555/5555 5253/5556/5556
f 5296/5602/5602 5295/5601/5601 5253/5556/5556 5254/5557/5557
f 5297/5603/5603 5296/5602/5602 5254/5557/5557 5255/5558/5558
f 5298/5604/5604 5297/5603/5603 5255/5558/5558 5256/5559/5559
f 5299/5605/5605 5298/5604/5604 5256/5559/5559 5257/5560/5560
f 5300/5606/5606 5299/5605/5605 5257/5560/5560 5258/5561/5561
f 5301/5607/5607 5300/5606/5606 5258/5561/5561 5259/5562/5562
f 5302/5608/5608 5301/5607/5607 5259/5562/5562 5260/5563/5563
f 5303/5609/5609 5302/5608/5608 5260/5563/5563 5261/5564/5564
f 5304/5610/5610 5303/5609/5609 5261/5564/5564 5262/5565/5565
f 5305/5611/5611 5304/5610/5610 5262/5565/5565 5263/5566/5566
f 5306/5612/5612 5305/5611/5611 5263/5566/5566 5264/5567/5567
f 5307/5613/5613 5306/5612/5612 5264/5567/5567 5265/5568/5568
f 5308/5614/5614 5307/5613/5613 5265/5568/5568 5266/5569/5569
f 5309/5615/5615 5308/5614/5614 5266/5569/5569 5267/5570/5570
f 5310/5616/5616 5309/5615/5615 5267/5570/5570 5268/5571/5571
f 5311/5617/5617 5310/5616/5616 5268/5571/5571 5269/5572/5572
f 5312/5618/5618 5311/5617/5617 5269/5572/5572 5270/5573/5573
f 5313/5619/5619 5312/5618/5618 5270/5573/5573 5271/5574/5574
f 5314/5620/5620 5313/5619/5619 5271/5574/5574 5272/5575/5575
f 5786/5621/5621 5314/5620/5620 5272/5575/5575 5787/5576/5576
f 5316/5622/5622 5315/5623/5623 5273/5578/5578 5274/5577/5577
f 5317/5624/5624 5316/5622/5622 5274/5577/5577 5275/5579/5579
f 5318/5625/5625 5317/5624/5624 5275/5579/5579 5276/5580/5580
f 5319/5626/5626 5318/5625/5625 5276/5580/5580 5277/5581/5581
f 5320/5627/5627 5319/5626/5626 5277/5581/5581 5278/5582/5582
f 5321/5628/5628 5320/5627/5627 5278/5582/5582 5279/5583/5583
f 5322/5629/5629 5321/5628/5628 5279/5583/5583 5280/5584/5584
f 5323/5630/5630 5322/5629/5629 5280/5584/5584 5281/5585/5585
f 5324/5631/5631 5323/5630/5630 5281/5585/5585 5282/5586/5586
f 5325/5632/5632 5324/5631/5631 5282/5586/5586 5283/5587/5587
f 5326/5633/5633 5325/5632/5632 5283/5587/5587 5284/5588/5588
f 5327/5634/5634 5326/5633/5633 5284/5588/5588 5285/5589/5589
f 5328/5635/5635 5327/5634/5634 5285/5589/5589 5286/5590/5590
f 5329/5636/5636 5328/5635/5635 5286/5590/5590 5287/5591/5591
f 5330/5637/5637 5329/5636/5636 5287/5591/5591 5288/5592/5592
f 5331/5638/5638 5330/5637/5637 5288/5592/5592 5289/5593/5593
f 5332/5639/5639 5331/5638/5638 5289/5593/5593 5290/5594/5594
f 5332/5639/5639 5290/5594/5594 5291/5595/5595 5333/5640/5640
f 5679/5597/5597 5678/5641/5641 5333/5640/5640 5291/5595/5595
f 5335/5642/5642 5334/5643/5643 5292/5599/5599 5293/5598/5598
f 5336/5644/5644 5335/5642/5642 5293/5598/5598 5294/5600/5600
f 5337/5645/5645 5336/5644/5644 5294/5600/5600 5295/5601/5601
f 5338/5646/5646 5337/5645/5645 5295/5601/5601 5296/5602/5602
f 5339/5647/5647 5338/5646/5646 5296/5602/5602 5297/5603/5603
f 5340/5648/5648 5339/5647/5647 5297/5603/5603 5298/5604/5604
f 5341/5649/5649 5340/5648/5648 5298/5604/5604 5299/5605/5605
f 5342/5650/5650 5341/5649/5649 5299/5605/5605 5300/5606/5606
f 5343/5651/5651 5342/5650/5650 5300/5606/5606 5301/5607/5607
f 5344/5652/5652 5343/5651/5651 5301/5607/5607 5302/5608/5608
f 5345/5653/5653 5344/5652/5652 5302/5608/5608 5303/5609/5609
f 5346/5654/5654 5345/5653/5653 5303/5609/5609 5304/5610/5610
f 5347/5655/5655 5346/5654/5654 5304/5610/5610 5305/5611/5611
f 5348/5656/5656 5347/5655/5655 5305/5611/5611 5306/5612/5612
f 5349/5657/5657 5348/5656/5656 5306/5612/5612 5307/5613/5613
f 5350/5658/5658 5349/5657/5657 5307/5613/5613 5308/5614/5614
f 5351/5659/5659 5350/5658/5658 5308/5614/5614 5309/5615/5615
f 5352/5660/5660 5351/5659/5659 5309/5615/5615 5310/5616/5616
f 5353/5661/5661 5352/5660/5660 5310/5616/5616 5311/5617/5617
f 5354/5662/5662 5353/5661/5661 5311/5617/5617 5312/5618/5618
f 5355/5663/5663 5354/5662/5662 5312/5618/5618 5313/5619/5619
f 5356/5664/5664 5355/5663/5663 5313/5619/5619 5314/5620/5620
f 5785/5665/5665 5356/5664/5664 5314/5620/5620 5786/5621/5621
f 5358/5666/5666 5357/5667/5667 5315/5623/5623 5316/5622/5622
f 5359/5668/5668 5358/5666/5666 5316/5622/5622 5317/5624/5624
f 5360/5669/5669 5359/5668/5668 5317/5624/5624 5318/5625/5625
f 5361/5670/5670 5360/5669/5669 5318/5625/5625 5319/5626/5626
f 5362/5671/5671 5361/5670/5670 5319/5626/5626 5320/5627/5627
f 5363/5672/5672 5362/5671/5671 5320/5627/5627 5321/5628/5628
f 5364/5673/5673 5363/5672/5672 5321/5628/5628 5322/5629/5629
f 5365/5674/5674 5364/5673/5673 5322/5629/5629 5323/5630/5630
f 5366/5675/5675 5365/5674/5674 5323/5630/5630 5324/5631/5631
f 5367/5676/5676 5366/5675/5675 5324/5631/5631 5325/5632/5632
f 5368/5677/5677 5367/5676/5676 5325/5632/5632 5326/5633/5633
f 5369/5678/5678 5368/5677/5677 5326/5633/5633 5327/5634/5634
f 5370/5679/5679 5369/5678/5678 5327/5634/5634 5328/5635/5635
f 5371/5680/5680 5370/5679/5679 5328/5635/5635 5329/5636/5636
f 5372/5681/5681 5371/5680/5680 5329/5636/5636 5330/5637/5637
f 5373/5682/5682 5372/5681/5681 5330/5637/5637 5331/5638/5638
f 5374/5683/5683 5373/5682/5682 5331/5638/5638 5332/5639/5639
f 5374/5683/5683 5332/5639/5639 5333/5640/5640 5375/5684/5684
f 5333/5640/5640 5678/5641/5641 5677/5685/5685 5375/5684/5684
f 5377/5686/5686 5376/5687/5687 5334/5643/5643 5335/5642/5642
f 5378/5688/5688 5377/5686/5686 5335/5642/5642 5336/5644/5644
f 5379/5689/5689 5378/5688/5688 5336/5644/5644 5337/5645/5645
f 5380/5690/5690 5379/5689/5689 5337/5645/5645 5338/5646/5646
f 5381/5691/5691 5380/5690/5690 5338/5646/5646 5339/5647/5647
f 5382/5692/5692 5381/5691/5691 5339/5647/5647 5340/5648/5648
f 5383/5693/5693 5382/5692/5692 5340/5648/5648 5341/5649/5649
f 5384/5694/5694 5383/5693/5693 5341/5649/5649 5342/5650/5650
f 5385/5695/5695 5384/5694/5694 5342/5650/5650 5343/5651/5651
f 5386/5696/5696 5385/5695/5695 5343/5651/5651 5344/5652/5652
f 5387/5697/5697 5386/5696/5696 5344/5652/5652 5345/5653/5653
f 5388/5698/5698 5387/5697/5697 5345/5653/5653 5346/5654/5654
f 5389/5699/5699 5388/5698/5698 5346/5654/5654 5347/5655/5655
f 5390/5700/5700 5389/5699/5699 5347/5655/5655 5348/5656/5656
f 5391/5701/5701 5390/5700/5700 5348/5656/5656 5349/5657/5657
f 5392/5702/5702 5391/5701/5701 5349/5657/5657 5350/5658/5658
f 5393/5703/5703 5392/5702/5702 5350/5658/5658 5351/5659/5659
f 5394/5704/5704 5393/5703/5703 5351/5659/5659 5352/5660/5660
f 5395/5705/5705 5394/5704/5704 5352/5660/5660 5353/5661/5661
f 5396/5706/5706 5395/5705/5705 5353/5661/5661 5354/5662/5662
f 5397/5707/5707 5396/5706/5706 5354/5662/5662 5355/5663/5663
f 5398/5708/5708 5397/5707/5707 5355/5663/5663 5356/5664/5664
f 5784/5709/5709 5398/5708/5708 5356/5664/5664 5785/5665/5665
f 5400/5710/5710 5399/5711/5711 5357/5667/5667 5358/5666/5666
f 5401/5712/5712 5400/5710/5710 5358/5666/5666 5359/5668/5668
f 5402/5713/5713 5401/5712/5712 5359/5668/5668 5360/5669/5669
f 5403/5714/5714 5402/5713/5713 5360/5669/5669 5361/5670/5670
f 5404/5715/5715 5403/5714/5714 5361/5670/5670 5362/5671/5671
f 5405/5716/5716 5404/5715/5715 5362/5671/5671 5363/5672/5672
f 5406/5717/5717 5405/5716/5716 5363/5672/5672 5364/5673/5673
f 5407/5718/5718 5406/5717/5717 5364/5673/5673 5365/5674/5674
f 5408/5719/5719 5407/5718/5718 5365/5674/5674 5366/5675/5675
f 5409/5720/5720 5408/5719/5719 5366/5675/5675 5367/5676/5676
f 5410/5721/5721 5409/5720/5720 5367/5676/5676 5368/5677/5677
f 5411/5722/5722 5410/5721/5721 5368/5677/5677 5369/5678/5678
f 5412/5723/5723 5411/5722/5722 5369/5678/5678 5370/5679/5679
f 5413/5724/5724 5412/5723/5723 5370/5679/5679 5371/5680/5680
f 5414/5725/5725 5413/5724/5724 5371/5680/5680 5372/5681/5681
f 5415/5726/5726 5414/5725/5725 5372/5681/5681 5373/5682/5682
f 5416/5727/5727 5415/5726/5726 5373/5682/5682 5374/5683/5683
f 5416/5727/5727 5374/5683/5683 5375/5684/5684 5417/5728/5728
f 5375/5684/5684 5677/5685/5685 5676/5729/5729 5417/5728/5728
f 5419/5730/5730 5418/5731/5731 5376/5687/5687 5377/5686/5686
f 5420/5732/5732 5419/5730/5730 5377/5686/5686 5378/5688/5688
f 5421/5733/5733 5420/5732/5732 5378/5688/5688 5379/5689/5689
f 5422/5734/5734 5421/5733/5733 5379/5689/5689 5380/5690/5690
f 5423/5735/5735 5422/5734/5734 5380/5690/5690 5381/5691/5691
f 5424/5736/5736 5423/5735/5735 5381/5691/5691 5382/5692/5692
f 5425/5737/5737 5424/5736/5736 5382/5692/5692 5383/5693/5693
f 5426/5738/5738 5425/5737/5737 5383/5693/5693 5384/5694/5694
f 5427/5739/5739 5426/5738/5738 5384/5694/5694 5385/5695/5695
f 5428/5740/5740 5427/5739/5739 5385/5695/5695 5386/5696/5696
f 5429/5741/5741 5428/5740/5740 5386/5696/5696 5387/5697/5697
f 5430/5742/5742 5429/5741/5741 5387/5697/5697 5388/5698/5698
f 5431/5743/5743 5430/5742/5742 5388/5698/5698 5389/5699/5699
f 5432/5744/5744 5431/5743/5743 5389/5699/5699 5390/5700/5700
f 5433/5745/5745 5432/5744/5744 5390/5700/5700 5391/5701/5701
f 5434/5746/5746 5433/5745/5745 5391/5701/5701 5392/5702/5702
f 5435/5747/5747 5434/5746/5746 5392/5702/5702 5393/5703/5703
f 5436/5748/5748 5435/5747/5747 5393/5703/5703 5394/5704/5704
f 5437/5749/5749 5436/5748/5748 5394/5704/5704 5395/5705/5705
f 5438/5750/5750 5437/5749/5749 5395/5705/5705 5396/5706/5706
f 5439/5751/5751 5438/5750/5750 5396/5706/5706 5397/5707/5707
f 5440/5752/5752 5439/5751/5751 5397/5707/5707 5398/5708/5708
f 5783/5753/5753 5440/5752/5752 5398/5708/5708 5784/5709/5709
f 5442/5754/5754 5441/5755/5755 5399/5711/5711 5400/5710/5710
f 5443/5756/5756 5442/5754/5754 5400/5710/5710 5401/5712/5712
f 5444/5757/5757 5443/5756/5756 5401/5712/5712 5402/5713/5713
f 5445/5758/5758 5444/5757/5757 5402/5713/5713 5403/5714/5714
f 5446/5759/5759 5445/5758/5758 5403/5714/5714 5404/5715/5715
f 5447/5760/5760 5446/5759/5759 5404/5715/5715 5405/5716/5716
f 5448/5761/5761 5447/5760/5760 5405/5716/5716 5406/5717/5717
f 5449/5762/5762 5448/5761/5761 5406/5717/5717 5407/5718/5718
f 5450/5763/5763 5449/5762/5762 5407/5718/5718 5408/5719/5719
f 5451/5764/5764 5450/5763/5763 5408/5719/5719 5409/5720/5720
f 5452/5765/5765 5451/5764/5764 5409/5720/5720 5410/5721/5721
f 5453/5766/5766 5452/5765/5765 5410/5721/5721 5411/5722/5722
f 5454/5767/5767 5453/5766/5766 5411/5722/5722 5412/5723/5723
f 5455/5768/5768 5454/5767/5767 5412/5723/5723 5413/5724/5724
f 5456/5769/5769 5455/5768/5768 5413/5724/5724 5414/5725/5725
f 5457/5770/5770 5456/5769/5769 5414/5725/5725 5415/5726/5726
f 5458/5771/5771 5457/5770/5770 5415/5726/5726 5416/5727/5727
f 5458/5771/5771 5416/5727/5727 5417/5728/5728 5459/5772/5772
f 5676/5729/5729 5675/5773/5773 5459/5772/5772 5417/5728/5728
f 5461/5774/5774 5460/5775/5775 5418/5731/5731 5419/5730/5730
f 5462/5776/5776 5461/5774/5774 5419/5730/5730 5420/5732/5732
f 5463/5777/5777 5462/5776/5776 5420/5732/5732 5421/5733/5733
f 5464/5778/5778 5463/5777/5777 5421/5733/5733 5422/5734/5734
f 5465/5779/5779 5464/5778/5778 5422/5734/5734 5423/5735/5735
f 5466/5780/5780 5465/5779/5779 5423/5735/5735 5424/5736/5736
f 5467/5781/5781 5466/5780/5780 5424/5736/5736 5425/5737/5737
f 5468/5782/5782 5467/5781/5781 5425/5737/5737 5426/5738/5738
f 5469/5783/5783 5468/5782/5782 5426/5738/5738 5427/5739/5739
f 5470/5784/5784 5469/5783/5783 5427/5739/5739 5428/5740/5740
f 5471/5785/5785 5470/5784/5784 5428/5740/5740 5429/5741/5741
f 5472/5786/5786 5471/5785/5785 5429/5741/5741 5430/5742/5742
f 5473/5787/5787 5472/5786/5786 5430/5742/5742 5431/5743/5743
f 5474/5788/5788 5473/5787/5787 5431/5743/5743 5432/5744/5744
f 5475/5789/5789 5474/5788/5788 5432/5744/5744 5433/5745/5745
f 5476/5790/5790 5475/5789/5789 5433/5745/5745 5434/5746/5746
f 5477/5791/5791 5476/5790/5790 5434/5746/5746 5435/5747/5747
f 5478/5792/5792 5477/5791/5791 5435/5747/5747 5436/5748/5748
f 5479/5793/5793 5478/5792/5792 5436/5748/5748 5437/5749/5749
f 5480/5794/5794 5479/5793/5793 5437/5749/5749 5438/5750/5750
f 5481/5795/5795 5480/5794/5794 5438/5750/5750 5439/5751/5751
f 5482/5796/5796 5481/5795/5795 5439/5751/5751 5440/5752/5752
f 5782/5797/5797 5482/5796/5796 5440/5752/5752 5783/5753/5753
f 5484/5798/5798 5483/5799/5799 5441/5755/5755 5442/5754/5754
f 5485/5800/5800 5484/5798/5798 5442/5754/5754 5443/5756/5756
f 5486/5801/5801 5485/5800/5800 5443/5756/5756 5444/5757/5757
f 5487/5802/5802 5486/5801/5801 5444/5757/5757 5445/5758/5758
f 5488/5803/5803 5487/5802/5802 5445/5758/5758 5446/5759/5759
f 5489/5804/5804 5488/5803/5803 5446/5759/5759 5447/5760/5760
f 5490/5805/5805 5489/5804/5804 5447/5760/5760 5448/5761/5761
f 5491/5806/5806 5490/5805/5805 5448/5761/5761 5449/5762/5762
f 5492/5807/5807 5491/5806/5806 5449/5762/5762 5450/5763/5763
f 5493/5808/5808 5492/5807/5807 5450/5763/5763 5451/5764/5764
f 5494/5809/5809 5493/5808/5808 5451/5764/5764 5452/5765/5765
f 5495/5810/5810 5494/5809/5809 5452/5765/5765 5453/5766/5766
f 5496/5811/5811 5495/5810/5810 5453/5766/5766 5454/5767/5767
f 5497/5812/5812 5496/5811/5811 5454/5767/5767 5455/5768/5768
f 5498/5813/5813 5497/5812/5812 5455/5768/5768 5456/5769/5769
f 5499/5814/5814 5498/5813/5813 5456/5769/5769 5457/5770/5770
f 5500/5815/5815 5499/5814/5814 5457/5770/5770 5458/5771/5771
f 5500/5815/5815 5458/5771/5771 5459/5772/5772 5501/5816/5816
f 5675/5773/5773 5674/5817/5817 5501/5816/5816 5459/5772/5772
f 5503/5818/5818 5502/5819/5819 5460/5775/5775 5461/5774/5774
f 5504/5820/5820 5503/5818/5818 5461/5774/5774 5462/5776/5776
f 5505/5821/5821 5504/5820/5820 5462/5776/5776 5463/5777/5777
f 5506/5822/5822 5505/5821/5821 5463/5777/5777 5464/5778/5778
f 5507/5823/5823 5506/5822/5822 5464/5778/5778 5465/5779/5779
f 5508/5824/5824 5507/5823/5823 5465/5779/5779 5466/5780/5780
f 5509/5825/5825 5508/5824/5824 5466/5780/5780 5467/5781/5781
f 5510/5826/5826 5509/5825/5825 5467/5781/5781 5468/5782/5782
f 5511/5827/5827 5510/5826/5826 5468/5782/5782 5469/5783/5783
f 5512/5828/5828 5511/5827/5827 5469/5783/5783 5470/5784/5784
f 5513/5829/5829 5512/5828/5828 5470/5784/5784 5471/5785/5785
f 5514/5830/5830 5513/5829/5829 5471/5785/5785 5472/5786/5786
f 5515/5831/5831 5514/5830/5830 5472/5786/5786 5473/5787/5787
f 5516/5832/5832 5515/5831/5831 5473/5787/5787 5474/5788/5788
f 5517/5833/5833 5516/5832/5832 5474/5788/5788 5475/5789/5789
f 5518/5834/5834 5517/5833/5833 5475/5789/5789 5476/5790/5790
f 5519/5835/5835 5518/5834/5834 5476/5790/5790 5477/5791/5791
f 5520/5836/5836 5519/5835/5835 5477/5791/5791 5478/5792/5792
f 5521/5837/5837 5520/5836/5836 5478/5792/5792 5479/5793/5793
f 5522/5838/5838 5521/5837/5837 5479/5793/5793 5480/5794/5794
f 5523/5839/5839 5522/5838/5838 5480/5794/5794 5481/5795/5795
f 5524/5840/5840 5523/5839/5839 5481/5795/5795 5482/5796/5796
f 5781/5841/5841 5524/5840/5840 5482/5796/5796 5782/5797/5797
f 5526/5842/5842 5525/5843/5843 5483/5799/5799 5484/5798/5798
f 5527/5844/5844 5526/5842/5842 5484/5798/5798 5485/5800/5800
f 5528/5845/5845 5527/5844/5844 5485/5800/5800 5486/5801/5801
f 5529/5846/5846 5528/5845/5845 5486/5801/5801 5487/5802/5802
f 5530/5847/5847 5529/5846/5846 5487/5802/5802 5488/5803/5803
f 5531/5848/5848 5530/5847/5847 5488/5803/5803 5489/5804/5804
f 5532/5849/5849 5531/5848/5848 5489/5804/5804 5490/5805/5805
f 5533/5850/5850 5532/5849/5849 5490/5805/5805 5491/5806/5806
f 5534/5851/5851 5533/5850/5850 5491/5806/5806 5492/5807/5807
f 5535/5852/5852 5534/5851/5851 5492/5807/5807 5493/5808/5808
f 5536/5853/5853 5535/5852/5852 5493/5808/5808 5494/5809/5809
f 5537/5854/5854 5536/5853/5853 5494/5809/5809 5495/5810/5810
f 5538/5855/5855 5537/5854/5854 5495/5810/5810 5496/5811/5811
f 5539/5856/5856 5538/5855/5855 5496/5811/5811 5497/5812/5812
f 5540/5857/5857 5539/5856/5856 5497/5812/5812 5498/5813/5813
f 5541/5858/5858 5540/5857/5857 5498/5813/5813 5499/5814/5814
f 5542/5859/5859 5541/5858/5858 5499/5814/5814 5500/5815/5815
f 5542/5859/5859 5500/5815/5815 5501/5816/5816 5543/5860/5860
f 5674/5817/5817 5673/5861/5861 5543/5860/5860 5501/5816/5816
f 5545/5862/5862 5544/5863/5863 5502/5819/5819 5503/5818/5818
f 5546/5864/5864 5545/5862/5862 5503/5818/5818 5504/5820/5820
f 5547/5865/5865 5546/5864/5864 5504/5820/5820 5505/5821/5821
f 5548/5866/5866 5547/5865/5865 5505/5821/5821 5506/5822/5822
f 5549/5867/5867 5548/5866/5866 5506/5822/5822 5507/5823/5823
f 5550/5868/5868 5549/5867/5867 5507/5823/5823 5508/5824/5824
f 5551/5869/5869 5550/5868/5868 5508/5824/5824 5509/5825/5825
f 5552/5870/5870 5551/5869/5869 5509/5825/5825 5510/5826/5826
f 5553/5871/5871 5552/5870/5870 5510/5826/5826 5511/5827/5827
f 5554/5872/5872 5553/5871/5871 5511/5827/5827 5512/5828/5828
f 5555/5873/5873 5554/5872/5872 5512/5828/5828 5513/5829/5829
f 5556/5874/5874 5555/5873/5873 5513/5829/5829 5514/5830/5830
f 5557/5875/5875 5556/5874/5874 5514/5830/5830 5515/5831/5831
f 5558/5876/5876 5557/5875/5875 5515/5831/5831 5516/5832/5832
f 5559/5877/5877 5558/5876/5876 5516/5832/5832 5517/5833/5833
f 5560/5878/5878 5559/5877/5877 5517/5833/5833 5518/5834/5834
f 5561/5879/5879 5560/5878/5878 5518/5834/5834 5519/5835/5835
f 5562/5880/5880 5561/5879/5879 5519/5835/5835 5520/5836/5836
f 5563/5881/5881 5562/5880/5880 5520/5836/5836 5521/5837/5837
f 5564/5882/5882 5563/5881/5881 5521/5837/5837 5522/5838/5838
f 5565/5883/5883 5564/5882/5882 5522/5838/5838 5523/5839/5839
f 5566/5884/5884 5565/5883/5883 5523/5839/5839 5524/5840/5840
f 5780/5885/5885 5566/5884/5884 5524/5840/5840 5781/5841/5841
f 5568/5886/5886 5567/5887/5887 5525/5843/5843 5526/5842/5842
f 5569/5888/5888 5568/5886/5886 5526/5842/5842 5527/5844/5844
f 5570/5889/5889 5569/5888/5888 5527/5844/5844 5528/5845/5845
f 5571/5890/5890 5570/5889/5889 5528/5845/5845 5529/5846/5846
f 5572/5891/5891 5571/5890/5890 5529/5846/5846 5530/5847/5847
f 5573/5892/5892 5572/5891/5891 5530/5847/5847 5531/5848/5848
f 5574/5893/5893 5573/5892/5892 5531/5848/5848 5532/5849/5849
f 5575/5894/5894 5574/5893/5893 5532/5849/5849 5533/5850/5850
f 5576/5895/5895 5575/5894/5894 5533/5850/5850 5534/5851/5851
f 5577/5896/5896 5576/5895/5895 5534/5851/5851 5535/5852/5852
f 5578/5897/5897 5577/5896/5896 5535/5852/5852 5536/5853/5853
f 5579/5898/5898 5578/5897/5897 5536/5853/5853 5537/5854/5854
f 5580/5899/5899 5579/5898/5898 5537/5854/5854 5538/5855/5855
f 5581/5900/5900 5580/5899/5899 5538/5855/5855 5539/5856/5856
f 5582/5901/5901 5581/5900/5900 5539/5856/5856 5540/5857/5857
f 5583/5902/5902 5582/5901/5901 5540/5857/5857 5541/5858/5858
f 5584/5903/5903 5583/5902/5902 5541/5858/5858 5542/5859/5859
f 5584/5903/5903 5542/5859/5859 5543/5860/5860 5585/5904/5904
f 5543/5860/5860 5673/5861/5861 5672/5905/5905 5585/5904/5904
f 5587/5906/5906 5586/5907/5907 5544/5863/5863 5545/5862/5862
f 5588/5908/5908 5587/5906/5906 5545/5862/5862 5546/5864/5864
f 5589/5909/5909 5588/5908/5908 5546/5864/5864 5547/5865/5865
f 5590/5910/5910 5589/5909/5909 5547/5865/5865 5548/5866/5866
f 5591/5911/5911 5590/5910/5910 5548/5866/5866 5549/5867/5867
f 5592/5912/5912 5591/5911/5911 5549/5867/5867 5550/5868/5868
f 5593/5913/5913 5592/5912/5912 5550/5868/5868 5551/5869/5869
f 5594/5914/5914 5593/5913/5913 5551/5869/5869 5552/5870/5870
f 5595/5915/5915 5594/5914/5914 5552/5870/5870 5553/5871/5871
f 5596/5916/5916 5595/5915/5915 5553/5871/5871 5554/5872/5872
f 5597/5917/5917 5596/5916/5916 5554/5872/5872 5555/5873/5873
f 5598/5918/5918 5597/5917/5917 5555/5873/5873 5556/5874/5874
f 5599/5919/5919 5598/5918/5918 5556/5874/5874 5557/5875/5875
f 5600/5920/5920 5599/5919/5919 5557/5875/5875 5558/5876/5876
f 5601/5921/5921 5600/5920/5920 5558/5876/5876 5559/5877/5877
f 5602/5922/5922 5601/5921/5921 5559/5877/5877 5560/5878/5878
f 5603/5923/5923 5602/5922/5922 5560/5878/5878 5561/5879/5879
f 5604/5924/5924 5603/5923/5923 5561/5879/5879 5562/5880/5880
f 5605/5925/5925 5604/5924/5924 5562/5880/5880 5563/5881/5881
f 5606/5926/5926 5605/5925/5925 5563/5881/5881 5564/5882/5882
f 5607/5927/5927 5606/5926/5926 5564/5882/5882 5565/5883/5883
f 5608/5928/5928 5607/5927/5927 5565/5883/5883 5566/5884/5884
f 5779/5929/5929 5608/5928/5928 5566/5884/5884 5780/5885/5885
f 5610/5930/5930 5609/5931/5931 5567/5887/5887 5568/5886/5886
f 5611/5932/5932 5610/5930/5930 5568/5886/5886 5569/5888/5888
f 5612/5933/5933 5611/5932/5932 5569/5888/5888 5570/5889/5889
f 5613/5934/5934 5612/5933/5933 5570/5889/5889 5571/5890/5890
f 5614/5935/5935 5613/5934/5934 5571/5890/5890 5572/5891/5891
f 5615/5936/5936 5614/5935/5935 5572/5891/5891 5573/5892/5892
f 5616/5937/5937 5615/5936/5936 5573/5892/5892 5574/5893/5893
f 5617/5938/5938 5616/5937/5937 5574/5893/5893 5575/5894/5894
f 5618/5939/5939 5617/5938/5938 5575/5894/5894 5576/5895/5895
f 5619/5940/5940 5618/5939/5939 5576/5895/5895 5577/5896/5896
f 5620/5941/5941 5619/5940/5940 5577/5896/5896 5578/5897/5897
f 5621/5942/5942 5620/5941/5941 5578/5897/5897 5579/5898/5898
f 5622/5943/5943 5621/5942/5942 5579/5898/5898 5580/5899/5899
f 5623/5944/5944 5622/5943/5943 5580/5899/5899 5581/5900/5900
f 5624/5945/5945 5623/5944/5944 5581/5900/5900 5582/5901/5901
f 5625/5946/5946 5624/5945/5945 5582/5901/5901 5583/5902/5902
f 5626/5947/5947 5625/5946/5946 5583/5902/5902 5584/5903/5903
f 5626/5947/5947 5584/5903/5903 5585/5904/5904 5627/5948/5948
f 5672/5905/5905 5671/5949/5949 5627/5948/5948 5585/5904/5904
f 5629/5950/5950 5628/5951/5951 5586/5907/5907 5587/5906/5906
f 5630/5952/5952 5629/5950/5950 5587/5906/5906 5588/5908/5908
f 5631/5953/5953 5630/5952/5952 5588/5908/5908 5589/5909/5909
f 5632/5954/5954 5631/5953/5953 5589/5909/5909 5590/5910/5910
f 5633/5955/5955 5632/5954/5954 5590/5910/5910 5591/5911/5911
f 5634/5956/5956 5633/5955/5955 5591/5911/5911 5592/5912/5912
f 5635/5957/5957 5634/5956/5956 5592/5912/5912 5593/5913/5913
f 5636/5958/5958 5635/5957/5957 5593/5913/5913 5594/5914/5914
f 5637/5959/5959 5636/5958/5958 5594/5914/5914 5595/5915/5915
f 5638/5960/5960 5637/5959/5959 5595/5915/5915 5596/5916/5916
f 5639/5961/5961 5638/5960/5960 5596/5916/5916 5597/5917/5917
f 5640/5962/5962 5639/5961/5961 5597/5917/5917 5598/5918/5918
f 5641/5963/5963 5640/5962/5962 5598/5918/5918 5599/5919/5919
f 5642/5964/5964 5641/5963/5963 5599/5919/5919 5600/5920/5920
f 5643/5965/5965 5642/5964/5964 5600/5920/5920 5601/5921/5921
f 5644/5966/5966 5643/5965/5965 5601/5921/5921 5602/5922/5922
f 5645/5967/5967 5644/5966/5966 5602/5922/5922 5603/5923/5923
f 5646/5968/5968 5645/5967/5967 5603/5923/5923 5604/5924/5924
f 5647/5969/5969 5646/5968/5968 5604/5924/5924 5605/5925/5925
f 5648/5970/5970 5647/5969/5969 5605/5925/5925 5606/5926/5926
f 5649/5971/5971 5648/5970/5970 5606/5926/5926 5607/5927/5927
f 5650/5972/5972 5649/5971/5971 5607/5927/5927 5608/5928/5928
f 5778/5973/5973 5650/5972/5972 5608/5928/5928 5779/5929/5929
f 5652/5974/5974 5651/5975/5975 5609/5931/5931 5610/5930/5930
f 5653/5976/5976 5652/5974/5974 5610/5930/5930 5611/5932/5932
f 5654/5977/5977 5653/5976/5976 5611/5932/5932 5612/5933/5933
f 5655/5978/5978 5654/5977/5977 5612/5933/5933 5613/5934/5934
f 5656/5979/5979 5655/5978/5978 5613/5934/5934 5614/5935/5935
f 5657/5980/5980 5656/5979/5979 5614/5935/5935 5615/5936/5936
f 5658/5981/5981 5657/5980/5980 5615/5936/5936 5616/5937/5937
f 5659/5982/5982 5658/5981/5981 5616/5937/5937 5617/5938/5938
f 5660/5983/5983 5659/5982/5982 5617/5938/5938 5618/5939/5939
f 5661/5984/5984 5660/5983/5983 5618/5939/5939 5619/5940/5940
f 5662/5985/5985 5661/5984/5984 5619/5940/5940 5620/5941/5941
f 5663/5986/5986 5662/5985/5985 5620/5941/5941 5621/5942/5942
f 5664/5987/5987 5663/5986/5986 5621/5942/5942 5622/5943/5943
f 5665/5988/5988 5664/5987/5987 5622/5943/5943 5623/5944/5944
f 5666/5989/5989 5665/5988/5988 5623/5944/5944 5624/5945/5945
f 5667/5990/5990 5666/5989/5989 5624/5945/5945 5625/5946/5946
f 5668/5991/5991 5667/5990/5990 5625/5946/5946 5626/5947/5947
f 5668/5991/5991 5626/5947/5947 5627/5948/5948 5669/5992/5992
f 5671/5949/5949 5670/5993/5993 5669/5992/5992 5627/5948/5948
f 2749/2748/2859 2748/2749/2860 5628/5951/5951 5629/5950/5950
f 2750/2750/2861 2749/2748/2859 5629/5950/5950 5630/5952/5952
f 2751/2751/2862 2750/2750/2861 5630/5952/5952 5631/5953/5953
f 2752/2752/2863 2751/2751/2862 5631/5953/5953 5632/5954/5954
f 2753/2753/2864 2752/2752/2863 5632/5954/5954 5633/5955/5955
f 2754/2754/2865 2753/2753/2864 5633/5955/5955 5634/5956/5956
f 2755/2755/2866 2754/2754/2865 5634/5956/5956 5635/5957/5957
f 2756/2756/2867 2755/2755/2866 5635/5957/5957 5636/5958/5958
f 2757/2757/2868 2756/2756/2867 5636/5958/5958 5637/5959/5959
f 2758/2758/2869 2757/2757/2868 5637/5959/5959 5638/5960/5960
f 2759/2759/2870 2758/2758/2869 5638/5960/5960 5639/5961/5961
f 2760/2760/2871 2759/2759/2870 5639/5961/5961 5640/5962/5962
f 2761/2761/2872 2760/2760/2871 5640/5962/5962 5641/5963/5963
f 2762/2762/2873 2761/2761/2872 5641/5963/5963 5642/5964/5964
f 2763/2763/2874 2762/2762/2873 5642/5964/5964 5643/5965/5965
f 2764/2764/2875 2763/2763/2874 5643/5965/5965 5644/5966/5966
f 2765/2765/2876 2764/2764/2875 5644/5966/5966 5645/5967/5967
f 2766/2766/2877 2765/2765/2876 5645/5967/5967 5646/5968/5968
f 2767/2767/2878 2766/2766/2877 5646/5968/5968 5647/5969/5969
f 2768/2768/2879 2767/2767/2878 5647/5969/5969 5648/5970/5970
f 2769/2769/2880 2768/2768/2879 5648/5970/5970 5649/5971/5971
f 2770/2770/2881 2769/2769/2880 5649/5971/5971 5650/5972/5972
f 2900/3111/2882 2770/2770/2881 5650/5972/5972 5778/5973/5973
f 2772/2772/2883 2771/2771/2884 5651/5975/5975 5652/5974/5974
f 2773/2773/2885 2772/2772/2883 5652/5974/5974 5653/5976/5976
f 2774/2774/2886 2773/2773/2885 5653/5976/5976 5654/5977/5977
f 2775/2775/2887 2774/2774/2886 5654/5977/5977 5655/5978/5978
f 2776/2776/2888 2775/2775/2887 5655/5978/5978 5656/5979/5979
f 2777/2777/2889 2776/2776/2888 5656/5979/5979 5657/5980/5980
f 2778/2778/2890 2777/2777/2889 5657/5980/5980 5658/5981/5981
f 2779/2779/2891 2778/2778/2890 5658/5981/5981 5659/5982/5982
f 2780/2780/2892 2779/2779/2891 5659/5982/5982 5660/5983/5983
f 2781/2781/2893 2780/2780/2892 5660/5983/5983 5661/5984/5984
f 2782/2782/2894 2781/2781/2893 5661/5984/5984 5662/5985/5985
f 2783/2783/2895 2782/2782/2894 5662/5985/5985 5663/5986/5986
f 2784/2784/2896 2783/2783/2895 5663/5986/5986 5664/5987/5987
f 2785/2785/2897 2784/2784/2896 5664/5987/5987 5665/5988/5988
f 2786/2786/2898 2785/2785/2897 5665/5988/5988 5666/5989/5989
f 2787/2787/2899 2786/2786/2898 5666/5989/5989 5667/5990/5990
f 2788/2788/2900 2787/2787/2899 5667/5990/5990 5668/5991/5991
f 2788/2788/2900 5668/5991/5991 5669/5992/5992 2789/2789/2901
f 5670/5993/5993 2790/2894/2902 2789/2789/2901 5669/5992/5992
f 5741/4619/4619 4368/4620/4622 5742/4641/4640
f 5739/4624/4626 4370/4625/4625 4369/4621/4621 5740/4622/4620
f 4378/4652/4652 4377/4637/4638 5732/4638/4637 5731/5994/5994
f 5730/5995/5995 4379/4654/4654 4378/4652/4652 5731/5994/5994
f 5727/5996/5996 4382/4660/4660 4381/4658/4658 5728/5997/5997
f 5728/5997/5997 4381/4658/4658 4380/4656/4656 5729/5998/5998
f 5729/5998/5998 4380/4656/4656 4379/4654/4654 5730/5995/5995
f 5725/5999/5999 4384/4664/4664 4383/4662/4662 5726/6000/6000
f 4385/4666/4666 4384/4664/4664 5725/5999/5999 5724/6001/6001
f 5726/6000/6000 4383/4662/4662 4382/4660/4660 5727/5996/5996
f 5722/6002/6002 4387/4670/4670 4386/4668/4668 5723/6003/6003
f 5721/6004/6004 4388/4672/4672 4387/4670/4670 5722/6002/6002
f 5721/6004/6004 5720/6005/6005 4389/4674/4674 4388/4672/4672
f 4386/4668/4668 4385/4666/4666 5724/6001/6001 5723/6003/6003
f 5764/6006/6006 5292/5599/5599 5334/5643/5643 5765/6007/6007
f 5765/6007/6007 5334/5643/5643 5376/5687/5687 5766/6008/6008
f 5763/6009/6009 5250/5554/5554 5292/5599/5599 5764/6006/6006
f 5767/6010/6010 5418/5731/5731 5460/5775/5775 5768/6011/6011
f 5768/6011/6011 5460/5775/5775 5502/5819/5819 5769/6012/6012
f 5770/6013/6013 5544/5863/5863 5586/5907/5907 5771/6014/6014
f 5771/6014/6014 5586/5907/5907 5628/5951/5951 5772/6015/6015
f 5769/6012/6012 5502/5819/5819 5544/5863/5863 5770/6013/6013
f 5766/6008/6008 5376/5687/5687 5418/5731/5731 5767/6010/6010
f 5772/6015/6015 5628/5951/5951 2748/2749/2860 2894/2842/2925
f 5250/5554/5554 5763/6009/6009 5762/5509/5510 5208/5510/5509
f 5719/6016/6016 5809/6017/6017 5808/4678/4678 4390/4676/4676
f 5718/6018/6018 5717/6019/6019 4392/4680/4682 4391/4681/4681
f 4390/4676/4676 4389/4674/4674 5720/6005/6005 5719/6016/6016
f 4393/4684/4684 4392/4680/4682 5717/6019/6019 5716/6020/6020
f 5713/6021/6021 4396/4690/4690 4395/4688/4688 5714/6022/6022
f 5714/6022/6022 4395/4688/4688 4394/4686/4686 5715/6023/6023
f 5715/6023/6023 4394/4686/4686 4393/4684/4684 5716/6020/6020
f 5712/6024/6024 4397/4692/4692 4396/4690/4690 5713/6021/6021
f 5710/6025/6025 4399/4696/4696 4398/4694/4694 5711/6026/6026
f 5708/6027/6027 4401/4700/4700 4400/4698/4698 5709/6028/6028
f 5707/6029/6029 4402/4702/4702 4401/4700/4700 5708/6027/6027
f 5709/6028/6028 4400/4698/4698 4399/4696/4696 5710/6025/6025
f 4397/4692/4692 5712/6024/6024 5711/6026/6026 4398/4694/4694
f 4402/4702/4702 5707/6029/6029 5706/6030/6030 4403/4704/4704
f 4404/4706/4706 4403/4704/4704 5706/6030/6030 5705/6031/6031
f 4405/4708/4708 4404/4706/4706 5705/6031/6031 5704/6032/6032
f 5703/6033/6033 4406/4710/4710 4405/4708/4708 5704/6032/6032
f 4407/4712/4712 4406/4710/4710 5703/6033/6033 5702/6034/6034
f 4408/4714/4714 4407/4712/4712 5702/6034/6034 5701/6035/6035
f 4409/4716/4716 4408/4714/4714 5701/6035/6035 5700/6036/6036
f 4409/4716/4716 5700/6036/6036 5699/6037/6037
f 4409/4716/4716 5699/6037/6037 5698/6038/6038 4451/4715/4715
f 5698/6038/6038 5697/6039/6039 4493/4760/4760 4451/4715/4715
f 4493/4760/4760 5697/6039/6039 5696/6040/6040 4535/4804/4804
f 4577/4848/4848 5695/6042/6041 5694/6041/6042 4619/4892/4892
f 4619/4892/4892 5694/6041/6042 5693/6043/6043 4661/4936/4936
f 4535/4804/4804 5696/6040/6040 5695/6042/6041 4577/4848/4848
f 5693/6043/6043 5692/6044/6044 4703/4980/4980 4661/4936/4936
f 5691/6045/6045 5690/6046/6046 4787/5068/5068 4745/5024/5024
f 4829/5112/5112 4787/5068/5068 5690/6046/6046 5689/6047/6047
f 5689/6047/6047 5688/6048/6048 4871/5156/5156 4829/5112/5112
f 5687/6049/6049 5686/6050/6050 4955/5244/5244 4913/5200/5200
f 5684/6051/6051 5683/6052/6052 5123/5420/5420 5081/5376/5376
f 5686/6050/6050 5773/6053/6053 4997/5288/5288 4955/5244/5244
f 5688/6048/6048 5687/6049/6049 4913/5200/5200 4871/5156/5156
f 4745/5024/5024 4703/4980/4980 5692/6044/6044 5691/6045/6045
f 5682/6054/6054 5681/6055/6055 5207/5508/5508 5165/5464/5464
f 5685/6056/6056 5684/6051/6051 5081/5376/5376 5039/5332/5332
f 5207/5508/5508 5681/6055/6055 5680/5596/5596 5249/5552/5552
f 5683/6052/6052 5682/6054/6054 5165/5464/5464 5123/5420/5420
s 7
f 5691/6057/6057 5692/6060/6058 4289/6059/6059 4288/6058/6060
f 5692/6060/6058 5693/6062/6061 4290/6061/6062 4289/6059/6059
f 5693/6062/6061 5694/6064/6063 4291/6063/6064 4290/6061/6062
f 5694/6064/6063 5695/6066/6065 4292/6065/6066 4291/6063/6064
f 5695/6066/6065 5696/6068/6067 4293/6067/6068 4292/6065/6066
f 5696/6068/6067 5697/6070/6069 4294/6069/6070 4293/6067/6068
f 5697/6070/6069 5698/6072/6071 4295/6071/6072 4294/6069/6070
f 5698/6072/6071 5699/6074/6073 4296/6073/6074 4295/6071/6072
f 5670/6075/6075 4266/6076/6076 1342/3033/2987 2790/6270/2986
f 5671/6077/6077 4267/6078/6078 4266/6076/6076 5670/6075/6075
f 5672/6079/6079 4268/6080/6080 4267/6078/6078 5671/6077/6077
f 5672/6079/6079 5673/6082/6081 4269/6081/6082 4268/6080/6080
f 5673/6082/6081 5674/6084/6083 4270/6083/6084 4269/6081/6082
f 5675/6085/6085 4271/6086/6086 4270/6083/6084 5674/6084/6083
f 5675/6085/6085 5676/6088/6087 4272/6087/6088 4271/6086/6086
f 5677/6089/6089 4273/6090/6090 4272/6087/6088 5676/6088/6087
f 5677/6089/6089 5678/6092/6091 4274/6091/6092 4273/6090/6090
f 5678/6092/6091 5679/6094/6093 4275/6093/6094 4274/6091/6092
f 5679/6094/6093 5680/6096/6095 4276/6095/6096 4275/6093/6094
f 5680/6096/6095 5681/6098/6097 4277/6097/6098 4276/6095/6096
f 5681/6098/6097 5682/6100/6099 4278/6099/6100 4277/6097/6098
f 5683/6101/6101 4279/6102/6102 4278/6099/6100 5682/6100/6099
f 5687/6103/6103 4284/6106/6104 4283/6105/6105 5686/6104/6106
f 5700/6107/6107 5701/6110/6108 4298/6109/6109 4297/6108/6110
f 5704/6111/6111 4301/6114/6112 4300/6113/6113 5703/6112/6114
f 4300/6113/6113 4299/6116/6115 5702/6115/6116 5703/6112/6114
f 4299/6116/6115 4298/6109/6109 5701/6110/6108 5702/6115/6116
f 4301/6114/6112 5704/6111/6111 5705/6118/6117 4302/6117/6118
f 4302/6117/6118 5705/6118/6117 5706/6120/6119 4303/6119/6120
f 5709/6121/6121 5710/6124/6122 4307/6123/6123 4306/6122/6124
f 5711/6125/6125 5712/6128/6126 4309/6127/6127 4308/6126/6128
f 5712/6128/6126 5713/6130/6129 4310/6129/6130 4309/6127/6127
f 5710/6124/6122 5711/6125/6125 4308/6126/6128 4307/6123/6123
f 5708/6131/6131 5709/6121/6121 4306/6122/6124 4305/6132/6132
f 4312/6133/6133 4311/6136/6134 5714/6135/6135 5715/6134/6136
f 5716/6137/6137 4313/6138/6138 4312/6133/6133 5715/6134/6136
f 5716/6137/6137 5717/6140/6139 4314/6139/6140 4313/6138/6138
f 5717/6140/6139 5718/6142/6141 4315/6141/6142 4314/6139/6140
f 5719/6143/6143 4316/6146/6144 5810/6145/6145 5809/6144/6146
f 5720/6147/6147 5842/6148/6148 4316/6146/6144 5719/6143/6143
f 5721/6149/6149 4317/6150/6150 5842/6148/6148 5720/6147/6147
f 5714/6135/6135 4311/6136/6134 4310/6129/6130 5713/6130/6129
f 4296/6073/6074 5699/6074/6073 5700/6107/6107 4297/6108/6110
f 5722/6151/6151 4318/6152/6152 4317/6150/6150 5721/6149/6149
f 4319/6153/6153 4318/6152/6152 5722/6151/6151 5723/6154/6154
f 4320/6155/6155 4319/6153/6153 5723/6154/6154 5724/6156/6156
f 5725/6157/6157 5726/6160/6158 4322/6159/6159 4321/6158/6160
f 5725/6157/6157 4321/6158/6160 4320/6155/6155 5724/6156/6156
f 5727/6161/6161 5728/6164/6162 4324/6163/6163 4323/6162/6164
f 5726/6160/6158 5727/6161/6161 4323/6162/6164 4322/6159/6159
f 5730/6165/6165 5731/6168/6166 4327/6167/6167 4326/6166/6168
f 5729/6169/6169 5730/6165/6165 4326/6166/6168 4325/6170/6170
f 5728/6164/6162 5729/6169/6169 4325/6170/6170 4324/6163/6163
f 5731/6168/6166 5732/6172/6171 4328/6171/6172 4327/6167/6167
f 4328/6171/6172 5732/6172/6171 5733/6174/6173 4329/6173/6174
f 4330/6175/6175 4329/6173/6174 5733/6174/6173 5734/6176/6176
f 5684/6177/6177 4280/6178/6178 4279/6102/6102 5683/6101/6101
f 5684/6177/6177 5685/6180/6179 4281/6179/6180 4280/6178/6178
f 5685/6180/6179 5773/6182/6181 4282/6181/6182 4281/6179/6180
s 4
f 4997/5288/5288 5773/6053/6053 5685/6056/6056 5039/5332/5332
s 7
f 5686/6104/6106 4283/6105/6105 4282/6181/6182 5773/6182/6181
f 5687/6103/6103 5688/6184/6183 4285/6183/6184 4284/6106/6104
f 5690/6185/6185 4287/6188/6186 4286/6187/6187 5689/6186/6188
f 4286/6187/6187 4285/6183/6184 5688/6184/6183 5689/6186/6188
f 5691/6057/6057 4288/6058/6060 4287/6188/6186 5690/6185/6185
f 5707/6189/6189 4304/6190/6190 4303/6119/6120 5706/6120/6119
f 5708/6131/6131 4305/6132/6132 4304/6190/6190 5707/6189/6189
s 1
f 5774/4419/4419 4172/4481/4481 4300/4618/4618 4301/4614/4614
f 4172/4481/4481 5774/4419/4419 5775/4418/4418 4171/4479/4479
f 4171/4479/4479 5775/4418/4418 5776/4417/4417 4170/4477/4477
f 4170/4477/4477 5776/4417/4417 5777/4416/4416 4169/4475/4475
f 4169/4475/4475 5777/4416/4416 4141/4415/4415 4168/4446/4446
s 4
f 2771/2771/2884 2900/3111/2882 5778/5973/5973 5651/5975/5975
f 5651/5975/5975 5778/5973/5973 5779/5929/5929 5609/5931/5931
f 5609/5931/5931 5779/5929/5929 5780/5885/5885 5567/5887/5887
f 5567/5887/5887 5780/5885/5885 5781/5841/5841 5525/5843/5843
f 5525/5843/5843 5781/5841/5841 5782/5797/5797 5483/5799/5799
f 5483/5799/5799 5782/5797/5797 5783/5753/5753 5441/5755/5755
f 5441/5755/5755 5783/5753/5753 5784/5709/5709 5399/5711/5711
f 5399/5711/5711 5784/5709/5709 5785/5665/5665 5357/5667/5667
f 5357/5667/5667 5785/5665/5665 5786/5621/5621 5315/5623/5623
f 5315/5623/5623 5786/5621/5621 5787/5576/5576 5273/5578/5578
f 5273/5578/5578 5787/5576/5576 5788/5533/5533 5231/5535/5535
f 5231/5535/5535 5788/5533/5533 5789/5489/5489 5189/5491/5491
f 5189/5491/5491 5789/5489/5489 5790/5445/5445 5147/5447/5447
f 5147/5447/5447 5790/5445/5445 5791/5401/5401 5105/5403/5403
f 5105/5403/5403 5791/5401/5401 5792/5357/5357 5063/5359/5359
f 5063/5359/5359 5792/5357/5357 5793/5313/5313 5021/5315/5315
f 5021/5315/5315 5793/5313/5313 5794/5269/5269 4979/5271/5271
f 4979/5271/5271 5794/5269/5269 5795/5225/5225 4937/5227/5227
f 4937/5227/5227 5795/5225/5225 5796/5181/5181 4895/5183/5183
f 4895/5183/5183 5796/5181/5181 5797/5137/5137 4853/5139/5139
f 4853/5139/5139 5797/5137/5137 5798/5093/5093 4811/5095/5095
f 4811/5095/5095 5798/5093/5093 5799/5049/5049 4769/5051/5051
f 4769/5051/5051 5799/5049/5049 5800/5005/5005 4727/5007/5007
f 4727/5007/5007 5800/5005/5005 5801/4961/4961 4685/4963/4963
f 4685/4963/4963 5801/4961/4961 5802/4917/4917 4643/4919/4919
f 4643/4919/4919 5802/4917/4917 5803/4873/4873 4601/4875/4875
f 4601/4875/4875 5803/4873/4873 5804/4829/4829 4559/4831/4831
f 4559/4831/4831 5804/4829/4829 5805/4785/4785 4517/4787/4787
f 4517/4787/4787 5805/4785/4785 5806/4741/4741 4475/4743/4743
f 4475/4743/4743 5806/4741/4741 5807/4677/4677 4433/4682/4680
f 4433/4682/4680 5807/4677/4677 5808/4678/4678 4391/4681/4681
f 5809/6017/6017 5718/6018/6018 4391/4681/4681 5808/4678/4678
s 7
f 5810/6145/6145 4315/6141/6142 5718/6142/6141 5809/6144/6146
s 1
f 5811/3954/3954 3711/4016/4016 4315/4587/4588 5810/4586/4585
f 3711/4016/4016 5811/3954/3954 5812/3953/3953 3710/4014/4014
f 3710/4014/4014 5812/3953/3953 5813/3952/3952 3709/4012/4012
f 3709/4012/4012 5813/3952/3952 5814/3951/3951 3708/4010/4010
f 3708/4010/4010 5814/3951/3951 5815/3950/3950 3707/4008/4008
f 3707/4008/4008 5815/3950/3950 5816/3949/3949 3706/4006/4006
f 3706/4006/4006 5816/3949/3949 5817/3948/3948 3705/4004/4004
f 3705/4004/4004 5817/3948/3948 5818/3947/3947 3704/4002/4002
f 3704/4002/4002 5818/3947/3947 5819/3946/3946 3703/4000/4000
f 3703/4000/4000 5819/3946/3946 5820/3945/3945 3702/3998/3998
f 3702/3998/3998 5820/3945/3945 5821/3944/3944 3701/3996/3996
f 3701/3996/3996 5821/3944/3944 5822/3943/3943 3700/3994/3994
f 3700/3994/3994 5822/3943/3943 5823/3942/3942 3699/3992/3992
f 3699/3992/3992 5823/3942/3942 5824/3941/3941 3698/3990/3990
f 3698/3990/3990 5824/3941/3941 5825/3940/3940 3697/3988/3988
f 3697/3988/3988 5825/3940/3940 5826/3939/3939 3696/3986/3986
f 3696/3986/3986 5826/3939/3939 5827/3938/3938 3695/3984/3984
f 3695/3984/3984 5827/3938/3938 5828/3937/3937 3694/3982/3982
f 3694/3982/3982 5828/3937/3937 5829/3936/3936 3693/3980/3980
f 3693/3980/3980 5829/3936/3936 5830/3935/3935 3692/3978/3978
f 3692/3978/3978 5830/3935/3935 5831/3934/3934 3691/3976/3976
f 3691/3976/3976 5831/3934/3934 5832/3933/3933 3690/3974/3974
f 3690/3974/3974 5832/3933/3933 5833/3932/3932 3689/3972/3972
f 3689/3972/3972 5833/3932/3932 5834/3931/3931 3688/3970/3970
f 3688/3970/3970 5834/3931/3931 5835/3930/3930 3687/3968/3968
f 3687/3968/3968 5835/3930/3930 5836/3929/3929 3686/3966/3966
f 3686/3966/3966 5836/3929/3929 5837/3928/3928 3685/3964/3964
f 3685/3964/3964 5837/3928/3928 5838/3927/3927 3684/3962/3962
f 3684/3962/3962 5838/3927/3927 5839/3926/3926 3683/3960/3960
f 3683/3960/3960 5839/3926/3926 5840/3925/3925 3682/3958/3958
f 3682/3958/3958 5840/3925/3925 5841/3924/3924 3681/3956/3956
f 3681/3956/3956 5841/3924/3924 2965/3178/768 738/737/801
f 3618/3861/3861 4317/4576/4577 4318/4575/4574 3587/3830/3830
s 4
f 5082/5378/5377 5040/5334/5333 5041/5335/5335 5083/5380/5380
s 7
f 4331/6191/6191 4330/6175/6175 5734/6176/6176 5735/6192/6192
f 4332/6193/6193 4331/6191/6191 5735/6192/6192 5736/6194/6194
f 4333/6195/6195 4332/6193/6193 5736/6194/6194 5737/6196/6196
f 4334/6197/6197 4333/6195/6195 5737/6196/6196 5738/6198/6198
f 4335/6199/6199 4334/6197/6197 5738/6198/6198 5739/6200/6200
f 4336/6201/6201 4335/6199/6199 5739/6200/6200 5740/6202/6202
f 4337/6203/6203 4336/6201/6201 5740/6202/6202 5741/6204/6204
f 5742/6205/6205 2967/6206/6206 4337/6203/6203 5741/6204/6204
f 5742/6205/6205 5743/6208/6207 4338/6207/6208 2967/6206/6206
f 5743/6208/6207 5744/6210/6209 4339/6209/6210 4338/6207/6208
f 5744/6210/6209 5745/6212/6211 4340/6211/6212 4339/6209/6210
f 5745/6212/6211 5746/6214/6213 4341/6213/6214 4340/6211/6212
f 5746/6214/6213 5747/6216/6215 4342/6215/6216 4341/6213/6214
f 5747/6216/6215 5748/6218/6217 4343/6217/6218 4342/6215/6216
f 5748/6218/6217 5749/6220/6219 4344/6219/6220 4343/6217/6218
f 4345/6221/6221 4344/6219/6220 5749/6220/6219 5750/6222/6222
f 5751/6223/6223 4346/6224/6224 4345/6221/6221 5750/6222/6222
f 5752/6225/6225 4347/6226/6226 4346/6224/6224 5751/6223/6223
f 5753/6227/6227 4348/6228/6228 4347/6226/6226 5752/6225/6225
f 5754/6229/6229 4349/6230/6230 4348/6228/6228 5753/6227/6227
f 5755/6231/6231 4350/6232/6232 4349/6230/6230 5754/6229/6229
f 5756/6233/6233 4351/6234/6234 4350/6232/6232 5755/6231/6231
f 5757/6235/6235 4352/6236/6236 4351/6234/6234 5756/6233/6233
f 5758/6237/6237 4353/6238/6238 4352/6236/6236 5757/6235/6235
f 5759/6239/6239 4354/6240/6240 4353/6238/6238 5758/6237/6237
f 5760/6241/6241 4355/6242/6242 4354/6240/6240 5759/6239/6239
f 5761/6243/6243 4356/6244/6244 4355/6242/6242 5760/6241/6241
f 5762/6245/6245 4357/6246/6246 4356/6244/6244 5761/6243/6243
f 5763/6247/6247 4358/6248/6248 4357/6246/6246 5762/6245/6245
f 5764/6249/6249 4359/6250/6250 4358/6248/6248 5763/6247/6247
f 5765/6251/6251 4360/6252/6252 4359/6250/6250 5764/6249/6249
f 5766/6253/6253 4361/6254/6254 4360/6252/6252 5765/6251/6251
f 5767/6255/6255 4362/6256/6256 4361/6254/6254 5766/6253/6253
f 5768/6257/6257 4363/6258/6258 4362/6256/6256 5767/6255/6255
f 5769/6259/6259 4364/6260/6260 4363/6258/6258 5768/6257/6257
f 5770/6261/6261 4365/6262/6262 4364/6260/6260 5769/6259/6259
f 5771/6263/6263 4366/6264/6264 4365/6262/6262 5770/6261/6261
f 5772/6265/6265 4367/6266/6266 4366/6264/6264 5771/6263/6263
f 4367/6266/6266 5772/6265/6265 2894/6268/3180 1445/6267/3179
