#Moonbii

v 141.586 6.427014 20.61186
v 141.5772 6.421264 20.69084
v 141.7312 6.427013 20.5523
v 141.7196 6.419418 20.62182
v 141.8735 6.427013 20.49469
v 141.8625 6.418691 20.56095
v 142.0403 6.427013 20.43583
v 142.0301 6.417837 20.49809
v 142.2058 6.427013 20.38191
v 142.1968 6.417537 20.44258
v 142.371 6.427013 20.33406
v 142.3645 6.4178 20.39601
v 142.538 6.427013 20.29733
v 142.533 6.417463 20.3577
v 142.7054 6.427013 20.27057
v 142.702 6.416689 20.32717
v 142.8723 6.427013 20.2499
v 142.8709 6.416488 20.30539
v 143.0387 6.427014 20.23645
v 143.0395 6.416204 20.29074
v 143.2047 6.427013 20.22917
v 143.2075 6.416074 20.28358
v 143.3703 6.427013 20.22809
v 143.3765 6.416114 20.28395
v 143.5356 6.427013 20.2354
v 143.5436 6.416372 20.29256
v 143.7005 6.427013 20.24871
v 143.7103 6.41673 20.30819
v 143.8643 6.427013 20.2721
v 143.8768 6.416483 20.33077
v 144.0274 6.427014 20.30186
v 144.0417 6.416622 20.36157
v 144.1897 6.427013 20.33871
v 144.2051 6.416968 20.39993
v 144.3496 6.427014 20.38632
v 144.3681 6.41624 20.44495
v 144.5105 6.427013 20.43532
v 144.5295 6.417247 20.49796
v 144.6699 6.427013 20.49309
v 144.6899 6.418077 20.55887
v 144.8091 6.427013 20.54276
v 144.8275 6.419662 20.6169
v 140.9595 6.827013 20.95
v 140.9527 6.825971 21.05439
v 141.0593 6.827013 20.89269
v 141.0451 6.8238 20.98375
v 141.181 6.827013 20.82306
v 141.1602 6.821538 20.9009
v 141.2935 6.827013 20.74883
v 141.2735 6.821181 20.82559
v 141.4256 6.827013 20.66026
v 141.4088 6.821852 20.74195
v 141.5641 6.827013 20.58342
v 141.5476 6.821664 20.66382
v 141.7022 6.827013 20.51009
v 141.6882 6.82224 20.59367
v 141.8654 6.827013 20.43274
v 141.8535 6.822459 20.51874
v 142.0321 6.827013 20.36657
v 142.0214 6.822568 20.4532
v 142.1989 6.827013 20.30628
v 142.1903 6.823207 20.39617
v 142.3694 6.827013 20.26012
v 142.3607 6.822589 20.34696
v 142.5408 6.827014 20.22415
v 142.5324 6.821764 20.3065
v 142.7115 6.827013 20.19291
v 142.7045 6.821408 20.27456
v 142.8827 6.827013 20.17159
v 142.8767 6.821125 20.25134
v 143.0538 6.827013 20.15883
v 143.0488 6.820786 20.23656
v 143.2242 6.827013 20.14986
v 143.2207 6.820888 20.22906
v 143.3946 6.827013 20.15231
v 143.3929 6.820497 20.22972
v 143.5645 6.827013 20.16074
v 143.5639 6.820826 20.23933
v 143.7342 6.827013 20.17324
v 143.7346 6.821423 20.25565
v 143.9027 6.827013 20.19869
v 143.9045 6.821441 20.28099
v 144.0703 6.827013 20.23069
v 144.0731 6.821548 20.31378
v 144.2377 6.827013 20.2678
v 144.2408 6.822164 20.3545
v 144.4012 6.827013 20.32031
v 144.4063 6.821424 20.40319
v 144.5648 6.827013 20.37567
v 144.5708 6.821889 20.45987
v 144.7263 6.827013 20.43985
v 144.7331 6.822206 20.52534
v 144.8858 6.827013 20.51207
v 144.8931 6.822404 20.59862
v 145.039 6.827014 20.59789
v 145.0494 6.821506 20.67976
v 145.1687 6.827013 20.67647
v 145.1814 6.820862 20.75511
v 145.3001 6.827013 20.75611
v 145.3121 6.821549 20.8379
v 145.4279 6.827013 20.84354
v 145.4409 6.821737 20.9257
v 145.5387 6.827013 20.91531
v 145.5483 6.823229 21.0052
v 140.6316 7.227014 21.22598
v 140.6172 7.224837 21.32104
v 140.7138 7.227013 21.14544
v 140.6988 7.224578 21.23913
v 140.7921 7.227014 21.0641
v 140.7801 7.225083 21.16138
v 140.8994 7.227013 20.97185
v 140.8861 7.224689 21.06665
v 141.0052 7.227014 20.88129
v 140.9936 7.224981 20.97809
v 141.1401 7.227013 20.78363
v 141.1272 7.224393 20.87698
v 141.2751 7.227013 20.6904
v 141.2623 7.224192 20.7829
v 141.4079 7.227013 20.59859
v 141.3989 7.225023 20.69701
v 141.547 7.227013 20.51768
v 141.5389 7.225108 20.61713
v 141.6875 7.227013 20.44237
v 141.6804 7.225328 20.54323
v 141.832 7.227013 20.37707
v 141.8244 7.224931 20.4758
v 142.0035 7.227014 20.31159
v 141.9954 7.224301 20.40673
v 142.1725 7.227013 20.24703
v 142.1662 7.224942 20.34626
v 142.3466 7.227013 20.19916
v 142.3401 7.224446 20.29534
v 142.5198 7.227013 20.15532
v 142.5141 7.224619 20.25262
v 142.6957 7.227013 20.12717
v 142.6897 7.223422 20.21833
v 142.8706 7.227013 20.10319
v 142.8654 7.223271 20.19372
v 143.0457 7.227014 20.08824
v 143.0414 7.223114 20.17743
v 143.2204 7.227013 20.0774
v 143.2173 7.223456 20.16897
v 143.3953 7.227013 20.08113
v 143.393 7.222767 20.16939
v 143.5698 7.227013 20.08473
v 143.5682 7.223819 20.17848
v 143.7437 7.227013 20.10108
v 143.743 7.223808 20.19523
v 143.9161 7.227013 20.12947
v 143.9165 7.223535 20.22188
v 144.088 7.227013 20.16215
v 144.0889 7.2239 20.25666
v 144.2586 7.227013 20.20359
v 144.2597 7.224149 20.29933
v 144.4255 7.227013 20.25866
v 144.4287 7.223309 20.34976
v 144.5923 7.227014 20.31667
v 144.5958 7.223708 20.40958
v 144.7565 7.227014 20.38432
v 144.7606 7.22379 20.47749
v 144.9185 7.227013 20.45972
v 144.9225 7.224107 20.5546
v 145.0765 7.227013 20.5453
v 145.0817 7.224034 20.63927
v 145.21 7.227013 20.6245
v 145.2156 7.224139 20.71897
v 145.3384 7.227013 20.71284
v 145.3458 7.223771 20.80463
v 145.4671 7.227013 20.80361
v 145.4746 7.224045 20.89664
v 145.5927 7.227014 20.90085
v 145.6006 7.224155 20.99441
v 145.6949 7.227013 20.98675
v 145.703 7.224362 21.08118
v 145.7952 7.227013 21.07665
v 145.8028 7.224578 21.17242
v 145.8709 7.227014 21.15363
v 145.8799 7.224414 21.24805
v 145.9499 7.227013 21.2299
v 145.9572 7.224872 21.32728
v 146.0142 7.227013 21.28525
v 146.0157 7.226147 21.39048
v 140.2943 7.627013 21.56778
v 140.2897 7.626622 21.67517
v 140.3575 7.627014 21.50027
v 140.3454 7.625673 21.59896
v 140.4137 7.627013 21.43081
v 140.4004 7.625421 21.52761
v 140.4846 7.627013 21.33774
v 140.4738 7.625671 21.43709
v 140.5592 7.627013 21.24819
v 140.5499 7.625758 21.34912
v 140.6565 7.627013 21.14105
v 140.6481 7.625825 21.24269
v 140.7549 7.627013 21.03704
v 140.7485 7.626144 21.14112
v 140.8638 7.627013 20.9435
v 140.8545 7.625576 21.043
v 140.9927 7.627013 20.83372
v 140.984 7.625516 20.93333
v 141.1252 7.627013 20.73104
v 141.1168 7.625395 20.83023
v 141.2628 7.627013 20.63738
v 141.253 7.624902 20.73343
v 141.3994 7.627013 20.54637
v 141.3917 7.625222 20.64532
v 141.5401 7.627013 20.46387
v 141.5331 7.625225 20.56324
v 141.6815 7.627013 20.38577
v 141.6765 7.625692 20.48841
v 141.828 7.627013 20.31896
v 141.8226 7.625452 20.41998
v 141.9768 7.627013 20.26033
v 141.9705 7.624846 20.35765
v 142.149 7.627013 20.19415
v 142.1444 7.625312 20.29472
v 142.3246 7.627013 20.14042
v 142.3206 7.625352 20.24139
v 142.5024 7.627013 20.09859
v 142.4983 7.62481 20.19645
v 142.6811 7.627013 20.06646
v 142.6768 7.624163 20.16066
v 142.8604 7.627014 20.04524
v 142.8563 7.623247 20.13455
v 143.0385 7.627013 20.02487
v 143.0358 7.623747 20.11692
v 143.2167 7.627013 20.00602
v 143.2151 7.625456 20.108
v 143.3959 7.627013 20.01221
v 143.395 7.624387 20.10844
v 143.5741 7.627013 20.02274
v 143.574 7.624023 20.1172
v 143.7519 7.627013 20.03893
v 143.7525 7.624399 20.13521
v 143.928 7.627013 20.0682
v 143.9297 7.623982 20.16205
v 144.1048 7.627013 20.09733
v 144.1057 7.625163 20.19796
v 144.2784 7.627014 20.14266
v 144.2801 7.62503 20.24228
v 144.4508 7.627013 20.1944
v 144.4526 7.625322 20.29572
v 144.6202 7.627014 20.25685
v 144.6225 7.625342 20.35804
v 144.7858 7.627013 20.33037
v 144.7894 7.624909 20.42907
v 144.9512 7.627013 20.40736
v 144.9544 7.625326 20.50817
v 145.1117 7.627013 20.49602
v 145.1153 7.625364 20.5969
v 145.2454 7.627013 20.57998
v 145.2505 7.625134 20.67902
v 145.375 7.627013 20.67142
v 145.3822 7.624698 20.76752
v 145.5045 7.627013 20.76553
v 145.5113 7.624998 20.86325
v 145.6314 7.627013 20.86539
v 145.6369 7.625447 20.96592
v 145.7609 7.627013 20.96664
v 145.761 7.626718 21.07567
v 145.8562 7.627013 21.06404
v 145.8585 7.626299 21.1702
v 145.9503 7.627013 21.16412
v 145.9536 7.626141 21.26911
v 146.0366 7.627013 21.27122
v 146.0444 7.625381 21.37064
v 146.1063 7.627014 21.35766
v 146.116 7.625226 21.45543
v 146.1737 7.627013 21.44673
v 146.1848 7.625065 21.5429
v 146.2276 7.627013 21.51271
v 146.2371 7.625453 21.6115
v 146.2873 7.627013 21.5771
v 146.2892 7.626565 21.68455
v 140.1681 8.027013 21.74003
v 140.1564 8.026103 21.84072
v 140.2197 8.027013 21.66438
v 140.2049 8.025772 21.76148
v 140.2652 8.027013 21.58716
v 140.253 8.025991 21.68675
v 140.3293 8.027013 21.4868
v 140.3205 8.026213 21.58961
v 140.3978 8.027012 21.38992
v 140.3908 8.026381 21.4945
v 140.4877 8.027013 21.27303
v 140.4824 8.026518 21.37928
v 140.5792 8.027013 21.15915
v 140.5767 8.026863 21.2688
v 140.6786 8.027013 21.05257
v 140.6758 8.026805 21.16175
v 140.7837 8.027013 20.9525
v 140.7789 8.026493 21.05878
v 140.9113 8.027014 20.83706
v 140.9067 8.026459 20.94338
v 141.0482 8.027013 20.73373
v 141.0396 8.025645 20.83327
v 141.1855 8.027013 20.63494
v 141.1752 8.025227 20.73119
v 141.3235 8.027013 20.54075
v 141.3139 8.025174 20.63725
v 141.4657 8.027013 20.45517
v 141.4558 8.024846 20.5498
v 141.6051 8.027012 20.36889
v 141.599 8.025685 20.47024
v 141.7507 8.027012 20.29434
v 141.7457 8.025837 20.39708
v 141.9016 8.027013 20.23214
v 141.8956 8.025283 20.33129
v 142.0518 8.027014 20.17301
v 142.0461 8.025171 20.27168
v 142.201 8.027013 20.11431
v 142.1979 8.02616 20.2197
v 142.3556 8.027013 20.07177
v 142.3519 8.025669 20.17404
v 142.5354 8.027013 20.02562
v 142.5327 8.026003 20.13032
v 142.7184 8.027014 19.99656
v 142.7151 8.025141 20.09585
v 142.9006 8.027013 19.97153
v 142.8978 8.025067 20.07021
v 143.083 8.027013 19.95366
v 143.0811 8.025429 20.05482
v 143.2658 8.027013 19.94529
v 143.2644 8.025596 20.04757
v 143.4485 8.027014 19.95121
v 143.4477 8.024973 20.0497
v 143.6305 8.027013 19.96387
v 143.6304 8.024937 20.06213
v 143.812 8.027013 19.98234
v 143.8121 8.025345 20.08333
v 143.9921 8.027013 20.01189
v 143.9929 8.025341 20.11282
v 144.1711 8.027013 20.04976
v 144.1719 8.025617 20.1523
v 144.3483 8.027013 20.09719
v 144.3489 8.025928 20.20158
v 144.5226 8.027013 20.15552
v 144.5238 8.02585 20.25934
v 144.6945 8.027013 20.22233
v 144.6961 8.025837 20.3258
v 144.8628 8.027013 20.29937
v 144.8652 8.025684 20.40168
v 145.005 8.027013 20.37138
v 145.0077 8.025761 20.47388
v 145.1434 8.027013 20.45156
v 145.1474 8.025556 20.55241
v 145.2798 8.027013 20.5367
v 145.284 8.025662 20.638
v 145.4105 8.027013 20.63128
v 145.4168 8.025286 20.72952
v 145.543 8.027013 20.72641
v 145.5471 8.025863 20.82895
v 145.6689 8.027013 20.831
v 145.6729 8.025968 20.93421
v 145.7957 8.027013 20.93798
v 145.796 8.02672 21.04679
v 145.9121 8.027012 21.05648
v 145.9131 8.026634 21.16456
v 146.0075 8.027013 21.15849
v 146.0074 8.02682 21.26798
v 146.0997 8.027013 21.26471
v 146.0986 8.026984 21.37558
v 146.1785 8.027013 21.38072
v 146.1839 8.02614 21.48399
v 146.2419 8.027013 21.47416
v 146.2501 8.025792 21.57459
v 146.3058 8.027013 21.56845
v 146.3151 8.025809 21.66828
v 146.3673 8.027013 21.66517
v 146.377 8.025821 21.76487
v 146.4153 8.027013 21.73784
v 146.4226 8.026089 21.84019
v 140.0326 8.427013 21.94861
v 140.0232 8.42655 22.05311
v 140.0803 8.427013 21.86829
v 140.0658 8.426204 21.96786
v 140.1212 8.427013 21.78672
v 140.108 8.426256 21.88732
v 140.1774 8.427013 21.67959
v 140.1672 8.426455 21.78268
v 140.2379 8.427013 21.57528
v 140.2296 8.426551 21.68006
v 140.2979 8.427013 21.47181
v 140.2942 8.426886 21.5813
v 140.3793 8.427013 21.34695
v 140.3797 8.427239 21.46075
v 140.4703 8.427013 21.22906
v 140.4705 8.427238 21.34282
v 140.5702 8.427013 21.11888
v 140.5669 8.426884 21.22849
v 140.6689 8.427013 21.01042
v 140.6656 8.426877 21.12005
v 140.7931 8.427013 20.88729
v 140.7896 8.426828 20.99648
v 140.9257 8.427013 20.77449
v 140.9189 8.426347 20.87894
v 141.0658 8.427013 20.67266
v 141.0532 8.425364 20.76801
v 141.2003 8.427013 20.56917
v 141.1895 8.425501 20.66628
v 141.3394 8.427013 20.47361
v 141.3295 8.425511 20.57128
v 141.4792 8.427013 20.38158
v 141.4727 8.426021 20.48437
v 141.6243 8.427013 20.29935
v 141.619 8.426229 20.40386
v 141.774 8.427013 20.2273
v 141.7683 8.426035 20.33049
v 141.927 8.427013 20.16473
v 141.9204 8.425585 20.26472
v 142.0797 8.427013 20.10522
v 142.0739 8.42565 20.20608
v 142.2337 8.427013 20.05185
v 142.2289 8.425857 20.15451
v 142.3912 8.427013 20.01097
v 142.3858 8.425341 20.11003
v 142.5482 8.427013 19.97276
v 142.5435 8.425396 20.07238
v 142.7067 8.427013 19.94364
v 142.7023 8.425158 20.04155
v 142.8649 8.427013 19.91713
v 142.8617 8.425687 20.01891
v 143.0241 8.427013 19.89872
v 143.0214 8.425967 20.00241
v 143.1837 8.427013 19.88621
v 143.1815 8.426394 19.99299
v 143.3437 8.427013 19.8885
v 143.3417 8.425748 19.99082
v 143.53 8.427013 19.89116
v 143.5282 8.426293 19.99731
v 143.7152 8.427013 19.91053
v 143.7141 8.425751 20.01302
v 143.8997 8.427013 19.93517
v 143.899 8.425824 20.0382
v 144.0827 8.427013 19.97013
v 144.0823 8.42589 20.07369
v 144.2642 8.427013 20.01369
v 144.2641 8.425993 20.11771
v 144.4195 8.427013 20.05467
v 144.4181 8.426706 20.16364
v 144.5697 8.427013 20.11179
v 144.5701 8.426077 20.21625
v 144.7204 8.427013 20.1692
v 144.7204 8.426321 20.27534
v 144.8662 8.427013 20.23864
v 144.8678 8.425898 20.34148
v 145.0085 8.427013 20.31576
v 145.0123 8.425443 20.41485
v 145.1485 8.427013 20.39781
v 145.154 8.425255 20.49482
v 145.2898 8.427013 20.4805
v 145.2931 8.425882 20.58233
v 145.4241 8.427013 20.57471
v 145.428 8.425871 20.67607
v 145.5584 8.427013 20.67147
v 145.5601 8.426359 20.77679
v 145.6841 8.427013 20.77966
v 145.6867 8.426262 20.88397
v 145.8101 8.427013 20.89011
v 145.8101 8.426696 20.99828
v 145.9286 8.427013 21.00953
v 145.9281 8.426786 21.11842
v 146.0437 8.427013 21.13412
v 146.0415 8.427013 21.24523
v 146.1315 8.427013 21.24524
v 146.1309 8.426845 21.35462
v 146.2163 8.427013 21.35976
v 146.2165 8.426763 21.46824
v 146.2959 8.427013 21.47868
v 146.298 8.426589 21.58521
v 146.3507 8.427013 21.57907
v 146.3589 8.426054 21.67954
v 146.4058 8.427013 21.67998
v 146.4177 8.425817 21.77705
v 146.4613 8.427013 21.78164
v 146.4747 8.425636 21.87782
v 146.5056 8.427013 21.85773
v 146.5163 8.425967 21.95676
v 146.5497 8.427013 21.93486
v 146.5568 8.426252 22.03745
v 139.9615 8.827012 22.08738
v 139.9489 8.826488 22.18977
v 139.9973 8.827013 22.00188
v 139.9849 8.82654 22.1041
v 140.0325 8.827012 21.91683
v 140.0222 8.826595 22.02081
v 140.0695 8.827011 21.83284
v 140.0618 8.826736 21.93889
v 140.1216 8.827012 21.72266
v 140.1175 8.826902 21.83187
v 140.1812 8.827012 21.61631
v 140.1768 8.826885 21.72526
v 140.243 8.827012 21.51207
v 140.2397 8.826937 21.62201
v 140.3216 8.827012 21.38387
v 140.3217 8.82717 21.49734
v 140.413 8.827012 21.2641
v 140.4101 8.826961 21.3744
v 140.5083 8.827012 21.1489
v 140.5028 8.826741 21.25611
v 140.6026 8.827012 21.03511
v 140.5983 8.826824 21.14358
v 140.7268 8.827012 20.90887
v 140.72 8.826546 21.01399
v 140.8508 8.827012 20.78537
v 140.8456 8.826676 20.89235
v 140.9837 8.827012 20.67245
v 140.9769 8.826467 20.77701
v 141.1209 8.827012 20.56689
v 141.1132 8.826258 20.66962
v 141.2634 8.827012 20.47036
v 141.2534 8.825827 20.56885
v 141.4072 8.827012 20.37883
v 141.3972 8.825662 20.47639
v 141.5514 8.827011 20.2908
v 141.5434 8.825888 20.39095
v 141.7009 8.827012 20.21304
v 141.6935 8.825871 20.31349
v 141.8509 8.827012 20.1388
v 141.8457 8.826248 20.24309
v 142.0059 8.827012 20.07679
v 142.0007 8.826107 20.18
v 142.1619 8.827012 20.01994
v 142.1575 8.826226 20.12442
v 142.3209 8.827013 19.97376
v 142.3162 8.825975 20.07636
v 142.4795 8.827012 19.9299
v 142.4758 8.826255 20.03485
v 142.6396 8.827011 19.89346
v 142.6368 8.826587 20.00112
v 142.8019 8.827012 19.87031
v 142.7987 8.826124 19.97426
v 142.9646 8.827012 19.85526
v 142.9613 8.825558 19.95461
v 143.1267 8.827012 19.84164
v 143.124 8.825659 19.94193
v 143.2891 8.827012 19.83646
v 143.2869 8.825788 19.93778
v 143.4514 8.827012 19.84026
v 143.4498 8.825569 19.93985
v 143.6135 8.827012 19.8479
v 143.6122 8.825805 19.94937
v 143.7751 8.827012 19.86256
v 143.774 8.826056 19.96606
v 143.9353 8.827012 19.88884
v 143.9351 8.825695 19.9898
v 144.094 8.827012 19.92316
v 144.0951 8.825223 20.02072
v 144.2525 8.827013 19.95915
v 144.2537 8.825504 20.05881
v 144.4113 8.827013 19.99764
v 144.4108 8.82638 20.10388
v 144.5649 8.827012 20.0534
v 144.5658 8.826009 20.15659
v 144.7162 8.827012 20.11564
v 144.7184 8.825773 20.2167
v 144.8659 8.827013 20.18275
v 144.8685 8.825836 20.28398
v 145.0119 8.827012 20.25842
v 145.0158 8.825725 20.35816
v 145.1551 8.827012 20.3405
v 145.1595 8.825734 20.43988
v 145.2943 8.827012 20.42994
v 145.3001 8.825665 20.528
v 145.4314 8.827012 20.52409
v 145.4368 8.825857 20.62356
v 145.5656 8.827012 20.62396
v 145.5698 8.826145 20.72587
v 145.6967 8.827012 20.72967
v 145.6985 8.826507 20.83533
v 145.8219 8.827012 20.84346
v 145.8221 8.826741 20.95147
v 145.9451 8.827012 20.96161
v 145.9413 8.827181 21.0747
v 146.0534 8.827012 21.0933
v 146.0532 8.826826 21.2021
v 146.1419 8.827011 21.20544
v 146.1426 8.826751 21.3133
v 146.2313 8.827012 21.31866
v 146.2292 8.827009 21.42969
v 146.3118 8.827011 21.43853
v 146.3106 8.826941 21.54866
v 146.3828 8.827012 21.56445
v 146.3867 8.826585 21.66957
v 146.438 8.827012 21.66662
v 146.445 8.826444 21.76896
v 146.4923 8.827012 21.77004
v 146.5007 8.826344 21.87139
v 146.5399 8.827012 21.87676
v 146.5524 8.826102 21.97469
v 146.5747 8.827012 21.95762
v 146.5895 8.826031 22.05389
v 146.6095 8.827012 22.03899
v 146.6253 8.825953 22.13465
v 139.8785 9.227012 22.25855
v 139.876 9.226965 22.36849
v 139.9144 9.227012 22.17112
v 139.907 9.226813 22.27719
v 139.9461 9.227011 22.08353
v 139.939 9.226805 22.18981
v 139.9812 9.227012 21.99741
v 139.9736 9.226787 22.10301
v 140.0277 9.227012 21.88338
v 140.0222 9.226846 21.99055
v 140.0742 9.227012 21.77009
v 140.0734 9.227018 21.88127
v 140.1274 9.227012 21.65988
v 140.1292 9.227117 21.7734
v 140.1974 9.227012 21.5246
v 140.2033 9.227334 21.64223
v 140.2824 9.227012 21.39773
v 140.2844 9.22716 21.51172
v 140.3706 9.227012 21.27452
v 140.3702 9.227041 21.3862
v 140.4634 9.227012 21.15595
v 140.4607 9.226896 21.26503
v 140.556 9.227012 21.03901
v 140.5548 9.226994 21.14982
v 140.6726 9.227011 20.90441
v 140.6734 9.227136 21.01757
v 140.8013 9.227012 20.78164
v 140.7988 9.226881 20.89077
v 140.9307 9.227012 20.66228
v 140.9284 9.226888 20.77152
v 141.068 9.227012 20.55313
v 141.0638 9.226671 20.65964
v 141.2106 9.227012 20.45276
v 141.2036 9.226308 20.55479
v 141.3564 9.227012 20.35956
v 141.3476 9.225945 20.45794
v 141.5022 9.227012 20.26931
v 141.4946 9.225985 20.36881
v 141.6523 9.227012 20.18791
v 141.6455 9.225919 20.28765
v 141.8062 9.227012 20.11555
v 141.7992 9.225685 20.21381
v 141.9609 9.227012 20.04754
v 141.9555 9.225835 20.14791
v 142.1174 9.227012 19.98566
v 142.1139 9.226205 20.08962
v 142.2777 9.227012 19.93533
v 142.2742 9.226084 20.03812
v 142.4405 9.227012 19.89583
v 142.4361 9.225477 19.9935
v 142.6022 9.227012 19.85657
v 142.5991 9.225809 19.9572
v 142.7659 9.227012 19.82753
v 142.7632 9.225784 19.92799
v 142.9298 9.227012 19.80268
v 142.928 9.226145 19.90631
v 143.0949 9.227012 19.78914
v 143.0934 9.226052 19.89204
v 143.2603 9.227012 19.78548
v 143.2591 9.225707 19.8855
v 143.4253 9.227012 19.78731
v 143.4247 9.225566 19.88628
v 143.59 9.227012 19.79663
v 143.59 9.22543 19.8945
v 143.754 9.227012 19.81259
v 143.7547 9.225389 19.91013
v 143.9166 9.227012 19.83931
v 143.9187 9.224921 19.93316
v 144.0788 9.227012 19.86863
v 144.0815 9.225086 19.96387
v 144.24 9.227012 19.9043
v 144.2428 9.225414 20.00214
v 144.3989 9.227012 19.9501
v 144.4025 9.22541 20.04795
v 144.5582 9.227011 19.99724
v 144.5602 9.226133 20.10095
v 144.7104 9.227011 20.06354
v 144.7153 9.225541 20.16165
v 144.863 9.227012 20.13002
v 144.868 9.225747 20.22919
v 145.0125 9.227012 20.20422
v 145.0173 9.225948 20.3048
v 145.1582 9.227012 20.28661
v 145.1633 9.22607 20.38754
v 145.2981 9.227011 20.37907
v 145.3051 9.225917 20.47757
v 145.4378 9.227011 20.47334
v 145.4431 9.226259 20.57517
v 145.572 9.227012 20.57629
v 145.5767 9.226383 20.6796
v 145.704 9.227012 20.68372
v 145.706 9.226722 20.79098
v 145.8274 9.227012 20.80141
v 145.8298 9.226713 20.90831
v 145.9456 9.227012 20.92525
v 145.9488 9.226683 21.0315
v 146.0574 9.227012 21.05576
v 146.0615 9.226659 21.16123
v 146.1693 9.227012 21.18831
v 146.1697 9.226924 21.298
v 146.2537 9.227012 21.30599
v 146.2544 9.226913 21.41544
v 146.3383 9.227011 21.42504
v 146.3358 9.227098 21.53772
v 146.4091 9.227012 21.55245
v 146.4112 9.226862 21.66072
v 146.4784 9.227012 21.68155
v 146.4824 9.22678 21.78814
v 146.5313 9.227013 21.78679
v 146.5363 9.226742 21.89262
v 146.5763 9.227012 21.89561
v 146.5862 9.226508 21.99741
v 146.6196 9.227012 22.00557
v 146.6332 9.226374 22.10469
v 146.6511 9.227012 22.08884
v 146.6666 9.226301 22.18643
v 146.6836 9.227013 22.17238
v 146.6982 9.226364 22.27118
v 139.8623 9.62701 22.31874
v 139.8551 9.626905 22.4253
v 139.8945 9.62701 22.23012
v 139.8828 9.626806 22.33328
v 139.9207 9.62701 22.14089
v 139.9116 9.626855 22.24581
v 139.9469 9.62701 22.05194
v 139.9422 9.626935 22.16013
v 139.9862 9.62701 21.93488
v 139.9863 9.627033 22.04679
v 140.0322 9.62701 21.82036
v 140.0349 9.62709 21.93454
v 140.0828 9.62701 21.70815
v 140.0872 9.62715 21.82377
v 140.1573 9.62701 21.57342
v 140.1591 9.627089 21.68702
v 140.2316 9.62701 21.44019
v 140.2352 9.627181 21.55558
v 140.3156 9.62701 21.3131
v 140.3172 9.627106 21.42666
v 140.4011 9.62701 21.18828
v 140.4036 9.627159 21.30289
v 140.4974 9.62701 21.07162
v 140.4959 9.626986 21.18207
v 140.6123 9.62701 20.93346
v 140.6115 9.627018 21.04471
v 140.7348 9.62701 20.80306
v 140.7337 9.627001 20.914
v 140.8634 9.62701 20.68005
v 140.8615 9.626945 20.78988
v 140.9976 9.62701 20.56454
v 140.9949 9.626869 20.6733
v 141.1418 9.62701 20.46223
v 141.1338 9.626354 20.5633
v 141.2847 9.62701 20.36169
v 141.2764 9.626235 20.46165
v 141.4317 9.62701 20.26896
v 141.4233 9.626075 20.36794
v 141.5839 9.62701 20.18638
v 141.5738 9.625687 20.28146
v 141.736 9.62701 20.10654
v 141.7278 9.625669 20.20351
v 141.8927 9.62701 20.03726
v 141.8846 9.625439 20.1328
v 142.0502 9.62701 19.97226
v 142.0439 9.625566 20.06952
v 142.2099 9.627012 19.91425
v 142.2053 9.625883 20.01429
v 142.3731 9.62701 19.86827
v 142.3687 9.625719 19.96681
v 142.537 9.62701 19.82732
v 142.5335 9.625801 19.92685
v 142.7026 9.62701 19.79571
v 142.6994 9.625698 19.89429
v 142.8689 9.62701 19.77107
v 142.8663 9.625653 19.8693
v 143.0352 9.627012 19.74899
v 143.0337 9.62616 19.85208
v 143.2028 9.62701 19.74007
v 143.2016 9.626101 19.84253
v 143.3703 9.62701 19.74092
v 143.3696 9.625721 19.84001
v 143.5375 9.62701 19.74767
v 143.5373 9.625573 19.84535
v 143.7041 9.62701 19.76132
v 143.7047 9.625496 19.85834
v 143.8694 9.62701 19.78628
v 143.8715 9.62501 19.87854
v 144.0343 9.62701 19.81378
v 144.037 9.625128 19.90739
v 144.1986 9.62701 19.84608
v 144.2013 9.625564 19.94342
v 144.3595 9.62701 19.89303
v 144.3638 9.625261 19.98764
v 144.5209 9.62701 19.93986
v 144.5272 9.625029 20.04028
v 144.6773 9.62701 20.00178
v 144.6824 9.625587 20.09945
v 144.8322 9.62701 20.06813
v 144.8373 9.625828 20.16727
v 144.9873 9.62701 20.13668
v 145.0011 9.624652 20.24916
v 145.1324 9.62701 20.224
v 145.1372 9.626225 20.32545
v 145.2755 9.62701 20.31503
v 145.292 9.625021 20.42264
v 145.414 9.62701 20.41352
v 145.4212 9.626201 20.51286
v 145.5535 9.62701 20.51266
v 145.5592 9.626427 20.61969
v 145.6868 9.62701 20.62084
v 145.6878 9.62687 20.7295
v 145.8143 9.62701 20.73673
v 145.8135 9.627006 20.84763
v 145.9361 9.62701 20.85957
v 145.9339 9.627085 20.97223
v 146.0518 9.627012 20.98907
v 146.0482 9.627148 21.10318
v 146.1597 9.62701 21.12588
v 146.1564 9.62712 21.23953
v 146.2466 9.62701 21.24302
v 146.2423 9.627158 21.35759
v 146.327 9.62701 21.36519
v 146.3235 9.627113 21.47881
v 146.402 9.62701 21.49127
v 146.4003 9.627037 21.60305
v 146.4704 9.62701 21.62138
v 146.4725 9.626917 21.72977
v 146.5341 9.62701 21.75442
v 146.5398 9.626816 21.85984
v 146.5828 9.62701 21.86242
v 146.5906 9.626749 21.96618
v 146.6278 9.627012 21.97239
v 146.6378 9.626708 22.07464
v 146.6678 9.62701 22.08452
v 146.6817 9.626599 22.18393
v 146.6971 9.62701 22.16925
v 146.7126 9.626579 22.26764
v 146.7235 9.62701 22.25508
v 146.7415 9.626503 22.35201
v 146.7541 9.62701 22.34064
v 146.7688 9.626608 22.44023
v 139.8314 10.02701 22.43993
v 139.825 10.02697 22.54409
v 139.8484 10.02701 22.37949
v 139.84 10.02693 22.4821
v 139.8695 10.02701 22.28846
v 139.8639 10.02696 22.39279
v 139.893 10.02701 22.19816
v 139.8898 10.02695 22.30406
v 139.9186 10.02701 22.10862
v 139.918 10.02698 22.21624
v 139.9586 10.02701 21.99113
v 139.9596 10.02699 22.09987
v 140.0012 10.02701 21.87502
v 140.0045 10.027 21.98549
v 140.0498 10.02701 21.76143
v 140.0538 10.02701 21.87242
v 140.103 10.02701 21.65025
v 140.1069 10.02701 21.76121
v 140.1728 10.02701 21.51367
v 140.1782 10.02704 21.62591
v 140.2469 10.02701 21.38004
v 140.2547 10.0271 21.49453
v 140.3263 10.02701 21.24998
v 140.3367 10.02719 21.36708
v 140.4061 10.02701 21.12084
v 140.423 10.02743 21.2447
v 140.5067 10.02701 21.00576
v 140.5167 10.02721 21.12298
v 140.6283 10.02701 20.871
v 140.6347 10.02712 20.98468
v 140.7575 10.02701 20.74488
v 140.759 10.02689 20.85301
v 140.8953 10.02701 20.62932
v 140.8895 10.02644 20.72831
v 141.0312 10.02701 20.51509
v 141.0245 10.02627 20.61192
v 141.1718 10.02701 20.4082
v 141.1643 10.02608 20.50319
v 141.3191 10.02701 20.31184
v 141.309 10.02562 20.40187
v 141.4651 10.02701 20.21634
v 141.4576 10.02562 20.309
v 141.616 10.02701 20.1298
v 141.61 10.02554 20.2234
v 141.7724 10.02701 20.05453
v 141.7664 10.02523 20.14593
v 141.9291 10.02701 19.98224
v 141.9259 10.02559 20.07689
v 142.0894 10.02701 19.91973
v 142.0876 10.02566 20.01536
v 142.2518 10.02701 19.86415
v 142.2515 10.0258 19.96173
v 142.415 10.02701 19.81241
v 142.417 10.02631 19.91573
v 142.5816 10.02701 19.77368
v 142.5839 10.02629 19.87692
v 142.7506 10.02701 19.74885
v 142.7524 10.02573 19.84587
v 142.9189 10.02701 19.72501
v 142.9215 10.0258 19.82315
v 143.0876 10.02701 19.70597
v 143.0911 10.02613 19.80767
v 143.2571 10.02701 19.69473
v 143.261 10.02647 19.80007
v 143.4268 10.02701 19.70232
v 143.4313 10.02579 19.80053
v 143.596 10.02701 19.71014
v 143.6011 10.02577 19.80823
v 143.7644 10.02701 19.72773
v 143.7704 10.0256 19.824
v 143.932 10.02701 19.75198
v 143.9388 10.02554 19.8474
v 144.0984 10.02701 19.7836
v 144.1061 10.0256 19.87936
v 144.265 10.02701 19.81722
v 144.2714 10.02624 19.92005
v 144.4265 10.02701 19.87009
v 144.435 10.02581 19.96816
v 144.5859 10.02701 19.92868
v 144.5962 10.0256 20.02411
v 144.7437 10.02701 19.99209
v 144.7548 10.02565 20.08795
v 144.901 10.02701 20.05858
v 144.91 10.0262 20.16037
v 145.0524 10.02701 20.13786
v 145.0614 10.02635 20.24051
v 145.1984 10.02701 20.22707
v 145.2085 10.02633 20.32872
v 145.3446 10.02701 20.31741
v 145.3517 10.02672 20.42384
v 145.4821 10.02701 20.4206
v 145.4898 10.02674 20.52663
v 145.6204 10.02701 20.52439
v 145.6236 10.02706 20.63649
v 145.7526 10.02701 20.63681
v 145.752 10.02726 20.75351
v 145.8779 10.02701 20.75752
v 145.8751 10.02733 20.87653
v 145.9952 10.02701 20.88649
v 145.9922 10.0273 21.00534
v 146.1084 10.02701 21.02011
v 146.1034 10.0273 21.14054
v 146.2176 10.02701 21.15811
v 146.2092 10.02737 21.28158
v 146.2967 10.02701 21.28162
v 146.2917 10.02726 21.40147
v 146.3743 10.02701 21.40673
v 146.3701 10.02721 21.52542
v 146.4524 10.02701 21.53273
v 146.4449 10.02725 21.65402
v 146.5183 10.02701 21.66542
v 146.514 10.02715 21.7837
v 146.5637 10.02701 21.77502
v 146.5656 10.02704 21.88784
v 146.6092 10.02701 21.88494
v 146.6147 10.02699 21.99477
v 146.6525 10.02701 21.99616
v 146.6603 10.02695 22.10421
v 146.6877 10.02701 22.11017
v 146.7022 10.02687 22.21333
v 146.7143 10.02701 22.19596
v 146.7321 10.02682 22.2968
v 146.7409 10.02701 22.28212
v 146.7598 10.02682 22.38242
v 146.7677 10.02701 22.36877
v 146.7858 10.02682 22.46993
v 139.8284 10.42701 22.47099
v 139.823 10.42706 22.57597
v 139.8418 10.42701 22.40995
v 139.8363 10.42705 22.51488
v 139.8631 10.42701 22.31888
v 139.8583 10.42705 22.42399
v 139.8849 10.42701 22.22817
v 139.8822 10.42702 22.33462
v 139.9073 10.42701 22.13778
v 139.9083 10.42702 22.24672
v 139.9432 10.42701 22.019
v 139.9466 10.42701 22.12955
v 139.9892 10.42701 21.90359
v 139.9898 10.42701 22.01207
v 140.0361 10.42701 21.78922
v 140.0367 10.427 21.89764
v 140.1035 10.42701 21.65046
v 140.1012 10.42699 21.75638
v 140.1705 10.42701 21.51266
v 140.1707 10.42699 21.62035
v 140.2374 10.42701 21.37527
v 140.2448 10.42706 21.48934
v 140.3187 10.42701 21.24575
v 140.3259 10.42706 21.35975
v 140.4033 10.42701 21.11912
v 140.4119 10.4271 21.23456
v 140.4985 10.42701 21.00022
v 140.5039 10.42704 21.11264
v 140.6146 10.42701 20.86071
v 140.62 10.42705 20.97318
v 140.7426 10.42701 20.73234
v 140.7433 10.42688 20.83963
v 140.8759 10.42701 20.61122
v 140.8723 10.42664 20.71321
v 141.0111 10.42701 20.4943
v 141.0068 10.42652 20.59476
v 141.1537 10.42701 20.38741
v 141.1468 10.42623 20.48382
v 141.3014 10.42701 20.28924
v 141.2914 10.42584 20.38037
v 141.4474 10.42701 20.19109
v 141.4405 10.42586 20.28537
v 141.598 10.42701 20.10092
v 141.5937 10.42597 20.19802
v 141.7569 10.42701 20.0266
v 141.7513 10.42563 20.11913
v 141.9147 10.42701 19.95287
v 141.9119 10.42587 20.04871
v 142.0772 10.42701 19.89089
v 142.0751 10.42582 19.98558
v 142.2409 10.42701 19.83433
v 142.2403 10.42588 19.93057
v 142.4055 10.42701 19.78165
v 142.407 10.42626 19.88316
v 142.5736 10.42701 19.74194
v 142.5757 10.42628 19.84345
v 142.744 10.42701 19.71484
v 142.7457 10.42595 19.81229
v 142.9136 10.42701 19.68741
v 142.9165 10.4262 19.78835
v 143.0846 10.42701 19.67096
v 143.088 10.42622 19.77242
v 143.256 10.42701 19.66376
v 143.2598 10.42614 19.76435
v 143.4274 10.42701 19.66835
v 143.4319 10.42571 19.76378
v 143.5982 10.42701 19.67882
v 143.6037 10.42548 19.77132
v 143.7686 10.42701 19.69343
v 143.775 10.42557 19.78695
v 143.9371 10.42701 19.72275
v 143.9454 10.42518 19.81133
v 144.1055 10.42701 19.75272
v 144.1143 10.42541 19.84416
v 144.2736 10.42701 19.78721
v 144.2814 10.426 19.88562
v 144.437 10.42701 19.83955
v 144.4463 10.42584 19.93538
v 144.5978 10.42701 19.89915
v 144.6088 10.42575 19.9931
v 144.7593 10.42701 19.95869
v 144.7683 10.42626 20.05924
v 144.9155 10.42701 20.03119
v 144.9245 10.42638 20.13313
v 145.0673 10.42701 20.11305
v 145.0765 10.42646 20.21566
v 145.2188 10.42701 20.19677
v 145.2238 10.42693 20.30648
v 145.3604 10.42701 20.29634
v 145.3664 10.42687 20.40467
v 145.5008 10.42701 20.3983
v 145.5045 10.42703 20.50981
v 145.6389 10.42701 20.50453
v 145.6375 10.42729 20.62231
v 145.7706 10.42701 20.61939
v 145.7652 10.42739 20.74154
v 145.8979 10.42701 20.74015
v 145.8877 10.42751 20.86717
v 146.0168 10.42701 20.86967
v 146.0043 10.4275 20.99847
v 146.1342 10.42701 21.00198
v 146.1409 10.427 21.17079
v 146.2321 10.42701 21.14909
v 146.2235 10.42726 21.28523
v 146.3138 10.42701 21.27198
v 146.3004 10.4273 21.39942
v 146.3941 10.42701 21.3966
v 146.3784 10.42728 21.52542
v 146.4648 10.42701 21.52704
v 146.4512 10.42718 21.65329
v 146.5279 10.42701 21.66156
v 146.5193 10.42712 21.78308
v 146.5844 10.42701 21.79914
v 146.5828 10.42706 21.91468
v 146.6303 10.42701 21.90943
v 146.6307 10.42704 22.02327
v 146.6665 10.42701 22.02319
v 146.6747 10.42699 22.1311
v 146.7005 10.42701 22.1378
v 146.7158 10.42695 22.24057
v 146.727 10.42701 22.22383
v 146.7449 10.42696 22.32495
v 146.7535 10.42701 22.31026
v 146.7723 10.42697 22.41103
v 146.7757 10.42701 22.39794
v 146.7973 10.42697 22.49704
v 146.7938 10.42701 22.45616
v 146.813 10.42698 22.55704
v 139.8193 10.82701 22.53271
v 139.8188 10.82707 22.64103
v 139.8399 10.82701 22.47251
v 139.8311 10.82718 22.57571
v 139.8585 10.82701 22.38108
v 139.8503 10.82716 22.48438
v 139.8774 10.82701 22.28992
v 139.8715 10.82712 22.39457
v 139.8974 10.82701 22.19911
v 139.895 10.82708 22.30581
v 139.9294 10.82701 22.07937
v 139.9298 10.82705 22.18793
v 139.9662 10.82701 21.96119
v 139.9688 10.82702 22.07117
v 140.007 10.82701 21.84449
v 140.0118 10.827 21.95608
v 140.052 10.82701 21.72951
v 140.0588 10.827 21.84268
v 140.1148 10.82701 21.5888
v 140.123 10.82699 21.70315
v 140.1858 10.82701 21.45231
v 140.1936 10.82701 21.56654
v 140.2601 10.82701 21.3182
v 140.2697 10.82703 21.43409
v 140.3444 10.82701 21.1903
v 140.3517 10.82704 21.30432
v 140.4362 10.82701 21.06805
v 140.4393 10.827 21.17823
v 140.5324 10.82701 20.95013
v 140.5319 10.82695 21.05671
v 140.647 10.82701 20.8096
v 140.6487 10.82696 20.9182
v 140.7726 10.82701 20.67908
v 140.7725 10.82689 20.78559
v 140.9071 10.82701 20.5586
v 140.903 10.82668 20.66013
v 141.0425 10.82701 20.44105
v 141.0387 10.82662 20.54231
v 141.1839 10.82701 20.33164
v 141.1798 10.8265 20.43193
v 141.3316 10.82701 20.23178
v 141.3262 10.82629 20.32945
v 141.484 10.82701 20.14067
v 141.4771 10.82598 20.23472
v 141.6399 10.82701 20.05744
v 141.6326 10.82583 20.14838
v 141.7951 10.82701 19.97466
v 141.792 10.82613 20.07124
v 141.9577 10.82701 19.90799
v 141.9543 10.8259 20.00171
v 142.1225 10.82701 19.84879
v 142.1193 10.82575 19.94003
v 142.2866 10.82701 19.78984
v 142.2863 10.82608 19.88665
v 142.4533 10.82701 19.73914
v 142.455 10.8264 19.84096
v 142.6234 10.82701 19.70216
v 142.6255 10.82635 19.80319
v 142.7951 10.82701 19.67511
v 142.7972 10.82612 19.77281
v 142.967 10.82701 19.65256
v 142.9697 10.8261 19.75031
v 143.1392 10.82701 19.63184
v 143.1429 10.82659 19.7368
v 143.3127 10.82701 19.63525
v 143.3167 10.82587 19.73005
v 143.4855 10.82701 19.63946
v 143.4904 10.82573 19.73193
v 143.6576 10.82701 19.65381
v 143.6638 10.82547 19.74241
v 143.829 10.82701 19.67393
v 143.8364 10.82542 19.76189
v 143.9999 10.82701 19.69843
v 144.0079 10.82569 19.78991
v 144.1691 10.82701 19.73355
v 144.1778 10.82586 19.82685
v 144.3364 10.82701 19.7774
v 144.3455 10.82602 19.8727
v 144.5016 10.82701 19.82921
v 144.5105 10.82627 19.92738
v 144.6656 10.82701 19.88582
v 144.6723 10.82667 19.99075
v 144.8252 10.82701 19.95431
v 144.8307 10.82686 20.06262
v 144.9824 10.82701 20.0291
v 144.9851 10.82713 20.14226
v 145.1343 10.82701 20.11435
v 145.1353 10.82725 20.23004
v 145.2836 10.82701 20.2048
v 145.281 10.82748 20.3253
v 145.4256 10.82701 20.30668
v 145.4223 10.82745 20.42748
v 145.5646 10.82701 20.41312
v 145.5585 10.8275 20.53675
v 145.6995 10.82701 20.52535
v 145.706 10.82696 20.66889
v 145.8309 10.82701 20.64276
v 145.838 10.82697 20.80042
v 145.9532 10.82701 20.77002
v 145.9556 10.82709 20.92993
v 146.0698 10.82701 20.9031
v 146.0942 10.82672 21.09937
v 146.1759 10.82701 21.04492
v 146.1895 10.82691 21.2294
v 146.2554 10.82701 21.16935
v 146.2718 10.82689 21.3508
v 146.3369 10.82701 21.29291
v 146.3478 10.82697 21.47211
v 146.4149 10.82701 21.41933
v 146.3947 10.82725 21.5514
v 146.4876 10.82701 21.54938
v 146.4662 10.8271 21.6815
v 146.5487 10.82701 21.6853
v 146.5329 10.82701 21.8123
v 146.6037 10.82701 21.82395
v 146.5948 10.82699 21.94495
v 146.6449 10.82701 21.93616
v 146.6412 10.827 22.05294
v 146.6803 10.82701 22.0504
v 146.6843 10.82701 22.16141
v 146.714 10.82701 22.16535
v 146.7244 10.82703 22.27189
v 146.7389 10.82701 22.25195
v 146.7524 10.82703 22.35652
v 146.7599 10.82701 22.33962
v 146.7786 10.82708 22.44081
v 146.7813 10.82701 22.42753
v 146.8027 10.8271 22.52715
v 139.8242 11.22701 22.56458
v 139.8256 11.22707 22.67409
v 139.8454 11.22701 22.50449
v 139.8368 11.2273 22.60818
v 139.863 11.22701 22.41312
v 139.8542 11.22727 22.51634
v 139.8806 11.22701 22.32196
v 139.8736 11.22724 22.42625
v 139.8989 11.22701 22.23103
v 139.8954 11.22716 22.33717
v 139.9281 11.22701 22.11089
v 139.9277 11.22709 22.21899
v 139.965 11.22701 21.9929
v 139.9645 11.22709 22.10086
v 140.0048 11.22701 21.87613
v 140.0054 11.22706 21.98477
v 140.0481 11.22701 21.76085
v 140.0499 11.22704 21.87021
v 140.1023 11.22701 21.61692
v 140.1104 11.22695 21.73111
v 140.1691 11.22701 21.47841
v 140.1778 11.22697 21.5932
v 140.2429 11.22701 21.34377
v 140.2514 11.22699 21.45861
v 140.3202 11.22701 21.21161
v 140.3304 11.227 21.32809
v 140.4056 11.22701 21.08473
v 140.4151 11.22702 21.20081
v 140.4988 11.22701 20.96375
v 140.5054 11.22702 21.07724
v 140.616 11.22701 20.82384
v 140.6202 11.22701 20.93502
v 140.7445 11.22701 20.69464
v 140.7424 11.22689 20.79915
v 140.8721 11.22701 20.56662
v 140.8704 11.22686 20.67115
v 141.0074 11.22701 20.44727
v 141.0045 11.22677 20.55001
v 141.1505 11.22701 20.33823
v 141.1445 11.22656 20.43641
v 141.2992 11.22701 20.2382
v 141.2898 11.22622 20.33093
v 141.447 11.22701 20.13889
v 141.4399 11.22625 20.23323
v 141.6022 11.22701 20.05201
v 141.5955 11.22612 20.14463
v 141.7576 11.22701 19.96705
v 141.7545 11.22635 20.06421
v 141.9195 11.22701 19.89565
v 141.9171 11.22628 19.99211
v 142.0835 11.22701 19.83059
v 142.0822 11.22631 19.92778
v 142.2513 11.22701 19.77734
v 142.25 11.22613 19.87176
v 142.4204 11.22701 19.73039
v 142.4196 11.22604 19.82373
v 142.5892 11.22701 19.6837
v 142.591 11.22642 19.78392
v 142.7617 11.22701 19.65351
v 142.7636 11.22627 19.7511
v 142.9352 11.22701 19.63207
v 142.9374 11.22609 19.72675
v 143.109 11.22701 19.61627
v 143.112 11.22604 19.71036
v 143.2832 11.22701 19.60899
v 143.287 11.22599 19.7023
v 143.4573 11.22701 19.61428
v 143.4623 11.2257 19.70259
v 143.6311 11.22701 19.62362
v 143.6371 11.22572 19.71255
v 143.8039 11.22701 19.64427
v 143.8115 11.22556 19.73027
v 143.9763 11.22701 19.66752
v 143.9845 11.22585 19.75791
v 144.1468 11.22701 19.70293
v 144.1557 11.22598 19.79525
v 144.3168 11.22701 19.74206
v 144.3244 11.22641 19.8417
v 144.4832 11.22701 19.79451
v 144.4903 11.22661 19.89743
v 144.6485 11.22701 19.85146
v 144.6526 11.22701 19.96245
v 144.8097 11.22701 19.91953
v 144.8116 11.22721 20.0349
v 144.9709 11.22701 19.98941
v 144.9667 11.22769 20.11482
v 145.1218 11.22701 20.07918
v 145.1178 11.2276 20.20253
v 145.272 11.22701 20.17035
v 145.2639 11.22775 20.29831
v 145.416 11.22701 20.27135
v 145.4057 11.22777 20.40114
v 145.5596 11.22701 20.37395
v 145.5712 11.22679 20.53574
v 145.6938 11.22701 20.48889
v 145.7034 11.22689 20.65615
v 145.8196 11.22701 20.61303
v 145.832 11.22685 20.78554
v 145.9458 11.22701 20.7376
v 145.9852 11.22646 20.95807
v 146.0618 11.22701 20.87208
v 146.0875 11.2268 21.08688
v 146.1764 11.22701 21.00877
v 146.2276 11.22664 21.28403
v 146.2575 11.22701 21.13319
v 146.2673 11.227 21.34485
v 146.3336 11.22701 21.26076
v 146.3407 11.22701 21.46369
v 146.4079 11.22701 21.38958
v 146.4037 11.22704 21.57321
v 146.4808 11.22701 21.51978
v 146.4607 11.22698 21.67816
v 146.542 11.22701 21.65588
v 146.5244 11.22693 21.80563
v 146.5931 11.22701 21.79606
v 146.5781 11.22692 21.92139
v 146.6342 11.22701 21.9082
v 146.6246 11.22693 22.02916
v 146.6755 11.22701 22.0207
v 146.6687 11.22694 22.1394
v 146.7104 11.22701 22.13541
v 146.7094 11.22697 22.24991
v 146.7389 11.22701 22.25196
v 146.7468 11.22704 22.36038
v 146.7598 11.22701 22.33964
v 146.7725 11.22709 22.44501
v 146.7808 11.22701 22.4276
v 146.7968 11.22714 22.531
v 146.8018 11.22701 22.51596
v 146.8194 11.22717 22.6186
v 139.833 11.62701 22.59669
v 139.8364 11.62703 22.70737
v 139.8546 11.62701 22.53673
v 139.8463 11.6274 22.64084
v 139.8703 11.62701 22.44539
v 139.862 11.62739 22.54927
v 139.8855 11.62701 22.35414
v 139.8796 11.62731 22.45925
v 139.9014 11.62701 22.26301
v 139.8994 11.62718 22.37032
v 139.9342 11.62701 22.144
v 139.9301 11.62723 22.24981
v 139.9668 11.62701 22.02532
v 139.9642 11.62719 22.13201
v 140.0059 11.62701 21.90869
v 140.0029 11.62719 22.01486
v 140.0458 11.62701 21.79258
v 140.045 11.62713 21.90016
v 140.1028 11.62701 21.6502
v 140.1033 11.62709 21.75856
v 140.1644 11.62701 21.50991
v 140.1674 11.62703 21.62021
v 140.2292 11.62701 21.3712
v 140.2374 11.62695 21.48561
v 140.3051 11.62701 21.23823
v 140.3139 11.62695 21.35326
v 140.3827 11.62701 21.10645
v 140.3955 11.62694 21.22524
v 140.4794 11.62701 20.98736
v 140.4838 11.62701 21.09871
v 140.594 11.62701 20.84515
v 140.5961 11.62701 20.95436
v 140.7195 11.62701 20.71303
v 140.716 11.62695 20.81624
v 140.8466 11.62701 20.58393
v 140.8417 11.62691 20.68518
v 140.9774 11.62701 20.45938
v 140.974 11.62686 20.56177
v 141.1196 11.62701 20.34809
v 141.1124 11.62671 20.44551
v 141.2663 11.62701 20.24432
v 141.2563 11.62652 20.33698
v 141.4151 11.62701 20.14497
v 141.4054 11.62638 20.23644
v 141.5665 11.62701 20.05051
v 141.5603 11.62641 20.14488
v 141.7241 11.62701 19.96747
v 141.7192 11.62639 20.0617
v 141.8828 11.62701 19.88744
v 141.8813 11.62656 19.98669
v 142.048 11.62701 19.8221
v 142.0469 11.62647 19.92026
v 142.2162 11.62701 19.76645
v 142.215 11.62632 19.86171
v 142.3859 11.62701 19.71739
v 142.3849 11.62625 19.81106
v 142.5559 11.62701 19.67088
v 142.5569 11.62643 19.76872
v 142.7287 11.62701 19.63663
v 142.7304 11.62639 19.73408
v 142.9024 11.62701 19.60797
v 142.905 11.62645 19.70698
v 143.0783 11.62701 19.59922
v 143.0808 11.626 19.6884
v 143.2535 11.62701 19.59052
v 143.257 11.62597 19.67903
v 143.4288 11.62701 19.58953
v 143.4335 11.62596 19.67748
v 143.6039 11.62701 19.59731
v 143.6096 11.626 19.6869
v 143.7784 11.62701 19.61424
v 143.7851 11.62604 19.7045
v 143.9521 11.62701 19.63797
v 143.9595 11.62619 19.73134
v 144.1238 11.62701 19.67387
v 144.1319 11.62626 19.76847
v 144.2961 11.62701 19.70879
v 144.3016 11.62682 19.81524
v 144.4635 11.62701 19.76243
v 144.4682 11.62694 19.87186
v 144.6292 11.62701 19.82151
v 144.6313 11.62718 19.937
v 144.7897 11.62701 19.89353
v 144.7911 11.62721 20.00972
v 144.9509 11.62701 19.96475
v 144.9469 11.62756 20.09004
v 145.1071 11.62701 20.04681
v 145.0983 11.62777 20.17793
v 145.2571 11.62701 20.14008
v 145.2451 11.62785 20.27348
v 145.3999 11.62701 20.24401
v 145.4013 11.62716 20.38716
v 145.5429 11.62701 20.34812
v 145.5596 11.62669 20.5162
v 145.6805 11.62701 20.45997
v 145.6908 11.62691 20.63616
v 145.8097 11.62701 20.58161
v 145.874 11.62618 20.82504
v 145.936 11.62701 20.70701
v 145.9879 11.62653 20.95806
v 146.0522 11.62701 20.84202
v 146.0877 11.62687 21.08572
v 146.1597 11.62701 20.98416
v 146.2096 11.6269 21.25883
v 146.2604 11.62701 21.1314
v 146.2942 11.627 21.3914
v 146.3428 11.62701 21.25556
v 146.3682 11.62704 21.51723
v 146.4114 11.62701 21.38779
v 146.4296 11.62705 21.62941
v 146.4786 11.62701 21.52076
v 146.4834 11.62698 21.73448
v 146.5446 11.62701 21.65479
v 146.5354 11.62687 21.84362
v 146.5956 11.62701 21.79515
v 146.5725 11.62673 21.92598
v 146.6363 11.62701 21.90755
v 146.6183 11.62675 22.03417
v 146.6757 11.62701 22.02065
v 146.6612 11.62679 22.14434
v 146.7069 11.62701 22.13626
v 146.701 11.62688 22.25387
v 146.7351 11.62701 22.25272
v 146.7379 11.62699 22.36454
v 146.7563 11.62701 22.34026
v 146.7634 11.62705 22.44935
v 146.777 11.62701 22.42817
v 146.7873 11.62711 22.53531
v 146.7978 11.62701 22.51646
v 146.8088 11.62712 22.62328
v 146.8118 11.62701 22.57559
v 146.8219 11.62711 22.68298
v 139.847 12.02701 22.62905
v 139.8509 12.02702 22.73997
v 139.865 12.02701 22.56888
v 139.8594 12.02739 22.67467
v 139.8781 12.02701 22.47753
v 139.8734 12.02734 22.58369
v 139.8907 12.02701 22.38619
v 139.8892 12.02722 22.49401
v 139.906 12.02701 22.29522
v 139.9075 12.02711 22.40472
v 139.9364 12.02701 22.17602
v 139.9357 12.02718 22.28408
v 139.9666 12.02701 22.05704
v 139.9675 12.02712 22.16609
v 139.9979 12.02701 21.93834
v 140.0033 12.02696 22.05025
v 140.0368 12.02701 21.82193
v 140.0432 12.02693 21.93458
v 140.0931 12.02701 21.67929
v 140.0989 12.02695 21.7916
v 140.1518 12.02701 21.53782
v 140.1601 12.02688 21.65208
v 140.2199 12.02701 21.40071
v 140.2279 12.02691 21.51491
v 140.2941 12.02701 21.26706
v 140.3017 12.02693 21.381
v 140.3766 12.02701 21.13848
v 140.3813 12.027 21.25012
v 140.463 12.02701 21.01301
v 140.4665 12.02702 21.12351
v 140.5691 12.02701 20.86449
v 140.5754 12.02698 20.97769
v 140.6941 12.02701 20.73122
v 140.6927 12.02704 20.83685
v 140.8239 12.02701 20.60393
v 140.8165 12.02706 20.70289
v 140.9569 12.02701 20.48141
v 140.947 12.02697 20.57677
v 141.0953 12.02701 20.36582
v 141.0833 12.02688 20.45782
v 141.2345 12.02701 20.25225
v 141.2256 12.02682 20.34671
v 141.3806 12.02701 20.14778
v 141.3736 12.02676 20.24351
v 141.53 12.02701 20.04863
v 141.5275 12.0268 20.14911
v 141.6876 12.02701 19.96311
v 141.6857 12.02676 20.0632
v 141.8492 12.02701 19.88634
v 141.8475 12.0267 19.98538
v 142.0122 12.02701 19.81392
v 142.0127 12.02677 19.91641
v 142.1816 12.02701 19.75792
v 142.1807 12.02663 19.85507
v 142.3521 12.02701 19.70796
v 142.3511 12.02652 19.80207
v 142.5225 12.02701 19.65912
v 142.5236 12.02664 19.75778
v 142.6965 12.02701 19.62509
v 142.6977 12.02652 19.72115
v 142.871 12.02701 19.5964
v 142.8731 12.0265 19.69271
v 143.0468 12.02701 19.57723
v 143.0496 12.02649 19.67278
v 143.2232 12.02701 19.56714
v 143.2267 12.02646 19.66173
v 143.3997 12.02701 19.56878
v 143.4041 12.02629 19.65894
v 143.5757 12.02701 19.58023
v 143.5815 12.02615 19.66614
v 143.751 12.02701 19.59593
v 143.7581 12.0262 19.68255
v 143.9264 12.02701 19.61411
v 143.9334 12.02646 19.70905
v 144.0992 12.02701 19.64958
v 144.107 12.0265 19.74512
v 144.2704 12.02701 19.69168
v 144.2777 12.02666 19.79201
v 144.4397 12.02701 19.74132
v 144.4452 12.02687 19.84829
v 144.6067 12.02701 19.79851
v 144.6094 12.02711 19.91286
v 144.7708 12.02701 19.86426
v 144.7698 12.02735 19.98573
v 144.932 12.02701 19.93734
v 144.9264 12.02755 20.06582
v 145.0892 12.02701 20.01922
v 145.0788 12.02769 20.15335
v 145.2403 12.02701 20.11212
v 145.226 12.02771 20.24879
v 145.387 12.02701 20.21187
v 145.3839 12.02725 20.36332
v 145.529 12.02701 20.31867
v 145.5735 12.02627 20.51956
v 145.6647 12.02701 20.43338
v 145.7031 12.02659 20.64079
v 145.7972 12.02701 20.55238
v 145.8346 12.02682 20.77674
v 145.9211 12.02701 20.68059
v 145.9852 12.02674 20.95228
v 146.0334 12.02701 20.81901
v 146.0863 12.02707 21.08327
v 146.1458 12.02701 20.95756
v 146.2197 12.02728 21.27557
v 146.248 12.02701 21.10402
v 146.3029 12.02724 21.40995
v 146.3226 12.02701 21.23278
v 146.3654 12.02725 21.51931
v 146.3972 12.02701 21.36163
v 146.4238 12.02721 21.62686
v 146.4647 12.02701 21.49438
v 146.4829 12.02714 21.74516
v 146.5323 12.02701 21.62759
v 146.5116 12.02661 21.80672
v 146.5865 12.02701 21.76672
v 146.565 12.02656 21.9262
v 146.6334 12.02701 21.90846
v 146.6128 12.02661 22.04215
v 146.6707 12.02701 22.02204
v 146.6531 12.02661 22.14746
v 146.7007 12.02701 22.13776
v 146.6919 12.02676 22.2571
v 146.7243 12.02701 22.25492
v 146.7274 12.02699 22.36653
v 146.7421 12.02701 22.34276
v 146.7523 12.02713 22.45006
v 146.764 12.02701 22.43011
v 146.7756 12.02717 22.53659
v 146.7861 12.02701 22.51789
v 146.7968 12.02715 22.62506
v 139.864 12.42701 22.63053
v 139.872 12.42682 22.74363
v 139.8821 12.42701 22.57067
v 139.8801 12.4273 22.67848
v 139.8956 12.42701 22.47985
v 139.8933 12.4273 22.58739
v 139.9095 12.42701 22.38916
v 139.9086 12.42724 22.49739
v 139.9264 12.42701 22.299
v 139.9261 12.42721 22.40752
v 139.9536 12.42701 22.17984
v 139.9529 12.42722 22.28803
v 139.9879 12.42701 22.06255
v 139.9841 12.42734 22.16872
v 140.0224 12.42701 21.94559
v 140.0189 12.42733 22.05173
v 140.0663 12.42701 21.79961
v 140.0674 12.42712 21.90868
v 140.1199 12.42701 21.65692
v 140.1225 12.42707 21.7669
v 140.1831 12.42701 21.51826
v 140.1839 12.42713 21.62688
v 140.2472 12.42701 21.38016
v 140.2509 12.42702 21.49093
v 140.3189 12.42701 21.24588
v 140.3238 12.42698 21.3576
v 140.3997 12.42701 21.11689
v 140.403 12.42703 21.22731
v 140.4847 12.42701 20.99089
v 140.4877 12.42704 21.10103
v 140.5923 12.42701 20.84392
v 140.5963 12.42701 20.95491
v 140.7172 12.42701 20.71109
v 140.7132 12.42717 20.81418
v 140.8404 12.42701 20.5781
v 140.8367 12.42713 20.68112
v 140.969 12.42701 20.45062
v 140.9669 12.42707 20.55487
v 141.1084 12.42701 20.33524
v 141.1036 12.42707 20.4358
v 141.2562 12.42701 20.23137
v 141.2461 12.42703 20.32454
v 141.4014 12.42701 20.12536
v 141.3944 12.427 20.22106
v 141.556 12.42701 20.03375
v 141.5487 12.42692 20.12681
v 141.7119 12.42701 19.94532
v 141.7076 12.42687 20.04128
v 141.8696 12.42701 19.86043
v 141.8703 12.42691 19.96435
v 142.0334 12.42701 19.78778
v 142.0359 12.42696 19.89498
v 142.2062 12.42701 19.7389
v 142.2047 12.42675 19.83421
v 142.3777 12.42701 19.69046
v 142.3759 12.42665 19.78176
v 142.5488 12.42701 19.64212
v 142.5493 12.42671 19.73812
v 142.7226 12.42701 19.60517
v 142.7241 12.42671 19.70183
v 142.8981 12.42701 19.57715
v 142.9005 12.42673 19.67473
v 143.0755 12.42701 19.56705
v 143.0779 12.42655 19.65631
v 143.2523 12.42701 19.5563
v 143.2558 12.42657 19.64668
v 143.4294 12.42701 19.55314
v 143.434 12.42662 19.64548
v 143.6061 12.42701 19.56549
v 143.612 12.4265 19.65399
v 143.7823 12.42701 19.58233
v 143.7891 12.42652 19.67266
v 143.9568 12.42701 19.61101
v 143.9649 12.42653 19.70118
v 144.1308 12.42701 19.64333
v 144.1387 12.42668 19.73969
v 144.3034 12.42701 19.68334
v 144.3093 12.42687 19.7885
v 144.4731 12.42701 19.73471
v 144.4768 12.42703 19.84651
v 144.6398 12.42701 19.79525
v 144.6408 12.42718 19.91335
v 144.8046 12.42701 19.86143
v 144.8007 12.42742 19.9883
v 144.9661 12.42701 19.93616
v 144.9568 12.42752 20.07053
v 145.1202 12.42701 20.02507
v 145.1087 12.4275 20.16031
v 145.269 12.42701 20.12238
v 145.2785 12.42693 20.2743
v 145.4121 12.42701 20.22778
v 145.4256 12.4269 20.38621
v 145.5552 12.42701 20.33351
v 145.6046 12.42679 20.53936
v 145.6887 12.42701 20.45114
v 145.7431 12.4269 20.6741
v 145.8216 12.42701 20.57014
v 145.9155 12.4272 20.8625
v 145.9454 12.42701 20.69884
v 146.0419 12.42756 21.02051
v 146.0559 12.42701 20.83909
v 146.1384 12.42769 21.15435
v 146.1647 12.42701 20.98067
v 146.2579 12.42807 21.33787
v 146.2689 12.42701 21.12609
v 146.345 12.42795 21.48635
v 146.3393 12.42701 21.25755
v 146.4077 12.42801 21.60333
v 146.4082 12.42701 21.38945
v 146.4344 12.42734 21.65595
v 146.4749 12.42701 21.52249
v 146.4872 12.42708 21.76531
v 146.5403 12.42701 21.65656
v 146.538 12.4268 21.87865
v 146.5904 12.42701 21.79701
v 146.5834 12.4267 21.98761
v 146.6276 12.42701 21.91027
v 146.6051 12.42641 22.04248
v 146.6649 12.42701 22.02364
v 146.6453 12.42645 22.15005
v 146.6928 12.42701 22.13964
v 146.683 12.42666 22.2594
v 146.717 12.42701 22.25641
v 146.7178 12.42693 22.36942
v 146.7352 12.42701 22.34399
v 146.7421 12.42708 22.45328
v 146.7533 12.42701 22.43171
v 146.7645 12.42719 22.53855
v 146.7713 12.42701 22.51971
v 146.7849 12.42726 22.62531
v 146.791 12.42701 22.57777
v 146.7979 12.42709 22.68714
v 139.8886 12.82701 22.63268
v 139.8962 12.82681 22.74554
v 139.9054 12.82701 22.57312
v 139.9039 12.82732 22.68128
v 139.9194 12.82701 22.48297
v 139.9163 12.82739 22.59022
v 139.9333 12.82701 22.39293
v 139.9309 12.82736 22.50046
v 139.9474 12.82701 22.30289
v 139.9475 12.82722 22.41171
v 139.9745 12.82701 22.18447
v 139.9735 12.82728 22.29247
v 140.0053 12.82701 22.06704
v 140.0033 12.82732 22.17437
v 140.0367 12.82701 21.94984
v 140.0367 12.82722 22.05827
v 140.0854 12.82701 21.80621
v 140.0844 12.82726 21.91387
v 140.136 12.82701 21.66326
v 140.1377 12.82712 21.77268
v 140.1968 12.82701 21.52435
v 140.1974 12.82717 21.63293
v 140.2598 12.82701 21.38644
v 140.2626 12.82706 21.49651
v 140.3296 12.82701 21.25178
v 140.334 12.82699 21.36315
v 140.4089 12.82701 21.12251
v 140.4115 12.82707 21.23238
v 140.489 12.82701 20.99379
v 140.4943 12.82696 21.106
v 140.5988 12.82701 20.84881
v 140.6017 12.82705 20.9588
v 140.7156 12.82701 20.70974
v 140.7166 12.82711 20.81776
v 140.8439 12.82701 20.58138
v 140.8389 12.82729 20.68315
v 140.9756 12.82701 20.4575
v 140.9679 12.82732 20.55578
v 141.1145 12.82701 20.34221
v 141.1035 12.82734 20.43582
v 141.2515 12.82701 20.22527
v 141.2454 12.82717 20.32362
v 141.3969 12.82701 20.11898
v 141.393 12.82712 20.21909
v 141.5452 12.82701 20.0164
v 141.5464 12.82704 20.12317
v 141.7058 12.82701 19.93445
v 141.7049 12.82704 20.03652
v 141.8692 12.82701 19.85944
v 141.8675 12.827 19.95852
v 142.0339 12.82701 19.78893
v 142.0333 12.82696 19.8887
v 142.2018 12.82701 19.7269
v 142.2021 12.82695 19.82727
v 142.3744 12.82701 19.67964
v 142.3734 12.82692 19.77369
v 142.5469 12.82701 19.63456
v 142.547 12.8269 19.72898
v 142.7223 12.82701 19.60343
v 142.7224 12.82685 19.69242
v 142.8981 12.82701 19.57732
v 142.8991 12.82682 19.66615
v 143.0747 12.82701 19.55854
v 143.0769 12.8268 19.64692
v 143.2519 12.82701 19.54479
v 143.2554 12.82682 19.63695
v 143.4296 12.82701 19.54444
v 143.4341 12.82679 19.63577
v 143.607 12.82701 19.55309
v 143.6126 12.82677 19.6445
v 143.7832 12.82701 19.57457
v 143.7905 12.82673 19.66275
v 143.9584 12.82701 19.60233
v 143.9668 12.82675 19.69145
v 144.133 12.82701 19.63372
v 144.1408 12.82684 19.73017
v 144.3058 12.82701 19.675
v 144.3121 12.82691 19.77876
v 144.4764 12.82701 19.72514
v 144.4803 12.82701 19.83654
v 144.6429 12.82701 19.78764
v 144.6449 12.82707 19.9033
v 144.8058 12.82701 19.85897
v 144.8054 12.82712 19.97864
v 144.9694 12.82701 19.92993
v 144.9615 12.82725 20.06176
v 145.1245 12.82701 20.01794
v 145.1148 12.82718 20.15308
v 145.2723 12.82701 20.11753
v 145.2764 12.82701 20.26219
v 145.4153 12.82701 20.22353
v 145.4635 12.82693 20.40631
v 145.5584 12.82701 20.32966
v 145.6064 12.82712 20.53183
v 145.6922 12.82701 20.44738
v 145.7927 12.82791 20.71746
v 145.8252 12.82701 20.56669
v 145.9208 12.82814 20.86302
v 145.9435 12.82701 20.70049
v 146.0783 12.82924 21.06517
v 146.058 12.82701 20.83749
v 146.1769 12.82917 21.20887
v 146.163 12.82701 20.98184
v 146.257 12.82876 21.33692
v 146.2605 12.82701 21.13131
v 146.3321 12.82835 21.4677
v 146.3377 12.82701 21.25846
v 146.3632 12.82737 21.52536
v 146.4053 12.82701 21.39089
v 146.3939 12.82656 21.58362
v 146.4693 12.82701 21.52499
v 146.4344 12.82598 21.66474
v 146.5301 12.82701 21.66068
v 146.4968 12.82597 21.79821
v 146.581 12.82701 21.80033
v 146.5543 12.82613 21.93253
v 146.63 12.82701 21.94073
v 146.6075 12.82623 22.06917
v 146.6594 12.82701 22.05599
v 146.6464 12.8265 22.17787
v 146.6879 12.82701 22.17138
v 146.6828 12.82673 22.28805
v 146.712 12.82701 22.28774
v 146.716 12.827 22.39883
v 146.7299 12.82701 22.3751
v 146.7389 12.82716 22.48322
v 146.7433 12.82701 22.46325
v 146.7596 12.82739 22.56733
v 146.7598 12.82701 22.55112
v 146.7783 12.82746 22.65417
v 146.7818 12.82701 22.60881
v 146.7903 12.82715 22.71738
v 139.9259 13.22701 22.60564
v 139.9269 13.22721 22.71514
v 139.949 13.22701 22.51722
v 139.9386 13.22795 22.62064
v 139.965 13.22701 22.42836
v 139.9521 13.22811 22.53032
v 139.9813 13.22701 22.33973
v 139.9676 13.22816 22.44086
v 140.0065 13.22701 22.22229
v 139.9915 13.2282 22.32251
v 140.031 13.22701 22.10471
v 140.019 13.22802 22.20626
v 140.0556 13.22701 21.98682
v 140.0501 13.22761 22.09188
v 140.0904 13.22701 21.83986
v 140.094 13.22704 21.9506
v 140.1439 13.22701 21.69878
v 140.1453 13.22717 21.80803
v 140.2012 13.22701 21.55932
v 140.2023 13.22718 21.66828
v 140.2666 13.22701 21.42353
v 140.2651 13.22733 21.53043
v 140.3315 13.22701 21.28734
v 140.3336 13.22711 21.39689
v 140.4081 13.22701 21.15738
v 140.4084 13.22721 21.26537
v 140.5057 13.22701 21.00508
v 140.5056 13.22723 21.11252
v 140.6127 13.22701 20.85928
v 140.6108 13.22732 20.9649
v 140.7309 13.22701 20.72259
v 140.7243 13.22752 20.82327
v 140.8495 13.22701 20.58659
v 140.8447 13.22741 20.68861
v 140.9755 13.22701 20.45737
v 140.9721 13.22734 20.56037
v 141.1159 13.22701 20.3439
v 141.1064 13.22759 20.43929
v 141.2551 13.22701 20.22988
v 141.2471 13.22747 20.32593
v 141.3987 13.22701 20.12149
v 141.3937 13.22735 20.22025
v 141.5475 13.22701 20.02009
v 141.5466 13.22718 20.12352
v 141.7062 13.22701 19.93508
v 141.7043 13.22721 20.03559
v 141.872 13.22701 19.86529
v 141.8667 13.22729 19.95686
v 142.0363 13.22701 19.79458
v 142.0321 13.22723 19.88579
v 142.2003 13.22701 19.72264
v 142.2007 13.22709 19.82357
v 142.3727 13.22701 19.67415
v 142.3724 13.22711 19.77025
v 142.5461 13.22701 19.63128
v 142.5459 13.2271 19.72442
v 142.7203 13.22701 19.5932
v 142.7214 13.22708 19.68819
v 142.8963 13.22701 19.56402
v 142.8984 13.22706 19.66084
v 143.0739 13.22701 19.54959
v 143.0764 13.22707 19.64053
v 143.2517 13.22701 19.54042
v 143.2553 13.22705 19.63027
v 143.4297 13.22701 19.53706
v 143.4342 13.22704 19.63071
v 143.6074 13.22701 19.5475
v 143.6131 13.22703 19.63837
v 143.7845 13.22701 19.56427
v 143.791 13.22701 19.65707
v 143.9595 13.22701 19.59588
v 143.9676 13.22698 19.68558
v 144.1345 13.22701 19.6275
v 144.1422 13.22698 19.72375
v 144.3076 13.22701 19.66877
v 144.3141 13.22699 19.77163
v 144.4784 13.22701 19.71928
v 144.483 13.22701 19.82874
v 144.6446 13.22701 19.78341
v 144.6483 13.22701 19.89524
v 144.8085 13.22701 19.85307
v 144.8094 13.22701 19.97037
v 144.9702 13.22701 19.92839
v 144.9657 13.22704 20.05424
v 145.1248 13.22701 20.01734
v 145.1263 13.22701 20.15081
v 145.2709 13.22701 20.11963
v 145.2859 13.22706 20.26001
v 145.4162 13.22701 20.22232
v 145.4331 13.22714 20.37296
v 145.5602 13.22701 20.32748
v 145.5887 13.22731 20.5077
v 145.6948 13.22701 20.44463
v 145.7957 13.22848 20.71517
v 145.8202 13.22701 20.57149
v 145.876 13.22791 20.80563
v 145.938 13.22701 20.70529
v 145.9799 13.2277 20.93316
v 146.0543 13.22701 20.84037
v 146.1082 13.22799 21.10827
v 146.1545 13.22701 20.98782
v 146.1636 13.22705 21.19123
v 146.2516 13.22701 21.13685
v 146.248 13.22673 21.32516
v 146.3283 13.22701 21.26378
v 146.3131 13.22641 21.43926
v 146.3952 13.22701 21.39606
v 146.3757 13.2263 21.55684
v 146.4589 13.22701 21.52974
v 146.4295 13.22597 21.66523
v 146.5152 13.22701 21.66669
v 146.4904 13.22609 21.79796
v 146.5668 13.22701 21.80536
v 146.547 13.22623 21.93266
v 146.6155 13.22701 21.94515
v 146.5988 13.22631 22.06966
v 146.6453 13.22701 22.05977
v 146.6365 13.22659 22.17888
v 146.6754 13.22701 22.17427
v 146.6723 13.22676 22.28959
v 146.6976 13.22701 22.29055
v 146.7042 13.2271 22.40004
v 146.7124 13.22701 22.37803
v 146.7257 13.22734 22.48369
v 146.7272 13.22701 22.46552
v 146.7459 13.22754 22.5683
v 146.7485 13.22701 22.5524
v 146.764 13.22742 22.65712
v 139.961 13.62701 22.60901
v 139.9577 13.62753 22.71639
v 139.9822 13.62701 22.52129
v 139.9692 13.62825 22.6235
v 139.9947 13.62701 22.4328
v 139.9818 13.62821 22.53485
v 140.0071 13.62701 22.34426
v 139.9968 13.62804 22.44746
v 140.0237 13.62701 22.22594
v 140.0193 13.6276 22.33216
v 140.0412 13.62701 22.10727
v 140.0452 13.62701 22.21828
v 140.0686 13.62701 21.99054
v 140.0756 13.62679 22.10343
v 140.1147 13.62701 21.84798
v 140.1193 13.62697 21.95936
v 140.1653 13.62701 21.707
v 140.169 13.62703 21.8178
v 140.2221 13.62701 21.5684
v 140.2245 13.62711 21.67835
v 140.2861 13.62701 21.43302
v 140.286 13.62728 21.54097
v 140.3502 13.62701 21.2975
v 140.3529 13.6271 21.40752
v 140.4179 13.62701 21.16332
v 140.4256 13.62677 21.27728
v 140.5142 13.62701 21.01078
v 140.521 13.62683 21.12423
v 140.6232 13.62701 20.86721
v 140.6248 13.62716 20.97609
v 140.7372 13.62701 20.72786
v 140.7365 13.62729 20.83438
v 140.854 13.62701 20.59081
v 140.8554 13.62716 20.69922
v 140.9844 13.62701 20.46663
v 140.9817 13.62738 20.57046
v 141.1169 13.62701 20.34505
v 141.1146 13.62736 20.44886
v 141.2597 13.62701 20.23577
v 141.254 13.62753 20.33495
v 141.4065 13.62701 20.13268
v 141.3993 13.62761 20.22862
v 141.5531 13.62701 20.02914
v 141.5513 13.6273 20.13114
v 141.7102 13.62701 19.94232
v 141.708 13.62732 20.04258
v 141.8733 13.62701 19.86789
v 141.8691 13.62742 19.96251
v 142.0359 13.62701 19.79365
v 142.0342 13.6273 19.89113
v 142.2004 13.62701 19.72299
v 142.2023 13.62711 19.82825
v 142.3726 13.62701 19.67371
v 142.3733 13.62717 19.774
v 142.5464 13.62701 19.63267
v 142.5466 13.62723 19.72827
v 142.7209 13.62701 19.59602
v 142.722 13.62721 19.69138
v 142.8975 13.62701 19.57318
v 142.8988 13.62725 19.66369
v 143.0745 13.62701 19.5555
v 143.0767 13.62727 19.64375
v 143.2518 13.62701 19.54354
v 143.2553 13.62722 19.63337
v 143.4295 13.62701 19.54577
v 143.4342 13.62721 19.63317
v 143.6072 13.62701 19.55004
v 143.6128 13.62717 19.64188
v 143.7841 13.62701 19.567
v 143.7908 13.62716 19.65961
v 143.9594 13.62701 19.59642
v 143.9675 13.62718 19.68719
v 144.1343 13.62701 19.62824
v 144.142 13.62711 19.72489
v 144.3075 13.62701 19.66904
v 144.3139 13.62705 19.77242
v 144.4781 13.62701 19.72018
v 144.4829 13.62701 19.82913
v 144.6443 13.62701 19.78401
v 144.6485 13.62701 19.89476
v 144.8089 13.62701 19.85225
v 144.8096 13.62699 19.96964
v 144.968 13.62701 19.93253
v 144.9669 13.62696 20.05227
v 145.1246 13.62701 20.01764
v 145.1188 13.62691 20.14344
v 145.2695 13.62701 20.12166
v 145.2656 13.62691 20.2431
v 145.4105 13.62701 20.22995
v 145.4167 13.62703 20.3575
v 145.5509 13.62701 20.33864
v 145.5421 13.62675 20.46407
v 145.6882 13.62701 20.45174
v 145.6716 13.62654 20.58475
v 145.8134 13.62701 20.57809
v 145.794 13.62644 20.71262
v 145.9306 13.62701 20.71171
v 145.9291 13.62683 20.86899
v 146.0424 13.62701 20.84962
v 146.0283 13.62646 20.99744
v 146.1466 13.62701 20.99331
v 146.1436 13.62675 21.16292
v 146.2369 13.62701 21.14607
v 146.2159 13.62625 21.27771
v 146.3103 13.62701 21.27394
v 146.2903 13.62623 21.40417
v 146.3789 13.62701 21.40434
v 146.3591 13.62618 21.53341
v 146.4441 13.62701 21.53651
v 146.4238 13.62612 21.66534
v 146.5078 13.62701 21.6697
v 146.4836 13.62596 21.80041
v 146.5572 13.62701 21.80878
v 146.5383 13.62614 21.93514
v 146.6037 13.62701 21.94876
v 146.5889 13.62628 22.07181
v 146.634 13.62701 22.06279
v 146.6253 13.6265 22.1818
v 146.6583 13.62701 22.17822
v 146.6587 13.62686 22.29143
v 146.6795 13.62701 22.29407
v 146.6892 13.62724 22.40178
v 146.6952 13.62701 22.38091
v 146.7095 13.62744 22.48601
v 146.71 13.62701 22.46794
v 146.7287 13.62761 22.57082
v 146.7281 13.62701 22.55473
v 146.7454 13.62757 22.65854
v 146.7493 13.62701 22.61194
v 146.7567 13.62714 22.7212
v 139.9777 14.02701 22.67029
v 139.9861 14.02664 22.78349
v 140.0017 14.02701 22.58323
v 139.9959 14.02779 22.68939
v 140.0134 14.02701 22.49535
v 140.0067 14.02787 22.60085
v 140.0252 14.02701 22.40748
v 140.0197 14.02776 22.51346
v 140.0408 14.02701 22.29011
v 140.0398 14.02741 22.3983
v 140.0566 14.02701 22.17226
v 140.0631 14.02681 22.28469
v 140.0821 14.02701 22.05623
v 140.0906 14.02667 22.1699
v 140.1118 14.02701 21.94106
v 140.1218 14.02655 22.0558
v 140.158 14.02701 21.79975
v 140.1663 14.02668 21.91358
v 140.2097 14.02701 21.66032
v 140.2169 14.02677 21.77345
v 140.2627 14.02701 21.52106
v 140.2728 14.02655 21.63642
v 140.3253 14.02701 21.38576
v 140.3352 14.02658 21.50115
v 140.3925 14.02701 21.25254
v 140.4032 14.02652 21.36879
v 140.4916 14.02701 21.10336
v 140.4937 14.02715 21.21275
v 140.5912 14.02701 20.95493
v 140.5914 14.02727 21.06269
v 140.6986 14.02701 20.81211
v 140.6971 14.0274 20.9181
v 140.8135 14.02701 20.67518
v 140.8107 14.02747 20.77956
v 140.9286 14.02701 20.53778
v 140.9314 14.02709 20.64755
v 141.0594 14.02701 20.41538
v 141.0597 14.02724 20.52225
v 141.1946 14.02701 20.298
v 141.1941 14.02731 20.40368
v 141.3385 14.02701 20.19145
v 141.3352 14.02748 20.29314
v 141.4858 14.02701 20.09005
v 141.4821 14.0275 20.19038
v 141.6374 14.02701 19.99532
v 141.6353 14.02739 20.09658
v 141.7958 14.02701 19.91268
v 141.7936 14.0274 20.01219
v 141.9546 14.02701 19.83066
v 141.9558 14.02718 19.93573
v 142.1191 14.02701 19.76079
v 142.1217 14.02709 19.86829
v 142.288 14.02701 19.70251
v 142.2905 14.02712 19.80884
v 142.4611 14.02701 19.65877
v 142.462 14.02726 19.75836
v 142.6343 14.02701 19.61737
v 142.6358 14.02724 19.71673
v 142.8084 14.02701 19.57955
v 142.8114 14.02713 19.68392
v 142.985 14.02701 19.55573
v 142.9884 14.02712 19.66038
v 143.1632 14.02701 19.55077
v 143.1663 14.02729 19.64611
v 143.3407 14.02701 19.54653
v 143.3447 14.0273 19.64016
v 143.5185 14.02701 19.54376
v 143.5231 14.02717 19.64377
v 143.6954 14.02701 19.56165
v 143.7011 14.02723 19.65648
v 143.8708 14.02701 19.58882
v 143.8782 14.02724 19.6789
v 144.0452 14.02701 19.6202
v 144.0536 14.02723 19.71135
v 144.2185 14.02701 19.65783
v 144.2269 14.02721 19.75307
v 144.3894 14.02701 19.70518
v 144.3977 14.02716 19.8039
v 144.5575 14.02701 19.76202
v 144.565 14.0271 19.8645
v 144.7245 14.02701 19.82293
v 144.7286 14.02701 19.93379
v 144.8846 14.02701 19.90005
v 144.8883 14.027 20.01169
v 145.0421 14.02701 19.98242
v 145.0432 14.02694 20.09819
v 145.1922 14.02701 20.07752
v 145.1929 14.02693 20.19318
v 145.3368 14.02701 20.18045
v 145.3373 14.02691 20.2959
v 145.4768 14.02701 20.2891
v 145.4754 14.02685 20.40657
v 145.6124 14.02701 20.40307
v 145.6075 14.02674 20.52401
v 145.7424 14.02701 20.52343
v 145.7331 14.02659 20.64839
v 145.8648 14.02701 20.65156
v 145.8519 14.02646 20.77917
v 145.9758 14.02701 20.7895
v 145.9637 14.02644 20.91561
v 146.0818 14.02701 20.9309
v 146.068 14.02639 21.05767
v 146.179 14.02701 21.07825
v 146.1654 14.02637 21.20412
v 146.2693 14.02701 21.22964
v 146.2558 14.02632 21.35476
v 146.3371 14.02701 21.35985
v 146.3252 14.02637 21.48308
v 146.3982 14.02701 21.49308
v 146.3895 14.02648 21.61332
v 146.4617 14.02701 21.62509
v 146.4504 14.02637 21.74695
v 146.5175 14.02701 21.76061
v 146.5061 14.02633 21.88211
v 146.5604 14.02701 21.90079
v 146.5558 14.02662 22.01748
v 146.592 14.02701 22.01349
v 146.5925 14.02685 22.12673
v 146.6238 14.02701 22.12611
v 146.6267 14.02695 22.23785
v 146.6497 14.02701 22.24025
v 146.6568 14.02715 22.34945
v 146.6693 14.02701 22.35561
v 146.6833 14.02747 22.46098
v 146.684 14.02701 22.44207
v 146.7013 14.02764 22.54563
v 146.6987 14.02701 22.52863
v 146.7177 14.02773 22.63161
v 146.7189 14.02701 22.61487
v 146.7325 14.02748 22.72081
v 140.0199 14.42701 22.67361
v 140.0255 14.42687 22.7854
v 140.0376 14.42701 22.58701
v 140.034 14.42767 22.69429
v 140.0471 14.42701 22.49978
v 140.0444 14.42759 22.60738
v 140.0562 14.42701 22.41239
v 140.0563 14.42735 22.52134
v 140.07 14.42701 22.29577
v 140.0755 14.42688 22.40761
v 140.092 14.42701 22.18044
v 140.0983 14.42681 22.29272
v 140.1224 14.42701 22.06703
v 140.1252 14.42712 22.17727
v 140.1618 14.42701 21.92567
v 140.1637 14.42719 22.03535
v 140.2062 14.42701 21.78563
v 140.2079 14.4272 21.89517
v 140.2566 14.42701 21.64753
v 140.2579 14.42723 21.75675
v 140.3081 14.42701 21.50934
v 140.3133 14.4269 21.62125
v 140.3692 14.42701 21.37498
v 140.3754 14.42682 21.48766
v 140.4331 14.42701 21.24151
v 140.4429 14.42655 21.35701
v 140.5268 14.42701 21.09069
v 140.5323 14.4269 21.20289
v 140.6292 14.42701 20.94573
v 140.6296 14.42729 21.05366
v 140.7413 14.42701 20.80833
v 140.7351 14.42779 20.90999
v 140.8548 14.42701 20.67233
v 140.848 14.42782 20.77283
v 140.9702 14.42701 20.53713
v 140.968 14.42748 20.64182
v 141.093 14.42701 20.40803
v 141.0956 14.42711 20.51757
v 141.2267 14.42701 20.29017
v 141.2299 14.42708 20.40017
v 141.3655 14.42701 20.17786
v 141.3707 14.42692 20.29034
v 141.5179 14.42701 20.08486
v 141.5168 14.42741 20.18864
v 141.6705 14.42701 19.99318
v 141.6695 14.42739 20.09598
v 141.8288 14.42701 19.91178
v 141.827 14.42746 20.01207
v 141.9906 14.42701 19.83845
v 141.9885 14.42751 19.93629
v 142.1538 14.42701 19.76811
v 142.1541 14.42733 19.86958
v 142.3237 14.42701 19.71597
v 142.3223 14.42751 19.81103
v 142.4945 14.42701 19.66875
v 142.4935 14.42754 19.76156
v 142.6675 14.42701 19.63073
v 142.6671 14.42755 19.72143
v 142.8411 14.42701 19.59565
v 142.8424 14.42743 19.69
v 143.0167 14.42701 19.57274
v 143.019 14.42739 19.66734
v 143.1935 14.42701 19.56413
v 143.1965 14.42751 19.65398
v 143.3703 14.42701 19.5553
v 143.3744 14.42736 19.65004
v 143.5472 14.42701 19.56286
v 143.5523 14.42738 19.65517
v 143.7235 14.42701 19.57721
v 143.7295 14.42737 19.66986
v 143.8984 14.42701 19.60345
v 143.9061 14.42747 19.69269
v 144.0734 14.42701 19.62971
v 144.0808 14.4273 19.7258
v 144.2448 14.42701 19.67357
v 144.2537 14.42731 19.76824
v 144.4149 14.42701 19.72253
v 144.4236 14.42724 19.82033
v 144.5837 14.42701 19.77637
v 144.5901 14.4271 19.88177
v 144.7472 14.42701 19.84482
v 144.7533 14.42709 19.95163
v 144.9055 14.42701 19.92437
v 144.9122 14.42711 20.03075
v 145.0619 14.42701 20.00738
v 145.0663 14.42702 20.11793
v 145.2086 14.42701 20.10656
v 145.2152 14.4271 20.21412
v 145.3512 14.42701 20.21093
v 145.358 14.42711 20.31841
v 145.493 14.42701 20.31608
v 145.4948 14.42692 20.42971
v 145.6252 14.42701 20.43305
v 145.6251 14.42686 20.54856
v 145.7498 14.42701 20.55781
v 145.749 14.42682 20.67385
v 145.8678 14.42701 20.68855
v 145.8661 14.42678 20.80515
v 145.9775 14.42701 20.82607
v 145.9759 14.42676 20.9423
v 146.0774 14.42701 20.97052
v 146.0779 14.42686 21.0846
v 146.1754 14.42701 21.11569
v 146.1734 14.42673 21.23167
v 146.2623 14.42701 21.26763
v 146.2611 14.42676 21.3828
v 146.3328 14.42701 21.39515
v 146.3288 14.42661 21.51224
v 146.3906 14.42701 21.52891
v 146.3912 14.42683 21.64246
v 146.4479 14.42701 21.66253
v 146.4484 14.42683 21.776
v 146.5007 14.42701 21.79793
v 146.5011 14.42682 21.9114
v 146.5451 14.42701 21.93629
v 146.5482 14.42696 22.04791
v 146.5793 14.42701 22.04738
v 146.5828 14.42698 22.15872
v 146.6083 14.42701 22.15993
v 146.614 14.4271 22.26993
v 146.6298 14.42701 22.27415
v 146.6412 14.42741 22.38091
v 146.6513 14.42701 22.38826
v 146.6657 14.42759 22.49353
v 146.6674 14.42701 22.47393
v 146.6817 14.42759 22.57942
v 146.6835 14.42701 22.5598
v 146.696 14.42749 22.66643
v 146.7008 14.42701 22.64592
v 146.7083 14.42721 22.75517
v 140.0779 14.82701 22.59125
v 140.0751 14.82765 22.69895
v 140.0909 14.82701 22.50556
v 140.0851 14.82794 22.61147
v 140.1006 14.82701 22.41942
v 140.0964 14.82777 22.52616
v 140.1134 14.82701 22.30422
v 140.1146 14.82728 22.41367
v 140.1353 14.82701 22.19042
v 140.1366 14.82725 22.29993
v 140.1589 14.82701 22.0768
v 140.162 14.8271 22.18726
v 140.1967 14.82701 21.93667
v 140.1992 14.82715 22.0467
v 140.2429 14.82701 21.79902
v 140.2422 14.82744 21.90699
v 140.2921 14.82701 21.66227
v 140.2908 14.82748 21.76973
v 140.3444 14.82701 21.52629
v 140.3449 14.82733 21.63483
v 140.4054 14.82701 21.39385
v 140.405 14.82741 21.50162
v 140.4753 14.82701 21.23202
v 140.4843 14.82657 21.34686
v 140.5685 14.82701 21.08281
v 140.5729 14.82697 21.19415
v 140.6601 14.82701 20.93184
v 140.669 14.82657 21.04712
v 140.7688 14.82701 20.7928
v 140.7736 14.82694 20.9045
v 140.8853 14.82701 20.6602
v 140.886 14.82729 20.76801
v 141.0117 14.82701 20.53713
v 141.0055 14.82791 20.63764
v 141.138 14.82701 20.41413
v 141.1323 14.82788 20.5144
v 141.2708 14.82701 20.29787
v 141.2657 14.82784 20.39812
v 141.4099 14.82701 20.18893
v 141.4056 14.82776 20.28927
v 141.5499 14.82701 20.07979
v 141.5518 14.82721 20.1878
v 141.7044 14.82701 19.99278
v 141.7033 14.82751 20.09553
v 141.8604 14.82701 19.90884
v 141.8605 14.82739 20.01243
v 142.0229 14.82701 19.83855
v 142.0214 14.82759 19.93741
v 142.1862 14.82701 19.7702
v 142.1862 14.82744 19.87114
v 142.3565 14.82701 19.72185
v 142.3542 14.82784 19.81339
v 142.5272 14.82701 19.67724
v 142.5249 14.82794 19.76474
v 142.6991 14.82701 19.6378
v 142.6983 14.82786 19.72585
v 142.8727 14.82701 19.60789
v 142.8732 14.82787 19.69502
v 143.0469 14.82701 19.57847
v 143.0495 14.82754 19.6743
v 143.2232 14.82701 19.56798
v 143.2266 14.82756 19.66266
v 143.3997 14.82701 19.56728
v 143.404 14.82763 19.66022
v 143.5759 14.82701 19.57703
v 143.5814 14.82773 19.66596
v 143.7515 14.82701 19.59151
v 143.7581 14.82767 19.68217
v 143.9254 14.82701 19.62051
v 143.9337 14.82785 19.70713
v 144.0992 14.82701 19.64957
v 144.108 14.82762 19.74123
v 144.2703 14.82701 19.69219
v 144.2799 14.8276 19.78502
v 144.4402 14.82701 19.73994
v 144.4488 14.82743 19.83825
v 144.6044 14.82701 19.80447
v 144.6146 14.82745 19.90105
v 144.766 14.82701 19.8748
v 144.777 14.82747 19.97206
v 144.9232 14.82701 19.95432
v 144.9345 14.82748 20.05268
v 145.0743 14.82701 20.04456
v 145.0877 14.82758 20.1415
v 145.2189 14.82701 20.14444
v 145.235 14.8277 20.23936
v 145.3603 14.82701 20.248
v 145.3761 14.82764 20.34475
v 145.5001 14.82701 20.35365
v 145.511 14.82738 20.45683
v 145.6252 14.82701 20.4766
v 145.6399 14.82761 20.57609
v 145.7497 14.82701 20.5991
v 145.7616 14.82743 20.70214
v 145.8679 14.82701 20.72764
v 145.8765 14.82726 20.83433
v 145.9727 14.82701 20.86723
v 145.9836 14.82739 20.97202
v 146.0716 14.82701 21.01054
v 146.0831 14.82742 21.11514
v 146.1659 14.82701 21.15634
v 146.1758 14.82734 21.2626
v 146.2493 14.82701 21.30846
v 146.2605 14.82744 21.4139
v 146.3136 14.82701 21.43764
v 146.3251 14.82746 21.54309
v 146.3695 14.82701 21.57052
v 146.3846 14.82767 21.6736
v 146.4256 14.82701 21.70288
v 146.4396 14.8276 21.80717
v 146.4818 14.82701 21.83547
v 146.49 14.82727 21.94374
v 146.5237 14.82701 21.97324
v 146.5341 14.82742 22.08018
v 146.5531 14.82701 22.08448
v 146.5658 14.82756 22.19026
v 146.5786 14.82701 22.19661
v 146.5941 14.82775 22.30092
v 146.5995 14.82701 22.30961
v 146.6188 14.82801 22.41191
v 146.6148 14.82701 22.39436
v 146.6354 14.82809 22.49625
v 146.6301 14.82701 22.47917
v 146.65 14.82807 22.58164
v 146.6454 14.82701 22.56415
v 146.6631 14.82793 22.66806
v 146.6733 14.82701 22.64832
v 146.6748 14.82683 22.76064
v 140.1186 15.22701 22.59553
v 140.1183 15.22745 22.70445
v 140.1328 15.22701 22.51108
v 140.1279 15.22793 22.61752
v 140.1442 15.22701 22.42633
v 140.1387 15.22799 22.53235
v 140.1594 15.22701 22.31316
v 140.1563 15.22773 22.42029
v 140.1763 15.22701 22.1999
v 140.1771 15.22734 22.3091
v 140.2017 15.22701 22.08826
v 140.2018 15.22741 22.19696
v 140.2347 15.22701 21.94864
v 140.2372 15.22716 22.05872
v 140.2807 15.22701 21.81277
v 140.2786 15.22762 21.91985
v 140.3306 15.22701 21.67819
v 140.3259 15.22787 21.78337
v 140.3801 15.22701 21.54292
v 140.3781 15.22762 21.64974
v 140.4434 15.22701 21.41364
v 140.437 15.22807 21.51693
v 140.5208 15.22701 21.25879
v 140.5147 15.22802 21.36197
v 140.6037 15.22701 21.10614
v 140.6006 15.22771 21.21125
v 140.6989 15.22701 20.9605
v 140.6945 15.22784 21.06427
v 140.806 15.22701 20.82341
v 140.7968 15.22834 20.92224
v 140.9177 15.22701 20.68991
v 140.9064 15.22855 20.78602
v 141.0333 15.22701 20.55914
v 141.0237 15.22841 20.65601
v 141.1569 15.22701 20.43549
v 141.1482 15.22831 20.53252
v 141.2931 15.22701 20.32582
v 141.2794 15.22888 20.416
v 141.4296 15.22701 20.21651
v 141.4172 15.22885 20.30657
v 141.5714 15.22701 20.11353
v 141.5612 15.22865 20.20467
v 141.7187 15.22701 20.01797
v 141.7114 15.22835 20.11094
v 141.8738 15.22701 19.93565
v 141.867 15.22832 20.02665
v 142.0331 15.22701 19.86196
v 142.0268 15.22837 19.95073
v 142.1953 15.22701 19.79465
v 142.1906 15.22824 19.88357
v 142.3616 15.22701 19.73805
v 142.3575 15.22833 19.82479
v 142.5307 15.22701 19.69067
v 142.5277 15.22832 19.77575
v 142.7015 15.22701 19.64985
v 142.7002 15.22827 19.73538
v 142.8752 15.22701 19.62401
v 142.875 15.22839 19.70593
v 143.0489 15.22701 19.59883
v 143.0506 15.22817 19.68463
v 143.2243 15.22701 19.59199
v 143.2272 15.22837 19.67269
v 143.3995 15.22701 19.59366
v 143.4041 15.22853 19.67019
v 143.5746 15.22701 19.59773
v 143.581 15.22849 19.67634
v 143.7487 15.22701 19.61593
v 143.7573 15.22861 19.69199
v 143.9216 15.22701 19.64315
v 143.9323 15.22866 19.71745
v 144.0946 15.22701 19.6704
v 144.1059 15.22835 19.7516
v 144.2645 15.22701 19.71321
v 144.2773 15.22834 19.79538
v 144.4331 15.22701 19.76099
v 144.4455 15.2281 19.849
v 144.5968 15.22701 19.8237
v 144.611 15.22817 19.91176
v 144.7575 15.22701 19.89336
v 144.7723 15.22812 19.98324
v 144.9128 15.22701 19.97424
v 144.9296 15.22818 20.06375
v 145.0639 15.22701 20.0621
v 145.0818 15.22826 20.15278
v 145.2067 15.22701 20.16284
v 145.2282 15.22849 20.25075
v 145.3457 15.22701 20.26776
v 145.3683 15.22846 20.3563
v 145.4832 15.22701 20.37423
v 145.5017 15.22805 20.46884
v 145.6119 15.22701 20.49108
v 145.6292 15.22794 20.588
v 145.7329 15.22701 20.61556
v 145.7497 15.22788 20.71389
v 145.8478 15.22701 20.7454
v 145.8632 15.22781 20.84566
v 145.9508 15.22701 20.88472
v 145.9688 15.22797 20.98316
v 146.0442 15.22701 21.03005
v 146.0667 15.22825 21.12523
v 146.1356 15.22701 21.17566
v 146.1573 15.22824 21.27224
v 146.2184 15.22701 21.32597
v 146.2402 15.22828 21.42317
v 146.2994 15.22701 21.47692
v 146.3159 15.2279 21.57881
v 146.3533 15.22701 21.60919
v 146.3723 15.22806 21.70959
v 146.405 15.22701 21.74193
v 146.424 15.22808 21.84269
v 146.4543 15.22701 21.8754
v 146.4707 15.22791 21.97843
v 146.4912 15.22701 22.01286
v 146.5116 15.22823 22.11376
v 146.5196 15.22701 22.12284
v 146.5407 15.22828 22.22359
v 146.5457 15.22701 22.23334
v 146.5668 15.2283 22.33442
v 146.5661 15.22701 22.345
v 146.589 15.22847 22.44555
v 146.5814 15.22701 22.42872
v 146.604 15.22845 22.5296
v 146.5975 15.22701 22.51244
v 146.6167 15.22821 22.61548
v 146.6209 15.22701 22.59565
v 146.6286 15.2273 22.70478
v 140.1566 15.62701 22.59952
v 140.1642 15.6266 22.71235
v 140.1699 15.62701 22.51595
v 140.173 15.6271 22.62656
v 140.1832 15.62701 22.4325
v 140.1835 15.62742 22.54157
v 140.2009 15.627 22.32123
v 140.2001 15.62754 22.42967
v 140.2187 15.62701 22.20969
v 140.2203 15.62727 22.31935
v 140.2458 15.62701 22.10008
v 140.2441 15.62764 22.20773
v 140.2809 15.627 21.9632
v 140.2784 15.62773 22.0702
v 140.3214 15.62701 21.82756
v 140.318 15.62781 21.93391
v 140.375 15.62701 21.69658
v 140.364 15.62864 21.79753
v 140.4286 15.62701 21.56555
v 140.4151 15.62896 21.66404
v 140.4975 15.62701 21.40976
v 140.4836 15.62902 21.50739
v 140.5685 15.627 21.25379
v 140.5596 15.62846 21.35458
v 140.6511 15.62701 21.10317
v 140.6444 15.62822 21.20519
v 140.7492 15.62701 20.96211
v 140.7378 15.62873 21.05952
v 140.8588 15.62701 20.82987
v 140.8391 15.62971 20.9187
v 140.9696 15.62701 20.69854
v 140.9476 15.62998 20.78385
v 141.0907 15.627 20.57663
v 141.0637 15.63063 20.655
v 141.2109 15.62701 20.4532
v 141.1866 15.6304 20.53256
v 141.3353 15.62701 20.33254
v 141.3167 15.62979 20.41683
v 141.4702 15.62701 20.22362
v 141.4533 15.62973 20.30781
v 141.6145 15.62701 20.12746
v 141.5959 15.63008 20.20665
v 141.764 15.62701 20.03938
v 141.7448 15.63026 20.11352
v 141.9138 15.62701 19.95098
v 141.8997 15.62976 20.02878
v 142.0692 15.62701 19.87191
v 142.0595 15.6292 19.95351
v 142.2327 15.62701 19.81164
v 142.2225 15.62955 19.88646
v 142.3993 15.62701 19.76113
v 142.3887 15.62997 19.8283
v 142.5663 15.62701 19.71234
v 142.559 15.62984 19.77993
v 142.7355 15.627 19.6715
v 142.7312 15.62964 19.74104
v 142.9079 15.62701 19.64682
v 142.9053 15.62999 19.71051
v 143.0809 15.62701 19.62961
v 143.0807 15.63009 19.69064
v 143.2544 15.627 19.61828
v 143.2569 15.62999 19.68002
v 143.4283 15.627 19.61917
v 143.4337 15.63 19.67885
v 143.602 15.62701 19.62424
v 143.61 15.62981 19.68719
v 143.7747 15.627 19.64355
v 143.7855 15.62991 19.70508
v 143.9466 15.62701 19.66904
v 143.9599 15.62988 19.73229
v 144.116 15.62701 19.70731
v 144.1324 15.63004 19.76928
v 144.2843 15.62701 19.75006
v 144.3026 15.62993 19.81559
v 144.4501 15.62701 19.80134
v 144.4702 15.62975 19.87068
v 144.6142 15.62701 19.85863
v 144.6339 15.62931 19.93562
v 144.7713 15.62701 19.93291
v 144.7936 15.62947 20.00939
v 144.9242 15.62701 20.01486
v 144.9492 15.6296 20.09184
v 145.072 15.627 20.10527
v 145.099 15.62966 20.18356
v 145.2126 15.62701 20.20605
v 145.2423 15.62971 20.2837
v 145.3508 15.62701 20.30919
v 145.3796 15.62944 20.39038
v 145.4839 15.62701 20.4184
v 145.5107 15.62912 20.50397
v 145.6082 15.62701 20.53753
v 145.6352 15.62904 20.62405
v 145.7248 15.62701 20.66359
v 145.7526 15.62906 20.75064
v 145.8353 15.62701 20.79451
v 145.8626 15.62901 20.88335
v 145.9394 15.62701 20.9301
v 145.9651 15.62884 21.02151
v 146.0322 15.62701 21.07348
v 146.0596 15.62898 21.16442
v 146.1174 15.62701 21.22072
v 146.1465 15.62914 21.3113
v 146.1954 15.62701 21.37131
v 146.2257 15.62926 21.46202
v 146.2708 15.62701 21.52263
v 146.2978 15.62897 21.61682
v 146.3251 15.62701 21.65253
v 146.3516 15.62889 21.74797
v 146.3759 15.627 21.78358
v 146.4004 15.62877 21.88075
v 146.4244 15.62701 21.91541
v 146.4444 15.62838 22.0162
v 146.4653 15.627 22.04983
v 146.4827 15.62818 22.15273
v 146.4964 15.62701 22.15787
v 146.51 15.62784 22.26327
v 146.5187 15.62701 22.26809
v 146.5333 15.62795 22.3731
v 146.5352 15.62701 22.37925
v 146.553 15.62826 22.48274
v 146.5477 15.62701 22.46244
v 146.5656 15.62827 22.56605
v 146.5612 15.627 22.54552
v 146.5773 15.62812 22.65034
v 140.1995 16.02701 22.65989
v 140.2088 16.02636 22.77345
v 140.219 16.02701 22.57825
v 140.2162 16.02785 22.6858
v 140.2325 16.02701 22.49631
v 140.2252 16.0284 22.60147
v 140.2508 16.02701 22.38724
v 140.2397 16.02885 22.49016
v 140.2691 16.02701 22.2781
v 140.2576 16.02889 22.38049
v 140.2874 16.02701 22.16863
v 140.2781 16.02864 22.27204
v 140.3258 16.02701 22.03547
v 140.3097 16.02947 22.13438
v 140.366 16.02701 21.90282
v 140.3462 16.02989 21.99879
v 140.4061 16.02701 21.76965
v 140.3878 16.0297 21.86587
v 140.4596 16.02701 21.64135
v 140.4353 16.03042 21.7326
v 140.5244 16.02701 21.48722
v 140.499 16.03064 21.57639
v 140.5879 16.02701 21.33087
v 140.5699 16.02976 21.42461
v 140.6678 16.02701 21.18223
v 140.6496 16.02974 21.27484
v 140.7542 16.02701 21.03657
v 140.737 16.02961 21.12901
v 140.8548 16.02701 20.90026
v 140.8328 16.03027 20.98713
v 140.9621 16.02701 20.76889
v 140.9361 16.03083 20.85056
v 141.0764 16.02701 20.64335
v 141.0467 16.03146 20.71942
v 141.1952 16.02701 20.5216
v 141.1647 16.03168 20.59451
v 141.3169 16.02701 20.40147
v 141.2896 16.03148 20.47563
v 141.452 16.02701 20.29699
v 141.4214 16.03209 20.36437
v 141.5896 16.02701 20.19528
v 141.5596 16.03231 20.25975
v 141.7325 16.02701 20.10048
v 141.704 16.03238 20.1627
v 141.8814 16.02701 20.01509
v 141.8552 16.0323 20.07396
v 142.0331 16.02701 19.93389
v 142.0122 16.03169 19.99415
v 142.1933 16.02701 19.87101
v 142.1722 16.03228 19.92271
v 142.3535 16.02701 19.80788
v 142.3373 16.03181 19.86104
v 142.5186 16.02701 19.75853
v 142.5053 16.03192 19.80836
v 142.686 16.02701 19.71766
v 142.6761 16.03182 19.76594
v 142.8564 16.02701 19.69259
v 142.8485 16.03239 19.73239
v 143.0267 16.02701 19.66829
v 143.023 16.03236 19.70816
v 143.1981 16.02701 19.6513
v 143.1986 16.03216 19.69354
v 143.3703 16.02701 19.64333
v 143.3745 16.03187 19.68893
v 143.5423 16.02701 19.65512
v 143.5504 16.03226 19.69432
v 143.7137 16.02701 19.67025
v 143.7258 16.03225 19.70932
v 143.8847 16.02701 19.68986
v 143.9006 16.03211 19.73304
v 144.0529 16.02701 19.72583
v 144.0731 16.03223 19.76777
v 144.2197 16.02701 19.76726
v 144.2434 16.03216 19.8118
v 144.3849 16.02701 19.8147
v 144.4109 16.03188 19.86503
v 144.5462 16.02701 19.87404
v 144.575 16.03171 19.92801
v 144.7046 16.02701 19.94057
v 144.7355 16.03168 19.9994
v 144.8578 16.02701 20.01796
v 144.8907 16.03152 20.08049
v 145.0025 16.02701 20.11022
v 145.0412 16.03207 20.17023
v 145.1471 16.02701 20.20133
v 145.1846 16.03158 20.26725
v 145.2815 16.02701 20.30684
v 145.322 16.03163 20.37226
v 145.4138 16.02701 20.41385
v 145.4528 16.0312 20.48405
v 142.2591 6.200451 20.38164
v 141.4618 6.427014 20.66279
v 142.4271 6.20045 20.34587
v 142.5955 6.200451 20.32143
v 142.7608 6.200451 20.297
v 142.9262 6.20045 20.28348
v 143.0905 6.20045 20.27441
v 143.254 6.200451 20.27248
v 143.4169 6.20045 20.27219
v 143.58 6.200451 20.27361
v 143.7433 6.200451 20.28361
v 143.9056 6.200451 20.30647
v 144.0675 6.20045 20.33554
v 144.2299 6.200451 20.36813
v 144.9483 6.427013 20.59786
v 140.8652 6.827013 21.01501
v 145.6266 6.827013 20.97592
v 140.5635 7.227013 21.28397
v 146.0796 7.227013 21.3414
v 140.2496 7.627013 21.61261
v 146.3335 7.627014 21.61799
v 140.1116 8.027013 21.81524
v 146.4678 8.027013 21.80992
v 139.9941 8.427013 22.00098
v 146.5999 8.427013 22.01125
v 139.9262 8.827012 22.14215
v 146.6547 8.827012 22.1184
v 139.8436 9.227012 22.31544
v 146.7276 9.227012 22.25425
v 139.8383 9.627012 22.37787
v 146.785 9.62701 22.39647
v 139.796 10.02701 22.49843
v 146.7938 10.02701 22.42566
v 139.8063 10.42701 22.53123
v 146.8237 10.42701 22.51328
v 139.7936 10.82701 22.5929
v 146.8076 10.82701 22.51525
v 139.7963 11.22701 22.62461
v 146.8299 11.22701 22.57369
v 139.8096 11.62701 22.65706
v 146.8498 11.62701 22.63288
v 139.822 12.02701 22.68917
v 146.8163 12.02701 22.60549
v 139.8374 12.42701 22.69025
v 146.8156 12.42701 22.63588
v 139.864 12.82701 22.69211
v 146.808 12.82701 22.66675
v 139.904 13.22701 22.66449
v 146.7796 13.22701 22.63903
v 139.9403 13.62701 22.66735
v 146.7739 13.62701 22.66943
v 139.9547 14.02701 22.72839
v 146.744 14.02701 22.67178
v 139.9943 14.42701 22.73081
v 146.735 14.42701 22.70202
v 140.0504 14.82701 22.67601
v 146.703 14.82701 22.70426
v 140.0972 15.22701 22.67969
v 146.6392 15.22701 22.65131
v 140.1298 15.62701 22.68226
v 146.5911 15.62701 22.62717
v 140.1791 16.02701 22.71415
v 145.5399 16.02701 20.5278
v 145.658 16.02701 20.6496
v 145.7657 16.02701 20.78046
v 145.8724 16.02701 20.91115
v 145.9678 16.02701 21.05011
v 146.051 16.02701 21.19644
v 146.1337 16.02701 21.34187
v 146.2086 16.02701 21.49113
v 146.2626 16.02701 21.61922
v 146.3164 16.02701 21.74701
v 146.3643 16.02701 21.87708
v 146.4085 16.02701 22.00845
v 146.4353 16.02701 22.11605
v 146.4574 16.02701 22.2246
v 146.4795 16.02701 22.33294
v 146.5016 16.02701 22.44136
v 146.5182 16.02701 22.52287
v 146.5381 16.02701 22.60435
v 140.246 16.42701 22.66395
v 140.2764 16.42701 22.58478
v 140.2885 16.42701 22.50417
v 140.3003 16.42701 22.42355
v 140.3159 16.42701 22.31588
v 140.3329 16.42701 22.20808
v 140.365 16.42701 22.07553
v 140.4039 16.42701 21.94474
v 140.4454 16.42701 21.81453
v 140.4872 16.42701 21.68366
v 140.5475 16.42701 21.52986
v 140.6204 16.42701 21.38144
v 140.6938 16.42701 21.23215
v 140.7829 16.42701 21.0917
v 140.881 16.42701 20.95715
v 140.9833 16.42701 20.82541
v 141.0974 16.42701 20.70366
v 141.2121 16.42701 20.58205
v 141.3285 16.42701 20.46032
v 141.457 16.42701 20.35161
v 141.5908 16.42701 20.24865
v 141.7289 16.42701 20.15077
v 141.8745 16.42701 20.06389
v 142.026 16.42701 19.98739
v 142.1795 16.42701 19.91425
v 142.3393 16.42701 19.85575
v 142.5023 16.42701 19.80727
v 142.6656 16.42701 19.75835
v 142.8336 16.42701 19.73026
v 143.0022 16.42701 19.70604
v 143.1715 16.42701 19.68607
v 143.3419 16.42701 19.6837
v 143.5123 16.42701 19.68512
v 143.6823 16.42701 19.69777
v 143.8513 16.42701 19.71905
v 144.0179 16.42701 19.75417
v 144.1827 16.42701 19.79626
v 144.3447 16.42701 19.84701
v 144.5056 16.42701 19.9008
v 144.6634 16.42701 19.96343
v 144.8126 16.42701 20.04447
v 144.9611 16.42701 20.12567
v 145.1015 16.42701 20.21988
v 145.2367 16.42701 20.3208
v 145.3663 16.42701 20.42808
v 145.4912 16.42701 20.54006
vn -0.3996839 -0.1232079 -0.908335
vn 0.2334772 -0.1695409 0.9574676
vn -0.3734633 -0.144087 -0.9163864
vn 0.4138172 0.07044157 0.9076306
vn -0.3687371 -0.1390411 -0.919076
vn 0.3809551 0.05207886 0.9231256
vn -0.32987 -0.1408109 -0.9334657
vn 0.3409669 0.0405383 0.9392008
vn -0.3020743 -0.1481413 -0.9417034
vn 0.2986356 0.03530886 0.9537138
vn -0.2426459 -0.1477191 -0.9588023
vn 0.2479477 0.0168827 0.9686263
vn -0.1831337 -0.1597805 -0.9700166
vn 0.2001182 0.0342561 0.9791727
vn -0.1476206 -0.1697941 -0.9743604
vn 0.158754 0.04658213 0.9862186
vn -0.1025179 -0.1774367 -0.978778
vn 0.110152 0.0550231 0.9923905
vn -0.06297839 -0.1826875 -0.9811519
vn 0.06821212 0.0627134 0.9956979
vn -0.02904469 -0.1891272 -0.981523
vn 0.02435374 0.06840461 0.9973604
vn 0.01513933 -0.1890798 -0.981845
vn -0.01837142 0.06897566 0.9974493
vn 0.05234148 -0.1800666 -0.9822608
vn -0.06165272 0.05921954 0.9963393
vn 0.09542878 -0.1727529 -0.9803315
vn -0.1038295 0.04769525 0.9934509
vn 0.1533401 -0.1680947 -0.9737716
vn -0.154126 0.04203739 0.9871565
vn 0.1922755 -0.1641923 -0.9675077
vn -0.1993046 0.03845751 0.9791826
vn 0.235755 -0.1588833 -0.9587365
vn -0.2391765 0.03040014 0.9705001
vn 0.2887061 -0.1628877 -0.9434597
vn -0.2870154 0.05403714 0.9564006
vn 0.3128552 -0.1651443 -0.9353335
vn -0.3312228 0.0649092 0.9413173
vn 0.3418041 -0.1655306 -0.9250782
vn -0.370804 0.08105045 0.9251677
vn 0.3642094 -0.1587556 -0.9176863
vn -0.2283597 -0.1109396 0.9672354
vn -0.5603381 -0.06224087 -0.8259221
vn 0.2954255 -0.2472034 0.9228294
vn -0.5184679 -0.06965256 -0.8522555
vn 0.596584 0.04778158 0.801127
vn -0.5216374 -0.08144999 -0.8492705
vn 0.5693814 0.0181627 0.8218729
vn -0.5539797 -0.1083771 -0.8254459
vn 0.545805 0.02717056 0.8374715
vn -0.5278893 -0.1116155 -0.8419471
vn 0.5129539 0.02379058 0.8580865
vn -0.464517 -0.1184108 -0.8776121
vn 0.3930895 0.0638964 0.9172775
vn -0.4278235 -0.1406433 -0.892853
vn 0.4270867 0.1061395 0.8979595
vn -0.3802266 -0.1572249 -0.9114319
vn 0.3831343 0.1173553 0.9162073
vn -0.3430447 -0.1632355 -0.9250268
vn 0.3336024 0.121714 0.9348235
vn -0.2869744 -0.1697717 -0.9427743
vn 0.2884355 0.1253568 0.949258
vn -0.229113 -0.170996 -0.9582629
vn 0.2441194 0.1286679 0.9611713
vn -0.1783893 -0.1758462 -0.9681196
vn 0.1978249 0.1322203 0.9712791
vn -0.1422315 -0.1772045 -0.9738423
vn 0.1487821 0.1352734 0.9795739
vn -0.09216405 -0.1800748 -0.9793258
vn 0.1021623 0.1375267 0.9852154
vn -0.05902704 -0.1825936 -0.981415
vn 0.05768774 0.1391199 0.9885938
vn -0.009985558 -0.1841368 -0.98285
vn 0.01254317 0.1404584 0.9900071
vn 0.03375543 -0.1824754 -0.9826308
vn -0.03384244 0.1395188 0.989641
vn 0.05659561 -0.1858646 -0.9809441
vn -0.07420781 0.1415275 0.9871491
vn 0.1112927 -0.1871805 -0.9760008
vn -0.118049 0.1415955 0.9828607
vn 0.1663689 -0.1838769 -0.9687676
vn -0.1669772 0.1398745 0.9759885
vn 0.1991578 -0.1835907 -0.9626165
vn -0.2115387 0.1382404 0.9675437
vn 0.2566414 -0.1825203 -0.9491162
vn -0.2550347 0.1359931 0.9573208
vn 0.3047596 -0.1764852 -0.9359351
vn -0.2996086 0.1333803 0.9446928
vn 0.3365348 -0.1702349 -0.9261556
vn -0.3461304 0.1298238 0.9291607
vn 0.376599 -0.1601003 -0.9124369
vn -0.3891322 0.1253004 0.9126204
vn 0.4296935 -0.1431746 -0.8915517
vn -0.3711191 0.08185399 0.9249706
vn 0.4919874 -0.1395715 -0.8593417
vn -0.4745849 0.05509591 0.8784837
vn 0.5113406 -0.1435988 -0.8472958
vn -0.5139849 0.05996883 0.8557004
vn 0.5409943 -0.146257 -0.8282113
vn -0.5480973 0.07016316 0.8334665
vn 0.5537923 -0.143969 -0.8201141
vn -0.5770056 0.08453803 0.8123533
vn 0.5640461 -0.1321358 -0.8151025
vn -0.3632388 -0.1594929 0.9179431
vn -0.6933045 -0.06279346 -0.7179039
vn 0.462585 -0.1547909 0.8729575
vn -0.7116483 -0.08355175 -0.6975498
vn 0.7026051 0.01176897 0.7114826
vn -0.6739267 -0.0821188 -0.7342202
vn 0.6777658 0.008019792 0.7352341
vn -0.635905 -0.07017481 -0.7685703
vn 0.5367379 0.01750031 0.8435676
vn -0.6048037 -0.09896869 -0.790201
vn 0.6197676 0.09353956 0.7791908
vn -0.565067 -0.1262991 -0.8153207
vn 0.5844285 0.1003975 0.8052104
vn -0.5603501 -0.1366079 -0.8169125
vn 0.549184 0.1087763 0.828592
vn -0.525867 -0.1389942 -0.8391331
vn 0.5104347 0.113352 0.8524129
vn -0.4828149 -0.1434501 -0.8638934
vn 0.4744579 0.1183956 0.8722799
vn -0.4418211 -0.1471142 -0.8849584
vn 0.4377145 0.1238971 0.8905367
vn -0.384533 -0.1450369 -0.9116462
vn 0.3997096 0.1271048 0.9077866
vn -0.3561471 -0.1468772 -0.9228144
vn 0.3549292 0.131892 0.925543
vn -0.3092684 -0.1516808 -0.9388003
vn 0.3035515 0.1362626 0.9430212
vn -0.2488339 -0.1553999 -0.9559982
vn 0.258018 0.1389608 0.9560944
vn -0.1957531 -0.1596446 -0.9675713
vn 0.2125911 0.1412997 0.9668709
vn -0.1455021 -0.1600542 -0.9763257
vn 0.1633666 0.143851 0.9760216
vn -0.1117531 -0.1591893 -0.9809027
vn 0.1142955 0.1460223 0.9826566
vn -0.07266326 -0.1668918 -0.983294
vn 0.07239275 0.1472492 0.9864466
vn -0.02875638 -0.1729636 -0.9845083
vn 0.02567825 0.1488275 0.9885297
vn 0.02917667 -0.1725748 -0.9845642
vn -0.03074624 0.1494425 0.9882922
vn 0.05946301 -0.1720133 -0.9832984
vn -0.077443 0.1506284 0.9855525
vn 0.1291004 -0.1640767 -0.9779632
vn -0.1258955 0.1501216 0.9806191
vn 0.174715 -0.1658604 -0.9705487
vn -0.1761273 0.148838 0.9730502
vn 0.2011828 -0.1663338 -0.9653282
vn -0.2173053 0.1476542 0.9648713
vn 0.2725631 -0.1628576 -0.9482546
vn -0.2610334 0.1461658 0.9541998
vn 0.3108523 -0.1640465 -0.9361942
vn -0.3081068 0.1434465 0.9404751
vn 0.3510429 -0.1617664 -0.92228
vn -0.3557898 0.1400256 0.9240165
vn 0.399306 -0.1545996 -0.903689
vn -0.401303 0.1365241 0.9057136
vn 0.4459276 -0.1529297 -0.8819076
vn -0.4447054 0.1331859 0.8857193
vn 0.4885789 -0.1547915 -0.8586794
vn -0.4848786 0.1291501 0.864993
vn 0.5283714 -0.1493998 -0.8357651
vn -0.5253713 0.1242999 0.8417449
vn 0.5657645 -0.1388771 -0.8127876
vn -0.5597768 0.1199259 0.8199194
vn 0.5811545 -0.1301669 -0.8033156
vn -0.593049 0.1141432 0.7970346
vn 0.6135629 -0.1168158 -0.7809576
vn -0.5554589 0.07144468 0.828469
vn 0.6418079 -0.1204612 -0.7573452
vn -0.6608657 0.0399593 0.7494397
vn 0.6885484 -0.1243644 -0.714447
vn -0.6876693 0.04149153 0.7248375
vn 0.7045322 -0.1203507 -0.6993927
vn -0.710353 0.04810788 0.7021995
vn 0.701897 -0.09130608 -0.706402
vn -0.728311 0.05416396 0.6831027
vn 0.6508945 -0.05406326 -0.7572408
vn -0.09816904 -0.3993023 0.9115484
vn -0.7573575 -0.02607761 -0.6524795
vn 0.4154749 -0.2640763 0.8704276
vn -0.7529065 -0.05415366 -0.6558957
vn 0.7998648 0.01380617 0.6000213
vn -0.7917037 -0.08032198 -0.6056018
vn 0.7880839 0.01870404 0.6152837
vn -0.7818246 -0.0849774 -0.6176804
vn 0.7704315 0.01783345 0.6372733
vn -0.7436439 -0.09301279 -0.6620742
vn 0.680841 0.0365748 0.7315174
vn -0.7242952 -0.1079333 -0.6809896
vn 0.7204731 0.08451393 0.6883138
vn -0.6898795 -0.1103114 -0.7154701
vn 0.6938669 0.09118357 0.7143069
vn -0.649321 -0.1142221 -0.751888
vn 0.6572421 0.09775675 0.747313
vn -0.6143994 -0.1169348 -0.7802817
vn 0.623731 0.1051003 0.7745409
vn -0.5799845 -0.1185164 -0.8059604
vn 0.5897068 0.111319 0.7999088
vn -0.5571419 -0.1188723 -0.8218651
vn 0.550578 0.1161563 0.8266629
vn -0.5198479 -0.1172626 -0.8461723
vn 0.5125505 0.1208487 0.8501102
vn -0.4927531 -0.1225646 -0.8614943
vn 0.4759488 0.1248828 0.8705613
vn -0.4406407 -0.1310066 -0.8880727
vn 0.4371569 0.1276701 0.8902776
vn -0.379531 -0.13557 -0.9151923
vn 0.3966823 0.1309036 0.9085744
vn -0.3596885 -0.1373098 -0.9229139
vn 0.3605848 0.133857 0.9230714
vn -0.3337206 -0.1419276 -0.9319265
vn 0.3162917 0.1366467 0.938769
vn -0.2594259 -0.1488836 -0.954218
vn 0.2698918 0.1399301 0.9526688
vn -0.2152992 -0.1518766 -0.9646657
vn 0.2241682 0.1422375 0.9641147
vn -0.1489268 -0.1553707 -0.9765658
vn 0.1752902 0.1437915 0.9739596
vn -0.1208798 -0.1567766 -0.9802087
vn 0.1257193 0.1460667 0.9812539
vn -0.09634167 -0.1617883 -0.9821114
vn 0.07281911 0.1479888 0.9863046
vn -0.0369946 -0.1628092 -0.9859638
vn 0.02630042 0.1482955 0.9885933
vn 0.03962948 -0.1635728 -0.985735
vn -0.01864258 0.1495492 0.9885786
vn 0.06822184 -0.157379 -0.9851791
vn -0.07267311 0.1498716 0.986031
vn 0.1205796 -0.1566694 -0.9802629
vn -0.1219162 0.1483468 0.9813917
vn 0.1641281 -0.1593337 -0.9734858
vn -0.1711323 0.1493893 0.9738566
vn 0.2096491 -0.1591098 -0.9647442
vn -0.2228425 0.1490527 0.9633921
vn 0.2717853 -0.1585326 -0.9492102
vn -0.2701828 0.1467792 0.9515551
vn 0.3146953 -0.1596522 -0.9356698
vn -0.3186965 0.1438746 0.9368739
vn 0.37005 -0.1543723 -0.9160962
vn -0.3649733 0.1419648 0.9201307
vn 0.4109043 -0.1508659 -0.899109
vn -0.4104971 0.1398319 0.9010767
vn 0.4518049 -0.1475623 -0.8798282
vn -0.4546973 0.1371764 0.8800187
vn 0.5008402 -0.1418321 -0.8538399
vn -0.4955986 0.1336735 0.8582036
vn 0.547022 -0.1374303 -0.8257601
vn -0.5343842 0.1302526 0.8351454
vn 0.5766694 -0.1340379 -0.805907
vn -0.571336 0.1262148 0.8109531
vn 0.5961366 -0.1320705 -0.791946
vn -0.6087838 0.1204451 0.7841398
vn 0.6193379 -0.1303818 -0.774223
vn -0.6428025 0.1144339 0.7574364
vn 0.6545104 -0.1269824 -0.7453131
vn -0.6729451 0.1092784 0.7315758
vn 0.7136446 -0.1199259 -0.6901661
vn -0.7037705 0.1037569 0.7028097
vn 0.7372025 -0.1156473 -0.6657012
vn -0.7281443 0.09830188 0.6783381
vn 0.7462019 -0.09575497 -0.6587971
vn -0.6754096 0.06090411 0.7349236
vn 0.7950662 -0.08423512 -0.6006449
vn -0.7775113 0.0145421 0.6287009
vn 0.7948748 -0.07059933 -0.6026523
vn -0.7937817 0.01297338 0.6080643
vn 0.7724262 -0.04551446 -0.6334715
vn -0.809104 0.01772182 0.5873983
vn 0.7048926 0.002025484 -0.7093112
vn -0.05671666 -0.3637578 0.9297652
vn -0.8319613 -0.02146676 -0.5544183
vn 0.6484496 -0.1174586 0.7521413
vn -0.8487305 -0.04185558 -0.5271666
vn 0.8490143 -0.004794095 0.5283481
vn -0.8399183 -0.05160897 -0.5402532
vn 0.7491606 0.02027754 0.662078
vn -0.8078632 -0.07480609 -0.5846033
vn 0.8074598 0.06418139 0.586421
vn -0.8052377 -0.09382381 -0.5854821
vn 0.7926156 0.07049724 0.6056324
vn -0.7809687 -0.09909016 -0.6166596
vn 0.7710384 0.07728592 0.6320813
vn -0.7471471 -0.09875107 -0.6572817
vn 0.7455711 0.08375063 0.6611426
vn -0.7148402 -0.09825864 -0.6923501
vn 0.719291 0.08934942 0.688939
vn -0.6762716 -0.1048471 -0.7291529
vn 0.6865347 0.09448979 0.7209312
vn -0.6370406 -0.109838 -0.7629645
vn 0.6528645 0.100732 0.750747
vn -0.5922738 -0.105137 -0.798848
vn 0.61852 0.1068389 0.7784718
vn -0.5748879 -0.108628 -0.8109896
vn 0.5802677 0.1115722 0.8067473
vn -0.5431935 -0.115071 -0.8316848
vn 0.5413604 0.1163355 0.8327034
vn -0.5194925 -0.1218263 -0.8457457
vn 0.5033208 0.120525 0.855653
vn -0.4864273 -0.1272604 -0.8644033
vn 0.4643162 0.1239737 0.8769498
vn -0.4171956 -0.129406 -0.8995565
vn 0.4237605 0.1273084 0.8967829
vn -0.3701515 -0.1317754 -0.9195777
vn 0.384771 0.1293079 0.9139097
vn -0.3610347 -0.1333904 -0.9229631
vn 0.3436333 0.1313792 0.9298686
vn -0.3107674 -0.135504 -0.9407775
vn 0.3004971 0.1340069 0.9443217
vn -0.2483651 -0.137226 -0.9588972
vn 0.2557755 0.1362143 0.9570917
vn -0.2016203 -0.1408457 -0.9692841
vn 0.2095732 0.1377595 0.9680399
vn -0.1475797 -0.1463413 -0.9781639
vn 0.1593037 0.1396328 0.9773049
vn -0.1145944 -0.1566465 -0.9809842
vn 0.106569 0.1415423 0.9841793
vn -0.07732528 -0.1539937 -0.9850415
vn 0.05817029 0.1429724 0.9880157
vn 0.003325476 -0.1499453 -0.9886887
vn 0.0113747 0.1440668 0.9895027
vn 0.04545038 -0.1545293 -0.9869423
vn -0.03981835 0.1439427 0.9887846
vn 0.08828855 -0.1555089 -0.9838812
vn -0.09108198 0.1439111 0.9853901
vn 0.1353959 -0.1542746 -0.9787069
vn -0.138328 0.1443678 0.9798078
vn 0.1793217 -0.1525589 -0.9718897
vn -0.1887171 0.1440055 0.9714156
vn 0.2336328 -0.1484761 -0.9609216
vn -0.2391831 0.1432945 0.9603427
vn 0.2798579 -0.1510585 -0.9480827
vn -0.288323 0.1424388 0.9468797
vn 0.339449 -0.1478295 -0.9289353
vn -0.3331932 0.1412229 0.9322224
vn 0.3886271 -0.1461399 -0.909732
vn -0.3825986 0.1398667 0.9132665
vn 0.4334669 -0.1407592 -0.8901086
vn -0.4292983 0.1377956 0.8925892
vn 0.4785904 -0.1317358 -0.8680996
vn -0.4723608 0.13499 0.8710068
vn 0.512008 -0.1300374 -0.8490808
vn -0.5114664 0.1319046 0.8491191
vn 0.5589464 -0.1329903 -0.8184696
vn -0.5496065 0.1277709 0.8255951
vn 0.5800686 -0.1330378 -0.8036301
vn -0.5875151 0.123888 0.7996735
vn 0.6144422 -0.1296448 -0.7782372
vn -0.6251031 0.1200561 0.771254
vn 0.6360523 -0.1193804 -0.7623554
vn -0.6586346 0.1153947 0.743562
vn 0.6858926 -0.1113979 -0.7191256
vn -0.6923637 0.1098035 0.7131448
vn 0.7202914 -0.1110577 -0.6847236
vn -0.7228797 0.1045702 0.6830153
vn 0.7451346 -0.1152185 -0.656886
vn -0.7461289 0.09976996 0.6582839
vn 0.7843921 -0.1109199 -0.6102671
vn -0.7694333 0.09503753 0.6316172
vn 0.8142619 -0.1054499 -0.5708395
vn -0.7913572 0.08923903 0.604806
vn 0.8179513 -0.09922247 -0.5666661
vn -0.8106771 0.08323699 0.5795466
vn 0.8172514 -0.06761762 -0.5723006
vn -0.7599826 0.04437928 0.6484265
vn 0.847695 -0.04523787 -0.5285516
vn -0.8496331 0.00471944 0.527353
vn 0.8359597 -0.02743114 -0.5481049
vn -0.6199485 -0.1128012 0.776492
vn -0.8603269 -0.008805443 -0.5096666
vn 0.6285692 -0.1569045 0.7617622
vn -0.8847875 -0.03498301 -0.4646799
vn 0.8923172 -0.004687712 0.4513845
vn -0.8794029 -0.05022718 -0.4734212
vn 0.8303325 0.009880284 0.5571808
vn -0.8669565 -0.06688117 -0.493876
vn 0.8621491 0.05047074 0.5041346
vn -0.8617125 -0.07130279 -0.5023619
vn 0.8453128 0.05565425 0.5313652
vn -0.8428637 -0.07782578 -0.5324696
vn 0.8220395 0.06314088 0.5659189
vn -0.8055031 -0.08146355 -0.5869656
vn 0.8000261 0.07074546 0.5957796
vn -0.7672348 -0.07763869 -0.6366497
vn 0.7748742 0.07709705 0.6273962
vn -0.74144 -0.07886184 -0.666369
vn 0.7483296 0.08297371 0.6581171
vn -0.7119457 -0.08541167 -0.697021
vn 0.7179394 0.08819583 0.6904959
vn -0.6777325 -0.09258945 -0.7294559
vn 0.6844099 0.09418634 0.7229882
vn -0.6174514 -0.1026795 -0.7798786
vn 0.6499736 0.1003968 0.753296
vn -0.5945188 -0.1119943 -0.7962441
vn 0.6121026 0.105029 0.7837725
vn -0.5758419 -0.1150131 -0.8094307
vn 0.5740455 0.1094516 0.8114753
vn -0.5439531 -0.1162482 -0.8310243
vn 0.5344639 0.1137054 0.8375078
vn -0.5187304 -0.1181635 -0.8467327
vn 0.4951697 0.1171753 0.8608581
vn -0.4587844 -0.1173329 -0.8807666
vn 0.4552889 0.1203339 0.8821744
vn -0.405463 -0.1235417 -0.9057247
vn 0.4133905 0.1229582 0.9022137
vn -0.3669899 -0.1312073 -0.9209251
vn 0.3727753 0.1253228 0.9194198
vn -0.3453884 -0.1293913 -0.9294971
vn 0.3311194 0.1268417 0.9350246
vn -0.2815185 -0.1272544 -0.9510803
vn 0.289623 0.1280905 0.9485311
vn -0.2464093 -0.1297945 -0.9604352
vn 0.2471246 0.1298396 0.9602453
vn -0.1994308 -0.1356733 -0.9704742
vn 0.2039902 0.1319619 0.9700382
vn -0.1648734 -0.1413714 -0.9761306
vn 0.1638528 0.1321917 0.9775877
vn -0.1302153 -0.1364902 -0.982046
vn 0.1233925 0.134101 0.9832554
vn -0.09374349 -0.1345775 -0.9864589
vn 0.07982263 0.1355841 0.987545
vn -0.03419844 -0.1353313 -0.99021
vn 0.03470079 0.1363405 0.9900541
vn 0.01875129 -0.1365415 -0.9904569
vn -0.0121156 0.1360366 0.9906297
vn 0.05852771 -0.1396583 -0.9884684
vn -0.06021108 0.1367089 0.9887797
vn 0.1100845 -0.1413632 -0.9838181
vn -0.1085329 0.1375297 0.9845334
vn 0.1590888 -0.1390018 -0.97743
vn -0.1582846 0.1372845 0.9778031
vn 0.2097115 -0.1326672 -0.9687211
vn -0.2109351 0.1367676 0.9678848
vn 0.2426175 -0.1357041 -0.9605838
vn -0.2609356 0.137611 0.9554977
vn 0.3107207 -0.1393691 -0.9402282
vn -0.3074255 0.1379635 0.9415178
vn 0.3576897 -0.1355377 -0.9239522
vn -0.3489221 0.1368479 0.9271063
vn 0.3930818 -0.1308995 -0.9101384
vn -0.3884153 0.1343545 0.9116372
vn 0.4437418 -0.1334262 -0.8861663
vn -0.4261594 0.1335984 0.8947288
vn 0.4817801 -0.1290414 -0.8667389
vn -0.4685327 0.130867 0.8736997
vn 0.5067595 -0.123328 -0.8532204
vn -0.5077906 0.1277551 0.8519551
vn 0.5389461 -0.1197478 -0.8337852
vn -0.5478137 0.1247137 0.8272524
vn 0.5792638 -0.1210032 -0.806109
vn -0.5845315 0.1207459 0.8023362
vn 0.6103478 -0.1197806 -0.783025
vn -0.6227783 0.1170868 0.7735876
vn 0.6513844 -0.1174522 -0.7496021
vn -0.6592197 0.1127678 0.7434465
vn 0.6755884 -0.1112637 -0.7288351
vn -0.6930766 0.1073949 0.7128192
vn 0.7255222 -0.1061066 -0.6799697
vn -0.726335 0.1017442 0.6797687
vn 0.7542002 -0.09538789 -0.6496793
vn -0.7560391 0.09624247 0.6474119
vn 0.7950239 -0.09097406 -0.5997172
vn -0.7861108 0.08907781 0.6116332
vn 0.8172681 -0.0974124 -0.5679646
vn -0.8092011 0.08323985 0.5816053
vn 0.8490092 -0.09264628 -0.5201923
vn -0.828837 0.07784323 0.5540483
vn 0.8683781 -0.08149289 -0.489161
vn -0.8446897 0.07367942 0.530161
vn 0.8703687 -0.07310849 -0.4869428
vn -0.8601167 0.06984667 0.5052927
vn 0.8645604 -0.06001558 -0.4989323
vn -0.8226519 0.02905443 0.5678025
vn 0.8777325 -0.04787546 -0.4767533
vn -0.8903546 0.0158214 0.4549927
vn 0.8664578 -0.02575785 -0.4985857
vn -0.6735057 -0.1038262 0.7318539
vn -0.9000334 -0.01477019 -0.4355707
vn 0.7279322 -0.08921895 0.6798197
vn -0.9086547 -0.02123701 -0.417008
vn 0.85159 -0.02330744 0.52369
vn -0.9117632 -0.04338474 -0.4084186
vn 0.9065891 0.03378853 0.4206595
vn -0.9085395 -0.05690008 -0.4139061
vn 0.8937089 0.03909101 0.4469411
vn -0.8883479 -0.06417137 -0.4546649
vn 0.8792734 0.044409 0.4742427
vn -0.8686573 -0.07069445 -0.4903435
vn 0.8629018 0.04944146 0.5029473
vn -0.8506344 -0.07079394 -0.5209698
vn 0.842611 0.0549968 0.5357072
vn -0.8232872 -0.06437518 -0.5639628
vn 0.8211945 0.06091376 0.5673881
vn -0.7834883 -0.0639337 -0.6181087
vn 0.7970639 0.06669495 0.6002008
vn -0.7657875 -0.07079504 -0.639185
vn 0.7711894 0.07231633 0.632485
vn -0.7399101 -0.08297626 -0.6675687
vn 0.741423 0.0775354 0.6665435
vn -0.7025809 -0.08836805 -0.7060958
vn 0.7088943 0.08354658 0.7003491
vn -0.6695772 -0.09457887 -0.736696
vn 0.6742797 0.08967698 0.7330109
vn -0.6173171 -0.1098155 -0.7790123
vn 0.6359641 0.09520663 0.7658234
vn -0.5841289 -0.1142655 -0.8035776
vn 0.5977768 0.09994264 0.7954083
vn -0.5467792 -0.1104725 -0.8299569
vn 0.5587049 0.1043392 0.822777
vn -0.528996 -0.1060783 -0.8419682
vn 0.5183506 0.1083626 0.8482747
vn -0.4864999 -0.1059124 -0.8672372
vn 0.4774134 0.1118885 0.8715259
vn -0.4423853 -0.1076141 -0.8903451
vn 0.4356366 0.1144565 0.892816
vn -0.3995357 -0.1135035 -0.9096637
vn 0.3938591 0.1169145 0.911705
vn -0.357131 -0.1210057 -0.9261831
vn 0.3516217 0.1189273 0.9285572
vn -0.3093227 -0.123516 -0.9429016
vn 0.3093325 0.1208146 0.9432483
vn -0.2610188 -0.1234765 -0.9574042
vn 0.2683236 0.1231142 0.9554294
vn -0.2397802 -0.1236957 -0.9629148
vn 0.2252683 0.1251075 0.966231
vn -0.1788877 -0.1289611 -0.9753811
vn 0.1825236 0.1261521 0.9750747
vn -0.1291635 -0.1316982 -0.9828389
vn 0.1387385 0.1277867 0.98205
vn -0.09049063 -0.1307987 -0.9872705
vn 0.09660027 0.1292581 0.9868945
vn -0.05468568 -0.1255678 -0.9905767
vn 0.0502377 0.1303186 0.9901986
vn 0.001392247 -0.1253738 -0.9921085
vn 0.005737899 0.131009 0.9913646
vn 0.03458068 -0.1246328 -0.9916001
vn -0.03750949 0.131871 0.990557
vn 0.07930192 -0.1236669 -0.98915
vn -0.08285073 0.1324296 0.9877238
vn 0.1322548 -0.1242896 -0.9833924
vn -0.1274547 0.1325889 0.9829423
vn 0.1840647 -0.121511 -0.9753745
vn -0.1731109 0.1329647 0.9758857
vn 0.2147128 -0.122754 -0.9689324
vn -0.2137108 0.1324164 0.967881
vn 0.235677 -0.1209284 -0.9642783
vn -0.252668 0.1318306 0.9585299
vn 0.2804115 -0.1199967 -0.9523497
vn -0.2978917 0.1306324 0.9456192
vn 0.3637778 -0.1245072 -0.9231271
vn -0.341781 0.1297167 0.9307843
vn 0.3865074 -0.1184093 -0.9146537
vn -0.3839316 0.1279611 0.914452
vn 0.4324957 -0.1192276 -0.8937182
vn -0.4266029 0.1256445 0.8956692
vn 0.477196 -0.1229029 -0.8701603
vn -0.4690015 0.123035 0.8745856
vn 0.5185363 -0.1223592 -0.8462555
vn -0.5095237 0.1198793 0.8520648
vn 0.5429648 -0.1144789 -0.8319157
vn -0.5497398 0.1160492 0.8272356
vn 0.5815178 -0.1104018 -0.8060077
vn -0.5886399 0.1116512 0.8006479
vn 0.6078625 -0.1047118 -0.7871077
vn -0.6259934 0.1066138 0.7725062
vn 0.6541656 -0.1021672 -0.7494193
vn -0.6635113 0.1019379 0.7411892
vn 0.6827552 -0.09315781 -0.7246839
vn -0.6980769 0.09739783 0.7093675
vn 0.7314323 -0.08645974 -0.6764109
vn -0.7318977 0.09238969 0.6751223
vn 0.7656906 -0.08199824 -0.637961
vn -0.7618402 0.08658132 0.6419528
vn 0.7822388 -0.0811306 -0.6176734
vn -0.7851194 0.08320285 0.6137301
vn 0.8056587 -0.07812435 -0.5872058
vn -0.8085184 0.07812648 0.5832617
vn 0.8394834 -0.07868228 -0.5376586
vn -0.8305078 0.07333921 0.5521577
vn 0.8727613 -0.08007005 -0.4815356
vn -0.8500825 0.06889611 0.5221238
vn 0.8788313 -0.07798239 -0.4707168
vn -0.869333 0.06361409 0.4901158
vn 0.8919009 -0.07198469 -0.446465
vn -0.8849991 0.05966725 0.4617536
vn 0.9095116 -0.05901683 -0.4114675
vn -0.8976418 0.05622952 0.4371241
vn 0.9093087 -0.03989626 -0.4142055
vn -0.8619046 0.02098118 0.5066363
vn 0.9037531 -0.02377392 -0.4273934
vn -0.7882286 -0.04914434 0.6134171
vn -0.9081838 0.02053786 -0.4180675
vn 0.7276626 -0.1573611 0.6676411
vn -0.9386062 -0.001911144 -0.3449852
vn 0.9442216 -0.0186563 0.3287819
vn -0.9290799 -0.02249335 -0.3691945
vn 0.9005421 -0.001639062 0.4347656
vn -0.9284104 -0.04009979 -0.3693862
vn 0.9227539 0.02509324 0.3845721
vn -0.9236466 -0.04692237 -0.3803621
vn 0.9110166 0.03010337 0.4112696
vn -0.9102494 -0.05023879 -0.4110015
vn 0.8961473 0.03546788 0.442337
vn -0.8862922 -0.05092402 -0.4603182
vn 0.8784661 0.04025285 0.4761063
vn -0.8616193 -0.05509727 -0.5045557
vn 0.8592427 0.04535805 0.5095533
vn -0.8278278 -0.05848108 -0.5579256
vn 0.8372386 0.05140546 0.5444162
vn -0.802186 -0.06362356 -0.5936746
vn 0.8131149 0.05714545 0.5792914
vn -0.7788193 -0.07069661 -0.6232516
vn 0.7875891 0.06240642 0.6130325
vn -0.767072 -0.07178148 -0.6375326
vn 0.7584412 0.06720091 0.6482676
vn -0.7204884 -0.08151057 -0.68866
vn 0.7266206 0.0726817 0.6831837
vn -0.68641 -0.08631845 -0.7220739
vn 0.6929148 0.07784719 0.7168047
vn -0.6478173 -0.09010692 -0.756448
vn 0.6556595 0.0827736 0.7505059
vn -0.5950013 -0.09291245 -0.7983362
vn 0.6168036 0.08781959 0.7822027
vn -0.558379 -0.09524218 -0.8241006
vn 0.577876 0.0924354 0.810873
vn -0.5307441 -0.09972871 -0.8416442
vn 0.5363103 0.09648322 0.8384882
vn -0.4983608 -0.09736024 -0.8614857
vn 0.4955695 0.09998497 0.8627942
vn -0.4530599 -0.09770115 -0.8861101
vn 0.4516712 0.1032808 0.8861863
vn -0.4153613 -0.09738873 -0.9044282
vn 0.4101081 0.1059489 0.9058622
vn -0.3804176 -0.09802425 -0.9196051
vn 0.3667951 0.1086953 0.92393
vn -0.3347372 -0.1037544 -0.9365821
vn 0.3246509 0.1110387 0.9392934
vn -0.2686641 -0.1094467 -0.9569958
vn 0.2837257 0.112931 0.9522323
vn -0.2405955 -0.108785 -0.96451
vn 0.2407054 0.1144399 0.963828
vn -0.2039764 -0.1063225 -0.9731851
vn 0.1957438 0.1160505 0.9737641
vn -0.1552689 -0.108297 -0.9819183
vn 0.1527835 0.1174501 0.9812557
vn -0.1138342 -0.1171208 -0.9865721
vn 0.1083288 0.1183975 0.9870394
vn -0.05694421 -0.1232962 -0.9907348
vn 0.06381402 0.1188645 0.9908577
vn -0.008000473 -0.1212826 -0.9925857
vn 0.01833476 0.120377 0.992559
vn 0.03296684 -0.1200174 -0.9922243
vn -0.02531089 0.121815 0.99223
vn 0.07214913 -0.1186798 -0.9903079
vn -0.07020532 0.1225999 0.9899699
vn 0.1256368 -0.1145286 -0.9854433
vn -0.1140348 0.1235417 0.9857654
vn 0.1666952 -0.1127745 -0.9795379
vn -0.1598075 0.1238863 0.9793435
vn 0.1973045 -0.1177671 -0.9732429
vn -0.2046885 0.1234162 0.9710155
vn 0.246475 -0.1183632 -0.9618941
vn -0.2498763 0.1227437 0.9604665
vn 0.2710566 -0.1104888 -0.9562011
vn -0.2934217 0.1213595 0.9482487
vn 0.3442977 -0.11141 -0.9322268
vn -0.3385049 0.1196525 0.9333262
vn 0.3928358 -0.1125479 -0.9126955
vn -0.3817017 0.1170679 0.9168418
vn 0.414211 -0.1143391 -0.9029706
vn -0.4257994 0.1140563 0.8976002
vn 0.4720549 -0.1149577 -0.8740416
vn -0.4686378 0.1112667 0.8763552
vn 0.5174994 -0.1094197 -0.8486587
vn -0.5113246 0.1075589 0.8526302
vn 0.55399 -0.1044825 -0.825941
vn -0.5523148 0.1040841 0.8271124
vn 0.5775228 -0.1012807 -0.8100677
vn -0.5928459 0.09933851 0.7991655
vn 0.6149451 -0.1003508 -0.7821587
vn -0.6302477 0.09439616 0.7706343
vn 0.6547704 -0.09556431 -0.7497622
vn -0.6665428 0.08930903 0.7400977
vn 0.6989825 -0.09074207 -0.7093584
vn -0.7007739 0.08436402 0.7083775
vn 0.7319155 -0.08227726 -0.6764097
vn -0.7347484 0.07936036 0.6736814
vn 0.7653063 -0.07784061 -0.6389422
vn -0.7671381 0.07414817 0.6371822
vn 0.7863464 -0.07500383 -0.6132158
vn -0.7948903 0.06981353 0.6027232
vn 0.8182881 -0.06896424 -0.5706561
vn -0.8223222 0.06371541 0.5654438
vn 0.8506933 -0.06566092 -0.5215452
vn -0.8430523 0.05965185 0.5345133
vn 0.8774408 -0.06345036 -0.47547
vn -0.8626125 0.0555157 0.5028098
vn 0.8878639 -0.058805 -0.4563328
vn -0.8801741 0.05181878 0.4718138
vn 0.9089452 -0.05575724 -0.4131704
vn -0.895477 0.04896317 0.4424066
vn 0.9244708 -0.05515288 -0.3772423
vn -0.9093651 0.04612864 0.4134336
vn 0.9314696 -0.05157512 -0.3601449
vn -0.9200494 0.04333384 0.3893987
vn 0.9216943 -0.03711587 -0.3861372
vn -0.8932659 0.006926756 0.4494753
vn 0.9153037 -0.02567819 -0.401945
vn -0.8196672 -0.03588297 0.5717149
vn -0.9347538 0.0168298 -0.3548975
vn 0.651621 -0.07136057 0.7551806
vn -0.949535 -0.006824182 -0.3135871
vn 0.9536928 0.007866958 0.3006797
vn -0.9565739 -0.01970377 -0.2908232
vn 0.9457159 0.01179161 0.3247805
vn -0.9479793 -0.0260818 -0.3172619
vn 0.9361722 0.01539398 0.3512045
vn -0.9359398 -0.03194781 -0.3507079
vn 0.9246029 0.0202094 0.3803961
vn -0.9202196 -0.03343901 -0.3899713
vn 0.9109169 0.02478371 0.4118448
vn -0.8944963 -0.03245746 -0.4458957
vn 0.8939546 0.02944158 0.4471895
vn -0.8789228 -0.03305566 -0.4758172
vn 0.8756779 0.0346312 0.4816522
vn -0.853218 -0.04183334 -0.519874
vn 0.8546937 0.04025126 0.5175699
vn -0.8297809 -0.05645661 -0.5552262
vn 0.8317079 0.04554585 0.5533423
vn -0.8039935 -0.07374316 -0.5900478
vn 0.8070655 0.05053961 0.5882949
vn -0.7671764 -0.0777891 -0.6367019
vn 0.7791703 0.05561946 0.6243398
vn -0.7473812 -0.07105269 -0.6605852
vn 0.7482908 0.06086317 0.6605729
vn -0.7032831 -0.06991906 -0.7074633
vn 0.7140789 0.06607005 0.6969405
vn -0.6667598 -0.06475452 -0.7424542
vn 0.6781949 0.07058863 0.7314841
vn -0.6206325 -0.06295717 -0.78157
vn 0.6397597 0.07501052 0.7649058
vn -0.5801846 -0.06967286 -0.8114995
vn 0.6011879 0.07913167 0.7951801
vn -0.5493262 -0.07421862 -0.8323053
vn 0.5596896 0.08300148 0.8245352
vn -0.5145184 -0.07795083 -0.8539288
vn 0.5183384 0.08631657 0.8508083
vn -0.474625 -0.08289455 -0.876276
vn 0.4755532 0.089646 0.8751072
vn -0.4315104 -0.08590716 -0.8980082
vn 0.4319927 0.09271262 0.897099
vn -0.3973792 -0.08864168 -0.9133632
vn 0.3893694 0.09485668 0.9161842
vn -0.3613733 -0.0896047 -0.9281057
vn 0.3461918 0.09696827 0.933139
vn -0.3070059 -0.09184332 -0.9472657
vn 0.3023304 0.09861103 0.9480887
vn -0.259725 -0.1019426 -0.9602868
vn 0.2592855 0.09930973 0.9606814
vn -0.2191736 -0.1070537 -0.969795
vn 0.2156761 0.1005899 0.97127
vn -0.1638362 -0.1024349 -0.9811548
vn 0.1722135 0.1022891 0.9797344
vn -0.1403575 -0.09845956 -0.9851932
vn 0.1266392 0.1033451 0.9865507
vn -0.09352934 -0.1010117 -0.9904791
vn 0.08196183 0.1043134 0.9911614
vn -0.03067801 -0.1087353 -0.9935973
vn 0.0378626 0.1054731 0.9937012
vn 0.0243641 -0.1087464 -0.993771
vn -0.00659229 0.1063791 0.9943038
vn 0.05742428 -0.1067834 -0.9926227
vn -0.05187485 0.1073303 0.9928692
vn 0.1098637 -0.1069045 -0.9881808
vn -0.09638406 0.1082103 0.9894446
vn 0.1545725 -0.1084029 -0.9820164
vn -0.14248 0.1088433 0.983795
vn 0.1788553 -0.1091479 -0.9778025
vn -0.1898362 0.1090383 0.9757422
vn 0.2254113 -0.1106716 -0.9679574
vn -0.2360315 0.1082034 0.9657024
vn 0.2826784 -0.1083906 -0.9530711
vn -0.2811914 0.107046 0.9536628
vn 0.3192327 -0.09782025 -0.9426143
vn -0.3268109 0.1058303 0.9391457
vn 0.3808974 -0.09531596 -0.9196913
vn -0.3736621 0.1042804 0.9216845
vn 0.3955334 -0.09927208 -0.9130709
vn -0.4192415 0.1014465 0.9021891
vn 0.4564768 -0.09812183 -0.8843083
vn -0.462186 0.09798048 0.8813534
vn 0.5176021 -0.09239627 -0.8506181
vn -0.5072136 0.09377801 0.856703
vn 0.5493219 -0.09301825 -0.8304175
vn -0.5466084 0.08961574 0.8325793
vn 0.5773138 -0.09014434 -0.8115311
vn -0.5896136 0.08527403 0.8031713
vn 0.6026121 -0.0868969 -0.7932892
vn -0.6269552 0.08074138 0.7748601
vn 0.6453071 -0.0857283 -0.7590976
vn -0.6642296 0.07564097 0.7436917
vn 0.6893008 -0.08346557 -0.7196512
vn -0.6989138 0.07028368 0.7117442
vn 0.7269276 -0.0803939 -0.6819919
vn -0.7327673 0.06470179 0.6773962
vn 0.7620952 -0.07768746 -0.6427874
vn -0.7656252 0.05919981 0.640557
vn 0.7846137 -0.07378983 -0.6155782
vn -0.7928529 0.05423981 0.6069944
vn 0.820444 -0.06589849 -0.5679163
vn -0.8180351 0.05001527 0.5729895
vn 0.8416026 -0.05549588 -0.5372387
vn -0.8392676 0.04629593 0.5417439
vn 0.8678729 -0.05502158 -0.4937299
vn -0.8586597 0.04244234 0.5107856
vn 0.8905256 -0.05626065 -0.451441
vn -0.8778058 0.03906487 0.4774212
vn 0.9062674 -0.04785915 -0.4199867
vn -0.8933216 0.03645713 0.447937
vn 0.919642 -0.04294826 -0.3904022
vn -0.9078225 0.03448165 0.4179345
vn 0.9321837 -0.04271624 -0.3594562
vn -0.9210569 0.03251773 0.3880677
vn 0.9424368 -0.03727887 -0.3322998
vn -0.931965 0.03093272 0.3612264
vn 0.9412817 -0.02121362 -0.3369551
vn -0.9137011 0.01070803 0.406246
vn 0.9501773 -0.00808597 -0.311605
vn -0.9509629 -0.004351854 0.3092743
vn 0.9267053 0.003664772 -0.375771
vn -0.8397573 -0.07129 0.5382616
vn -0.929611 0.02880845 -0.3674147
vn 0.670931 -0.1552192 0.7250922
vn -0.9657325 0.008078739 -0.2594137
vn 0.9473236 -0.02906429 0.3189566
vn -0.9668948 -0.004862078 -0.2551291
vn 0.9626409 -0.001727943 0.2707758
vn -0.964755 -0.01443595 -0.2627536
vn 0.9555161 0.001751278 0.2949334
vn -0.9548025 -0.01674464 -0.2967692
vn 0.9464386 0.005256751 0.3228408
vn -0.9413739 -0.01426577 -0.337063
vn 0.9359408 0.009642877 0.3520253
vn -0.928453 -0.01052112 -0.3713009
vn 0.9230185 0.01400737 0.3845006
vn -0.9087772 -0.009344149 -0.4171768
vn 0.9087242 0.01804321 0.4170071
vn -0.8926998 -0.0136958 -0.4504435
vn 0.8907154 0.023589 0.4539488
vn -0.8836157 -0.02511019 -0.467539
vn 0.8719943 0.02886819 0.4886641
vn -0.8559178 -0.03744115 -0.5157546
vn 0.8499735 0.03388305 0.5257347
vn -0.8435978 -0.04263617 -0.5352802
vn 0.8263854 0.03855068 0.5617838
vn -0.7940601 -0.05125887 -0.605674
vn 0.8013439 0.04310421 0.5966491
vn -0.7537139 -0.05736072 -0.6546946
vn 0.771595 0.04784638 0.6343122
vn -0.7189029 -0.05831375 -0.6926602
vn 0.7393773 0.05273066 0.6712232
vn -0.6735113 -0.05639633 -0.7370224
vn 0.7045163 0.05773656 0.7073354
vn -0.6453943 -0.05566758 -0.7618184
vn 0.6668744 0.06253085 0.7425418
vn -0.6117852 -0.06112567 -0.7886586
vn 0.6281492 0.06681211 0.7752191
vn -0.5714651 -0.06570924 -0.8179914
vn 0.5883545 0.07060234 0.8055149
vn -0.5457157 -0.06667797 -0.8353134
vn 0.5457801 0.07454614 0.8346059
vn -0.5121877 -0.0767642 -0.8554362
vn 0.5041137 0.0776661 0.8601379
vn -0.457082 -0.08270688 -0.8855708
vn 0.4597947 0.08039132 0.884379
vn -0.4208445 -0.08101307 -0.9035081
vn 0.4144636 0.08251637 0.9063173
vn -0.3824526 -0.08426788 -0.9201244
vn 0.3713188 0.08373076 0.9247224
vn -0.3392399 -0.08253834 -0.9370719
vn 0.3276499 0.08524873 0.9409453
vn -0.3036931 -0.08588053 -0.9488915
vn 0.2839251 0.08700984 0.9548904
vn -0.2540042 -0.09284028 -0.9627371
vn 0.2412329 0.08888388 0.9663883
vn -0.1806752 -0.09366359 -0.9790729
vn 0.1973903 0.09025024 0.9761618
vn -0.1456141 -0.09311573 -0.9849498
vn 0.1521199 0.09123553 0.984142
vn -0.1214313 -0.09358694 -0.988178
vn 0.1066038 0.09261256 0.9899791
vn -0.07497904 -0.09125306 -0.993001
vn 0.06208665 0.09388943 0.9936448
vn -0.001822079 -0.093047 -0.9956601
vn 0.01707981 0.09504236 0.9953267
vn 0.04703758 -0.09184082 -0.9946621
vn -0.02833242 0.09600353 0.9949777
vn 0.07603323 -0.09200449 -0.9928515
vn -0.07030518 0.09762502 0.9927369
vn 0.1281024 -0.090651 -0.9876093
vn -0.1155945 0.09619835 0.9886273
vn 0.1641665 -0.09356182 -0.9819855
vn -0.1637333 0.09756915 0.9816678
vn 0.1887178 -0.0904383 -0.9778581
vn -0.208959 0.09579767 0.973221
vn 0.2569996 -0.09133903 -0.9620855
vn -0.2610814 0.09297151 0.9608292
vn 0.3170506 -0.0900528 -0.9441236
vn -0.3039234 0.09270186 0.9481755
vn 0.3573253 -0.08178116 -0.9303926
vn -0.3475057 0.08992099 0.9333563
vn 0.3759134 -0.08708943 -0.9225533
vn -0.3948269 0.08756119 0.9145736
vn 0.4207985 -0.08310042 -0.9033398
vn -0.441249 0.08508219 0.8933423
vn 0.4922086 -0.0758081 -0.86717
vn -0.4870561 0.08101311 0.8696052
vn 0.5172821 -0.08341621 -0.8517399
vn -0.5305355 0.07643963 0.8442093
vn 0.566282 -0.08172747 -0.8201496
vn -0.5722611 0.07050963 0.8170347
vn 0.5929685 -0.07646601 -0.8015867
vn -0.612432 0.06551361 0.7878039
vn 0.6211841 -0.07376389 -0.7801855
vn -0.6509838 0.05999125 0.7567173
vn 0.667435 -0.07031058 -0.7413413
vn -0.6872227 0.05425945 0.7244177
vn 0.7095349 -0.06783333 -0.7013978
vn -0.7207583 0.04873227 0.6914714
vn 0.7465254 -0.06482464 -0.6621915
vn -0.7536823 0.04362791 0.6557893
vn 0.7696415 -0.06820248 -0.6348232
vn -0.7847274 0.03786052 0.6186838
vn 0.8127288 -0.05846839 -0.579701
vn -0.8100708 0.03428616 0.5853288
vn 0.8411246 -0.04843411 -0.5386683
vn -0.8329118 0.03061906 0.5525579
vn 0.8489492 -0.05101921 -0.5260061
vn -0.8530552 0.02712793 0.521115
vn 0.8753806 -0.04961384 -0.4808816
vn -0.8718245 0.02357568 0.4892507
vn 0.906118 -0.04252009 -0.4208827
vn -0.8878924 0.02086442 0.4595777
vn 0.9217864 -0.03455677 -0.3861549
vn -0.9019454 0.01844769 0.4314559
vn 0.9262922 -0.03199782 -0.3754448
vn -0.915771 0.01722413 0.4013312
vn 0.9450188 -0.02605819 -0.3259761
vn -0.9278065 0.01606937 0.3727156
vn 0.9544115 -0.01833481 -0.2979305
vn -0.93687 0.01498454 0.3493568
vn 0.9553608 -0.01560423 -0.2950291
vn -0.9461858 0.01481861 0.3232845
vn 0.9531434 -0.01332924 -0.3022253
vn -0.9546175 0.01457966 0.2974775
vn 0.9382489 -0.0007515614 -0.3459603
vn -0.7627603 -0.01767286 0.6464397
vn -0.9431253 0.03112468 -0.3309771
vn 0.4578264 -0.0807853 0.8853637
vn -0.9743714 0.01612508 -0.2243666
vn 0.974618 -0.01461978 0.2233966
vn -0.9742191 0.01118309 -0.2253264
vn 0.969305 -0.01134862 0.2455993
vn -0.9717893 0.00757309 -0.2357292
vn 0.9627521 -0.008152187 0.2702627
vn -0.9635226 0.004425026 -0.267591
vn 0.9547173 -0.005040601 0.2974718
vn -0.9462137 -0.001235013 -0.3235399
vn 0.9447632 -0.0006428026 0.3277532
vn -0.932045 -0.005935543 -0.362294
vn 0.9326327 0.003588916 0.3608092
vn -0.9158486 -0.01146858 -0.4013598
vn 0.9178483 0.007856754 0.3968536
vn -0.9020219 -0.01837687 -0.4312988
vn 0.9020543 0.01213796 0.431452
vn -0.8955785 -0.020145 -0.4444474
vn 0.8825325 0.01730764 0.4699328
vn -0.874175 -0.02312797 -0.48506
vn 0.8610924 0.02185952 0.5079785
vn -0.8406841 -0.02402368 -0.5409928
vn 0.8382262 0.02640871 0.5446829
vn -0.813216 -0.01472401 -0.5817757
vn 0.8137268 0.03109046 0.5804154
vn -0.7709207 -0.01710736 -0.6367012
vn 0.7855309 0.0359011 0.61778
vn -0.7455266 -0.0292566 -0.6658335
vn 0.7548907 0.04067703 0.6545879
vn -0.6963443 -0.04304454 -0.716416
vn 0.7207457 0.04566643 0.6916937
vn -0.6595485 -0.05371502 -0.7497403
vn 0.6836779 0.05026737 0.7280507
vn -0.633588 -0.06103358 -0.7712594
vn 0.6447036 0.05456778 0.7624826
vn -0.5862797 -0.06763136 -0.8072808
vn 0.6051317 0.05872681 0.7939564
vn -0.5536426 -0.07306093 -0.8295432
vn 0.5634815 0.06242088 0.8237672
vn -0.5328203 -0.07064513 -0.8432745
vn 0.5201577 0.06617603 0.8515027
vn -0.4731773 -0.06787243 -0.8783488
vn 0.4758439 0.06916954 0.8768057
vn -0.4319679 -0.07392389 -0.8988543
vn 0.4286673 0.07108349 0.9006617
vn -0.3919685 -0.07473106 -0.9169384
vn 0.3849747 0.07304535 0.920032
vn -0.3436805 -0.07107072 -0.9363935
vn 0.3423821 0.07510648 0.9365541
vn -0.3199769 -0.07254349 -0.944644
vn 0.2981612 0.07688701 0.9514138
vn -0.2764778 -0.07549077 -0.9580508
vn 0.2549212 0.07850493 0.9637697
vn -0.2016421 -0.07793754 -0.9763535
vn 0.2096705 0.07977544 0.9745122
vn -0.1552652 -0.08122636 -0.9845279
vn 0.1651873 0.08107956 0.9829238
vn -0.1297718 -0.0825281 -0.9881034
vn 0.1204206 0.083089 0.9892396
vn -0.08425261 -0.08590677 -0.9927344
vn 0.07425716 0.08426303 0.9936727
vn -0.01264079 -0.08039938 -0.9966826
vn 0.03064557 0.08552683 0.9958644
vn 0.04065615 -0.07955163 -0.9960014
vn -0.01555238 0.0872613 0.9960641
vn 0.07497921 -0.07957222 -0.9940053
vn -0.06651181 0.08865182 0.9938396
vn 0.1257546 -0.07730359 -0.989045
vn -0.1149602 0.08679184 0.9895713
vn 0.1658839 -0.07941551 -0.9829424
vn -0.1639012 0.08697288 0.9826353
vn 0.191681 -0.08001601 -0.9781901
vn -0.2185453 0.08449784 0.9721615
vn 0.2527654 -0.07377012 -0.9647111
vn -0.2639271 0.08174716 0.9610723
vn 0.3219856 -0.07744312 -0.9435719
vn -0.3092653 0.08052689 0.9475602
vn 0.3463848 -0.08440065 -0.934288
vn -0.3614168 0.07446993 0.9294257
vn 0.3851206 -0.08399082 -0.9190364
vn -0.4088074 0.06932016 0.9099842
vn 0.4462421 -0.07762732 -0.8915391
vn -0.45511 0.06432684 0.8881087
vn 0.4863609 -0.07925344 -0.8701563
vn -0.5032095 0.05890573 0.8621544
vn 0.525818 -0.07812216 -0.8470019
vn -0.5468318 0.05365117 0.8355216
vn 0.583384 -0.07151029 -0.8090424
vn -0.5875739 0.04879773 0.8076977
vn 0.5990849 -0.070329 -0.7975907
vn -0.626721 0.0445946 0.7779667
vn 0.635806 -0.06370004 -0.7692159
vn -0.6658685 0.03948894 0.7450232
vn 0.6740709 -0.06151506 -0.7361007
vn -0.7014296 0.0351155 0.7118731
vn 0.7174888 -0.06006819 -0.6939753
vn -0.7344614 0.0303979 0.6779694
vn 0.7461126 -0.05897116 -0.6632031
vn -0.7694508 0.02462595 0.6382311
vn 0.7913358 -0.04831731 -0.6094695
vn -0.7969962 0.02104622 0.6036175
vn 0.8352875 -0.03395833 -0.5487637
vn -0.8221119 0.01633369 0.5690915
vn 0.8380603 -0.0355081 -0.5444208
vn -0.8423062 0.01287129 0.5388455
vn 0.8566585 -0.03306487 -0.5148231
vn -0.8605618 0.01062314 0.5092352
vn 0.8895819 -0.02720692 -0.4559648
vn -0.8781184 0.007353358 0.478387
vn 0.9158715 -0.02550216 -0.4006607
vn -0.8932344 0.004923433 0.4495644
vn 0.9249232 -0.02393706 -0.3793998
vn -0.9072158 0.003011995 0.4206547
vn 0.9375852 -0.01864035 -0.3472558
vn -0.9205576 0.002203297 0.3906007
vn 0.9556201 -0.01304508 -0.2943129
vn -0.9312238 0.001957632 0.3644428
vn 0.9575133 -0.0117011 -0.2881517
vn -0.9403034 0.001104778 0.3403358
vn 0.9565282 -0.009703097 -0.2914785
vn -0.9496253 0.001004286 0.3133855
vn 0.9634269 -0.004031388 -0.2679412
vn -0.9566853 0.001299762 0.2911212
vn 0.9596488 0.006867699 -0.2811171
vn -0.9468067 -0.01370637 0.321511
vn 0.9332813 0.02198649 -0.3584727
vn -0.334402 -0.09562127 0.9375671
vn -0.9353433 0.03515366 -0.3519904
vn 0.472003 -0.1283261 0.8722074
vn -0.9720158 0.0293435 -0.2330757
vn 0.9800808 -0.02380827 0.1971672
vn -0.9787737 0.02473698 -0.2034457
vn 0.9754156 -0.02088599 0.2193812
vn -0.9772177 0.02025421 -0.2112703
vn 0.9695659 -0.0181665 0.2441556
vn -0.9708521 0.01751609 -0.2390382
vn 0.9621946 -0.01548123 0.2719226
vn -0.9588985 0.01606326 -0.2832945
vn 0.9534064 -0.01168027 0.3014629
vn -0.9456899 0.01148491 -0.324867
vn 0.9420888 -0.008069105 0.3352667
vn -0.9355314 0.004006055 -0.3532208
vn 0.9299119 -0.004272071 0.3677578
vn -0.9204734 -0.008202677 -0.390719
vn 0.9147148 0.0003897134 0.4040999
vn -0.9002139 -0.01986182 -0.4349948
vn 0.8972712 0.005072841 0.4414506
vn -0.8833194 -0.01763656 -0.4684397
vn 0.8765709 0.009696906 0.481175
vn -0.8551764 -0.01712279 -0.5180542
vn 0.8547078 0.01414211 0.5189167
vn -0.8217447 -0.0225154 -0.5694109
vn 0.8316238 0.01855087 0.5550295
vn -0.7869444 -0.0258007 -0.6164842
vn 0.8065223 0.02301119 0.5907558
vn -0.7720345 -0.02832301 -0.6349493
vn 0.7766048 0.0279316 0.6293685
vn -0.7350868 -0.03002352 -0.6773079
vn 0.7446458 0.03281617 0.6666526
vn -0.6926335 -0.03690794 -0.7203449
vn 0.7089218 0.03731882 0.704299
vn -0.6594809 -0.04587557 -0.7503201
vn 0.6711056 0.0416467 0.740191
vn -0.6229872 -0.04951845 -0.7806632
vn 0.6319979 0.04615556 0.7735943
vn -0.5755221 -0.05295093 -0.8160701
vn 0.5908871 0.05004408 0.8052007
vn -0.5430824 -0.05492332 -0.8378813
vn 0.548337 0.05351419 0.8345433
vn -0.4944429 -0.05418296 -0.8675196
vn 0.5034214 0.05648324 0.8621929
vn -0.4638163 -0.05732584 -0.8840749
vn 0.4561946 0.05857241 0.8879503
vn -0.4205975 -0.06500781 -0.9049154
vn 0.4102377 0.06115617 0.9099258
vn -0.3593109 -0.06565379 -0.9309056
vn 0.3680327 0.06342037 0.9276474
vn -0.3295142 -0.06607923 -0.9418354
vn 0.3230786 0.06536222 0.9441123
vn -0.3046346 -0.06020785 -0.9505644
vn 0.2789832 0.06692772 0.9579609
vn -0.250267 -0.06068913 -0.966273
vn 0.234578 0.06806844 0.9697112
vn -0.1772585 -0.06940107 -0.9817142
vn 0.1909832 0.06977521 0.9791102
vn -0.141926 -0.06918399 -0.9874566
vn 0.147139 0.07212851 0.9864824
vn -0.1140299 -0.06497444 -0.9913504
vn 0.09971271 0.07388847 0.9922691
vn -0.04717628 -0.06668465 -0.9966582
vn 0.05424249 0.07552885 0.9956672
vn 0.0241381 -0.06876068 -0.9973411
vn 0.009746548 0.07654821 0.9970183
vn 0.05484103 -0.0700445 -0.9960353
vn -0.04032203 0.07653447 0.9962513
vn 0.1003885 -0.06962268 -0.9925094
vn -0.08920443 0.07573887 0.9931295
vn 0.1366107 -0.07014871 -0.988138
vn -0.1406997 0.07486468 0.9872177
vn 0.1777543 -0.07387644 -0.9812979
vn -0.1915725 0.07259945 0.9787897
vn 0.2227256 -0.0698925 -0.9723725
vn -0.242749 0.06936395 0.9676061
vn 0.2845941 -0.06974735 -0.9561074
vn -0.2935381 0.06529593 0.9537148
vn 0.319859 -0.07371885 -0.9445929
vn -0.3437556 0.05969747 0.9371597
vn 0.3619629 -0.07416069 -0.9292378
vn -0.3919645 0.05344253 0.9184268
vn 0.4100887 -0.07266048 -0.9091467
vn -0.437806 0.04787605 0.8977939
vn 0.4697216 -0.07462332 -0.8796551
vn -0.4838864 0.04288177 0.8740796
vn 0.5018553 -0.06699013 -0.8623534
vn -0.5293486 0.03869771 0.8475215
vn 0.5578115 -0.06448038 -0.8274592
vn -0.5699746 0.03473934 0.8209277
vn 0.5906022 -0.06688353 -0.8041863
vn -0.6105937 0.03024859 0.7913661
vn 0.624791 -0.06483813 -0.7780952
vn -0.6515327 0.02650388 0.7581574
vn 0.661177 -0.05433093 -0.7482601
vn -0.6892579 0.02272138 0.7241597
vn 0.6938728 -0.04641865 -0.7185999
vn -0.7268971 0.01799099 0.6865106
vn 0.7395836 -0.04360887 -0.6716505
vn -0.7609897 0.01402997 0.6486123
vn 0.7698759 -0.03878758 -0.6370139
vn -0.7926646 0.009143633 0.6095893
vn 0.8247491 -0.03743532 -0.5642583
vn -0.8176867 0.005343226 0.5756387
vn 0.8407321 -0.03386141 -0.5403914
vn -0.8386272 0.002330076 0.5447009
vn 0.8463057 -0.02476851 -0.5321214
vn -0.8545867 -0.0006008927 0.5193084
vn 0.8665777 -0.02029863 -0.4986291
vn -0.8714729 -0.002981727 0.4904346
vn 0.8984277 -0.02068336 -0.4386341
vn -0.8857964 -0.005228917 0.4640448
vn 0.9248392 -0.01597716 -0.3800225
vn -0.9003172 -0.007475602 0.4351701
vn 0.9329113 -0.009066748 -0.359992
vn -0.9132455 -0.009232619 0.4073049
vn 0.9469086 -0.007828942 -0.3214076
vn -0.9250652 -0.01026349 0.3796698
vn 0.9574432 -0.01212427 -0.2883668
vn -0.9355083 -0.01105077 0.3531319
vn 0.9618104 -0.009646667 -0.2735464
vn -0.9448454 -0.01183409 0.3273025
vn 0.9662023 -0.002517335 -0.2577724
vn -0.9530025 -0.01168628 0.3027369
vn 0.971795 0.001623599 -0.235822
vn -0.9598365 -0.01196826 0.2803043
vn 0.9654365 0.006335744 -0.2605615
vn -0.9510914 -0.01589938 0.3085001
vn -0.9263026 0.04502897 -0.3740802
vn 0.4031242 -0.09031954 0.9106774
vn -0.9693514 0.03644909 -0.24296
vn 0.9836078 -0.03295173 0.177285
vn -0.9820076 0.0288881 -0.1866186
vn 0.9795891 -0.03038457 0.198701
vn -0.9811924 0.02485817 -0.1914248
vn 0.9742292 -0.0278873 0.22383
vn -0.9733983 0.02551649 -0.2276938
vn 0.9675007 -0.02546942 0.2515818
vn -0.9638214 0.02661477 -0.265217
vn 0.9595306 -0.02204044 0.2807405
vn -0.9505405 0.02518773 -0.3095774
vn 0.9489388 -0.01849623 0.3149175
vn -0.9422426 0.02442642 -0.3340394
vn 0.937632 -0.01503259 0.3473043
vn -0.9336393 0.02316453 -0.3574648
vn 0.9240264 -0.01138377 0.3821591
vn -0.9175478 0.01833884 -0.3972024
vn 0.9078746 -0.006735287 0.4191878
vn -0.8916654 0.00659299 -0.452647
vn 0.8879939 -0.001915156 0.4598512
vn -0.8706312 -0.001361675 -0.4919345
vn 0.8666739 0.002753154 0.4988675
vn -0.847339 -0.01025294 -0.5309533
vn 0.8441864 0.007169505 0.5360018
vn -0.8034792 -0.0202983 -0.5949867
vn 0.8203123 0.01145674 0.5718011
vn -0.7777672 -0.02158546 -0.6281818
vn 0.7917052 0.01571032 0.6107014
vn -0.7422864 -0.02215791 -0.6697164
vn 0.760458 0.02039691 0.6490668
vn -0.7111665 -0.01903663 -0.7027658
vn 0.7256753 0.02509001 0.6875798
vn -0.682763 -0.02706417 -0.7301384
vn 0.6882561 0.02978339 0.7248562
vn -0.6345224 -0.03432282 -0.7721421
vn 0.6497895 0.03386767 0.7593594
vn -0.5861706 -0.03281434 -0.8095229
vn 0.6086305 0.03781851 0.7925519
vn -0.5575786 -0.0324501 -0.8294896
vn 0.5660855 0.04159571 0.8232965
vn -0.5224155 -0.04001778 -0.8517515
vn 0.5198852 0.04467232 0.8530672
vn -0.4783232 -0.04888996 -0.8768219
vn 0.473171 0.04680654 0.8797263
vn -0.4476144 -0.05078501 -0.8927835
vn 0.427674 0.04953923 0.9025746
vn -0.3813757 -0.05739606 -0.9226366
vn 0.3834102 0.05205405 0.92211
vn -0.3319673 -0.0608026 -0.9413293
vn 0.3393982 0.0538247 0.9391015
vn -0.2922221 -0.05711515 -0.9546434
vn 0.2943422 0.0560097 0.9540575
vn -0.2701762 -0.05045856 -0.9614878
vn 0.2492135 0.05807026 0.966706
vn -0.2139696 -0.05377202 -0.9753593
vn 0.2059727 0.05965597 0.9767376
vn -0.1511951 -0.06173165 -0.9865745
vn 0.1628785 0.06138394 0.9847348
vn -0.1007897 -0.06103136 -0.9930341
vn 0.1162837 0.06322577 0.9912016
vn -0.0721685 -0.04878175 -0.9961988
vn 0.0681394 0.06491734 0.9955615
vn -0.001486238 -0.05411017 -0.9985339
vn 0.02270156 0.06554834 0.9975911
vn 0.03942352 -0.06056453 -0.9973854
vn -0.03016862 0.06529181 0.9974101
vn 0.08727661 -0.06384873 -0.9941359
vn -0.07922245 0.06345073 0.9948356
vn 0.12582 -0.06591895 -0.9898607
vn -0.1301825 0.06217554 0.9895387
vn 0.1699072 -0.06345461 -0.983415
vn -0.1854684 0.06045107 0.9807889
vn 0.2091577 -0.06288454 -0.9758579
vn -0.2390478 0.05698346 0.9693344
vn 0.2677428 -0.06642444 -0.961198
vn -0.2920547 0.05235853 0.9549673
vn 0.3140822 -0.06342655 -0.9472747
vn -0.3442127 0.04718909 0.9377051
vn 0.3606732 -0.05672987 -0.9309654
vn -0.3918677 0.04222466 0.9190521
vn 0.3948446 -0.051181 -0.9173212
vn -0.4360407 0.03796329 0.8991259
vn 0.4521311 -0.05510638 -0.8902476
vn -0.4799831 0.03422191 0.87661
vn 0.5122544 -0.0559661 -0.8570082
vn -0.5250572 0.03107862 0.8504993
vn 0.5486118 -0.04806237 -0.8346946
vn -0.5680968 0.02766815 0.8224967
vn 0.5798687 -0.0435995 -0.8135425
vn -0.6110342 0.02394669 0.791242
vn 0.6168907 -0.0465529 -0.7856709
vn -0.6504049 0.02039335 0.7593139
vn 0.671519 -0.0472453 -0.7394796
vn -0.693469 0.01531703 0.7203237
vn 0.696328 -0.03970363 -0.7166246
vn -0.731474 0.01189708 0.6817654
vn 0.7332035 -0.03567965 -0.6790727
vn -0.7630743 0.00818497 0.646259
vn 0.7660921 -0.02898462 -0.642077
vn -0.8001531 0.004535695 0.5997786
vn 0.8045784 -0.02581535 -0.5932851
vn -0.8219129 -0.0004484842 0.5696129
vn 0.8467599 -0.03420683 -0.5308744
vn -0.8417548 -0.001848207 0.539857
vn 0.8581418 -0.02747004 -0.5126772
vn -0.8599976 -0.005743872 0.5102657
vn 0.870386 -0.01533304 -0.4921312
vn -0.8740852 -0.009545577 0.4856789
vn 0.8892152 -0.009023597 -0.4574002
vn -0.8850216 -0.01034745 0.4654349
vn 0.9225336 -0.007744323 -0.3858391
vn -0.9005048 -0.01293753 0.4346539
vn 0.9371306 -0.004734938 -0.3489469
vn -0.9109411 -0.01491719 0.4122665
vn 0.9391034 -0.002446184 -0.3436263
vn -0.9220234 -0.01701829 0.3867598
vn 0.9512844 -0.002418759 -0.3083052
vn -0.9334003 -0.01943152 0.3583104
vn 0.9649299 -0.0006743583 -0.2625067
vn -0.9431089 -0.02042747 0.3318563
vn 0.9704506 0.002883622 -0.2412823
vn -0.9519272 -0.02068224 0.3056252
vn 0.972725 0.004689834 -0.2319141
vn -0.9593107 -0.02115843 0.2815585
vn 0.9727047 0.005289578 -0.2319861
vn -0.9659377 -0.02180915 0.2578541
vn 0.9536769 0.01424792 -0.3004952
vn -0.8427199 -0.08491731 0.5316129
vn -0.9343625 0.05542089 -0.3519874
vn 0.3974508 -0.08759064 0.9134336
vn -0.9716425 0.04125958 -0.2328273
vn 0.9863822 -0.04110352 0.1592498
vn -0.9856884 0.03163115 -0.1655829
vn 0.9828799 -0.03874972 0.1801261
vn -0.9848691 0.02698208 -0.1711866
vn 0.9780813 -0.036458 0.2050066
vn -0.9738025 0.02661862 -0.2258321
vn 0.9718081 -0.03415086 0.2332866
vn -0.9659865 0.02844156 -0.2570236
vn 0.9645258 -0.03093332 0.2621702
vn -0.9577618 0.02340722 -0.2866082
vn 0.9548256 -0.02774774 0.2958683
vn -0.9469496 0.01669174 -0.3209485
vn 0.9439771 -0.02443966 0.3291048
vn -0.9350718 0.01445495 -0.3541634
vn 0.9311493 -0.02118991 0.3640219
vn -0.9247315 0.0164075 -0.3802663
vn 0.9161329 -0.01705091 0.400512
vn -0.9066517 0.01550458 -0.4215951
vn 0.8973934 -0.01261692 0.4410509
vn -0.8837602 0.01122896 -0.4678053
vn 0.8766913 -0.008142948 0.4809845
vn -0.8610432 0.01032953 -0.508427
vn 0.8548703 -0.003625616 0.5188293
vn -0.8229882 0.007136908 -0.5680136
vn 0.8315175 0.0007220398 0.5554982
vn -0.7865577 -0.003308744 -0.6175079
vn 0.8037235 0.004817201 0.5949836
vn -0.7510052 -0.009526925 -0.6602275
vn 0.7726851 0.009564281 0.6347174
vn -0.7140564 -0.009914747 -0.700018
vn 0.7388019 0.01416766 0.6737736
vn -0.6984516 -0.007014162 -0.7156228
vn 0.701777 0.01878311 0.712149
vn -0.6530342 -0.008400405 -0.7572818
vn 0.6630166 0.0228673 0.7482554
vn -0.6043706 -0.01840032 -0.7964908
vn 0.6226248 0.02667142 0.7820659
vn -0.5673218 -0.03208753 -0.8228707
vn 0.5801694 0.03031586 0.8139315
vn -0.5463658 -0.03837525 -0.836667
vn 0.5339088 0.0333831 0.8448828
vn -0.4924629 -0.04550551 -0.869143
vn 0.4860789 0.03630633 0.8731605
vn -0.4565257 -0.04372488 -0.8886351
vn 0.4417859 0.03919139 0.8962641
vn -0.4074627 -0.04569434 -0.9120779
vn 0.3955787 0.04196797 0.9174727
vn -0.3407576 -0.04998833 -0.9388213
vn 0.3512336 0.04412028 0.9352477
vn -0.294244 -0.04818034 -0.9545152
vn 0.306905 0.0463029 0.9506131
vn -0.2707398 -0.05017512 -0.9613441
vn 0.2614472 0.04818821 0.9640142
vn -0.2289973 -0.04897765 -0.9721942
vn 0.2166979 0.04988217 0.9749635
vn -0.1746628 -0.04748851 -0.9834825
vn 0.1739894 0.05095027 0.9834285
vn -0.1092881 -0.05437498 -0.9925218
vn 0.127861 0.051819 0.9904374
vn -0.05757395 -0.05666249 -0.9967321
vn 0.07863963 0.05266209 0.9955112
vn -0.02373425 -0.05234598 -0.998347
vn 0.03086066 0.05289217 0.9981233
vn 0.02878058 -0.05056374 -0.998306
vn -0.0219126 0.05302445 0.9983528
vn 0.07076436 -0.0489843 -0.9962896
vn -0.07592385 0.05273074 0.9957183
vn 0.1141167 -0.05315498 -0.9920444
vn -0.1256738 0.05076391 0.9907719
vn 0.1690305 -0.05551714 -0.984046
vn -0.1810269 0.04849388 0.9822819
vn 0.2078969 -0.04981758 -0.9768813
vn -0.2383317 0.04612736 0.9700878
vn 0.2522792 -0.04610734 -0.9665554
vn -0.2931289 0.04248263 0.9551286
vn 0.3174585 -0.04694225 -0.9471096
vn -0.3448639 0.038779 0.9378514
vn 0.3646598 -0.04625946 -0.9299909
vn -0.3924887 0.03570612 0.9190635
vn 0.4044946 -0.04435158 -0.9134644
vn -0.4357465 0.0326985 0.8994752
vn 0.4329609 -0.0383287 -0.9005974
vn -0.4794422 0.02991125 0.8770636
vn 0.503425 -0.04067312 -0.863081
vn -0.5235343 0.02695159 0.8515782
vn 0.5522661 -0.04187569 -0.8326155
vn -0.5682716 0.02389136 0.8224942
vn 0.5878376 -0.03891714 -0.8080424
vn -0.6125312 0.0200473 0.7901921
vn 0.6109404 -0.03050332 -0.7910888
vn -0.6529746 0.0170397 0.7571881
vn 0.658613 -0.02809401 -0.7519572
vn -0.699537 0.01376667 0.7144637
vn 0.700057 -0.0312306 -0.7134038
vn -0.7356526 0.009223497 0.6772963
vn 0.7346356 -0.02364774 -0.6780497
vn -0.7709025 0.005804177 0.6369268
vn 0.7743707 -0.01706919 -0.6325017
vn -0.8053561 0.001067962 0.5927904
vn 0.8058455 -0.01154629 -0.5920134
vn -0.8288759 -0.001849606 0.5594295
vn 0.8393514 -0.007622853 -0.5435357
vn -0.8531371 -0.006105561 0.5216513
vn 0.8623982 -0.005114015 -0.5062045
vn -0.8709708 -0.007906714 0.491271
vn 0.8864191 -0.006843987 -0.462833
vn -0.8826666 -0.009576363 0.4699021
vn 0.8939047 -0.0007139882 -0.4482565
vn -0.8945332 -0.01310774 0.4468094
vn 0.9223236 -0.003050043 -0.3864065
vn -0.9081568 -0.01555169 0.4183414
vn 0.9413376 -0.003266389 -0.3374506
vn -0.9166017 -0.01776453 0.3994066
vn 0.9431658 0.002800337 -0.3323106
vn -0.9277954 -0.02044446 0.3725287
vn 0.9581484 0.008202367 -0.2861547
vn -0.9370199 -0.02228236 0.3485645
vn 0.9688678 0.01290511 -0.2472423
vn -0.944224 -0.02379209 0.3284433
vn 0.9728906 0.01925051 -0.2304634
vn -0.952183 -0.02524169 0.3044836
vn 0.9719915 0.02200893 -0.2339833
vn -0.9605514 -0.02631585 0.2768545
vn 0.9724561 0.0204993 -0.232183
vn -0.9672319 -0.02751012 0.2524
vn 0.9731085 0.01737035 -0.2296915
vn -0.9720913 -0.02846795 0.2328693
vn 0.9186965 0.02765169 -0.3939951
vn 0.374785 -0.01674997 0.9269604
vn -0.9345361 0.04945962 -0.3524144
vn -0.4806807 -0.02128931 0.8766373
vn -0.9712254 0.04481653 -0.2339075
vn 0.9888864 -0.04915074 0.1403135
vn -0.9886099 0.03860572 -0.145466
vn 0.9859145 -0.04744316 0.1603799
vn -0.9874671 0.03695037 -0.1534385
vn 0.9818117 -0.04550757 0.184323
vn -0.9786122 0.03911974 -0.2019602
vn 0.9761971 -0.04349975 0.2124782
vn -0.9686118 0.03707399 -0.245798
vn 0.9698888 -0.04081104 0.2401044
vn -0.9655282 0.03654201 -0.2577206
vn 0.9611465 -0.03799536 0.2734112
vn -0.9561383 0.03520856 -0.2907919
vn 0.9511521 -0.03490895 0.3067424
vn -0.9430162 0.03053213 -0.3313431
vn 0.9392567 -0.03165382 0.3417529
vn -0.9284965 0.02451427 -0.370531
vn 0.9251563 -0.02765469 0.3785776
vn -0.9108269 0.02455623 -0.4120576
vn 0.9078457 -0.02373026 0.4186324
vn -0.8921623 0.02531281 -0.4510053
vn 0.8881207 -0.01960653 0.4591918
vn -0.8639184 0.0218578 -0.5031573
vn 0.8673111 -0.01526268 0.4975323
vn -0.840057 0.02286081 -0.5420164
vn 0.8444625 -0.01097047 0.5355024
vn -0.8135306 0.01428996 -0.5813465
vn 0.8178777 -0.006990981 0.5753497
vn -0.7798962 0.001502241 -0.625907
vn 0.7886352 -0.002545751 0.6148562
vn -0.7188793 -0.003294123 -0.6951271
vn 0.7552366 0.002407159 0.6554478
vn -0.7005293 -0.007982036 -0.7135789
vn 0.7192024 0.00653139 0.6947698
vn -0.6721235 -0.01344069 -0.7403172
vn 0.6807399 0.01061812 0.7324482
vn -0.6333342 -0.01890862 -0.7736475
vn 0.6411012 0.0148034 0.7673136
vn -0.5967942 -0.02081017 -0.8021244
vn 0.5988001 0.01862579 0.8006818
vn -0.5689762 -0.02623773 -0.8219354
vn 0.553546 0.02223231 0.8325217
vn -0.5166237 -0.02667878 -0.8557968
vn 0.50503 0.02554665 0.8627236
vn -0.461982 -0.02888072 -0.8864189
vn 0.4598406 0.028277 0.8875512
vn -0.4322895 -0.03521135 -0.9010471
vn 0.4140086 0.03036013 0.9097666
vn -0.3688592 -0.04300673 -0.9284898
vn 0.3691023 0.03308756 0.9287996
vn -0.2958605 -0.04037185 -0.9543777
vn 0.3245462 0.03573412 0.9451946
vn -0.2770032 -0.03569223 -0.9602059
vn 0.2782125 0.03761036 0.9597829
vn -0.245148 -0.03629194 -0.9688061
vn 0.231897 0.03892131 0.9719614
vn -0.1850152 -0.03883051 -0.9819682
vn 0.1883835 0.04036556 0.9812657
vn -0.1435568 -0.03931073 -0.988861
vn 0.1415564 0.0407921 0.9890894
vn -0.07291471 -0.03971576 -0.9965472
vn 0.09286904 0.04038275 0.9948591
vn -0.03429159 -0.04178122 -0.9985382
vn 0.04386176 0.04032192 0.9982236
vn 0.02080717 -0.04437923 -0.9987981
vn -0.005672232 0.04011672 0.9991789
vn 0.0703256 -0.04200595 -0.9966393
vn -0.0611705 0.04069383 0.9972975
vn 0.09598682 -0.04002687 -0.9945775
vn -0.114739 0.04048862 0.9925702
vn 0.1510361 -0.03651443 -0.9878536
vn -0.1696463 0.03894974 0.984735
vn 0.2110634 -0.037209 -0.9767638
vn -0.2271756 0.0374296 0.9731343
vn 0.2440938 -0.03543889 -0.9691039
vn -0.2845188 0.0355819 0.9580099
vn 0.3007855 -0.03524967 -0.9530402
vn -0.3362895 0.03394416 0.9411467
vn 0.3447046 -0.03586226 -0.938026
vn -0.3845192 0.03244055 0.9225469
vn 0.391727 -0.04078261 -0.9191773
vn -0.4293375 0.03026641 0.9026369
vn 0.4287622 -0.04190209 -0.9024452
vn -0.471766 0.02809212 0.8812761
vn 0.4893408 -0.03508734 -0.8713864
vn -0.5157816 0.02625334 0.8563176
vn 0.5411372 -0.02862149 -0.8404472
vn -0.5616271 0.02396579 0.8270433
vn 0.5846631 -0.02587702 -0.8108633
vn -0.6090977 0.02132933 0.7928084
vn 0.6127872 -0.02441824 -0.7898706
vn -0.6510994 0.01739188 0.7587932
vn 0.653157 -0.01848015 -0.7569969
vn -0.696665 0.01413182 0.7172574
vn 0.688165 -0.01846888 -0.7253191
vn -0.7360306 0.01033348 0.6768694
vn 0.7367545 -0.01753803 -0.6759328
vn -0.7722906 0.006478678 0.6352365
vn 0.774959 -0.009690613 -0.6319374
vn -0.8066515 0.003432659 0.5910173
vn 0.7976279 -0.006954122 -0.6031098
vn -0.8315121 -0.0004453313 0.5555066
vn 0.8336262 -0.01050695 -0.5522292
vn -0.8564801 -0.003557079 0.5161677
vn 0.8630543 -0.001996852 -0.5051072
vn -0.8727981 -0.006321068 0.4880404
vn 0.8815472 0.004752214 -0.4720721
vn -0.885743 -0.008923745 0.4640903
vn 0.8920901 0.004941904 -0.4518304
vn -0.8973529 -0.01123793 0.4411703
vn 0.90803 0.005632799 -0.4188672
vn -0.9095734 -0.01377852 0.4153145
vn 0.9408304 0.006531773 -0.3388146
vn -0.9184816 -0.01610811 0.3951356
vn 0.94853 0.01035962 -0.3165181
vn -0.9288965 -0.01870188 0.3698669
vn 0.9566468 0.0126958 -0.2909736
vn -0.9369474 -0.02093592 0.348843
vn 0.972525 0.01671148 -0.2321977
vn -0.9452538 -0.02272347 0.325544
vn 0.9784364 0.02084554 -0.2054942
vn -0.9538034 -0.0251903 0.2993737
vn 0.9750967 0.02695676 -0.2201361
vn -0.9619929 -0.02707906 0.2717286
vn 0.9717282 0.03203066 -0.2339198
vn -0.9685777 -0.02852247 0.2470706
vn 0.9610716 0.03057914 -0.2746021
vn -0.9369945 -0.02911467 0.3481288
vn -0.9373159 0.05104586 -0.3447218
vn 0.2704403 -0.01524311 0.9626161
vn -0.9781731 0.05058658 -0.2015398
vn 0.9891714 -0.05563388 0.1358118
vn -0.987664 0.05229121 -0.1475992
vn 0.9864588 -0.05426356 0.1547725
vn -0.9848662 0.05446639 -0.1645351
vn 0.9823864 -0.05256868 0.1793149
vn -0.977048 0.05200855 -0.206573
vn 0.9769188 -0.05022059 0.2076234
vn -0.9679747 0.0505039 -0.2459155
vn 0.9705463 -0.04825182 0.2360333
vn -0.9608176 0.05275138 -0.2721153
vn 0.9620965 -0.04568133 0.2688558
vn -0.9552227 0.05000234 -0.2916324
vn 0.9512912 -0.04305649 0.3052723
vn -0.9428185 0.04827845 -0.3297918
vn 0.9370517 -0.03847413 0.3470645
vn -0.9226315 0.04415783 -0.3831464
vn 0.9219891 -0.03440134 0.3856845
vn -0.90718 0.04184578 -0.4186567
vn 0.9060606 -0.03235881 0.4219087
vn -0.8903434 0.03502397 -0.4539405
vn 0.8847153 -0.02626315 0.4653915
vn -0.8650707 0.02826945 -0.5008528
vn 0.8665212 -0.02403773 0.4985612
vn -0.8381633 0.02255323 -0.5449529
vn 0.8434895 -0.02015057 0.5367677
vn -0.8214176 0.01563878 -0.5701128
vn 0.8161111 -0.01562133 0.5776838
vn -0.7673262 0.01412749 -0.6411013
vn 0.7868702 -0.01144785 0.6170124
vn -0.7285283 0.002919273 -0.6850095
vn 0.7508828 -0.007252632 0.6603957
vn -0.7108786 -0.008518809 -0.7032631
vn 0.7109162 -0.001247241 0.7032758
vn -0.6688118 -0.00857343 -0.7433823
vn 0.677983 0.001177223 0.7350767
vn -0.6163805 -0.003009001 -0.7874427
vn 0.6373233 0.004854712 0.7705813
vn -0.5931298 -0.01030393 -0.805041
vn 0.5924319 0.008070374 0.80558
vn -0.5538085 -0.02027327 -0.8323973
vn 0.5401301 0.01328773 0.8414766
vn -0.4895979 -0.02379431 -0.8716236
vn 0.4913272 0.016841 0.8708122
vn -0.4636763 -0.02009859 -0.8857766
vn 0.4448774 0.0191038 0.8953877
vn -0.4265303 -0.01862993 -0.9042813
vn 0.4002091 0.02101619 0.9161829
vn -0.336431 -0.02306136 -0.9414257
vn 0.3558937 0.02313162 0.9342401
vn -0.272158 -0.02899222 -0.9618158
vn 0.3098296 0.02486601 0.9504669
vn -0.2692332 -0.02470943 -0.9627579
vn 0.261994 0.02697845 0.9646924
vn -0.2211494 -0.02177998 -0.9749967
vn 0.2173705 0.02861245 0.9756697
vn -0.1734021 -0.01980965 -0.9846518
vn 0.1695625 0.0290767 0.9850904
vn -0.1072812 -0.0198639 -0.9940303
vn 0.1216613 0.0285972 0.9921597
vn -0.05842379 -0.02158687 -0.9980584
vn 0.07539975 0.03021135 0.9966956
vn -0.03247658 -0.02697701 -0.9991083
vn 0.02853281 0.02851312 0.9991861
vn 0.03620805 -0.03303812 -0.998798
vn -0.02856833 0.02931607 0.9991618
vn 0.08995416 -0.03472224 -0.9953404
vn -0.08329123 0.02938434 0.9960919
vn 0.129067 -0.02736298 -0.9912583
vn -0.1400057 0.02922704 0.9897192
vn 0.1780813 -0.02335105 -0.9837386
vn -0.1912714 0.02943095 0.9810958
vn 0.2054006 -0.02900946 -0.9782479
vn -0.2441137 0.02799576 0.9693425
vn 0.2574829 -0.03167199 -0.9657637
vn -0.2992978 0.02808738 0.9537463
vn 0.3112802 -0.03177921 -0.9497867
vn -0.3500238 0.02826377 0.9363143
vn 0.3584092 -0.02974672 -0.9330906
vn -0.3987828 0.0279061 0.9166208
vn 0.3998688 -0.02531256 -0.9162229
vn -0.4434354 0.02705969 0.8958978
vn 0.4564602 -0.02416922 -0.8894155
vn -0.4899575 0.02510574 0.8713848
vn 0.5295001 -0.02134479 -0.8480413
vn -0.5405694 0.02298695 0.8409854
vn 0.5731821 -0.01411128 -0.8193064
vn -0.5872186 0.02068503 0.809164
vn 0.5952144 -0.009345328 -0.8035127
vn -0.6317511 0.01881415 0.7749431
vn 0.6257049 -0.01130631 -0.7799778
vn -0.6715319 0.01630164 0.7407964
vn 0.664129 -0.009850074 -0.7475532
vn -0.7174788 0.01219846 0.6964735
vn 0.7023689 -0.009149486 -0.7117543
vn -0.7618886 0.008967088 0.647646
vn 0.7585481 -0.006248515 -0.6515869
vn -0.7941374 0.004561833 0.607721
vn 0.7871956 -0.004150606 -0.6166894
vn -0.8279876 0.00272482 0.5607398
vn 0.8118541 0.002767892 -0.5838538
vn -0.8517403 -0.002956339 0.5239557
vn 0.8495134 0.003127293 -0.5275578
vn -0.8703809 -0.005195481 0.4923514
vn 0.8763326 0.00487119 -0.4816818
vn -0.8829547 -0.007137502 0.4694039
vn 0.8921604 0.008459118 -0.4516395
vn -0.8953834 -0.009597731 0.4451925
vn 0.8983513 0.01488923 -0.4390254
vn -0.9064409 -0.01200867 0.4221619
vn 0.9235992 0.01850084 -0.3829127
vn -0.9167193 -0.01447078 0.3992699
vn 0.9449431 0.0205096 -0.3265913
vn -0.9236682 -0.0159664 0.3828605
vn 0.9485167 0.01862214 -0.3161793
vn -0.9335005 -0.0180934 0.3581194
vn 0.9620668 0.02127107 -0.2719835
vn -0.9402478 -0.02013615 0.339895
vn 0.975499 0.02502497 -0.2185762
vn -0.9494883 -0.02268001 0.3129819
vn 0.9789082 0.02442892 -0.2028348
vn -0.9565983 -0.02449309 0.2903783
vn 0.9791906 0.02318449 -0.2016138
vn -0.9629271 -0.02618814 0.2684878
vn 0.9793259 0.02949129 -0.2001276
vn -0.9694138 -0.02780216 0.2438524
vn 0.9708959 0.03870888 -0.2363531
vn -0.97496 -0.02944581 0.2204223
vn 0.9361984 0.04247886 -0.3488956
vn -0.5697306 -0.09323393 0.8165259
vn -0.9435942 0.06296711 -0.3250617
vn 0.3101484 0.03496502 0.9500449
vn -0.9773376 0.06758822 -0.200607
vn 0.9895818 -0.06273511 0.1295852
vn -0.9849195 0.07414 -0.1563227
vn 0.9866641 -0.0611443 0.1508491
vn -0.9837278 0.07603142 -0.1627849
vn 0.9828086 -0.05963526 0.1747303
vn -0.9765211 0.0764011 -0.2014184
vn 0.9774339 -0.05778149 0.2031856
vn -0.9682525 0.07214168 -0.2393381
vn 0.9709539 -0.05549786 0.2327411
vn -0.9659045 0.06068162 -0.251687
vn 0.9629424 -0.05305787 0.2644369
vn -0.9587831 0.04976271 -0.2797474
vn 0.9535303 -0.0516568 0.2968359
vn -0.944714 0.04451941 -0.3248594
vn 0.9420676 -0.04834933 0.3319203
vn -0.9264669 0.04566125 -0.3735962
vn 0.9255318 -0.04404354 0.3760997
vn -0.9096578 0.04434888 -0.4129842
vn 0.9101838 -0.04201306 0.4120682
vn -0.8976212 0.04177538 -0.4387838
vn 0.8897943 -0.03660102 0.4548914
vn -0.864818 0.03763121 -0.5006733
vn 0.8676431 -0.03294651 0.4960948
vn -0.8451149 0.03470535 -0.533457
vn 0.8444417 -0.02950035 0.5348344
vn -0.8180692 0.02926989 -0.5743745
vn 0.816921 -0.02442984 0.5762319
vn -0.7769915 0.02879388 -0.6288521
vn 0.7918513 -0.02205704 0.6103154
vn -0.7408176 0.02654736 -0.6711814
vn 0.762412 -0.01974108 0.6467907
vn -0.7111813 0.01867889 -0.7027603
vn 0.7230541 -0.0133975 0.6906614
vn -0.6674252 0.01483817 -0.7445291
vn 0.6830301 -0.009625819 0.7303268
vn -0.6307167 0.007445313 -0.7759775
vn 0.6400396 -0.006036444 0.7683182
vn -0.6200452 -0.002354093 -0.7845625
vn 0.5993729 -0.002091289 0.8004672
vn -0.5819921 -0.002505133 -0.8131906
vn 0.5584196 1.174328E-05 0.8295587
vn -0.5120896 -0.01999678 -0.8586993
vn 0.5083711 0.005103994 0.861123
vn -0.4516314 -0.01642677 -0.8920534
vn 0.4644321 0.007094161 0.8855804
vn -0.4140777 -0.0003680242 -0.9102414
vn 0.4176216 0.009648835 0.9085699
vn -0.380221 0.008402525 -0.9248575
vn 0.3736562 0.01174326 0.9274929
vn -0.3098998 -0.01176212 -0.9506964
vn 0.3232681 0.01292747 0.9462192
vn -0.2576432 -0.02090471 -0.9660139
vn 0.2741084 0.01504448 0.9615811
vn -0.2235365 -0.01836308 -0.9745227
vn 0.2255263 0.01708276 0.9740872
vn -0.169136 -0.01900135 -0.9854096
vn 0.176402 0.01773531 0.9841584
vn -0.1240073 -0.01553775 -0.9921596
vn 0.129053 0.01833518 0.9914681
vn -0.07646365 -0.01813196 -0.9969075
vn 0.07732245 0.02026392 0.9968002
vn -0.0397014 -0.01986323 -0.9990141
vn 0.03119275 0.02050726 0.999303
vn 0.01649611 -0.01915699 -0.9996804
vn -0.01758759 0.01858568 0.9996725
vn 0.08390912 -0.02295978 -0.9962088
vn -0.07573042 0.01945656 0.9969385
vn 0.13803 -0.02305917 -0.9901596
vn -0.1316702 0.01950801 0.9911017
vn 0.1685766 -0.02015245 -0.9854826
vn -0.188718 0.02140708 0.9817979
vn 0.2037572 -0.01986282 -0.97882
vn -0.2448217 0.02027448 0.9693561
vn 0.2584546 -0.01949325 -0.9658267
vn -0.2985377 0.02174582 0.9541501
vn 0.3218151 -0.01852994 -0.9466212
vn -0.3532585 0.02308366 0.935241
vn 0.3755999 -0.01412915 -0.9266743
vn -0.4051464 0.02495917 0.913911
vn 0.401526 -0.01252299 -0.915762
vn -0.4463518 0.02438543 0.8945252
vn 0.4512202 -0.01033688 -0.8923528
vn -0.4922554 0.02252665 0.8701593
vn 0.5300835 -0.009393405 -0.8478935
vn -0.5372607 0.02164733 0.8431383
vn 0.5712675 -0.007467488 -0.8207299
vn -0.5816847 0.02061481 0.813153
vn 0.5923831 -0.007867406 -0.805618
vn -0.629051 0.01876315 0.7771376
vn 0.6277316 -0.00933331 -0.778374
vn -0.6834024 0.01385381 0.7299104
vn 0.6704401 -0.006673481 -0.7419337
vn -0.725891 0.01148212 0.6877139
vn 0.709683 0.002436235 -0.7045169
vn -0.772809 0.006912433 0.6346009
vn 0.7561994 0.007403538 -0.6542994
vn -0.7991469 0.004209649 0.601121
vn 0.7883738 0.0025946 -0.6151909
vn -0.8354948 8.331458E-05 0.5494984
vn 0.8189928 0.01123392 -0.5736939
vn -0.8503463 -0.003340922 0.5262129
vn 0.8456218 0.02052106 -0.533388
vn -0.8669785 -0.004544677 0.4983248
vn 0.8758792 0.01422491 -0.4823207
vn -0.8841933 -0.00807787 0.4670512
vn 0.8955418 0.01994826 -0.4445298
vn -0.888166 -0.009122333 0.4594325
vn 0.9073958 0.02340897 -0.4196246
vn -0.9019676 -0.01179203 0.4316428
vn 0.9246296 0.02917942 -0.3797485
vn -0.9141133 -0.01396223 0.4052182
vn 0.9420877 0.03195368 -0.3338412
vn -0.9267783 -0.01679901 0.3752332
vn 0.9545703 0.02924832 -0.2965471
vn -0.9361517 -0.01974958 0.351041
vn 0.968988 0.03416364 -0.2447348
vn -0.9461227 -0.02280909 0.3230042
vn 0.9755803 0.03029515 -0.2175438
vn -0.9534515 -0.0246174 0.3005401
vn 0.9802029 0.03338867 -0.1951603
vn -0.9614949 -0.02767336 0.2734264
vn 0.9832129 0.03714902 -0.1786403
vn -0.9683167 -0.03017236 0.2478959
vn 0.9820468 0.03816221 -0.1847367
vn -0.9747998 -0.03210524 0.2207591
vn 0.9630348 0.03943736 -0.2664743
vn -0.9788623 -0.03359642 0.2017422
vn 0.9263851 0.03998048 -0.3744492
vn 0.4312601 0.03057461 0.9017095
vn -0.9524359 0.07752352 -0.2947136
vn 0.7379012 -0.03084474 0.6742035
vn -0.9746902 0.08279492 -0.2076635
vn 0.9886273 -0.07137846 0.1323674
vn -0.982256 0.08426798 -0.1675476
vn 0.985252 -0.07017362 0.1560582
vn -0.9816878 0.07665357 -0.1743932
vn 0.9803876 -0.06965939 0.184358
vn -0.9775423 0.06873691 -0.1992142
vn 0.9743439 -0.06667136 0.2149625
vn -0.9745906 0.05864387 -0.2161805
vn 0.9668549 -0.06465279 0.2470049
vn -0.9687827 0.05795278 -0.2410429
vn 0.9574142 -0.06290431 0.2817822
vn -0.9529313 0.0550683 -0.2981432
vn 0.9467049 -0.05909634 0.3166346
vn -0.932865 0.05330719 -0.3562602
vn 0.9340662 -0.0580228 0.3523546
vn -0.9145331 0.05260759 -0.4010753
vn 0.918824 -0.05503051 0.3908118
vn -0.9023201 0.05357117 -0.4277247
vn 0.9002327 -0.05239589 0.432245
vn -0.8844972 0.04745221 -0.464126
vn 0.8779099 -0.04764897 0.4764491
vn -0.8505865 0.03903407 -0.5243845
vn 0.8557972 -0.04374036 0.515459
vn -0.8262315 0.03823094 -0.5620319
vn 0.8293489 -0.03999518 0.5572975
vn -0.7810853 0.0380259 -0.6232655
vn 0.7971823 -0.03603933 0.6026621
vn -0.7517428 0.02975727 -0.6587846
vn 0.7610271 -0.0331587 0.6478721
vn -0.7253897 0.01372964 -0.6882015
vn 0.7224046 -0.02613602 0.6909764
vn -0.6704301 0.01407391 -0.7418392
vn 0.6891437 -0.02495739 0.7241948
vn -0.6402519 0.01020008 -0.7680972
vn 0.6539549 -0.0240745 0.7561502
vn -0.6172498 0.01196148 -0.7866763
vn 0.6080787 -0.01676941 0.7936996
vn -0.5804403 0.02149475 -0.8140191
vn 0.5616269 -0.01798188 0.8271952
vn -0.5164621 0.01409207 -0.8561941
vn 0.5090287 -0.007890298 0.8607133
vn -0.4372516 0.0146283 -0.8992203
vn 0.4620151 -0.008650832 0.8868299
vn -0.395803 0.01380858 -0.9182316
vn 0.4160682 -0.005583406 0.9093164
vn -0.3930214 0.003204999 -0.9195237
vn 0.367429 -0.004413862 0.9300411
vn -0.3370846 -0.005201631 -0.9414601
vn 0.3214744 -0.001268907 0.9469174
vn -0.2558998 -0.005394368 -0.9666883
vn 0.2801132 -0.00196297 0.9599649
vn -0.2276276 -0.002819191 -0.9737441
vn 0.2284908 0.0007764279 0.9735457
vn -0.1858277 -0.009236 -0.9825389
vn 0.1828016 0.003441368 0.9831437
vn -0.127455 -0.006618808 -0.9918223
vn 0.1389883 0.002514667 0.9902908
vn -0.07835632 -0.00427988 -0.9969162
vn 0.09339663 0.003674504 0.9956222
vn -0.0343697 -0.001319145 -0.9994084
vn 0.0289089 0.004037224 0.9995738
vn 0.0199248 0.001669358 -0.9998001
vn -0.02263783 0.003249245 0.9997385
vn 0.06773831 -0.0007264668 -0.9977029
vn -0.07019285 0.001882725 0.9975317
vn 0.1330676 -0.01042128 -0.9910523
vn -0.1260322 0.006221932 0.9920067
vn 0.1736538 -0.00788006 -0.9847752
vn -0.1861997 0.005370741 0.9824973
vn 0.2136123 -0.007265504 -0.9768915
vn -0.2505795 0.007267023 0.9680687
vn 0.2667688 -0.007345258 -0.9637326
vn -0.3034599 0.008771828 0.9528038
vn 0.3220177 -0.006554202 -0.946711
vn -0.3469405 0.009831538 0.9378356
vn 0.3733464 -0.006992296 -0.9276657
vn -0.3945241 0.01270696 0.9187977
vn 0.4084595 -0.004009925 -0.9127677
vn -0.449758 0.01118793 0.8930804
vn 0.4609263 0.003679633 -0.8874308
vn -0.4947257 0.01363739 0.8689421
vn 0.5198066 0.0009325297 -0.8542835
vn -0.5318449 0.01311699 0.8467402
vn 0.5770119 0.002886196 -0.8167306
vn -0.5835777 0.0133057 0.8119483
vn 0.5929685 0.01079334 -0.8051534
vn -0.6346926 0.009697189 0.7727039
vn 0.631945 0.01224164 -0.7749166
vn -0.6894126 0.009490804 0.7243067
vn 0.684362 0.007442478 -0.7291046
vn -0.7198929 0.006120848 0.6940581
vn 0.7220738 0.01645524 -0.6916202
vn -0.7612817 0.003767581 0.6484103
vn 0.7573746 0.02445411 -0.6525224
vn -0.7865721 0.001970628 0.6174954
vn 0.791721 0.02380113 -0.6104189
vn -0.8219033 -0.002461035 0.5696216
vn 0.8292819 0.02727616 -0.5581644
vn -0.8407275 -0.002849032 0.541451
vn 0.8489233 0.0324553 -0.5275187
vn -0.8545736 -0.002346482 0.5193249
vn 0.8727493 0.03642048 -0.4868083
vn -0.8743804 -0.008114252 0.4851733
vn 0.8957608 0.03840366 -0.4428742
vn -0.8899723 -0.01045147 0.4558949
vn 0.9113563 0.03175283 -0.4103919
vn -0.9055623 -0.01351535 0.4239981
vn 0.9292489 0.03109559 -0.3681434
vn -0.914475 -0.01557159 0.4043428
vn 0.9420446 0.02958281 -0.3341807
vn -0.9297433 -0.02036714 0.3676443
vn 0.9551291 0.03526299 -0.2940833
vn -0.9384141 -0.0221027 0.3448051
vn 0.9667975 0.03244878 -0.2534752
vn -0.9483203 -0.02633407 0.31622
vn 0.9751359 0.03634769 -0.2186065
vn -0.9551243 -0.02891685 0.2947901
vn 0.9829755 0.041934 -0.1788876
vn -0.9634986 -0.03336993 0.2656255
vn 0.9838958 0.04317497 -0.1734504
vn -0.9700722 -0.03654507 0.2400506
vn 0.9799638 0.04389695 -0.194278
vn -0.9759756 -0.03885605 0.2143872
vn 0.9573479 0.03958332 -0.2862133
vn -0.9548832 -0.03887903 0.2944255
vn -0.9594693 0.08454461 -0.2688323
vn 0.9575462 -0.0922462 0.2731226
vn -0.9813033 0.07691658 -0.1764305
vn 0.9879213 -0.08084895 0.1321928
vn -0.9870294 0.0694428 -0.1447426
vn 0.9845619 -0.07982546 0.1557745
vn -0.9884027 0.06540569 -0.1370486
vn 0.9805951 -0.07999852 0.1789795
vn -0.986739 0.05713835 -0.1519256
vn 0.9758753 -0.07755304 0.2040907
vn -0.9795998 0.05012352 -0.1946073
vn 0.9687175 -0.07584421 0.2362924
vn -0.9647672 0.05027714 -0.2582566
vn 0.9598705 -0.07383931 0.2705484
vn -0.9482915 0.05849264 -0.3119644
vn 0.9480149 -0.07051584 0.3103149
vn -0.9311611 0.05900468 -0.359802
vn 0.9333124 -0.06777931 0.3526103
vn -0.9148671 0.05334131 -0.4002161
vn 0.9181593 -0.06491234 0.3908578
vn -0.9038069 0.04529686 -0.4255364
vn 0.9027166 -0.06388737 0.4254657
vn -0.8971975 0.04762353 -0.4390541
vn 0.8840305 -0.06060344 0.4634839
vn -0.8571798 0.0469349 -0.5128741
vn 0.8581976 -0.05646496 0.5102046
vn -0.8195955 0.05166879 -0.570608
vn 0.8303135 -0.05321933 0.5547497
vn -0.7820309 0.04684536 -0.6214765
vn 0.798718 -0.04983966 0.5996378
vn -0.766546 0.04407588 -0.6406749
vn 0.7685537 -0.04794835 0.637986
vn -0.7343508 0.03334801 -0.6779505
vn 0.7312726 -0.04258409 0.6807547
vn -0.6738058 0.0279058 -0.7383813
vn 0.6907442 -0.03976868 0.7220048
vn -0.6431838 0.02031419 -0.7654423
vn 0.6505604 -0.03650348 0.7585769
vn -0.5936778 0.02450628 -0.8043296
vn 0.6078978 -0.03311405 0.7933246
vn -0.5737981 0.02855217 -0.818499
vn 0.5667051 -0.03147648 0.8233191
vn -0.5270953 0.02905663 -0.8493093
vn 0.5153163 -0.02642006 0.8565928
vn -0.4416314 0.02186335 -0.8969301
vn 0.4634524 -0.02396598 0.8857977
vn -0.4192594 0.007284167 -0.9078373
vn 0.4175725 -0.02145409 0.9083903
vn -0.4021516 0.00136779 -0.915572
vn 0.3741956 -0.02119502 0.9271075
vn -0.3346949 0.005546899 -0.9423102
vn 0.3258126 -0.01709708 0.9452798
vn -0.2510748 0.008249008 -0.9679325
vn 0.2795376 -0.01668572 0.9599897
vn -0.2239107 0.007025511 -0.9745843
vn 0.2351006 -0.01491849 0.9718565
vn -0.179681 0.006042769 -0.9837064
vn 0.1799984 -0.0128215 0.9835833
vn -0.1116847 0.002112016 -0.9937415
vn 0.1295769 -0.01277114 0.9914871
vn -0.06878699 0.002220674 -0.9976289
vn 0.0793552 -0.01387332 0.9967499
vn -0.02668507 0.007246002 -0.9996177
vn 0.03032109 -0.01520171 0.9994246
vn 0.01390897 0.007211694 -0.9998772
vn -0.02296004 -0.01195529 0.999665
vn 0.06793781 0.003375968 -0.9976839
vn -0.07340787 -0.01367673 0.9972082
vn 0.1353598 0.009721065 -0.9907489
vn -0.1280446 -0.01062509 0.9917115
vn 0.173229 0.0122696 -0.9848052
vn -0.1825521 -0.011154 0.9831328
vn 0.2011589 0.01277049 -0.9794753
vn -0.2338538 -0.008920163 0.9722309
vn 0.2553732 0.01452002 -0.9667335
vn -0.2872271 -0.006995044 0.957837
vn 0.3223084 0.01381809 -0.9465339
vn -0.344009 -0.0043603 0.9389561
vn 0.3694932 0.01055061 -0.9291735
vn -0.3988347 -0.00295822 0.9170181
vn 0.4204233 0.01110299 -0.9072601
vn -0.4424131 -0.002003026 0.8968091
vn 0.4630179 0.01273654 -0.8862574
vn -0.4910879 0.001556845 0.8711087
vn 0.5391179 0.0146926 -0.8421021
vn -0.5426249 0.00210607 0.8399724
vn 0.5903407 0.01591878 -0.8069972
vn -0.5872762 0.002636079 0.8093823
vn 0.6110212 0.01849156 -0.7913982
vn -0.6245155 0.001939975 0.78101
vn 0.6214256 0.02714322 -0.7830029
vn -0.6632019 0.001656096 0.7484387
vn 0.6774299 0.0291985 -0.7350076
vn -0.708204 0.002436766 0.7060037
vn 0.7330448 0.02668064 -0.679657
vn -0.7460527 0.001478673 0.6658853
vn 0.7669651 0.02838128 -0.6410609
vn -0.7725511 -0.0001168237 0.6349527
vn 0.7939814 0.03439682 -0.606968
vn -0.809306 -0.003405479 0.5873774
vn 0.8355992 0.03640042 -0.5481323
vn -0.833628 -0.005561654 0.5522983
vn 0.861001 0.04112693 -0.5069378
vn -0.8573292 -0.009272712 0.514685
vn 0.8800125 0.04380085 -0.4729265
vn -0.8751788 -0.01126058 0.4836685
vn 0.8937215 0.04706933 -0.4461462
vn -0.8914843 -0.01526216 0.4527943
vn 0.8992649 0.04895853 -0.4346557
vn -0.9054123 -0.01729726 0.4241808
vn 0.9251906 0.03988162 -0.3774014
vn -0.9194877 -0.02049654 0.3925841
vn 0.9468865 0.04570038 -0.318304
vn -0.9333361 -0.02596673 0.3580631
vn 0.9564268 0.045534 -0.2883998
vn -0.9424004 -0.02853846 0.3332671
vn 0.9691283 0.04944295 -0.2415484
vn -0.9526599 -0.0335362 0.3021829
vn 0.9793022 0.04918267 -0.1963374
vn -0.960495 -0.03799123 0.2756919
vn 0.9834138 0.0480561 -0.1748939
vn -0.9677998 -0.04271372 0.2480709
vn 0.9839376 0.04918859 -0.1716023
vn -0.9735708 -0.04684471 0.2235301
vn 0.9824986 0.0492556 -0.17964
vn -0.9774725 -0.04850944 0.2054131
vn 0.9661932 0.05488213 -0.2519102
vn -0.981945 -0.05113337 0.1821248
vn 0.9281054 0.05879086 -0.3676465
vn 0.4743292 -0.02856822 0.8798839
vn -0.9410691 0.09291255 -0.3252019
vn -0.1907364 -0.0702984 0.9791209
vn -0.9748902 0.08609657 -0.2053692
vn 0.9897417 -0.09152672 0.1097007
vn -0.9890543 0.07723993 -0.1257197
vn 0.9869829 -0.09074883 0.1327757
vn -0.9888969 0.07172261 -0.1301489
vn 0.9826766 -0.08881791 0.1626591
vn -0.987226 0.07201245 -0.1421231
vn 0.9782868 -0.08717154 0.1880319
vn -0.9798466 0.08036369 -0.1828728
vn 0.9719465 -0.0855123 0.2191067
vn -0.9693477 0.08469833 -0.2306324
vn 0.964891 -0.08312694 0.2491492
vn -0.9548022 0.0870703 -0.2842032
vn 0.9565282 -0.08197367 0.2798821
vn -0.9420271 0.08330321 -0.3250317
vn 0.9450476 -0.07943549 0.317136
vn -0.9320257 0.07848451 -0.3537911
vn 0.9311889 -0.07656959 0.3564048
vn -0.9193144 0.06949081 -0.3873399
vn 0.9153425 -0.07379818 0.3958561
vn -0.9007365 0.0641913 -0.4295968
vn 0.8971621 -0.07151331 0.4358737
vn -0.8713959 0.0656948 -0.4861619
vn 0.8757226 -0.06918088 0.4778326
vn -0.8351572 0.06840366 -0.5457411
vn 0.8517283 -0.06623769 0.5197802
vn -0.8104857 0.06664169 -0.5819551
vn 0.823073 -0.06292365 0.564439
vn -0.7783189 0.06689163 -0.6242958
vn 0.7910196 -0.0594957 0.608891
vn -0.7639727 0.067144 -0.6417456
vn 0.7566147 -0.0561304 0.6514472
vn -0.7249148 0.05782712 -0.686407
vn 0.7199411 -0.05277522 0.6920258
vn -0.6793077 0.04402849 -0.7325317
vn 0.6814874 -0.0496383 0.7301446
vn -0.6284225 0.03381598 -0.7771368
vn 0.6407638 -0.04650039 0.7663286
vn -0.5880956 0.02228813 -0.8084843
vn 0.5972068 -0.04350419 0.8009065
vn -0.5486407 0.02740263 -0.835609
vn 0.5499764 -0.04001615 0.8342209
vn -0.4972407 0.03406075 -0.8669438
vn 0.4991094 -0.03684637 0.8657553
vn -0.4524855 0.02838942 -0.8913198
vn 0.4512862 -0.03429986 0.8917198
vn -0.4213353 0.02662286 -0.906514
vn 0.4045212 -0.0315574 0.9139839
vn -0.3708022 0.03083451 -0.9281999
vn 0.3568928 -0.02920756 0.9336886
vn -0.28516 0.03504037 -0.9578393
vn 0.3100346 -0.02696506 0.9503428
vn -0.2417232 0.03178035 -0.9698247
vn 0.2605137 -0.02517592 0.9651418
vn -0.2181995 0.0286756 -0.9754828
vn 0.2106833 -0.02422298 0.9772542
vn -0.169743 0.02266693 -0.9852276
vn 0.1603652 -0.02333837 0.9867818
vn -0.09199751 0.01776845 -0.9956008
vn 0.1103955 -0.02292173 0.9936234
vn -0.03653622 0.02119203 -0.9991077
vn 0.05992164 -0.02299275 0.9979382
vn -0.01936428 0.01661842 -0.9996744
vn 0.008228582 -0.02254938 0.9997119
vn 0.03950822 0.01713317 -0.9990724
vn -0.04342733 -0.02184736 0.9988176
vn 0.1140245 0.02272758 -0.9932179
vn -0.09588005 -0.02172838 0.9951557
vn 0.1623541 0.02276741 -0.9864698
vn -0.1495821 -0.02086268 0.9885292
vn 0.1843405 0.01889661 -0.9826807
vn -0.2049116 -0.01929933 0.9785903
vn 0.2392384 0.02236197 -0.9707034
vn -0.2572994 -0.01720032 0.9661786
vn 0.2897143 0.02677973 -0.9567384
vn -0.3105157 -0.015163 0.9504473
vn 0.3313665 0.02181876 -0.9432498
vn -0.3626467 -0.01368761 0.9318261
vn 0.3873044 0.02098496 -0.9217129
vn -0.4120699 -0.01152574 0.9110793
vn 0.4489342 0.02612462 -0.8931828
vn -0.4606027 -0.009787059 0.8875525
vn 0.4907542 0.02828009 -0.8708389
vn -0.5090868 -0.00851471 0.8606731
vn 0.5622281 0.02999101 -0.8264382
vn -0.555931 -0.007173516 0.8311974
vn 0.5975438 0.02750602 -0.8013643
vn -0.6008485 -0.006775837 0.7993342
vn 0.6200519 0.02479962 -0.7841687
vn -0.6431708 -0.007219067 0.7656887
vn 0.6571777 0.03069701 -0.7531103
vn -0.6821588 -0.007660996 0.731164
vn 0.7035431 0.03831694 -0.7096188
vn -0.7202538 -0.008498094 0.6936586
vn 0.7495795 0.04105454 -0.6606399
vn -0.7551756 -0.008831444 0.655463
vn 0.7854177 0.04476104 -0.6173456
vn -0.7887179 -0.01099079 0.6146572
vn 0.8160811 0.05205848 -0.5755879
vn -0.8185079 -0.01248113 0.5743597
vn 0.845331 0.05070853 -0.531831
vn -0.8442206 -0.01519911 0.5357803
vn 0.8695747 0.04839129 -0.4914246
vn -0.8662784 -0.01770226 0.4992479
vn 0.8914064 0.04786949 -0.4506697
vn -0.8867025 -0.02077325 0.4618737
vn 0.9046655 0.05249511 -0.4228764
vn -0.9020141 -0.0237381 0.4310533
vn 0.9107495 0.06125051 -0.4083917
vn -0.9168413 -0.02722915 0.3983223
vn 0.9381208 0.06400393 -0.3403422
vn -0.9305057 -0.03129521 0.3649381
vn 0.9542279 0.06439538 -0.2920656
vn -0.941822 -0.0359965 0.334179
vn 0.9602757 0.06306609 -0.271833
vn -0.9511951 -0.04049683 0.3059213
vn 0.9690989 0.05814682 -0.2397214
vn -0.9594297 -0.0446035 0.2783975
vn 0.9801528 0.05648004 -0.1900274
vn -0.9675356 -0.04966029 0.2478078
vn 0.9834884 0.05631449 -0.1719859
vn -0.9736644 -0.05426122 0.2214347
vn 0.9839014 0.0544847 -0.1702044
vn -0.9783247 -0.05778811 0.1988498
vn 0.9789188 0.05477115 -0.1967695
vn -0.9827168 -0.06116509 0.1747185
vn 0.9556644 0.06370499 -0.2874845
vn -0.9478953 -0.06773037 0.3112989
vn -0.9554107 0.08872278 -0.2816359
vn 0.8823403 -0.02265004 0.4700666
vn -0.9802023 0.09006553 -0.1763282
vn 0.9817282 -0.08395373 0.1707675
vn -0.9884579 0.1001853 -0.1136387
vn 0.9871156 -0.09945942 0.1253416
vn -0.9888198 0.09615672 -0.1139713
vn 0.9834343 -0.09683288 0.1532338
vn -0.9836521 0.09268216 -0.1543974
vn 0.9790509 -0.09504784 0.1800696
vn -0.974333 0.09492742 -0.2041176
vn 0.9732923 -0.09339044 0.2097151
vn -0.9621602 0.09812097 -0.2542046
vn 0.9646537 -0.09081904 0.2473766
vn -0.9507419 0.09988444 -0.2934501
vn 0.9542793 -0.088665 0.2854635
vn -0.9395946 0.09882715 -0.3277121
vn 0.9419597 -0.08621357 0.3244675
vn -0.9324041 0.09715156 -0.3481153
vn 0.9279383 -0.08359741 0.3632381
vn -0.9147493 0.09589749 -0.3924759
vn 0.9112406 -0.08066877 0.4038975
vn -0.8996626 0.09129539 -0.4269335
vn 0.8934464 -0.07752771 0.4424285
vn -0.873302 0.07817474 -0.4808662
vn 0.8740439 -0.07558418 0.4799316
vn -0.833607 0.06762213 -0.5482029
vn 0.8494462 -0.07200068 0.5227399
vn -0.8056242 0.06047417 -0.5893322
vn 0.8202755 -0.06860159 0.5678396
vn -0.7720362 0.05387551 -0.6332911
vn 0.7880207 -0.06514341 0.6121925
vn -0.7613565 0.05514126 -0.6459844
vn 0.7535003 -0.06161203 0.6545541
vn -0.7244088 0.0635886 -0.6864317
vn 0.7166463 -0.05788713 0.6950303
vn -0.6865636 0.06289498 -0.7243442
vn 0.6775464 -0.0545123 0.7334571
vn -0.6382324 0.05714501 -0.76772
vn 0.6361325 -0.05154379 0.7698563
vn -0.5806873 0.05213641 -0.8124556
vn 0.592858 -0.04830355 0.803857
vn -0.5360408 0.04191268 -0.843151
vn 0.5450156 -0.04495892 0.8372197
vn -0.4828907 0.0360191 -0.8749396
vn 0.494428 -0.04103522 0.8682494
vn -0.4453737 0.03686748 -0.8945854
vn 0.4470486 -0.0375413 0.8937216
vn -0.4004634 0.04161072 -0.9153675
vn 0.3992568 -0.03468472 0.9161828
vn -0.3485736 0.04205182 -0.9363376
vn 0.3516012 -0.03191023 0.9356058
vn -0.2727284 0.04339157 -0.961112
vn 0.3033108 -0.02965299 0.9524302
vn -0.2410647 0.04262974 -0.9695723
vn 0.2520702 -0.02782944 0.9673087
vn -0.210045 0.04370936 -0.9767142
vn 0.2009422 -0.02689673 0.9792337
vn -0.1595804 0.04597162 -0.9861139
vn 0.1521379 -0.02556754 0.9880286
vn -0.09167767 0.03661388 -0.9951154
vn 0.1002199 -0.02453305 0.9946628
vn -0.04669717 0.02386071 -0.9986241
vn 0.04886738 -0.02446362 0.9985057
vn -0.005652157 0.02728492 -0.9996117
vn -0.003326215 -0.02482268 0.9996864
vn 0.06726275 0.03427856 -0.9971462
vn -0.05441604 -0.02429161 0.9982228
vn 0.1157601 0.02849962 -0.9928683
vn -0.1064165 -0.0238677 0.9940351
vn 0.1558122 0.02511957 -0.9874673
vn -0.1585952 -0.02319218 0.9870712
vn 0.1950845 0.02428691 -0.9804856
vn -0.2126329 -0.02191714 0.9768863
vn 0.2595775 0.0258622 -0.965376
vn -0.2658962 -0.02083579 0.9637765
vn 0.2919981 0.02220752 -0.956161
vn -0.319968 -0.02008574 0.9472154
vn 0.3481542 0.02794 -0.9370208
vn -0.3706768 -0.01910111 0.9285654
vn 0.417154 0.03745089 -0.9080638
vn -0.4197285 -0.01806594 0.9074699
vn 0.4581155 0.03841306 -0.8880623
vn -0.4699707 -0.01766013 0.8825053
vn 0.5176267 0.04402617 -0.8544731
vn -0.5179492 -0.01729357 0.8552366
vn 0.5743767 0.04942324 -0.8170978
vn -0.5662775 -0.01769693 0.8240246
vn 0.5954587 0.04856696 -0.8019165
vn -0.6111255 -0.01843513 0.791319
vn 0.6269883 0.04565965 -0.7776895
vn -0.6524108 -0.01871187 0.7576345
vn 0.6859465 0.05475416 -0.725589
vn -0.6921676 -0.01909424 0.7214841
vn 0.7195113 0.0615529 -0.6917476
vn -0.7290151 -0.01972315 0.6842134
vn 0.7596413 0.05961814 -0.6476038
vn -0.7637716 -0.02091376 0.6451476
vn 0.8001873 0.06172699 -0.5965651
vn -0.7970062 -0.02250139 0.6035519
vn 0.8250272 0.06557876 -0.561275
vn -0.8260071 -0.02458701 0.5631232
vn 0.8473312 0.06528644 -0.5270366
vn -0.8517724 -0.02715252 0.523208
vn 0.8728157 0.06691997 -0.4834405
vn -0.8747627 -0.03034799 0.4836003
vn 0.897085 0.06750219 -0.4366716
vn -0.8940602 -0.03315952 0.446718
vn 0.9137672 0.07348007 -0.3995376
vn -0.9098707 -0.03691363 0.4132466
vn 0.921632 0.07938069 -0.3798594
vn -0.9245158 -0.04131575 0.3788976
vn 0.9389397 0.07423378 -0.3359786
vn -0.9376603 -0.04546741 0.3445661
vn 0.9535261 0.0685529 -0.2934086
vn -0.9484363 -0.05005301 0.312991
vn 0.9607695 0.06976993 -0.2684295
vn -0.957224 -0.05454993 0.2841594
vn 0.9730379 0.07457857 -0.2182552
vn -0.9654278 -0.05921468 0.2538558
vn 0.9805323 0.07612059 -0.181003
vn -0.9724193 -0.06352641 0.224422
vn 0.9806131 0.0769889 -0.1801961
vn -0.978256 -0.06886402 0.195635
vn 0.9808307 0.07389689 -0.1803066
vn -0.9826243 -0.07239593 0.170904
vn 0.9735062 0.07054908 -0.2175049
vn -0.9861759 -0.0758533 0.1473208
vn 0.9275013 0.06616739 -0.3679176
vn 0.2794778 -0.03608806 0.9594737
vn -0.9715075 0.1045902 -0.2126829
vn 0.8806241 -0.09540442 0.4641112
vn -0.9848892 0.1069354 -0.1362279
vn 0.9871614 -0.1054089 0.1200065
vn -0.9872768 0.1115439 -0.1133246
vn 0.9837446 -0.1033731 0.1468357
vn -0.9834212 0.1113705 -0.1431061
vn 0.9794327 -0.1016846 0.1742745
vn -0.9742589 0.1082921 -0.1977182
vn 0.9739084 -0.1000594 0.2036923
vn -0.9661083 0.1026171 -0.2368639
vn 0.9662166 -0.09826856 0.2382615
vn -0.9522911 0.09569589 -0.2897995
vn 0.9570915 -0.09575662 0.2735082
vn -0.940446 0.09818101 -0.3254565
vn 0.945275 -0.09313527 0.3126992
vn -0.933295 0.09888196 -0.3452288
vn 0.9319109 -0.09069985 0.3511631
vn -0.9159366 0.09959127 -0.3887697
vn 0.9165051 -0.0880992 0.3902012
vn -0.9037803 0.1049419 -0.4149317
vn 0.8953105 -0.08417588 0.4374171
vn -0.8741758 0.101388 -0.4749075
vn 0.8712728 -0.08050529 0.4841514
vn -0.8403653 0.08814356 -0.5348054
vn 0.8450516 -0.07691512 0.5291237
vn -0.8114781 0.07129288 -0.5800177
vn 0.81663 -0.07312135 0.5725109
vn -0.7692 0.08050779 -0.6339164
vn 0.7869012 -0.06997501 0.6130986
vn -0.7331947 0.07390468 -0.675991
vn 0.7483689 -0.06483334 0.6601065
vn -0.7017556 0.07690255 -0.7082548
vn 0.7106758 -0.06105357 0.7008655
vn -0.6649747 0.08215412 -0.7423338
vn 0.670902 -0.0571985 0.7393368
vn -0.6318406 0.08714946 -0.7701834
vn 0.6291478 -0.05347519 0.775444
vn -0.5937783 0.07976981 -0.8006648
vn 0.5856034 -0.04976453 0.8090687
vn -0.545521 0.06191483 -0.835807
vn 0.5394566 -0.04614569 0.840748
vn -0.4849145 0.06113149 -0.8724223
vn 0.4927323 -0.04218386 0.8691579
vn -0.4306642 0.04774141 -0.9012486
vn 0.4407684 -0.0382711 0.8968046
vn -0.3944691 0.05250128 -0.9174081
vn 0.3960715 -0.03536233 0.9175383
vn -0.3225627 0.0463502 -0.9454126
vn 0.3449663 -0.03217037 0.9380636
vn -0.2731979 0.04392985 -0.9609542
vn 0.3013753 -0.03008191 0.953031
vn -0.2384222 0.03668053 -0.9704686
vn 0.24508 -0.02757611 0.9691105
vn -0.1969305 0.03456014 -0.9798082
vn 0.1922384 -0.02533673 0.9810211
vn -0.1559633 0.03913246 -0.9869874
vn 0.1420575 -0.0256334 0.9895265
vn -0.1001826 0.03218117 -0.9944485
vn 0.08792388 -0.02553443 0.9957999
vn -0.03591259 0.03808089 -0.9986291
vn 0.04139479 -0.02539589 0.99882
vn 0.02580595 0.04664512 -0.9985781
vn -0.008658375 -0.02484323 0.9996539
vn 0.06320233 0.04333361 -0.9970596
vn -0.06079565 -0.02436417 0.9978529
vn 0.1242734 0.04336322 -0.9913001
vn -0.1134457 -0.02440899 0.9932443
vn 0.1596153 0.04718945 -0.9860507
vn -0.1698359 -0.02518318 0.9851506
vn 0.2122412 0.04135909 -0.9763417
vn -0.2232992 -0.02465317 0.9744382
vn 0.2595632 0.04272377 -0.9647805
vn -0.2770091 -0.02524924 0.9605355
vn 0.315329 0.04087071 -0.9481019
vn -0.3311593 -0.02467649 0.9432522
vn 0.3785129 0.04994533 -0.9242475
vn -0.376327 -0.02514502 0.9261456
vn 0.4243015 0.04933326 -0.9041761
vn -0.4272515 -0.02567933 0.9037681
vn 0.4760535 0.05316437 -0.8778079
vn -0.4771058 -0.02633777 0.8784512
vn 0.536924 0.05739666 -0.8416759
vn -0.526167 -0.02716813 0.8499472
vn 0.580024 0.05772012 -0.8125519
vn -0.5748368 -0.02835715 0.8177765
vn 0.5985438 0.06142565 -0.7987316
vn -0.6217382 -0.03063123 0.7826259
vn 0.6538225 0.06659231 -0.7537118
vn -0.6619093 -0.02992397 0.7489864
vn 0.6960241 0.06540139 -0.7150336
vn -0.6984215 -0.03186176 0.714977
vn 0.7211437 0.06252933 -0.6899579
vn -0.7360338 -0.03358641 0.6761111
vn 0.7661493 0.06500682 -0.6393663
vn -0.7707928 -0.03541742 0.6361006
vn 0.8102742 0.06903822 -0.5819703
vn -0.8040888 -0.03776035 0.5933087
vn 0.8303812 0.07472663 -0.5521622
vn -0.8324782 -0.04031768 0.5525888
vn 0.8556497 0.08094566 -0.5111864
vn -0.8584413 -0.04342669 0.5110702
vn 0.8789504 0.08516157 -0.4692481
vn -0.8811675 -0.04716528 0.470446
vn 0.9022459 0.08336683 -0.4230864
vn -0.9004783 -0.05101012 0.431899
vn 0.9186157 0.08124084 -0.3867107
vn -0.916579 -0.05446294 0.3961273
vn 0.9212295 0.08364575 -0.3799203
vn -0.9300949 -0.05833001 0.3626583
vn 0.9384736 0.08501778 -0.3347225
vn -0.9432179 -0.06286012 0.3261729
vn 0.9574507 0.09079322 -0.2739428
vn -0.9537067 -0.06772654 0.2930129
vn 0.9656559 0.09586405 -0.2414928
vn -0.9623832 -0.07188366 0.262014
vn 0.9745665 0.09539592 -0.2027795
vn -0.9696597 -0.07595792 0.2323587
vn 0.9791363 0.09411059 -0.180098
vn -0.9754829 -0.07977538 0.2051075
vn 0.9795794 0.09517843 -0.1771021
vn -0.9802099 -0.08439229 0.1790713
vn 0.9791514 0.09440789 -0.1798601
vn -0.9833488 -0.08540377 0.1604099
vn 0.9665484 0.09015206 -0.2401181
vn -0.986257 -0.08847165 0.1395341
vn 0.9388923 0.0792236 -0.33497
vn -0.7243442 0.002540212 0.6894338
vn -0.9721364 0.09608331 -0.2138198
vn 0.85966 -0.104878 0.4999852
vn -0.9837505 0.09815329 -0.1503356
vn 0.9872273 -0.1117528 0.1135506
vn -0.9852753 0.1029292 -0.1365216
vn 0.9841911 -0.1102926 0.1385766
vn -0.9843967 0.1100029 -0.1373412
vn 0.9796973 -0.1081186 0.1688295
vn -0.9750426 0.1092294 -0.1932893
vn 0.9743447 -0.1067334 0.1981421
vn -0.9677358 0.1121572 -0.2256285
vn 0.9671182 -0.1050372 0.2316238
vn -0.9557176 0.1092713 -0.2732466
vn 0.9585081 -0.1026778 0.2659314
vn -0.9355896 0.105522 -0.3369528
vn 0.9471093 -0.09998154 0.304939
vn -0.9307966 0.1128868 -0.3476699
vn 0.9339589 -0.09718101 0.3439137
vn -0.9167573 0.1128849 -0.3831618
vn 0.9200025 -0.09418707 0.3804265
vn -0.8957136 0.1130535 -0.4300185
vn 0.9031815 -0.09239257 0.4191978
vn -0.8904046 0.1141203 -0.4406316
vn 0.8818051 -0.08821961 0.4632893
vn -0.8551546 0.1057028 -0.5074816
vn 0.8567268 -0.08416569 0.508857
vn -0.8122954 0.1093168 -0.57291
vn 0.825371 -0.07919674 0.5590086
vn -0.7710683 0.1124596 -0.6267429
vn 0.7966821 -0.0764026 0.5995501
vn -0.7532251 0.1119726 -0.6481621
vn 0.7639561 -0.07210077 0.6412272
vn -0.7162622 0.1060608 -0.6897243
vn 0.7274644 -0.06809781 0.6827579
vn -0.677972 0.09932063 -0.728347
vn 0.6887006 -0.06387331 0.7222269
vn -0.6410828 0.08862751 -0.7623371
vn 0.6479416 -0.05971934 0.7593452
vn -0.6097254 0.08129489 -0.7884326
vn 0.6053429 -0.0553851 0.7940355
vn -0.5590386 0.08652999 -0.8246141
vn 0.554163 -0.049908 0.8309106
vn -0.5052817 0.08700559 -0.8585573
vn 0.5079662 -0.046229 0.8601356
vn -0.4497281 0.07793218 -0.8897591
vn 0.4541933 -0.04081964 0.8899676
vn -0.4111368 0.06486988 -0.9092625
vn 0.408413 -0.03795936 0.9120076
vn -0.3447788 0.06227181 -0.9366162
vn 0.3572819 -0.03408179 0.9333746
vn -0.2874335 0.05876542 -0.9559961
vn 0.3037008 -0.03077658 0.9522702
vn -0.2565652 0.05999343 -0.9646631
vn 0.256514 -0.02916515 0.9661004
vn -0.1980224 0.04976735 -0.9789333
vn 0.2001058 -0.0271315 0.9793985
vn -0.1443728 0.05665003 -0.9879004
vn 0.1492052 -0.02530941 0.9884823
vn -0.09849498 0.06214237 -0.9931954
vn 0.09578969 -0.02401422 0.9951119
vn -0.02122618 0.0667942 -0.997541
vn 0.0395488 -0.0228158 0.9989571
vn 0.02100961 0.06224465 -0.9978397
vn -0.0111713 -0.02266465 0.9996807
vn 0.06095065 0.05830044 -0.9964367
vn -0.06417898 -0.02325363 0.9976675
vn 0.1323023 0.05967007 -0.9894117
vn -0.1177976 -0.02385888 0.9927509
vn 0.1535879 0.05630396 -0.9865296
vn -0.1656221 -0.02460783 0.9858822
vn 0.2036084 0.06093935 -0.9771541
vn -0.2185472 -0.02626805 0.9754727
vn 0.2554936 0.06737174 -0.9644604
vn -0.2729324 -0.02806382 0.9616237
vn 0.3128605 0.06488109 -0.9475805
vn -0.3262523 -0.02861013 0.9448497
vn 0.3727982 0.06060402 -0.9259313
vn -0.3814382 -0.03009993 0.9239041
vn 0.4324295 0.06111655 -0.899594
vn -0.4326839 -0.03208579 0.9009746
vn 0.4848768 0.06392185 -0.8722433
vn -0.4817297 -0.03341062 0.8756827
vn 0.5407431 0.06460093 -0.8387036
vn -0.5326719 -0.03580713 0.8455641
vn 0.5873229 0.06730009 -0.8065497
vn -0.5809339 -0.03868854 0.8130307
vn 0.6041077 0.06978451 -0.7938413
vn -0.6210041 -0.04201661 0.7826803
vn 0.6430435 0.06878352 -0.7627345
vn -0.66081 -0.04244406 0.7493521
vn 0.6938385 0.06901192 -0.7168162
vn -0.703581 -0.04599893 0.7091247
vn 0.731558 0.0769406 -0.6774237
vn -0.7406814 -0.04820189 0.6701251
vn 0.7762995 0.08302613 -0.6248726
vn -0.7759604 -0.05112547 0.6287062
vn 0.8155508 0.08290482 -0.5727159
vn -0.8086333 -0.05415979 0.5858147
vn 0.8396305 0.08476894 -0.5365023
vn -0.8371312 -0.05731847 0.5439909
vn 0.8614836 0.0898755 -0.4997684
vn -0.8633958 -0.061402 0.5007768
vn 0.8787969 0.0924265 -0.4681596
vn -0.8867053 -0.06576096 0.4576344
vn 0.9006321 0.09203506 -0.424725
vn -0.9059255 -0.06946203 0.4177009
vn 0.9226874 0.09181385 -0.3744573
vn -0.9226856 -0.07323483 0.3785338
vn 0.9279007 0.09668342 -0.360073
vn -0.9359518 -0.07751738 0.3434899
vn 0.9465159 0.1003663 -0.3066501
vn -0.9483147 -0.08187181 0.3065882
vn 0.9605579 0.09708653 -0.2605817
vn -0.9581366 -0.08625027 0.2730115
vn 0.9659476 0.09154885 -0.242
vn -0.9660997 -0.0895889 0.2421262
vn 0.9759014 0.08946561 -0.1990288
vn -0.9728859 -0.09304542 0.2117442
vn 0.9807289 0.09185713 -0.1724324
vn -0.977885 -0.09668935 0.1854508
vn 0.9796528 0.09568076 -0.176425
vn -0.9821591 -0.0993741 0.1596505
vn 0.9730899 0.09670156 -0.2091525
vn -0.9850215 -0.1018201 0.1391596
vn 0.9488618 0.0913666 -0.302181
vn -0.8940945 -0.0515644 0.4449002
vn -0.9680259 0.1186653 -0.2210075
vn 0.9324765 -0.1324105 0.336088
vn -0.9809379 0.1197679 -0.1530247
vn 0.9866942 -0.1175123 0.1123627
vn -0.9791682 0.1277141 -0.1578566
vn 0.9840482 -0.1176282 0.1334641
vn -0.9801509 0.1256157 -0.1533779
vn 0.9802226 -0.1155658 0.1606491
vn -0.9748204 0.1270549 -0.1832545
vn 0.9751256 -0.1139756 0.1901048
vn -0.9607861 0.1298098 -0.2450298
vn 0.9683644 -0.1124535 0.2227657
vn -0.9552512 0.1369988 -0.2621576
vn 0.9601273 -0.1103335 0.25687
vn -0.9379332 0.1321851 -0.3206376
vn 0.9493095 -0.108266 0.29511
vn -0.9195816 0.128049 -0.3714473
vn 0.9366536 -0.1058961 0.3338653
vn -0.9119119 0.1325259 -0.3883987
vn 0.9195864 -0.1022909 0.3793383
vn -0.9050734 0.1222004 -0.4073195
vn 0.8995172 -0.09865098 0.4256017
vn -0.8834806 0.1145797 -0.4542393
vn 0.8765014 -0.09460814 0.4720111
vn -0.8441461 0.1135816 -0.5239432
vn 0.8505737 -0.09044242 0.5180198
vn -0.7914412 0.109531 -0.6013515
vn 0.8219185 -0.08627029 0.563034
vn -0.7639319 0.1067007 -0.6364142
vn 0.7907844 -0.08189901 0.6065909
vn -0.7354861 0.1082281 -0.6688399
vn 0.7565923 -0.07721628 0.6493117
vn -0.707992 0.1105471 -0.6975147
vn 0.7197242 -0.07219562 0.6904961
vn -0.689422 0.1011302 -0.7172656
vn 0.6808948 -0.06715631 0.7292957
vn -0.6455604 0.09235027 -0.7581051
vn 0.6393759 -0.06233878 0.7663631
vn -0.5888275 0.09647115 -0.8024809
vn 0.5968925 -0.05780325 0.8002362
vn -0.5345498 0.0971034 -0.83954
vn 0.5502272 -0.05294285 0.833335
vn -0.4974898 0.09455369 -0.8623013
vn 0.4999642 -0.04793119 0.8647186
vn -0.4676246 0.08648492 -0.8796862
vn 0.4486974 -0.04350038 0.8926244
vn -0.3904159 0.0841137 -0.916788
vn 0.3998434 -0.03939085 0.9157366
vn -0.3256927 0.08482209 -0.9416631
vn 0.3504809 -0.03579922 0.9358855
vn -0.2820164 0.07904571 -0.9561477
vn 0.2970859 -0.03343567 0.9542652
vn -0.2492319 0.07765294 -0.9653257
vn 0.2426053 -0.03133504 0.969619
vn -0.1738182 0.07993393 -0.9815283
vn 0.1905196 -0.02927314 0.9812469
vn -0.1272939 0.081971 -0.988472
vn 0.1381314 -0.02645216 0.9900606
vn -0.07733671 0.07875452 -0.9938897
vn 0.08265149 -0.02488977 0.9962677
vn -0.02602438 0.06806342 -0.9973415
vn 0.02896207 -0.02379462 0.9992972
vn 0.02661049 0.06694911 -0.9974015
vn -0.02443523 -0.02383465 0.9994172
vn 0.07859606 0.07301901 -0.9942287
vn -0.07848676 -0.02498862 0.9966019
vn 0.1306168 0.06907025 -0.989024
vn -0.1315625 -0.02564646 0.9909761
vn 0.1826885 0.07058783 -0.9806336
vn -0.1863362 -0.02680956 0.9821202
vn 0.2357218 0.07906426 -0.968599
vn -0.2403287 -0.02959385 0.9702403
vn 0.2711695 0.08030011 -0.9591762
vn -0.2925851 -0.03178878 0.9557109
vn 0.3245481 0.08157145 -0.9423453
vn -0.3458075 -0.03395633 0.9376909
vn 0.3823051 0.08108444 -0.9204716
vn -0.3978178 -0.03648346 0.9167387
vn 0.4506546 0.08115933 -0.8890014
vn -0.4487726 -0.03927304 0.8927826
vn 0.5030664 0.0852183 -0.860036
vn -0.499265 -0.04293225 0.865385
vn 0.5513883 0.08756492 -0.8296406
vn -0.5506287 -0.04639698 0.8334599
vn 0.5948454 0.0844357 -0.7993934
vn -0.5963295 -0.04948689 0.8012129
vn 0.6151994 0.08949125 -0.7832758
vn -0.6379319 -0.05262456 0.7682927
vn 0.6632459 0.09409752 -0.7424625
vn -0.6553252 -0.03892617 0.7543431
vn 0.7113655 0.09610793 -0.6962202
vn -0.71572 -0.02683963 0.6978715
vn 0.749149 0.1011593 -0.6546317
vn -0.7556599 -0.03654585 0.6539439
vn 0.778429 0.1027434 -0.6192673
vn -0.7852485 -0.04234978 0.6177307
vn 0.8186585 0.09618964 -0.5661677
vn -0.8195746 -0.04765337 0.5709874
vn 0.850484 0.09793369 -0.5168036
vn -0.8503476 -0.05990891 0.5227999
vn 0.8707847 0.1033357 -0.4806826
vn -0.8711791 -0.06825394 0.4861977
vn 0.8852326 0.1051359 -0.4531113
vn -0.8939187 -0.07286318 0.4422673
vn 0.9077088 0.1093757 -0.4050947
vn -0.9137847 -0.07972933 0.3982973
vn 0.9220889 0.1071629 -0.3718444
vn -0.9271193 -0.08335677 0.3653787
vn 0.9311314 0.1053889 -0.3491238
vn -0.9406739 -0.08536812 0.3283971
vn 0.9462124 0.1023515 -0.3069306
vn -0.9521612 -0.08671281 0.2930357
vn 0.9574394 0.09793258 -0.2715125
vn -0.9630357 -0.09215662 0.2531193
vn 0.9680936 0.1019918 -0.2288942
vn -0.9703239 -0.1011154 0.2196529
vn 0.9785872 0.1047261 -0.1771995
vn -0.9753354 -0.1067179 0.193215
vn 0.9815587 0.1028876 -0.16111
vn -0.9790851 -0.107939 0.1724571
vn 0.9808927 0.0999467 -0.1669136
vn -0.9827101 -0.1055312 0.1521318
vn 0.9621387 0.1001895 -0.2534782
vn -0.9593381 -0.08160701 0.2702049
vn -0.9493789 0.1316054 -0.2852362
vn 0.2376699 -0.003126681 0.9713409
vn -0.966574 0.1375452 -0.21637
vn 0.9851073 -0.1019638 0.138445
vn -0.9772893 0.1420908 -0.1572129
vn 0.9845198 -0.1223651 0.1254889
vn -0.9772673 0.1405215 -0.1587526
vn 0.9820439 -0.1221439 0.1437728
vn -0.9771104 0.1393803 -0.1607117
vn 0.9784428 -0.1164493 0.1705558
vn -0.9638907 0.1362159 -0.2288227
vn 0.9714351 -0.1087148 0.210938
vn -0.951636 0.136529 -0.2752252
vn 0.9630096 -0.1075459 0.2470757
vn -0.9472398 0.1405946 -0.2880451
vn 0.9535442 -0.1071699 0.2815458
vn -0.932537 0.1328237 -0.3357568
vn 0.9439433 -0.1027204 0.3137186
vn -0.9176682 0.1204906 -0.3786385
vn 0.9291977 -0.09238435 0.3578502
vn -0.9115911 0.1219058 -0.3926074
vn 0.9099168 -0.08642006 0.4056882
vn -0.8974344 0.1259411 -0.4227887
vn 0.8920931 -0.08253685 0.4442495
vn -0.8604296 0.1277446 -0.4932974
vn 0.8639966 -0.07296425 0.4981827
vn -0.8203272 0.1293352 -0.5570778
vn 0.8355447 -0.07258929 0.5446061
vn -0.7806683 0.1215814 -0.6130048
vn 0.8073942 -0.07292638 0.5854881
vn -0.7487774 0.1179956 -0.6522343
vn 0.7710166 -0.07181418 0.6327527
vn -0.7195623 0.1166703 -0.6845568
vn 0.740569 -0.07402299 0.6678908
vn -0.7082092 0.1112358 -0.6971846
vn 0.7087793 -0.06577991 0.7023565
vn -0.6588074 0.1103402 -0.7441759
vn 0.6625587 -0.05252946 0.7471658
vn -0.6045265 0.1131667 -0.7885056
vn 0.6213375 -0.04701345 0.7821313
vn -0.5679212 0.1082526 -0.8159331
vn 0.5796587 -0.03975081 0.8138891
vn -0.5178608 0.09826364 -0.8498026
vn 0.5284571 -0.03079657 0.8484013
vn -0.4807726 0.09972693 -0.8711557
vn 0.4750416 -0.02573963 0.8795868
vn -0.4246475 0.1032509 -0.8994519
vn 0.4296573 -0.02095415 0.9027488
vn -0.3572233 0.0986477 -0.928795
vn 0.3735568 -0.01442392 0.9274952
vn -0.3124121 0.09423508 -0.9452611
vn 0.319261 -0.01495375 0.9475489
vn -0.2681138 0.08918536 -0.9592503
vn 0.2734576 -0.01241598 0.9618039
vn -0.1936953 0.08752029 -0.9771501
vn 0.208603 -0.007137056 0.9779743
vn -0.1423469 0.08982734 -0.9857325
vn 0.1622251 -0.01075474 0.9866951
vn -0.1155386 0.08503163 -0.9896567
vn 0.1117899 -0.00774837 0.9937017
vn -0.06137651 0.08232079 -0.9947141
vn 0.04901003 -0.00475495 0.998787
vn 0.009611248 0.08080491 -0.9966836
vn -0.001698008 -0.006181744 0.9999795
vn 0.06907704 0.0793385 -0.9944515
vn -0.05875766 -0.005068867 0.9982594
vn 0.1062524 0.08182878 -0.9909664
vn -0.1108449 -0.005820834 0.9938207
vn 0.165964 0.08299311 -0.9826332
vn -0.1704396 -0.009038825 0.9853266
vn 0.2271441 0.08579446 -0.9700747
vn -0.2253077 -0.01470486 0.9741767
vn 0.2621263 0.09048413 -0.9607821
vn -0.2778112 -0.01928984 0.960442
vn 0.307916 0.09377754 -0.9467806
vn -0.3253423 -0.02086367 0.9453662
vn 0.3590418 0.09480444 -0.928494
vn -0.3779702 -0.01842319 0.9256344
vn 0.4282968 0.09695648 -0.8984215
vn -0.4390517 -0.02257195 0.8981783
vn 0.4862497 0.09691014 -0.8684294
vn -0.4829775 -0.02870648 0.8751621
vn 0.5342724 0.09592248 -0.8398523
vn -0.5370724 -0.03270313 0.842902
vn 0.5781984 0.09670034 -0.8101454
vn -0.5840555 -0.03887869 0.8107821
vn 0.6184307 0.09826158 -0.7796717
vn -0.626986 -0.04432695 0.7777683
vn 0.646632 0.1041844 -0.7556539
vn -0.6126562 -0.0488271 0.7888397
vn -0.170119 -0.9751146 -0.1421656
vn -0.490507 -0.8624233 -0.1250162
vn -0.01879347 -0.9895366 -0.1430526
vn 0.001668762 -0.9875432 -0.1573395
vn -0.01325642 -0.9857858 -0.167483
vn -0.004657506 -0.9848059 -0.1735962
vn -0.008236268 -0.983473 -0.180867
vn -0.0126848 -0.9856378 -0.168396
vn -0.006641529 -0.9845579 -0.1749331
vn -0.008120649 -0.9862475 -0.1650759
vn 0.02613501 -0.9872003 -0.1573295
vn 0.02252778 -0.985688 -0.1670679
vn 0.02462955 -0.9856316 -0.1671041
vn 0.2024146 -0.9598659 -0.1941281
vn 0.4770356 -0.8663542 -0.1478766
vn -0.7350314 -0.6736774 -0.07673217
vn 0.6214417 -0.778775 -0.08555569
vn -0.8149679 -0.5679412 -0.1151961
vn 0.7989601 -0.6003262 -0.03565446
vn -0.9176015 -0.3920363 -0.06568842
vn 0.9287198 -0.3684521 -0.04150346
vn -0.9601474 -0.2533 -0.1181355
vn 0.9573218 -0.27408 -0.09173464
vn -0.9804561 -0.1698631 -0.0992591
vn 0.9817662 -0.1639482 -0.09620897
vn -0.9816259 -0.1613664 -0.1018413
vn 0.9800758 -0.1167845 -0.1606633
vn -0.9960736 -0.08037441 -0.03711342
vn 0.9832957 -0.1042186 -0.149225
vn -0.996343 -0.04583935 -0.07210655
vn 0.9868306 -0.04186011 -0.1562472
vn -0.998143 -0.01967787 -0.05764823
vn 0.9819273 -0.02011574 -0.188186
vn -0.9993559 -0.004207447 -0.03564115
vn 0.9822858 0.004045107 -0.1873449
vn -0.9999919 -0.003804665 0.00135814
vn 0.9809746 0.005470347 -0.1940595
vn -0.9996301 0.01964411 0.01881368
vn 0.9895018 -0.01973225 -0.1431669
vn -0.9990221 0.03063844 0.03187644
vn 0.9953246 0.02066605 -0.09435
vn -0.9988399 0.03332656 0.03475881
vn 0.9954489 0.03394094 -0.08904846
vn -0.9970083 0.04993599 0.05900032
vn 0.9974743 0.01926613 -0.06836659
vn -0.9946866 0.07673856 0.06862724
vn 0.9958946 0.04517586 -0.07844257
vn -0.9951426 0.09408022 0.0289878
vn 0.9931562 0.04157778 -0.1091426
vn -0.9979519 0.06364083 0.006474469
vn 0.996617 0.04699432 -0.06742539
vn -0.995322 0.06131937 0.0746593
vn 0.9935372 0.05824405 -0.09742337
vn -0.9916655 0.1150515 0.05798861
vn 0.9961591 0.05394849 -0.06896717
vn -0.990723 0.1329109 -0.02833572
vn 0.9941002 0.1037931 -0.03149069
vn -0.9949359 0.0999364 -0.01073234
vn 0.9904078 0.1284741 -0.05086079
vn -0.9937564 0.09771422 0.05385305
vn 0.984955 0.120117 -0.1242401
vn -0.9860674 0.1450826 0.08137701
vn 0.8119103 0.3598107 -0.459715
vn 0.02910323 0.9993742 -0.02010634
vn 0.004770923 0.9987552 -0.04965138
vn -0.01434608 0.9972098 -0.07325935
vn 0.07378587 0.9971402 0.01633517
vn 0.0984375 0.9950975 0.009543999
vn 0.1118476 0.9937153 -0.004484077
vn -0.07134832 0.9599907 -0.2707899
vn 0.04894285 0.9936713 -0.101104
vn 0.006740676 0.9743657 -0.2248692
vn -0.1549017 0.9007429 -0.4057927
vn -0.0814923 0.9573447 -0.2772185
vn -0.1923375 0.8501891 -0.4900864
vn 0.1671546 0.9761968 0.1381993
vn 0.4441155 0.6724373 0.592106
vn 0.5624016 0.8252396 -0.05180543
vn -0.1526612 0.7096187 -0.6878487
vn 0.9786119 0.1387195 -0.1519065
vn -0.9601064 0.278412 -0.02612058
vn 0.1360744 0.9105474 -0.3903682
vn -0.164667 0.9860453 -0.02448334
vn 0.1630706 0.6420104 -0.7491534
vn -0.2552969 0.9506662 -0.1762306
vn -0.2547365 0.9454746 0.202946
vn 0.1519402 0.8380136 -0.5240681
vn 0.01491178 0.9133676 -0.4068627
vn -0.2498745 0.9669163 0.05133833
vn 0.113036 0.8427697 -0.5262719
vn -0.1265108 0.9746704 -0.1844249
vn -0.2794428 0.9377123 0.2064157
vn -0.05112104 0.997396 -0.05087052
vn -0.05779279 0.9981612 -0.01827912
vn 0.05247659 0.986411 -0.1556905
vn 0.03743523 0.9866015 -0.1587951
vn 0.03943511 0.9821319 -0.184016
vn -0.02931242 0.9908895 -0.1314485
vn -0.1202403 0.9925174 -0.02125155
vn 0.06149943 0.9820765 -0.1781671
vn -0.02463839 0.9938551 -0.1079111
vn -0.03242629 0.9954347 -0.08976776
vn -0.0001377685 0.9973141 -0.07324429
vn -0.07531853 0.9971368 -0.006733442
vn 0.1092073 0.9875357 -0.1133452
vn -0.0631031 0.9978055 -0.02005279
vn 0.02601788 0.9982135 -0.05378464
vn 0.001860611 0.9988915 -0.04703545
vn 0.1378713 0.9867803 -0.08518331
vn -0.01973839 0.998251 -0.05572391
vn -0.05397216 0.9974152 -0.04743331
vn -0.06003483 0.9970838 -0.04711225
vn 0.1240474 0.9909729 -0.05084255
vn 0.01585401 0.9983589 -0.05502725
vn -0.06169207 0.9965836 -0.05491023
vn 0.05583915 0.9973349 -0.04695921
vn -0.01785807 0.997735 -0.0648547
vn -0.0779621 0.9939473 -0.07739925
vn -0.02958519 0.9978656 -0.05821498
vn -0.04676224 0.9966797 -0.06665517
vn -0.018493 0.9976662 -0.06572803
vn 0.1332589 0.990997 0.01292881
vn -0.06103667 0.9851866 -0.1602551
vn 0.1162039 0.9922665 -0.04363127
vn -0.03377608 0.9840927 -0.1744156
vn 0.8413082 0.2449986 -0.4818466
f 2859//2859 2860//2860 1//1
f 2859//2859 2//2 2860//2860
f 2859//2859 1//1 3//3
f 2859//2859 4//4 2//2
f 2859//2859 3//3 5//5
f 2859//2859 6//6 4//4
f 2859//2859 5//5 7//7
f 2859//2859 8//8 6//6
f 2859//2859 7//7 9//9
f 2859//2859 10//10 8//8
f 2859//2859 9//9 11//11
f 2859//2859 12//12 10//10
f 2861//2861 2859//2859 11//11
f 2861//2861 12//12 2859//2859
f 2861//2861 11//11 13//13
f 2861//2861 14//14 12//12
f 2862//2862 2861//2861 13//13
f 2862//2862 14//14 2861//2861
f 2862//2862 13//13 15//15
f 2862//2862 16//16 14//14
f 2863//2863 2862//2862 15//15
f 2863//2863 16//16 2862//2862
f 2863//2863 15//15 17//17
f 2863//2863 18//18 16//16
f 2864//2864 2863//2863 17//17
f 2864//2864 18//18 2863//2863
f 2864//2864 17//17 19//19
f 2864//2864 20//20 18//18
f 2865//2865 2864//2864 19//19
f 2865//2865 20//20 2864//2864
f 2865//2865 19//19 21//21
f 2865//2865 22//22 20//20
f 2866//2866 2865//2865 21//21
f 2866//2866 22//22 2865//2865
f 2866//2866 21//21 23//23
f 2866//2866 24//24 22//22
f 2867//2867 2866//2866 23//23
f 2867//2867 24//24 2866//2866
f 2867//2867 23//23 25//25
f 2867//2867 26//26 24//24
f 2868//2868 2867//2867 25//25
f 2868//2868 26//26 2867//2867
f 2868//2868 25//25 27//27
f 2868//2868 28//28 26//26
f 2869//2869 2868//2868 27//27
f 2869//2869 28//28 2868//2868
f 2869//2869 27//27 29//29
f 2869//2869 30//30 28//28
f 2870//2870 2869//2869 29//29
f 2870//2870 30//30 2869//2869
f 2870//2870 29//29 31//31
f 2870//2870 32//32 30//30
f 2871//2871 2870//2870 31//31
f 2871//2871 32//32 2870//2870
f 2871//2871 31//31 33//33
f 2871//2871 34//34 32//32
f 2872//2872 2871//2871 33//33
f 2872//2872 34//34 2871//2871
f 2872//2872 33//33 35//35
f 2872//2872 36//36 34//34
f 2872//2872 35//35 37//37
f 2872//2872 38//38 36//36
f 2872//2872 37//37 39//39
f 2872//2872 40//40 38//38
f 2872//2872 39//39 41//41
f 2872//2872 42//42 40//40
f 2872//2872 41//41 2873//2873
f 2872//2872 2873//2873 42//42
f 2860//2860 2874//2874 43//43
f 2860//2860 44//44 2874//2874
f 2860//2860 43//43 45//45
f 2860//2860 46//46 44//44
f 2860//2860 45//45 47//47
f 2860//2860 48//48 46//46
f 2860//2860 47//47 49//49
f 2860//2860 50//50 48//48
f 2860//2860 49//49 51//51
f 2860//2860 52//52 50//50
f 2860//2860 51//51 53//53
f 2860//2860 54//54 52//52
f 1//1 2860//2860 53//53
f 2//2 54//54 2860//2860
f 1//1 53//53 55//55
f 2//2 56//56 54//54
f 3//3 1//1 55//55
f 4//4 56//56 2//2
f 5//5 3//3 55//55
f 6//6 56//56 4//4
f 5//5 55//55 57//57
f 6//6 58//58 56//56
f 7//7 5//5 57//57
f 8//8 58//58 6//6
f 7//7 57//57 59//59
f 8//8 60//60 58//58
f 9//9 7//7 59//59
f 10//10 60//60 8//8
f 9//9 59//59 61//61
f 10//10 62//62 60//60
f 11//11 9//9 61//61
f 12//12 62//62 10//10
f 11//11 61//61 63//63
f 12//12 64//64 62//62
f 13//13 11//11 63//63
f 14//14 64//64 12//12
f 13//13 63//63 65//65
f 14//14 66//66 64//64
f 15//15 13//13 65//65
f 16//16 66//66 14//14
f 15//15 65//65 67//67
f 16//16 68//68 66//66
f 17//17 15//15 67//67
f 18//18 68//68 16//16
f 17//17 67//67 69//69
f 18//18 70//70 68//68
f 19//19 17//17 69//69
f 20//20 70//70 18//18
f 19//19 69//69 71//71
f 20//20 72//72 70//70
f 21//21 19//19 71//71
f 22//22 72//72 20//20
f 21//21 71//71 73//73
f 22//22 74//74 72//72
f 23//23 21//21 73//73
f 24//24 74//74 22//22
f 23//23 73//73 75//75
f 24//24 76//76 74//74
f 25//25 23//23 75//75
f 26//26 76//76 24//24
f 25//25 75//75 77//77
f 26//26 78//78 76//76
f 27//27 25//25 77//77
f 28//28 78//78 26//26
f 27//27 77//77 79//79
f 28//28 80//80 78//78
f 29//29 27//27 79//79
f 30//30 80//80 28//28
f 29//29 79//79 81//81
f 30//30 82//82 80//80
f 31//31 29//29 81//81
f 32//32 82//82 30//30
f 31//31 81//81 83//83
f 32//32 84//84 82//82
f 33//33 31//31 83//83
f 34//34 84//84 32//32
f 33//33 83//83 85//85
f 34//34 86//86 84//84
f 35//35 33//33 85//85
f 36//36 86//86 34//34
f 35//35 85//85 87//87
f 36//36 88//88 86//86
f 37//37 35//35 87//87
f 38//38 88//88 36//36
f 37//37 87//87 89//89
f 38//38 90//90 88//88
f 39//39 37//37 89//89
f 40//40 90//90 38//38
f 39//39 89//89 91//91
f 40//40 92//92 90//90
f 41//41 39//39 91//91
f 42//42 92//92 40//40
f 41//41 91//91 93//93
f 42//42 94//94 92//92
f 2873//2873 41//41 93//93
f 2873//2873 94//94 42//42
f 2873//2873 93//93 95//95
f 2873//2873 96//96 94//94
f 2873//2873 95//95 97//97
f 2873//2873 98//98 96//96
f 2873//2873 97//97 99//99
f 2873//2873 100//100 98//98
f 2873//2873 99//99 101//101
f 2873//2873 102//102 100//100
f 2873//2873 101//101 103//103
f 2873//2873 104//104 102//102
f 2873//2873 103//103 2875//2875
f 2873//2873 2875//2875 104//104
f 2874//2874 2876//2876 105//105
f 2874//2874 106//106 2876//2876
f 2874//2874 105//105 107//107
f 2874//2874 108//108 106//106
f 2874//2874 107//107 109//109
f 2874//2874 110//110 108//108
f 2874//2874 109//109 111//111
f 2874//2874 112//112 110//110
f 43//43 2874//2874 111//111
f 44//44 112//112 2874//2874
f 43//43 111//111 113//113
f 44//44 114//114 112//112
f 45//45 43//43 113//113
f 46//46 114//114 44//44
f 45//45 113//113 115//115
f 46//46 116//116 114//114
f 47//47 45//45 115//115
f 48//48 116//116 46//46
f 49//49 47//47 115//115
f 50//50 116//116 48//48
f 49//49 115//115 117//117
f 50//50 118//118 116//116
f 51//51 49//49 117//117
f 52//52 118//118 50//50
f 51//51 117//117 119//119
f 52//52 120//120 118//118
f 53//53 51//51 119//119
f 54//54 120//120 52//52
f 53//53 119//119 121//121
f 54//54 122//122 120//120
f 55//55 53//53 121//121
f 56//56 122//122 54//54
f 55//55 121//121 123//123
f 56//56 124//124 122//122
f 57//57 55//55 123//123
f 58//58 124//124 56//56
f 57//57 123//123 125//125
f 58//58 126//126 124//124
f 57//57 125//125 127//127
f 58//58 128//128 126//126
f 59//59 57//57 127//127
f 60//60 128//128 58//58
f 59//59 127//127 129//129
f 60//60 130//130 128//128
f 61//61 59//59 129//129
f 62//62 130//130 60//60
f 61//61 129//129 131//131
f 62//62 132//132 130//130
f 63//63 61//61 131//131
f 64//64 132//132 62//62
f 63//63 131//131 133//133
f 64//64 134//134 132//132
f 65//65 63//63 133//133
f 66//66 134//134 64//64
f 65//65 133//133 135//135
f 66//66 136//136 134//134
f 67//67 65//65 135//135
f 68//68 136//136 66//66
f 67//67 135//135 137//137
f 68//68 138//138 136//136
f 69//69 67//67 137//137
f 70//70 138//138 68//68
f 69//69 137//137 139//139
f 70//70 140//140 138//138
f 71//71 69//69 139//139
f 72//72 140//140 70//70
f 71//71 139//139 141//141
f 72//72 142//142 140//140
f 73//73 71//71 141//141
f 74//74 142//142 72//72
f 73//73 141//141 143//143
f 74//74 144//144 142//142
f 75//75 73//73 143//143
f 76//76 144//144 74//74
f 77//77 75//75 143//143
f 78//78 144//144 76//76
f 77//77 143//143 145//145
f 78//78 146//146 144//144
f 79//79 77//77 145//145
f 80//80 146//146 78//78
f 79//79 145//145 147//147
f 80//80 148//148 146//146
f 81//81 79//79 147//147
f 82//82 148//148 80//80
f 81//81 147//147 149//149
f 82//82 150//150 148//148
f 83//83 81//81 149//149
f 84//84 150//150 82//82
f 83//83 149//149 151//151
f 84//84 152//152 150//150
f 85//85 83//83 151//151
f 86//86 152//152 84//84
f 85//85 151//151 153//153
f 86//86 154//154 152//152
f 87//87 85//85 153//153
f 88//88 154//154 86//86
f 87//87 153//153 155//155
f 88//88 156//156 154//154
f 89//89 87//87 155//155
f 90//90 156//156 88//88
f 89//89 155//155 157//157
f 90//90 158//158 156//156
f 91//91 89//89 157//157
f 92//92 158//158 90//90
f 91//91 157//157 159//159
f 92//92 160//160 158//158
f 93//93 91//91 159//159
f 94//94 160//160 92//92
f 93//93 159//159 161//161
f 94//94 162//162 160//160
f 95//95 93//93 161//161
f 96//96 162//162 94//94
f 95//95 161//161 163//163
f 96//96 164//164 162//162
f 97//97 95//95 163//163
f 98//98 164//164 96//96
f 97//97 163//163 165//165
f 98//98 166//166 164//164
f 99//99 97//97 165//165
f 100//100 166//166 98//98
f 99//99 165//165 167//167
f 100//100 168//168 166//166
f 101//101 99//99 167//167
f 102//102 168//168 100//100
f 101//101 167//167 169//169
f 102//102 170//170 168//168
f 103//103 101//101 169//169
f 104//104 170//170 102//102
f 103//103 169//169 171//171
f 104//104 172//172 170//170
f 2875//2875 103//103 171//171
f 2875//2875 172//172 104//104
f 2875//2875 171//171 173//173
f 2875//2875 174//174 172//172
f 2875//2875 173//173 175//175
f 2875//2875 176//176 174//174
f 2875//2875 175//175 177//177
f 2875//2875 178//178 176//176
f 2875//2875 177//177 179//179
f 2875//2875 180//180 178//178
f 2875//2875 179//179 181//181
f 2875//2875 182//182 180//180
f 2875//2875 181//181 2877//2877
f 2875//2875 2877//2877 182//182
f 2876//2876 2878//2878 183//183
f 2876//2876 184//184 2878//2878
f 2876//2876 183//183 185//185
f 2876//2876 186//186 184//184
f 2876//2876 185//185 187//187
f 2876//2876 188//188 186//186
f 2876//2876 187//187 189//189
f 2876//2876 190//190 188//188
f 2876//2876 189//189 191//191
f 2876//2876 192//192 190//190
f 105//105 2876//2876 191//191
f 106//106 192//192 2876//2876
f 105//105 191//191 193//193
f 106//106 194//194 192//192
f 107//107 105//105 193//193
f 108//108 194//194 106//106
f 107//107 193//193 195//195
f 108//108 196//196 194//194
f 109//109 107//107 195//195
f 110//110 196//196 108//108
f 109//109 195//195 197//197
f 110//110 198//198 196//196
f 111//111 109//109 197//197
f 112//112 198//198 110//110
f 113//113 111//111 197//197
f 114//114 198//198 112//112
f 113//113 197//197 199//199
f 114//114 200//200 198//198
f 115//115 113//113 199//199
f 116//116 200//200 114//114
f 115//115 199//199 201//201
f 116//116 202//202 200//200
f 117//117 115//115 201//201
f 118//118 202//202 116//116
f 117//117 201//201 203//203
f 118//118 204//204 202//202
f 119//119 117//117 203//203
f 120//120 204//204 118//118
f 119//119 203//203 205//205
f 120//120 206//206 204//204
f 121//121 119//119 205//205
f 122//122 206//206 120//120
f 121//121 205//205 207//207
f 122//122 208//208 206//206
f 123//123 121//121 207//207
f 124//124 208//208 122//122
f 123//123 207//207 209//209
f 124//124 210//210 208//208
f 125//125 123//123 209//209
f 126//126 210//210 124//124
f 125//125 209//209 211//211
f 126//126 212//212 210//210
f 127//127 125//125 211//211
f 128//128 212//212 126//126
f 127//127 211//211 213//213
f 128//128 214//214 212//212
f 127//127 213//213 215//215
f 128//128 216//216 214//214
f 129//129 127//127 215//215
f 130//130 216//216 128//128
f 129//129 215//215 217//217
f 130//130 218//218 216//216
f 131//131 129//129 217//217
f 132//132 218//218 130//130
f 131//131 217//217 219//219
f 132//132 220//220 218//218
f 133//133 131//131 219//219
f 134//134 220//220 132//132
f 133//133 219//219 221//221
f 134//134 222//222 220//220
f 135//135 133//133 221//221
f 136//136 222//222 134//134
f 135//135 221//221 223//223
f 136//136 224//224 222//222
f 137//137 135//135 223//223
f 138//138 224//224 136//136
f 137//137 223//223 225//225
f 138//138 226//226 224//224
f 139//139 137//137 225//225
f 140//140 226//226 138//138
f 141//141 139//139 225//225
f 142//142 226//226 140//140
f 141//141 225//225 227//227
f 142//142 228//228 226//226
f 141//141 227//227 229//229
f 142//142 230//230 228//228
f 143//143 141//141 229//229
f 144//144 230//230 142//142
f 143//143 229//229 231//231
f 144//144 232//232 230//230
f 145//145 143//143 231//231
f 146//146 232//232 144//144
f 147//147 145//145 231//231
f 148//148 232//232 146//146
f 147//147 231//231 233//233
f 148//148 234//234 232//232
f 147//147 233//233 235//235
f 148//148 236//236 234//234
f 149//149 147//147 235//235
f 150//150 236//236 148//148
f 151//151 149//149 235//235
f 152//152 236//236 150//150
f 151//151 235//235 237//237
f 152//152 238//238 236//236
f 153//153 151//151 237//237
f 154//154 238//238 152//152
f 153//153 237//237 239//239
f 154//154 240//240 238//238
f 155//155 153//153 239//239
f 156//156 240//240 154//154
f 155//155 239//239 241//241
f 156//156 242//242 240//240
f 157//157 155//155 241//241
f 158//158 242//242 156//156
f 157//157 241//241 243//243
f 158//158 244//244 242//242
f 159//159 157//157 243//243
f 160//160 244//244 158//158
f 159//159 243//243 245//245
f 160//160 246//246 244//244
f 161//161 159//159 245//245
f 162//162 246//246 160//160
f 161//161 245//245 247//247
f 162//162 248//248 246//246
f 163//163 161//161 247//247
f 164//164 248//248 162//162
f 163//163 247//247 249//249
f 164//164 250//250 248//248
f 165//165 163//163 249//249
f 166//166 250//250 164//164
f 165//165 249//249 251//251
f 166//166 252//252 250//250
f 167//167 165//165 251//251
f 168//168 252//252 166//166
f 167//167 251//251 253//253
f 168//168 254//254 252//252
f 169//169 167//167 253//253
f 170//170 254//254 168//168
f 169//169 253//253 255//255
f 170//170 256//256 254//254
f 171//171 169//169 255//255
f 172//172 256//256 170//170
f 171//171 255//255 257//257
f 172//172 258//258 256//256
f 173//173 171//171 257//257
f 174//174 258//258 172//172
f 173//173 257//257 259//259
f 174//174 260//260 258//258
f 175//175 173//173 259//259
f 176//176 260//260 174//174
f 175//175 259//259 261//261
f 176//176 262//262 260//260
f 177//177 175//175 261//261
f 178//178 262//262 176//176
f 177//177 261//261 263//263
f 178//178 264//264 262//262
f 179//179 177//177 263//263
f 180//180 264//264 178//178
f 179//179 263//263 265//265
f 180//180 266//266 264//264
f 181//181 179//179 265//265
f 182//182 266//266 180//180
f 2877//2877 181//181 265//265
f 2877//2877 266//266 182//182
f 2877//2877 265//265 267//267
f 2877//2877 268//268 266//266
f 2877//2877 267//267 269//269
f 2877//2877 270//270 268//268
f 2877//2877 269//269 271//271
f 2877//2877 272//272 270//270
f 2877//2877 271//271 273//273
f 2877//2877 274//274 272//272
f 2877//2877 273//273 2879//2879
f 2877//2877 2879//2879 274//274
f 2878//2878 2880//2880 275//275
f 2878//2878 276//276 2880//2880
f 2878//2878 275//275 277//277
f 2878//2878 278//278 276//276
f 2878//2878 277//277 279//279
f 2878//2878 280//280 278//278
f 183//183 2878//2878 279//279
f 184//184 280//280 2878//2878
f 183//183 279//279 281//281
f 184//184 282//282 280//280
f 185//185 183//183 281//281
f 186//186 282//282 184//184
f 187//187 185//185 281//281
f 188//188 282//282 186//186
f 187//187 281//281 283//283
f 188//188 284//284 282//282
f 189//189 187//187 283//283
f 190//190 284//284 188//188
f 189//189 283//283 285//285
f 190//190 286//286 284//284
f 191//191 189//189 285//285
f 192//192 286//286 190//190
f 191//191 285//285 287//287
f 192//192 288//288 286//286
f 193//193 191//191 287//287
f 194//194 288//288 192//192
f 193//193 287//287 289//289
f 194//194 290//290 288//288
f 195//195 193//193 289//289
f 196//196 290//290 194//194
f 195//195 289//289 291//291
f 196//196 292//292 290//290
f 197//197 195//195 291//291
f 198//198 292//292 196//196
f 197//197 291//291 293//293
f 198//198 294//294 292//292
f 199//199 197//197 293//293
f 200//200 294//294 198//198
f 199//199 293//293 295//295
f 200//200 296//296 294//294
f 201//201 199//199 295//295
f 202//202 296//296 200//200
f 201//201 295//295 297//297
f 202//202 298//298 296//296
f 203//203 201//201 297//297
f 204//204 298//298 202//202
f 203//203 297//297 299//299
f 204//204 300//300 298//298
f 205//205 203//203 299//299
f 206//206 300//300 204//204
f 205//205 299//299 301//301
f 206//206 302//302 300//300
f 207//207 205//205 301//301
f 208//208 302//302 206//206
f 207//207 301//301 303//303
f 208//208 304//304 302//302
f 209//209 207//207 303//303
f 210//210 304//304 208//208
f 209//209 303//303 305//305
f 210//210 306//306 304//304
f 211//211 209//209 305//305
f 212//212 306//306 210//210
f 211//211 305//305 307//307
f 212//212 308//308 306//306
f 213//213 211//211 307//307
f 214//214 308//308 212//212
f 213//213 307//307 309//309
f 214//214 310//310 308//308
f 215//215 213//213 309//309
f 216//216 310//310 214//214
f 215//215 309//309 311//311
f 216//216 312//312 310//310
f 217//217 215//215 311//311
f 218//218 312//312 216//216
f 217//217 311//311 313//313
f 218//218 314//314 312//312
f 219//219 217//217 313//313
f 220//220 314//314 218//218
f 219//219 313//313 315//315
f 220//220 316//316 314//314
f 221//221 219//219 315//315
f 222//222 316//316 220//220
f 221//221 315//315 317//317
f 222//222 318//318 316//316
f 223//223 221//221 317//317
f 224//224 318//318 222//222
f 223//223 317//317 319//319
f 224//224 320//320 318//318
f 225//225 223//223 319//319
f 226//226 320//320 224//224
f 225//225 319//319 321//321
f 226//226 322//322 320//320
f 227//227 225//225 321//321
f 228//228 322//322 226//226
f 227//227 321//321 323//323
f 228//228 324//324 322//322
f 229//229 227//227 323//323
f 230//230 324//324 228//228
f 229//229 323//323 325//325
f 230//230 326//326 324//324
f 231//231 229//229 325//325
f 232//232 326//326 230//230
f 231//231 325//325 327//327
f 232//232 328//328 326//326
f 233//233 231//231 327//327
f 234//234 328//328 232//232
f 233//233 327//327 329//329
f 234//234 330//330 328//328
f 235//235 233//233 329//329
f 236//236 330//330 234//234
f 235//235 329//329 331//331
f 236//236 332//332 330//330
f 237//237 235//235 331//331
f 238//238 332//332 236//236
f 237//237 331//331 333//333
f 238//238 334//334 332//332
f 239//239 237//237 333//333
f 240//240 334//334 238//238
f 239//239 333//333 335//335
f 240//240 336//336 334//334
f 241//241 239//239 335//335
f 242//242 336//336 240//240
f 241//241 335//335 337//337
f 242//242 338//338 336//336
f 243//243 241//241 337//337
f 244//244 338//338 242//242
f 243//243 337//337 339//339
f 244//244 340//340 338//338
f 245//245 243//243 339//339
f 246//246 340//340 244//244
f 245//245 339//339 341//341
f 246//246 342//342 340//340
f 247//247 245//245 341//341
f 248//248 342//342 246//246
f 247//247 341//341 343//343
f 248//248 344//344 342//342
f 249//249 247//247 343//343
f 250//250 344//344 248//248
f 249//249 343//343 345//345
f 250//250 346//346 344//344
f 251//251 249//249 345//345
f 252//252 346//346 250//250
f 251//251 345//345 347//347
f 252//252 348//348 346//346
f 253//253 251//251 347//347
f 254//254 348//348 252//252
f 253//253 347//347 349//349
f 254//254 350//350 348//348
f 255//255 253//253 349//349
f 256//256 350//350 254//254
f 255//255 349//349 351//351
f 256//256 352//352 350//350
f 257//257 255//255 351//351
f 258//258 352//352 256//256
f 257//257 351//351 353//353
f 258//258 354//354 352//352
f 259//259 257//257 353//353
f 260//260 354//354 258//258
f 259//259 353//353 355//355
f 260//260 356//356 354//354
f 261//261 259//259 355//355
f 262//262 356//356 260//260
f 261//261 355//355 357//357
f 262//262 358//358 356//356
f 263//263 261//261 357//357
f 264//264 358//358 262//262
f 263//263 357//357 359//359
f 264//264 360//360 358//358
f 265//265 263//263 359//359
f 266//266 360//360 264//264
f 265//265 359//359 361//361
f 266//266 362//362 360//360
f 267//267 265//265 361//361
f 268//268 362//362 266//266
f 267//267 361//361 363//363
f 268//268 364//364 362//362
f 269//269 267//267 363//363
f 270//270 364//364 268//268
f 269//269 363//363 365//365
f 270//270 366//366 364//364
f 271//271 269//269 365//365
f 272//272 366//366 270//270
f 271//271 365//365 367//367
f 272//272 368//368 366//366
f 273//273 271//271 367//367
f 274//274 368//368 272//272
f 2879//2879 273//273 367//367
f 2879//2879 368//368 274//274
f 2879//2879 367//367 369//369
f 2879//2879 370//370 368//368
f 2879//2879 369//369 371//371
f 2879//2879 372//372 370//370
f 2879//2879 371//371 2881//2881
f 2879//2879 2881//2881 372//372
f 2880//2880 2882//2882 373//373
f 2880//2880 374//374 2882//2882
f 2880//2880 373//373 375//375
f 2880//2880 376//376 374//374
f 2880//2880 375//375 377//377
f 2880//2880 378//378 376//376
f 275//275 2880//2880 377//377
f 276//276 378//378 2880//2880
f 275//275 377//377 379//379
f 276//276 380//380 378//378
f 277//277 275//275 379//379
f 278//278 380//380 276//276
f 277//277 379//379 381//381
f 278//278 382//382 380//380
f 279//279 277//277 381//381
f 280//280 382//382 278//278
f 279//279 381//381 383//383
f 280//280 384//384 382//382
f 281//281 279//279 383//383
f 282//282 384//384 280//280
f 283//283 281//281 383//383
f 284//284 384//384 282//282
f 283//283 383//383 385//385
f 284//284 386//386 384//384
f 285//285 283//283 385//385
f 286//286 386//386 284//284
f 285//285 385//385 387//387
f 286//286 388//388 386//386
f 287//287 285//285 387//387
f 288//288 388//388 286//286
f 287//287 387//387 389//389
f 288//288 390//390 388//388
f 289//289 287//287 389//389
f 290//290 390//390 288//288
f 289//289 389//389 391//391
f 290//290 392//392 390//390
f 291//291 289//289 391//391
f 292//292 392//392 290//290
f 291//291 391//391 393//393
f 292//292 394//394 392//392
f 293//293 291//291 393//393
f 294//294 394//394 292//292
f 293//293 393//393 395//395
f 294//294 396//396 394//394
f 295//295 293//293 395//395
f 296//296 396//396 294//294
f 295//295 395//395 397//397
f 296//296 398//398 396//396
f 297//297 295//295 397//397
f 298//298 398//398 296//296
f 297//297 397//397 399//399
f 298//298 400//400 398//398
f 299//299 297//297 399//399
f 300//300 400//400 298//298
f 299//299 399//399 401//401
f 300//300 402//402 400//400
f 301//301 299//299 401//401
f 302//302 402//402 300//300
f 301//301 401//401 403//403
f 302//302 404//404 402//402
f 303//303 301//301 403//403
f 304//304 404//404 302//302
f 303//303 403//403 405//405
f 304//304 406//406 404//404
f 305//305 303//303 405//405
f 306//306 406//406 304//304
f 305//305 405//405 407//407
f 306//306 408//408 406//406
f 307//307 305//305 407//407
f 308//308 408//408 306//306
f 307//307 407//407 409//409
f 308//308 410//410 408//408
f 309//309 307//307 409//409
f 310//310 410//410 308//308
f 309//309 409//409 411//411
f 310//310 412//412 410//410
f 311//311 309//309 411//411
f 312//312 412//412 310//310
f 311//311 411//411 413//413
f 312//312 414//414 412//412
f 313//313 311//311 413//413
f 314//314 414//414 312//312
f 313//313 413//413 415//415
f 314//314 416//416 414//414
f 315//315 313//313 415//415
f 316//316 416//416 314//314
f 315//315 415//415 417//417
f 316//316 418//418 416//416
f 317//317 315//315 417//417
f 318//318 418//418 316//316
f 317//317 417//417 419//419
f 318//318 420//420 418//418
f 317//317 419//419 421//421
f 318//318 422//422 420//420
f 319//319 317//317 421//421
f 320//320 422//422 318//318
f 319//319 421//421 423//423
f 320//320 424//424 422//422
f 321//321 319//319 423//423
f 322//322 424//424 320//320
f 321//321 423//423 425//425
f 322//322 426//426 424//424
f 323//323 321//321 425//425
f 324//324 426//426 322//322
f 323//323 425//425 427//427
f 324//324 428//428 426//426
f 325//325 323//323 427//427
f 326//326 428//428 324//324
f 325//325 427//427 429//429
f 326//326 430//430 428//428
f 327//327 325//325 429//429
f 328//328 430//430 326//326
f 327//327 429//429 431//431
f 328//328 432//432 430//430
f 329//329 327//327 431//431
f 330//330 432//432 328//328
f 329//329 431//431 433//433
f 330//330 434//434 432//432
f 331//331 329//329 433//433
f 332//332 434//434 330//330
f 331//331 433//433 435//435
f 332//332 436//436 434//434
f 333//333 331//331 435//435
f 334//334 436//436 332//332
f 333//333 435//435 437//437
f 334//334 438//438 436//436
f 335//335 333//333 437//437
f 336//336 438//438 334//334
f 335//335 437//437 439//439
f 336//336 440//440 438//438
f 337//337 335//335 439//439
f 338//338 440//440 336//336
f 337//337 439//439 441//441
f 338//338 442//442 440//440
f 339//339 337//337 441//441
f 340//340 442//442 338//338
f 339//339 441//441 443//443
f 340//340 444//444 442//442
f 339//339 443//443 445//445
f 340//340 446//446 444//444
f 341//341 339//339 445//445
f 342//342 446//446 340//340
f 341//341 445//445 447//447
f 342//342 448//448 446//446
f 343//343 341//341 447//447
f 344//344 448//448 342//342
f 343//343 447//447 449//449
f 344//344 450//450 448//448
f 345//345 343//343 449//449
f 346//346 450//450 344//344
f 345//345 449//449 451//451
f 346//346 452//452 450//450
f 347//347 345//345 451//451
f 348//348 452//452 346//346
f 347//347 451//451 453//453
f 348//348 454//454 452//452
f 349//349 347//347 453//453
f 350//350 454//454 348//348
f 349//349 453//453 455//455
f 350//350 456//456 454//454
f 351//351 349//349 455//455
f 352//352 456//456 350//350
f 351//351 455//455 457//457
f 352//352 458//458 456//456
f 353//353 351//351 457//457
f 354//354 458//458 352//352
f 353//353 457//457 459//459
f 354//354 460//460 458//458
f 355//355 353//353 459//459
f 356//356 460//460 354//354
f 355//355 459//459 461//461
f 356//356 462//462 460//460
f 357//357 355//355 461//461
f 358//358 462//462 356//356
f 357//357 461//461 463//463
f 358//358 464//464 462//462
f 359//359 357//357 463//463
f 360//360 464//464 358//358
f 361//361 359//359 463//463
f 362//362 464//464 360//360
f 361//361 463//463 465//465
f 362//362 466//466 464//464
f 363//363 361//361 465//465
f 364//364 466//466 362//362
f 363//363 465//465 467//467
f 364//364 468//468 466//466
f 365//365 363//363 467//467
f 366//366 468//468 364//364
f 365//365 467//467 469//469
f 366//366 470//470 468//468
f 367//367 365//365 469//469
f 368//368 470//470 366//366
f 367//367 469//469 471//471
f 368//368 472//472 470//470
f 369//369 367//367 471//471
f 370//370 472//472 368//368
f 369//369 471//471 473//473
f 370//370 474//474 472//472
f 371//371 369//369 473//473
f 372//372 474//474 370//370
f 371//371 473//473 475//475
f 372//372 476//476 474//474
f 2881//2881 371//371 475//475
f 2881//2881 476//476 372//372
f 2881//2881 475//475 477//477
f 2881//2881 478//478 476//476
f 2881//2881 477//477 479//479
f 2881//2881 480//480 478//478
f 2881//2881 479//479 2883//2883
f 2881//2881 2883//2883 480//480
f 2882//2882 2884//2884 481//481
f 2882//2882 482//482 2884//2884
f 2882//2882 481//481 483//483
f 2882//2882 484//484 482//482
f 373//373 2882//2882 483//483
f 374//374 484//484 2882//2882
f 373//373 483//483 485//485
f 374//374 486//486 484//484
f 375//375 373//373 485//485
f 376//376 486//486 374//374
f 375//375 485//485 487//487
f 376//376 488//488 486//486
f 377//377 375//375 487//487
f 378//378 488//488 376//376
f 377//377 487//487 489//489
f 378//378 490//490 488//488
f 379//379 377//377 489//489
f 380//380 490//490 378//378
f 379//379 489//489 491//491
f 380//380 492//492 490//490
f 381//381 379//379 491//491
f 382//382 492//492 380//380
f 381//381 491//491 493//493
f 382//382 494//494 492//492
f 383//383 381//381 493//493
f 384//384 494//494 382//382
f 383//383 493//493 495//495
f 384//384 496//496 494//494
f 385//385 383//383 495//495
f 386//386 496//496 384//384
f 385//385 495//495 497//497
f 386//386 498//498 496//496
f 387//387 385//385 497//497
f 388//388 498//498 386//386
f 387//387 497//497 499//499
f 388//388 500//500 498//498
f 389//389 387//387 499//499
f 390//390 500//500 388//388
f 389//389 499//499 501//501
f 390//390 502//502 500//500
f 391//391 389//389 501//501
f 392//392 502//502 390//390
f 391//391 501//501 503//503
f 392//392 504//504 502//502
f 393//393 391//391 503//503
f 394//394 504//504 392//392
f 393//393 503//503 505//505
f 394//394 506//506 504//504
f 395//395 393//393 505//505
f 396//396 506//506 394//394
f 395//395 505//505 507//507
f 396//396 508//508 506//506
f 397//397 395//395 507//507
f 398//398 508//508 396//396
f 397//397 507//507 509//509
f 398//398 510//510 508//508
f 399//399 397//397 509//509
f 400//400 510//510 398//398
f 399//399 509//509 511//511
f 400//400 512//512 510//510
f 401//401 399//399 511//511
f 402//402 512//512 400//400
f 401//401 511//511 513//513
f 402//402 514//514 512//512
f 403//403 401//401 513//513
f 404//404 514//514 402//402
f 403//403 513//513 515//515
f 404//404 516//516 514//514
f 405//405 403//403 515//515
f 406//406 516//516 404//404
f 405//405 515//515 517//517
f 406//406 518//518 516//516
f 407//407 405//405 517//517
f 408//408 518//518 406//406
f 407//407 517//517 519//519
f 408//408 520//520 518//518
f 409//409 407//407 519//519
f 410//410 520//520 408//408
f 409//409 519//519 521//521
f 410//410 522//522 520//520
f 411//411 409//409 521//521
f 412//412 522//522 410//410
f 411//411 521//521 523//523
f 412//412 524//524 522//522
f 413//413 411//411 523//523
f 414//414 524//524 412//412
f 413//413 523//523 525//525
f 414//414 526//526 524//524
f 415//415 413//413 525//525
f 416//416 526//526 414//414
f 415//415 525//525 527//527
f 416//416 528//528 526//526
f 417//417 415//415 527//527
f 418//418 528//528 416//416
f 417//417 527//527 529//529
f 418//418 530//530 528//528
f 419//419 417//417 529//529
f 420//420 530//530 418//418
f 419//419 529//529 531//531
f 420//420 532//532 530//530
f 421//421 419//419 531//531
f 422//422 532//532 420//420
f 421//421 531//531 533//533
f 422//422 534//534 532//532
f 423//423 421//421 533//533
f 424//424 534//534 422//422
f 423//423 533//533 535//535
f 424//424 536//536 534//534
f 425//425 423//423 535//535
f 426//426 536//536 424//424
f 425//425 535//535 537//537
f 426//426 538//538 536//536
f 427//427 425//425 537//537
f 428//428 538//538 426//426
f 427//427 537//537 539//539
f 428//428 540//540 538//538
f 429//429 427//427 539//539
f 430//430 540//540 428//428
f 429//429 539//539 541//541
f 430//430 542//542 540//540
f 431//431 429//429 541//541
f 432//432 542//542 430//430
f 431//431 541//541 543//543
f 432//432 544//544 542//542
f 433//433 431//431 543//543
f 434//434 544//544 432//432
f 433//433 543//543 545//545
f 434//434 546//546 544//544
f 435//435 433//433 545//545
f 436//436 546//546 434//434
f 435//435 545//545 547//547
f 436//436 548//548 546//546
f 435//435 547//547 549//549
f 436//436 550//550 548//548
f 437//437 435//435 549//549
f 438//438 550//550 436//436
f 437//437 549//549 551//551
f 438//438 552//552 550//550
f 439//439 437//437 551//551
f 440//440 552//552 438//438
f 439//439 551//551 553//553
f 440//440 554//554 552//552
f 441//441 439//439 553//553
f 442//442 554//554 440//440
f 441//441 553//553 555//555
f 442//442 556//556 554//554
f 443//443 441//441 555//555
f 444//444 556//556 442//442
f 443//443 555//555 557//557
f 444//444 558//558 556//556
f 445//445 443//443 557//557
f 446//446 558//558 444//444
f 445//445 557//557 559//559
f 446//446 560//560 558//558
f 447//447 445//445 559//559
f 448//448 560//560 446//446
f 447//447 559//559 561//561
f 448//448 562//562 560//560
f 449//449 447//447 561//561
f 450//450 562//562 448//448
f 449//449 561//561 563//563
f 450//450 564//564 562//562
f 451//451 449//449 563//563
f 452//452 564//564 450//450
f 451//451 563//563 565//565
f 452//452 566//566 564//564
f 453//453 451//451 565//565
f 454//454 566//566 452//452
f 453//453 565//565 567//567
f 454//454 568//568 566//566
f 455//455 453//453 567//567
f 456//456 568//568 454//454
f 455//455 567//567 569//569
f 456//456 570//570 568//568
f 457//457 455//455 569//569
f 458//458 570//570 456//456
f 457//457 569//569 571//571
f 458//458 572//572 570//570
f 459//459 457//457 571//571
f 460//460 572//572 458//458
f 459//459 571//571 573//573
f 460//460 574//574 572//572
f 461//461 459//459 573//573
f 462//462 574//574 460//460
f 461//461 573//573 575//575
f 462//462 576//576 574//574
f 463//463 461//461 575//575
f 464//464 576//576 462//462
f 463//463 575//575 577//577
f 464//464 578//578 576//576
f 465//465 463//463 577//577
f 466//466 578//578 464//464
f 465//465 577//577 579//579
f 466//466 580//580 578//578
f 467//467 465//465 579//579
f 468//468 580//580 466//466
f 467//467 579//579 581//581
f 468//468 582//582 580//580
f 469//469 467//467 581//581
f 470//470 582//582 468//468
f 469//469 581//581 583//583
f 470//470 584//584 582//582
f 471//471 469//469 583//583
f 472//472 584//584 470//470
f 473//473 471//471 583//583
f 474//474 584//584 472//472
f 473//473 583//583 585//585
f 474//474 586//586 584//584
f 475//475 473//473 585//585
f 476//476 586//586 474//474
f 475//475 585//585 587//587
f 476//476 588//588 586//586
f 477//477 475//475 587//587
f 478//478 588//588 476//476
f 477//477 587//587 589//589
f 478//478 590//590 588//588
f 479//479 477//477 589//589
f 480//480 590//590 478//478
f 479//479 589//589 591//591
f 480//480 592//592 590//590
f 2883//2883 479//479 591//591
f 2883//2883 592//592 480//480
f 2883//2883 591//591 593//593
f 2883//2883 594//594 592//592
f 2883//2883 593//593 2885//2885
f 2883//2883 2885//2885 594//594
f 2884//2884 2886//2886 595//595
f 2884//2884 596//596 2886//2886
f 2884//2884 595//595 597//597
f 2884//2884 598//598 596//596
f 2884//2884 597//597 599//599
f 2884//2884 600//600 598//598
f 481//481 2884//2884 599//599
f 482//482 600//600 2884//2884
f 481//481 599//599 601//601
f 482//482 602//602 600//600
f 483//483 481//481 601//601
f 484//484 602//602 482//482
f 485//485 483//483 601//601
f 486//486 602//602 484//484
f 485//485 601//601 603//603
f 486//486 604//604 602//602
f 487//487 485//485 603//603
f 488//488 604//604 486//486
f 487//487 603//603 605//605
f 488//488 606//606 604//604
f 489//489 487//487 605//605
f 490//490 606//606 488//488
f 489//489 605//605 607//607
f 490//490 608//608 606//606
f 491//491 489//489 607//607
f 492//492 608//608 490//490
f 491//491 607//607 609//609
f 492//492 610//610 608//608
f 493//493 491//491 609//609
f 494//494 610//610 492//492
f 493//493 609//609 611//611
f 494//494 612//612 610//610
f 495//495 493//493 611//611
f 496//496 612//612 494//494
f 495//495 611//611 613//613
f 496//496 614//614 612//612
f 497//497 495//495 613//613
f 498//498 614//614 496//496
f 497//497 613//613 615//615
f 498//498 616//616 614//614
f 499//499 497//497 615//615
f 500//500 616//616 498//498
f 499//499 615//615 617//617
f 500//500 618//618 616//616
f 501//501 499//499 617//617
f 502//502 618//618 500//500
f 501//501 617//617 619//619
f 502//502 620//620 618//618
f 503//503 501//501 619//619
f 504//504 620//620 502//502
f 503//503 619//619 621//621
f 504//504 622//622 620//620
f 505//505 503//503 621//621
f 506//506 622//622 504//504
f 505//505 621//621 623//623
f 506//506 624//624 622//622
f 507//507 505//505 623//623
f 508//508 624//624 506//506
f 507//507 623//623 625//625
f 508//508 626//626 624//624
f 509//509 507//507 625//625
f 510//510 626//626 508//508
f 509//509 625//625 627//627
f 510//510 628//628 626//626
f 511//511 509//509 627//627
f 512//512 628//628 510//510
f 511//511 627//627 629//629
f 512//512 630//630 628//628
f 513//513 511//511 629//629
f 514//514 630//630 512//512
f 513//513 629//629 631//631
f 514//514 632//632 630//630
f 515//515 513//513 631//631
f 516//516 632//632 514//514
f 515//515 631//631 633//633
f 516//516 634//634 632//632
f 517//517 515//515 633//633
f 518//518 634//634 516//516
f 517//517 633//633 635//635
f 518//518 636//636 634//634
f 519//519 517//517 635//635
f 520//520 636//636 518//518
f 519//519 635//635 637//637
f 520//520 638//638 636//636
f 521//521 519//519 637//637
f 522//522 638//638 520//520
f 521//521 637//637 639//639
f 522//522 640//640 638//638
f 523//523 521//521 639//639
f 524//524 640//640 522//522
f 523//523 639//639 641//641
f 524//524 642//642 640//640
f 525//525 523//523 641//641
f 526//526 642//642 524//524
f 525//525 641//641 643//643
f 526//526 644//644 642//642
f 527//527 525//525 643//643
f 528//528 644//644 526//526
f 527//527 643//643 645//645
f 528//528 646//646 644//644
f 529//529 527//527 645//645
f 530//530 646//646 528//528
f 529//529 645//645 647//647
f 530//530 648//648 646//646
f 531//531 529//529 647//647
f 532//532 648//648 530//530
f 531//531 647//647 649//649
f 532//532 650//650 648//648
f 533//533 531//531 649//649
f 534//534 650//650 532//532
f 533//533 649//649 651//651
f 534//534 652//652 650//650
f 535//535 533//533 651//651
f 536//536 652//652 534//534
f 535//535 651//651 653//653
f 536//536 654//654 652//652
f 537//537 535//535 653//653
f 538//538 654//654 536//536
f 537//537 653//653 655//655
f 538//538 656//656 654//654
f 539//539 537//537 655//655
f 540//540 656//656 538//538
f 539//539 655//655 657//657
f 540//540 658//658 656//656
f 541//541 539//539 657//657
f 542//542 658//658 540//540
f 541//541 657//657 659//659
f 542//542 660//660 658//658
f 543//543 541//541 659//659
f 544//544 660//660 542//542
f 543//543 659//659 661//661
f 544//544 662//662 660//660
f 545//545 543//543 661//661
f 546//546 662//662 544//544
f 545//545 661//661 663//663
f 546//546 664//664 662//662
f 547//547 545//545 663//663
f 548//548 664//664 546//546
f 547//547 663//663 665//665
f 548//548 666//666 664//664
f 549//549 547//547 665//665
f 550//550 666//666 548//548
f 549//549 665//665 667//667
f 550//550 668//668 666//666
f 551//551 549//549 667//667
f 552//552 668//668 550//550
f 551//551 667//667 669//669
f 552//552 670//670 668//668
f 553//553 551//551 669//669
f 554//554 670//670 552//552
f 553//553 669//669 671//671
f 554//554 672//672 670//670
f 555//555 553//553 671//671
f 556//556 672//672 554//554
f 555//555 671//671 673//673
f 556//556 674//674 672//672
f 557//557 555//555 673//673
f 558//558 674//674 556//556
f 557//557 673//673 675//675
f 558//558 676//676 674//674
f 559//559 557//557 675//675
f 560//560 676//676 558//558
f 559//559 675//675 677//677
f 560//560 678//678 676//676
f 561//561 559//559 677//677
f 562//562 678//678 560//560
f 561//561 677//677 679//679
f 562//562 680//680 678//678
f 563//563 561//561 679//679
f 564//564 680//680 562//562
f 563//563 679//679 681//681
f 564//564 682//682 680//680
f 565//565 563//563 681//681
f 566//566 682//682 564//564
f 565//565 681//681 683//683
f 566//566 684//684 682//682
f 567//567 565//565 683//683
f 568//568 684//684 566//566
f 567//567 683//683 685//685
f 568//568 686//686 684//684
f 569//569 567//567 685//685
f 570//570 686//686 568//568
f 569//569 685//685 687//687
f 570//570 688//688 686//686
f 571//571 569//569 687//687
f 572//572 688//688 570//570
f 571//571 687//687 689//689
f 572//572 690//690 688//688
f 573//573 571//571 689//689
f 574//574 690//690 572//572
f 573//573 689//689 691//691
f 574//574 692//692 690//690
f 575//575 573//573 691//691
f 576//576 692//692 574//574
f 575//575 691//691 693//693
f 576//576 694//694 692//692
f 577//577 575//575 693//693
f 578//578 694//694 576//576
f 579//579 577//577 693//693
f 580//580 694//694 578//578
f 579//579 693//693 695//695
f 580//580 696//696 694//694
f 581//581 579//579 695//695
f 582//582 696//696 580//580
f 581//581 695//695 697//697
f 582//582 698//698 696//696
f 583//583 581//581 697//697
f 584//584 698//698 582//582
f 583//583 697//697 699//699
f 584//584 700//700 698//698
f 585//585 583//583 699//699
f 586//586 700//700 584//584
f 585//585 699//699 701//701
f 586//586 702//702 700//700
f 587//587 585//585 701//701
f 588//588 702//702 586//586
f 587//587 701//701 703//703
f 588//588 704//704 702//702
f 589//589 587//587 703//703
f 590//590 704//704 588//588
f 589//589 703//703 705//705
f 590//590 706//706 704//704
f 591//591 589//589 705//705
f 592//592 706//706 590//590
f 591//591 705//705 707//707
f 592//592 708//708 706//706
f 593//593 591//591 707//707
f 594//594 708//708 592//592
f 593//593 707//707 709//709
f 594//594 710//710 708//708
f 2885//2885 593//593 709//709
f 2885//2885 710//710 594//594
f 2885//2885 709//709 711//711
f 2885//2885 712//712 710//710
f 2885//2885 711//711 2887//2887
f 2885//2885 2887//2887 712//712
f 2886//2886 2888//2888 713//713
f 2886//2886 714//714 2888//2888
f 595//595 2886//2886 713//713
f 596//596 714//714 2886//2886
f 595//595 713//713 715//715
f 596//596 716//716 714//714
f 597//597 595//595 715//715
f 598//598 716//716 596//596
f 597//597 715//715 717//717
f 598//598 718//718 716//716
f 599//599 597//597 717//717
f 600//600 718//718 598//598
f 599//599 717//717 719//719
f 600//600 720//720 718//718
f 601//601 599//599 719//719
f 602//602 720//720 600//600
f 601//601 719//719 721//721
f 602//602 722//722 720//720
f 603//603 601//601 721//721
f 604//604 722//722 602//602
f 603//603 721//721 723//723
f 604//604 724//724 722//722
f 605//605 603//603 723//723
f 606//606 724//724 604//604
f 605//605 723//723 725//725
f 606//606 726//726 724//724
f 607//607 605//605 725//725
f 608//608 726//726 606//606
f 607//607 725//725 727//727
f 608//608 728//728 726//726
f 609//609 607//607 727//727
f 610//610 728//728 608//608
f 609//609 727//727 729//729
f 610//610 730//730 728//728
f 611//611 609//609 729//729
f 612//612 730//730 610//610
f 611//611 729//729 731//731
f 612//612 732//732 730//730
f 613//613 611//611 731//731
f 614//614 732//732 612//612
f 613//613 731//731 733//733
f 614//614 734//734 732//732
f 615//615 613//613 733//733
f 616//616 734//734 614//614
f 615//615 733//733 735//735
f 616//616 736//736 734//734
f 617//617 615//615 735//735
f 618//618 736//736 616//616
f 617//617 735//735 737//737
f 618//618 738//738 736//736
f 619//619 617//617 737//737
f 620//620 738//738 618//618
f 619//619 737//737 739//739
f 620//620 740//740 738//738
f 621//621 619//619 739//739
f 622//622 740//740 620//620
f 621//621 739//739 741//741
f 622//622 742//742 740//740
f 623//623 621//621 741//741
f 624//624 742//742 622//622
f 623//623 741//741 743//743
f 624//624 744//744 742//742
f 625//625 623//623 743//743
f 626//626 744//744 624//624
f 625//625 743//743 745//745
f 626//626 746//746 744//744
f 627//627 625//625 745//745
f 628//628 746//746 626//626
f 627//627 745//745 747//747
f 628//628 748//748 746//746
f 629//629 627//627 747//747
f 630//630 748//748 628//628
f 629//629 747//747 749//749
f 630//630 750//750 748//748
f 631//631 629//629 749//749
f 632//632 750//750 630//630
f 631//631 749//749 751//751
f 632//632 752//752 750//750
f 633//633 631//631 751//751
f 634//634 752//752 632//632
f 633//633 751//751 753//753
f 634//634 754//754 752//752
f 635//635 633//633 753//753
f 636//636 754//754 634//634
f 635//635 753//753 755//755
f 636//636 756//756 754//754
f 637//637 635//635 755//755
f 638//638 756//756 636//636
f 637//637 755//755 757//757
f 638//638 758//758 756//756
f 639//639 637//637 757//757
f 640//640 758//758 638//638
f 639//639 757//757 759//759
f 640//640 760//760 758//758
f 641//641 639//639 759//759
f 642//642 760//760 640//640
f 641//641 759//759 761//761
f 642//642 762//762 760//760
f 643//643 641//641 761//761
f 644//644 762//762 642//642
f 643//643 761//761 763//763
f 644//644 764//764 762//762
f 645//645 643//643 763//763
f 646//646 764//764 644//644
f 645//645 763//763 765//765
f 646//646 766//766 764//764
f 647//647 645//645 765//765
f 648//648 766//766 646//646
f 647//647 765//765 767//767
f 648//648 768//768 766//766
f 649//649 647//647 767//767
f 650//650 768//768 648//648
f 649//649 767//767 769//769
f 650//650 770//770 768//768
f 651//651 649//649 769//769
f 652//652 770//770 650//650
f 651//651 769//769 771//771
f 652//652 772//772 770//770
f 653//653 651//651 771//771
f 654//654 772//772 652//652
f 653//653 771//771 773//773
f 654//654 774//774 772//772
f 655//655 653//653 773//773
f 656//656 774//774 654//654
f 655//655 773//773 775//775
f 656//656 776//776 774//774
f 657//657 655//655 775//775
f 658//658 776//776 656//656
f 657//657 775//775 777//777
f 658//658 778//778 776//776
f 659//659 657//657 777//777
f 660//660 778//778 658//658
f 659//659 777//777 779//779
f 660//660 780//780 778//778
f 661//661 659//659 779//779
f 662//662 780//780 660//660
f 661//661 779//779 781//781
f 662//662 782//782 780//780
f 663//663 661//661 781//781
f 664//664 782//782 662//662
f 663//663 781//781 783//783
f 664//664 784//784 782//782
f 665//665 663//663 783//783
f 666//666 784//784 664//664
f 665//665 783//783 785//785
f 666//666 786//786 784//784
f 667//667 665//665 785//785
f 668//668 786//786 666//666
f 667//667 785//785 787//787
f 668//668 788//788 786//786
f 669//669 667//667 787//787
f 670//670 788//788 668//668
f 669//669 787//787 789//789
f 670//670 790//790 788//788
f 671//671 669//669 789//789
f 672//672 790//790 670//670
f 671//671 789//789 791//791
f 672//672 792//792 790//790
f 673//673 671//671 791//791
f 674//674 792//792 672//672
f 673//673 791//791 793//793
f 674//674 794//794 792//792
f 675//675 673//673 793//793
f 676//676 794//794 674//674
f 675//675 793//793 795//795
f 676//676 796//796 794//794
f 677//677 675//675 795//795
f 678//678 796//796 676//676
f 677//677 795//795 797//797
f 678//678 798//798 796//796
f 679//679 677//677 797//797
f 680//680 798//798 678//678
f 679//679 797//797 799//799
f 680//680 800//800 798//798
f 681//681 679//679 799//799
f 682//682 800//800 680//680
f 681//681 799//799 801//801
f 682//682 802//802 800//800
f 683//683 681//681 801//801
f 684//684 802//802 682//682
f 683//683 801//801 803//803
f 684//684 804//804 802//802
f 685//685 683//683 803//803
f 686//686 804//804 684//684
f 685//685 803//803 805//805
f 686//686 806//806 804//804
f 687//687 685//685 805//805
f 688//688 806//806 686//686
f 687//687 805//805 807//807
f 688//688 808//808 806//806
f 689//689 687//687 807//807
f 690//690 808//808 688//688
f 689//689 807//807 809//809
f 690//690 810//810 808//808
f 691//691 689//689 809//809
f 692//692 810//810 690//690
f 691//691 809//809 811//811
f 692//692 812//812 810//810
f 693//693 691//691 811//811
f 694//694 812//812 692//692
f 693//693 811//811 813//813
f 694//694 814//814 812//812
f 695//695 693//693 813//813
f 696//696 814//814 694//694
f 695//695 813//813 815//815
f 696//696 816//816 814//814
f 697//697 695//695 815//815
f 698//698 816//816 696//696
f 697//697 815//815 817//817
f 698//698 818//818 816//816
f 699//699 697//697 817//817
f 700//700 818//818 698//698
f 699//699 817//817 819//819
f 700//700 820//820 818//818
f 701//701 699//699 819//819
f 702//702 820//820 700//700
f 701//701 819//819 821//821
f 702//702 822//822 820//820
f 703//703 701//701 821//821
f 704//704 822//822 702//702
f 703//703 821//821 823//823
f 704//704 824//824 822//822
f 705//705 703//703 823//823
f 706//706 824//824 704//704
f 705//705 823//823 825//825
f 706//706 826//826 824//824
f 707//707 705//705 825//825
f 708//708 826//826 706//706
f 707//707 825//825 827//827
f 708//708 828//828 826//826
f 709//709 707//707 827//827
f 710//710 828//828 708//708
f 711//711 709//709 827//827
f 712//712 828//828 710//710
f 711//711 827//827 829//829
f 712//712 830//830 828//828
f 2887//2887 711//711 829//829
f 2887//2887 830//830 712//712
f 2887//2887 829//829 831//831
f 2887//2887 832//832 830//830
f 2887//2887 831//831 833//833
f 2887//2887 834//834 832//832
f 2887//2887 833//833 2889//2889
f 2887//2887 2889//2889 834//834
f 2888//2888 2890//2890 835//835
f 2888//2888 836//836 2890//2890
f 2888//2888 835//835 837//837
f 2888//2888 838//838 836//836
f 713//713 2888//2888 837//837
f 714//714 838//838 2888//2888
f 713//713 837//837 839//839
f 714//714 840//840 838//838
f 715//715 713//713 839//839
f 716//716 840//840 714//714
f 715//715 839//839 841//841
f 716//716 842//842 840//840
f 717//717 715//715 841//841
f 718//718 842//842 716//716
f 717//717 841//841 843//843
f 718//718 844//844 842//842
f 719//719 717//717 843//843
f 720//720 844//844 718//718
f 719//719 843//843 845//845
f 720//720 846//846 844//844
f 721//721 719//719 845//845
f 722//722 846//846 720//720
f 721//721 845//845 847//847
f 722//722 848//848 846//846
f 723//723 721//721 847//847
f 724//724 848//848 722//722
f 723//723 847//847 849//849
f 724//724 850//850 848//848
f 725//725 723//723 849//849
f 726//726 850//850 724//724
f 725//725 849//849 851//851
f 726//726 852//852 850//850
f 727//727 725//725 851//851
f 728//728 852//852 726//726
f 727//727 851//851 853//853
f 728//728 854//854 852//852
f 729//729 727//727 853//853
f 730//730 854//854 728//728
f 729//729 853//853 855//855
f 730//730 856//856 854//854
f 731//731 729//729 855//855
f 732//732 856//856 730//730
f 731//731 855//855 857//857
f 732//732 858//858 856//856
f 733//733 731//731 857//857
f 734//734 858//858 732//732
f 733//733 857//857 859//859
f 734//734 860//860 858//858
f 735//735 733//733 859//859
f 736//736 860//860 734//734
f 735//735 859//859 861//861
f 736//736 862//862 860//860
f 737//737 735//735 861//861
f 738//738 862//862 736//736
f 737//737 861//861 863//863
f 738//738 864//864 862//862
f 739//739 737//737 863//863
f 740//740 864//864 738//738
f 739//739 863//863 865//865
f 740//740 866//866 864//864
f 741//741 739//739 865//865
f 742//742 866//866 740//740
f 741//741 865//865 867//867
f 742//742 868//868 866//866
f 743//743 741//741 867//867
f 744//744 868//868 742//742
f 743//743 867//867 869//869
f 744//744 870//870 868//868
f 745//745 743//743 869//869
f 746//746 870//870 744//744
f 745//745 869//869 871//871
f 746//746 872//872 870//870
f 747//747 745//745 871//871
f 748//748 872//872 746//746
f 747//747 871//871 873//873
f 748//748 874//874 872//872
f 749//749 747//747 873//873
f 750//750 874//874 748//748
f 749//749 873//873 875//875
f 750//750 876//876 874//874
f 751//751 749//749 875//875
f 752//752 876//876 750//750
f 751//751 875//875 877//877
f 752//752 878//878 876//876
f 753//753 751//751 877//877
f 754//754 878//878 752//752
f 753//753 877//877 879//879
f 754//754 880//880 878//878
f 755//755 753//753 879//879
f 756//756 880//880 754//754
f 755//755 879//879 881//881
f 756//756 882//882 880//880
f 757//757 755//755 881//881
f 758//758 882//882 756//756
f 757//757 881//881 883//883
f 758//758 884//884 882//882
f 759//759 757//757 883//883
f 760//760 884//884 758//758
f 759//759 883//883 885//885
f 760//760 886//886 884//884
f 761//761 759//759 885//885
f 762//762 886//886 760//760
f 761//761 885//885 887//887
f 762//762 888//888 886//886
f 763//763 761//761 887//887
f 764//764 888//888 762//762
f 763//763 887//887 889//889
f 764//764 890//890 888//888
f 765//765 763//763 889//889
f 766//766 890//890 764//764
f 765//765 889//889 891//891
f 766//766 892//892 890//890
f 767//767 765//765 891//891
f 768//768 892//892 766//766
f 767//767 891//891 893//893
f 768//768 894//894 892//892
f 769//769 767//767 893//893
f 770//770 894//894 768//768
f 769//769 893//893 895//895
f 770//770 896//896 894//894
f 771//771 769//769 895//895
f 772//772 896//896 770//770
f 771//771 895//895 897//897
f 772//772 898//898 896//896
f 773//773 771//771 897//897
f 774//774 898//898 772//772
f 773//773 897//897 899//899
f 774//774 900//900 898//898
f 775//775 773//773 899//899
f 776//776 900//900 774//774
f 775//775 899//899 901//901
f 776//776 902//902 900//900
f 777//777 775//775 901//901
f 778//778 902//902 776//776
f 777//777 901//901 903//903
f 778//778 904//904 902//902
f 779//779 777//777 903//903
f 780//780 904//904 778//778
f 779//779 903//903 905//905
f 780//780 906//906 904//904
f 781//781 779//779 905//905
f 782//782 906//906 780//780
f 781//781 905//905 907//907
f 782//782 908//908 906//906
f 783//783 781//781 907//907
f 784//784 908//908 782//782
f 783//783 907//907 909//909
f 784//784 910//910 908//908
f 785//785 783//783 909//909
f 786//786 910//910 784//784
f 785//785 909//909 911//911
f 786//786 912//912 910//910
f 787//787 785//785 911//911
f 788//788 912//912 786//786
f 787//787 911//911 913//913
f 788//788 914//914 912//912
f 789//789 787//787 913//913
f 790//790 914//914 788//788
f 789//789 913//913 915//915
f 790//790 916//916 914//914
f 791//791 789//789 915//915
f 792//792 916//916 790//790
f 791//791 915//915 917//917
f 792//792 918//918 916//916
f 793//793 791//791 917//917
f 794//794 918//918 792//792
f 793//793 917//917 919//919
f 794//794 920//920 918//918
f 795//795 793//793 919//919
f 796//796 920//920 794//794
f 795//795 919//919 921//921
f 796//796 922//922 920//920
f 797//797 795//795 921//921
f 798//798 922//922 796//796
f 797//797 921//921 923//923
f 798//798 924//924 922//922
f 799//799 797//797 923//923
f 800//800 924//924 798//798
f 799//799 923//923 925//925
f 800//800 926//926 924//924
f 801//801 799//799 925//925
f 802//802 926//926 800//800
f 801//801 925//925 927//927
f 802//802 928//928 926//926
f 803//803 801//801 927//927
f 804//804 928//928 802//802
f 803//803 927//927 929//929
f 804//804 930//930 928//928
f 805//805 803//803 929//929
f 806//806 930//930 804//804
f 805//805 929//929 931//931
f 806//806 932//932 930//930
f 807//807 805//805 931//931
f 808//808 932//932 806//806
f 807//807 931//931 933//933
f 808//808 934//934 932//932
f 809//809 807//807 933//933
f 810//810 934//934 808//808
f 809//809 933//933 935//935
f 810//810 936//936 934//934
f 811//811 809//809 935//935
f 812//812 936//936 810//810
f 811//811 935//935 937//937
f 812//812 938//938 936//936
f 813//813 811//811 937//937
f 814//814 938//938 812//812
f 813//813 937//937 939//939
f 814//814 940//940 938//938
f 815//815 813//813 939//939
f 816//816 940//940 814//814
f 815//815 939//939 941//941
f 816//816 942//942 940//940
f 817//817 815//815 941//941
f 818//818 942//942 816//816
f 817//817 941//941 943//943
f 818//818 944//944 942//942
f 819//819 817//817 943//943
f 820//820 944//944 818//818
f 819//819 943//943 945//945
f 820//820 946//946 944//944
f 821//821 819//819 945//945
f 822//822 946//946 820//820
f 821//821 945//945 947//947
f 822//822 948//948 946//946
f 823//823 821//821 947//947
f 824//824 948//948 822//822
f 823//823 947//947 949//949
f 824//824 950//950 948//948
f 825//825 823//823 949//949
f 826//826 950//950 824//824
f 825//825 949//949 951//951
f 826//826 952//952 950//950
f 827//827 825//825 951//951
f 828//828 952//952 826//826
f 827//827 951//951 953//953
f 828//828 954//954 952//952
f 829//829 827//827 953//953
f 830//830 954//954 828//828
f 829//829 953//953 955//955
f 830//830 956//956 954//954
f 831//831 829//829 955//955
f 832//832 956//956 830//830
f 831//831 955//955 957//957
f 832//832 958//958 956//956
f 833//833 831//831 957//957
f 834//834 958//958 832//832
f 833//833 957//957 959//959
f 834//834 960//960 958//958
f 2889//2889 833//833 959//959
f 2889//2889 960//960 834//834
f 2889//2889 959//959 2891//2891
f 2889//2889 2891//2891 960//960
f 2890//2890 2892//2892 961//961
f 2890//2890 962//962 2892//2892
f 835//835 2890//2890 961//961
f 836//836 962//962 2890//2890
f 835//835 961//961 963//963
f 836//836 964//964 962//962
f 837//837 835//835 963//963
f 838//838 964//964 836//836
f 837//837 963//963 965//965
f 838//838 966//966 964//964
f 839//839 837//837 965//965
f 840//840 966//966 838//838
f 839//839 965//965 967//967
f 840//840 968//968 966//966
f 841//841 839//839 967//967
f 842//842 968//968 840//840
f 841//841 967//967 969//969
f 842//842 970//970 968//968
f 843//843 841//841 969//969
f 844//844 970//970 842//842
f 843//843 969//969 971//971
f 844//844 972//972 970//970
f 845//845 843//843 971//971
f 846//846 972//972 844//844
f 845//845 971//971 973//973
f 846//846 974//974 972//972
f 847//847 845//845 973//973
f 848//848 974//974 846//846
f 847//847 973//973 975//975
f 848//848 976//976 974//974
f 849//849 847//847 975//975
f 850//850 976//976 848//848
f 849//849 975//975 977//977
f 850//850 978//978 976//976
f 851//851 849//849 977//977
f 852//852 978//978 850//850
f 851//851 977//977 979//979
f 852//852 980//980 978//978
f 853//853 851//851 979//979
f 854//854 980//980 852//852
f 853//853 979//979 981//981
f 854//854 982//982 980//980
f 855//855 853//853 981//981
f 856//856 982//982 854//854
f 855//855 981//981 983//983
f 856//856 984//984 982//982
f 857//857 855//855 983//983
f 858//858 984//984 856//856
f 857//857 983//983 985//985
f 858//858 986//986 984//984
f 859//859 857//857 985//985
f 860//860 986//986 858//858
f 859//859 985//985 987//987
f 860//860 988//988 986//986
f 861//861 859//859 987//987
f 862//862 988//988 860//860
f 861//861 987//987 989//989
f 862//862 990//990 988//988
f 863//863 861//861 989//989
f 864//864 990//990 862//862
f 863//863 989//989 991//991
f 864//864 992//992 990//990
f 865//865 863//863 991//991
f 866//866 992//992 864//864
f 865//865 991//991 993//993
f 866//866 994//994 992//992
f 867//867 865//865 993//993
f 868//868 994//994 866//866
f 867//867 993//993 995//995
f 868//868 996//996 994//994
f 869//869 867//867 995//995
f 870//870 996//996 868//868
f 869//869 995//995 997//997
f 870//870 998//998 996//996
f 871//871 869//869 997//997
f 872//872 998//998 870//870
f 871//871 997//997 999//999
f 872//872 1000//1000 998//998
f 873//873 871//871 999//999
f 874//874 1000//1000 872//872
f 873//873 999//999 1001//1001
f 874//874 1002//1002 1000//1000
f 875//875 873//873 1001//1001
f 876//876 1002//1002 874//874
f 875//875 1001//1001 1003//1003
f 876//876 1004//1004 1002//1002
f 877//877 875//875 1003//1003
f 878//878 1004//1004 876//876
f 877//877 1003//1003 1005//1005
f 878//878 1006//1006 1004//1004
f 879//879 877//877 1005//1005
f 880//880 1006//1006 878//878
f 879//879 1005//1005 1007//1007
f 880//880 1008//1008 1006//1006
f 881//881 879//879 1007//1007
f 882//882 1008//1008 880//880
f 881//881 1007//1007 1009//1009
f 882//882 1010//1010 1008//1008
f 883//883 881//881 1009//1009
f 884//884 1010//1010 882//882
f 883//883 1009//1009 1011//1011
f 884//884 1012//1012 1010//1010
f 885//885 883//883 1011//1011
f 886//886 1012//1012 884//884
f 885//885 1011//1011 1013//1013
f 886//886 1014//1014 1012//1012
f 887//887 885//885 1013//1013
f 888//888 1014//1014 886//886
f 887//887 1013//1013 1015//1015
f 888//888 1016//1016 1014//1014
f 889//889 887//887 1015//1015
f 890//890 1016//1016 888//888
f 889//889 1015//1015 1017//1017
f 890//890 1018//1018 1016//1016
f 891//891 889//889 1017//1017
f 892//892 1018//1018 890//890
f 891//891 1017//1017 1019//1019
f 892//892 1020//1020 1018//1018
f 893//893 891//891 1019//1019
f 894//894 1020//1020 892//892
f 893//893 1019//1019 1021//1021
f 894//894 1022//1022 1020//1020
f 895//895 893//893 1021//1021
f 896//896 1022//1022 894//894
f 895//895 1021//1021 1023//1023
f 896//896 1024//1024 1022//1022
f 897//897 895//895 1023//1023
f 898//898 1024//1024 896//896
f 897//897 1023//1023 1025//1025
f 898//898 1026//1026 1024//1024
f 899//899 897//897 1025//1025
f 900//900 1026//1026 898//898
f 899//899 1025//1025 1027//1027
f 900//900 1028//1028 1026//1026
f 901//901 899//899 1027//1027
f 902//902 1028//1028 900//900
f 903//903 901//901 1027//1027
f 904//904 1028//1028 902//902
f 903//903 1027//1027 1029//1029
f 904//904 1030//1030 1028//1028
f 903//903 1029//1029 1031//1031
f 904//904 1032//1032 1030//1030
f 905//905 903//903 1031//1031
f 906//906 1032//1032 904//904
f 907//907 905//905 1031//1031
f 908//908 1032//1032 906//906
f 907//907 1031//1031 1033//1033
f 908//908 1034//1034 1032//1032
f 909//909 907//907 1033//1033
f 910//910 1034//1034 908//908
f 909//909 1033//1033 1035//1035
f 910//910 1036//1036 1034//1034
f 909//909 1035//1035 1037//1037
f 910//910 1038//1038 1036//1036
f 911//911 909//909 1037//1037
f 912//912 1038//1038 910//910
f 913//913 911//911 1037//1037
f 914//914 1038//1038 912//912
f 913//913 1037//1037 1039//1039
f 914//914 1040//1040 1038//1038
f 915//915 913//913 1039//1039
f 916//916 1040//1040 914//914
f 915//915 1039//1039 1041//1041
f 916//916 1042//1042 1040//1040
f 917//917 915//915 1041//1041
f 918//918 1042//1042 916//916
f 917//917 1041//1041 1043//1043
f 918//918 1044//1044 1042//1042
f 919//919 917//917 1043//1043
f 920//920 1044//1044 918//918
f 919//919 1043//1043 1045//1045
f 920//920 1046//1046 1044//1044
f 921//921 919//919 1045//1045
f 922//922 1046//1046 920//920
f 921//921 1045//1045 1047//1047
f 922//922 1048//1048 1046//1046
f 923//923 921//921 1047//1047
f 924//924 1048//1048 922//922
f 923//923 1047//1047 1049//1049
f 924//924 1050//1050 1048//1048
f 925//925 923//923 1049//1049
f 926//926 1050//1050 924//924
f 925//925 1049//1049 1051//1051
f 926//926 1052//1052 1050//1050
f 927//927 925//925 1051//1051
f 928//928 1052//1052 926//926
f 927//927 1051//1051 1053//1053
f 928//928 1054//1054 1052//1052
f 929//929 927//927 1053//1053
f 930//930 1054//1054 928//928
f 929//929 1053//1053 1055//1055
f 930//930 1056//1056 1054//1054
f 931//931 929//929 1055//1055
f 932//932 1056//1056 930//930
f 931//931 1055//1055 1057//1057
f 932//932 1058//1058 1056//1056
f 933//933 931//931 1057//1057
f 934//934 1058//1058 932//932
f 933//933 1057//1057 1059//1059
f 934//934 1060//1060 1058//1058
f 935//935 933//933 1059//1059
f 936//936 1060//1060 934//934
f 935//935 1059//1059 1061//1061
f 936//936 1062//1062 1060//1060
f 937//937 935//935 1061//1061
f 938//938 1062//1062 936//936
f 937//937 1061//1061 1063//1063
f 938//938 1064//1064 1062//1062
f 939//939 937//937 1063//1063
f 940//940 1064//1064 938//938
f 939//939 1063//1063 1065//1065
f 940//940 1066//1066 1064//1064
f 941//941 939//939 1065//1065
f 942//942 1066//1066 940//940
f 941//941 1065//1065 1067//1067
f 942//942 1068//1068 1066//1066
f 943//943 941//941 1067//1067
f 944//944 1068//1068 942//942
f 943//943 1067//1067 1069//1069
f 944//944 1070//1070 1068//1068
f 945//945 943//943 1069//1069
f 946//946 1070//1070 944//944
f 945//945 1069//1069 1071//1071
f 946//946 1072//1072 1070//1070
f 947//947 945//945 1071//1071
f 948//948 1072//1072 946//946
f 947//947 1071//1071 1073//1073
f 948//948 1074//1074 1072//1072
f 949//949 947//947 1073//1073
f 950//950 1074//1074 948//948
f 949//949 1073//1073 1075//1075
f 950//950 1076//1076 1074//1074
f 951//951 949//949 1075//1075
f 952//952 1076//1076 950//950
f 951//951 1075//1075 1077//1077
f 952//952 1078//1078 1076//1076
f 953//953 951//951 1077//1077
f 954//954 1078//1078 952//952
f 953//953 1077//1077 1079//1079
f 954//954 1080//1080 1078//1078
f 955//955 953//953 1079//1079
f 956//956 1080//1080 954//954
f 955//955 1079//1079 1081//1081
f 956//956 1082//1082 1080//1080
f 957//957 955//955 1081//1081
f 958//958 1082//1082 956//956
f 957//957 1081//1081 1083//1083
f 958//958 1084//1084 1082//1082
f 959//959 957//957 1083//1083
f 960//960 1084//1084 958//958
f 959//959 1083//1083 1085//1085
f 960//960 1086//1086 1084//1084
f 2891//2891 959//959 1085//1085
f 2891//2891 1086//1086 960//960
f 2891//2891 1085//1085 1087//1087
f 2891//2891 1088//1088 1086//1086
f 2891//2891 1087//1087 2893//2893
f 2891//2891 2893//2893 1088//1088
f 2892//2892 2894//2894 1089//1089
f 2892//2892 1090//1090 2894//2894
f 961//961 2892//2892 1089//1089
f 962//962 1090//1090 2892//2892
f 961//961 1089//1089 1091//1091
f 962//962 1092//1092 1090//1090
f 963//963 961//961 1091//1091
f 964//964 1092//1092 962//962
f 963//963 1091//1091 1093//1093
f 964//964 1094//1094 1092//1092
f 965//965 963//963 1093//1093
f 966//966 1094//1094 964//964
f 965//965 1093//1093 1095//1095
f 966//966 1096//1096 1094//1094
f 967//967 965//965 1095//1095
f 968//968 1096//1096 966//966
f 967//967 1095//1095 1097//1097
f 968//968 1098//1098 1096//1096
f 969//969 967//967 1097//1097
f 970//970 1098//1098 968//968
f 969//969 1097//1097 1099//1099
f 970//970 1100//1100 1098//1098
f 971//971 969//969 1099//1099
f 972//972 1100//1100 970//970
f 971//971 1099//1099 1101//1101
f 972//972 1102//1102 1100//1100
f 973//973 971//971 1101//1101
f 974//974 1102//1102 972//972
f 973//973 1101//1101 1103//1103
f 974//974 1104//1104 1102//1102
f 975//975 973//973 1103//1103
f 976//976 1104//1104 974//974
f 975//975 1103//1103 1105//1105
f 976//976 1106//1106 1104//1104
f 977//977 975//975 1105//1105
f 978//978 1106//1106 976//976
f 977//977 1105//1105 1107//1107
f 978//978 1108//1108 1106//1106
f 979//979 977//977 1107//1107
f 980//980 1108//1108 978//978
f 979//979 1107//1107 1109//1109
f 980//980 1110//1110 1108//1108
f 981//981 979//979 1109//1109
f 982//982 1110//1110 980//980
f 981//981 1109//1109 1111//1111
f 982//982 1112//1112 1110//1110
f 983//983 981//981 1111//1111
f 984//984 1112//1112 982//982
f 983//983 1111//1111 1113//1113
f 984//984 1114//1114 1112//1112
f 985//985 983//983 1113//1113
f 986//986 1114//1114 984//984
f 985//985 1113//1113 1115//1115
f 986//986 1116//1116 1114//1114
f 987//987 985//985 1115//1115
f 988//988 1116//1116 986//986
f 987//987 1115//1115 1117//1117
f 988//988 1118//1118 1116//1116
f 989//989 987//987 1117//1117
f 990//990 1118//1118 988//988
f 989//989 1117//1117 1119//1119
f 990//990 1120//1120 1118//1118
f 991//991 989//989 1119//1119
f 992//992 1120//1120 990//990
f 991//991 1119//1119 1121//1121
f 992//992 1122//1122 1120//1120
f 993//993 991//991 1121//1121
f 994//994 1122//1122 992//992
f 993//993 1121//1121 1123//1123
f 994//994 1124//1124 1122//1122
f 995//995 993//993 1123//1123
f 996//996 1124//1124 994//994
f 995//995 1123//1123 1125//1125
f 996//996 1126//1126 1124//1124
f 997//997 995//995 1125//1125
f 998//998 1126//1126 996//996
f 997//997 1125//1125 1127//1127
f 998//998 1128//1128 1126//1126
f 999//999 997//997 1127//1127
f 1000//1000 1128//1128 998//998
f 999//999 1127//1127 1129//1129
f 1000//1000 1130//1130 1128//1128
f 1001//1001 999//999 1129//1129
f 1002//1002 1130//1130 1000//1000
f 1001//1001 1129//1129 1131//1131
f 1002//1002 1132//1132 1130//1130
f 1003//1003 1001//1001 1131//1131
f 1004//1004 1132//1132 1002//1002
f 1003//1003 1131//1131 1133//1133
f 1004//1004 1134//1134 1132//1132
f 1005//1005 1003//1003 1133//1133
f 1006//1006 1134//1134 1004//1004
f 1005//1005 1133//1133 1135//1135
f 1006//1006 1136//1136 1134//1134
f 1007//1007 1005//1005 1135//1135
f 1008//1008 1136//1136 1006//1006
f 1007//1007 1135//1135 1137//1137
f 1008//1008 1138//1138 1136//1136
f 1009//1009 1007//1007 1137//1137
f 1010//1010 1138//1138 1008//1008
f 1009//1009 1137//1137 1139//1139
f 1010//1010 1140//1140 1138//1138
f 1011//1011 1009//1009 1139//1139
f 1012//1012 1140//1140 1010//1010
f 1011//1011 1139//1139 1141//1141
f 1012//1012 1142//1142 1140//1140
f 1013//1013 1011//1011 1141//1141
f 1014//1014 1142//1142 1012//1012
f 1013//1013 1141//1141 1143//1143
f 1014//1014 1144//1144 1142//1142
f 1015//1015 1013//1013 1143//1143
f 1016//1016 1144//1144 1014//1014
f 1015//1015 1143//1143 1145//1145
f 1016//1016 1146//1146 1144//1144
f 1017//1017 1015//1015 1145//1145
f 1018//1018 1146//1146 1016//1016
f 1017//1017 1145//1145 1147//1147
f 1018//1018 1148//1148 1146//1146
f 1019//1019 1017//1017 1147//1147
f 1020//1020 1148//1148 1018//1018
f 1019//1019 1147//1147 1149//1149
f 1020//1020 1150//1150 1148//1148
f 1021//1021 1019//1019 1149//1149
f 1022//1022 1150//1150 1020//1020
f 1021//1021 1149//1149 1151//1151
f 1022//1022 1152//1152 1150//1150
f 1023//1023 1021//1021 1151//1151
f 1024//1024 1152//1152 1022//1022
f 1023//1023 1151//1151 1153//1153
f 1024//1024 1154//1154 1152//1152
f 1025//1025 1023//1023 1153//1153
f 1026//1026 1154//1154 1024//1024
f 1025//1025 1153//1153 1155//1155
f 1026//1026 1156//1156 1154//1154
f 1027//1027 1025//1025 1155//1155
f 1028//1028 1156//1156 1026//1026
f 1027//1027 1155//1155 1157//1157
f 1028//1028 1158//1158 1156//1156
f 1029//1029 1027//1027 1157//1157
f 1030//1030 1158//1158 1028//1028
f 1029//1029 1157//1157 1159//1159
f 1030//1030 1160//1160 1158//1158
f 1031//1031 1029//1029 1159//1159
f 1032//1032 1160//1160 1030//1030
f 1031//1031 1159//1159 1161//1161
f 1032//1032 1162//1162 1160//1160
f 1033//1033 1031//1031 1161//1161
f 1034//1034 1162//1162 1032//1032
f 1033//1033 1161//1161 1163//1163
f 1034//1034 1164//1164 1162//1162
f 1035//1035 1033//1033 1163//1163
f 1036//1036 1164//1164 1034//1034
f 1035//1035 1163//1163 1165//1165
f 1036//1036 1166//1166 1164//1164
f 1037//1037 1035//1035 1165//1165
f 1038//1038 1166//1166 1036//1036
f 1037//1037 1165//1165 1167//1167
f 1038//1038 1168//1168 1166//1166
f 1039//1039 1037//1037 1167//1167
f 1040//1040 1168//1168 1038//1038
f 1039//1039 1167//1167 1169//1169
f 1040//1040 1170//1170 1168//1168
f 1041//1041 1039//1039 1169//1169
f 1042//1042 1170//1170 1040//1040
f 1041//1041 1169//1169 1171//1171
f 1042//1042 1172//1172 1170//1170
f 1043//1043 1041//1041 1171//1171
f 1044//1044 1172//1172 1042//1042
f 1043//1043 1171//1171 1173//1173
f 1044//1044 1174//1174 1172//1172
f 1045//1045 1043//1043 1173//1173
f 1046//1046 1174//1174 1044//1044
f 1045//1045 1173//1173 1175//1175
f 1046//1046 1176//1176 1174//1174
f 1047//1047 1045//1045 1175//1175
f 1048//1048 1176//1176 1046//1046
f 1047//1047 1175//1175 1177//1177
f 1048//1048 1178//1178 1176//1176
f 1049//1049 1047//1047 1177//1177
f 1050//1050 1178//1178 1048//1048
f 1049//1049 1177//1177 1179//1179
f 1050//1050 1180//1180 1178//1178
f 1051//1051 1049//1049 1179//1179
f 1052//1052 1180//1180 1050//1050
f 1051//1051 1179//1179 1181//1181
f 1052//1052 1182//1182 1180//1180
f 1053//1053 1051//1051 1181//1181
f 1054//1054 1182//1182 1052//1052
f 1053//1053 1181//1181 1183//1183
f 1054//1054 1184//1184 1182//1182
f 1055//1055 1053//1053 1183//1183
f 1056//1056 1184//1184 1054//1054
f 1055//1055 1183//1183 1185//1185
f 1056//1056 1186//1186 1184//1184
f 1057//1057 1055//1055 1185//1185
f 1058//1058 1186//1186 1056//1056
f 1057//1057 1185//1185 1187//1187
f 1058//1058 1188//1188 1186//1186
f 1059//1059 1057//1057 1187//1187
f 1060//1060 1188//1188 1058//1058
f 1059//1059 1187//1187 1189//1189
f 1060//1060 1190//1190 1188//1188
f 1061//1061 1059//1059 1189//1189
f 1062//1062 1190//1190 1060//1060
f 1061//1061 1189//1189 1191//1191
f 1062//1062 1192//1192 1190//1190
f 1063//1063 1061//1061 1191//1191
f 1064//1064 1192//1192 1062//1062
f 1063//1063 1191//1191 1193//1193
f 1064//1064 1194//1194 1192//1192
f 1065//1065 1063//1063 1193//1193
f 1066//1066 1194//1194 1064//1064
f 1065//1065 1193//1193 1195//1195
f 1066//1066 1196//1196 1194//1194
f 1067//1067 1065//1065 1195//1195
f 1068//1068 1196//1196 1066//1066
f 1067//1067 1195//1195 1197//1197
f 1068//1068 1198//1198 1196//1196
f 1069//1069 1067//1067 1197//1197
f 1070//1070 1198//1198 1068//1068
f 1069//1069 1197//1197 1199//1199
f 1070//1070 1200//1200 1198//1198
f 1071//1071 1069//1069 1199//1199
f 1072//1072 1200//1200 1070//1070
f 1071//1071 1199//1199 1201//1201
f 1072//1072 1202//1202 1200//1200
f 1073//1073 1071//1071 1201//1201
f 1074//1074 1202//1202 1072//1072
f 1073//1073 1201//1201 1203//1203
f 1074//1074 1204//1204 1202//1202
f 1075//1075 1073//1073 1203//1203
f 1076//1076 1204//1204 1074//1074
f 1075//1075 1203//1203 1205//1205
f 1076//1076 1206//1206 1204//1204
f 1077//1077 1075//1075 1205//1205
f 1078//1078 1206//1206 1076//1076
f 1077//1077 1205//1205 1207//1207
f 1078//1078 1208//1208 1206//1206
f 1079//1079 1077//1077 1207//1207
f 1080//1080 1208//1208 1078//1078
f 1079//1079 1207//1207 1209//1209
f 1080//1080 1210//1210 1208//1208
f 1081//1081 1079//1079 1209//1209
f 1082//1082 1210//1210 1080//1080
f 1081//1081 1209//1209 1211//1211
f 1082//1082 1212//1212 1210//1210
f 1083//1083 1081//1081 1211//1211
f 1084//1084 1212//1212 1082//1082
f 1083//1083 1211//1211 1213//1213
f 1084//1084 1214//1214 1212//1212
f 1085//1085 1083//1083 1213//1213
f 1086//1086 1214//1214 1084//1084
f 1085//1085 1213//1213 1215//1215
f 1086//1086 1216//1216 1214//1214
f 1087//1087 1085//1085 1215//1215
f 1088//1088 1216//1216 1086//1086
f 1087//1087 1215//1215 2895//2895
f 1088//1088 2895//2895 1216//1216
f 2893//2893 1087//1087 2895//2895
f 2893//2893 2895//2895 1088//1088
f 2894//2894 2896//2896 1217//1217
f 2894//2894 1218//1218 2896//2896
f 1089//1089 2894//2894 1217//1217
f 1090//1090 1218//1218 2894//2894
f 1089//1089 1217//1217 1219//1219
f 1090//1090 1220//1220 1218//1218
f 1091//1091 1089//1089 1219//1219
f 1092//1092 1220//1220 1090//1090
f 1091//1091 1219//1219 1221//1221
f 1092//1092 1222//1222 1220//1220
f 1093//1093 1091//1091 1221//1221
f 1094//1094 1222//1222 1092//1092
f 1093//1093 1221//1221 1223//1223
f 1094//1094 1224//1224 1222//1222
f 1095//1095 1093//1093 1223//1223
f 1096//1096 1224//1224 1094//1094
f 1095//1095 1223//1223 1225//1225
f 1096//1096 1226//1226 1224//1224
f 1097//1097 1095//1095 1225//1225
f 1098//1098 1226//1226 1096//1096
f 1097//1097 1225//1225 1227//1227
f 1098//1098 1228//1228 1226//1226
f 1099//1099 1097//1097 1227//1227
f 1100//1100 1228//1228 1098//1098
f 1099//1099 1227//1227 1229//1229
f 1100//1100 1230//1230 1228//1228
f 1101//1101 1099//1099 1229//1229
f 1102//1102 1230//1230 1100//1100
f 1101//1101 1229//1229 1231//1231
f 1102//1102 1232//1232 1230//1230
f 1103//1103 1101//1101 1231//1231
f 1104//1104 1232//1232 1102//1102
f 1103//1103 1231//1231 1233//1233
f 1104//1104 1234//1234 1232//1232
f 1105//1105 1103//1103 1233//1233
f 1106//1106 1234//1234 1104//1104
f 1105//1105 1233//1233 1235//1235
f 1106//1106 1236//1236 1234//1234
f 1107//1107 1105//1105 1235//1235
f 1108//1108 1236//1236 1106//1106
f 1107//1107 1235//1235 1237//1237
f 1108//1108 1238//1238 1236//1236
f 1109//1109 1107//1107 1237//1237
f 1110//1110 1238//1238 1108//1108
f 1109//1109 1237//1237 1239//1239
f 1110//1110 1240//1240 1238//1238
f 1111//1111 1109//1109 1239//1239
f 1112//1112 1240//1240 1110//1110
f 1111//1111 1239//1239 1241//1241
f 1112//1112 1242//1242 1240//1240
f 1113//1113 1111//1111 1241//1241
f 1114//1114 1242//1242 1112//1112
f 1113//1113 1241//1241 1243//1243
f 1114//1114 1244//1244 1242//1242
f 1115//1115 1113//1113 1243//1243
f 1116//1116 1244//1244 1114//1114
f 1115//1115 1243//1243 1245//1245
f 1116//1116 1246//1246 1244//1244
f 1117//1117 1115//1115 1245//1245
f 1118//1118 1246//1246 1116//1116
f 1117//1117 1245//1245 1247//1247
f 1118//1118 1248//1248 1246//1246
f 1119//1119 1117//1117 1247//1247
f 1120//1120 1248//1248 1118//1118
f 1119//1119 1247//1247 1249//1249
f 1120//1120 1250//1250 1248//1248
f 1121//1121 1119//1119 1249//1249
f 1122//1122 1250//1250 1120//1120
f 1121//1121 1249//1249 1251//1251
f 1122//1122 1252//1252 1250//1250
f 1123//1123 1121//1121 1251//1251
f 1124//1124 1252//1252 1122//1122
f 1123//1123 1251//1251 1253//1253
f 1124//1124 1254//1254 1252//1252
f 1125//1125 1123//1123 1253//1253
f 1126//1126 1254//1254 1124//1124
f 1125//1125 1253//1253 1255//1255
f 1126//1126 1256//1256 1254//1254
f 1127//1127 1125//1125 1255//1255
f 1128//1128 1256//1256 1126//1126
f 1127//1127 1255//1255 1257//1257
f 1128//1128 1258//1258 1256//1256
f 1129//1129 1127//1127 1257//1257
f 1130//1130 1258//1258 1128//1128
f 1129//1129 1257//1257 1259//1259
f 1130//1130 1260//1260 1258//1258
f 1131//1131 1129//1129 1259//1259
f 1132//1132 1260//1260 1130//1130
f 1131//1131 1259//1259 1261//1261
f 1132//1132 1262//1262 1260//1260
f 1133//1133 1131//1131 1261//1261
f 1134//1134 1262//1262 1132//1132
f 1133//1133 1261//1261 1263//1263
f 1134//1134 1264//1264 1262//1262
f 1135//1135 1133//1133 1263//1263
f 1136//1136 1264//1264 1134//1134
f 1135//1135 1263//1263 1265//1265
f 1136//1136 1266//1266 1264//1264
f 1137//1137 1135//1135 1265//1265
f 1138//1138 1266//1266 1136//1136
f 1137//1137 1265//1265 1267//1267
f 1138//1138 1268//1268 1266//1266
f 1139//1139 1137//1137 1267//1267
f 1140//1140 1268//1268 1138//1138
f 1139//1139 1267//1267 1269//1269
f 1140//1140 1270//1270 1268//1268
f 1141//1141 1139//1139 1269//1269
f 1142//1142 1270//1270 1140//1140
f 1141//1141 1269//1269 1271//1271
f 1142//1142 1272//1272 1270//1270
f 1143//1143 1141//1141 1271//1271
f 1144//1144 1272//1272 1142//1142
f 1143//1143 1271//1271 1273//1273
f 1144//1144 1274//1274 1272//1272
f 1145//1145 1143//1143 1273//1273
f 1146//1146 1274//1274 1144//1144
f 1145//1145 1273//1273 1275//1275
f 1146//1146 1276//1276 1274//1274
f 1147//1147 1145//1145 1275//1275
f 1148//1148 1276//1276 1146//1146
f 1147//1147 1275//1275 1277//1277
f 1148//1148 1278//1278 1276//1276
f 1149//1149 1147//1147 1277//1277
f 1150//1150 1278//1278 1148//1148
f 1149//1149 1277//1277 1279//1279
f 1150//1150 1280//1280 1278//1278
f 1151//1151 1149//1149 1279//1279
f 1152//1152 1280//1280 1150//1150
f 1151//1151 1279//1279 1281//1281
f 1152//1152 1282//1282 1280//1280
f 1153//1153 1151//1151 1281//1281
f 1154//1154 1282//1282 1152//1152
f 1153//1153 1281//1281 1283//1283
f 1154//1154 1284//1284 1282//1282
f 1155//1155 1153//1153 1283//1283
f 1156//1156 1284//1284 1154//1154
f 1155//1155 1283//1283 1285//1285
f 1156//1156 1286//1286 1284//1284
f 1157//1157 1155//1155 1285//1285
f 1158//1158 1286//1286 1156//1156
f 1157//1157 1285//1285 1287//1287
f 1158//1158 1288//1288 1286//1286
f 1159//1159 1157//1157 1287//1287
f 1160//1160 1288//1288 1158//1158
f 1159//1159 1287//1287 1289//1289
f 1160//1160 1290//1290 1288//1288
f 1161//1161 1159//1159 1289//1289
f 1162//1162 1290//1290 1160//1160
f 1161//1161 1289//1289 1291//1291
f 1162//1162 1292//1292 1290//1290
f 1163//1163 1161//1161 1291//1291
f 1164//1164 1292//1292 1162//1162
f 1163//1163 1291//1291 1293//1293
f 1164//1164 1294//1294 1292//1292
f 1165//1165 1163//1163 1293//1293
f 1166//1166 1294//1294 1164//1164
f 1165//1165 1293//1293 1295//1295
f 1166//1166 1296//1296 1294//1294
f 1167//1167 1165//1165 1295//1295
f 1168//1168 1296//1296 1166//1166
f 1167//1167 1295//1295 1297//1297
f 1168//1168 1298//1298 1296//1296
f 1169//1169 1167//1167 1297//1297
f 1170//1170 1298//1298 1168//1168
f 1169//1169 1297//1297 1299//1299
f 1170//1170 1300//1300 1298//1298
f 1171//1171 1169//1169 1299//1299
f 1172//1172 1300//1300 1170//1170
f 1171//1171 1299//1299 1301//1301
f 1172//1172 1302//1302 1300//1300
f 1173//1173 1171//1171 1301//1301
f 1174//1174 1302//1302 1172//1172
f 1173//1173 1301//1301 1303//1303
f 1174//1174 1304//1304 1302//1302
f 1175//1175 1173//1173 1303//1303
f 1176//1176 1304//1304 1174//1174
f 1175//1175 1303//1303 1305//1305
f 1176//1176 1306//1306 1304//1304
f 1177//1177 1175//1175 1305//1305
f 1178//1178 1306//1306 1176//1176
f 1177//1177 1305//1305 1307//1307
f 1178//1178 1308//1308 1306//1306
f 1179//1179 1177//1177 1307//1307
f 1180//1180 1308//1308 1178//1178
f 1179//1179 1307//1307 1309//1309
f 1180//1180 1310//1310 1308//1308
f 1181//1181 1179//1179 1309//1309
f 1182//1182 1310//1310 1180//1180
f 1181//1181 1309//1309 1311//1311
f 1182//1182 1312//1312 1310//1310
f 1183//1183 1181//1181 1311//1311
f 1184//1184 1312//1312 1182//1182
f 1183//1183 1311//1311 1313//1313
f 1184//1184 1314//1314 1312//1312
f 1185//1185 1183//1183 1313//1313
f 1186//1186 1314//1314 1184//1184
f 1185//1185 1313//1313 1315//1315
f 1186//1186 1316//1316 1314//1314
f 1187//1187 1185//1185 1315//1315
f 1188//1188 1316//1316 1186//1186
f 1187//1187 1315//1315 1317//1317
f 1188//1188 1318//1318 1316//1316
f 1189//1189 1187//1187 1317//1317
f 1190//1190 1318//1318 1188//1188
f 1189//1189 1317//1317 1319//1319
f 1190//1190 1320//1320 1318//1318
f 1191//1191 1189//1189 1319//1319
f 1192//1192 1320//1320 1190//1190
f 1191//1191 1319//1319 1321//1321
f 1192//1192 1322//1322 1320//1320
f 1193//1193 1191//1191 1321//1321
f 1194//1194 1322//1322 1192//1192
f 1193//1193 1321//1321 1323//1323
f 1194//1194 1324//1324 1322//1322
f 1195//1195 1193//1193 1323//1323
f 1196//1196 1324//1324 1194//1194
f 1195//1195 1323//1323 1325//1325
f 1196//1196 1326//1326 1324//1324
f 1197//1197 1195//1195 1325//1325
f 1198//1198 1326//1326 1196//1196
f 1197//1197 1325//1325 1327//1327
f 1198//1198 1328//1328 1326//1326
f 1199//1199 1197//1197 1327//1327
f 1200//1200 1328//1328 1198//1198
f 1199//1199 1327//1327 1329//1329
f 1200//1200 1330//1330 1328//1328
f 1201//1201 1199//1199 1329//1329
f 1202//1202 1330//1330 1200//1200
f 1201//1201 1329//1329 1331//1331
f 1202//1202 1332//1332 1330//1330
f 1203//1203 1201//1201 1331//1331
f 1204//1204 1332//1332 1202//1202
f 1203//1203 1331//1331 1333//1333
f 1204//1204 1334//1334 1332//1332
f 1205//1205 1203//1203 1333//1333
f 1206//1206 1334//1334 1204//1204
f 1205//1205 1333//1333 1335//1335
f 1206//1206 1336//1336 1334//1334
f 1207//1207 1205//1205 1335//1335
f 1208//1208 1336//1336 1206//1206
f 1207//1207 1335//1335 1337//1337
f 1208//1208 1338//1338 1336//1336
f 1209//1209 1207//1207 1337//1337
f 1210//1210 1338//1338 1208//1208
f 1209//1209 1337//1337 1339//1339
f 1210//1210 1340//1340 1338//1338
f 1211//1211 1209//1209 1339//1339
f 1212//1212 1340//1340 1210//1210
f 1211//1211 1339//1339 1341//1341
f 1212//1212 1342//1342 1340//1340
f 1213//1213 1211//1211 1341//1341
f 1214//1214 1342//1342 1212//1212
f 1213//1213 1341//1341 1343//1343
f 1214//1214 1344//1344 1342//1342
f 1215//1215 1213//1213 1343//1343
f 1216//1216 1344//1344 1214//1214
f 1215//1215 1343//1343 1345//1345
f 1216//1216 1346//1346 1344//1344
f 2895//2895 1215//1215 1345//1345
f 2895//2895 1346//1346 1216//1216
f 2895//2895 1345//1345 2897//2897
f 2895//2895 2897//2897 1346//1346
f 2896//2896 2898//2898 1347//1347
f 2896//2896 1348//1348 2898//2898
f 1217//1217 2896//2896 1347//1347
f 1218//1218 1348//1348 2896//2896
f 1217//1217 1347//1347 1349//1349
f 1218//1218 1350//1350 1348//1348
f 1219//1219 1217//1217 1349//1349
f 1220//1220 1350//1350 1218//1218
f 1219//1219 1349//1349 1351//1351
f 1220//1220 1352//1352 1350//1350
f 1221//1221 1219//1219 1351//1351
f 1222//1222 1352//1352 1220//1220
f 1221//1221 1351//1351 1353//1353
f 1222//1222 1354//1354 1352//1352
f 1223//1223 1221//1221 1353//1353
f 1224//1224 1354//1354 1222//1222
f 1223//1223 1353//1353 1355//1355
f 1224//1224 1356//1356 1354//1354
f 1225//1225 1223//1223 1355//1355
f 1226//1226 1356//1356 1224//1224
f 1225//1225 1355//1355 1357//1357
f 1226//1226 1358//1358 1356//1356
f 1227//1227 1225//1225 1357//1357
f 1228//1228 1358//1358 1226//1226
f 1227//1227 1357//1357 1359//1359
f 1228//1228 1360//1360 1358//1358
f 1229//1229 1227//1227 1359//1359
f 1230//1230 1360//1360 1228//1228
f 1229//1229 1359//1359 1361//1361
f 1230//1230 1362//1362 1360//1360
f 1231//1231 1229//1229 1361//1361
f 1232//1232 1362//1362 1230//1230
f 1231//1231 1361//1361 1363//1363
f 1232//1232 1364//1364 1362//1362
f 1233//1233 1231//1231 1363//1363
f 1234//1234 1364//1364 1232//1232
f 1233//1233 1363//1363 1365//1365
f 1234//1234 1366//1366 1364//1364
f 1235//1235 1233//1233 1365//1365
f 1236//1236 1366//1366 1234//1234
f 1235//1235 1365//1365 1367//1367
f 1236//1236 1368//1368 1366//1366
f 1237//1237 1235//1235 1367//1367
f 1238//1238 1368//1368 1236//1236
f 1237//1237 1367//1367 1369//1369
f 1238//1238 1370//1370 1368//1368
f 1239//1239 1237//1237 1369//1369
f 1240//1240 1370//1370 1238//1238
f 1239//1239 1369//1369 1371//1371
f 1240//1240 1372//1372 1370//1370
f 1241//1241 1239//1239 1371//1371
f 1242//1242 1372//1372 1240//1240
f 1241//1241 1371//1371 1373//1373
f 1242//1242 1374//1374 1372//1372
f 1243//1243 1241//1241 1373//1373
f 1244//1244 1374//1374 1242//1242
f 1243//1243 1373//1373 1375//1375
f 1244//1244 1376//1376 1374//1374
f 1245//1245 1243//1243 1375//1375
f 1246//1246 1376//1376 1244//1244
f 1245//1245 1375//1375 1377//1377
f 1246//1246 1378//1378 1376//1376
f 1247//1247 1245//1245 1377//1377
f 1248//1248 1378//1378 1246//1246
f 1247//1247 1377//1377 1379//1379
f 1248//1248 1380//1380 1378//1378
f 1249//1249 1247//1247 1379//1379
f 1250//1250 1380//1380 1248//1248
f 1249//1249 1379//1379 1381//1381
f 1250//1250 1382//1382 1380//1380
f 1251//1251 1249//1249 1381//1381
f 1252//1252 1382//1382 1250//1250
f 1251//1251 1381//1381 1383//1383
f 1252//1252 1384//1384 1382//1382
f 1253//1253 1251//1251 1383//1383
f 1254//1254 1384//1384 1252//1252
f 1253//1253 1383//1383 1385//1385
f 1254//1254 1386//1386 1384//1384
f 1255//1255 1253//1253 1385//1385
f 1256//1256 1386//1386 1254//1254
f 1255//1255 1385//1385 1387//1387
f 1256//1256 1388//1388 1386//1386
f 1257//1257 1255//1255 1387//1387
f 1258//1258 1388//1388 1256//1256
f 1257//1257 1387//1387 1389//1389
f 1258//1258 1390//1390 1388//1388
f 1259//1259 1257//1257 1389//1389
f 1260//1260 1390//1390 1258//1258
f 1259//1259 1389//1389 1391//1391
f 1260//1260 1392//1392 1390//1390
f 1261//1261 1259//1259 1391//1391
f 1262//1262 1392//1392 1260//1260
f 1261//1261 1391//1391 1393//1393
f 1262//1262 1394//1394 1392//1392
f 1263//1263 1261//1261 1393//1393
f 1264//1264 1394//1394 1262//1262
f 1263//1263 1393//1393 1395//1395
f 1264//1264 1396//1396 1394//1394
f 1265//1265 1263//1263 1395//1395
f 1266//1266 1396//1396 1264//1264
f 1265//1265 1395//1395 1397//1397
f 1266//1266 1398//1398 1396//1396
f 1267//1267 1265//1265 1397//1397
f 1268//1268 1398//1398 1266//1266
f 1267//1267 1397//1397 1399//1399
f 1268//1268 1400//1400 1398//1398
f 1269//1269 1267//1267 1399//1399
f 1270//1270 1400//1400 1268//1268
f 1269//1269 1399//1399 1401//1401
f 1270//1270 1402//1402 1400//1400
f 1271//1271 1269//1269 1401//1401
f 1272//1272 1402//1402 1270//1270
f 1271//1271 1401//1401 1403//1403
f 1272//1272 1404//1404 1402//1402
f 1273//1273 1271//1271 1403//1403
f 1274//1274 1404//1404 1272//1272
f 1273//1273 1403//1403 1405//1405
f 1274//1274 1406//1406 1404//1404
f 1275//1275 1273//1273 1405//1405
f 1276//1276 1406//1406 1274//1274
f 1275//1275 1405//1405 1407//1407
f 1276//1276 1408//1408 1406//1406
f 1277//1277 1275//1275 1407//1407
f 1278//1278 1408//1408 1276//1276
f 1277//1277 1407//1407 1409//1409
f 1278//1278 1410//1410 1408//1408
f 1279//1279 1277//1277 1409//1409
f 1280//1280 1410//1410 1278//1278
f 1279//1279 1409//1409 1411//1411
f 1280//1280 1412//1412 1410//1410
f 1281//1281 1279//1279 1411//1411
f 1282//1282 1412//1412 1280//1280
f 1281//1281 1411//1411 1413//1413
f 1282//1282 1414//1414 1412//1412
f 1283//1283 1281//1281 1413//1413
f 1284//1284 1414//1414 1282//1282
f 1283//1283 1413//1413 1415//1415
f 1284//1284 1416//1416 1414//1414
f 1285//1285 1283//1283 1415//1415
f 1286//1286 1416//1416 1284//1284
f 1285//1285 1415//1415 1417//1417
f 1286//1286 1418//1418 1416//1416
f 1287//1287 1285//1285 1417//1417
f 1288//1288 1418//1418 1286//1286
f 1287//1287 1417//1417 1419//1419
f 1288//1288 1420//1420 1418//1418
f 1289//1289 1287//1287 1419//1419
f 1290//1290 1420//1420 1288//1288
f 1289//1289 1419//1419 1421//1421
f 1290//1290 1422//1422 1420//1420
f 1291//1291 1289//1289 1421//1421
f 1292//1292 1422//1422 1290//1290
f 1291//1291 1421//1421 1423//1423
f 1292//1292 1424//1424 1422//1422
f 1293//1293 1291//1291 1423//1423
f 1294//1294 1424//1424 1292//1292
f 1293//1293 1423//1423 1425//1425
f 1294//1294 1426//1426 1424//1424
f 1295//1295 1293//1293 1425//1425
f 1296//1296 1426//1426 1294//1294
f 1295//1295 1425//1425 1427//1427
f 1296//1296 1428//1428 1426//1426
f 1297//1297 1295//1295 1427//1427
f 1298//1298 1428//1428 1296//1296
f 1297//1297 1427//1427 1429//1429
f 1298//1298 1430//1430 1428//1428
f 1299//1299 1297//1297 1429//1429
f 1300//1300 1430//1430 1298//1298
f 1299//1299 1429//1429 1431//1431
f 1300//1300 1432//1432 1430//1430
f 1301//1301 1299//1299 1431//1431
f 1302//1302 1432//1432 1300//1300
f 1301//1301 1431//1431 1433//1433
f 1302//1302 1434//1434 1432//1432
f 1303//1303 1301//1301 1433//1433
f 1304//1304 1434//1434 1302//1302
f 1303//1303 1433//1433 1435//1435
f 1304//1304 1436//1436 1434//1434
f 1305//1305 1303//1303 1435//1435
f 1306//1306 1436//1436 1304//1304
f 1305//1305 1435//1435 1437//1437
f 1306//1306 1438//1438 1436//1436
f 1307//1307 1305//1305 1437//1437
f 1308//1308 1438//1438 1306//1306
f 1307//1307 1437//1437 1439//1439
f 1308//1308 1440//1440 1438//1438
f 1309//1309 1307//1307 1439//1439
f 1310//1310 1440//1440 1308//1308
f 1309//1309 1439//1439 1441//1441
f 1310//1310 1442//1442 1440//1440
f 1311//1311 1309//1309 1441//1441
f 1312//1312 1442//1442 1310//1310
f 1311//1311 1441//1441 1443//1443
f 1312//1312 1444//1444 1442//1442
f 1313//1313 1311//1311 1443//1443
f 1314//1314 1444//1444 1312//1312
f 1313//1313 1443//1443 1445//1445
f 1314//1314 1446//1446 1444//1444
f 1315//1315 1313//1313 1445//1445
f 1316//1316 1446//1446 1314//1314
f 1315//1315 1445//1445 1447//1447
f 1316//1316 1448//1448 1446//1446
f 1317//1317 1315//1315 1447//1447
f 1318//1318 1448//1448 1316//1316
f 1317//1317 1447//1447 1449//1449
f 1318//1318 1450//1450 1448//1448
f 1319//1319 1317//1317 1449//1449
f 1320//1320 1450//1450 1318//1318
f 1319//1319 1449//1449 1451//1451
f 1320//1320 1452//1452 1450//1450
f 1321//1321 1319//1319 1451//1451
f 1322//1322 1452//1452 1320//1320
f 1323//1323 1321//1321 1451//1451
f 1324//1324 1452//1452 1322//1322
f 1323//1323 1451//1451 1453//1453
f 1324//1324 1454//1454 1452//1452
f 1323//1323 1453//1453 1455//1455
f 1324//1324 1456//1456 1454//1454
f 1325//1325 1323//1323 1455//1455
f 1326//1326 1456//1456 1324//1324
f 1325//1325 1455//1455 1457//1457
f 1326//1326 1458//1458 1456//1456
f 1327//1327 1325//1325 1457//1457
f 1328//1328 1458//1458 1326//1326
f 1329//1329 1327//1327 1457//1457
f 1330//1330 1458//1458 1328//1328
f 1329//1329 1457//1457 1459//1459
f 1330//1330 1460//1460 1458//1458
f 1329//1329 1459//1459 1461//1461
f 1330//1330 1462//1462 1460//1460
f 1331//1331 1329//1329 1461//1461
f 1332//1332 1462//1462 1330//1330
f 1333//1333 1331//1331 1461//1461
f 1334//1334 1462//1462 1332//1332
f 1333//1333 1461//1461 1463//1463
f 1334//1334 1464//1464 1462//1462
f 1335//1335 1333//1333 1463//1463
f 1336//1336 1464//1464 1334//1334
f 1335//1335 1463//1463 1465//1465
f 1336//1336 1466//1466 1464//1464
f 1335//1335 1465//1465 1467//1467
f 1336//1336 1468//1468 1466//1466
f 1337//1337 1335//1335 1467//1467
f 1338//1338 1468//1468 1336//1336
f 1337//1337 1467//1467 1469//1469
f 1338//1338 1470//1470 1468//1468
f 1339//1339 1337//1337 1469//1469
f 1340//1340 1470//1470 1338//1338
f 1339//1339 1469//1469 1471//1471
f 1340//1340 1472//1472 1470//1470
f 1341//1341 1339//1339 1471//1471
f 1342//1342 1472//1472 1340//1340
f 1341//1341 1471//1471 1473//1473
f 1342//1342 1474//1474 1472//1472
f 1343//1343 1341//1341 1473//1473
f 1344//1344 1474//1474 1342//1342
f 1343//1343 1473//1473 1475//1475
f 1344//1344 1476//1476 1474//1474
f 1345//1345 1343//1343 1475//1475
f 1346//1346 1476//1476 1344//1344
f 1345//1345 1475//1475 1477//1477
f 1346//1346 1478//1478 1476//1476
f 2897//2897 1345//1345 1477//1477
f 2897//2897 1478//1478 1346//1346
f 2897//2897 1477//1477 2899//2899
f 2897//2897 2899//2899 1478//1478
f 2898//2898 2900//2900 1479//1479
f 2898//2898 1480//1480 2900//2900
f 1347//1347 2898//2898 1479//1479
f 1348//1348 1480//1480 2898//2898
f 1347//1347 1479//1479 1481//1481
f 1348//1348 1482//1482 1480//1480
f 1349//1349 1347//1347 1481//1481
f 1350//1350 1482//1482 1348//1348
f 1349//1349 1481//1481 1483//1483
f 1350//1350 1484//1484 1482//1482
f 1351//1351 1349//1349 1483//1483
f 1352//1352 1484//1484 1350//1350
f 1351//1351 1483//1483 1485//1485
f 1352//1352 1486//1486 1484//1484
f 1353//1353 1351//1351 1485//1485
f 1354//1354 1486//1486 1352//1352
f 1353//1353 1485//1485 1487//1487
f 1354//1354 1488//1488 1486//1486
f 1355//1355 1353//1353 1487//1487
f 1356//1356 1488//1488 1354//1354
f 1355//1355 1487//1487 1489//1489
f 1356//1356 1490//1490 1488//1488
f 1357//1357 1355//1355 1489//1489
f 1358//1358 1490//1490 1356//1356
f 1357//1357 1489//1489 1491//1491
f 1358//1358 1492//1492 1490//1490
f 1359//1359 1357//1357 1491//1491
f 1360//1360 1492//1492 1358//1358
f 1359//1359 1491//1491 1493//1493
f 1360//1360 1494//1494 1492//1492
f 1361//1361 1359//1359 1493//1493
f 1362//1362 1494//1494 1360//1360
f 1361//1361 1493//1493 1495//1495
f 1362//1362 1496//1496 1494//1494
f 1363//1363 1361//1361 1495//1495
f 1364//1364 1496//1496 1362//1362
f 1363//1363 1495//1495 1497//1497
f 1364//1364 1498//1498 1496//1496
f 1365//1365 1363//1363 1497//1497
f 1366//1366 1498//1498 1364//1364
f 1365//1365 1497//1497 1499//1499
f 1366//1366 1500//1500 1498//1498
f 1367//1367 1365//1365 1499//1499
f 1368//1368 1500//1500 1366//1366
f 1367//1367 1499//1499 1501//1501
f 1368//1368 1502//1502 1500//1500
f 1369//1369 1367//1367 1501//1501
f 1370//1370 1502//1502 1368//1368
f 1369//1369 1501//1501 1503//1503
f 1370//1370 1504//1504 1502//1502
f 1371//1371 1369//1369 1503//1503
f 1372//1372 1504//1504 1370//1370
f 1371//1371 1503//1503 1505//1505
f 1372//1372 1506//1506 1504//1504
f 1373//1373 1371//1371 1505//1505
f 1374//1374 1506//1506 1372//1372
f 1373//1373 1505//1505 1507//1507
f 1374//1374 1508//1508 1506//1506
f 1375//1375 1373//1373 1507//1507
f 1376//1376 1508//1508 1374//1374
f 1375//1375 1507//1507 1509//1509
f 1376//1376 1510//1510 1508//1508
f 1377//1377 1375//1375 1509//1509
f 1378//1378 1510//1510 1376//1376
f 1377//1377 1509//1509 1511//1511
f 1378//1378 1512//1512 1510//1510
f 1379//1379 1377//1377 1511//1511
f 1380//1380 1512//1512 1378//1378
f 1379//1379 1511//1511 1513//1513
f 1380//1380 1514//1514 1512//1512
f 1381//1381 1379//1379 1513//1513
f 1382//1382 1514//1514 1380//1380
f 1381//1381 1513//1513 1515//1515
f 1382//1382 1516//1516 1514//1514
f 1383//1383 1381//1381 1515//1515
f 1384//1384 1516//1516 1382//1382
f 1383//1383 1515//1515 1517//1517
f 1384//1384 1518//1518 1516//1516
f 1385//1385 1383//1383 1517//1517
f 1386//1386 1518//1518 1384//1384
f 1385//1385 1517//1517 1519//1519
f 1386//1386 1520//1520 1518//1518
f 1387//1387 1385//1385 1519//1519
f 1388//1388 1520//1520 1386//1386
f 1387//1387 1519//1519 1521//1521
f 1388//1388 1522//1522 1520//1520
f 1389//1389 1387//1387 1521//1521
f 1390//1390 1522//1522 1388//1388
f 1389//1389 1521//1521 1523//1523
f 1390//1390 1524//1524 1522//1522
f 1391//1391 1389//1389 1523//1523
f 1392//1392 1524//1524 1390//1390
f 1391//1391 1523//1523 1525//1525
f 1392//1392 1526//1526 1524//1524
f 1393//1393 1391//1391 1525//1525
f 1394//1394 1526//1526 1392//1392
f 1393//1393 1525//1525 1527//1527
f 1394//1394 1528//1528 1526//1526
f 1395//1395 1393//1393 1527//1527
f 1396//1396 1528//1528 1394//1394
f 1395//1395 1527//1527 1529//1529
f 1396//1396 1530//1530 1528//1528
f 1397//1397 1395//1395 1529//1529
f 1398//1398 1530//1530 1396//1396
f 1397//1397 1529//1529 1531//1531
f 1398//1398 1532//1532 1530//1530
f 1399//1399 1397//1397 1531//1531
f 1400//1400 1532//1532 1398//1398
f 1399//1399 1531//1531 1533//1533
f 1400//1400 1534//1534 1532//1532
f 1401//1401 1399//1399 1533//1533
f 1402//1402 1534//1534 1400//1400
f 1401//1401 1533//1533 1535//1535
f 1402//1402 1536//1536 1534//1534
f 1403//1403 1401//1401 1535//1535
f 1404//1404 1536//1536 1402//1402
f 1403//1403 1535//1535 1537//1537
f 1404//1404 1538//1538 1536//1536
f 1405//1405 1403//1403 1537//1537
f 1406//1406 1538//1538 1404//1404
f 1405//1405 1537//1537 1539//1539
f 1406//1406 1540//1540 1538//1538
f 1407//1407 1405//1405 1539//1539
f 1408//1408 1540//1540 1406//1406
f 1407//1407 1539//1539 1541//1541
f 1408//1408 1542//1542 1540//1540
f 1409//1409 1407//1407 1541//1541
f 1410//1410 1542//1542 1408//1408
f 1409//1409 1541//1541 1543//1543
f 1410//1410 1544//1544 1542//1542
f 1411//1411 1409//1409 1543//1543
f 1412//1412 1544//1544 1410//1410
f 1411//1411 1543//1543 1545//1545
f 1412//1412 1546//1546 1544//1544
f 1413//1413 1411//1411 1545//1545
f 1414//1414 1546//1546 1412//1412
f 1413//1413 1545//1545 1547//1547
f 1414//1414 1548//1548 1546//1546
f 1415//1415 1413//1413 1547//1547
f 1416//1416 1548//1548 1414//1414
f 1415//1415 1547//1547 1549//1549
f 1416//1416 1550//1550 1548//1548
f 1417//1417 1415//1415 1549//1549
f 1418//1418 1550//1550 1416//1416
f 1417//1417 1549//1549 1551//1551
f 1418//1418 1552//1552 1550//1550
f 1419//1419 1417//1417 1551//1551
f 1420//1420 1552//1552 1418//1418
f 1419//1419 1551//1551 1553//1553
f 1420//1420 1554//1554 1552//1552
f 1421//1421 1419//1419 1553//1553
f 1422//1422 1554//1554 1420//1420
f 1421//1421 1553//1553 1555//1555
f 1422//1422 1556//1556 1554//1554
f 1423//1423 1421//1421 1555//1555
f 1424//1424 1556//1556 1422//1422
f 1423//1423 1555//1555 1557//1557
f 1424//1424 1558//1558 1556//1556
f 1425//1425 1423//1423 1557//1557
f 1426//1426 1558//1558 1424//1424
f 1425//1425 1557//1557 1559//1559
f 1426//1426 1560//1560 1558//1558
f 1427//1427 1425//1425 1559//1559
f 1428//1428 1560//1560 1426//1426
f 1427//1427 1559//1559 1561//1561
f 1428//1428 1562//1562 1560//1560
f 1429//1429 1427//1427 1561//1561
f 1430//1430 1562//1562 1428//1428
f 1429//1429 1561//1561 1563//1563
f 1430//1430 1564//1564 1562//1562
f 1431//1431 1429//1429 1563//1563
f 1432//1432 1564//1564 1430//1430
f 1431//1431 1563//1563 1565//1565
f 1432//1432 1566//1566 1564//1564
f 1433//1433 1431//1431 1565//1565
f 1434//1434 1566//1566 1432//1432
f 1433//1433 1565//1565 1567//1567
f 1434//1434 1568//1568 1566//1566
f 1435//1435 1433//1433 1567//1567
f 1436//1436 1568//1568 1434//1434
f 1435//1435 1567//1567 1569//1569
f 1436//1436 1570//1570 1568//1568
f 1437//1437 1435//1435 1569//1569
f 1438//1438 1570//1570 1436//1436
f 1437//1437 1569//1569 1571//1571
f 1438//1438 1572//1572 1570//1570
f 1439//1439 1437//1437 1571//1571
f 1440//1440 1572//1572 1438//1438
f 1439//1439 1571//1571 1573//1573
f 1440//1440 1574//1574 1572//1572
f 1441//1441 1439//1439 1573//1573
f 1442//1442 1574//1574 1440//1440
f 1441//1441 1573//1573 1575//1575
f 1442//1442 1576//1576 1574//1574
f 1443//1443 1441//1441 1575//1575
f 1444//1444 1576//1576 1442//1442
f 1443//1443 1575//1575 1577//1577
f 1444//1444 1578//1578 1576//1576
f 1445//1445 1443//1443 1577//1577
f 1446//1446 1578//1578 1444//1444
f 1445//1445 1577//1577 1579//1579
f 1446//1446 1580//1580 1578//1578
f 1447//1447 1445//1445 1579//1579
f 1448//1448 1580//1580 1446//1446
f 1447//1447 1579//1579 1581//1581
f 1448//1448 1582//1582 1580//1580
f 1449//1449 1447//1447 1581//1581
f 1450//1450 1582//1582 1448//1448
f 1449//1449 1581//1581 1583//1583
f 1450//1450 1584//1584 1582//1582
f 1451//1451 1449//1449 1583//1583
f 1452//1452 1584//1584 1450//1450
f 1451//1451 1583//1583 1585//1585
f 1452//1452 1586//1586 1584//1584
f 1453//1453 1451//1451 1585//1585
f 1454//1454 1586//1586 1452//1452
f 1453//1453 1585//1585 1587//1587
f 1454//1454 1588//1588 1586//1586
f 1455//1455 1453//1453 1587//1587
f 1456//1456 1588//1588 1454//1454
f 1455//1455 1587//1587 1589//1589
f 1456//1456 1590//1590 1588//1588
f 1457//1457 1455//1455 1589//1589
f 1458//1458 1590//1590 1456//1456
f 1457//1457 1589//1589 1591//1591
f 1458//1458 1592//1592 1590//1590
f 1459//1459 1457//1457 1591//1591
f 1460//1460 1592//1592 1458//1458
f 1459//1459 1591//1591 1593//1593
f 1460//1460 1594//1594 1592//1592
f 1461//1461 1459//1459 1593//1593
f 1462//1462 1594//1594 1460//1460
f 1461//1461 1593//1593 1595//1595
f 1462//1462 1596//1596 1594//1594
f 1463//1463 1461//1461 1595//1595
f 1464//1464 1596//1596 1462//1462
f 1463//1463 1595//1595 1597//1597
f 1464//1464 1598//1598 1596//1596
f 1465//1465 1463//1463 1597//1597
f 1466//1466 1598//1598 1464//1464
f 1465//1465 1597//1597 1599//1599
f 1466//1466 1600//1600 1598//1598
f 1467//1467 1465//1465 1599//1599
f 1468//1468 1600//1600 1466//1466
f 1467//1467 1599//1599 1601//1601
f 1468//1468 1602//1602 1600//1600
f 1469//1469 1467//1467 1601//1601
f 1470//1470 1602//1602 1468//1468
f 1469//1469 1601//1601 1603//1603
f 1470//1470 1604//1604 1602//1602
f 1471//1471 1469//1469 1603//1603
f 1472//1472 1604//1604 1470//1470
f 1471//1471 1603//1603 1605//1605
f 1472//1472 1606//1606 1604//1604
f 1473//1473 1471//1471 1605//1605
f 1474//1474 1606//1606 1472//1472
f 1473//1473 1605//1605 1607//1607
f 1474//1474 1608//1608 1606//1606
f 1475//1475 1473//1473 1607//1607
f 1476//1476 1608//1608 1474//1474
f 1477//1477 1475//1475 1607//1607
f 1478//1478 1608//1608 1476//1476
f 1477//1477 1607//1607 2901//2901
f 1478//1478 2901//2901 1608//1608
f 2899//2899 1477//1477 2901//2901
f 2899//2899 2901//2901 1478//1478
f 1479//1479 2900//2900 2902//2902
f 1480//1480 2902//2902 2900//2900
f 1479//1479 2902//2902 1609//1609
f 1480//1480 1610//1610 2902//2902
f 1481//1481 1479//1479 1609//1609
f 1482//1482 1610//1610 1480//1480
f 1481//1481 1609//1609 1611//1611
f 1482//1482 1612//1612 1610//1610
f 1483//1483 1481//1481 1611//1611
f 1484//1484 1612//1612 1482//1482
f 1483//1483 1611//1611 1613//1613
f 1484//1484 1614//1614 1612//1612
f 1485//1485 1483//1483 1613//1613
f 1486//1486 1614//1614 1484//1484
f 1485//1485 1613//1613 1615//1615
f 1486//1486 1616//1616 1614//1614
f 1487//1487 1485//1485 1615//1615
f 1488//1488 1616//1616 1486//1486
f 1487//1487 1615//1615 1617//1617
f 1488//1488 1618//1618 1616//1616
f 1489//1489 1487//1487 1617//1617
f 1490//1490 1618//1618 1488//1488
f 1489//1489 1617//1617 1619//1619
f 1490//1490 1620//1620 1618//1618
f 1491//1491 1489//1489 1619//1619
f 1492//1492 1620//1620 1490//1490
f 1491//1491 1619//1619 1621//1621
f 1492//1492 1622//1622 1620//1620
f 1493//1493 1491//1491 1621//1621
f 1494//1494 1622//1622 1492//1492
f 1493//1493 1621//1621 1623//1623
f 1494//1494 1624//1624 1622//1622
f 1495//1495 1493//1493 1623//1623
f 1496//1496 1624//1624 1494//1494
f 1495//1495 1623//1623 1625//1625
f 1496//1496 1626//1626 1624//1624
f 1497//1497 1495//1495 1625//1625
f 1498//1498 1626//1626 1496//1496
f 1497//1497 1625//1625 1627//1627
f 1498//1498 1628//1628 1626//1626
f 1499//1499 1497//1497 1627//1627
f 1500//1500 1628//1628 1498//1498
f 1499//1499 1627//1627 1629//1629
f 1500//1500 1630//1630 1628//1628
f 1501//1501 1499//1499 1629//1629
f 1502//1502 1630//1630 1500//1500
f 1501//1501 1629//1629 1631//1631
f 1502//1502 1632//1632 1630//1630
f 1503//1503 1501//1501 1631//1631
f 1504//1504 1632//1632 1502//1502
f 1503//1503 1631//1631 1633//1633
f 1504//1504 1634//1634 1632//1632
f 1505//1505 1503//1503 1633//1633
f 1506//1506 1634//1634 1504//1504
f 1505//1505 1633//1633 1635//1635
f 1506//1506 1636//1636 1634//1634
f 1507//1507 1505//1505 1635//1635
f 1508//1508 1636//1636 1506//1506
f 1507//1507 1635//1635 1637//1637
f 1508//1508 1638//1638 1636//1636
f 1509//1509 1507//1507 1637//1637
f 1510//1510 1638//1638 1508//1508
f 1509//1509 1637//1637 1639//1639
f 1510//1510 1640//1640 1638//1638
f 1511//1511 1509//1509 1639//1639
f 1512//1512 1640//1640 1510//1510
f 1511//1511 1639//1639 1641//1641
f 1512//1512 1642//1642 1640//1640
f 1513//1513 1511//1511 1641//1641
f 1514//1514 1642//1642 1512//1512
f 1513//1513 1641//1641 1643//1643
f 1514//1514 1644//1644 1642//1642
f 1515//1515 1513//1513 1643//1643
f 1516//1516 1644//1644 1514//1514
f 1515//1515 1643//1643 1645//1645
f 1516//1516 1646//1646 1644//1644
f 1517//1517 1515//1515 1645//1645
f 1518//1518 1646//1646 1516//1516
f 1517//1517 1645//1645 1647//1647
f 1518//1518 1648//1648 1646//1646
f 1519//1519 1517//1517 1647//1647
f 1520//1520 1648//1648 1518//1518
f 1519//1519 1647//1647 1649//1649
f 1520//1520 1650//1650 1648//1648
f 1521//1521 1519//1519 1649//1649
f 1522//1522 1650//1650 1520//1520
f 1521//1521 1649//1649 1651//1651
f 1522//1522 1652//1652 1650//1650
f 1523//1523 1521//1521 1651//1651
f 1524//1524 1652//1652 1522//1522
f 1523//1523 1651//1651 1653//1653
f 1524//1524 1654//1654 1652//1652
f 1525//1525 1523//1523 1653//1653
f 1526//1526 1654//1654 1524//1524
f 1525//1525 1653//1653 1655//1655
f 1526//1526 1656//1656 1654//1654
f 1527//1527 1525//1525 1655//1655
f 1528//1528 1656//1656 1526//1526
f 1527//1527 1655//1655 1657//1657
f 1528//1528 1658//1658 1656//1656
f 1529//1529 1527//1527 1657//1657
f 1530//1530 1658//1658 1528//1528
f 1529//1529 1657//1657 1659//1659
f 1530//1530 1660//1660 1658//1658
f 1531//1531 1529//1529 1659//1659
f 1532//1532 1660//1660 1530//1530
f 1531//1531 1659//1659 1661//1661
f 1532//1532 1662//1662 1660//1660
f 1533//1533 1531//1531 1661//1661
f 1534//1534 1662//1662 1532//1532
f 1533//1533 1661//1661 1663//1663
f 1534//1534 1664//1664 1662//1662
f 1535//1535 1533//1533 1663//1663
f 1536//1536 1664//1664 1534//1534
f 1535//1535 1663//1663 1665//1665
f 1536//1536 1666//1666 1664//1664
f 1537//1537 1535//1535 1665//1665
f 1538//1538 1666//1666 1536//1536
f 1537//1537 1665//1665 1667//1667
f 1538//1538 1668//1668 1666//1666
f 1539//1539 1537//1537 1667//1667
f 1540//1540 1668//1668 1538//1538
f 1539//1539 1667//1667 1669//1669
f 1540//1540 1670//1670 1668//1668
f 1541//1541 1539//1539 1669//1669
f 1542//1542 1670//1670 1540//1540
f 1541//1541 1669//1669 1671//1671
f 1542//1542 1672//1672 1670//1670
f 1543//1543 1541//1541 1671//1671
f 1544//1544 1672//1672 1542//1542
f 1543//1543 1671//1671 1673//1673
f 1544//1544 1674//1674 1672//1672
f 1545//1545 1543//1543 1673//1673
f 1546//1546 1674//1674 1544//1544
f 1545//1545 1673//1673 1675//1675
f 1546//1546 1676//1676 1674//1674
f 1547//1547 1545//1545 1675//1675
f 1548//1548 1676//1676 1546//1546
f 1547//1547 1675//1675 1677//1677
f 1548//1548 1678//1678 1676//1676
f 1549//1549 1547//1547 1677//1677
f 1550//1550 1678//1678 1548//1548
f 1549//1549 1677//1677 1679//1679
f 1550//1550 1680//1680 1678//1678
f 1551//1551 1549//1549 1679//1679
f 1552//1552 1680//1680 1550//1550
f 1551//1551 1679//1679 1681//1681
f 1552//1552 1682//1682 1680//1680
f 1553//1553 1551//1551 1681//1681
f 1554//1554 1682//1682 1552//1552
f 1553//1553 1681//1681 1683//1683
f 1554//1554 1684//1684 1682//1682
f 1555//1555 1553//1553 1683//1683
f 1556//1556 1684//1684 1554//1554
f 1555//1555 1683//1683 1685//1685
f 1556//1556 1686//1686 1684//1684
f 1557//1557 1555//1555 1685//1685
f 1558//1558 1686//1686 1556//1556
f 1557//1557 1685//1685 1687//1687
f 1558//1558 1688//1688 1686//1686
f 1559//1559 1557//1557 1687//1687
f 1560//1560 1688//1688 1558//1558
f 1559//1559 1687//1687 1689//1689
f 1560//1560 1690//1690 1688//1688
f 1561//1561 1559//1559 1689//1689
f 1562//1562 1690//1690 1560//1560
f 1561//1561 1689//1689 1691//1691
f 1562//1562 1692//1692 1690//1690
f 1563//1563 1561//1561 1691//1691
f 1564//1564 1692//1692 1562//1562
f 1563//1563 1691//1691 1693//1693
f 1564//1564 1694//1694 1692//1692
f 1565//1565 1563//1563 1693//1693
f 1566//1566 1694//1694 1564//1564
f 1565//1565 1693//1693 1695//1695
f 1566//1566 1696//1696 1694//1694
f 1567//1567 1565//1565 1695//1695
f 1568//1568 1696//1696 1566//1566
f 1567//1567 1695//1695 1697//1697
f 1568//1568 1698//1698 1696//1696
f 1569//1569 1567//1567 1697//1697
f 1570//1570 1698//1698 1568//1568
f 1569//1569 1697//1697 1699//1699
f 1570//1570 1700//1700 1698//1698
f 1571//1571 1569//1569 1699//1699
f 1572//1572 1700//1700 1570//1570
f 1571//1571 1699//1699 1701//1701
f 1572//1572 1702//1702 1700//1700
f 1573//1573 1571//1571 1701//1701
f 1574//1574 1702//1702 1572//1572
f 1573//1573 1701//1701 1703//1703
f 1574//1574 1704//1704 1702//1702
f 1575//1575 1573//1573 1703//1703
f 1576//1576 1704//1704 1574//1574
f 1575//1575 1703//1703 1705//1705
f 1576//1576 1706//1706 1704//1704
f 1577//1577 1575//1575 1705//1705
f 1578//1578 1706//1706 1576//1576
f 1577//1577 1705//1705 1707//1707
f 1578//1578 1708//1708 1706//1706
f 1579//1579 1577//1577 1707//1707
f 1580//1580 1708//1708 1578//1578
f 1579//1579 1707//1707 1709//1709
f 1580//1580 1710//1710 1708//1708
f 1581//1581 1579//1579 1709//1709
f 1582//1582 1710//1710 1580//1580
f 1581//1581 1709//1709 1711//1711
f 1582//1582 1712//1712 1710//1710
f 1583//1583 1581//1581 1711//1711
f 1584//1584 1712//1712 1582//1582
f 1583//1583 1711//1711 1713//1713
f 1584//1584 1714//1714 1712//1712
f 1585//1585 1583//1583 1713//1713
f 1586//1586 1714//1714 1584//1584
f 1585//1585 1713//1713 1715//1715
f 1586//1586 1716//1716 1714//1714
f 1587//1587 1585//1585 1715//1715
f 1588//1588 1716//1716 1586//1586
f 1587//1587 1715//1715 1717//1717
f 1588//1588 1718//1718 1716//1716
f 1589//1589 1587//1587 1717//1717
f 1590//1590 1718//1718 1588//1588
f 1589//1589 1717//1717 1719//1719
f 1590//1590 1720//1720 1718//1718
f 1591//1591 1589//1589 1719//1719
f 1592//1592 1720//1720 1590//1590
f 1591//1591 1719//1719 1721//1721
f 1592//1592 1722//1722 1720//1720
f 1593//1593 1591//1591 1721//1721
f 1594//1594 1722//1722 1592//1592
f 1593//1593 1721//1721 1723//1723
f 1594//1594 1724//1724 1722//1722
f 1595//1595 1593//1593 1723//1723
f 1596//1596 1724//1724 1594//1594
f 1595//1595 1723//1723 1725//1725
f 1596//1596 1726//1726 1724//1724
f 1595//1595 1725//1725 1727//1727
f 1596//1596 1728//1728 1726//1726
f 1597//1597 1595//1595 1727//1727
f 1598//1598 1728//1728 1596//1596
f 1599//1599 1597//1597 1727//1727
f 1600//1600 1728//1728 1598//1598
f 1599//1599 1727//1727 1729//1729
f 1600//1600 1730//1730 1728//1728
f 1601//1601 1599//1599 1729//1729
f 1602//1602 1730//1730 1600//1600
f 1601//1601 1729//1729 1731//1731
f 1602//1602 1732//1732 1730//1730
f 1601//1601 1731//1731 1733//1733
f 1602//1602 1734//1734 1732//1732
f 1603//1603 1601//1601 1733//1733
f 1604//1604 1734//1734 1602//1602
f 1603//1603 1733//1733 1735//1735
f 1604//1604 1736//1736 1734//1734
f 1605//1605 1603//1603 1735//1735
f 1606//1606 1736//1736 1604//1604
f 1605//1605 1735//1735 1737//1737
f 1606//1606 1738//1738 1736//1736
f 1607//1607 1605//1605 1737//1737
f 1608//1608 1738//1738 1606//1606
f 1607//1607 1737//1737 1739//1739
f 1608//1608 1740//1740 1738//1738
f 2901//2901 1607//1607 1739//1739
f 2901//2901 1740//1740 1608//1608
f 2901//2901 1739//1739 2903//2903
f 2901//2901 2903//2903 1740//1740
f 1609//1609 2902//2902 2904//2904
f 1610//1610 2904//2904 2902//2902
f 1609//1609 2904//2904 1741//1741
f 1610//1610 1742//1742 2904//2904
f 1611//1611 1609//1609 1741//1741
f 1612//1612 1742//1742 1610//1610
f 1611//1611 1741//1741 1743//1743
f 1612//1612 1744//1744 1742//1742
f 1613//1613 1611//1611 1743//1743
f 1614//1614 1744//1744 1612//1612
f 1613//1613 1743//1743 1745//1745
f 1614//1614 1746//1746 1744//1744
f 1615//1615 1613//1613 1745//1745
f 1616//1616 1746//1746 1614//1614
f 1615//1615 1745//1745 1747//1747
f 1616//1616 1748//1748 1746//1746
f 1617//1617 1615//1615 1747//1747
f 1618//1618 1748//1748 1616//1616
f 1617//1617 1747//1747 1749//1749
f 1618//1618 1750//1750 1748//1748
f 1619//1619 1617//1617 1749//1749
f 1620//1620 1750//1750 1618//1618
f 1619//1619 1749//1749 1751//1751
f 1620//1620 1752//1752 1750//1750
f 1621//1621 1619//1619 1751//1751
f 1622//1622 1752//1752 1620//1620
f 1621//1621 1751//1751 1753//1753
f 1622//1622 1754//1754 1752//1752
f 1623//1623 1621//1621 1753//1753
f 1624//1624 1754//1754 1622//1622
f 1623//1623 1753//1753 1755//1755
f 1624//1624 1756//1756 1754//1754
f 1623//1623 1755//1755 1757//1757
f 1624//1624 1758//1758 1756//1756
f 1625//1625 1623//1623 1757//1757
f 1626//1626 1758//1758 1624//1624
f 1625//1625 1757//1757 1759//1759
f 1626//1626 1760//1760 1758//1758
f 1627//1627 1625//1625 1759//1759
f 1628//1628 1760//1760 1626//1626
f 1629//1629 1627//1627 1759//1759
f 1630//1630 1760//1760 1628//1628
f 1629//1629 1759//1759 1761//1761
f 1630//1630 1762//1762 1760//1760
f 1629//1629 1761//1761 1763//1763
f 1630//1630 1764//1764 1762//1762
f 1631//1631 1629//1629 1763//1763
f 1632//1632 1764//1764 1630//1630
f 1633//1633 1631//1631 1763//1763
f 1634//1634 1764//1764 1632//1632
f 1633//1633 1763//1763 1765//1765
f 1634//1634 1766//1766 1764//1764
f 1635//1635 1633//1633 1765//1765
f 1636//1636 1766//1766 1634//1634
f 1635//1635 1765//1765 1767//1767
f 1636//1636 1768//1768 1766//1766
f 1637//1637 1635//1635 1767//1767
f 1638//1638 1768//1768 1636//1636
f 1637//1637 1767//1767 1769//1769
f 1638//1638 1770//1770 1768//1768
f 1639//1639 1637//1637 1769//1769
f 1640//1640 1770//1770 1638//1638
f 1639//1639 1769//1769 1771//1771
f 1640//1640 1772//1772 1770//1770
f 1641//1641 1639//1639 1771//1771
f 1642//1642 1772//1772 1640//1640
f 1641//1641 1771//1771 1773//1773
f 1642//1642 1774//1774 1772//1772
f 1641//1641 1773//1773 1775//1775
f 1642//1642 1776//1776 1774//1774
f 1643//1643 1641//1641 1775//1775
f 1644//1644 1776//1776 1642//1642
f 1645//1645 1643//1643 1775//1775
f 1646//1646 1776//1776 1644//1644
f 1645//1645 1775//1775 1777//1777
f 1646//1646 1778//1778 1776//1776
f 1647//1647 1645//1645 1777//1777
f 1648//1648 1778//1778 1646//1646
f 1647//1647 1777//1777 1779//1779
f 1648//1648 1780//1780 1778//1778
f 1649//1649 1647//1647 1779//1779
f 1650//1650 1780//1780 1648//1648
f 1649//1649 1779//1779 1781//1781
f 1650//1650 1782//1782 1780//1780
f 1649//1649 1781//1781 1783//1783
f 1650//1650 1784//1784 1782//1782
f 1651//1651 1649//1649 1783//1783
f 1652//1652 1784//1784 1650//1650
f 1651//1651 1783//1783 1785//1785
f 1652//1652 1786//1786 1784//1784
f 1653//1653 1651//1651 1785//1785
f 1654//1654 1786//1786 1652//1652
f 1653//1653 1785//1785 1787//1787
f 1654//1654 1788//1788 1786//1786
f 1655//1655 1653//1653 1787//1787
f 1656//1656 1788//1788 1654//1654
f 1655//1655 1787//1787 1789//1789
f 1656//1656 1790//1790 1788//1788
f 1657//1657 1655//1655 1789//1789
f 1658//1658 1790//1790 1656//1656
f 1657//1657 1789//1789 1791//1791
f 1658//1658 1792//1792 1790//1790
f 1659//1659 1657//1657 1791//1791
f 1660//1660 1792//1792 1658//1658
f 1659//1659 1791//1791 1793//1793
f 1660//1660 1794//1794 1792//1792
f 1661//1661 1659//1659 1793//1793
f 1662//1662 1794//1794 1660//1660
f 1661//1661 1793//1793 1795//1795
f 1662//1662 1796//1796 1794//1794
f 1663//1663 1661//1661 1795//1795
f 1664//1664 1796//1796 1662//1662
f 1663//1663 1795//1795 1797//1797
f 1664//1664 1798//1798 1796//1796
f 1665//1665 1663//1663 1797//1797
f 1666//1666 1798//1798 1664//1664
f 1665//1665 1797//1797 1799//1799
f 1666//1666 1800//1800 1798//1798
f 1667//1667 1665//1665 1799//1799
f 1668//1668 1800//1800 1666//1666
f 1667//1667 1799//1799 1801//1801
f 1668//1668 1802//1802 1800//1800
f 1669//1669 1667//1667 1801//1801
f 1670//1670 1802//1802 1668//1668
f 1669//1669 1801//1801 1803//1803
f 1670//1670 1804//1804 1802//1802
f 1671//1671 1669//1669 1803//1803
f 1672//1672 1804//1804 1670//1670
f 1673//1673 1671//1671 1803//1803
f 1674//1674 1804//1804 1672//1672
f 1673//1673 1803//1803 1805//1805
f 1674//1674 1806//1806 1804//1804
f 1673//1673 1805//1805 1807//1807
f 1674//1674 1808//1808 1806//1806
f 1675//1675 1673//1673 1807//1807
f 1676//1676 1808//1808 1674//1674
f 1675//1675 1807//1807 1809//1809
f 1676//1676 1810//1810 1808//1808
f 1677//1677 1675//1675 1809//1809
f 1678//1678 1810//1810 1676//1676
f 1677//1677 1809//1809 1811//1811
f 1678//1678 1812//1812 1810//1810
f 1679//1679 1677//1677 1811//1811
f 1680//1680 1812//1812 1678//1678
f 1679//1679 1811//1811 1813//1813
f 1680//1680 1814//1814 1812//1812
f 1681//1681 1679//1679 1813//1813
f 1682//1682 1814//1814 1680//1680
f 1683//1683 1681//1681 1813//1813
f 1684//1684 1814//1814 1682//1682
f 1683//1683 1813//1813 1815//1815
f 1684//1684 1816//1816 1814//1814
f 1685//1685 1683//1683 1815//1815
f 1686//1686 1816//1816 1684//1684
f 1685//1685 1815//1815 1817//1817
f 1686//1686 1818//1818 1816//1816
f 1687//1687 1685//1685 1817//1817
f 1688//1688 1818//1818 1686//1686
f 1687//1687 1817//1817 1819//1819
f 1688//1688 1820//1820 1818//1818
f 1689//1689 1687//1687 1819//1819
f 1690//1690 1820//1820 1688//1688
f 1689//1689 1819//1819 1821//1821
f 1690//1690 1822//1822 1820//1820
f 1691//1691 1689//1689 1821//1821
f 1692//1692 1822//1822 1690//1690
f 1691//1691 1821//1821 1823//1823
f 1692//1692 1824//1824 1822//1822
f 1693//1693 1691//1691 1823//1823
f 1694//1694 1824//1824 1692//1692
f 1693//1693 1823//1823 1825//1825
f 1694//1694 1826//1826 1824//1824
f 1693//1693 1825//1825 1827//1827
f 1694//1694 1828//1828 1826//1826
f 1695//1695 1693//1693 1827//1827
f 1696//1696 1828//1828 1694//1694
f 1695//1695 1827//1827 1829//1829
f 1696//1696 1830//1830 1828//1828
f 1697//1697 1695//1695 1829//1829
f 1698//1698 1830//1830 1696//1696
f 1697//1697 1829//1829 1831//1831
f 1698//1698 1832//1832 1830//1830
f 1699//1699 1697//1697 1831//1831
f 1700//1700 1832//1832 1698//1698
f 1701//1701 1699//1699 1831//1831
f 1702//1702 1832//1832 1700//1700
f 1701//1701 1831//1831 1833//1833
f 1702//1702 1834//1834 1832//1832
f 1703//1703 1701//1701 1833//1833
f 1704//1704 1834//1834 1702//1702
f 1703//1703 1833//1833 1835//1835
f 1704//1704 1836//1836 1834//1834
f 1705//1705 1703//1703 1835//1835
f 1706//1706 1836//1836 1704//1704
f 1705//1705 1835//1835 1837//1837
f 1706//1706 1838//1838 1836//1836
f 1705//1705 1837//1837 1839//1839
f 1706//1706 1840//1840 1838//1838
f 1707//1707 1705//1705 1839//1839
f 1708//1708 1840//1840 1706//1706
f 1709//1709 1707//1707 1839//1839
f 1710//1710 1840//1840 1708//1708
f 1709//1709 1839//1839 1841//1841
f 1710//1710 1842//1842 1840//1840
f 1709//1709 1841//1841 1843//1843
f 1710//1710 1844//1844 1842//1842
f 1711//1711 1709//1709 1843//1843
f 1712//1712 1844//1844 1710//1710
f 1711//1711 1843//1843 1845//1845
f 1712//1712 1846//1846 1844//1844
f 1713//1713 1711//1711 1845//1845
f 1714//1714 1846//1846 1712//1712
f 1715//1715 1713//1713 1845//1845
f 1716//1716 1846//1846 1714//1714
f 1715//1715 1845//1845 1847//1847
f 1716//1716 1848//1848 1846//1846
f 1717//1717 1715//1715 1847//1847
f 1718//1718 1848//1848 1716//1716
f 1717//1717 1847//1847 1849//1849
f 1718//1718 1850//1850 1848//1848
f 1717//1717 1849//1849 1851//1851
f 1718//1718 1852//1852 1850//1850
f 1719//1719 1717//1717 1851//1851
f 1720//1720 1852//1852 1718//1718
f 1719//1719 1851//1851 1853//1853
f 1720//1720 1854//1854 1852//1852
f 1721//1721 1719//1719 1853//1853
f 1722//1722 1854//1854 1720//1720
f 1723//1723 1721//1721 1853//1853
f 1724//1724 1854//1854 1722//1722
f 1723//1723 1853//1853 1855//1855
f 1724//1724 1856//1856 1854//1854
f 1725//1725 1723//1723 1855//1855
f 1726//1726 1856//1856 1724//1724
f 1725//1725 1855//1855 1857//1857
f 1726//1726 1858//1858 1856//1856
f 1727//1727 1725//1725 1857//1857
f 1728//1728 1858//1858 1726//1726
f 1727//1727 1857//1857 1859//1859
f 1728//1728 1860//1860 1858//1858
f 1729//1729 1727//1727 1859//1859
f 1730//1730 1860//1860 1728//1728
f 1729//1729 1859//1859 1861//1861
f 1730//1730 1862//1862 1860//1860
f 1731//1731 1729//1729 1861//1861
f 1732//1732 1862//1862 1730//1730
f 1731//1731 1861//1861 1863//1863
f 1732//1732 1864//1864 1862//1862
f 1733//1733 1731//1731 1863//1863
f 1734//1734 1864//1864 1732//1732
f 1733//1733 1863//1863 1865//1865
f 1734//1734 1866//1866 1864//1864
f 1735//1735 1733//1733 1865//1865
f 1736//1736 1866//1866 1734//1734
f 1735//1735 1865//1865 1867//1867
f 1736//1736 1868//1868 1866//1866
f 1737//1737 1735//1735 1867//1867
f 1738//1738 1868//1868 1736//1736
f 1737//1737 1867//1867 1869//1869
f 1738//1738 1870//1870 1868//1868
f 1739//1739 1737//1737 1869//1869
f 1740//1740 1870//1870 1738//1738
f 1739//1739 1869//1869 1871//1871
f 1740//1740 1872//1872 1870//1870
f 2903//2903 1739//1739 1871//1871
f 2903//2903 1872//1872 1740//1740
f 2903//2903 1871//1871 2905//2905
f 2903//2903 2905//2905 1872//1872
f 1741//1741 2904//2904 2906//2906
f 1742//1742 2906//2906 2904//2904
f 1741//1741 2906//2906 1873//1873
f 1742//1742 1874//1874 2906//2906
f 1743//1743 1741//1741 1873//1873
f 1744//1744 1874//1874 1742//1742
f 1743//1743 1873//1873 1875//1875
f 1744//1744 1876//1876 1874//1874
f 1745//1745 1743//1743 1875//1875
f 1746//1746 1876//1876 1744//1744
f 1745//1745 1875//1875 1877//1877
f 1746//1746 1878//1878 1876//1876
f 1747//1747 1745//1745 1877//1877
f 1748//1748 1878//1878 1746//1746
f 1747//1747 1877//1877 1879//1879
f 1748//1748 1880//1880 1878//1878
f 1749//1749 1747//1747 1879//1879
f 1750//1750 1880//1880 1748//1748
f 1749//1749 1879//1879 1881//1881
f 1750//1750 1882//1882 1880//1880
f 1751//1751 1749//1749 1881//1881
f 1752//1752 1882//1882 1750//1750
f 1751//1751 1881//1881 1883//1883
f 1752//1752 1884//1884 1882//1882
f 1753//1753 1751//1751 1883//1883
f 1754//1754 1884//1884 1752//1752
f 1753//1753 1883//1883 1885//1885
f 1754//1754 1886//1886 1884//1884
f 1755//1755 1753//1753 1885//1885
f 1756//1756 1886//1886 1754//1754
f 1755//1755 1885//1885 1887//1887
f 1756//1756 1888//1888 1886//1886
f 1757//1757 1755//1755 1887//1887
f 1758//1758 1888//1888 1756//1756
f 1757//1757 1887//1887 1889//1889
f 1758//1758 1890//1890 1888//1888
f 1759//1759 1757//1757 1889//1889
f 1760//1760 1890//1890 1758//1758
f 1759//1759 1889//1889 1891//1891
f 1760//1760 1892//1892 1890//1890
f 1761//1761 1759//1759 1891//1891
f 1762//1762 1892//1892 1760//1760
f 1761//1761 1891//1891 1893//1893
f 1762//1762 1894//1894 1892//1892
f 1763//1763 1761//1761 1893//1893
f 1764//1764 1894//1894 1762//1762
f 1763//1763 1893//1893 1895//1895
f 1764//1764 1896//1896 1894//1894
f 1765//1765 1763//1763 1895//1895
f 1766//1766 1896//1896 1764//1764
f 1765//1765 1895//1895 1897//1897
f 1766//1766 1898//1898 1896//1896
f 1767//1767 1765//1765 1897//1897
f 1768//1768 1898//1898 1766//1766
f 1767//1767 1897//1897 1899//1899
f 1768//1768 1900//1900 1898//1898
f 1769//1769 1767//1767 1899//1899
f 1770//1770 1900//1900 1768//1768
f 1771//1771 1769//1769 1899//1899
f 1772//1772 1900//1900 1770//1770
f 1771//1771 1899//1899 1901//1901
f 1772//1772 1902//1902 1900//1900
f 1773//1773 1771//1771 1901//1901
f 1774//1774 1902//1902 1772//1772
f 1773//1773 1901//1901 1903//1903
f 1774//1774 1904//1904 1902//1902
f 1775//1775 1773//1773 1903//1903
f 1776//1776 1904//1904 1774//1774
f 1775//1775 1903//1903 1905//1905
f 1776//1776 1906//1906 1904//1904
f 1777//1777 1775//1775 1905//1905
f 1778//1778 1906//1906 1776//1776
f 1777//1777 1905//1905 1907//1907
f 1778//1778 1908//1908 1906//1906
f 1779//1779 1777//1777 1907//1907
f 1780//1780 1908//1908 1778//1778
f 1779//1779 1907//1907 1909//1909
f 1780//1780 1910//1910 1908//1908
f 1779//1779 1909//1909 1911//1911
f 1780//1780 1912//1912 1910//1910
f 1781//1781 1779//1779 1911//1911
f 1782//1782 1912//1912 1780//1780
f 1783//1783 1781//1781 1911//1911
f 1784//1784 1912//1912 1782//1782
f 1783//1783 1911//1911 1913//1913
f 1784//1784 1914//1914 1912//1912
f 1783//1783 1913//1913 1915//1915
f 1784//1784 1916//1916 1914//1914
f 1785//1785 1783//1783 1915//1915
f 1786//1786 1916//1916 1784//1784
f 1787//1787 1785//1785 1915//1915
f 1788//1788 1916//1916 1786//1786
f 1787//1787 1915//1915 1917//1917
f 1788//1788 1918//1918 1916//1916
f 1789//1789 1787//1787 1917//1917
f 1790//1790 1918//1918 1788//1788
f 1789//1789 1917//1917 1919//1919
f 1790//1790 1920//1920 1918//1918
f 1791//1791 1789//1789 1919//1919
f 1792//1792 1920//1920 1790//1790
f 1791//1791 1919//1919 1921//1921
f 1792//1792 1922//1922 1920//1920
f 1793//1793 1791//1791 1921//1921
f 1794//1794 1922//1922 1792//1792
f 1793//1793 1921//1921 1923//1923
f 1794//1794 1924//1924 1922//1922
f 1793//1793 1923//1923 1925//1925
f 1794//1794 1926//1926 1924//1924
f 1795//1795 1793//1793 1925//1925
f 1796//1796 1926//1926 1794//1794
f 1795//1795 1925//1925 1927//1927
f 1796//1796 1928//1928 1926//1926
f 1797//1797 1795//1795 1927//1927
f 1798//1798 1928//1928 1796//1796
f 1797//1797 1927//1927 1929//1929
f 1798//1798 1930//1930 1928//1928
f 1799//1799 1797//1797 1929//1929
f 1800//1800 1930//1930 1798//1798
f 1799//1799 1929//1929 1931//1931
f 1800//1800 1932//1932 1930//1930
f 1801//1801 1799//1799 1931//1931
f 1802//1802 1932//1932 1800//1800
f 1801//1801 1931//1931 1933//1933
f 1802//1802 1934//1934 1932//1932
f 1803//1803 1801//1801 1933//1933
f 1804//1804 1934//1934 1802//1802
f 1803//1803 1933//1933 1935//1935
f 1804//1804 1936//1936 1934//1934
f 1805//1805 1803//1803 1935//1935
f 1806//1806 1936//1936 1804//1804
f 1807//1807 1805//1805 1935//1935
f 1808//1808 1936//1936 1806//1806
f 1807//1807 1935//1935 1937//1937
f 1808//1808 1938//1938 1936//1936
f 1807//1807 1937//1937 1939//1939
f 1808//1808 1940//1940 1938//1938
f 1809//1809 1807//1807 1939//1939
f 1810//1810 1940//1940 1808//1808
f 1809//1809 1939//1939 1941//1941
f 1810//1810 1942//1942 1940//1940
f 1811//1811 1809//1809 1941//1941
f 1812//1812 1942//1942 1810//1810
f 1811//1811 1941//1941 1943//1943
f 1812//1812 1944//1944 1942//1942
f 1813//1813 1811//1811 1943//1943
f 1814//1814 1944//1944 1812//1812
f 1815//1815 1813//1813 1943//1943
f 1816//1816 1944//1944 1814//1814
f 1815//1815 1943//1943 1945//1945
f 1816//1816 1946//1946 1944//1944
f 1817//1817 1815//1815 1945//1945
f 1818//1818 1946//1946 1816//1816
f 1817//1817 1945//1945 1947//1947
f 1818//1818 1948//1948 1946//1946
f 1819//1819 1817//1817 1947//1947
f 1820//1820 1948//1948 1818//1818
f 1819//1819 1947//1947 1949//1949
f 1820//1820 1950//1950 1948//1948
f 1819//1819 1949//1949 1951//1951
f 1820//1820 1952//1952 1950//1950
f 1821//1821 1819//1819 1951//1951
f 1822//1822 1952//1952 1820//1820
f 1823//1823 1821//1821 1951//1951
f 1824//1824 1952//1952 1822//1822
f 1823//1823 1951//1951 1953//1953
f 1824//1824 1954//1954 1952//1952
f 1825//1825 1823//1823 1953//1953
f 1826//1826 1954//1954 1824//1824
f 1825//1825 1953//1953 1955//1955
f 1826//1826 1956//1956 1954//1954
f 1825//1825 1955//1955 1957//1957
f 1826//1826 1958//1958 1956//1956
f 1827//1827 1825//1825 1957//1957
f 1828//1828 1958//1958 1826//1826
f 1827//1827 1957//1957 1959//1959
f 1828//1828 1960//1960 1958//1958
f 1829//1829 1827//1827 1959//1959
f 1830//1830 1960//1960 1828//1828
f 1831//1831 1829//1829 1959//1959
f 1832//1832 1960//1960 1830//1830
f 1831//1831 1959//1959 1961//1961
f 1832//1832 1962//1962 1960//1960
f 1833//1833 1831//1831 1961//1961
f 1834//1834 1962//1962 1832//1832
f 1833//1833 1961//1961 1963//1963
f 1834//1834 1964//1964 1962//1962
f 1835//1835 1833//1833 1963//1963
f 1836//1836 1964//1964 1834//1834
f 1835//1835 1963//1963 1965//1965
f 1836//1836 1966//1966 1964//1964
f 1835//1835 1965//1965 1967//1967
f 1836//1836 1968//1968 1966//1966
f 1837//1837 1835//1835 1967//1967
f 1838//1838 1968//1968 1836//1836
f 1839//1839 1837//1837 1967//1967
f 1840//1840 1968//1968 1838//1838
f 1839//1839 1967//1967 1969//1969
f 1840//1840 1970//1970 1968//1968
f 1839//1839 1969//1969 1971//1971
f 1840//1840 1972//1972 1970//1970
f 1841//1841 1839//1839 1971//1971
f 1842//1842 1972//1972 1840//1840
f 1843//1843 1841//1841 1971//1971
f 1844//1844 1972//1972 1842//1842
f 1843//1843 1971//1971 1973//1973
f 1844//1844 1974//1974 1972//1972
f 1845//1845 1843//1843 1973//1973
f 1846//1846 1974//1974 1844//1844
f 1845//1845 1973//1973 1975//1975
f 1846//1846 1976//1976 1974//1974
f 1845//1845 1975//1975 1977//1977
f 1846//1846 1978//1978 1976//1976
f 1847//1847 1845//1845 1977//1977
f 1848//1848 1978//1978 1846//1846
f 1849//1849 1847//1847 1977//1977
f 1850//1850 1978//1978 1848//1848
f 1849//1849 1977//1977 1979//1979
f 1850//1850 1980//1980 1978//1978
f 1851//1851 1849//1849 1979//1979
f 1852//1852 1980//1980 1850//1850
f 1851//1851 1979//1979 1981//1981
f 1852//1852 1982//1982 1980//1980
f 1851//1851 1981//1981 1983//1983
f 1852//1852 1984//1984 1982//1982
f 1853//1853 1851//1851 1983//1983
f 1854//1854 1984//1984 1852//1852
f 1855//1855 1853//1853 1983//1983
f 1856//1856 1984//1984 1854//1854
f 1855//1855 1983//1983 1985//1985
f 1856//1856 1986//1986 1984//1984
f 1855//1855 1985//1985 1987//1987
f 1856//1856 1988//1988 1986//1986
f 1857//1857 1855//1855 1987//1987
f 1858//1858 1988//1988 1856//1856
f 1859//1859 1857//1857 1987//1987
f 1860//1860 1988//1988 1858//1858
f 1859//1859 1987//1987 1989//1989
f 1860//1860 1990//1990 1988//1988
f 1859//1859 1989//1989 1991//1991
f 1860//1860 1992//1992 1990//1990
f 1861//1861 1859//1859 1991//1991
f 1862//1862 1992//1992 1860//1860
f 1863//1863 1861//1861 1991//1991
f 1864//1864 1992//1992 1862//1862
f 1863//1863 1991//1991 1993//1993
f 1864//1864 1994//1994 1992//1992
f 1863//1863 1993//1993 1995//1995
f 1864//1864 1996//1996 1994//1994
f 1865//1865 1863//1863 1995//1995
f 1866//1866 1996//1996 1864//1864
f 1865//1865 1995//1995 1997//1997
f 1866//1866 1998//1998 1996//1996
f 1867//1867 1865//1865 1997//1997
f 1868//1868 1998//1998 1866//1866
f 1867//1867 1997//1997 1999//1999
f 1868//1868 2000//2000 1998//1998
f 1869//1869 1867//1867 1999//1999
f 1870//1870 2000//2000 1868//1868
f 1871//1871 1869//1869 1999//1999
f 1872//1872 2000//2000 1870//1870
f 1871//1871 1999//1999 2907//2907
f 1872//1872 2907//2907 2000//2000
f 2905//2905 1871//1871 2907//2907
f 2905//2905 2907//2907 1872//1872
f 1873//1873 2906//2906 2908//2908
f 1874//1874 2908//2908 2906//2906
f 1873//1873 2908//2908 2001//2001
f 1874//1874 2002//2002 2908//2908
f 1875//1875 1873//1873 2001//2001
f 1876//1876 2002//2002 1874//1874
f 1875//1875 2001//2001 2003//2003
f 1876//1876 2004//2004 2002//2002
f 1877//1877 1875//1875 2003//2003
f 1878//1878 2004//2004 1876//1876
f 1877//1877 2003//2003 2005//2005
f 1878//1878 2006//2006 2004//2004
f 1879//1879 1877//1877 2005//2005
f 1880//1880 2006//2006 1878//1878
f 1879//1879 2005//2005 2007//2007
f 1880//1880 2008//2008 2006//2006
f 1879//1879 2007//2007 2009//2009
f 1880//1880 2010//2010 2008//2008
f 1881//1881 1879//1879 2009//2009
f 1882//1882 2010//2010 1880//1880
f 1881//1881 2009//2009 2011//2011
f 1882//1882 2012//2012 2010//2010
f 1883//1883 1881//1881 2011//2011
f 1884//1884 2012//2012 1882//1882
f 1883//1883 2011//2011 2013//2013
f 1884//1884 2014//2014 2012//2012
f 1885//1885 1883//1883 2013//2013
f 1886//1886 2014//2014 1884//1884
f 1885//1885 2013//2013 2015//2015
f 1886//1886 2016//2016 2014//2014
f 1887//1887 1885//1885 2015//2015
f 1888//1888 2016//2016 1886//1886
f 1889//1889 1887//1887 2015//2015
f 1890//1890 2016//2016 1888//1888
f 1889//1889 2015//2015 2017//2017
f 1890//1890 2018//2018 2016//2016
f 1891//1891 1889//1889 2017//2017
f 1892//1892 2018//2018 1890//1890
f 1891//1891 2017//2017 2019//2019
f 1892//1892 2020//2020 2018//2018
f 1893//1893 1891//1891 2019//2019
f 1894//1894 2020//2020 1892//1892
f 1893//1893 2019//2019 2021//2021
f 1894//1894 2022//2022 2020//2020
f 1893//1893 2021//2021 2023//2023
f 1894//1894 2024//2024 2022//2022
f 1895//1895 1893//1893 2023//2023
f 1896//1896 2024//2024 1894//1894
f 1895//1895 2023//2023 2025//2025
f 1896//1896 2026//2026 2024//2024
f 1897//1897 1895//1895 2025//2025
f 1898//1898 2026//2026 1896//1896
f 1899//1899 1897//1897 2025//2025
f 1900//1900 2026//2026 1898//1898
f 1899//1899 2025//2025 2027//2027
f 1900//1900 2028//2028 2026//2026
f 1901//1901 1899//1899 2027//2027
f 1902//1902 2028//2028 1900//1900
f 1901//1901 2027//2027 2029//2029
f 1902//1902 2030//2030 2028//2028
f 1903//1903 1901//1901 2029//2029
f 1904//1904 2030//2030 1902//1902
f 1903//1903 2029//2029 2031//2031
f 1904//1904 2032//2032 2030//2030
f 1903//1903 2031//2031 2033//2033
f 1904//1904 2034//2034 2032//2032
f 1905//1905 1903//1903 2033//2033
f 1906//1906 2034//2034 1904//1904
f 1907//1907 1905//1905 2033//2033
f 1908//1908 2034//2034 1906//1906
f 1907//1907 2033//2033 2035//2035
f 1908//1908 2036//2036 2034//2034
f 1909//1909 1907//1907 2035//2035
f 1910//1910 2036//2036 1908//1908
f 1909//1909 2035//2035 2037//2037
f 1910//1910 2038//2038 2036//2036
f 1911//1911 1909//1909 2037//2037
f 1912//1912 2038//2038 1910//1910
f 1911//1911 2037//2037 2039//2039
f 1912//1912 2040//2040 2038//2038
f 1913//1913 1911//1911 2039//2039
f 1914//1914 2040//2040 1912//1912
f 1913//1913 2039//2039 2041//2041
f 1914//1914 2042//2042 2040//2040
f 1913//1913 2041//2041 2043//2043
f 1914//1914 2044//2044 2042//2042
f 1915//1915 1913//1913 2043//2043
f 1916//1916 2044//2044 1914//1914
f 1917//1917 1915//1915 2043//2043
f 1918//1918 2044//2044 1916//1916
f 1917//1917 2043//2043 2045//2045
f 1918//1918 2046//2046 2044//2044
f 1919//1919 1917//1917 2045//2045
f 1920//1920 2046//2046 1918//1918
f 1919//1919 2045//2045 2047//2047
f 1920//1920 2048//2048 2046//2046
f 1921//1921 1919//1919 2047//2047
f 1922//1922 2048//2048 1920//1920
f 1921//1921 2047//2047 2049//2049
f 1922//1922 2050//2050 2048//2048
f 1921//1921 2049//2049 2051//2051
f 1922//1922 2052//2052 2050//2050
f 1923//1923 1921//1921 2051//2051
f 1924//1924 2052//2052 1922//1922
f 1925//1925 1923//1923 2051//2051
f 1926//1926 2052//2052 1924//1924
f 1925//1925 2051//2051 2053//2053
f 1926//1926 2054//2054 2052//2052
f 1925//1925 2053//2053 2055//2055
f 1926//1926 2056//2056 2054//2054
f 1927//1927 1925//1925 2055//2055
f 1928//1928 2056//2056 1926//1926
f 1927//1927 2055//2055 2057//2057
f 1928//1928 2058//2058 2056//2056
f 1929//1929 1927//1927 2057//2057
f 1930//1930 2058//2058 1928//1928
f 1931//1931 1929//1929 2057//2057
f 1932//1932 2058//2058 1930//1930
f 1931//1931 2057//2057 2059//2059
f 1932//1932 2060//2060 2058//2058
f 1933//1933 1931//1931 2059//2059
f 1934//1934 2060//2060 1932//1932
f 1933//1933 2059//2059 2061//2061
f 1934//1934 2062//2062 2060//2060
f 1935//1935 1933//1933 2061//2061
f 1936//1936 2062//2062 1934//1934
f 1935//1935 2061//2061 2063//2063
f 1936//1936 2064//2064 2062//2062
f 1935//1935 2063//2063 2065//2065
f 1936//1936 2066//2066 2064//2064
f 1937//1937 1935//1935 2065//2065
f 1938//1938 2066//2066 1936//1936
f 1939//1939 1937//1937 2065//2065
f 1940//1940 2066//2066 1938//1938
f 1939//1939 2065//2065 2067//2067
f 1940//1940 2068//2068 2066//2066
f 1939//1939 2067//2067 2069//2069
f 1940//1940 2070//2070 2068//2068
f 1941//1941 1939//1939 2069//2069
f 1942//1942 2070//2070 1940//1940
f 1943//1943 1941//1941 2069//2069
f 1944//1944 2070//2070 1942//1942
f 1943//1943 2069//2069 2071//2071
f 1944//1944 2072//2072 2070//2070
f 1943//1943 2071//2071 2073//2073
f 1944//1944 2074//2074 2072//2072
f 1945//1945 1943//1943 2073//2073
f 1946//1946 2074//2074 1944//1944
f 1945//1945 2073//2073 2075//2075
f 1946//1946 2076//2076 2074//2074
f 1947//1947 1945//1945 2075//2075
f 1948//1948 2076//2076 1946//1946
f 1947//1947 2075//2075 2077//2077
f 1948//1948 2078//2078 2076//2076
f 1949//1949 1947//1947 2077//2077
f 1950//1950 2078//2078 1948//1948
f 1951//1951 1949//1949 2077//2077
f 1952//1952 2078//2078 1950//1950
f 1951//1951 2077//2077 2079//2079
f 1952//1952 2080//2080 2078//2078
f 1953//1953 1951//1951 2079//2079
f 1954//1954 2080//2080 1952//1952
f 1953//1953 2079//2079 2081//2081
f 1954//1954 2082//2082 2080//2080
f 1953//1953 2081//2081 2083//2083
f 1954//1954 2084//2084 2082//2082
f 1955//1955 1953//1953 2083//2083
f 1956//1956 2084//2084 1954//1954
f 1957//1957 1955//1955 2083//2083
f 1958//1958 2084//2084 1956//1956
f 1957//1957 2083//2083 2085//2085
f 1958//1958 2086//2086 2084//2084
f 1959//1959 1957//1957 2085//2085
f 1960//1960 2086//2086 1958//1958
f 1959//1959 2085//2085 2087//2087
f 1960//1960 2088//2088 2086//2086
f 1961//1961 1959//1959 2087//2087
f 1962//1962 2088//2088 1960//1960
f 1961//1961 2087//2087 2089//2089
f 1962//1962 2090//2090 2088//2088
f 1961//1961 2089//2089 2091//2091
f 1962//1962 2092//2092 2090//2090
f 1963//1963 1961//1961 2091//2091
f 1964//1964 2092//2092 1962//1962
f 1963//1963 2091//2091 2093//2093
f 1964//1964 2094//2094 2092//2092
f 1965//1965 1963//1963 2093//2093
f 1966//1966 2094//2094 1964//1964
f 1967//1967 1965//1965 2093//2093
f 1968//1968 2094//2094 1966//1966
f 1967//1967 2093//2093 2095//2095
f 1968//1968 2096//2096 2094//2094
f 1969//1969 1967//1967 2095//2095
f 1970//1970 2096//2096 1968//1968
f 1969//1969 2095//2095 2097//2097
f 1970//1970 2098//2098 2096//2096
f 1969//1969 2097//2097 2099//2099
f 1970//1970 2100//2100 2098//2098
f 1971//1971 1969//1969 2099//2099
f 1972//1972 2100//2100 1970//1970
f 1973//1973 1971//1971 2099//2099
f 1974//1974 2100//2100 1972//1972
f 1973//1973 2099//2099 2101//2101
f 1974//1974 2102//2102 2100//2100
f 1975//1975 1973//1973 2101//2101
f 1976//1976 2102//2102 1974//1974
f 1975//1975 2101//2101 2103//2103
f 1976//1976 2104//2104 2102//2102
f 1977//1977 1975//1975 2103//2103
f 1978//1978 2104//2104 1976//1976
f 1977//1977 2103//2103 2105//2105
f 1978//1978 2106//2106 2104//2104
f 1979//1979 1977//1977 2105//2105
f 1980//1980 2106//2106 1978//1978
f 1979//1979 2105//2105 2107//2107
f 1980//1980 2108//2108 2106//2106
f 1979//1979 2107//2107 2109//2109
f 1980//1980 2110//2110 2108//2108
f 1981//1981 1979//1979 2109//2109
f 1982//1982 2110//2110 1980//1980
f 1981//1981 2109//2109 2111//2111
f 1982//1982 2112//2112 2110//2110
f 1983//1983 1981//1981 2111//2111
f 1984//1984 2112//2112 1982//1982
f 1985//1985 1983//1983 2111//2111
f 1986//1986 2112//2112 1984//1984
f 1985//1985 2111//2111 2113//2113
f 1986//1986 2114//2114 2112//2112
f 1985//1985 2113//2113 2115//2115
f 1986//1986 2116//2116 2114//2114
f 1987//1987 1985//1985 2115//2115
f 1988//1988 2116//2116 1986//1986
f 1989//1989 1987//1987 2115//2115
f 1990//1990 2116//2116 1988//1988
f 1989//1989 2115//2115 2117//2117
f 1990//1990 2118//2118 2116//2116
f 1991//1991 1989//1989 2117//2117
f 1992//1992 2118//2118 1990//1990
f 1991//1991 2117//2117 2119//2119
f 1992//1992 2120//2120 2118//2118
f 1993//1993 1991//1991 2119//2119
f 1994//1994 2120//2120 1992//1992
f 1993//1993 2119//2119 2121//2121
f 1994//1994 2122//2122 2120//2120
f 1995//1995 1993//1993 2121//2121
f 1996//1996 2122//2122 1994//1994
f 1995//1995 2121//2121 2123//2123
f 1996//1996 2124//2124 2122//2122
f 1995//1995 2123//2123 2125//2125
f 1996//1996 2126//2126 2124//2124
f 1997//1997 1995//1995 2125//2125
f 1998//1998 2126//2126 1996//1996
f 1997//1997 2125//2125 2127//2127
f 1998//1998 2128//2128 2126//2126
f 1999//1999 1997//1997 2127//2127
f 2000//2000 2128//2128 1998//1998
f 1999//1999 2127//2127 2129//2129
f 2000//2000 2130//2130 2128//2128
f 2907//2907 1999//1999 2129//2129
f 2907//2907 2130//2130 2000//2000
f 2907//2907 2129//2129 2909//2909
f 2907//2907 2909//2909 2130//2130
f 2908//2908 2910//2910 2131//2131
f 2908//2908 2132//2132 2910//2910
f 2001//2001 2908//2908 2131//2131
f 2002//2002 2132//2132 2908//2908
f 2001//2001 2131//2131 2133//2133
f 2002//2002 2134//2134 2132//2132
f 2003//2003 2001//2001 2133//2133
f 2004//2004 2134//2134 2002//2002
f 2003//2003 2133//2133 2135//2135
f 2004//2004 2136//2136 2134//2134
f 2005//2005 2003//2003 2135//2135
f 2006//2006 2136//2136 2004//2004
f 2005//2005 2135//2135 2137//2137
f 2006//2006 2138//2138 2136//2136
f 2007//2007 2005//2005 2137//2137
f 2008//2008 2138//2138 2006//2006
f 2007//2007 2137//2137 2139//2139
f 2008//2008 2140//2140 2138//2138
f 2009//2009 2007//2007 2139//2139
f 2010//2010 2140//2140 2008//2008
f 2009//2009 2139//2139 2141//2141
f 2010//2010 2142//2142 2140//2140
f 2011//2011 2009//2009 2141//2141
f 2012//2012 2142//2142 2010//2010
f 2011//2011 2141//2141 2143//2143
f 2012//2012 2144//2144 2142//2142
f 2013//2013 2011//2011 2143//2143
f 2014//2014 2144//2144 2012//2012
f 2013//2013 2143//2143 2145//2145
f 2014//2014 2146//2146 2144//2144
f 2015//2015 2013//2013 2145//2145
f 2016//2016 2146//2146 2014//2014
f 2015//2015 2145//2145 2147//2147
f 2016//2016 2148//2148 2146//2146
f 2017//2017 2015//2015 2147//2147
f 2018//2018 2148//2148 2016//2016
f 2017//2017 2147//2147 2149//2149
f 2018//2018 2150//2150 2148//2148
f 2019//2019 2017//2017 2149//2149
f 2020//2020 2150//2150 2018//2018
f 2019//2019 2149//2149 2151//2151
f 2020//2020 2152//2152 2150//2150
f 2021//2021 2019//2019 2151//2151
f 2022//2022 2152//2152 2020//2020
f 2021//2021 2151//2151 2153//2153
f 2022//2022 2154//2154 2152//2152
f 2023//2023 2021//2021 2153//2153
f 2024//2024 2154//2154 2022//2022
f 2023//2023 2153//2153 2155//2155
f 2024//2024 2156//2156 2154//2154
f 2025//2025 2023//2023 2155//2155
f 2026//2026 2156//2156 2024//2024
f 2025//2025 2155//2155 2157//2157
f 2026//2026 2158//2158 2156//2156
f 2027//2027 2025//2025 2157//2157
f 2028//2028 2158//2158 2026//2026
f 2027//2027 2157//2157 2159//2159
f 2028//2028 2160//2160 2158//2158
f 2029//2029 2027//2027 2159//2159
f 2030//2030 2160//2160 2028//2028
f 2029//2029 2159//2159 2161//2161
f 2030//2030 2162//2162 2160//2160
f 2031//2031 2029//2029 2161//2161
f 2032//2032 2162//2162 2030//2030
f 2031//2031 2161//2161 2163//2163
f 2032//2032 2164//2164 2162//2162
f 2033//2033 2031//2031 2163//2163
f 2034//2034 2164//2164 2032//2032
f 2033//2033 2163//2163 2165//2165
f 2034//2034 2166//2166 2164//2164
f 2035//2035 2033//2033 2165//2165
f 2036//2036 2166//2166 2034//2034
f 2035//2035 2165//2165 2167//2167
f 2036//2036 2168//2168 2166//2166
f 2037//2037 2035//2035 2167//2167
f 2038//2038 2168//2168 2036//2036
f 2037//2037 2167//2167 2169//2169
f 2038//2038 2170//2170 2168//2168
f 2039//2039 2037//2037 2169//2169
f 2040//2040 2170//2170 2038//2038
f 2039//2039 2169//2169 2171//2171
f 2040//2040 2172//2172 2170//2170
f 2041//2041 2039//2039 2171//2171
f 2042//2042 2172//2172 2040//2040
f 2041//2041 2171//2171 2173//2173
f 2042//2042 2174//2174 2172//2172
f 2043//2043 2041//2041 2173//2173
f 2044//2044 2174//2174 2042//2042
f 2043//2043 2173//2173 2175//2175
f 2044//2044 2176//2176 2174//2174
f 2045//2045 2043//2043 2175//2175
f 2046//2046 2176//2176 2044//2044
f 2045//2045 2175//2175 2177//2177
f 2046//2046 2178//2178 2176//2176
f 2047//2047 2045//2045 2177//2177
f 2048//2048 2178//2178 2046//2046
f 2047//2047 2177//2177 2179//2179
f 2048//2048 2180//2180 2178//2178
f 2049//2049 2047//2047 2179//2179
f 2050//2050 2180//2180 2048//2048
f 2049//2049 2179//2179 2181//2181
f 2050//2050 2182//2182 2180//2180
f 2051//2051 2049//2049 2181//2181
f 2052//2052 2182//2182 2050//2050
f 2051//2051 2181//2181 2183//2183
f 2052//2052 2184//2184 2182//2182
f 2053//2053 2051//2051 2183//2183
f 2054//2054 2184//2184 2052//2052
f 2053//2053 2183//2183 2185//2185
f 2054//2054 2186//2186 2184//2184
f 2055//2055 2053//2053 2185//2185
f 2056//2056 2186//2186 2054//2054
f 2055//2055 2185//2185 2187//2187
f 2056//2056 2188//2188 2186//2186
f 2057//2057 2055//2055 2187//2187
f 2058//2058 2188//2188 2056//2056
f 2057//2057 2187//2187 2189//2189
f 2058//2058 2190//2190 2188//2188
f 2059//2059 2057//2057 2189//2189
f 2060//2060 2190//2190 2058//2058
f 2059//2059 2189//2189 2191//2191
f 2060//2060 2192//2192 2190//2190
f 2061//2061 2059//2059 2191//2191
f 2062//2062 2192//2192 2060//2060
f 2061//2061 2191//2191 2193//2193
f 2062//2062 2194//2194 2192//2192
f 2063//2063 2061//2061 2193//2193
f 2064//2064 2194//2194 2062//2062
f 2063//2063 2193//2193 2195//2195
f 2064//2064 2196//2196 2194//2194
f 2065//2065 2063//2063 2195//2195
f 2066//2066 2196//2196 2064//2064
f 2065//2065 2195//2195 2197//2197
f 2066//2066 2198//2198 2196//2196
f 2067//2067 2065//2065 2197//2197
f 2068//2068 2198//2198 2066//2066
f 2067//2067 2197//2197 2199//2199
f 2068//2068 2200//2200 2198//2198
f 2069//2069 2067//2067 2199//2199
f 2070//2070 2200//2200 2068//2068
f 2069//2069 2199//2199 2201//2201
f 2070//2070 2202//2202 2200//2200
f 2071//2071 2069//2069 2201//2201
f 2072//2072 2202//2202 2070//2070
f 2071//2071 2201//2201 2203//2203
f 2072//2072 2204//2204 2202//2202
f 2073//2073 2071//2071 2203//2203
f 2074//2074 2204//2204 2072//2072
f 2073//2073 2203//2203 2205//2205
f 2074//2074 2206//2206 2204//2204
f 2075//2075 2073//2073 2205//2205
f 2076//2076 2206//2206 2074//2074
f 2075//2075 2205//2205 2207//2207
f 2076//2076 2208//2208 2206//2206
f 2077//2077 2075//2075 2207//2207
f 2078//2078 2208//2208 2076//2076
f 2077//2077 2207//2207 2209//2209
f 2078//2078 2210//2210 2208//2208
f 2079//2079 2077//2077 2209//2209
f 2080//2080 2210//2210 2078//2078
f 2079//2079 2209//2209 2211//2211
f 2080//2080 2212//2212 2210//2210
f 2081//2081 2079//2079 2211//2211
f 2082//2082 2212//2212 2080//2080
f 2081//2081 2211//2211 2213//2213
f 2082//2082 2214//2214 2212//2212
f 2083//2083 2081//2081 2213//2213
f 2084//2084 2214//2214 2082//2082
f 2083//2083 2213//2213 2215//2215
f 2084//2084 2216//2216 2214//2214
f 2085//2085 2083//2083 2215//2215
f 2086//2086 2216//2216 2084//2084
f 2085//2085 2215//2215 2217//2217
f 2086//2086 2218//2218 2216//2216
f 2087//2087 2085//2085 2217//2217
f 2088//2088 2218//2218 2086//2086
f 2087//2087 2217//2217 2219//2219
f 2088//2088 2220//2220 2218//2218
f 2089//2089 2087//2087 2219//2219
f 2090//2090 2220//2220 2088//2088
f 2089//2089 2219//2219 2221//2221
f 2090//2090 2222//2222 2220//2220
f 2091//2091 2089//2089 2221//2221
f 2092//2092 2222//2222 2090//2090
f 2091//2091 2221//2221 2223//2223
f 2092//2092 2224//2224 2222//2222
f 2093//2093 2091//2091 2223//2223
f 2094//2094 2224//2224 2092//2092
f 2093//2093 2223//2223 2225//2225
f 2094//2094 2226//2226 2224//2224
f 2095//2095 2093//2093 2225//2225
f 2096//2096 2226//2226 2094//2094
f 2095//2095 2225//2225 2227//2227
f 2096//2096 2228//2228 2226//2226
f 2097//2097 2095//2095 2227//2227
f 2098//2098 2228//2228 2096//2096
f 2097//2097 2227//2227 2229//2229
f 2098//2098 2230//2230 2228//2228
f 2099//2099 2097//2097 2229//2229
f 2100//2100 2230//2230 2098//2098
f 2099//2099 2229//2229 2231//2231
f 2100//2100 2232//2232 2230//2230
f 2101//2101 2099//2099 2231//2231
f 2102//2102 2232//2232 2100//2100
f 2101//2101 2231//2231 2233//2233
f 2102//2102 2234//2234 2232//2232
f 2103//2103 2101//2101 2233//2233
f 2104//2104 2234//2234 2102//2102
f 2103//2103 2233//2233 2235//2235
f 2104//2104 2236//2236 2234//2234
f 2105//2105 2103//2103 2235//2235
f 2106//2106 2236//2236 2104//2104
f 2105//2105 2235//2235 2237//2237
f 2106//2106 2238//2238 2236//2236
f 2107//2107 2105//2105 2237//2237
f 2108//2108 2238//2238 2106//2106
f 2107//2107 2237//2237 2239//2239
f 2108//2108 2240//2240 2238//2238
f 2109//2109 2107//2107 2239//2239
f 2110//2110 2240//2240 2108//2108
f 2109//2109 2239//2239 2241//2241
f 2110//2110 2242//2242 2240//2240
f 2111//2111 2109//2109 2241//2241
f 2112//2112 2242//2242 2110//2110
f 2111//2111 2241//2241 2243//2243
f 2112//2112 2244//2244 2242//2242
f 2113//2113 2111//2111 2243//2243
f 2114//2114 2244//2244 2112//2112
f 2113//2113 2243//2243 2245//2245
f 2114//2114 2246//2246 2244//2244
f 2115//2115 2113//2113 2245//2245
f 2116//2116 2246//2246 2114//2114
f 2115//2115 2245//2245 2247//2247
f 2116//2116 2248//2248 2246//2246
f 2117//2117 2115//2115 2247//2247
f 2118//2118 2248//2248 2116//2116
f 2117//2117 2247//2247 2249//2249
f 2118//2118 2250//2250 2248//2248
f 2119//2119 2117//2117 2249//2249
f 2120//2120 2250//2250 2118//2118
f 2119//2119 2249//2249 2251//2251
f 2120//2120 2252//2252 2250//2250
f 2121//2121 2119//2119 2251//2251
f 2122//2122 2252//2252 2120//2120
f 2121//2121 2251//2251 2253//2253
f 2122//2122 2254//2254 2252//2252
f 2123//2123 2121//2121 2253//2253
f 2124//2124 2254//2254 2122//2122
f 2123//2123 2253//2253 2255//2255
f 2124//2124 2256//2256 2254//2254
f 2125//2125 2123//2123 2255//2255
f 2126//2126 2256//2256 2124//2124
f 2125//2125 2255//2255 2257//2257
f 2126//2126 2258//2258 2256//2256
f 2127//2127 2125//2125 2257//2257
f 2128//2128 2258//2258 2126//2126
f 2127//2127 2257//2257 2259//2259
f 2128//2128 2260//2260 2258//2258
f 2129//2129 2127//2127 2259//2259
f 2130//2130 2260//2260 2128//2128
f 2129//2129 2259//2259 2911//2911
f 2130//2130 2911//2911 2260//2260
f 2909//2909 2129//2129 2911//2911
f 2909//2909 2911//2911 2130//2130
f 2131//2131 2910//2910 2912//2912
f 2132//2132 2912//2912 2910//2910
f 2131//2131 2912//2912 2261//2261
f 2132//2132 2262//2262 2912//2912
f 2133//2133 2131//2131 2261//2261
f 2134//2134 2262//2262 2132//2132
f 2133//2133 2261//2261 2263//2263
f 2134//2134 2264//2264 2262//2262
f 2135//2135 2133//2133 2263//2263
f 2136//2136 2264//2264 2134//2134
f 2135//2135 2263//2263 2265//2265
f 2136//2136 2266//2266 2264//2264
f 2135//2135 2265//2265 2267//2267
f 2136//2136 2268//2268 2266//2266
f 2137//2137 2135//2135 2267//2267
f 2138//2138 2268//2268 2136//2136
f 2137//2137 2267//2267 2269//2269
f 2138//2138 2270//2270 2268//2268
f 2139//2139 2137//2137 2269//2269
f 2140//2140 2270//2270 2138//2138
f 2139//2139 2269//2269 2271//2271
f 2140//2140 2272//2272 2270//2270
f 2141//2141 2139//2139 2271//2271
f 2142//2142 2272//2272 2140//2140
f 2141//2141 2271//2271 2273//2273
f 2142//2142 2274//2274 2272//2272
f 2143//2143 2141//2141 2273//2273
f 2144//2144 2274//2274 2142//2142
f 2145//2145 2143//2143 2273//2273
f 2146//2146 2274//2274 2144//2144
f 2145//2145 2273//2273 2275//2275
f 2146//2146 2276//2276 2274//2274
f 2147//2147 2145//2145 2275//2275
f 2148//2148 2276//2276 2146//2146
f 2147//2147 2275//2275 2277//2277
f 2148//2148 2278//2278 2276//2276
f 2149//2149 2147//2147 2277//2277
f 2150//2150 2278//2278 2148//2148
f 2149//2149 2277//2277 2279//2279
f 2150//2150 2280//2280 2278//2278
f 2151//2151 2149//2149 2279//2279
f 2152//2152 2280//2280 2150//2150
f 2151//2151 2279//2279 2281//2281
f 2152//2152 2282//2282 2280//2280
f 2153//2153 2151//2151 2281//2281
f 2154//2154 2282//2282 2152//2152
f 2153//2153 2281//2281 2283//2283
f 2154//2154 2284//2284 2282//2282
f 2155//2155 2153//2153 2283//2283
f 2156//2156 2284//2284 2154//2154
f 2155//2155 2283//2283 2285//2285
f 2156//2156 2286//2286 2284//2284
f 2157//2157 2155//2155 2285//2285
f 2158//2158 2286//2286 2156//2156
f 2157//2157 2285//2285 2287//2287
f 2158//2158 2288//2288 2286//2286
f 2159//2159 2157//2157 2287//2287
f 2160//2160 2288//2288 2158//2158
f 2159//2159 2287//2287 2289//2289
f 2160//2160 2290//2290 2288//2288
f 2161//2161 2159//2159 2289//2289
f 2162//2162 2290//2290 2160//2160
f 2161//2161 2289//2289 2291//2291
f 2162//2162 2292//2292 2290//2290
f 2163//2163 2161//2161 2291//2291
f 2164//2164 2292//2292 2162//2162
f 2163//2163 2291//2291 2293//2293
f 2164//2164 2294//2294 2292//2292
f 2165//2165 2163//2163 2293//2293
f 2166//2166 2294//2294 2164//2164
f 2165//2165 2293//2293 2295//2295
f 2166//2166 2296//2296 2294//2294
f 2167//2167 2165//2165 2295//2295
f 2168//2168 2296//2296 2166//2166
f 2167//2167 2295//2295 2297//2297
f 2168//2168 2298//2298 2296//2296
f 2169//2169 2167//2167 2297//2297
f 2170//2170 2298//2298 2168//2168
f 2169//2169 2297//2297 2299//2299
f 2170//2170 2300//2300 2298//2298
f 2171//2171 2169//2169 2299//2299
f 2172//2172 2300//2300 2170//2170
f 2171//2171 2299//2299 2301//2301
f 2172//2172 2302//2302 2300//2300
f 2173//2173 2171//2171 2301//2301
f 2174//2174 2302//2302 2172//2172
f 2173//2173 2301//2301 2303//2303
f 2174//2174 2304//2304 2302//2302
f 2175//2175 2173//2173 2303//2303
f 2176//2176 2304//2304 2174//2174
f 2175//2175 2303//2303 2305//2305
f 2176//2176 2306//2306 2304//2304
f 2177//2177 2175//2175 2305//2305
f 2178//2178 2306//2306 2176//2176
f 2177//2177 2305//2305 2307//2307
f 2178//2178 2308//2308 2306//2306
f 2179//2179 2177//2177 2307//2307
f 2180//2180 2308//2308 2178//2178
f 2179//2179 2307//2307 2309//2309
f 2180//2180 2310//2310 2308//2308
f 2181//2181 2179//2179 2309//2309
f 2182//2182 2310//2310 2180//2180
f 2181//2181 2309//2309 2311//2311
f 2182//2182 2312//2312 2310//2310
f 2183//2183 2181//2181 2311//2311
f 2184//2184 2312//2312 2182//2182
f 2183//2183 2311//2311 2313//2313
f 2184//2184 2314//2314 2312//2312
f 2185//2185 2183//2183 2313//2313
f 2186//2186 2314//2314 2184//2184
f 2185//2185 2313//2313 2315//2315
f 2186//2186 2316//2316 2314//2314
f 2187//2187 2185//2185 2315//2315
f 2188//2188 2316//2316 2186//2186
f 2187//2187 2315//2315 2317//2317
f 2188//2188 2318//2318 2316//2316
f 2189//2189 2187//2187 2317//2317
f 2190//2190 2318//2318 2188//2188
f 2189//2189 2317//2317 2319//2319
f 2190//2190 2320//2320 2318//2318
f 2191//2191 2189//2189 2319//2319
f 2192//2192 2320//2320 2190//2190
f 2191//2191 2319//2319 2321//2321
f 2192//2192 2322//2322 2320//2320
f 2193//2193 2191//2191 2321//2321
f 2194//2194 2322//2322 2192//2192
f 2193//2193 2321//2321 2323//2323
f 2194//2194 2324//2324 2322//2322
f 2195//2195 2193//2193 2323//2323
f 2196//2196 2324//2324 2194//2194
f 2195//2195 2323//2323 2325//2325
f 2196//2196 2326//2326 2324//2324
f 2197//2197 2195//2195 2325//2325
f 2198//2198 2326//2326 2196//2196
f 2197//2197 2325//2325 2327//2327
f 2198//2198 2328//2328 2326//2326
f 2199//2199 2197//2197 2327//2327
f 2200//2200 2328//2328 2198//2198
f 2199//2199 2327//2327 2329//2329
f 2200//2200 2330//2330 2328//2328
f 2201//2201 2199//2199 2329//2329
f 2202//2202 2330//2330 2200//2200
f 2201//2201 2329//2329 2331//2331
f 2202//2202 2332//2332 2330//2330
f 2203//2203 2201//2201 2331//2331
f 2204//2204 2332//2332 2202//2202
f 2203//2203 2331//2331 2333//2333
f 2204//2204 2334//2334 2332//2332
f 2205//2205 2203//2203 2333//2333
f 2206//2206 2334//2334 2204//2204
f 2205//2205 2333//2333 2335//2335
f 2206//2206 2336//2336 2334//2334
f 2207//2207 2205//2205 2335//2335
f 2208//2208 2336//2336 2206//2206
f 2207//2207 2335//2335 2337//2337
f 2208//2208 2338//2338 2336//2336
f 2209//2209 2207//2207 2337//2337
f 2210//2210 2338//2338 2208//2208
f 2209//2209 2337//2337 2339//2339
f 2210//2210 2340//2340 2338//2338
f 2211//2211 2209//2209 2339//2339
f 2212//2212 2340//2340 2210//2210
f 2211//2211 2339//2339 2341//2341
f 2212//2212 2342//2342 2340//2340
f 2213//2213 2211//2211 2341//2341
f 2214//2214 2342//2342 2212//2212
f 2213//2213 2341//2341 2343//2343
f 2214//2214 2344//2344 2342//2342
f 2215//2215 2213//2213 2343//2343
f 2216//2216 2344//2344 2214//2214
f 2215//2215 2343//2343 2345//2345
f 2216//2216 2346//2346 2344//2344
f 2217//2217 2215//2215 2345//2345
f 2218//2218 2346//2346 2216//2216
f 2217//2217 2345//2345 2347//2347
f 2218//2218 2348//2348 2346//2346
f 2219//2219 2217//2217 2347//2347
f 2220//2220 2348//2348 2218//2218
f 2219//2219 2347//2347 2349//2349
f 2220//2220 2350//2350 2348//2348
f 2221//2221 2219//2219 2349//2349
f 2222//2222 2350//2350 2220//2220
f 2221//2221 2349//2349 2351//2351
f 2222//2222 2352//2352 2350//2350
f 2223//2223 2221//2221 2351//2351
f 2224//2224 2352//2352 2222//2222
f 2223//2223 2351//2351 2353//2353
f 2224//2224 2354//2354 2352//2352
f 2225//2225 2223//2223 2353//2353
f 2226//2226 2354//2354 2224//2224
f 2225//2225 2353//2353 2355//2355
f 2226//2226 2356//2356 2354//2354
f 2227//2227 2225//2225 2355//2355
f 2228//2228 2356//2356 2226//2226
f 2227//2227 2355//2355 2357//2357
f 2228//2228 2358//2358 2356//2356
f 2229//2229 2227//2227 2357//2357
f 2230//2230 2358//2358 2228//2228
f 2229//2229 2357//2357 2359//2359
f 2230//2230 2360//2360 2358//2358
f 2231//2231 2229//2229 2359//2359
f 2232//2232 2360//2360 2230//2230
f 2231//2231 2359//2359 2361//2361
f 2232//2232 2362//2362 2360//2360
f 2233//2233 2231//2231 2361//2361
f 2234//2234 2362//2362 2232//2232
f 2233//2233 2361//2361 2363//2363
f 2234//2234 2364//2364 2362//2362
f 2235//2235 2233//2233 2363//2363
f 2236//2236 2364//2364 2234//2234
f 2235//2235 2363//2363 2365//2365
f 2236//2236 2366//2366 2364//2364
f 2237//2237 2235//2235 2365//2365
f 2238//2238 2366//2366 2236//2236
f 2237//2237 2365//2365 2367//2367
f 2238//2238 2368//2368 2366//2366
f 2239//2239 2237//2237 2367//2367
f 2240//2240 2368//2368 2238//2238
f 2239//2239 2367//2367 2369//2369
f 2240//2240 2370//2370 2368//2368
f 2241//2241 2239//2239 2369//2369
f 2242//2242 2370//2370 2240//2240
f 2241//2241 2369//2369 2371//2371
f 2242//2242 2372//2372 2370//2370
f 2243//2243 2241//2241 2371//2371
f 2244//2244 2372//2372 2242//2242
f 2243//2243 2371//2371 2373//2373
f 2244//2244 2374//2374 2372//2372
f 2245//2245 2243//2243 2373//2373
f 2246//2246 2374//2374 2244//2244
f 2245//2245 2373//2373 2375//2375
f 2246//2246 2376//2376 2374//2374
f 2247//2247 2245//2245 2375//2375
f 2248//2248 2376//2376 2246//2246
f 2247//2247 2375//2375 2377//2377
f 2248//2248 2378//2378 2376//2376
f 2249//2249 2247//2247 2377//2377
f 2250//2250 2378//2378 2248//2248
f 2249//2249 2377//2377 2379//2379
f 2250//2250 2380//2380 2378//2378
f 2251//2251 2249//2249 2379//2379
f 2252//2252 2380//2380 2250//2250
f 2251//2251 2379//2379 2381//2381
f 2252//2252 2382//2382 2380//2380
f 2253//2253 2251//2251 2381//2381
f 2254//2254 2382//2382 2252//2252
f 2253//2253 2381//2381 2383//2383
f 2254//2254 2384//2384 2382//2382
f 2255//2255 2253//2253 2383//2383
f 2256//2256 2384//2384 2254//2254
f 2255//2255 2383//2383 2385//2385
f 2256//2256 2386//2386 2384//2384
f 2257//2257 2255//2255 2385//2385
f 2258//2258 2386//2386 2256//2256
f 2257//2257 2385//2385 2387//2387
f 2258//2258 2388//2388 2386//2386
f 2259//2259 2257//2257 2387//2387
f 2260//2260 2388//2388 2258//2258
f 2259//2259 2387//2387 2389//2389
f 2260//2260 2390//2390 2388//2388
f 2911//2911 2259//2259 2389//2389
f 2911//2911 2390//2390 2260//2260
f 2911//2911 2389//2389 2913//2913
f 2911//2911 2913//2913 2390//2390
f 2261//2261 2912//2912 2914//2914
f 2262//2262 2914//2914 2912//2912
f 2263//2263 2261//2261 2914//2914
f 2264//2264 2914//2914 2262//2262
f 2263//2263 2914//2914 2391//2391
f 2264//2264 2392//2392 2914//2914
f 2265//2265 2263//2263 2391//2391
f 2266//2266 2392//2392 2264//2264
f 2265//2265 2391//2391 2393//2393
f 2266//2266 2394//2394 2392//2392
f 2265//2265 2393//2393 2395//2395
f 2266//2266 2396//2396 2394//2394
f 2267//2267 2265//2265 2395//2395
f 2268//2268 2396//2396 2266//2266
f 2267//2267 2395//2395 2397//2397
f 2268//2268 2398//2398 2396//2396
f 2269//2269 2267//2267 2397//2397
f 2270//2270 2398//2398 2268//2268
f 2269//2269 2397//2397 2399//2399
f 2270//2270 2400//2400 2398//2398
f 2271//2271 2269//2269 2399//2399
f 2272//2272 2400//2400 2270//2270
f 2271//2271 2399//2399 2401//2401
f 2272//2272 2402//2402 2400//2400
f 2273//2273 2271//2271 2401//2401
f 2274//2274 2402//2402 2272//2272
f 2273//2273 2401//2401 2403//2403
f 2274//2274 2404//2404 2402//2402
f 2275//2275 2273//2273 2403//2403
f 2276//2276 2404//2404 2274//2274
f 2275//2275 2403//2403 2405//2405
f 2276//2276 2406//2406 2404//2404
f 2277//2277 2275//2275 2405//2405
f 2278//2278 2406//2406 2276//2276
f 2277//2277 2405//2405 2407//2407
f 2278//2278 2408//2408 2406//2406
f 2279//2279 2277//2277 2407//2407
f 2280//2280 2408//2408 2278//2278
f 2279//2279 2407//2407 2409//2409
f 2280//2280 2410//2410 2408//2408
f 2281//2281 2279//2279 2409//2409
f 2282//2282 2410//2410 2280//2280
f 2281//2281 2409//2409 2411//2411
f 2282//2282 2412//2412 2410//2410
f 2283//2283 2281//2281 2411//2411
f 2284//2284 2412//2412 2282//2282
f 2285//2285 2283//2283 2411//2411
f 2286//2286 2412//2412 2284//2284
f 2285//2285 2411//2411 2413//2413
f 2286//2286 2414//2414 2412//2412
f 2287//2287 2285//2285 2413//2413
f 2288//2288 2414//2414 2286//2286
f 2287//2287 2413//2413 2415//2415
f 2288//2288 2416//2416 2414//2414
f 2289//2289 2287//2287 2415//2415
f 2290//2290 2416//2416 2288//2288
f 2289//2289 2415//2415 2417//2417
f 2290//2290 2418//2418 2416//2416
f 2291//2291 2289//2289 2417//2417
f 2292//2292 2418//2418 2290//2290
f 2291//2291 2417//2417 2419//2419
f 2292//2292 2420//2420 2418//2418
f 2293//2293 2291//2291 2419//2419
f 2294//2294 2420//2420 2292//2292
f 2293//2293 2419//2419 2421//2421
f 2294//2294 2422//2422 2420//2420
f 2295//2295 2293//2293 2421//2421
f 2296//2296 2422//2422 2294//2294
f 2295//2295 2421//2421 2423//2423
f 2296//2296 2424//2424 2422//2422
f 2297//2297 2295//2295 2423//2423
f 2298//2298 2424//2424 2296//2296
f 2297//2297 2423//2423 2425//2425
f 2298//2298 2426//2426 2424//2424
f 2299//2299 2297//2297 2425//2425
f 2300//2300 2426//2426 2298//2298
f 2299//2299 2425//2425 2427//2427
f 2300//2300 2428//2428 2426//2426
f 2301//2301 2299//2299 2427//2427
f 2302//2302 2428//2428 2300//2300
f 2301//2301 2427//2427 2429//2429
f 2302//2302 2430//2430 2428//2428
f 2303//2303 2301//2301 2429//2429
f 2304//2304 2430//2430 2302//2302
f 2303//2303 2429//2429 2431//2431
f 2304//2304 2432//2432 2430//2430
f 2305//2305 2303//2303 2431//2431
f 2306//2306 2432//2432 2304//2304
f 2305//2305 2431//2431 2433//2433
f 2306//2306 2434//2434 2432//2432
f 2307//2307 2305//2305 2433//2433
f 2308//2308 2434//2434 2306//2306
f 2307//2307 2433//2433 2435//2435
f 2308//2308 2436//2436 2434//2434
f 2309//2309 2307//2307 2435//2435
f 2310//2310 2436//2436 2308//2308
f 2309//2309 2435//2435 2437//2437
f 2310//2310 2438//2438 2436//2436
f 2311//2311 2309//2309 2437//2437
f 2312//2312 2438//2438 2310//2310
f 2311//2311 2437//2437 2439//2439
f 2312//2312 2440//2440 2438//2438
f 2313//2313 2311//2311 2439//2439
f 2314//2314 2440//2440 2312//2312
f 2313//2313 2439//2439 2441//2441
f 2314//2314 2442//2442 2440//2440
f 2315//2315 2313//2313 2441//2441
f 2316//2316 2442//2442 2314//2314
f 2315//2315 2441//2441 2443//2443
f 2316//2316 2444//2444 2442//2442
f 2317//2317 2315//2315 2443//2443
f 2318//2318 2444//2444 2316//2316
f 2317//2317 2443//2443 2445//2445
f 2318//2318 2446//2446 2444//2444
f 2319//2319 2317//2317 2445//2445
f 2320//2320 2446//2446 2318//2318
f 2319//2319 2445//2445 2447//2447
f 2320//2320 2448//2448 2446//2446
f 2321//2321 2319//2319 2447//2447
f 2322//2322 2448//2448 2320//2320
f 2321//2321 2447//2447 2449//2449
f 2322//2322 2450//2450 2448//2448
f 2323//2323 2321//2321 2449//2449
f 2324//2324 2450//2450 2322//2322
f 2323//2323 2449//2449 2451//2451
f 2324//2324 2452//2452 2450//2450
f 2325//2325 2323//2323 2451//2451
f 2326//2326 2452//2452 2324//2324
f 2325//2325 2451//2451 2453//2453
f 2326//2326 2454//2454 2452//2452
f 2327//2327 2325//2325 2453//2453
f 2328//2328 2454//2454 2326//2326
f 2327//2327 2453//2453 2455//2455
f 2328//2328 2456//2456 2454//2454
f 2329//2329 2327//2327 2455//2455
f 2330//2330 2456//2456 2328//2328
f 2329//2329 2455//2455 2457//2457
f 2330//2330 2458//2458 2456//2456
f 2331//2331 2329//2329 2457//2457
f 2332//2332 2458//2458 2330//2330
f 2331//2331 2457//2457 2459//2459
f 2332//2332 2460//2460 2458//2458
f 2333//2333 2331//2331 2459//2459
f 2334//2334 2460//2460 2332//2332
f 2333//2333 2459//2459 2461//2461
f 2334//2334 2462//2462 2460//2460
f 2335//2335 2333//2333 2461//2461
f 2336//2336 2462//2462 2334//2334
f 2335//2335 2461//2461 2463//2463
f 2336//2336 2464//2464 2462//2462
f 2337//2337 2335//2335 2463//2463
f 2338//2338 2464//2464 2336//2336
f 2337//2337 2463//2463 2465//2465
f 2338//2338 2466//2466 2464//2464
f 2339//2339 2337//2337 2465//2465
f 2340//2340 2466//2466 2338//2338
f 2339//2339 2465//2465 2467//2467
f 2340//2340 2468//2468 2466//2466
f 2341//2341 2339//2339 2467//2467
f 2342//2342 2468//2468 2340//2340
f 2341//2341 2467//2467 2469//2469
f 2342//2342 2470//2470 2468//2468
f 2343//2343 2341//2341 2469//2469
f 2344//2344 2470//2470 2342//2342
f 2343//2343 2469//2469 2471//2471
f 2344//2344 2472//2472 2470//2470
f 2345//2345 2343//2343 2471//2471
f 2346//2346 2472//2472 2344//2344
f 2345//2345 2471//2471 2473//2473
f 2346//2346 2474//2474 2472//2472
f 2347//2347 2345//2345 2473//2473
f 2348//2348 2474//2474 2346//2346
f 2347//2347 2473//2473 2475//2475
f 2348//2348 2476//2476 2474//2474
f 2349//2349 2347//2347 2475//2475
f 2350//2350 2476//2476 2348//2348
f 2349//2349 2475//2475 2477//2477
f 2350//2350 2478//2478 2476//2476
f 2351//2351 2349//2349 2477//2477
f 2352//2352 2478//2478 2350//2350
f 2351//2351 2477//2477 2479//2479
f 2352//2352 2480//2480 2478//2478
f 2353//2353 2351//2351 2479//2479
f 2354//2354 2480//2480 2352//2352
f 2353//2353 2479//2479 2481//2481
f 2354//2354 2482//2482 2480//2480
f 2355//2355 2353//2353 2481//2481
f 2356//2356 2482//2482 2354//2354
f 2355//2355 2481//2481 2483//2483
f 2356//2356 2484//2484 2482//2482
f 2357//2357 2355//2355 2483//2483
f 2358//2358 2484//2484 2356//2356
f 2357//2357 2483//2483 2485//2485
f 2358//2358 2486//2486 2484//2484
f 2359//2359 2357//2357 2485//2485
f 2360//2360 2486//2486 2358//2358
f 2359//2359 2485//2485 2487//2487
f 2360//2360 2488//2488 2486//2486
f 2361//2361 2359//2359 2487//2487
f 2362//2362 2488//2488 2360//2360
f 2361//2361 2487//2487 2489//2489
f 2362//2362 2490//2490 2488//2488
f 2363//2363 2361//2361 2489//2489
f 2364//2364 2490//2490 2362//2362
f 2363//2363 2489//2489 2491//2491
f 2364//2364 2492//2492 2490//2490
f 2365//2365 2363//2363 2491//2491
f 2366//2366 2492//2492 2364//2364
f 2365//2365 2491//2491 2493//2493
f 2366//2366 2494//2494 2492//2492
f 2367//2367 2365//2365 2493//2493
f 2368//2368 2494//2494 2366//2366
f 2367//2367 2493//2493 2495//2495
f 2368//2368 2496//2496 2494//2494
f 2369//2369 2367//2367 2495//2495
f 2370//2370 2496//2496 2368//2368
f 2369//2369 2495//2495 2497//2497
f 2370//2370 2498//2498 2496//2496
f 2371//2371 2369//2369 2497//2497
f 2372//2372 2498//2498 2370//2370
f 2371//2371 2497//2497 2499//2499
f 2372//2372 2500//2500 2498//2498
f 2373//2373 2371//2371 2499//2499
f 2374//2374 2500//2500 2372//2372
f 2373//2373 2499//2499 2501//2501
f 2374//2374 2502//2502 2500//2500
f 2375//2375 2373//2373 2501//2501
f 2376//2376 2502//2502 2374//2374
f 2375//2375 2501//2501 2503//2503
f 2376//2376 2504//2504 2502//2502
f 2377//2377 2375//2375 2503//2503
f 2378//2378 2504//2504 2376//2376
f 2377//2377 2503//2503 2505//2505
f 2378//2378 2506//2506 2504//2504
f 2379//2379 2377//2377 2505//2505
f 2380//2380 2506//2506 2378//2378
f 2379//2379 2505//2505 2507//2507
f 2380//2380 2508//2508 2506//2506
f 2381//2381 2379//2379 2507//2507
f 2382//2382 2508//2508 2380//2380
f 2381//2381 2507//2507 2509//2509
f 2382//2382 2510//2510 2508//2508
f 2383//2383 2381//2381 2509//2509
f 2384//2384 2510//2510 2382//2382
f 2383//2383 2509//2509 2511//2511
f 2384//2384 2512//2512 2510//2510
f 2383//2383 2511//2511 2513//2513
f 2384//2384 2514//2514 2512//2512
f 2385//2385 2383//2383 2513//2513
f 2386//2386 2514//2514 2384//2384
f 2385//2385 2513//2513 2515//2515
f 2386//2386 2516//2516 2514//2514
f 2387//2387 2385//2385 2515//2515
f 2388//2388 2516//2516 2386//2386
f 2387//2387 2515//2515 2517//2517
f 2388//2388 2518//2518 2516//2516
f 2389//2389 2387//2387 2517//2517
f 2390//2390 2518//2518 2388//2388
f 2389//2389 2517//2517 2915//2915
f 2390//2390 2915//2915 2518//2518
f 2913//2913 2389//2389 2915//2915
f 2913//2913 2915//2915 2390//2390
f 2391//2391 2914//2914 2916//2916
f 2392//2392 2916//2916 2914//2914
f 2391//2391 2916//2916 2519//2519
f 2392//2392 2520//2520 2916//2916
f 2393//2393 2391//2391 2519//2519
f 2394//2394 2520//2520 2392//2392
f 2393//2393 2519//2519 2521//2521
f 2394//2394 2522//2522 2520//2520
f 2393//2393 2521//2521 2523//2523
f 2394//2394 2524//2524 2522//2522
f 2395//2395 2393//2393 2523//2523
f 2396//2396 2524//2524 2394//2394
f 2395//2395 2523//2523 2525//2525
f 2396//2396 2526//2526 2524//2524
f 2397//2397 2395//2395 2525//2525
f 2398//2398 2526//2526 2396//2396
f 2397//2397 2525//2525 2527//2527
f 2398//2398 2528//2528 2526//2526
f 2399//2399 2397//2397 2527//2527
f 2400//2400 2528//2528 2398//2398
f 2399//2399 2527//2527 2529//2529
f 2400//2400 2530//2530 2528//2528
f 2401//2401 2399//2399 2529//2529
f 2402//2402 2530//2530 2400//2400
f 2401//2401 2529//2529 2531//2531
f 2402//2402 2532//2532 2530//2530
f 2403//2403 2401//2401 2531//2531
f 2404//2404 2532//2532 2402//2402
f 2403//2403 2531//2531 2533//2533
f 2404//2404 2534//2534 2532//2532
f 2405//2405 2403//2403 2533//2533
f 2406//2406 2534//2534 2404//2404
f 2405//2405 2533//2533 2535//2535
f 2406//2406 2536//2536 2534//2534
f 2407//2407 2405//2405 2535//2535
f 2408//2408 2536//2536 2406//2406
f 2407//2407 2535//2535 2537//2537
f 2408//2408 2538//2538 2536//2536
f 2409//2409 2407//2407 2537//2537
f 2410//2410 2538//2538 2408//2408
f 2409//2409 2537//2537 2539//2539
f 2410//2410 2540//2540 2538//2538
f 2411//2411 2409//2409 2539//2539
f 2412//2412 2540//2540 2410//2410
f 2411//2411 2539//2539 2541//2541
f 2412//2412 2542//2542 2540//2540
f 2413//2413 2411//2411 2541//2541
f 2414//2414 2542//2542 2412//2412
f 2413//2413 2541//2541 2543//2543
f 2414//2414 2544//2544 2542//2542
f 2415//2415 2413//2413 2543//2543
f 2416//2416 2544//2544 2414//2414
f 2415//2415 2543//2543 2545//2545
f 2416//2416 2546//2546 2544//2544
f 2417//2417 2415//2415 2545//2545
f 2418//2418 2546//2546 2416//2416
f 2419//2419 2417//2417 2545//2545
f 2420//2420 2546//2546 2418//2418
f 2419//2419 2545//2545 2547//2547
f 2420//2420 2548//2548 2546//2546
f 2419//2419 2547//2547 2549//2549
f 2420//2420 2550//2550 2548//2548
f 2421//2421 2419//2419 2549//2549
f 2422//2422 2550//2550 2420//2420
f 2421//2421 2549//2549 2551//2551
f 2422//2422 2552//2552 2550//2550
f 2423//2423 2421//2421 2551//2551
f 2424//2424 2552//2552 2422//2422
f 2423//2423 2551//2551 2553//2553
f 2424//2424 2554//2554 2552//2552
f 2425//2425 2423//2423 2553//2553
f 2426//2426 2554//2554 2424//2424
f 2425//2425 2553//2553 2555//2555
f 2426//2426 2556//2556 2554//2554
f 2427//2427 2425//2425 2555//2555
f 2428//2428 2556//2556 2426//2426
f 2427//2427 2555//2555 2557//2557
f 2428//2428 2558//2558 2556//2556
f 2429//2429 2427//2427 2557//2557
f 2430//2430 2558//2558 2428//2428
f 2429//2429 2557//2557 2559//2559
f 2430//2430 2560//2560 2558//2558
f 2431//2431 2429//2429 2559//2559
f 2432//2432 2560//2560 2430//2430
f 2433//2433 2431//2431 2559//2559
f 2434//2434 2560//2560 2432//2432
f 2433//2433 2559//2559 2561//2561
f 2434//2434 2562//2562 2560//2560
f 2433//2433 2561//2561 2563//2563
f 2434//2434 2564//2564 2562//2562
f 2435//2435 2433//2433 2563//2563
f 2436//2436 2564//2564 2434//2434
f 2437//2437 2435//2435 2563//2563
f 2438//2438 2564//2564 2436//2436
f 2437//2437 2563//2563 2565//2565
f 2438//2438 2566//2566 2564//2564
f 2437//2437 2565//2565 2567//2567
f 2438//2438 2568//2568 2566//2566
f 2439//2439 2437//2437 2567//2567
f 2440//2440 2568//2568 2438//2438
f 2441//2441 2439//2439 2567//2567
f 2442//2442 2568//2568 2440//2440
f 2441//2441 2567//2567 2569//2569
f 2442//2442 2570//2570 2568//2568
f 2443//2443 2441//2441 2569//2569
f 2444//2444 2570//2570 2442//2442
f 2443//2443 2569//2569 2571//2571
f 2444//2444 2572//2572 2570//2570
f 2443//2443 2571//2571 2573//2573
f 2444//2444 2574//2574 2572//2572
f 2445//2445 2443//2443 2573//2573
f 2446//2446 2574//2574 2444//2444
f 2447//2447 2445//2445 2573//2573
f 2448//2448 2574//2574 2446//2446
f 2447//2447 2573//2573 2575//2575
f 2448//2448 2576//2576 2574//2574
f 2447//2447 2575//2575 2577//2577
f 2448//2448 2578//2578 2576//2576
f 2449//2449 2447//2447 2577//2577
f 2450//2450 2578//2578 2448//2448
f 2451//2451 2449//2449 2577//2577
f 2452//2452 2578//2578 2450//2450
f 2451//2451 2577//2577 2579//2579
f 2452//2452 2580//2580 2578//2578
f 2453//2453 2451//2451 2579//2579
f 2454//2454 2580//2580 2452//2452
f 2453//2453 2579//2579 2581//2581
f 2454//2454 2582//2582 2580//2580
f 2455//2455 2453//2453 2581//2581
f 2456//2456 2582//2582 2454//2454
f 2455//2455 2581//2581 2583//2583
f 2456//2456 2584//2584 2582//2582
f 2457//2457 2455//2455 2583//2583
f 2458//2458 2584//2584 2456//2456
f 2457//2457 2583//2583 2585//2585
f 2458//2458 2586//2586 2584//2584
f 2459//2459 2457//2457 2585//2585
f 2460//2460 2586//2586 2458//2458
f 2459//2459 2585//2585 2587//2587
f 2460//2460 2588//2588 2586//2586
f 2459//2459 2587//2587 2589//2589
f 2460//2460 2590//2590 2588//2588
f 2461//2461 2459//2459 2589//2589
f 2462//2462 2590//2590 2460//2460
f 2463//2463 2461//2461 2589//2589
f 2464//2464 2590//2590 2462//2462
f 2463//2463 2589//2589 2591//2591
f 2464//2464 2592//2592 2590//2590
f 2463//2463 2591//2591 2593//2593
f 2464//2464 2594//2594 2592//2592
f 2465//2465 2463//2463 2593//2593
f 2466//2466 2594//2594 2464//2464
f 2467//2467 2465//2465 2593//2593
f 2468//2468 2594//2594 2466//2466
f 2467//2467 2593//2593 2595//2595
f 2468//2468 2596//2596 2594//2594
f 2469//2469 2467//2467 2595//2595
f 2470//2470 2596//2596 2468//2468
f 2469//2469 2595//2595 2597//2597
f 2470//2470 2598//2598 2596//2596
f 2471//2471 2469//2469 2597//2597
f 2472//2472 2598//2598 2470//2470
f 2471//2471 2597//2597 2599//2599
f 2472//2472 2600//2600 2598//2598
f 2473//2473 2471//2471 2599//2599
f 2474//2474 2600//2600 2472//2472
f 2473//2473 2599//2599 2601//2601
f 2474//2474 2602//2602 2600//2600
f 2475//2475 2473//2473 2601//2601
f 2476//2476 2602//2602 2474//2474
f 2475//2475 2601//2601 2603//2603
f 2476//2476 2604//2604 2602//2602
f 2477//2477 2475//2475 2603//2603
f 2478//2478 2604//2604 2476//2476
f 2477//2477 2603//2603 2605//2605
f 2478//2478 2606//2606 2604//2604
f 2477//2477 2605//2605 2607//2607
f 2478//2478 2608//2608 2606//2606
f 2479//2479 2477//2477 2607//2607
f 2480//2480 2608//2608 2478//2478
f 2481//2481 2479//2479 2607//2607
f 2482//2482 2608//2608 2480//2480
f 2481//2481 2607//2607 2609//2609
f 2482//2482 2610//2610 2608//2608
f 2483//2483 2481//2481 2609//2609
f 2484//2484 2610//2610 2482//2482
f 2483//2483 2609//2609 2611//2611
f 2484//2484 2612//2612 2610//2610
f 2485//2485 2483//2483 2611//2611
f 2486//2486 2612//2612 2484//2484
f 2485//2485 2611//2611 2613//2613
f 2486//2486 2614//2614 2612//2612
f 2487//2487 2485//2485 2613//2613
f 2488//2488 2614//2614 2486//2486
f 2487//2487 2613//2613 2615//2615
f 2488//2488 2616//2616 2614//2614
f 2489//2489 2487//2487 2615//2615
f 2490//2490 2616//2616 2488//2488
f 2489//2489 2615//2615 2617//2617
f 2490//2490 2618//2618 2616//2616
f 2491//2491 2489//2489 2617//2617
f 2492//2492 2618//2618 2490//2490
f 2491//2491 2617//2617 2619//2619
f 2492//2492 2620//2620 2618//2618
f 2493//2493 2491//2491 2619//2619
f 2494//2494 2620//2620 2492//2492
f 2493//2493 2619//2619 2621//2621
f 2494//2494 2622//2622 2620//2620
f 2495//2495 2493//2493 2621//2621
f 2496//2496 2622//2622 2494//2494
f 2495//2495 2621//2621 2623//2623
f 2496//2496 2624//2624 2622//2622
f 2497//2497 2495//2495 2623//2623
f 2498//2498 2624//2624 2496//2496
f 2497//2497 2623//2623 2625//2625
f 2498//2498 2626//2626 2624//2624
f 2499//2499 2497//2497 2625//2625
f 2500//2500 2626//2626 2498//2498
f 2499//2499 2625//2625 2627//2627
f 2500//2500 2628//2628 2626//2626
f 2501//2501 2499//2499 2627//2627
f 2502//2502 2628//2628 2500//2500
f 2501//2501 2627//2627 2629//2629
f 2502//2502 2630//2630 2628//2628
f 2503//2503 2501//2501 2629//2629
f 2504//2504 2630//2630 2502//2502
f 2503//2503 2629//2629 2631//2631
f 2504//2504 2632//2632 2630//2630
f 2505//2505 2503//2503 2631//2631
f 2506//2506 2632//2632 2504//2504
f 2505//2505 2631//2631 2633//2633
f 2506//2506 2634//2634 2632//2632
f 2507//2507 2505//2505 2633//2633
f 2508//2508 2634//2634 2506//2506
f 2507//2507 2633//2633 2635//2635
f 2508//2508 2636//2636 2634//2634
f 2509//2509 2507//2507 2635//2635
f 2510//2510 2636//2636 2508//2508
f 2509//2509 2635//2635 2637//2637
f 2510//2510 2638//2638 2636//2636
f 2511//2511 2509//2509 2637//2637
f 2512//2512 2638//2638 2510//2510
f 2511//2511 2637//2637 2639//2639
f 2512//2512 2640//2640 2638//2638
f 2513//2513 2511//2511 2639//2639
f 2514//2514 2640//2640 2512//2512
f 2513//2513 2639//2639 2641//2641
f 2514//2514 2642//2642 2640//2640
f 2515//2515 2513//2513 2641//2641
f 2516//2516 2642//2642 2514//2514
f 2515//2515 2641//2641 2643//2643
f 2516//2516 2644//2644 2642//2642
f 2517//2517 2515//2515 2643//2643
f 2518//2518 2644//2644 2516//2516
f 2517//2517 2643//2643 2917//2917
f 2518//2518 2917//2917 2644//2644
f 2915//2915 2517//2517 2917//2917
f 2915//2915 2917//2917 2518//2518
f 2519//2519 2916//2916 2918//2918
f 2520//2520 2918//2918 2916//2916
f 2519//2519 2918//2918 2645//2645
f 2520//2520 2646//2646 2918//2918
f 2521//2521 2519//2519 2645//2645
f 2522//2522 2646//2646 2520//2520
f 2521//2521 2645//2645 2647//2647
f 2522//2522 2648//2648 2646//2646
f 2523//2523 2521//2521 2647//2647
f 2524//2524 2648//2648 2522//2522
f 2523//2523 2647//2647 2649//2649
f 2524//2524 2650//2650 2648//2648
f 2523//2523 2649//2649 2651//2651
f 2524//2524 2652//2652 2650//2650
f 2525//2525 2523//2523 2651//2651
f 2526//2526 2652//2652 2524//2524
f 2525//2525 2651//2651 2653//2653
f 2526//2526 2654//2654 2652//2652
f 2527//2527 2525//2525 2653//2653
f 2528//2528 2654//2654 2526//2526
f 2527//2527 2653//2653 2655//2655
f 2528//2528 2656//2656 2654//2654
f 2529//2529 2527//2527 2655//2655
f 2530//2530 2656//2656 2528//2528
f 2529//2529 2655//2655 2657//2657
f 2530//2530 2658//2658 2656//2656
f 2531//2531 2529//2529 2657//2657
f 2532//2532 2658//2658 2530//2530
f 2531//2531 2657//2657 2659//2659
f 2532//2532 2660//2660 2658//2658
f 2533//2533 2531//2531 2659//2659
f 2534//2534 2660//2660 2532//2532
f 2533//2533 2659//2659 2661//2661
f 2534//2534 2662//2662 2660//2660
f 2535//2535 2533//2533 2661//2661
f 2536//2536 2662//2662 2534//2534
f 2535//2535 2661//2661 2663//2663
f 2536//2536 2664//2664 2662//2662
f 2537//2537 2535//2535 2663//2663
f 2538//2538 2664//2664 2536//2536
f 2539//2539 2537//2537 2663//2663
f 2540//2540 2664//2664 2538//2538
f 2539//2539 2663//2663 2665//2665
f 2540//2540 2666//2666 2664//2664
f 2541//2541 2539//2539 2665//2665
f 2542//2542 2666//2666 2540//2540
f 2541//2541 2665//2665 2667//2667
f 2542//2542 2668//2668 2666//2666
f 2543//2543 2541//2541 2667//2667
f 2544//2544 2668//2668 2542//2542
f 2543//2543 2667//2667 2669//2669
f 2544//2544 2670//2670 2668//2668
f 2545//2545 2543//2543 2669//2669
f 2546//2546 2670//2670 2544//2544
f 2545//2545 2669//2669 2671//2671
f 2546//2546 2672//2672 2670//2670
f 2547//2547 2545//2545 2671//2671
f 2548//2548 2672//2672 2546//2546
f 2547//2547 2671//2671 2673//2673
f 2548//2548 2674//2674 2672//2672
f 2549//2549 2547//2547 2673//2673
f 2550//2550 2674//2674 2548//2548
f 2549//2549 2673//2673 2675//2675
f 2550//2550 2676//2676 2674//2674
f 2551//2551 2549//2549 2675//2675
f 2552//2552 2676//2676 2550//2550
f 2551//2551 2675//2675 2677//2677
f 2552//2552 2678//2678 2676//2676
f 2553//2553 2551//2551 2677//2677
f 2554//2554 2678//2678 2552//2552
f 2553//2553 2677//2677 2679//2679
f 2554//2554 2680//2680 2678//2678
f 2555//2555 2553//2553 2679//2679
f 2556//2556 2680//2680 2554//2554
f 2555//2555 2679//2679 2681//2681
f 2556//2556 2682//2682 2680//2680
f 2557//2557 2555//2555 2681//2681
f 2558//2558 2682//2682 2556//2556
f 2557//2557 2681//2681 2683//2683
f 2558//2558 2684//2684 2682//2682
f 2559//2559 2557//2557 2683//2683
f 2560//2560 2684//2684 2558//2558
f 2559//2559 2683//2683 2685//2685
f 2560//2560 2686//2686 2684//2684
f 2561//2561 2559//2559 2685//2685
f 2562//2562 2686//2686 2560//2560
f 2561//2561 2685//2685 2687//2687
f 2562//2562 2688//2688 2686//2686
f 2563//2563 2561//2561 2687//2687
f 2564//2564 2688//2688 2562//2562
f 2563//2563 2687//2687 2689//2689
f 2564//2564 2690//2690 2688//2688
f 2565//2565 2563//2563 2689//2689
f 2566//2566 2690//2690 2564//2564
f 2565//2565 2689//2689 2691//2691
f 2566//2566 2692//2692 2690//2690
f 2567//2567 2565//2565 2691//2691
f 2568//2568 2692//2692 2566//2566
f 2567//2567 2691//2691 2693//2693
f 2568//2568 2694//2694 2692//2692
f 2569//2569 2567//2567 2693//2693
f 2570//2570 2694//2694 2568//2568
f 2569//2569 2693//2693 2695//2695
f 2570//2570 2696//2696 2694//2694
f 2571//2571 2569//2569 2695//2695
f 2572//2572 2696//2696 2570//2570
f 2571//2571 2695//2695 2697//2697
f 2572//2572 2698//2698 2696//2696
f 2573//2573 2571//2571 2697//2697
f 2574//2574 2698//2698 2572//2572
f 2573//2573 2697//2697 2699//2699
f 2574//2574 2700//2700 2698//2698
f 2575//2575 2573//2573 2699//2699
f 2576//2576 2700//2700 2574//2574
f 2575//2575 2699//2699 2701//2701
f 2576//2576 2702//2702 2700//2700
f 2577//2577 2575//2575 2701//2701
f 2578//2578 2702//2702 2576//2576
f 2577//2577 2701//2701 2703//2703
f 2578//2578 2704//2704 2702//2702
f 2579//2579 2577//2577 2703//2703
f 2580//2580 2704//2704 2578//2578
f 2579//2579 2703//2703 2705//2705
f 2580//2580 2706//2706 2704//2704
f 2581//2581 2579//2579 2705//2705
f 2582//2582 2706//2706 2580//2580
f 2581//2581 2705//2705 2707//2707
f 2582//2582 2708//2708 2706//2706
f 2583//2583 2581//2581 2707//2707
f 2584//2584 2708//2708 2582//2582
f 2583//2583 2707//2707 2709//2709
f 2584//2584 2710//2710 2708//2708
f 2585//2585 2583//2583 2709//2709
f 2586//2586 2710//2710 2584//2584
f 2585//2585 2709//2709 2711//2711
f 2586//2586 2712//2712 2710//2710
f 2587//2587 2585//2585 2711//2711
f 2588//2588 2712//2712 2586//2586
f 2587//2587 2711//2711 2713//2713
f 2588//2588 2714//2714 2712//2712
f 2589//2589 2587//2587 2713//2713
f 2590//2590 2714//2714 2588//2588
f 2589//2589 2713//2713 2715//2715
f 2590//2590 2716//2716 2714//2714
f 2591//2591 2589//2589 2715//2715
f 2592//2592 2716//2716 2590//2590
f 2591//2591 2715//2715 2717//2717
f 2592//2592 2718//2718 2716//2716
f 2593//2593 2591//2591 2717//2717
f 2594//2594 2718//2718 2592//2592
f 2593//2593 2717//2717 2719//2719
f 2594//2594 2720//2720 2718//2718
f 2595//2595 2593//2593 2719//2719
f 2596//2596 2720//2720 2594//2594
f 2595//2595 2719//2719 2721//2721
f 2596//2596 2722//2722 2720//2720
f 2597//2597 2595//2595 2721//2721
f 2598//2598 2722//2722 2596//2596
f 2597//2597 2721//2721 2723//2723
f 2598//2598 2724//2724 2722//2722
f 2599//2599 2597//2597 2723//2723
f 2600//2600 2724//2724 2598//2598
f 2599//2599 2723//2723 2725//2725
f 2600//2600 2726//2726 2724//2724
f 2601//2601 2599//2599 2725//2725
f 2602//2602 2726//2726 2600//2600
f 2601//2601 2725//2725 2727//2727
f 2602//2602 2728//2728 2726//2726
f 2603//2603 2601//2601 2727//2727
f 2604//2604 2728//2728 2602//2602
f 2603//2603 2727//2727 2729//2729
f 2604//2604 2730//2730 2728//2728
f 2605//2605 2603//2603 2729//2729
f 2606//2606 2730//2730 2604//2604
f 2605//2605 2729//2729 2731//2731
f 2606//2606 2732//2732 2730//2730
f 2607//2607 2605//2605 2731//2731
f 2608//2608 2732//2732 2606//2606
f 2607//2607 2731//2731 2733//2733
f 2608//2608 2734//2734 2732//2732
f 2609//2609 2607//2607 2733//2733
f 2610//2610 2734//2734 2608//2608
f 2609//2609 2733//2733 2735//2735
f 2610//2610 2736//2736 2734//2734
f 2611//2611 2609//2609 2735//2735
f 2612//2612 2736//2736 2610//2610
f 2611//2611 2735//2735 2737//2737
f 2612//2612 2738//2738 2736//2736
f 2613//2613 2611//2611 2737//2737
f 2614//2614 2738//2738 2612//2612
f 2613//2613 2737//2737 2739//2739
f 2614//2614 2740//2740 2738//2738
f 2615//2615 2613//2613 2739//2739
f 2616//2616 2740//2740 2614//2614
f 2615//2615 2739//2739 2741//2741
f 2616//2616 2742//2742 2740//2740
f 2617//2617 2615//2615 2741//2741
f 2618//2618 2742//2742 2616//2616
f 2617//2617 2741//2741 2743//2743
f 2618//2618 2744//2744 2742//2742
f 2619//2619 2617//2617 2743//2743
f 2620//2620 2744//2744 2618//2618
f 2619//2619 2743//2743 2745//2745
f 2620//2620 2746//2746 2744//2744
f 2621//2621 2619//2619 2745//2745
f 2622//2622 2746//2746 2620//2620
f 2621//2621 2745//2745 2747//2747
f 2622//2622 2748//2748 2746//2746
f 2623//2623 2621//2621 2747//2747
f 2624//2624 2748//2748 2622//2622
f 2623//2623 2747//2747 2749//2749
f 2624//2624 2750//2750 2748//2748
f 2625//2625 2623//2623 2749//2749
f 2626//2626 2750//2750 2624//2624
f 2625//2625 2749//2749 2751//2751
f 2626//2626 2752//2752 2750//2750
f 2627//2627 2625//2625 2751//2751
f 2628//2628 2752//2752 2626//2626
f 2627//2627 2751//2751 2753//2753
f 2628//2628 2754//2754 2752//2752
f 2629//2629 2627//2627 2753//2753
f 2630//2630 2754//2754 2628//2628
f 2629//2629 2753//2753 2755//2755
f 2630//2630 2756//2756 2754//2754
f 2631//2631 2629//2629 2755//2755
f 2632//2632 2756//2756 2630//2630
f 2631//2631 2755//2755 2757//2757
f 2632//2632 2758//2758 2756//2756
f 2633//2633 2631//2631 2757//2757
f 2634//2634 2758//2758 2632//2632
f 2633//2633 2757//2757 2759//2759
f 2634//2634 2760//2760 2758//2758
f 2635//2635 2633//2633 2759//2759
f 2636//2636 2760//2760 2634//2634
f 2635//2635 2759//2759 2761//2761
f 2636//2636 2762//2762 2760//2760
f 2637//2637 2635//2635 2761//2761
f 2638//2638 2762//2762 2636//2636
f 2637//2637 2761//2761 2763//2763
f 2638//2638 2764//2764 2762//2762
f 2639//2639 2637//2637 2763//2763
f 2640//2640 2764//2764 2638//2638
f 2639//2639 2763//2763 2765//2765
f 2640//2640 2766//2766 2764//2764
f 2641//2641 2639//2639 2765//2765
f 2642//2642 2766//2766 2640//2640
f 2641//2641 2765//2765 2767//2767
f 2642//2642 2768//2768 2766//2766
f 2643//2643 2641//2641 2767//2767
f 2644//2644 2768//2768 2642//2642
f 2643//2643 2767//2767 2919//2919
f 2644//2644 2919//2919 2768//2768
f 2917//2917 2643//2643 2919//2919
f 2917//2917 2919//2919 2644//2644
f 2918//2918 2920//2920 2769//2769
f 2918//2918 2770//2770 2920//2920
f 2645//2645 2918//2918 2769//2769
f 2646//2646 2770//2770 2918//2918
f 2645//2645 2769//2769 2771//2771
f 2646//2646 2772//2772 2770//2770
f 2647//2647 2645//2645 2771//2771
f 2648//2648 2772//2772 2646//2646
f 2647//2647 2771//2771 2773//2773
f 2648//2648 2774//2774 2772//2772
f 2649//2649 2647//2647 2773//2773
f 2650//2650 2774//2774 2648//2648
f 2649//2649 2773//2773 2775//2775
f 2650//2650 2776//2776 2774//2774
f 2651//2651 2649//2649 2775//2775
f 2652//2652 2776//2776 2650//2650
f 2651//2651 2775//2775 2777//2777
f 2652//2652 2778//2778 2776//2776
f 2653//2653 2651//2651 2777//2777
f 2654//2654 2778//2778 2652//2652
f 2653//2653 2777//2777 2779//2779
f 2654//2654 2780//2780 2778//2778
f 2655//2655 2653//2653 2779//2779
f 2656//2656 2780//2780 2654//2654
f 2655//2655 2779//2779 2781//2781
f 2656//2656 2782//2782 2780//2780
f 2657//2657 2655//2655 2781//2781
f 2658//2658 2782//2782 2656//2656
f 2657//2657 2781//2781 2783//2783
f 2658//2658 2784//2784 2782//2782
f 2659//2659 2657//2657 2783//2783
f 2660//2660 2784//2784 2658//2658
f 2659//2659 2783//2783 2785//2785
f 2660//2660 2786//2786 2784//2784
f 2661//2661 2659//2659 2785//2785
f 2662//2662 2786//2786 2660//2660
f 2661//2661 2785//2785 2787//2787
f 2662//2662 2788//2788 2786//2786
f 2663//2663 2661//2661 2787//2787
f 2664//2664 2788//2788 2662//2662
f 2663//2663 2787//2787 2789//2789
f 2664//2664 2790//2790 2788//2788
f 2665//2665 2663//2663 2789//2789
f 2666//2666 2790//2790 2664//2664
f 2665//2665 2789//2789 2791//2791
f 2666//2666 2792//2792 2790//2790
f 2667//2667 2665//2665 2791//2791
f 2668//2668 2792//2792 2666//2666
f 2667//2667 2791//2791 2793//2793
f 2668//2668 2794//2794 2792//2792
f 2669//2669 2667//2667 2793//2793
f 2670//2670 2794//2794 2668//2668
f 2669//2669 2793//2793 2795//2795
f 2670//2670 2796//2796 2794//2794
f 2671//2671 2669//2669 2795//2795
f 2672//2672 2796//2796 2670//2670
f 2671//2671 2795//2795 2797//2797
f 2672//2672 2798//2798 2796//2796
f 2673//2673 2671//2671 2797//2797
f 2674//2674 2798//2798 2672//2672
f 2673//2673 2797//2797 2799//2799
f 2674//2674 2800//2800 2798//2798
f 2675//2675 2673//2673 2799//2799
f 2676//2676 2800//2800 2674//2674
f 2675//2675 2799//2799 2801//2801
f 2676//2676 2802//2802 2800//2800
f 2677//2677 2675//2675 2801//2801
f 2678//2678 2802//2802 2676//2676
f 2677//2677 2801//2801 2803//2803
f 2678//2678 2804//2804 2802//2802
f 2679//2679 2677//2677 2803//2803
f 2680//2680 2804//2804 2678//2678
f 2679//2679 2803//2803 2805//2805
f 2680//2680 2806//2806 2804//2804
f 2681//2681 2679//2679 2805//2805
f 2682//2682 2806//2806 2680//2680
f 2681//2681 2805//2805 2807//2807
f 2682//2682 2808//2808 2806//2806
f 2683//2683 2681//2681 2807//2807
f 2684//2684 2808//2808 2682//2682
f 2683//2683 2807//2807 2809//2809
f 2684//2684 2810//2810 2808//2808
f 2685//2685 2683//2683 2809//2809
f 2686//2686 2810//2810 2684//2684
f 2685//2685 2809//2809 2811//2811
f 2686//2686 2812//2812 2810//2810
f 2687//2687 2685//2685 2811//2811
f 2688//2688 2812//2812 2686//2686
f 2687//2687 2811//2811 2813//2813
f 2688//2688 2814//2814 2812//2812
f 2689//2689 2687//2687 2813//2813
f 2690//2690 2814//2814 2688//2688
f 2689//2689 2813//2813 2815//2815
f 2690//2690 2816//2816 2814//2814
f 2691//2691 2689//2689 2815//2815
f 2692//2692 2816//2816 2690//2690
f 2691//2691 2815//2815 2817//2817
f 2692//2692 2818//2818 2816//2816
f 2693//2693 2691//2691 2817//2817
f 2694//2694 2818//2818 2692//2692
f 2693//2693 2817//2817 2819//2819
f 2694//2694 2820//2820 2818//2818
f 2695//2695 2693//2693 2819//2819
f 2696//2696 2820//2820 2694//2694
f 2695//2695 2819//2819 2821//2821
f 2696//2696 2822//2822 2820//2820
f 2697//2697 2695//2695 2821//2821
f 2698//2698 2822//2822 2696//2696
f 2697//2697 2821//2821 2823//2823
f 2698//2698 2824//2824 2822//2822
f 2699//2699 2697//2697 2823//2823
f 2700//2700 2824//2824 2698//2698
f 2699//2699 2823//2823 2825//2825
f 2700//2700 2826//2826 2824//2824
f 2701//2701 2699//2699 2825//2825
f 2702//2702 2826//2826 2700//2700
f 2701//2701 2825//2825 2827//2827
f 2702//2702 2828//2828 2826//2826
f 2703//2703 2701//2701 2827//2827
f 2704//2704 2828//2828 2702//2702
f 2703//2703 2827//2827 2829//2829
f 2704//2704 2830//2830 2828//2828
f 2705//2705 2703//2703 2829//2829
f 2706//2706 2830//2830 2704//2704
f 2705//2705 2829//2829 2831//2831
f 2706//2706 2832//2832 2830//2830
f 2707//2707 2705//2705 2831//2831
f 2708//2708 2832//2832 2706//2706
f 2707//2707 2831//2831 2833//2833
f 2708//2708 2834//2834 2832//2832
f 2709//2709 2707//2707 2833//2833
f 2710//2710 2834//2834 2708//2708
f 2709//2709 2833//2833 2835//2835
f 2710//2710 2836//2836 2834//2834
f 2711//2711 2709//2709 2835//2835
f 2712//2712 2836//2836 2710//2710
f 2711//2711 2835//2835 2837//2837
f 2712//2712 2838//2838 2836//2836
f 2713//2713 2711//2711 2837//2837
f 2714//2714 2838//2838 2712//2712
f 2713//2713 2837//2837 2839//2839
f 2714//2714 2840//2840 2838//2838
f 2715//2715 2713//2713 2839//2839
f 2716//2716 2840//2840 2714//2714
f 2715//2715 2839//2839 2841//2841
f 2716//2716 2842//2842 2840//2840
f 2717//2717 2715//2715 2841//2841
f 2718//2718 2842//2842 2716//2716
f 2717//2717 2841//2841 2843//2843
f 2718//2718 2844//2844 2842//2842
f 2719//2719 2717//2717 2843//2843
f 2720//2720 2844//2844 2718//2718
f 2719//2719 2843//2843 2845//2845
f 2720//2720 2846//2846 2844//2844
f 2721//2721 2719//2719 2845//2845
f 2722//2722 2846//2846 2720//2720
f 2721//2721 2845//2845 2847//2847
f 2722//2722 2848//2848 2846//2846
f 2723//2723 2721//2721 2847//2847
f 2724//2724 2848//2848 2722//2722
f 2723//2723 2847//2847 2849//2849
f 2724//2724 2850//2850 2848//2848
f 2725//2725 2723//2723 2849//2849
f 2726//2726 2850//2850 2724//2724
f 2725//2725 2849//2849 2851//2851
f 2726//2726 2852//2852 2850//2850
f 2727//2727 2725//2725 2851//2851
f 2728//2728 2852//2852 2726//2726
f 2727//2727 2851//2851 2853//2853
f 2728//2728 2854//2854 2852//2852
f 2729//2729 2727//2727 2853//2853
f 2730//2730 2854//2854 2728//2728
f 2729//2729 2853//2853 2855//2855
f 2730//2730 2856//2856 2854//2854
f 2731//2731 2729//2729 2855//2855
f 2732//2732 2856//2856 2730//2730
f 2731//2731 2855//2855 2857//2857
f 2732//2732 2858//2858 2856//2856
f 2733//2733 2731//2731 2857//2857
f 2734//2734 2858//2858 2732//2732
f 2733//2733 2857//2857 2921//2921
f 2734//2734 2921//2921 2858//2858
f 2735//2735 2733//2733 2921//2921
f 2736//2736 2921//2921 2734//2734
f 2735//2735 2921//2921 2922//2922
f 2736//2736 2922//2922 2921//2921
f 2737//2737 2735//2735 2922//2922
f 2738//2738 2922//2922 2736//2736
f 2737//2737 2922//2922 2923//2923
f 2738//2738 2923//2923 2922//2922
f 2739//2739 2737//2737 2923//2923
f 2740//2740 2923//2923 2738//2738
f 2739//2739 2923//2923 2924//2924
f 2740//2740 2924//2924 2923//2923
f 2741//2741 2739//2739 2924//2924
f 2742//2742 2924//2924 2740//2740
f 2741//2741 2924//2924 2925//2925
f 2742//2742 2925//2925 2924//2924
f 2743//2743 2741//2741 2925//2925
f 2744//2744 2925//2925 2742//2742
f 2743//2743 2925//2925 2926//2926
f 2744//2744 2926//2926 2925//2925
f 2745//2745 2743//2743 2926//2926
f 2746//2746 2926//2926 2744//2744
f 2745//2745 2926//2926 2927//2927
f 2746//2746 2927//2927 2926//2926
f 2747//2747 2745//2745 2927//2927
f 2748//2748 2927//2927 2746//2746
f 2747//2747 2927//2927 2928//2928
f 2748//2748 2928//2928 2927//2927
f 2749//2749 2747//2747 2928//2928
f 2750//2750 2928//2928 2748//2748
f 2749//2749 2928//2928 2929//2929
f 2750//2750 2929//2929 2928//2928
f 2751//2751 2749//2749 2929//2929
f 2752//2752 2929//2929 2750//2750
f 2751//2751 2929//2929 2930//2930
f 2752//2752 2930//2930 2929//2929
f 2753//2753 2751//2751 2930//2930
f 2754//2754 2930//2930 2752//2752
f 2753//2753 2930//2930 2931//2931
f 2754//2754 2931//2931 2930//2930
f 2755//2755 2753//2753 2931//2931
f 2756//2756 2931//2931 2754//2754
f 2755//2755 2931//2931 2932//2932
f 2756//2756 2932//2932 2931//2931
f 2757//2757 2755//2755 2932//2932
f 2758//2758 2932//2932 2756//2756
f 2757//2757 2932//2932 2933//2933
f 2758//2758 2933//2933 2932//2932
f 2759//2759 2757//2757 2933//2933
f 2760//2760 2933//2933 2758//2758
f 2759//2759 2933//2933 2934//2934
f 2760//2760 2934//2934 2933//2933
f 2761//2761 2759//2759 2934//2934
f 2762//2762 2934//2934 2760//2760
f 2761//2761 2934//2934 2935//2935
f 2762//2762 2935//2935 2934//2934
f 2763//2763 2761//2761 2935//2935
f 2764//2764 2935//2935 2762//2762
f 2763//2763 2935//2935 2936//2936
f 2764//2764 2936//2936 2935//2935
f 2765//2765 2763//2763 2936//2936
f 2766//2766 2936//2936 2764//2764
f 2765//2765 2936//2936 2937//2937
f 2766//2766 2937//2937 2936//2936
f 2767//2767 2765//2765 2937//2937
f 2768//2768 2937//2937 2766//2766
f 2767//2767 2937//2937 2938//2938
f 2768//2768 2938//2938 2937//2937
f 2919//2919 2767//2767 2938//2938
f 2919//2919 2938//2938 2768//2768
f 2769//2769 2920//2920 2939//2939
f 2770//2770 2939//2939 2920//2920
f 2771//2771 2769//2769 2939//2939
f 2772//2772 2939//2939 2770//2770
f 2771//2771 2939//2939 2940//2940
f 2772//2772 2940//2940 2939//2939
f 2773//2773 2771//2771 2940//2940
f 2774//2774 2940//2940 2772//2772
f 2773//2773 2940//2940 2941//2941
f 2774//2774 2941//2941 2940//2940
f 2773//2773 2941//2941 2942//2942
f 2774//2774 2942//2942 2941//2941
f 2775//2775 2773//2773 2942//2942
f 2776//2776 2942//2942 2774//2774
f 2775//2775 2942//2942 2943//2943
f 2776//2776 2943//2943 2942//2942
f 2777//2777 2775//2775 2943//2943
f 2778//2778 2943//2943 2776//2776
f 2777//2777 2943//2943 2944//2944
f 2778//2778 2944//2944 2943//2943
f 2779//2779 2777//2777 2944//2944
f 2780//2780 2944//2944 2778//2778
f 2779//2779 2944//2944 2945//2945
f 2780//2780 2945//2945 2944//2944
f 2781//2781 2779//2779 2945//2945
f 2782//2782 2945//2945 2780//2780
f 2781//2781 2945//2945 2946//2946
f 2782//2782 2946//2946 2945//2945
f 2783//2783 2781//2781 2946//2946
f 2784//2784 2946//2946 2782//2782
f 2783//2783 2946//2946 2947//2947
f 2784//2784 2947//2947 2946//2946
f 2785//2785 2783//2783 2947//2947
f 2786//2786 2947//2947 2784//2784
f 2785//2785 2947//2947 2948//2948
f 2786//2786 2948//2948 2947//2947
f 2787//2787 2785//2785 2948//2948
f 2788//2788 2948//2948 2786//2786
f 2787//2787 2948//2948 2949//2949
f 2788//2788 2949//2949 2948//2948
f 2789//2789 2787//2787 2949//2949
f 2790//2790 2949//2949 2788//2788
f 2789//2789 2949//2949 2950//2950
f 2790//2790 2950//2950 2949//2949
f 2791//2791 2789//2789 2950//2950
f 2792//2792 2950//2950 2790//2790
f 2791//2791 2950//2950 2951//2951
f 2792//2792 2951//2951 2950//2950
f 2793//2793 2791//2791 2951//2951
f 2794//2794 2951//2951 2792//2792
f 2793//2793 2951//2951 2952//2952
f 2794//2794 2952//2952 2951//2951
f 2795//2795 2793//2793 2952//2952
f 2796//2796 2952//2952 2794//2794
f 2795//2795 2952//2952 2953//2953
f 2796//2796 2953//2953 2952//2952
f 2797//2797 2795//2795 2953//2953
f 2798//2798 2953//2953 2796//2796
f 2797//2797 2953//2953 2954//2954
f 2798//2798 2954//2954 2953//2953
f 2799//2799 2797//2797 2954//2954
f 2800//2800 2954//2954 2798//2798
f 2799//2799 2954//2954 2955//2955
f 2800//2800 2955//2955 2954//2954
f 2801//2801 2799//2799 2955//2955
f 2802//2802 2955//2955 2800//2800
f 2801//2801 2955//2955 2956//2956
f 2802//2802 2956//2956 2955//2955
f 2803//2803 2801//2801 2956//2956
f 2804//2804 2956//2956 2802//2802
f 2803//2803 2956//2956 2957//2957
f 2804//2804 2957//2957 2956//2956
f 2805//2805 2803//2803 2957//2957
f 2806//2806 2957//2957 2804//2804
f 2805//2805 2957//2957 2958//2958
f 2806//2806 2958//2958 2957//2957
f 2807//2807 2805//2805 2958//2958
f 2808//2808 2958//2958 2806//2806
f 2807//2807 2958//2958 2959//2959
f 2808//2808 2959//2959 2958//2958
f 2809//2809 2807//2807 2959//2959
f 2810//2810 2959//2959 2808//2808
f 2809//2809 2959//2959 2960//2960
f 2810//2810 2960//2960 2959//2959
f 2811//2811 2809//2809 2960//2960
f 2812//2812 2960//2960 2810//2810
f 2811//2811 2960//2960 2961//2961
f 2812//2812 2961//2961 2960//2960
f 2813//2813 2811//2811 2961//2961
f 2814//2814 2961//2961 2812//2812
f 2813//2813 2961//2961 2962//2962
f 2814//2814 2962//2962 2961//2961
f 2815//2815 2813//2813 2962//2962
f 2816//2816 2962//2962 2814//2814
f 2815//2815 2962//2962 2963//2963
f 2816//2816 2963//2963 2962//2962
f 2817//2817 2815//2815 2963//2963
f 2818//2818 2963//2963 2816//2816
f 2817//2817 2963//2963 2964//2964
f 2818//2818 2964//2964 2963//2963
f 2819//2819 2817//2817 2964//2964
f 2820//2820 2964//2964 2818//2818
f 2819//2819 2964//2964 2965//2965
f 2820//2820 2965//2965 2964//2964
f 2821//2821 2819//2819 2965//2965
f 2822//2822 2965//2965 2820//2820
f 2821//2821 2965//2965 2966//2966
f 2822//2822 2966//2966 2965//2965
f 2823//2823 2821//2821 2966//2966
f 2824//2824 2966//2966 2822//2822
f 2823//2823 2966//2966 2967//2967
f 2824//2824 2967//2967 2966//2966
f 2825//2825 2823//2823 2967//2967
f 2826//2826 2967//2967 2824//2824
f 2825//2825 2967//2967 2968//2968
f 2826//2826 2968//2968 2967//2967
f 2827//2827 2825//2825 2968//2968
f 2828//2828 2968//2968 2826//2826
f 2827//2827 2968//2968 2969//2969
f 2828//2828 2969//2969 2968//2968
f 2829//2829 2827//2827 2969//2969
f 2830//2830 2969//2969 2828//2828
f 2829//2829 2969//2969 2970//2970
f 2830//2830 2970//2970 2969//2969
f 2831//2831 2829//2829 2970//2970
f 2832//2832 2970//2970 2830//2830
f 2831//2831 2970//2970 2971//2971
f 2832//2832 2971//2971 2970//2970
f 2833//2833 2831//2831 2971//2971
f 2834//2834 2971//2971 2832//2832
f 2833//2833 2971//2971 2972//2972
f 2834//2834 2972//2972 2971//2971
f 2835//2835 2833//2833 2972//2972
f 2836//2836 2972//2972 2834//2834
f 2835//2835 2972//2972 2973//2973
f 2836//2836 2973//2973 2972//2972
f 2837//2837 2835//2835 2973//2973
f 2838//2838 2973//2973 2836//2836
f 2837//2837 2973//2973 2974//2974
f 2838//2838 2974//2974 2973//2973
f 2839//2839 2837//2837 2974//2974
f 2840//2840 2974//2974 2838//2838
f 2839//2839 2974//2974 2975//2975
f 2840//2840 2975//2975 2974//2974
f 2841//2841 2839//2839 2975//2975
f 2842//2842 2975//2975 2840//2840
f 2841//2841 2975//2975 2976//2976
f 2842//2842 2976//2976 2975//2975
f 2843//2843 2841//2841 2976//2976
f 2844//2844 2976//2976 2842//2842
f 2843//2843 2976//2976 2977//2977
f 2844//2844 2977//2977 2976//2976
f 2845//2845 2843//2843 2977//2977
f 2846//2846 2977//2977 2844//2844
f 2845//2845 2977//2977 2978//2978
f 2846//2846 2978//2978 2977//2977
f 2847//2847 2845//2845 2978//2978
f 2848//2848 2978//2978 2846//2846
f 2847//2847 2978//2978 2979//2979
f 2848//2848 2979//2979 2978//2978
f 2849//2849 2847//2847 2979//2979
f 2850//2850 2979//2979 2848//2848
f 2849//2849 2979//2979 2980//2980
f 2850//2850 2980//2980 2979//2979
f 2851//2851 2849//2849 2980//2980
f 2852//2852 2980//2980 2850//2850
f 2851//2851 2980//2980 2981//2981
f 2852//2852 2981//2981 2980//2980
f 2853//2853 2851//2851 2981//2981
f 2854//2854 2981//2981 2852//2852
f 2853//2853 2981//2981 2982//2982
f 2854//2854 2982//2982 2981//2981
f 2855//2855 2853//2853 2982//2982
f 2856//2856 2982//2982 2854//2854
f 2855//2855 2982//2982 2983//2983
f 2856//2856 2983//2983 2982//2982
f 2857//2857 2855//2855 2983//2983
f 2858//2858 2983//2983 2856//2856
f 2857//2857 2983//2983 2984//2984
f 2858//2858 2984//2984 2983//2983
f 2921//2921 2857//2857 2984//2984
f 2921//2921 2984//2984 2858//2858
