#Moonbii

v 172.5026 43.43095 23.25641
v 172.5184 43.42891 23.35699
v 172.4777 43.43095 23.15977
v 172.4958 43.42866 23.25842
v 172.4361 43.43095 23.03339
v 172.4605 43.428 23.12679
v 172.3909 43.43094 22.90828
v 172.422 43.42735 22.99555
v 172.3424 43.43095 22.78435
v 172.3786 43.42694 22.8666
v 172.2925 43.43095 22.66079
v 172.3299 43.42701 22.74083
v 172.2424 43.43095 22.53679
v 172.2767 43.42752 22.61847
v 172.1628 43.43095 22.39007
v 172.2023 43.42738 22.46544
v 172.0796 43.43095 22.24524
v 172.1196 43.42764 22.31849
v 171.9897 43.43095 22.10439
v 172.0278 43.42802 22.17772
v 171.8956 43.43094 21.96607
v 171.93 43.42854 22.04158
v 171.7946 43.43095 21.83249
v 171.8263 43.42915 21.90914
v 171.6894 43.43095 21.70194
v 171.7147 43.42968 21.78432
v 171.5786 43.43095 21.57577
v 171.5982 43.43024 21.66354
v 171.46 43.43094 21.45669
v 171.4762 43.43052 21.54783
v 171.3349 43.43095 21.34441
v 171.348 43.43078 21.43859
v 171.2073 43.43095 21.23476
v 171.2149 43.43095 21.33562
v 171.077 43.43095 21.12776
v 171.0771 43.43094 21.23904
v 170.9367 43.43095 21.03415
v 170.935 43.43087 21.14839
v 170.7954 43.43095 20.94209
v 170.7892 43.43052 21.06429
v 170.6506 43.43095 20.85506
v 170.64 43.4296 20.98758
v 170.5041 43.43095 20.76983
v 170.4878 43.42842 20.91647
v 170.3499 43.43095 20.69987
v 170.3326 43.42722 20.85358
v 170.1929 43.43095 20.636
v 170.1755 43.42607 20.79546
v 170.0356 43.43095 20.57178
v 170.0166 43.42403 20.74347
v 169.8742 43.43095 20.51851
v 169.8554 43.42249 20.69852
v 169.7102 43.43095 20.47285
v 169.6963 43.42315 20.65731
v 169.5445 43.43095 20.4335
v 169.533 43.42279 20.62157
v 169.3761 43.43095 20.40709
v 169.3681 43.42349 20.59068
v 169.2076 43.43095 20.38
v 169.2013 43.42319 20.56721
v 169.038 43.43095 20.3558
v 169.0331 43.42239 20.54974
v 168.8669 43.43095 20.34622
v 168.8642 43.4228 20.5379
v 168.6951 43.43095 20.3369
v 168.6938 43.42013 20.53221
v 168.5235 43.43095 20.34665
v 168.5248 43.42122 20.53387
v 168.3515 43.43095 20.35519
v 168.3546 43.42179 20.53937
v 168.1799 43.43095 20.37357
v 168.1849 43.42283 20.55086
v 168.0076 43.43095 20.39266
v 168.0149 43.42297 20.56928
v 167.8377 43.43095 20.42712
v 167.8462 43.42414 20.59429
v 167.668 43.43095 20.46475
v 167.6779 43.42484 20.62335
v 167.4988 43.43095 20.50747
v 167.5089 43.42616 20.65842
v 167.3324 43.43095 20.56101
v 167.3409 43.42783 20.70051
v 167.1687 43.43095 20.62297
v 167.1742 43.42941 20.74965
v 167.0068 43.43095 20.6908
v 167.008 43.43075 20.80423
v 166.8499 43.43095 20.7696
v 166.8452 43.43169 20.86997
v 166.696 43.43095 20.8548
v 166.6834 43.43238 20.94074
v 166.5417 43.43095 20.94076
v 166.5231 43.43214 21.01962
v 166.3956 43.43095 21.04009
v 166.3685 43.43177 21.10888
v 172.6499 43.83095 23.53217
v 172.6424 43.83192 23.64814
v 172.6288 43.83095 23.46727
v 172.6315 43.83064 23.57679
v 172.6034 43.83095 23.36889
v 172.6135 43.82976 23.47334
v 172.578 43.83095 23.27059
v 172.5929 43.82928 23.37128
v 172.5528 43.83095 23.1722
v 172.5719 43.82886 23.26967
v 172.5278 43.83094 23.07353
v 172.5475 43.82889 23.17004
v 172.4843 43.83095 22.94507
v 172.5098 43.82844 23.03617
v 172.4306 43.83095 22.82049
v 172.4658 43.82772 22.90231
v 172.3784 43.83095 22.69547
v 172.4176 43.82747 22.77337
v 172.3264 43.83095 22.57014
v 172.3636 43.82792 22.64847
v 172.2691 43.83095 22.44696
v 172.3037 43.82849 22.52605
v 172.1859 43.83095 22.29893
v 172.2194 43.82886 22.37767
v 172.1003 43.83095 22.1521
v 172.1269 43.8295 22.23632
v 172.007 43.83095 22.00996
v 172.0266 43.83004 22.10048
v 171.9021 43.83095 21.87607
v 171.92 43.83039 21.96753
v 171.7972 43.83094 21.74219
v 171.8052 43.83077 21.84426
v 171.6919 43.83095 21.60782
v 171.6863 43.83098 21.72602
v 171.5732 43.83095 21.48536
v 171.559 43.83086 21.61465
v 171.4489 43.83095 21.36849
v 171.4275 43.83043 21.50835
v 171.3173 43.83095 21.26009
v 171.2919 43.82983 21.41145
v 171.1861 43.83095 21.15104
v 171.1636 43.82941 21.32611
v 171.0503 43.83095 21.04745
v 171.0296 43.8292 21.2463
v 170.9049 43.83095 20.95786
v 170.8913 43.8293 21.16938
v 170.7585 43.83095 20.87014
v 170.7479 43.82908 21.10031
v 170.6119 43.83095 20.78212
v 170.6028 43.82872 21.03531
v 170.4606 43.83095 20.70203
v 170.4515 43.82812 20.97846
v 170.303 43.83095 20.63478
v 170.2968 43.82855 20.92341
v 170.1444 43.83094 20.56991
v 170.139 43.8283 20.87529
v 169.9836 43.83095 20.5095
v 169.9765 43.82659 20.83227
v 169.8192 43.83095 20.45941
v 169.8132 43.82632 20.79465
v 169.6517 43.83095 20.42085
v 169.6489 43.82805 20.75993
v 169.4828 43.83095 20.38889
v 169.482 43.82943 20.72887
v 169.313 43.83095 20.3615
v 169.3131 43.83011 20.70512
v 169.1427 43.83095 20.33403
v 169.1427 43.8297 20.68702
v 168.971 43.83095 20.31306
v 168.9713 43.82988 20.67077
v 168.798 43.83095 20.30276
v 168.7985 43.83041 20.66075
v 168.6246 43.83095 20.3038
v 168.6252 43.82859 20.65544
v 168.4512 43.83095 20.31324
v 168.452 43.82999 20.6557
v 168.2781 43.83095 20.32848
v 168.2787 43.83097 20.66224
v 168.1049 43.83095 20.3476
v 168.1052 43.83155 20.67354
v 167.9321 43.83095 20.37374
v 167.9319 43.83213 20.6899
v 167.7601 43.83095 20.40668
v 167.7656 43.82569 20.70907
v 167.5886 43.83095 20.44546
v 167.5945 43.8265 20.73617
v 167.4195 43.83095 20.49451
v 167.4249 43.82773 20.76823
v 167.253 43.83095 20.55266
v 167.2726 43.82085 20.80003
v 167.0884 43.83095 20.61733
v 167.1073 43.82314 20.84343
v 166.9242 43.83094 20.6849
v 166.9428 43.82475 20.89303
v 166.7653 43.83094 20.76455
v 166.7822 43.82664 20.95013
v 166.608 43.83094 20.84852
v 166.6234 43.82803 21.01273
v 166.4551 43.83094 20.94096
v 166.4721 43.82859 21.08218
v 166.3097 43.83095 21.04495
v 166.3149 43.83047 21.16399
v 166.1642 43.83095 21.14981
v 166.1599 43.83126 21.25426
v 166.0223 43.83095 21.26044
v 166.0112 43.83141 21.35625
v 165.8795 43.83095 21.37215
v 165.8658 43.83124 21.46558
v 172.7208 44.23095 23.55353
v 172.7112 44.23202 23.67126
v 172.7066 44.23095 23.486
v 172.7011 44.23155 23.60097
v 172.6839 44.23095 23.38504
v 172.6851 44.23084 23.49543
v 172.6585 44.23095 23.28474
v 172.6674 44.23007 23.38954
v 172.6331 44.23095 23.18441
v 172.6468 44.2297 23.28513
v 172.6024 44.23095 23.08556
v 172.622 44.22922 23.18138
v 172.5588 44.23095 22.95467
v 172.5842 44.2288 23.04514
v 172.5073 44.23095 22.82669
v 172.5401 44.22844 22.9097
v 172.4527 44.23095 22.70011
v 172.4892 44.22851 22.77826
v 172.3976 44.23095 22.57376
v 172.4309 44.22882 22.65413
v 172.339 44.23095 22.44886
v 172.3672 44.22938 22.5329
v 172.2544 44.23095 22.2986
v 172.2785 44.2299 22.38546
v 172.1695 44.23095 22.14834
v 172.181 44.23056 22.24749
v 172.0761 44.23095 22.00307
v 172.0754 44.23096 22.11522
v 171.9699 44.23095 21.86689
v 171.9625 44.23102 21.98681
v 171.8616 44.23095 21.73261
v 171.842 44.23082 21.86753
v 171.7501 44.23095 21.6008
v 171.7154 44.23034 21.75577
v 171.6342 44.23095 21.47261
v 171.5864 44.2292 21.65391
v 171.5079 44.23095 21.35463
v 171.4686 44.22871 21.57013
v 171.373 44.23095 21.24669
v 171.3429 44.22878 21.48922
v 171.24 44.23095 21.1368
v 171.2177 44.22886 21.41326
v 171.0978 44.23095 21.03924
v 171.0842 44.22925 21.34294
v 170.9578 44.23095 20.93839
v 170.9491 44.22947 21.27394
v 170.8102 44.23095 20.84896
v 170.8061 44.2299 21.21405
v 170.6618 44.23095 20.76037
v 170.6572 44.2295 21.15628
v 170.5078 44.23095 20.68189
v 170.5066 44.23027 21.10576
v 170.3496 44.23095 20.61184
v 170.351 44.23116 21.05908
v 170.1908 44.23095 20.54267
v 170.1922 44.2312 21.01884
v 170.0262 44.23095 20.48877
v 170.0269 44.23085 20.98064
v 169.8603 44.23095 20.43893
v 169.862 44.23154 20.94798
v 169.6921 44.23095 20.39737
v 169.694 44.23179 20.9192
v 169.5228 44.23095 20.36035
v 169.5251 44.23262 20.89456
v 169.3518 44.23095 20.33069
v 169.3544 44.23346 20.87424
v 169.1797 44.23095 20.3068
v 169.1823 44.23427 20.85745
v 169.0066 44.23095 20.2892
v 169.0091 44.23535 20.84307
v 168.8326 44.23095 20.27795
v 168.8348 44.23624 20.8332
v 168.6581 44.23095 20.27514
v 168.6593 44.23399 20.82623
v 168.4834 44.23095 20.28291
v 168.4841 44.23589 20.82276
v 168.3085 44.23095 20.29312
v 168.3082 44.23678 20.82471
v 168.1335 44.23095 20.3093
v 168.1321 44.23763 20.82999
v 167.9589 44.23095 20.33292
v 167.9604 44.22976 20.8371
v 167.7859 44.23095 20.36753
v 167.7865 44.23133 20.85147
v 167.6145 44.23095 20.41064
v 167.6134 44.23306 20.86989
v 167.4427 44.23095 20.4552
v 167.4402 44.23365 20.89394
v 167.273 44.23095 20.50877
v 167.2831 44.22449 20.91883
v 167.1054 44.23095 20.57011
v 167.1144 44.22624 20.95257
v 166.9409 44.23095 20.64026
v 166.9495 44.22729 20.99599
v 166.7758 44.23095 20.71159
v 166.784 44.22828 21.04066
v 166.6186 44.23095 20.79887
v 166.6338 44.22684 21.08978
v 166.4606 44.23095 20.88661
v 166.4762 44.22765 21.14955
v 166.3091 44.23095 20.98536
v 166.324 44.22857 21.21612
v 166.165 44.23095 21.09501
v 166.179 44.22922 21.29077
v 166.0202 44.23095 21.20496
v 166.0369 44.22931 21.37186
v 165.8737 44.23095 21.31525
v 165.8995 44.22904 21.46092
v 165.7365 44.23095 21.43705
v 165.7521 44.2301 21.56779
v 165.6096 44.23095 21.56975
v 165.6132 44.23082 21.68487
v 165.4947 44.23095 21.71288
v 165.4816 44.2312 21.80856
v 165.3837 44.23095 21.85922
v 165.3574 44.23109 21.94145
v 165.2762 44.23095 22.00849
v 165.2428 44.23056 22.085
v 165.1973 44.23095 22.13279
v 165.1561 44.23017 22.20283
v 165.1218 44.23095 22.25936
v 165.0758 44.22981 22.3264
v 165.0525 44.23095 22.38947
v 165.0031 44.22944 22.45524
v 164.983 44.23095 22.5198
v 164.9364 44.22907 22.59009
v 164.9251 44.23095 22.65561
v 164.8781 44.22868 22.72751
v 164.8717 44.23095 22.79322
v 164.8278 44.22843 22.86963
v 164.8231 44.23095 22.93259
v 164.7828 44.22855 23.01282
v 164.7896 44.23095 23.03807
v 164.7542 44.22865 23.12336
v 164.7605 44.23095 23.14486
v 164.7306 44.22875 23.2352
v 164.7347 44.23095 23.25244
v 164.7098 44.22902 23.34678
v 164.7091 44.23095 23.35999
v 164.6925 44.2296 23.46033
v 164.6876 44.23095 23.46845
v 164.6769 44.23 23.57298
v 164.6734 44.23095 23.54078
v 164.6683 44.23047 23.64871
v 164.6503 44.23095 23.61175
v 164.6599 44.23182 23.72822
v 172.8126 44.63095 23.6438
v 172.7861 44.6337 23.77271
v 172.7888 44.63095 23.57659
v 172.778 44.63203 23.69535
v 172.7688 44.63095 23.47334
v 172.7657 44.63127 23.58685
v 172.7473 44.63095 23.37039
v 172.7505 44.63066 23.47931
v 172.7258 44.63095 23.26734
v 172.7322 44.63041 23.37359
v 172.6957 44.63095 23.16646
v 172.7103 44.62978 23.26603
v 172.6515 44.63095 23.03335
v 172.6748 44.62919 23.12519
v 172.6073 44.63095 22.9003
v 172.6325 44.62928 22.98944
v 172.5539 44.63095 22.77068
v 172.5812 44.62931 22.85683
v 172.4971 44.63095 22.64265
v 172.5237 44.62948 22.7288
v 172.4403 44.63095 22.5146
v 172.4615 44.62995 22.605
v 172.3753 44.63095 22.39048
v 172.3892 44.63043 22.48754
v 172.2887 44.63095 22.23836
v 172.2914 44.63087 22.34686
v 172.1957 44.63095 22.09015
v 172.1857 44.63114 22.21271
v 172.0905 44.63095 21.95039
v 172.0701 44.63105 22.08531
v 171.9854 44.63095 21.81095
v 171.9481 44.63048 21.96803
v 171.8752 44.63095 21.67557
v 171.8191 44.62931 21.85892
v 171.7581 44.63095 21.54611
v 171.6939 44.6283 21.76424
v 171.6364 44.63095 21.42107
v 171.585 44.62775 21.69047
v 171.5055 44.63095 21.30561
v 171.4679 44.62765 21.61912
v 171.3752 44.63095 21.18986
v 171.3468 44.62796 21.55205
v 171.2378 44.63095 21.08235
v 171.2182 44.62846 21.4849
v 171.0934 44.63095 20.98476
v 171.0856 44.62963 21.42376
v 170.949 44.63095 20.88725
v 170.9492 44.63078 21.36773
v 170.8023 44.63095 20.79276
v 170.8057 44.63157 21.31661
v 170.6486 44.63095 20.71018
v 170.6517 44.63164 21.26995
v 170.4906 44.63095 20.63619
v 170.497 44.63313 21.22858
v 170.3292 44.63095 20.56995
v 170.3384 44.63499 21.19118
v 170.1678 44.63095 20.50368
v 170.1769 44.63585 21.16072
v 170.0021 44.63095 20.44893
v 170.0085 44.63493 21.13373
v 169.834 44.63095 20.40236
v 169.8402 44.63564 21.11161
v 169.6646 44.63095 20.36032
v 169.669 44.63454 21.08825
v 169.4942 44.63095 20.32069
v 169.4985 44.63496 21.07067
v 169.321 44.63095 20.29714
v 169.3252 44.6361 21.05703
v 169.1473 44.63095 20.27557
v 169.1513 44.63722 21.04423
v 168.9727 44.63095 20.26343
v 168.9764 44.63878 21.03339
v 168.7976 44.63095 20.25882
v 168.7995 44.63377 21.02198
v 168.6219 44.63095 20.254
v 168.6237 44.63824 21.01738
v 168.446 44.63095 20.25867
v 168.4467 44.63959 21.01403
v 168.2707 44.63095 20.27537
v 168.27 44.6412 21.01448
v 168.0945 44.63096 20.29132
v 168.0922 44.64194 21.0178
v 167.9185 44.63095 20.3146
v 167.9186 44.6337 21.02096
v 167.7454 44.63096 20.35377
v 167.7429 44.63658 21.02614
v 167.5723 44.63095 20.39517
v 167.5744 44.62991 21.03666
v 167.3989 44.63096 20.43952
v 167.404 44.62717 21.05319
v 167.2275 44.63095 20.49279
v 167.2319 44.62842 21.07573
v 167.0575 44.63095 20.55259
v 167.061 44.62946 21.10222
v 166.8923 44.63095 20.62486
v 166.8936 44.63075 21.13307
v 166.7274 44.63095 20.70013
v 166.7366 44.62757 21.16891
v 166.5613 44.63095 20.7766
v 166.573 44.62745 21.21433
v 166.4082 44.63096 20.87521
v 166.4204 44.6281 21.26757
v 166.2565 44.63095 20.97684
v 166.272 44.62811 21.32722
v 166.1062 44.63095 21.08187
v 166.1424 44.62503 21.38295
v 165.9626 44.63095 21.19645
v 165.9987 44.62632 21.45676
v 165.8201 44.63096 21.31374
v 165.8588 44.62708 21.53735
v 165.6847 44.63096 21.43971
v 165.7268 44.6273 21.62545
v 165.5512 44.63095 21.56916
v 165.589 44.6284 21.72723
v 165.4235 44.63095 21.70522
v 165.4495 44.62974 21.8469
v 165.313 44.63095 21.85516
v 165.3196 44.63074 21.97359
v 165.2128 44.63096 22.01227
v 165.1995 44.63119 22.1089
v 165.1339 44.63095 22.13871
v 165.1098 44.63112 22.22496
v 165.0557 44.63095 22.26594
v 165.0274 44.63084 22.3488
v 164.9839 44.63095 22.39703
v 164.9507 44.63047 22.47663
v 164.9142 44.63095 22.52959
v 164.8806 44.63028 22.60994
v 164.858 44.63095 22.6683
v 164.8192 44.62975 22.74594
v 164.7992 44.63095 22.8061
v 164.7646 44.62976 22.88817
v 164.7571 44.63095 22.94996
v 164.7191 44.62946 23.03072
v 164.7263 44.63095 23.05781
v 164.6914 44.62924 23.14249
v 164.6954 44.63095 23.16561
v 164.6662 44.6294 23.25527
v 164.6704 44.63096 23.2749
v 164.6458 44.62952 23.36868
v 164.6481 44.63095 23.38472
v 164.6294 44.62972 23.48325
v 164.6259 44.63095 23.49449
v 164.6159 44.63022 23.59913
v 164.6111 44.63096 23.56772
v 164.6095 44.63083 23.67776
v 164.5928 44.63095 23.64052
v 164.6019 44.63161 23.75688
v 172.8708 45.03094 23.63458
v 172.8481 45.03308 23.76177
v 172.8476 45.03094 23.56622
v 172.8411 45.03154 23.6822
v 172.8271 45.03094 23.46148
v 172.8283 45.03086 23.57188
v 172.8066 45.03094 23.3567
v 172.8122 45.03051 23.4635
v 172.7805 45.03096 23.25318
v 172.7932 45.02999 23.3542
v 172.7504 45.03094 23.15078
v 172.7688 45.02965 23.24657
v 172.7059 45.03094 23.01568
v 172.7292 45.02949 23.10624
v 172.6537 45.03094 22.88341
v 172.681 45.02927 22.96966
v 172.6017 45.03094 22.75138
v 172.6255 45.02967 22.83948
v 172.5496 45.03096 22.61929
v 172.5654 45.03025 22.71467
v 172.4881 45.03094 22.49128
v 172.4964 45.03064 22.59408
v 172.4236 45.03094 22.36479
v 172.4208 45.03104 22.4792
v 172.3532 45.03094 22.24157
v 172.3374 45.03132 22.37032
v 172.2552 45.03094 22.09375
v 172.2247 45.03125 22.24034
v 172.1534 45.03094 21.94897
v 172.1052 45.03062 22.11889
v 172.0482 45.03094 21.80681
v 171.9785 45.02962 22.00709
v 171.9385 45.03094 21.66803
v 171.8671 45.02877 21.92042
v 171.8145 45.03094 21.54182
v 171.7437 45.02752 21.83528
v 171.6898 45.03096 21.41702
v 171.6297 45.02721 21.76557
v 171.5625 45.03094 21.29509
v 171.5204 45.02758 21.70264
v 171.4291 45.03094 21.17987
v 171.4027 45.02818 21.64518
v 171.2887 45.03096 21.07337
v 171.2783 45.02951 21.58706
v 171.1459 45.03096 20.97053
v 171.1445 45.03058 21.53144
v 171 45.03094 20.87204
v 171.0099 45.03265 21.48318
v 170.848 45.03094 20.78346
v 170.8642 45.03454 21.43827
v 170.6933 45.03094 20.69987
v 170.7139 45.03709 21.40064
v 170.5372 45.03094 20.61879
v 170.5532 45.03689 21.36704
v 170.3737 45.03096 20.55358
v 170.3914 45.03918 21.33929
v 170.2103 45.03094 20.4892
v 170.2281 45.04109 21.31539
v 170.0433 45.03094 20.43443
v 170.0575 45.04073 21.29535
v 169.8737 45.03096 20.38869
v 169.8873 45.04237 21.27846
v 169.7032 45.03094 20.34711
v 169.7028 45.0283 21.25943
v 169.5323 45.03094 20.30632
v 169.5403 45.04015 21.25231
v 169.3589 45.03094 20.27647
v 169.3661 45.04097 21.24263
v 169.1843 45.03094 20.2541
v 169.1906 45.04198 21.2341
v 169.0086 45.03094 20.24315
v 169.014 45.04362 21.22562
v 168.8326 45.03094 20.24022
v 168.8359 45.03876 21.21519
v 168.6561 45.03094 20.23163
v 168.6589 45.04258 21.21368
v 168.4793 45.03094 20.23492
v 168.4804 45.04457 21.20604
v 168.3026 45.03096 20.24812
v 168.3018 45.04628 21.20227
v 168.1259 45.03094 20.26575
v 168.1257 45.0379 21.20067
v 167.9491 45.03094 20.28887
v 167.9473 45.03955 21.20042
v 167.7739 45.03094 20.32283
v 167.7691 45.0417 21.1997
v 167.5994 45.03094 20.3627
v 167.5981 45.03465 21.20496
v 167.4247 45.03094 20.40584
v 167.4246 45.03265 21.21332
v 167.252 45.03094 20.45828
v 167.2498 45.03402 21.22523
v 167.0819 45.03096 20.51965
v 167.0777 45.03456 21.24362
v 166.914 45.03094 20.58858
v 166.9153 45.03093 21.26484
v 166.7468 45.03094 20.66143
v 166.7481 45.03089 21.2939
v 166.5842 45.03094 20.7449
v 166.5862 45.03065 21.32849
v 166.4274 45.03094 20.8391
v 166.4312 45.03016 21.36948
v 166.2705 45.03094 20.93508
v 166.2953 45.02542 21.41097
v 166.1205 45.03094 21.04193
v 166.1455 45.02649 21.46771
v 165.9721 45.03096 21.15243
v 166.0033 45.02622 21.53296
v 165.8226 45.03094 21.26409
v 165.8638 45.02584 21.60288
v 165.6864 45.03094 21.39112
v 165.7352 45.02587 21.67737
v 165.5509 45.03094 21.52049
v 165.6115 45.02551 21.7594
v 165.4236 45.03094 21.6583
v 165.4872 45.02645 21.84907
v 165.3055 45.03096 21.80442
v 165.3495 45.02845 21.96761
v 165.2106 45.03094 21.92195
v 165.243 45.02947 22.06973
v 165.1321 45.03094 22.05064
v 165.1441 45.03053 22.17469
v 165.0548 45.03094 22.18008
v 165.0524 45.03099 22.28848
v 164.9794 45.03094 22.31086
v 164.9673 45.0311 22.40952
v 164.9076 45.03094 22.4439
v 164.8868 45.03098 22.53477
v 164.8357 45.03096 22.57755
v 164.8157 45.03083 22.66982
v 164.7794 45.03094 22.71828
v 164.7524 45.03058 22.80531
v 164.726 45.03094 22.86012
v 164.6981 45.03037 22.94732
v 164.6815 45.03096 23.00504
v 164.6521 45.03023 23.09197
v 164.6519 45.03094 23.11475
v 164.6228 45.03 23.20305
v 164.6237 45.03094 23.22475
v 164.5987 45.03006 23.31666
v 164.6049 45.03096 23.3369
v 164.5793 45.02987 23.42939
v 164.5848 45.03094 23.44848
v 164.5641 45.0299 23.54517
v 164.5618 45.03094 23.55947
v 164.5527 45.03045 23.66443
v 164.5434 45.03094 23.63313
v 164.5468 45.03113 23.74626
v 164.519 45.03094 23.70626
v 164.5428 45.03236 23.83189
v 172.9521 45.43095 23.69522
v 172.9146 45.43423 23.8329
v 172.9265 45.43095 23.62576
v 172.9086 45.43246 23.75026
v 172.9075 45.43095 23.55565
v 172.9013 45.43148 23.67159
v 172.8858 45.43095 23.44954
v 172.8876 45.43083 23.55938
v 172.8626 45.43095 23.34378
v 172.8706 45.43034 23.44852
v 172.8361 45.43095 23.23881
v 172.8484 45.43008 23.33962
v 172.8041 45.43095 23.13536
v 172.8211 45.42988 23.23164
v 172.7574 45.43096 22.99895
v 172.7782 45.4297 23.09118
v 172.7069 45.43096 22.86404
v 172.7259 45.42996 22.95713
v 172.6541 45.43096 22.73022
v 172.667 45.43034 22.82851
v 172.5974 45.43095 22.59801
v 172.6001 45.43083 22.70648
v 172.5318 45.43095 22.46996
v 172.5259 45.43117 22.58769
v 172.4622 45.43095 22.34431
v 172.4433 45.43147 22.47653
v 172.3918 45.43096 22.21927
v 172.3567 45.43178 22.37124
v 172.2931 45.43095 22.06961
v 172.2378 45.43162 22.24746
v 172.1905 45.43095 21.92294
v 172.1122 45.43059 22.13372
v 172.0812 45.43096 21.78149
v 171.9806 45.42947 22.03009
v 171.9713 45.43095 21.6405
v 171.8961 45.4291 21.96489
v 171.847 45.43095 21.51201
v 171.7953 45.42896 21.90316
v 171.7208 45.43095 21.38603
v 171.6898 45.42925 21.84485
v 171.5916 45.43095 21.26326
v 171.5613 45.42863 21.77837
v 171.4514 45.43095 21.1533
v 171.4391 45.42974 21.71938
v 171.3094 45.43095 21.04644
v 171.3181 45.43177 21.6679
v 171.1675 45.43095 20.93966
v 171.191 45.43393 21.62347
v 171.0178 45.43095 20.84413
v 171.0492 45.43613 21.57816
v 170.8634 45.43095 20.75685
v 170.9046 45.43969 21.54076
v 170.7071 45.43095 20.67344
v 170.7489 45.44271 21.50916
v 170.549 45.43095 20.59345
v 170.5855 45.44397 21.48256
v 170.3854 45.43095 20.5254
v 170.4205 45.44677 21.4598
v 170.2182 45.43095 20.46744
v 170.2491 45.44785 21.44177
v 170.05 45.43095 20.41328
v 170.0785 45.45021 21.42967
v 169.8787 45.43096 20.37035
v 169.89 45.43965 21.41642
v 169.7072 45.43095 20.32951
v 169.7164 45.43925 21.40877
v 169.5353 45.43095 20.28893
v 169.5432 45.43964 21.40248
v 169.3608 45.43095 20.26217
v 169.3735 45.45121 21.40222
v 169.1851 45.43096 20.24537
v 169.1958 45.45209 21.39869
v 169.0092 45.43096 20.22911
v 169.018 45.45325 21.39388
v 168.8326 45.43095 20.21771
v 168.838 45.44849 21.38565
v 168.6553 45.43096 20.21241
v 168.659 45.44973 21.3805
v 168.4781 45.43095 20.22214
v 168.4795 45.4537 21.37807
v 168.3009 45.43095 20.23521
v 168.2994 45.45494 21.37385
v 168.123 45.43095 20.2498
v 168.1199 45.44872 21.36392
v 167.9461 45.43095 20.27502
v 167.9404 45.44944 21.36292
v 167.7699 45.43095 20.30811
v 167.7641 45.44375 21.35491
v 167.5915 45.43095 20.33776
v 167.5857 45.44042 21.35595
v 167.4174 45.43095 20.38577
v 167.4077 45.44232 21.36146
v 167.2461 45.43095 20.44392
v 167.2322 45.44292 21.36674
v 167.0744 45.43095 20.50362
v 167.0636 45.43889 21.37752
v 166.9049 45.43095 20.57108
v 166.8926 45.43806 21.39578
v 166.738 45.43096 20.64615
v 166.7254 45.43676 21.41868
v 166.5706 45.43095 20.72345
v 166.5697 45.43171 21.44502
v 166.4116 45.43095 20.81659
v 166.4187 45.4293 21.47793
v 166.2548 45.43095 20.91464
v 166.2614 45.42977 21.52097
v 166.0966 45.43095 21.01352
v 166.1125 45.42823 21.57219
v 165.9498 45.43095 21.12807
v 165.9764 45.42696 21.6298
v 165.8064 45.43095 21.24789
v 165.846 45.42609 21.69068
v 165.6696 45.43095 21.37574
v 165.7231 45.42499 21.75443
v 165.5353 45.43095 21.50734
v 165.586 45.42607 21.8368
v 165.4032 45.43096 21.64266
v 165.4686 45.42575 21.91579
v 165.2769 45.43095 21.78438
v 165.36 45.4254 21.99936
v 165.186 45.43095 21.90603
v 165.2515 45.42722 22.09425
v 165.0977 45.43095 22.02996
v 165.1463 45.42882 22.19617
v 165.0136 45.43095 22.15722
v 165.0476 45.42986 22.30503
v 164.9434 45.43095 22.2925
v 164.9584 45.43056 22.41931
v 164.8751 45.43095 22.42875
v 164.8738 45.43096 22.53837
v 164.8092 45.43096 22.56632
v 164.7973 45.43102 22.6659
v 164.7443 45.43095 22.7048
v 164.7294 45.43098 22.8016
v 164.6847 45.43095 22.84591
v 164.6666 45.43083 22.94066
v 164.6357 45.43095 22.99104
v 164.6143 45.43062 23.08399
v 164.6012 45.43095 23.10067
v 164.5812 45.43062 23.19521
v 164.5713 45.43095 23.21169
v 164.5526 45.43048 23.30822
v 164.5523 45.43095 23.32524
v 164.5318 45.43039 23.42047
v 164.5334 45.43095 23.43848
v 164.514 45.43029 23.53539
v 164.5145 45.43096 23.55156
v 164.5011 45.43045 23.65316
v 164.5011 45.43095 23.62681
v 164.4946 45.43066 23.73335
v 164.4839 45.43095 23.70165
v 164.4909 45.43124 23.81725
v 164.461 45.43095 23.77608
v 164.487 45.43225 23.90335
v 172.9942 45.83096 23.72629
v 172.9738 45.83265 23.85234
v 172.978 45.83096 23.65463
v 172.9694 45.83167 23.77232
v 172.9642 45.83095 23.58277
v 172.9619 45.83115 23.69583
v 172.9505 45.83096 23.51097
v 172.9537 45.83072 23.6197
v 172.9298 45.83096 23.40328
v 172.9368 45.83047 23.50887
v 172.9092 45.83096 23.29548
v 172.9163 45.83046 23.40073
v 172.8782 45.83096 23.19017
v 172.8892 45.83023 23.29184
v 172.8428 45.83096 23.08631
v 172.858 45.83003 23.1838
v 172.8074 45.83095 22.98267
v 172.8213 45.83016 23.08086
v 172.7576 45.83096 22.84558
v 172.7652 45.83055 22.94944
v 172.6997 45.83096 22.71176
v 172.7008 45.83091 22.82199
v 172.6395 45.83096 22.57924
v 172.6284 45.83144 22.70253
v 172.569 45.83096 22.45184
v 172.5494 45.83172 22.58496
v 172.4986 45.83096 22.32495
v 172.4648 45.83213 22.47494
v 172.4283 45.83096 22.19823
v 172.3729 45.83226 22.37555
v 172.3287 45.83095 22.04691
v 172.2493 45.83207 22.25709
v 172.2217 45.83096 21.90111
v 172.1506 45.8313 22.17178
v 172.1117 45.83095 21.75806
v 172.0697 45.83094 22.11011
v 171.9982 45.83096 21.61796
v 171.9447 45.83043 22.02436
v 171.8742 45.83096 21.48705
v 171.8337 45.83002 21.95496
v 171.7471 45.83096 21.35976
v 171.7359 45.83051 21.90189
v 171.6129 45.83096 21.24005
v 171.6291 45.8317 21.84863
v 171.4747 45.83096 21.1255
v 171.4931 45.83205 21.7886
v 171.328 45.83096 21.02219
v 171.369 45.83435 21.74228
v 171.1803 45.83096 20.92131
v 171.2378 45.83693 21.69755
v 171.0308 45.83096 20.82376
v 171.0974 45.83913 21.65478
v 170.8759 45.83096 20.73516
v 170.9406 45.84169 21.6171
v 170.7195 45.83096 20.64956
v 170.7814 45.84476 21.58938
v 170.5569 45.83096 20.57651
v 170.6111 45.84606 21.56526
v 170.3898 45.83095 20.51497
v 170.4365 45.84853 21.54991
v 170.2232 45.83096 20.45366
v 170.2631 45.84901 21.53548
v 170.0556 45.83096 20.39552
v 170.0898 45.8505 21.52773
v 169.8832 45.83096 20.35332
v 169.9107 45.84982 21.52175
v 169.711 45.83095 20.31232
v 169.7335 45.84913 21.51854
v 169.5374 45.83096 20.2774
v 169.5546 45.84896 21.51751
v 169.3624 45.83096 20.25
v 169.3765 45.84972 21.51221
v 169.1866 45.83095 20.22845
v 169.1984 45.85044 21.50842
v 169.0098 45.83095 20.21675
v 169.019 45.85112 21.50263
v 168.8327 45.83096 20.20878
v 168.8394 45.85212 21.49842
v 168.6551 45.83096 20.20821
v 168.6596 45.85307 21.49368
v 168.4774 45.83096 20.21432
v 168.4788 45.85407 21.48913
v 168.2994 45.83095 20.22377
v 168.2973 45.8552 21.48687
v 168.1219 45.83096 20.24317
v 168.1153 45.85607 21.48287
v 167.9442 45.83095 20.26657
v 167.9347 45.85341 21.48086
v 167.7655 45.83096 20.29176
v 167.7506 45.85463 21.48023
v 167.5901 45.83096 20.33334
v 167.5716 45.85307 21.47535
v 167.4136 45.83096 20.37532
v 167.3882 45.85389 21.47683
v 167.237 45.83096 20.42202
v 167.2102 45.85 21.47987
v 167.0678 45.83096 20.48944
v 167.0366 45.8487 21.48999
v 166.8968 45.83096 20.55544
v 166.8705 45.84303 21.50086
v 166.7279 45.83096 20.62866
v 166.7095 45.838 21.51789
v 166.5611 45.83096 20.70856
v 166.5381 45.83785 21.54481
v 166.3995 45.83095 20.79922
v 166.3813 45.83558 21.5783
v 166.2383 45.83096 20.89316
v 166.2199 45.83457 21.61987
v 166.0822 45.83096 20.9963
v 166.077 45.83194 21.66678
v 165.9318 45.83096 21.10845
v 165.9438 45.82948 21.71858
v 165.785 45.83096 21.22654
v 165.8001 45.82939 21.78221
v 165.6452 45.83096 21.35345
v 165.6796 45.82751 21.84836
v 165.5072 45.83096 21.48379
v 165.5614 45.82619 21.91393
v 165.377 45.83096 21.62252
v 165.455 45.82514 21.98456
v 165.2524 45.83096 21.76725
v 165.3215 45.82669 22.08274
v 165.1648 45.83096 21.89224
v 165.2463 45.82616 22.14286
v 165.0754 45.83096 22.0166
v 165.158 45.82706 22.22502
v 164.9944 45.83096 22.14661
v 165.0559 45.82872 22.32581
v 164.9164 45.83096 22.27872
v 164.9584 45.82969 22.43504
v 164.842 45.83095 22.41332
v 164.8691 45.83044 22.55223
v 164.7748 45.83096 22.55171
v 164.7883 45.83078 22.67617
v 164.71 45.83096 22.69164
v 164.7136 45.83094 22.80598
v 164.6537 45.83095 22.83525
v 164.6466 45.83094 22.93965
v 164.6006 45.83096 22.98029
v 164.5892 45.83089 23.08133
v 164.5606 45.83096 23.08942
v 164.551 45.83087 23.19227
v 164.5306 45.83095 23.20154
v 164.5195 45.83079 23.30338
v 164.505 45.83096 23.31475
v 164.4925 45.8307 23.41598
v 164.4867 45.83096 23.4294
v 164.4719 45.8306 23.52921
v 164.4692 45.83096 23.54398
v 164.4562 45.83059 23.64545
v 164.4572 45.83096 23.62026
v 164.4476 45.83066 23.72446
v 164.4435 45.83096 23.69633
v 164.4429 45.83092 23.80689
v 164.4189 45.83096 23.77128
v 164.4385 45.83169 23.89502
v 164.3909 45.83096 23.84648
v 164.4387 45.83281 23.98863
v 173.0695 46.23096 23.75394
v 173.0309 46.23404 23.89299
v 173.042 46.23096 23.68258
v 173.0264 46.23218 23.80556
v 173.0274 46.23096 23.60979
v 173.0195 46.23155 23.72716
v 173.0037 46.23096 23.50111
v 173.0054 46.23084 23.61101
v 172.98 46.23096 23.39261
v 172.9864 46.23053 23.49854
v 172.9564 46.23096 23.28415
v 172.9626 46.23054 23.38996
v 172.9327 46.23096 23.17556
v 172.934 46.23088 23.28572
v 172.8936 46.23096 23.07127
v 172.8994 46.23061 23.17717
v 172.8405 46.23096 22.93316
v 172.8452 46.23068 23.0399
v 172.7817 46.23095 22.79767
v 172.7814 46.23097 22.9093
v 172.72 46.23095 22.66399
v 172.71 46.23147 22.78594
v 172.6574 46.23096 22.53114
v 172.6339 46.2321 22.66822
v 172.5865 46.23096 22.40254
v 172.5497 46.23257 22.55523
v 172.5159 46.23096 22.27431
v 172.4587 46.23299 22.45399
v 172.4434 46.23096 22.1473
v 172.3634 46.23324 22.35731
v 172.3385 46.23096 21.99743
v 172.2757 46.23234 22.27698
v 172.2309 46.23096 21.85024
v 172.1706 46.23186 22.1938
v 172.1174 46.23096 21.70786
v 172.0961 46.23119 22.1397
v 171.9995 46.23096 21.56938
v 171.9988 46.23096 22.07268
v 171.875 46.23096 21.43711
v 171.8782 46.23096 22.00194
v 171.7423 46.23096 21.31327
v 171.7638 46.23136 21.94227
v 171.6009 46.23096 21.19974
v 171.6436 46.23192 21.88416
v 171.4592 46.23096 21.08791
v 171.5015 46.23243 21.8258
v 171.3125 46.23095 20.98325
v 171.3657 46.23347 21.77558
v 171.1595 46.23096 20.88853
v 171.2087 46.23453 21.72874
v 171.0083 46.23096 20.79234
v 171.0632 46.23621 21.68999
v 170.8523 46.23095 20.70443
v 170.8965 46.23701 21.6606
v 170.6952 46.23096 20.61874
v 170.7372 46.23847 21.6364
v 170.5291 46.23096 20.55159
v 170.5629 46.23884 21.61716
v 170.3636 46.23096 20.48487
v 170.3919 46.23926 21.60471
v 170.1944 46.23096 20.42868
v 170.216 46.23865 21.59269
v 170.0246 46.23095 20.37564
v 170.0433 46.23885 21.58339
v 169.8519 46.23096 20.33293
v 169.8658 46.23806 21.57863
v 169.678 46.23096 20.29719
v 169.6882 46.23703 21.57488
v 169.5037 46.23096 20.26386
v 169.5123 46.23691 21.57024
v 169.3282 46.23095 20.23784
v 169.3356 46.23648 21.56394
v 169.1519 46.23096 20.21802
v 169.1576 46.23592 21.55836
v 168.9746 46.23096 20.20801
v 168.9796 46.23647 21.55326
v 168.7971 46.23096 20.19798
v 168.8011 46.23692 21.54937
v 168.6191 46.23096 20.19907
v 168.622 46.2373 21.54727
v 168.4408 46.23096 20.2042
v 168.4425 46.23803 21.5459
v 168.2621 46.23096 20.21462
v 168.2622 46.23865 21.54437
v 168.084 46.23096 20.23459
v 168.0822 46.23885 21.5446
v 167.9055 46.23095 20.25827
v 167.9012 46.23945 21.54456
v 167.7274 46.23096 20.28881
v 167.7184 46.24203 21.54412
v 167.552 46.23095 20.33278
v 167.5383 46.24262 21.54552
v 167.3776 46.23096 20.3825
v 167.3574 46.24448 21.55005
v 167.202 46.23096 20.43256
v 167.1723 46.24624 21.55768
v 167.029 46.23096 20.49278
v 166.9901 46.2465 21.56604
v 166.8604 46.23096 20.5649
v 166.8085 46.24777 21.58124
v 166.6926 46.23096 20.64106
v 166.6389 46.24529 21.60303
v 166.5265 46.23096 20.72306
v 166.4625 46.24425 21.62974
v 166.3586 46.23096 20.80565
v 166.2907 46.24176 21.66835
v 166.1981 46.23096 20.90206
v 166.1474 46.23788 21.71
v 166.0445 46.23095 21.0097
v 166.013 46.23498 21.75649
v 165.8907 46.23095 21.11926
v 165.8598 46.23415 21.81666
v 165.7436 46.23096 21.23855
v 165.7374 46.23163 21.87468
v 165.6 46.23096 21.36351
v 165.6142 46.22997 21.93819
v 165.4587 46.23095 21.4929
v 165.4777 46.22984 22.02032
v 165.3274 46.23096 21.63277
v 165.3753 46.22839 22.08877
v 165.2293 46.23096 21.75109
v 165.301 46.22727 22.14213
v 165.136 46.23095 21.87355
v 165.2331 46.22658 22.19836
v 165.0433 46.23095 21.99731
v 165.1661 46.22576 22.25511
v 164.9622 46.23096 22.12877
v 165.0622 46.22793 22.3529
v 164.8855 46.23096 22.26298
v 164.9632 46.22895 22.45996
v 164.811 46.23096 22.39882
v 164.8685 46.22997 22.57067
v 164.74 46.23096 22.53695
v 164.7821 46.23057 22.69051
v 164.6747 46.23096 22.6781
v 164.7063 46.23071 22.82001
v 164.6153 46.23096 22.82201
v 164.6338 46.23095 22.95044
v 164.5621 46.23096 22.96852
v 164.5697 46.23098 23.08632
v 164.5305 46.23096 23.08109
v 164.5314 46.23096 23.1928
v 164.4979 46.23096 23.19339
v 164.4938 46.23091 23.30087
v 164.4651 46.23096 23.30592
v 164.4632 46.23093 23.41521
v 164.4405 46.23096 23.42041
v 164.4382 46.23091 23.5296
v 164.4245 46.23096 23.53649
v 164.4188 46.23081 23.64319
v 164.4176 46.23096 23.61434
v 164.4093 46.23074 23.71928
v 164.4108 46.23096 23.69202
v 164.4018 46.23071 23.79649
v 164.3994 46.23096 23.76907
v 164.3978 46.2309 23.87891
v 173.1106 46.63096 23.78676
v 173.0846 46.63285 23.91702
v 173.0951 46.63096 23.713
v 173.0794 46.6321 23.83592
v 173.0797 46.63096 23.63944
v 173.073 46.63144 23.75586
v 173.0643 46.63096 23.56602
v 173.0628 46.63107 23.67846
v 173.0404 46.63096 23.45626
v 173.0453 46.63064 23.56353
v 173.0164 46.63096 23.34664
v 173.0219 46.63062 23.45328
v 172.987 46.63096 23.23836
v 172.9928 46.63061 23.34453
v 172.9573 46.63095 23.1303
v 172.9587 46.63087 23.24031
v 172.9199 46.63096 23.02456
v 172.921 46.63091 23.13486
v 172.867 46.63096 22.88503
v 172.8606 46.63133 23.00273
v 172.8055 46.63096 22.74913
v 172.7921 46.63172 22.87432
v 172.7416 46.63096 22.61493
v 172.7159 46.63231 22.75411
v 172.6749 46.63095 22.48248
v 172.6347 46.63296 22.63862
v 172.6009 46.63096 22.35415
v 172.5448 46.63329 22.53089
v 172.5267 46.63096 22.22654
v 172.471 46.63298 22.45494
v 172.4483 46.63096 22.10164
v 172.3998 46.63274 22.38493
v 172.3634 46.63096 21.98129
v 172.3295 46.63205 22.32159
v 172.2589 46.63095 21.83026
v 172.2448 46.63134 22.25401
v 172.1416 46.63096 21.68893
v 172.1292 46.63126 22.16863
v 172.0232 46.63096 21.54915
v 172.0308 46.63079 22.10175
v 171.8956 46.63096 21.41794
v 171.9202 46.63055 22.03664
v 171.7577 46.63096 21.2976
v 171.782 46.63091 21.96589
v 171.6166 46.63096 21.18228
v 171.6534 46.63094 21.90545
v 171.4702 46.63096 21.07454
v 171.5172 46.63152 21.85152
v 171.3232 46.63096 20.96915
v 171.3644 46.63182 21.79838
v 171.1712 46.63096 20.87154
v 171.2074 46.63196 21.75034
v 171.0156 46.63096 20.7807
v 171.0546 46.63275 21.71438
v 170.8589 46.63096 20.69281
v 170.8873 46.63308 21.68544
v 170.699 46.63096 20.61121
v 170.7247 46.63371 21.66472
v 170.5325 46.63096 20.54421
v 170.551 46.6334 21.6445
v 170.3664 46.63096 20.47793
v 170.3816 46.63346 21.63221
v 170.1969 46.63096 20.42166
v 170.2057 46.63258 21.61931
v 170.0266 46.63096 20.36878
v 170.0332 46.63226 21.61047
v 169.8536 46.63096 20.32651
v 169.8578 46.63162 21.60017
v 169.6799 46.63096 20.28809
v 169.6835 46.63149 21.5924
v 169.5047 46.63096 20.25803
v 169.5079 46.63133 21.58425
v 169.3285 46.63096 20.23588
v 169.3316 46.63141 21.57606
v 169.1521 46.63096 20.21556
v 169.1547 46.63109 21.56913
v 168.9747 46.63096 20.20747
v 168.9773 46.63105 21.56394
v 168.7971 46.63096 20.20002
v 168.7998 46.63127 21.56018
v 168.6189 46.63096 20.19517
v 168.6215 46.63143 21.55803
v 168.4409 46.63096 20.20628
v 168.4433 46.63158 21.55755
v 168.2627 46.63096 20.2186
v 168.2644 46.63214 21.55763
v 168.084 46.63096 20.23508
v 168.0853 46.63229 21.56111
v 167.9055 46.63096 20.25844
v 167.9063 46.63225 21.56513
v 167.7283 46.63096 20.29203
v 167.727 46.63312 21.57144
v 167.5502 46.63096 20.32733
v 167.5473 46.63346 21.57863
v 167.3765 46.63096 20.37952
v 167.369 46.63472 21.5868
v 167.2023 46.63096 20.43326
v 167.1913 46.63525 21.59735
v 167.0299 46.63096 20.49473
v 167.0101 46.6369 21.6103
v 166.8565 46.63096 20.55752
v 166.8304 46.63726 21.62659
v 166.6887 46.63096 20.63452
v 166.6482 46.6384 21.64795
v 166.5216 46.63096 20.71545
v 166.463 46.63937 21.67684
v 166.3577 46.63096 20.80446
v 166.2941 46.6384 21.71594
v 166.195 46.63096 20.89809
v 166.1134 46.63829 21.76642
v 166.0412 46.63096 21.00576
v 165.9517 46.6382 21.82513
v 165.8892 46.63096 21.11772
v 165.8055 46.63643 21.88588
v 165.7328 46.63096 21.2279
v 165.6539 46.63551 21.96122
v 165.5839 46.63096 21.34898
v 165.5393 46.63324 22.02427
v 165.4494 46.63096 21.48527
v 165.4405 46.63136 22.08437
v 165.3155 46.63096 21.62379
v 165.3482 46.62983 22.14867
v 165.2126 46.63096 21.73936
v 165.2701 46.62908 22.20468
v 165.1108 46.63096 21.85717
v 165.1225 46.63069 22.32784
v 165.0205 46.63096 21.9836
v 165.0589 46.63022 22.38842
v 164.9361 46.63096 22.11428
v 165 46.62983 22.44606
v 164.8545 46.63096 22.2472
v 164.9447 46.62974 22.50474
v 164.7776 46.63096 22.38328
v 164.87 46.63002 22.59291
v 164.7023 46.63096 22.52091
v 164.7793 46.63076 22.70964
v 164.648 46.63096 22.66782
v 164.6996 46.63102 22.83009
v 164.5924 46.63096 22.81414
v 164.6278 46.63103 22.95867
v 164.5391 46.63096 22.96151
v 164.56 46.63107 23.09119
v 164.5047 46.63096 23.07392
v 164.5159 46.63105 23.19487
v 164.4702 46.63096 23.18649
v 164.4769 46.63102 23.30306
v 164.4398 46.63096 23.30031
v 164.442 46.63098 23.41302
v 164.414 46.63096 23.41527
v 164.4131 46.63093 23.52549
v 164.3951 46.63096 23.53159
v 164.3903 46.63085 23.63883
v 164.3831 46.63096 23.60918
v 164.3773 46.63082 23.71584
v 164.3706 46.63096 23.68673
v 164.3681 46.63089 23.79586
v 164.3557 46.63096 23.76408
v 164.3609 46.63108 23.87878
v 164.3326 46.63096 23.84086
v 164.3564 46.63162 23.96821
v 164.3044 46.63096 23.91779
v 164.3557 46.63248 24.06328
v 173.1747 47.03096 23.85608
v 173.136 47.03363 23.9948
v 173.1495 47.03096 23.78232
v 173.1321 47.03214 23.90622
v 173.1346 47.03096 23.70781
v 173.126 47.03153 23.8255
v 173.1198 47.03096 23.63344
v 173.1175 47.03113 23.74648
v 173.0984 47.03096 23.522
v 173.1007 47.03082 23.63143
v 173.0716 47.03096 23.41175
v 173.0772 47.03062 23.51831
v 173.0411 47.03096 23.30257
v 173.0495 47.03045 23.40664
v 173.0108 47.03096 23.19362
v 173.0154 47.0307 23.30082
v 172.9808 47.03096 23.08469
v 172.9784 47.0311 23.19828
v 172.9404 47.03096 22.97898
v 172.9353 47.03125 23.0952
v 172.879 47.03096 22.84126
v 172.8681 47.03156 22.96356
v 172.8186 47.03096 22.70404
v 172.7964 47.03219 22.83859
v 172.7584 47.03096 22.5672
v 172.7171 47.0331 22.72351
v 172.6859 47.03096 22.43626
v 172.6317 47.03367 22.61276
v 172.6109 47.03096 22.30734
v 172.5678 47.03291 22.54032
v 172.5361 47.03096 22.17883
v 172.5045 47.03235 22.47363
v 172.4528 47.03096 22.05573
v 172.4307 47.032 22.40185
v 172.3496 47.03096 21.90198
v 172.3441 47.03121 22.32872
v 172.2362 47.03096 21.75563
v 172.2242 47.03144 22.23532
v 172.1148 47.03096 21.61632
v 172.1203 47.0308 22.16126
v 171.9868 47.03096 21.48365
v 172.01 47.03021 22.0907
v 171.85 47.03096 21.36029
v 171.8695 47.03042 22.01232
v 171.7109 47.03096 21.24112
v 171.7415 47.03022 21.95061
v 171.5704 47.03096 21.12478
v 171.5932 47.03049 21.8864
v 171.421 47.03096 21.02022
v 171.4538 47.03039 21.83438
v 171.2709 47.03096 20.91814
v 171.2963 47.03066 21.7844
v 171.1157 47.03096 20.82479
v 171.1455 47.03079 21.74214
v 170.9583 47.03096 20.73642
v 170.9752 47.03105 21.71174
v 170.8002 47.03096 20.6503
v 170.8163 47.03131 21.68526
v 170.6352 47.03096 20.57843
v 170.6436 47.03117 21.66056
v 170.4687 47.03096 20.51148
v 170.4727 47.03104 21.64093
v 170.3024 47.03096 20.44544
v 170.306 47.03104 21.62573
v 170.1301 47.03096 20.39635
v 170.1308 47.03085 21.60878
v 169.9581 47.03096 20.34912
v 169.9593 47.03085 21.59666
v 169.7844 47.03096 20.31
v 169.7843 47.03077 21.58192
v 169.6107 47.03096 20.27149
v 169.611 47.03078 21.56995
v 169.4344 47.03096 20.24748
v 169.4355 47.03085 21.55932
v 169.2577 47.03096 20.22981
v 169.2591 47.03085 21.55061
v 169.0805 47.03096 20.22216
v 169.0816 47.03085 21.54371
v 168.9035 47.03096 20.21339
v 168.9052 47.03085 21.53828
v 168.7261 47.03096 20.20496
v 168.7283 47.03084 21.53496
v 168.548 47.03096 20.20411
v 168.5506 47.03085 21.53335
v 168.3707 47.03096 20.21989
v 168.3736 47.03082 21.53509
v 168.1929 47.03096 20.235
v 168.1959 47.03083 21.53844
v 168.0143 47.03096 20.25178
v 168.0176 47.03079 21.54465
v 167.8359 47.03096 20.27652
v 167.8389 47.03086 21.55359
v 167.6588 47.03096 20.31135
v 167.6636 47.03055 21.5645
v 167.4823 47.03096 20.3524
v 167.486 47.03072 21.57706
v 167.3053 47.03096 20.39665
v 167.3064 47.03111 21.59141
v 167.1331 47.03096 20.45684
v 167.1334 47.03121 21.60821
v 166.9615 47.03096 20.52133
v 166.9558 47.03195 21.62874
v 166.7898 47.03096 20.58879
v 166.7739 47.0329 21.65218
v 166.6216 47.03096 20.66603
v 166.6022 47.03301 21.67973
v 166.4529 47.03096 20.74609
v 166.4167 47.0336 21.71289
v 166.2906 47.03096 20.83879
v 166.2382 47.03388 21.75542
v 166.1257 47.03096 20.9314
v 166.075 47.03333 21.8077
v 165.9691 47.03096 21.03752
v 165.9024 47.03355 21.87353
v 165.8167 47.03096 21.15108
v 165.7325 47.03343 21.94996
v 165.6657 47.03096 21.26882
v 165.5932 47.03306 22.0243
v 165.5234 47.03096 21.39752
v 165.4328 47.03268 22.1182
v 165.3802 47.03096 21.528
v 165.3388 47.0317 22.18245
v 165.275 47.03096 21.64165
v 165.1968 47.03212 22.29353
v 165.1719 47.03096 21.75821
v 165.1289 47.0314 22.34824
v 165.0743 47.03096 21.87981
v 165.0686 47.03102 22.40368
v 164.9787 47.03096 22.00399
v 165.0116 47.03075 22.45786
v 164.8926 47.03096 22.13489
v 164.9628 47.03033 22.50819
v 164.8147 47.03096 22.27091
v 164.9187 47.03051 22.5542
v 164.7426 47.03096 22.41022
v 164.8496 47.03072 22.63564
v 164.6759 47.03096 22.55238
v 164.7607 47.03149 22.74985
v 164.613 47.03096 22.6965
v 164.6782 47.03153 22.8719
v 164.5499 47.03096 22.84119
v 164.6024 47.03143 23.00211
v 164.4978 47.03096 22.99014
v 164.5339 47.03135 23.13372
v 164.4623 47.03096 23.10313
v 164.4888 47.03124 23.23728
v 164.4327 47.03096 23.21784
v 164.4489 47.03118 23.34246
v 164.4076 47.03096 23.3336
v 164.4143 47.03106 23.45002
v 164.3794 47.03096 23.4488
v 164.384 47.03104 23.56337
v 164.3557 47.03096 23.56509
v 164.3588 47.03102 23.67836
v 164.3455 47.03096 23.64354
v 164.346 47.03096 23.75485
v 164.334 47.03096 23.7218
v 164.3355 47.03098 23.83392
v 164.32 47.03096 23.79987
v 164.3277 47.03114 23.91623
v 164.3019 47.03096 23.87778
v 164.323 47.03151 24.00334
v 173.1965 47.43095 23.81551
v 173.1794 47.43204 23.93914
v 173.1825 47.43096 23.74007
v 173.1731 47.43157 23.85827
v 173.1685 47.43096 23.6648
v 173.1643 47.43123 23.77926
v 173.1545 47.43096 23.58965
v 173.1523 47.43111 23.70268
v 173.1286 47.43096 23.47795
v 173.131 47.43082 23.58732
v 173.0974 47.43096 23.36766
v 173.1038 47.4306 23.47363
v 173.0663 47.43096 23.25775
v 173.071 47.4307 23.36495
v 173.0355 47.43096 23.14801
v 173.0339 47.43106 23.26073
v 172.9984 47.43096 23.04021
v 172.9921 47.43131 23.15749
v 172.9548 47.43096 22.93478
v 172.9446 47.43153 23.05589
v 172.8945 47.43095 22.79578
v 172.875 47.43207 22.92663
v 172.8343 47.43096 22.65738
v 172.7978 47.433 22.80761
v 172.7717 47.43096 22.52041
v 172.7216 47.43356 22.7
v 172.6949 47.43096 22.39041
v 172.6588 47.43282 22.62366
v 172.6186 47.43095 22.26113
v 172.5923 47.43224 22.54936
v 172.5387 47.43096 22.13446
v 172.5218 47.43182 22.47712
v 172.4512 47.43096 22.01306
v 172.443 47.43141 22.40244
v 172.3406 47.43095 21.8632
v 172.3489 47.43061 22.32084
v 172.2304 47.43096 21.71376
v 172.2529 47.42995 22.24662
v 172.1016 47.43096 21.57943
v 172.1199 47.43005 22.15314
v 171.9706 47.43096 21.44869
v 172.0036 47.4293 22.08025
v 171.8333 47.43096 21.32538
v 171.8556 47.42992 21.9973
v 171.6938 47.43096 21.20597
v 171.7283 47.4291 21.93587
v 171.5469 47.43096 21.0962
v 171.5691 47.42991 21.86928
v 171.3971 47.43096 20.99181
v 171.4287 47.42944 21.81513
v 171.2451 47.43096 20.89201
v 171.265 47.43003 21.76418
v 171.0882 47.43096 20.80095
v 171.1115 47.42979 21.72715
v 170.9272 47.43096 20.71839
v 170.9363 47.43054 21.69323
v 170.7643 47.43096 20.64128
v 170.7663 47.43095 21.66365
v 170.5986 47.43096 20.57175
v 170.6042 47.4307 21.63967
v 170.4333 47.43096 20.50313
v 170.4342 47.43105 21.61696
v 170.2668 47.43096 20.43835
v 170.2645 47.43144 21.59394
v 170.0955 47.43096 20.38755
v 170.0946 47.43135 21.57378
v 169.9215 47.43096 20.34778
v 169.9217 47.43131 21.55458
v 169.7477 47.43096 20.31065
v 169.7463 47.4318 21.53721
v 169.5736 47.43095 20.27634
v 169.5733 47.43177 21.52229
v 169.3978 47.43096 20.2528
v 169.3983 47.43168 21.50916
v 169.2221 47.43096 20.22984
v 169.2231 47.43175 21.49851
v 169.045 47.43096 20.22281
v 169.0466 47.43159 21.49049
v 168.8681 47.43096 20.2151
v 168.8696 47.4321 21.48565
v 168.6906 47.43096 20.20541
v 168.6927 47.4321 21.48266
v 168.5128 47.43095 20.20971
v 168.5154 47.432 21.4824
v 168.3352 47.43096 20.22302
v 168.3383 47.43183 21.48486
v 168.1573 47.43096 20.23863
v 168.1611 47.43182 21.49061
v 167.9792 47.43096 20.25884
v 167.9833 47.43166 21.49868
v 167.8028 47.43096 20.29216
v 167.8069 47.43143 21.5087
v 167.6251 47.43096 20.32448
v 167.6322 47.43181 21.52391
v 167.4465 47.43096 20.35977
v 167.4537 47.43143 21.54407
v 167.2711 47.43096 20.40934
v 167.277 47.43116 21.56488
v 167.0992 47.43096 20.47049
v 167.1064 47.43109 21.58784
v 166.9281 47.43096 20.53626
v 166.9307 47.43096 21.61388
v 166.7578 47.43095 20.60685
v 166.7616 47.43094 21.64331
v 166.5881 47.43095 20.68221
v 166.5838 47.43103 21.679
v 166.4203 47.43096 20.76412
v 166.4081 47.43121 21.72111
v 166.2575 47.43096 20.85685
v 166.2446 47.4311 21.76164
v 166.0973 47.43096 20.95594
v 166.0678 47.43122 21.81883
v 165.9404 47.43096 21.06199
v 165.8933 47.43112 21.88787
v 165.7802 47.43096 21.16802
v 165.7169 47.43135 21.97075
v 165.6302 47.43096 21.28786
v 165.577 47.43121 22.04626
v 165.4867 47.43096 21.41644
v 165.4168 47.43105 22.14499
v 165.3468 47.43096 21.55074
v 165.2603 47.43066 22.25764
v 165.2367 47.43096 21.66153
v 165.1569 47.43078 22.34196
v 165.1322 47.43096 21.77819
v 165.0571 47.43052 22.43131
v 165.0392 47.43095 21.90374
v 164.9736 47.43089 22.51576
v 164.9449 47.43096 22.0296
v 164.9214 47.43084 22.56892
v 164.8598 47.43096 22.16175
v 164.8777 47.43103 22.6189
v 164.7824 47.43096 22.29874
v 164.8116 47.43123 22.69342
v 164.7075 47.43096 22.43752
v 164.7438 47.43135 22.78439
v 164.631 47.43096 22.5766
v 164.7058 47.43181 22.83537
v 164.5672 47.43095 22.72169
v 164.6527 47.43198 22.9166
v 164.5032 47.43096 22.86744
v 164.5758 47.43188 23.04673
v 164.4544 47.43096 22.97728
v 164.5214 47.43178 23.14771
v 164.4204 47.43095 23.09191
v 164.4758 47.43167 23.25142
v 164.3933 47.43096 23.20838
v 164.4338 47.43158 23.3533
v 164.3712 47.43096 23.32586
v 164.3975 47.43137 23.45863
v 164.3495 47.43096 23.44327
v 164.3656 47.43123 23.56698
v 164.3304 47.43096 23.56107
v 164.338 47.43111 23.67787
v 164.3204 47.43096 23.64001
v 164.3244 47.43103 23.75392
v 164.3105 47.43096 23.71892
v 164.3106 47.43096 23.82997
v 164.3005 47.43095 23.79782
v 164.3019 47.43098 23.90972
v 164.2721 47.43096 23.87517
v 164.2922 47.43143 24.00019
v 173.2484 47.83096 23.88784
v 173.2245 47.83239 24.01566
v 173.2305 47.83096 23.81193
v 173.2192 47.83164 23.93128
v 173.2138 47.83096 23.73623
v 173.2114 47.83111 23.84923
v 173.1971 47.83096 23.66078
v 173.2007 47.83075 23.76932
v 173.1723 47.83096 23.54795
v 173.1802 47.83052 23.65305
v 173.1478 47.83096 23.43539
v 173.1543 47.83062 23.5413
v 173.1208 47.83096 23.3235
v 173.1248 47.83075 23.43139
v 173.0908 47.83096 23.2125
v 173.0884 47.83109 23.32585
v 173.0541 47.83096 23.10345
v 173.048 47.8313 23.22027
v 173.0101 47.83096 22.99698
v 173.0012 47.83142 23.11657
v 172.9518 47.83096 22.85583
v 172.9329 47.83201 22.9856
v 172.8926 47.83096 22.7157
v 172.8571 47.83288 22.86356
v 172.8243 47.83096 22.5798
v 172.7757 47.83372 22.74275
v 172.7511 47.83096 22.44696
v 172.7014 47.83356 22.65214
v 172.6782 47.83096 22.31475
v 172.6331 47.83328 22.5734
v 172.5993 47.83096 22.18627
v 172.5929 47.83132 22.52977
v 172.5144 47.83096 22.06194
v 172.5173 47.83085 22.45447
v 172.4282 47.83096 21.93919
v 172.4382 47.83047 22.38018
v 172.3084 47.83096 21.79496
v 172.3126 47.83077 22.27564
v 172.1893 47.83096 21.65164
v 172.2064 47.83002 22.19561
v 172.0628 47.83096 21.51534
v 172.0943 47.82915 22.12127
v 171.9252 47.83096 21.39033
v 171.9494 47.82956 22.03377
v 171.7854 47.83096 21.26944
v 171.8223 47.8284 21.96495
v 171.6385 47.83096 21.15796
v 171.6643 47.82924 21.89081
v 171.4862 47.83096 21.0551
v 171.5015 47.82988 21.82321
v 171.3347 47.83096 20.95381
v 171.3576 47.82915 21.77264
v 171.1802 47.83096 20.85842
v 171.1897 47.83022 21.7256
v 171.022 47.83096 20.77047
v 171.0326 47.83007 21.69037
v 170.8624 47.83096 20.68653
v 170.8653 47.83083 21.6546
v 170.6982 47.83096 20.61271
v 170.7028 47.83058 21.62319
v 170.532 47.83096 20.54538
v 170.5316 47.83136 21.59349
v 170.3654 47.83096 20.48036
v 170.3642 47.83161 21.5659
v 170.1955 47.83096 20.42559
v 170.1967 47.83119 21.53934
v 170.0221 47.83096 20.38366
v 170.0211 47.83193 21.51407
v 169.8496 47.83096 20.34193
v 169.8497 47.83176 21.49224
v 169.6769 47.83096 20.30215
v 169.6767 47.83217 21.4737
v 169.5016 47.83096 20.2768
v 169.5016 47.83231 21.45651
v 169.3263 47.83096 20.25339
v 169.3273 47.83195 21.44287
v 169.1504 47.83096 20.23738
v 169.1519 47.83173 21.43266
v 168.974 47.83096 20.22751
v 168.9759 47.83153 21.42424
v 168.7973 47.83096 20.22107
v 168.7994 47.83142 21.41821
v 168.6204 47.83096 20.2249
v 168.6226 47.83137 21.41595
v 168.4433 47.83096 20.23116
v 168.446 47.8323 21.41634
v 168.266 47.83096 20.24246
v 168.2689 47.83209 21.41969
v 168.0885 47.83096 20.25912
v 168.092 47.83223 21.42645
v 167.9111 47.83096 20.28246
v 167.915 47.83221 21.43794
v 167.7349 47.83096 20.3158
v 167.7389 47.83188 21.4506
v 167.5577 47.83096 20.35039
v 167.5635 47.83231 21.47033
v 167.3826 47.83096 20.39581
v 167.3908 47.83274 21.49417
v 167.2084 47.83096 20.44772
v 167.2201 47.83302 21.52091
v 167.0352 47.83096 20.5058
v 167.0466 47.83237 21.55134
v 166.8641 47.83096 20.57184
v 166.8731 47.83174 21.58671
v 166.6941 47.83096 20.64362
v 166.707 47.83184 21.62301
v 166.5267 47.83096 20.72328
v 166.5335 47.83126 21.66582
v 166.3598 47.83096 20.80742
v 166.3611 47.83094 21.71305
v 166.1954 47.83096 20.8986
v 166.2001 47.83105 21.7607
v 166.0342 47.83096 20.99761
v 166.0263 47.83073 21.82648
v 165.8784 47.83096 21.10615
v 165.8533 47.83046 21.90133
v 165.7238 47.83096 21.21914
v 165.6824 47.83044 21.98987
v 165.5785 47.83096 21.34412
v 165.5474 47.83049 22.06571
v 165.4353 47.83096 21.47362
v 165.3897 47.8304 22.16934
v 165.3209 47.83096 21.57953
v 165.2819 47.83038 22.24567
v 165.2088 47.83096 21.68929
v 165.1435 47.82994 22.3576
v 165.1066 47.83096 21.80798
v 165.0469 47.83014 22.44537
v 165.0082 47.83096 21.93052
v 164.9576 47.83043 22.53481
v 164.9206 47.83096 22.06084
v 164.8728 47.8304 22.62793
v 164.8289 47.83096 22.18993
v 164.7866 47.83035 22.72994
v 164.7474 47.83096 22.3256
v 164.6786 47.82988 22.87608
v 164.6696 47.83096 22.46402
v 164.6506 47.83065 22.91796
v 164.6032 47.83096 22.60814
v 164.5788 47.83059 23.03412
v 164.5344 47.83096 22.75208
v 164.5541 47.83127 23.07674
v 164.4708 47.83096 22.89888
v 164.5319 47.83194 23.11535
v 164.4332 47.83096 23.01266
v 164.4994 47.83186 23.18212
v 164.3902 47.83096 23.12527
v 164.4499 47.83192 23.28739
v 164.356 47.83096 23.24064
v 164.4069 47.83179 23.3942
v 164.3284 47.83096 23.35777
v 164.3688 47.83173 23.50132
v 164.3108 47.83096 23.47685
v 164.3375 47.83145 23.60856
v 164.2968 47.83096 23.59628
v 164.3103 47.83122 23.71742
v 164.2874 47.83096 23.67578
v 164.2949 47.83112 23.7922
v 164.2785 47.83096 23.75528
v 164.2819 47.83104 23.8687
v 164.2635 47.83096 23.83421
v 164.2708 47.83112 23.95032
v 164.2448 47.83096 23.91309
v 164.2636 47.8314 24.03689
v 173.2697 48.23096 23.84693
v 173.2587 48.23156 23.96582
v 173.2542 48.23096 23.77039
v 173.2503 48.23119 23.88447
v 173.2387 48.23096 23.6941
v 173.2401 48.23089 23.80428
v 173.2231 48.23096 23.61801
v 173.2273 48.23075 23.72614
v 173.2076 48.23096 23.54205
v 173.2117 48.23075 23.65015
v 173.181 48.23096 23.42893
v 173.1846 48.23079 23.53729
v 173.1522 48.23096 23.31654
v 173.152 48.23098 23.42799
v 173.1221 48.23096 23.20469
v 173.1149 48.23134 23.32224
v 173.0798 48.23096 23.09632
v 173.0716 48.23138 23.2149
v 173.0353 48.23096 22.9893
v 173.0229 48.23158 23.1121
v 172.9762 48.23096 22.84742
v 172.9533 48.23218 22.981
v 172.9157 48.23096 22.70683
v 172.8777 48.23304 22.85627
v 172.8426 48.23096 22.57206
v 172.7924 48.23376 22.73833
v 172.7653 48.23096 22.44033
v 172.7255 48.23315 22.65334
v 172.6885 48.23096 22.30953
v 172.657 48.23263 22.5738
v 172.6109 48.23096 22.17985
v 172.5836 48.23236 22.49924
v 172.5229 48.23096 22.0568
v 172.5378 48.23017 22.45026
v 172.4359 48.23096 21.93419
v 172.4537 48.23002 22.375
v 172.3168 48.23096 21.78896
v 172.3221 48.23071 22.26453
v 172.1942 48.23096 21.64785
v 172.2167 48.22963 22.18492
v 172.067 48.23096 21.51173
v 172.0729 48.23066 22.08721
v 171.9247 48.23096 21.39079
v 171.9478 48.22942 22.01099
v 171.7818 48.23096 21.27307
v 171.7961 48.22989 21.92928
v 171.6385 48.23096 21.15798
v 171.6639 48.22887 21.86606
v 171.4887 48.23096 21.05206
v 171.5018 48.22982 21.79815
v 171.3379 48.23096 20.94958
v 171.3567 48.22912 21.74682
v 171.1805 48.23096 20.85799
v 171.1899 48.23 21.6988
v 171.0238 48.23096 20.76759
v 171.0345 48.22965 21.66009
v 170.8626 48.23096 20.68624
v 170.8663 48.23062 21.62097
v 170.6977 48.23096 20.61377
v 170.6972 48.23141 21.58236
v 170.5278 48.23096 20.55452
v 170.5303 48.23079 21.54896
v 170.3575 48.23096 20.49993
v 170.3578 48.23143 21.51659
v 170.189 48.23096 20.44378
v 170.1887 48.23173 21.48571
v 170.0182 48.23096 20.39623
v 170.0206 48.23083 21.45857
v 169.8467 48.23096 20.35319
v 169.8472 48.23173 21.4341
v 169.6735 48.23096 20.31819
v 169.6757 48.2309 21.41425
v 169.4993 48.23096 20.29008
v 169.5008 48.23142 21.39647
v 169.324 48.23096 20.27271
v 169.3257 48.23132 21.38149
v 169.1486 48.23096 20.25928
v 169.1505 48.23122 21.36963
v 168.9734 48.23096 20.24364
v 168.9757 48.23057 21.36056
v 168.7974 48.23096 20.24038
v 168.7996 48.23059 21.35405
v 168.6213 48.23096 20.242
v 168.6234 48.23041 21.35007
v 168.4447 48.23096 20.24489
v 168.4465 48.23029 21.34863
v 168.268 48.23096 20.25642
v 168.2703 48.23142 21.35138
v 168.0913 48.23096 20.27421
v 168.0936 48.23137 21.35819
v 167.9158 48.23096 20.30272
v 167.9187 48.23178 21.36852
v 167.7398 48.23096 20.33337
v 167.743 48.2318 21.38294
v 167.563 48.23096 20.36674
v 167.5678 48.23244 21.40134
v 167.389 48.23096 20.41303
v 167.3946 48.23247 21.42738
v 167.2157 48.23096 20.46489
v 167.2239 48.23304 21.45671
v 167.0417 48.23096 20.51948
v 167.0549 48.23382 21.49111
v 166.8725 48.23096 20.5877
v 166.8859 48.23323 21.53077
v 166.7018 48.23096 20.65666
v 166.7127 48.23231 21.57475
v 166.5319 48.23096 20.73131
v 166.5494 48.23286 21.62155
v 166.3656 48.23096 20.81546
v 166.3781 48.23196 21.67511
v 166.202 48.23096 20.90712
v 166.2076 48.23123 21.73289
v 166.0427 48.23096 21.00759
v 166.0549 48.2316 21.78968
v 165.8875 48.23096 21.11592
v 165.8862 48.23083 21.86499
v 165.7314 48.23096 21.2266
v 165.7161 48.23033 21.95282
v 165.5795 48.23096 21.34503
v 165.549 48.22996 22.05177
v 165.4383 48.23096 21.47606
v 165.4228 48.2305 22.1363
v 165.3237 48.23096 21.58163
v 165.2832 48.23008 22.23892
v 165.2076 48.23096 21.68841
v 165.176 48.23027 22.32413
v 165.1057 48.23096 21.80737
v 165.0805 48.23042 22.40895
v 165.0042 48.23096 21.9281
v 164.9533 48.23013 22.53609
v 164.9109 48.23096 22.05538
v 164.8696 48.23019 22.62595
v 164.8186 48.23096 22.1846
v 164.79 48.23041 22.72062
v 164.7365 48.23096 22.32042
v 164.7141 48.2305 22.8179
v 164.6591 48.23096 22.45948
v 164.6437 48.23064 22.92039
v 164.5979 48.23096 22.60604
v 164.5842 48.23069 23.01318
v 164.5384 48.23096 22.75349
v 164.5276 48.23076 23.11159
v 164.4702 48.23096 22.89869
v 164.4677 48.23091 23.22934
v 164.4211 48.23096 23.00918
v 164.4528 48.23147 23.25904
v 164.3813 48.23096 23.12297
v 164.4412 48.23192 23.28457
v 164.3491 48.23096 23.23906
v 164.3971 48.23174 23.38973
v 164.3195 48.23096 23.35596
v 164.3566 48.23164 23.49663
v 164.2971 48.23096 23.47442
v 164.3222 48.23143 23.60473
v 164.2795 48.23096 23.59369
v 164.2925 48.2312 23.71439
v 164.273 48.23096 23.67388
v 164.2755 48.23101 23.78665
v 164.2655 48.23096 23.7538
v 164.2616 48.23087 23.86201
v 164.2563 48.23096 23.83352
v 164.2497 48.2308 23.93989
v 164.2328 48.23096 23.91215
v 164.2393 48.23109 24.02751
v 173.3206 48.63096 23.92096
v 173.2987 48.63204 24.04671
v 173.2964 48.63097 23.84435
v 173.2912 48.63123 23.95916
v 173.2739 48.63096 23.76815
v 173.2814 48.6306 23.87408
v 173.2584 48.63096 23.69151
v 173.269 48.63045 23.79504
v 173.243 48.63097 23.61504
v 173.2544 48.63043 23.71778
v 173.2276 48.63096 23.53871
v 173.2384 48.63044 23.64161
v 173.2037 48.63096 23.42452
v 173.2093 48.63071 23.53132
v 173.1708 48.63097 23.31242
v 173.1749 48.63079 23.42029
v 173.1326 48.63096 23.20207
v 173.1363 48.63079 23.31017
v 173.0945 48.63096 23.09223
v 173.0914 48.63111 23.2063
v 173.0566 48.63096 22.98276
v 173.0443 48.63155 23.10534
v 172.9988 48.63096 22.83965
v 172.9738 48.63223 22.9747
v 172.9347 48.63097 22.69953
v 172.8951 48.63298 22.85035
v 172.8659 48.63097 22.56217
v 172.8111 48.63371 22.73377
v 172.7901 48.63096 22.4288
v 172.7775 48.63162 22.69038
v 172.7145 48.63096 22.29625
v 172.7007 48.63168 22.59951
v 172.6261 48.63097 22.17141
v 172.6251 48.63105 22.51397
v 172.5338 48.63096 22.05026
v 172.546 48.63036 22.43543
v 172.4427 48.63096 21.92977
v 172.4599 48.63007 22.35697
v 172.3217 48.63096 21.78544
v 172.3261 48.63074 22.24282
v 172.1929 48.63096 21.64882
v 172.2137 48.62967 22.15977
v 172.0627 48.63096 21.51541
v 172.0999 48.62843 22.08025
v 171.9195 48.63096 21.39561
v 171.946 48.62902 21.98384
v 171.7789 48.63096 21.27599
v 171.7945 48.62979 21.90211
v 171.6365 48.63096 21.16014
v 171.6596 48.62893 21.8377
v 171.4849 48.63096 21.05668
v 171.501 48.62936 21.76951
v 171.3318 48.63096 20.9577
v 171.353 48.62856 21.71603
v 171.1759 48.63097 20.86464
v 171.1846 48.62994 21.66599
v 171.017 48.63096 20.77842
v 171.0285 48.62933 21.62245
v 170.8543 48.63096 20.70084
v 170.8611 48.62994 21.5814
v 170.6884 48.63096 20.63198
v 170.6906 48.63084 21.54195
v 170.521 48.63096 20.56944
v 170.5251 48.63032 21.50392
v 170.3542 48.63096 20.50805
v 170.3558 48.63105 21.46994
v 170.1846 48.63096 20.45627
v 170.1851 48.63146 21.43757
v 170.0148 48.63096 20.40748
v 170.0176 48.63052 21.40948
v 169.8425 48.63096 20.36915
v 169.8449 48.63071 21.38451
v 169.6691 48.63096 20.33885
v 169.6714 48.63075 21.36344
v 169.4958 48.63096 20.31143
v 169.4972 48.63139 21.34491
v 169.3215 48.63096 20.29255
v 169.3235 48.63094 21.32968
v 169.1474 48.63096 20.27478
v 169.1494 48.63085 21.31668
v 168.9727 48.63096 20.26422
v 168.9748 48.63058 21.30628
v 168.7976 48.63097 20.25719
v 168.7997 48.63013 21.29831
v 168.6223 48.63096 20.25958
v 168.6242 48.62977 21.29357
v 168.4464 48.63096 20.2629
v 168.448 48.62961 21.29218
v 168.2717 48.63096 20.28255
v 168.2728 48.62946 21.29384
v 168.097 48.63096 20.30485
v 168.0986 48.63069 21.2989
v 167.9216 48.63097 20.3278
v 167.9232 48.63075 21.30867
v 167.7459 48.63096 20.35542
v 167.7481 48.63128 21.3214
v 167.5698 48.63096 20.38763
v 167.5722 48.63128 21.33932
v 167.3953 48.63096 20.42974
v 167.3974 48.63117 21.36353
v 167.224 48.63096 20.48452
v 167.2286 48.63204 21.39231
v 167.0526 48.63096 20.54225
v 167.0594 48.63252 21.42699
v 166.8825 48.63096 20.60654
v 166.8951 48.6337 21.46849
v 166.7105 48.63096 20.67155
v 166.7231 48.63313 21.51737
v 166.5435 48.63096 20.74925
v 166.5642 48.634 21.56623
v 166.3787 48.63096 20.83392
v 166.3969 48.6331 21.62382
v 166.2162 48.63096 20.92531
v 166.2284 48.63207 21.68533
v 166.0518 48.63097 21.01826
v 166.0551 48.63111 21.7542
v 165.8906 48.63096 21.11927
v 165.9053 48.63185 21.82328
v 165.7385 48.63096 21.23355
v 165.7413 48.63104 21.90993
v 165.5917 48.63097 21.356
v 165.5806 48.63045 22.00738
v 165.4446 48.63096 21.48125
v 165.4203 48.63005 22.11619
v 165.3295 48.63096 21.58608
v 165.3145 48.63047 22.19538
v 165.2184 48.63096 21.69614
v 165.2134 48.63079 22.27595
v 165.1139 48.63096 21.81277
v 165.082 48.63011 22.39348
v 165.0171 48.63096 21.93597
v 164.9945 48.63051 22.48121
v 164.9217 48.63096 22.06146
v 164.9106 48.63074 22.57001
v 164.8313 48.63096 22.1912
v 164.826 48.63085 22.66656
v 164.7414 48.63096 22.32274
v 164.7099 48.63032 22.81347
v 164.6609 48.63096 22.46025
v 164.6424 48.63057 22.90879
v 164.5885 48.63096 22.60234
v 164.5776 48.63074 23.0096
v 164.5246 48.63097 22.74858
v 164.5211 48.63089 23.10385
v 164.4589 48.63096 22.89513
v 164.4646 48.63104 23.21232
v 164.41 48.63096 23.00599
v 164.4496 48.63161 23.24131
v 164.3799 48.63096 23.12262
v 164.4074 48.63139 23.33495
v 164.3502 48.63097 23.2393
v 164.3878 48.63156 23.38093
v 164.3203 48.63096 23.35612
v 164.3465 48.63139 23.48779
v 164.2907 48.63097 23.4733
v 164.3087 48.63126 23.59796
v 164.2672 48.63096 23.59186
v 164.2762 48.63111 23.70955
v 164.2565 48.63096 23.67171
v 164.2573 48.63097 23.78324
v 164.2452 48.63096 23.7515
v 164.2418 48.63089 23.85999
v 164.2309 48.63096 23.83107
v 164.2273 48.63088 23.93954
v 164.2128 48.63096 23.91058
v 164.2158 48.63101 24.02355
v 164.1857 48.63096 23.98995
v 164.2079 48.63139 24.11512
v 173.338 49.03096 23.91958
v 173.3284 49.03139 24.03724
v 173.315 49.03096 23.84257
v 173.3186 49.03082 23.95131
v 173.2968 49.03096 23.76554
v 173.3077 49.0305 23.86915
v 173.2811 49.03097 23.68852
v 173.2945 49.03041 23.79025
v 173.2654 49.03096 23.61169
v 173.2793 49.03038 23.71263
v 173.2392 49.03096 23.49717
v 173.2526 49.0304 23.59817
v 173.2117 49.03096 23.38323
v 173.2206 49.0306 23.4874
v 173.1776 49.03096 23.27107
v 173.1832 49.03074 23.3777
v 173.1389 49.03096 23.1605
v 173.1419 49.03084 23.26926
v 173.1004 49.03096 23.05041
v 173.0954 49.03119 23.16611
v 173.0614 49.03096 22.94085
v 173.0449 49.03165 23.06718
v 172.9965 49.03096 22.79968
v 172.9714 49.03209 22.93468
v 172.9323 49.03096 22.65926
v 172.8902 49.03287 22.81256
v 172.8616 49.03096 22.52231
v 172.8385 49.03201 22.74218
v 172.7751 49.03096 22.39371
v 172.7355 49.03276 22.61105
v 172.6895 49.03096 22.26642
v 172.6536 49.03263 22.51871
v 172.6038 49.03096 22.14053
v 172.609 49.03075 22.4735
v 172.5144 49.03096 22.01796
v 172.5293 49.03024 22.39354
v 172.4211 49.03096 21.89898
v 172.418 49.03118 22.29271
v 172.321 49.03096 21.78597
v 172.3259 49.03074 22.21752
v 172.1947 49.03096 21.64747
v 172.2165 49.02969 22.13446
v 172.0611 49.03096 21.51684
v 172.0708 49.03038 22.03465
v 171.9223 49.03096 21.39304
v 171.9449 49.02938 21.95911
v 171.7775 49.03096 21.27746
v 171.796 49.02951 21.87588
v 171.6287 49.03096 21.16879
v 171.6579 49.02826 21.80827
v 171.4765 49.03096 21.0669
v 171.494 49.02918 21.7384
v 171.3241 49.03097 20.96793
v 171.3477 49.02818 21.68558
v 171.1674 49.03096 20.87707
v 171.179 49.02948 21.63439
v 171.0079 49.03096 20.79302
v 171.0111 49.03064 21.58758
v 170.8459 49.03096 20.7157
v 170.8534 49.02979 21.54549
v 170.6806 49.03096 20.64729
v 170.6824 49.03091 21.50461
v 170.5134 49.03096 20.58604
v 170.5128 49.0316 21.46753
v 170.3473 49.03097 20.5252
v 170.3496 49.03077 21.43347
v 170.18 49.03096 20.46923
v 170.1808 49.03131 21.40098
v 170.0088 49.03096 20.42701
v 170.0119 49.0304 21.37294
v 169.8368 49.03096 20.39136
v 169.837 49.03176 21.34817
v 169.6639 49.03097 20.36327
v 169.665 49.03144 21.32766
v 169.4914 49.03096 20.33776
v 169.4926 49.03142 21.30918
v 169.3184 49.03096 20.31772
v 169.3203 49.03088 21.29383
v 169.1453 49.03096 20.3016
v 169.1464 49.03191 21.28096
v 168.9716 49.03096 20.29315
v 168.9733 49.03138 21.27022
v 168.7978 49.03096 20.28464
v 168.7996 49.03107 21.2624
v 168.6236 49.03097 20.28461
v 168.6254 49.03074 21.25706
v 168.449 49.03097 20.28977
v 168.4507 49.03053 21.25462
v 168.2746 49.03097 20.30345
v 168.276 49.03033 21.25483
v 168.1006 49.03096 20.32424
v 168.1026 49.03137 21.25896
v 167.9269 49.03096 20.35086
v 167.9289 49.03126 21.26666
v 167.7531 49.03096 20.38131
v 167.7548 49.03101 21.2781
v 167.5797 49.03096 20.41808
v 167.5823 49.0315 21.29342
v 167.4067 49.03096 20.4604
v 167.409 49.03128 21.31485
v 167.2352 49.03096 20.51083
v 167.2399 49.03216 21.33978
v 167.0615 49.03096 20.56082
v 167.0657 49.03185 21.37535
v 166.8934 49.03096 20.627
v 166.9047 49.0337 21.41276
v 166.7255 49.03096 20.69692
v 166.736 49.03308 21.45956
v 166.5555 49.03097 20.7677
v 166.5651 49.03248 21.51551
v 166.3879 49.03097 20.84675
v 166.3941 49.03169 21.57666
v 166.2299 49.03096 20.94284
v 166.2449 49.03268 21.63372
v 166.0706 49.03096 21.0402
v 166.0781 49.03154 21.70346
v 165.9082 49.03096 21.13805
v 165.9062 49.03072 21.78359
v 165.7574 49.03096 21.25216
v 165.7689 49.03159 21.85862
v 165.607 49.03096 21.36979
v 165.608 49.03096 21.9572
v 165.4543 49.03097 21.48925
v 165.4474 49.03065 22.06664
v 165.3385 49.03096 21.59299
v 165.3426 49.03107 22.14673
v 165.2254 49.03096 21.70112
v 165.2048 49.03038 22.26093
v 165.1189 49.03096 21.81607
v 165.1056 49.03059 22.34874
v 165.0197 49.03096 21.93761
v 165.0183 49.03091 22.43576
v 164.9222 49.03096 22.06176
v 164.8997 49.03057 22.56253
v 164.833 49.03096 22.1921
v 164.8212 49.03075 22.65404
v 164.7442 49.03096 22.32407
v 164.7406 49.0309 22.75529
v 164.6602 49.03097 22.45993
v 164.6624 49.03099 22.86321
v 164.587 49.03096 22.60175
v 164.5947 49.03107 22.96436
v 164.5185 49.03096 22.74646
v 164.5334 49.03117 23.06345
v 164.4584 49.03096 22.89498
v 164.4807 49.03125 23.15825
v 164.4209 49.03097 23.00912
v 164.4694 49.03152 23.18039
v 164.3847 49.03096 23.12385
v 164.4256 49.03152 23.26919
v 164.3523 49.03096 23.23979
v 164.3787 49.0313 23.37188
v 164.3239 49.03096 23.35685
v 164.3367 49.03112 23.47778
v 164.2931 49.03097 23.47373
v 164.2979 49.03102 23.58832
v 164.2635 49.03097 23.5913
v 164.2628 49.03096 23.70179
v 164.2473 49.03097 23.6705
v 164.2427 49.0309 23.77817
v 164.2346 49.03096 23.75029
v 164.2263 49.03085 23.8555
v 164.2234 49.03096 23.83035
v 164.2108 49.03079 23.93266
v 164.2119 49.03096 23.9105
v 164.1987 49.03077 24.01267
v 164.1892 49.03096 23.99016
v 164.1869 49.03092 24.09966
v 173.3904 49.43097 23.9954
v 173.3609 49.43207 24.12541
v 173.3565 49.43097 23.91813
v 173.3526 49.43111 24.03196
v 173.3363 49.43097 23.84052
v 173.3428 49.43073 23.94736
v 173.3179 49.43097 23.76313
v 173.3308 49.4305 23.8655
v 173.2993 49.43097 23.68612
v 173.3165 49.43034 23.78512
v 173.2808 49.43097 23.60938
v 173.3004 49.43024 23.70628
v 173.2531 49.43097 23.49471
v 173.2719 49.43027 23.59173
v 173.2256 49.43097 23.38041
v 173.2389 49.43048 23.48105
v 173.198 49.43097 23.26633
v 173.2024 49.43081 23.37403
v 173.1647 49.43097 23.15383
v 173.1602 49.43114 23.26887
v 173.1173 49.43097 23.04557
v 173.1122 49.43115 23.16126
v 173.0687 49.43097 22.93854
v 173.0598 49.4313 23.05791
v 173.0045 49.43097 22.79684
v 172.9849 49.43172 22.92662
v 172.9388 49.43096 22.6567
v 172.9033 49.43233 22.80347
v 172.8644 49.43097 22.52111
v 172.8157 49.43287 22.68244
v 172.7876 49.43097 22.38777
v 172.7745 49.43151 22.63224
v 172.6985 49.43097 22.26174
v 172.6976 49.43102 22.54317
v 172.6088 49.43097 22.13773
v 172.5851 49.43194 22.42266
v 172.5196 49.43097 22.01481
v 172.5023 49.43181 22.34249
v 172.4194 49.43097 21.90012
v 172.4133 49.4313 22.26496
v 172.2913 49.43097 21.76132
v 172.3046 49.43034 22.17736
v 172.1618 49.43097 21.62603
v 172.1681 49.43066 22.07526
v 172.0239 49.43097 21.50004
v 172.0483 49.42947 21.99394
v 171.8857 49.43096 21.37691
v 171.8959 49.43029 21.90319
v 171.7381 49.43097 21.26548
v 171.7618 49.42915 21.83242
v 171.5878 49.43097 21.16
v 171.6078 49.42915 21.75751
v 171.4391 49.43096 21.05543
v 171.4653 49.42815 21.69981
v 171.2815 49.43097 20.9647
v 171.2928 49.42966 21.64217
v 171.125 49.43097 20.87556
v 171.1387 49.42908 21.59411
v 170.9634 49.43097 20.79711
v 170.9686 49.43028 21.54459
v 170.8026 49.43097 20.72034
v 170.8033 49.43111 21.50223
v 170.6388 49.43097 20.65154
v 170.6351 49.43223 21.46371
v 170.4705 49.43097 20.59549
v 170.4713 49.43118 21.42693
v 170.3036 49.43097 20.53991
v 170.3019 49.43202 21.39282
v 170.1351 49.43097 20.49143
v 170.1359 49.43129 21.36369
v 169.9663 49.43097 20.44703
v 169.9663 49.43167 21.33592
v 169.7957 49.43096 20.41147
v 169.7945 49.43248 21.31277
v 169.6244 49.43097 20.38261
v 169.6249 49.43169 21.29237
v 169.4522 49.43097 20.36267
v 169.4534 49.4313 21.27476
v 169.2804 49.43097 20.34432
v 169.2815 49.43155 21.26008
v 169.1087 49.43097 20.32631
v 169.1099 49.43167 21.24784
v 168.9362 49.43097 20.31858
v 168.9376 49.43167 21.23771
v 168.7635 49.43097 20.31583
v 168.7651 49.43143 21.23043
v 168.5905 49.43097 20.31575
v 168.5922 49.43135 21.22575
v 168.4178 49.43097 20.32717
v 168.4195 49.43117 21.22364
v 168.2446 49.43097 20.33924
v 168.2462 49.431 21.22462
v 168.0712 49.43097 20.35687
v 168.073 49.43112 21.22916
v 167.8973 49.43097 20.3781
v 167.8996 49.43163 21.23653
v 167.7233 49.43097 20.40558
v 167.7264 49.43197 21.24743
v 167.5528 49.43096 20.44912
v 167.5553 49.4315 21.26363
v 167.3815 49.43097 20.49374
v 167.3859 49.43224 21.28477
v 167.2104 49.43097 20.54324
v 167.2139 49.43172 21.3117
v 167.0404 49.43096 20.5995
v 167.0429 49.4313 21.34373
v 166.8723 49.43097 20.66364
v 166.8803 49.43271 21.38144
v 166.7037 49.43097 20.73102
v 166.7093 49.43188 21.42678
v 166.5372 49.43097 20.8061
v 166.5387 49.43101 21.48118
v 166.3759 49.43097 20.8928
v 166.3858 49.43232 21.53659
v 166.2178 49.43097 20.98691
v 166.222 49.43133 21.60262
v 166.0559 49.43097 21.07989
v 166.0517 49.43047 21.67658
v 165.8979 49.43097 21.18164
v 165.9068 49.43155 21.74632
v 165.7421 49.43097 21.28967
v 165.7429 49.43095 21.83858
v 165.5899 49.43097 21.40527
v 165.5797 49.43043 21.94255
v 165.4403 49.43097 21.5271
v 165.4217 49.43029 22.05529
v 165.3249 49.43096 21.63087
v 165.3164 49.43068 22.13908
v 165.2157 49.43097 21.74157
v 165.2169 49.43098 22.2231
v 165.1066 49.43097 21.85447
v 165.0824 49.43045 22.34788
v 165.0049 49.43097 21.97421
v 164.996 49.43081 22.43487
v 164.9141 49.43096 22.10208
v 164.9167 49.43099 22.52191
v 164.8219 49.43097 22.23059
v 164.8352 49.43111 22.61751
v 164.7321 49.43097 22.36203
v 164.7583 49.43121 22.7137
v 164.6519 49.43096 22.49954
v 164.6822 49.4313 22.81639
v 164.5757 49.43096 22.64008
v 164.6125 49.43125 22.92017
v 164.5026 49.43096 22.78321
v 164.5238 49.43115 23.06331
v 164.4333 49.43097 22.92916
v 164.4702 49.43127 23.15803
v 164.3907 49.43097 23.0423
v 164.4483 49.43145 23.20171
v 164.3554 49.43097 23.15786
v 164.3984 49.43132 23.30356
v 164.3192 49.43096 23.27356
v 164.3514 49.43127 23.40983
v 164.2881 49.43097 23.3908
v 164.3095 49.43116 23.51802
v 164.2638 49.43097 23.50961
v 164.2724 49.43105 23.62692
v 164.2431 49.43097 23.62915
v 164.2406 49.43094 23.73827
v 164.2287 49.43097 23.70888
v 164.2208 49.43087 23.8143
v 164.2142 49.43097 23.78875
v 164.2045 49.43089 23.893
v 164.2013 49.43097 23.86897
v 164.1899 49.43085 23.97235
v 164.1867 49.43096 23.94929
v 164.1769 49.43086 24.05392
v 173.4033 49.83097 23.99461
v 173.383 49.83158 24.11889
v 173.3724 49.83097 23.91688
v 173.3731 49.83096 24.02767
v 173.3521 49.83097 23.839
v 173.3624 49.83066 23.9432
v 173.337 49.83097 23.76096
v 173.3495 49.83061 23.86366
v 173.322 49.83097 23.68313
v 173.3351 49.83056 23.78492
v 173.307 49.83097 23.60546
v 173.3184 49.83063 23.70848
v 173.2778 49.83097 23.49036
v 173.2889 49.83064 23.59319
v 173.2441 49.83097 23.37664
v 173.2552 49.83063 23.47921
v 173.2106 49.83097 23.26344
v 173.2165 49.83079 23.36992
v 173.1703 49.83097 23.15238
v 173.1722 49.83092 23.262
v 173.1278 49.83097 23.04255
v 173.1253 49.83104 23.15604
v 173.08 49.83097 22.93497
v 173.0729 49.8312 23.05265
v 173.0143 49.83097 22.79335
v 172.9969 49.83154 22.92112
v 172.9436 49.83096 22.65482
v 172.9148 49.83185 22.79453
v 172.8699 49.83097 22.51872
v 172.843 49.83178 22.69431
v 172.7851 49.83097 22.38893
v 172.7344 49.83264 22.55991
v 172.6992 49.83097 22.26139
v 172.6922 49.83121 22.51424
v 172.6129 49.83097 22.13542
v 172.6053 49.83123 22.4203
v 172.5192 49.83097 22.01505
v 172.5054 49.83151 22.32307
v 172.4147 49.83097 21.90327
v 172.4167 49.8309 22.2445
v 172.3117 49.83097 21.79257
v 172.3227 49.83055 22.16777
v 172.1843 49.83097 21.65559
v 172.2132 49.82978 22.08373
v 172.0449 49.83097 21.53061
v 172.0637 49.83012 21.98104
v 171.9005 49.83097 21.41335
v 171.9077 49.83061 21.88439
v 171.7502 49.83096 21.30528
v 171.7728 49.82951 21.81028
v 171.6019 49.83097 21.19865
v 171.6142 49.83009 21.73285
v 171.4551 49.83096 21.09292
v 171.4724 49.82944 21.67645
v 171.2985 49.83097 21.00189
v 171.3066 49.83019 21.61685
v 171.142 49.83097 20.91397
v 171.1561 49.82932 21.56722
v 170.9821 49.83097 20.83427
v 170.9901 49.82994 21.5184
v 170.8224 49.83097 20.75725
v 170.8252 49.8307 21.47455
v 170.6585 49.83097 20.69073
v 170.665 49.82992 21.43518
v 170.4929 49.83096 20.63111
v 170.4957 49.83064 21.39709
v 170.3284 49.83097 20.57202
v 170.3287 49.83128 21.36217
v 170.1597 49.83096 20.52657
v 170.1628 49.8305 21.3317
v 169.9905 49.83096 20.48694
v 169.9915 49.83114 21.30341
v 169.8223 49.83097 20.44755
v 169.825 49.83048 21.27974
v 169.6522 49.83097 20.41838
v 169.655 49.83038 21.25792
v 169.4811 49.83097 20.39902
v 169.4829 49.83084 21.23999
v 169.3104 49.83097 20.38279
v 169.3128 49.83037 21.22461
v 169.1403 49.83097 20.36497
v 169.1429 49.82991 21.21111
v 168.9695 49.83097 20.35501
v 168.9714 49.83043 21.20013
v 168.7984 49.83097 20.349
v 168.8002 49.83016 21.19227
v 168.6269 49.83096 20.34854
v 168.6285 49.83016 21.18663
v 168.4557 49.83097 20.35927
v 168.4569 49.83003 21.18355
v 168.2841 49.83097 20.37095
v 168.285 49.83006 21.18459
v 168.1133 49.83096 20.3926
v 168.1139 49.83014 21.18797
v 167.9418 49.83097 20.41552
v 167.9422 49.83023 21.19528
v 167.769 49.83097 20.43866
v 167.7704 49.831 21.2063
v 167.5998 49.83097 20.47984
v 167.6006 49.83074 21.22107
v 167.4306 49.83097 20.52417
v 167.4308 49.83062 21.24146
v 167.2599 49.83097 20.5689
v 167.2623 49.8313 21.26762
v 167.09 49.83097 20.62062
v 167.0905 49.83077 21.29943
v 166.9219 49.83097 20.68065
v 166.927 49.83176 21.33612
v 166.7552 49.83097 20.74731
v 166.7585 49.83134 21.37984
v 166.5874 49.83097 20.81688
v 166.5862 49.8306 21.43088
v 166.4261 49.83097 20.90036
v 166.4317 49.83156 21.48306
v 166.2644 49.83096 20.98701
v 166.2645 49.83085 21.54835
v 166.1045 49.83097 21.07992
v 166.0957 49.83009 21.62097
v 165.9493 49.83096 21.18222
v 165.9524 49.83112 21.68978
v 165.7952 49.83097 21.28922
v 165.788 49.83052 21.77956
v 165.6419 49.83097 21.40119
v 165.627 49.83031 21.88142
v 165.4944 49.83097 21.52237
v 165.4714 49.8303 21.99178
v 165.3463 49.83097 21.64705
v 165.3465 49.83095 22.08871
v 165.2294 49.83097 21.75113
v 165.2105 49.83065 22.2058
v 165.1201 49.83097 21.86324
v 165.1122 49.83084 22.29716
v 165.0134 49.83097 21.97931
v 165.0212 49.83104 22.38866
v 164.9236 49.83097 22.10732
v 164.9033 49.83081 22.51844
v 164.8349 49.83097 22.23721
v 164.8196 49.83088 22.6187
v 164.7464 49.83097 22.36873
v 164.7374 49.83093 22.725
v 164.6625 49.83097 22.50406
v 164.6683 49.83099 22.81973
v 164.5896 49.83097 22.64541
v 164.6041 49.83101 22.91632
v 164.5187 49.83096 22.78877
v 164.5401 49.83097 23.0202
v 164.4466 49.83096 22.93322
v 164.4842 49.83096 23.11748
v 164.3963 49.83097 23.04385
v 164.4441 49.83096 23.19448
v 164.3559 49.83097 23.15799
v 164.3934 49.83094 23.29912
v 164.317 49.83097 23.27306
v 164.3456 49.831 23.40652
v 164.2881 49.83097 23.3908
v 164.3027 49.83101 23.51282
v 164.2626 49.83097 23.50941
v 164.2653 49.83097 23.62227
v 164.2425 49.83097 23.62907
v 164.2319 49.83094 23.73246
v 164.2311 49.83097 23.70916
v 164.2124 49.83093 23.80719
v 164.2181 49.83097 23.78916
v 164.1949 49.83092 23.8843
v 164.2013 49.83097 23.86897
v 164.1793 49.83092 23.96533
v 164.1799 49.83097 23.94881
v 164.1661 49.83094 24.05084
v 164.1544 49.83097 24.02899
v 164.1549 49.83096 24.1403
v 173.409 50.23097 23.95416
v 173.3959 50.23127 24.07375
v 173.3813 50.23097 23.87621
v 173.3843 50.23092 23.9855
v 173.3584 50.23097 23.79849
v 173.3709 50.23069 23.90117
v 173.3412 50.23097 23.72058
v 173.3562 50.23064 23.82154
v 173.3249 50.23097 23.64281
v 173.3397 50.23064 23.74343
v 173.293 50.23097 23.52776
v 173.3104 50.23059 23.62588
v 173.2612 50.23096 23.41334
v 173.2772 50.23061 23.5123
v 173.2277 50.23097 23.29982
v 173.2395 50.2307 23.4016
v 173.1848 50.23096 23.18904
v 173.1963 50.23073 23.29088
v 173.1433 50.23097 23.07872
v 173.1495 50.23084 23.18467
v 173.1023 50.23097 22.9688
v 173.0999 50.23103 23.0822
v 173.0328 50.23096 22.82793
v 173.0247 50.23116 22.94668
v 172.9621 50.23097 22.68902
v 172.9436 50.23137 22.81825
v 172.8877 50.23097 22.55289
v 172.857 50.23168 22.69513
v 172.7984 50.23097 22.42489
v 172.7617 50.23182 22.5755
v 172.7116 50.23097 22.29773
v 172.6682 50.23204 22.46865
v 172.6262 50.23097 22.17136
v 172.5928 50.2318 22.38949
v 172.5379 50.23097 22.04784
v 172.5452 50.23079 22.34398
v 172.4346 50.23097 21.935
v 172.4282 50.23117 22.23692
v 172.3326 50.23097 21.82347
v 172.3356 50.2309 22.15854
v 172.2023 50.23097 21.68851
v 172.2219 50.2304 22.07023
v 172.0603 50.23097 21.56582
v 172.0728 50.23056 21.96589
v 171.9182 50.23097 21.44682
v 171.9457 50.22982 21.88371
v 171.7706 50.23097 21.33617
v 171.7853 50.23032 21.79277
v 171.6224 50.23097 21.2297
v 171.6326 50.23047 21.71666
v 171.4684 50.23096 21.13299
v 171.4872 50.22981 21.65475
v 171.3141 50.23097 21.04025
v 171.3232 50.23032 21.59501
v 171.1581 50.23097 20.95311
v 171.1729 50.22971 21.54349
v 170.9988 50.23097 20.87394
v 171.0062 50.2303 21.49256
v 170.8402 50.23097 20.79699
v 170.8436 50.23069 21.44699
v 170.6765 50.23097 20.7322
v 170.6846 50.22998 21.40662
v 170.5124 50.23097 20.67185
v 170.5174 50.23038 21.36692
v 170.3467 50.23096 20.6189
v 170.3547 50.22974 21.3329
v 170.1803 50.23096 20.57141
v 170.1857 50.23011 21.30095
v 170.0136 50.23096 20.52856
v 170.0175 50.23033 21.27258
v 169.8455 50.23097 20.4941
v 169.8511 50.22976 21.24681
v 169.6773 50.23097 20.46395
v 169.6812 50.23013 21.22439
v 169.5082 50.23097 20.44279
v 169.5127 50.22971 21.20448
v 169.3397 50.23096 20.42289
v 169.3442 50.22934 21.1882
v 169.1714 50.23097 20.40224
v 169.1752 50.22941 21.17367
v 169.0025 50.23097 20.38366
v 169.0059 50.22908 21.16219
v 168.8326 50.23096 20.38234
v 168.8351 50.22931 21.15367
v 168.6628 50.23096 20.38528
v 168.6645 50.22911 21.14769
v 168.4932 50.23097 20.39439
v 168.494 50.22923 21.14474
v 168.3232 50.23096 20.40488
v 168.3231 50.22928 21.14508
v 168.1536 50.23097 20.42307
v 168.1525 50.22931 21.149
v 167.9845 50.23097 20.44853
v 167.9829 50.22955 21.1562
v 167.8142 50.23097 20.47323
v 167.8121 50.22967 21.1683
v 167.6446 50.23097 20.50603
v 167.6427 50.23006 21.18307
v 167.4772 50.23097 20.55003
v 167.4745 50.22998 21.20283
v 167.3086 50.23097 20.59476
v 167.3073 50.23048 21.22727
v 167.1411 50.23097 20.64663
v 167.1394 50.23049 21.25928
v 166.9747 50.23096 20.70508
v 166.977 50.23112 21.29468
v 166.8082 50.23097 20.76774
v 166.8091 50.23095 21.338
v 166.644 50.23097 20.83862
v 166.6406 50.23053 21.38748
v 166.4791 50.23097 20.9129
v 166.4832 50.23123 21.44073
v 166.317 50.23097 20.9957
v 166.3153 50.23078 21.50341
v 166.1562 50.23097 21.08448
v 166.1456 50.23033 21.57482
v 166 50.23097 21.18286
v 166.0003 50.23095 21.64245
v 165.8474 50.23097 21.28889
v 165.8367 50.2306 21.7278
v 165.6996 50.23096 21.40322
v 165.6769 50.23044 21.82627
v 165.5496 50.23097 21.51939
v 165.5478 50.23094 21.91514
v 165.3973 50.23097 21.63811
v 165.394 50.23094 22.0321
v 165.258 50.23096 21.77116
v 165.2441 50.23091 22.15844
v 165.146 50.23097 21.88005
v 165.1478 50.23097 22.24804
v 165.042 50.23097 21.99651
v 165.0207 50.231 22.37645
v 164.9457 50.23097 22.11961
v 164.9357 50.23098 22.46977
v 164.8499 50.23097 22.24486
v 164.8525 50.23096 22.56777
v 164.7563 50.23097 22.37332
v 164.7737 50.23085 22.6666
v 164.6715 50.23096 22.50787
v 164.701 50.23075 22.76443
v 164.5906 50.23096 22.64579
v 164.6348 50.23071 22.86082
v 164.5202 50.23097 22.78929
v 164.5734 50.23052 22.95734
v 164.4514 50.23097 22.93469
v 164.498 50.23056 23.08508
v 164.4007 50.23097 23.04506
v 164.4423 50.23067 23.19039
v 164.3617 50.23096 23.15943
v 164.3918 50.23068 23.29457
v 164.3253 50.23097 23.2749
v 164.3448 50.23078 23.40097
v 164.2955 50.23096 23.39224
v 164.3027 50.2309 23.50855
v 164.2704 50.23096 23.51072
v 164.2639 50.23102 23.61692
v 164.2413 50.23096 23.6289
v 164.2292 50.23108 23.73131
v 164.2251 50.23097 23.70843
v 164.2084 50.2311 23.80779
v 164.2106 50.23097 23.78837
v 164.1899 50.23111 23.88525
v 164.1962 50.23097 23.86852
v 164.174 50.23115 23.96487
v 164.1808 50.23096 23.94888
v 164.1607 50.23112 24.04696
v 164.158 50.23097 24.02918
v 164.1482 50.23104 24.13402
v 173.4189 50.63097 23.95346
v 173.4086 50.6311 24.07125
v 173.3921 50.63097 23.87527
v 173.3958 50.63092 23.98407
v 173.3709 50.63097 23.79718
v 173.3819 50.63083 23.90102
v 173.3504 50.63097 23.71945
v 173.366 50.63078 23.81978
v 173.3298 50.63097 23.64213
v 173.3481 50.63074 23.74027
v 173.2981 50.63097 23.5269
v 173.3179 50.63072 23.62342
v 173.2666 50.63097 23.41228
v 173.2837 50.63076 23.51031
v 173.2296 50.63097 23.2994
v 173.2449 50.63078 23.39841
v 173.1892 50.63097 23.18795
v 173.202 50.63083 23.28862
v 173.1491 50.63097 23.07712
v 173.1553 50.63089 23.18308
v 173.1013 50.63097 22.9691
v 173.1038 50.63094 23.07823
v 173.0304 50.63097 22.82877
v 173.0279 50.631 22.94232
v 172.9601 50.63097 22.68979
v 172.9468 50.6311 22.81396
v 172.8836 50.63097 22.55465
v 172.8598 50.63124 22.68997
v 172.7944 50.63097 22.42678
v 172.7646 50.63132 22.56954
v 172.7062 50.63097 22.30047
v 172.6657 50.63143 22.45598
v 172.619 50.63097 22.17537
v 172.5795 50.63144 22.36605
v 172.524 50.63097 22.0562
v 172.4964 50.63135 22.28694
v 172.4186 50.63097 21.94542
v 172.4031 50.63114 22.20262
v 172.2888 50.63097 21.80893
v 172.2959 50.63089 22.11456
v 172.1556 50.63097 21.67796
v 172.1564 50.63097 22.00989
v 172.0095 50.63097 21.56089
v 172.0047 50.63105 21.90621
v 171.8664 50.63097 21.44512
v 171.8757 50.63082 21.82822
v 171.7222 50.63097 21.3337
v 171.7457 50.63046 21.7571
v 171.5741 50.63097 21.22949
v 171.5894 50.63052 21.68201
v 171.42 50.63097 21.13543
v 171.4266 50.63075 21.61437
v 171.2651 50.63097 21.04624
v 171.2792 50.63032 21.55955
v 171.1084 50.63097 20.96288
v 171.1165 50.63055 21.50491
v 170.9494 50.63097 20.88671
v 170.9636 50.63005 21.45733
v 170.7881 50.63097 20.81785
v 170.7971 50.63036 21.41142
v 170.626 50.63097 20.75455
v 170.6322 50.6305 21.37086
v 170.4623 50.63097 20.6981
v 170.4721 50.63001 21.33407
v 170.299 50.63097 20.64471
v 170.3054 50.63033 21.29875
v 170.1344 50.63097 20.598
v 170.1396 50.63043 21.26649
v 169.9695 50.63097 20.55557
v 169.9766 50.63006 21.2388
v 169.8024 50.63097 20.52449
v 169.809 50.62999 21.21375
v 169.6351 50.63097 20.49901
v 169.6422 50.6297 21.1915
v 169.4681 50.63097 20.47667
v 169.4739 50.62979 21.17229
v 169.301 50.63097 20.45989
v 169.3067 50.62954 21.1564
v 169.134 50.63097 20.44516
v 169.139 50.62943 21.14324
v 168.9667 50.63097 20.43516
v 168.9706 50.6294 21.13245
v 168.7991 50.63097 20.4268
v 168.8018 50.62932 21.12448
v 168.6311 50.63097 20.42817
v 168.6326 50.62945 21.11964
v 168.463 50.63097 20.43569
v 168.4632 50.62946 21.11762
v 168.295 50.63097 20.44878
v 168.2939 50.62955 21.11897
v 168.1273 50.63097 20.46836
v 168.1251 50.62967 21.12413
v 167.9589 50.63097 20.48978
v 167.9554 50.62976 21.13186
v 167.7916 50.63097 20.52042
v 167.788 50.62998 21.14507
v 167.6252 50.63097 20.55793
v 167.6208 50.63009 21.16186
v 167.4582 50.63097 20.59805
v 167.4553 50.63045 21.18385
v 167.2919 50.63097 20.64449
v 167.2879 50.63047 21.21053
v 167.1263 50.63097 20.69683
v 167.1258 50.63085 21.24285
v 166.9605 50.63097 20.75326
v 166.9591 50.63081 21.28119
v 166.7957 50.63097 20.81608
v 166.7922 50.63072 21.32604
v 166.6324 50.63097 20.88614
v 166.636 50.63109 21.37418
v 166.472 50.63097 20.96462
v 166.472 50.63094 21.43206
v 166.3103 50.63097 21.04569
v 166.3036 50.63077 21.49801
v 166.1486 50.63097 21.13157
v 166.152 50.63101 21.56338
v 165.9905 50.63097 21.22638
v 165.985 50.6309 21.64362
v 165.8416 50.63097 21.33491
v 165.822 50.63099 21.73052
v 165.6931 50.63097 21.44733
v 165.6888 50.63099 21.81292
v 165.5449 50.63097 21.56393
v 165.5333 50.63107 21.92161
v 165.3964 50.63097 21.6848
v 165.377 50.63118 22.04252
v 165.2792 50.63097 21.78603
v 165.277 50.63101 22.12762
v 165.1691 50.63097 21.89502
v 165.1478 50.63128 22.24755
v 165.0654 50.63097 22.01056
v 165.0587 50.63108 22.33691
v 164.9682 50.63097 22.13207
v 164.9756 50.63088 22.42533
v 164.8704 50.63097 22.25528
v 164.8904 50.63066 22.52294
v 164.7801 50.63097 22.38441
v 164.7766 50.63105 22.6661
v 164.6933 50.63097 22.51713
v 164.7069 50.63074 22.76046
v 164.6118 50.63097 22.65393
v 164.6388 50.63044 22.86029
v 164.5414 50.63097 22.79655
v 164.574 50.63042 22.96084
v 164.473 50.63097 22.94128
v 164.5047 50.63047 23.07917
v 164.4289 50.63097 23.0529
v 164.4501 50.63062 23.18141
v 164.3846 50.63097 23.16514
v 164.3983 50.63074 23.28709
v 164.3419 50.63097 23.27859
v 164.3496 50.63085 23.39541
v 164.3051 50.63097 23.39411
v 164.3059 50.63096 23.50562
v 164.2731 50.63097 23.51116
v 164.2663 50.63109 23.61713
v 164.243 50.63097 23.62913
v 164.2312 50.63119 23.73172
v 164.2239 50.63097 23.70828
v 164.21 50.63123 23.80961
v 164.2084 50.63097 23.78814
v 164.1915 50.63129 23.88771
v 164.1928 50.63097 23.86823
v 164.1751 50.63128 23.96756
v 164.1794 50.63097 23.94878
v 164.1615 50.63131 24.04825
v 164.1573 50.63097 24.02914
v 164.149 50.63112 24.13495
v 173.4284 51.03097 23.9528
v 173.4184 51.03099 24.07041
v 173.4025 51.03097 23.87435
v 173.4041 51.03097 23.98457
v 173.3802 51.03098 23.7962
v 173.3888 51.03096 23.90159
v 173.3579 51.03098 23.71853
v 173.3717 51.03094 23.82012
v 173.3358 51.03098 23.64128
v 173.3526 51.03095 23.74053
v 173.3148 51.03097 23.56425
v 173.3324 51.03094 23.66249
v 173.2838 51.03097 23.4492
v 173.2984 51.03095 23.54923
v 173.2447 51.03097 23.33635
v 173.26 51.03095 23.43549
v 173.2017 51.03097 23.22525
v 173.2174 51.03095 23.32359
v 173.1588 51.03097 23.11497
v 173.1706 51.03095 23.21617
v 173.1131 51.03097 23.00625
v 173.1209 51.03096 23.11069
v 173.042 51.03097 22.86573
v 173.0462 51.03096 22.97319
v 172.9689 51.03097 22.7277
v 172.9658 51.03097 22.84196
v 172.8938 51.03097 22.59197
v 172.8794 51.03094 22.71786
v 172.8083 51.03097 22.46237
v 172.7863 51.0309 22.59669
v 172.7189 51.03097 22.33653
v 172.6883 51.03089 22.48115
v 172.6266 51.03097 22.21419
v 172.6127 51.03099 22.39908
v 172.5262 51.03097 22.09849
v 172.4879 51.03085 22.27687
v 172.4246 51.03097 21.98584
v 172.398 51.03086 22.1961
v 172.2935 51.03097 21.85083
v 172.2935 51.03097 22.10915
v 172.1606 51.03097 21.72053
v 172.1518 51.03094 22.00226
v 172.0226 51.03098 21.59752
v 172.033 51.03101 21.92183
v 171.8751 51.03097 21.48627
v 171.8771 51.03097 21.82399
v 171.7282 51.03097 21.3786
v 171.7488 51.03103 21.75279
v 171.5784 51.03097 21.27765
v 171.5903 51.03094 21.6754
v 171.427 51.03097 21.18238
v 171.4317 51.03094 21.6079
v 171.2745 51.03098 21.09186
v 171.2883 51.03078 21.55148
v 171.1171 51.03097 21.01159
v 171.1254 51.03086 21.49494
v 170.9603 51.03097 20.93449
v 170.9741 51.03067 21.44815
v 170.7997 51.03097 20.86715
v 170.809 51.03067 21.40152
v 170.6391 51.03097 20.80392
v 170.6446 51.03078 21.35997
v 170.4782 51.03097 20.74531
v 170.4873 51.03056 21.32276
v 170.3152 51.03098 20.69499
v 170.3222 51.03064 21.28701
v 170.1533 51.03097 20.64565
v 170.1626 51.03046 21.25559
v 169.9878 51.03098 20.61038
v 169.9954 51.03051 21.22639
v 169.8227 51.03097 20.57914
v 169.8292 51.03056 21.20086
v 169.6581 51.03097 20.55059
v 169.6648 51.03043 21.17813
v 169.4944 51.03098 20.52093
v 169.5013 51.03031 21.15853
v 169.3289 51.03098 20.5046
v 169.3345 51.03038 21.14207
v 169.1637 51.03097 20.49008
v 169.1689 51.03025 21.128
v 168.9982 51.03097 20.48132
v 169.0025 51.0302 21.11685
v 168.8327 51.03097 20.47742
v 168.8355 51.03022 21.10865
v 168.6668 51.03098 20.47558
v 168.6682 51.03023 21.1032
v 168.5008 51.03097 20.48162
v 168.5007 51.03026 21.10069
v 168.3349 51.03097 20.49353
v 168.3334 51.03028 21.10262
v 168.169 51.03097 20.51044
v 168.1662 51.03039 21.10752
v 168.0029 51.03097 20.53157
v 167.9992 51.0305 21.1159
v 167.8362 51.03097 20.55548
v 167.8313 51.03061 21.12836
v 167.6721 51.03097 20.59341
v 167.667 51.03067 21.14504
v 167.5069 51.03097 20.63173
v 167.501 51.0307 21.16674
v 167.3438 51.03097 20.67971
v 167.3397 51.03084 21.19297
v 167.18 51.03097 20.73007
v 167.1788 51.03093 21.22363
v 167.0152 51.03098 20.78283
v 167.0146 51.03096 21.26134
v 166.8528 51.03098 20.84497
v 166.8506 51.03097 21.30547
v 166.6891 51.03098 20.90956
v 166.6943 51.03096 21.35345
v 166.5308 51.03097 20.98681
v 166.5324 51.03096 21.40816
v 166.3703 51.03098 21.06516
v 166.3816 51.03078 21.46662
v 166.207 51.03097 21.14511
v 166.2139 51.03084 21.53738
v 166.0554 51.03098 21.2433
v 166.0531 51.03105 21.61291
v 165.9028 51.03098 21.34434
v 165.8879 51.03149 21.69872
v 165.7504 51.03098 21.44984
v 165.7529 51.03092 21.77955
v 165.6007 51.03097 21.56227
v 165.5938 51.03122 21.88662
v 165.4502 51.03098 21.67872
v 165.4369 51.03143 22.00467
v 165.3062 51.03097 21.80492
v 165.288 51.03159 22.12963
v 165.2005 51.03097 21.91541
v 165.1974 51.03109 22.212
v 165.09 51.03097 22.02537
v 165.1057 51.03051 22.301
v 164.9882 51.03097 22.14317
v 164.9757 51.03135 22.43936
v 164.8902 51.03098 22.26538
v 164.8894 51.03101 22.54021
v 164.803 51.03097 22.39513
v 164.8134 51.03066 22.63472
v 164.7162 51.03097 22.52684
v 164.7448 51.03008 22.72645
v 164.6329 51.03097 22.66204
v 164.6747 51.02973 22.82536
v 164.5573 51.03097 22.80204
v 164.5952 51.02988 22.94651
v 164.4879 51.03097 22.94583
v 164.5161 51.03021 23.0808
v 164.4407 51.03097 23.05618
v 164.4605 51.03042 23.18344
v 164.3933 51.03097 23.1673
v 164.4079 51.03057 23.29001
v 164.346 51.03097 23.2795
v 164.3586 51.03062 23.40017
v 164.3096 51.03097 23.39497
v 164.3143 51.03084 23.50951
v 164.2756 51.03097 23.51158
v 164.2743 51.03101 23.62163
v 164.2507 51.03097 23.63021
v 164.2394 51.03129 23.73319
v 164.2337 51.03097 23.70949
v 164.2181 51.03141 23.80967
v 164.2165 51.03097 23.78899
v 164.1988 51.03149 23.88789
v 164.1993 51.03097 23.8688
v 164.1817 51.03147 23.96811
v 164.1819 51.03097 23.94896
v 164.1673 51.03139 24.05047
v 164.1546 51.03097 24.029
v 164.1538 51.031 24.1395
v 173.4436 51.43097 23.95174
v 173.4247 51.43082 24.07534
v 173.4133 51.43097 23.87341
v 173.4086 51.43093 23.98784
v 173.3908 51.43097 23.79508
v 173.3918 51.43098 23.90567
v 173.3665 51.43097 23.71748
v 173.3733 51.43103 23.82388
v 173.3413 51.43098 23.64051
v 173.3531 51.43108 23.74317
v 173.3181 51.43098 23.56374
v 173.3316 51.4311 23.66495
v 173.2838 51.43098 23.44919
v 173.2964 51.4311 23.55077
v 173.2401 51.43097 23.33732
v 173.256 51.43113 23.43569
v 173.1968 51.43097 23.22642
v 173.2127 51.43112 23.32453
v 173.1538 51.43097 23.1163
v 173.1657 51.43109 23.2174
v 173.1062 51.43097 23.00829
v 173.1142 51.43105 23.11242
v 173.05 51.43097 22.90386
v 173.0583 51.43105 23.0076
v 172.976 51.43098 22.76613
v 172.9783 51.431 22.87517
v 172.9026 51.43097 22.62979
v 172.894 51.43085 22.74976
v 172.8145 51.43097 22.50134
v 172.8012 51.43076 22.62655
v 172.7242 51.43097 22.37613
v 172.7036 51.43066 22.50991
v 172.6277 51.43097 22.2563
v 172.6007 51.43057 22.39841
v 172.5276 51.43097 22.1409
v 172.4939 51.43045 22.29189
v 172.4288 51.43097 22.02707
v 172.3998 51.43042 22.20753
v 172.3238 51.43097 21.91936
v 172.3064 51.43063 22.1287
v 172.1873 51.43097 21.79188
v 172.1627 51.43043 22.01801
v 172.0529 51.43097 21.66644
v 172.0469 51.43083 21.9379
v 171.9091 51.43098 21.5523
v 171.8956 51.43065 21.84166
v 171.7619 51.43097 21.44544
v 171.7664 51.43108 21.76643
v 171.612 51.43097 21.34529
v 171.6122 51.43096 21.68758
v 171.4618 51.43097 21.24966
v 171.4743 51.43126 21.62639
v 171.3068 51.43097 21.16372
v 171.3107 51.43103 21.56357
v 171.154 51.43097 21.07907
v 171.1662 51.43117 21.51143
v 170.9963 51.43097 21.0053
v 171.0033 51.43105 21.45805
v 170.84 51.43097 20.93342
v 170.8431 51.431 21.41112
v 170.6841 51.43097 20.86427
v 170.692 51.43102 21.37033
v 170.5229 51.43097 20.80852
v 170.5278 51.43098 21.33142
v 170.3614 51.43097 20.75831
v 170.3696 51.43096 21.29567
v 170.2 51.43098 20.71216
v 170.2061 51.43092 21.26304
v 170.0373 51.43097 20.67393
v 170.0425 51.43092 21.23315
v 169.8734 51.43098 20.64463
v 169.8802 51.43088 21.20743
v 169.712 51.43097 20.61151
v 169.7196 51.43085 21.18413
v 169.5502 51.43097 20.58259
v 169.5571 51.43084 21.16377
v 169.3874 51.43097 20.56232
v 169.3929 51.43089 21.14621
v 169.2244 51.43098 20.5465
v 169.2297 51.43085 21.13153
v 169.0615 51.43097 20.53295
v 169.0656 51.43089 21.11934
v 168.898 51.43097 20.52925
v 168.9011 51.43093 21.11004
v 168.7345 51.43097 20.52573
v 168.7363 51.43094 21.10351
v 168.5709 51.43097 20.53168
v 168.5713 51.43097 21.10023
v 168.407 51.43097 20.53854
v 168.4059 51.43102 21.10014
v 168.2431 51.43097 20.55172
v 168.2406 51.43111 21.10303
v 168.0797 51.43097 20.57332
v 168.0763 51.43113 21.111
v 167.9164 51.43097 20.59945
v 167.9122 51.43116 21.12185
v 167.7527 51.43097 20.62852
v 167.7477 51.43119 21.13662
v 167.5887 51.43097 20.66139
v 167.5846 51.43118 21.15629
v 167.426 51.43097 20.70317
v 167.4217 51.43119 21.18092
v 167.2644 51.43097 20.75188
v 167.263 51.43107 21.20968
v 167.103 51.43097 20.80506
v 167.1014 51.43108 21.24502
v 166.942 51.43097 20.86343
v 166.9459 51.4308 21.28356
v 166.7797 51.43097 20.92403
v 166.7836 51.4308 21.33092
v 166.6157 51.43098 20.98742
v 166.6178 51.43091 21.38547
v 166.4599 51.43097 21.0676
v 166.4709 51.4304 21.44048
v 166.3038 51.43097 21.15128
v 166.3085 51.43076 21.50735
v 166.1473 51.43097 21.23895
v 166.1647 51.43002 21.5741
v 165.9909 51.43097 21.33144
v 166.001 51.43046 21.65376
v 165.8432 51.43098 21.43733
v 165.8439 51.43097 21.74175
v 165.6937 51.43098 21.54554
v 165.6854 51.43147 21.84311
v 165.5414 51.43097 21.65619
v 165.5557 51.43019 21.93531
v 165.3969 51.43097 21.77793
v 165.4016 51.43076 22.05526
v 165.2618 51.43098 21.9107
v 165.2569 51.43125 22.18086
v 165.1571 51.43098 22.02177
v 165.1668 51.43052 22.26592
v 165.0541 51.43097 22.13636
v 165.0785 51.42983 22.35494
v 164.9559 51.43098 22.25606
v 164.9571 51.43094 22.48772
v 164.8578 51.43097 22.37827
v 164.8733 51.4303 22.58807
v 164.7685 51.43097 22.50703
v 164.7944 51.42981 22.68886
v 164.678 51.43097 22.6376
v 164.7179 51.42922 22.79468
v 164.6029 51.43097 22.77635
v 164.6357 51.42957 22.91711
v 164.5293 51.43098 22.91731
v 164.5541 51.42999 23.04991
v 164.4765 51.43097 23.02505
v 164.4961 51.43021 23.15234
v 164.4261 51.43097 23.13455
v 164.4416 51.43037 23.25819
v 164.3816 51.43097 23.24656
v 164.3917 51.43058 23.36557
v 164.3399 51.43097 23.3601
v 164.3446 51.43079 23.47465
v 164.3049 51.43097 23.47581
v 164.3028 51.43106 23.58521
v 164.2746 51.43097 23.59296
v 164.265 51.43135 23.69694
v 164.2571 51.43097 23.67179
v 164.2421 51.43158 23.77215
v 164.2397 51.43097 23.75086
v 164.2217 51.43167 23.84953
v 164.2221 51.43097 23.83022
v 164.2027 51.43173 23.92803
v 164.2045 51.43097 23.90992
v 164.186 51.43169 24.00879
v 164.1816 51.43097 23.9897
v 164.1709 51.4314 24.09371
v 173.4043 51.83097 23.8742
v 173.408 51.83105 23.98251
v 173.3819 51.83097 23.79602
v 173.3886 51.83112 23.90203
v 173.3597 51.83097 23.71832
v 173.3694 51.83119 23.82213
v 173.3375 51.83098 23.64104
v 173.3481 51.83121 23.74402
v 173.3156 51.83097 23.56414
v 173.3257 51.83121 23.66726
v 173.2798 51.83097 23.44994
v 173.2891 51.83118 23.55332
v 173.2333 51.83097 23.33878
v 173.2478 51.83128 23.43777
v 173.1849 51.83097 23.22928
v 173.2019 51.83138 23.32584
v 173.137 51.83097 23.12082
v 173.153 51.83135 23.21756
v 173.0829 51.83097 23.01519
v 173.0999 51.83135 23.11041
v 173.03 51.83097 22.91037
v 173.0438 51.83127 23.00821
v 172.9601 51.83097 22.77188
v 172.9642 51.83109 22.87855
v 172.8806 51.83097 22.63867
v 172.8773 51.83089 22.7527
v 172.787 51.83097 22.51357
v 172.7835 51.83088 22.62789
v 172.6922 51.83098 22.39173
v 172.6851 51.83079 22.51019
v 172.602 51.83097 22.26997
v 172.5835 51.83039 22.40194
v 172.503 51.83097 22.15508
v 172.4782 51.83023 22.2991
v 172.3994 51.83097 22.04544
v 172.3817 51.83038 22.21192
v 172.2947 51.83097 21.93897
v 172.285 51.83064 22.13281
v 172.1617 51.83097 21.8108
v 172.1668 51.83122 22.04221
v 172.03 51.83098 21.68501
v 172.0234 51.83073 21.94147
v 171.8765 51.83097 21.58116
v 171.8644 51.83043 21.84124
v 171.7303 51.83097 21.47594
v 171.7286 51.83094 21.76473
v 171.5833 51.83097 21.37561
v 171.5716 51.83036 21.6846
v 171.4358 51.83097 21.27959
v 171.4303 51.83073 21.62281
v 171.2804 51.83097 21.19692
v 171.2655 51.83023 21.55722
v 171.1272 51.83097 21.116
v 171.116 51.83049 21.50447
v 170.9707 51.83098 21.04393
v 170.9518 51.83012 21.45175
v 170.8139 51.83098 20.97687
v 170.7894 51.82994 21.4045
v 170.6595 51.83098 20.90961
v 170.6374 51.83007 21.36467
v 170.4996 51.83097 20.8564
v 170.4741 51.82994 21.32587
v 170.3412 51.83097 20.80481
v 170.3181 51.8301 21.29235
v 170.1805 51.83097 20.76291
v 170.1557 51.83007 21.26049
v 170.0196 51.83097 20.7266
v 169.997 51.83014 21.23312
v 169.8586 51.83098 20.69613
v 169.8363 51.83 21.20775
v 169.6994 51.83097 20.66394
v 169.6793 51.83003 21.1857
v 169.5396 51.83097 20.63703
v 169.5205 51.82986 21.16641
v 169.3797 51.83097 20.61398
v 169.3632 51.8299 21.14985
v 169.2187 51.83097 20.60078
v 169.2052 51.82982 21.13569
v 169.058 51.83097 20.59016
v 169.047 51.82966 21.12503
v 168.8971 51.83097 20.58339
v 168.8893 51.82942 21.11675
v 168.7359 51.83098 20.58038
v 168.7326 51.82927 21.1108
v 168.5748 51.83097 20.58706
v 168.5759 51.82925 21.10775
v 168.4136 51.83097 20.59605
v 168.418 51.82929 21.10819
v 168.2524 51.83098 20.61093
v 168.2602 51.82904 21.11138
v 168.0904 51.83097 20.62614
v 168.1013 51.8289 21.11818
v 167.9291 51.83097 20.65016
v 167.9429 51.82866 21.12753
v 167.7675 51.83097 20.67828
v 167.7835 51.82868 21.14194
v 167.6065 51.83097 20.71327
v 167.6253 51.82868 21.16133
v 167.4477 51.83097 20.75838
v 167.4671 51.82867 21.1839
v 167.2875 51.83097 20.80365
v 167.3098 51.82848 21.21231
v 167.1258 51.83098 20.85079
v 167.1472 51.82861 21.24681
v 166.9674 51.83097 20.90925
v 166.9931 51.82832 21.2853
v 166.808 51.83097 20.9702
v 166.8313 51.82862 21.33211
v 166.651 51.83098 21.03974
v 166.6686 51.82919 21.38484
v 166.4916 51.83098 21.11036
v 166.5143 51.8288 21.44132
v 166.3374 51.83098 21.19279
v 166.3485 51.82985 21.50969
v 166.1827 51.83097 21.27893
v 166.2003 51.82935 21.57647
v 166.0272 51.83098 21.36909
v 166.0315 51.83051 21.66039
v 165.8801 51.83097 21.47231
v 165.8688 51.83187 21.75331
v 165.7303 51.83097 21.57737
v 165.7323 51.83073 21.83984
v 165.5847 51.83097 21.69065
v 165.5742 51.83167 21.9503
v 165.4434 51.83097 21.81173
v 165.413 51.83305 22.07687
v 165.3 51.83098 21.93594
v 165.261 51.83347 22.21002
v 165.1918 51.83097 22.04306
v 165.1659 51.83253 22.30085
v 165.0871 51.83097 22.15503
v 165.0742 51.83173 22.39704
v 164.9894 51.83097 22.27349
v 164.9865 51.83109 22.49371
v 164.8947 51.83097 22.39585
v 164.8753 51.83208 22.6268
v 164.7944 51.83097 22.5183
v 164.7952 51.83088 22.72989
v 164.7059 51.83097 22.64861
v 164.7172 51.83028 22.83743
v 164.6241 51.83097 22.78383
v 164.6278 51.83072 22.9735
v 164.5525 51.83097 22.92464
v 164.5764 51.82967 23.05723
v 164.5003 51.83097 23.03188
v 164.5191 51.82997 23.15941
v 164.4506 51.83098 23.14089
v 164.4641 51.83025 23.26353
v 164.405 51.83097 23.25198
v 164.4134 51.83052 23.37013
v 164.3662 51.83097 23.36546
v 164.3667 51.83092 23.47735
v 164.3297 51.83098 23.48018
v 164.3234 51.83128 23.58684
v 164.2929 51.83097 23.5957
v 164.284 51.83141 23.70068
v 164.2714 51.83098 23.67367
v 164.2601 51.83153 23.777
v 164.25 51.83097 23.75203
v 164.2384 51.83154 23.85539
v 164.2295 51.83098 23.83094
v 164.2182 51.83154 23.93459
v 164.2107 51.83097 23.91041
v 164.2004 51.83148 24.01488
v 164.1842 51.83097 23.98985
v 164.1844 51.83094 24.10139
v 173.3821 52.23098 23.796
v 173.3839 52.23105 23.90552
v 173.3578 52.23098 23.71855
v 173.3623 52.23112 23.82602
v 173.3336 52.23098 23.6416
v 173.3395 52.23118 23.74798
v 173.3075 52.23098 23.56542
v 173.3158 52.23126 23.66982
v 173.2796 52.23098 23.49005
v 173.2897 52.23133 23.59286
v 173.2381 52.23098 23.37787
v 173.2488 52.23134 23.47975
v 173.1969 52.23098 23.2666
v 173.2048 52.23126 23.37065
v 173.1484 52.23098 23.15804
v 173.1559 52.23125 23.26214
v 173.0911 52.23097 23.05308
v 173.1023 52.23136 23.15359
v 173.0356 52.23098 22.94897
v 173.0455 52.23134 23.05032
v 172.9623 52.23098 22.81179
v 172.9665 52.23116 22.91834
v 172.8777 52.23098 22.68079
v 172.8792 52.23106 22.78984
v 172.7892 52.23098 22.55379
v 172.7873 52.23091 22.66653
v 172.6946 52.23098 22.43212
v 172.6893 52.23077 22.54858
v 172.5988 52.23098 22.31362
v 172.5875 52.2305 22.43722
v 172.5002 52.23098 22.19919
v 172.481 52.2301 22.33276
v 172.3958 52.23098 22.09065
v 172.3704 52.22974 22.23312
v 172.2908 52.23098 21.98524
v 172.2709 52.22996 22.15124
v 172.1524 52.23098 21.86219
v 172.1264 52.22953 22.04035
v 172.0196 52.23098 21.73912
v 172.0082 52.23035 21.95713
v 171.8735 52.23098 21.63077
v 171.8513 52.22954 21.85885
v 171.7266 52.23098 21.52793
v 171.7144 52.23014 21.78216
v 171.5814 52.23098 21.42772
v 171.5602 52.22932 21.70269
v 171.4301 52.23098 21.33823
v 171.417 52.2299 21.63788
v 171.28 52.23098 21.25186
v 171.2573 52.22905 21.57321
v 171.126 52.23098 21.17493
v 171.1084 52.22949 21.51932
v 170.9739 52.23098 21.09966
v 170.9496 52.22879 21.4659
v 170.8184 52.23098 21.03364
v 170.7974 52.22912 21.42079
v 170.6651 52.23098 20.96828
v 170.6394 52.22863 21.37848
v 170.5082 52.23098 20.9136
v 170.4793 52.22827 21.33853
v 170.35 52.23097 20.86606
v 170.324 52.2285 21.30384
v 170.1911 52.23098 20.82549
v 170.1642 52.22826 21.2725
v 170.0337 52.23098 20.786
v 170.0094 52.22833 21.24441
v 169.8756 52.23097 20.7532
v 169.8519 52.22802 21.21887
v 169.7183 52.23098 20.72216
v 169.697 52.22795 21.19656
v 169.5295 52.23098 20.68893
v 169.5109 52.22799 21.17338
v 169.34 52.23098 20.66434
v 169.3239 52.22747 21.15362
v 169.1496 52.23098 20.65178
v 169.1372 52.22729 21.1386
v 168.9596 52.23098 20.63924
v 168.9514 52.22676 21.12703
v 168.7691 52.23098 20.63576
v 168.7655 52.22645 21.12016
v 168.5788 52.23098 20.64329
v 168.5802 52.22654 21.11695
v 168.3891 52.23098 20.66166
v 168.3949 52.22644 21.11825
v 168.1986 52.23098 20.67836
v 168.2084 52.22652 21.12447
v 168.0397 52.23098 20.69758
v 168.053 52.22653 21.13309
v 167.8799 52.23098 20.71846
v 167.8957 52.22684 21.1456
v 167.7218 52.23097 20.75115
v 167.7409 52.22668 21.16107
v 167.5624 52.23098 20.78413
v 167.5855 52.22639 21.18177
v 167.4046 52.23098 20.82669
v 167.4292 52.22644 21.20718
v 167.2474 52.23098 20.87452
v 167.2752 52.22628 21.23755
v 167.0892 52.23098 20.92515
v 167.1159 52.22674 21.27511
v 166.9288 52.23098 20.97663
v 166.9603 52.22618 21.31662
v 166.7739 52.23098 21.04261
v 166.8024 52.22679 21.36409
v 166.6181 52.23097 21.1115
v 166.6523 52.22624 21.41578
v 166.4608 52.23097 21.18309
v 166.4896 52.22706 21.47828
v 166.3098 52.23098 21.26752
v 166.3259 52.22884 21.54795
v 166.1576 52.23097 21.35484
v 166.1813 52.22789 21.61582
v 166.0075 52.23098 21.44898
v 166.019 52.22949 21.69917
v 165.8618 52.23097 21.55193
v 165.8558 52.23152 21.79464
v 165.7134 52.23098 21.65685
v 165.7219 52.23004 21.8824
v 165.5692 52.23098 21.77008
v 165.5634 52.23143 21.99596
v 165.4241 52.23097 21.88744
v 165.4012 52.23289 22.12798
v 165.29 52.23098 22.01725
v 165.2559 52.23368 22.2574
v 165.1804 52.23098 22.12284
v 165.1576 52.2327 22.35377
v 165.0768 52.23098 22.2349
v 165.0663 52.2317 22.449
v 164.9751 52.23098 22.35085
v 164.9777 52.23073 22.54884
v 164.8731 52.23098 22.46972
v 164.8627 52.23167 22.69012
v 164.7852 52.23098 22.59764
v 164.7863 52.23083 22.79135
v 164.6968 52.23098 22.72784
v 164.7152 52.22963 22.89363
v 164.6221 52.23098 22.86535
v 164.6456 52.2293 23.00028
v 164.5467 52.23098 23.00462
v 164.5656 52.22971 23.13259
v 164.4931 52.23098 23.11138
v 164.5089 52.2299 23.23647
v 164.4425 52.23098 23.22018
v 164.4555 52.23009 23.34236
v 164.3959 52.23098 23.3311
v 164.4057 52.2303 23.4504
v 164.3581 52.23098 23.44486
v 164.3606 52.23079 23.55824
v 164.3217 52.23098 23.5597
v 164.3192 52.23111 23.66929
v 164.3008 52.23098 23.63726
v 164.2938 52.2314 23.74353
v 164.2818 52.23098 23.71539
v 164.2705 52.23166 23.81865
v 164.2618 52.23098 23.79375
v 164.2489 52.23175 23.89611
v 164.2367 52.23098 23.87208
v 164.228 52.23149 23.97744
v 173.3729 52.63098 23.75687
v 173.3649 52.63058 23.87454
v 173.3346 52.63098 23.68147
v 173.3397 52.63116 23.78941
v 173.3056 52.63098 23.60567
v 173.3137 52.63131 23.71117
v 173.2781 52.63097 23.53025
v 173.2877 52.63138 23.63444
v 173.2371 52.63098 23.41802
v 173.2457 52.63134 23.52275
v 173.1965 52.63098 23.30672
v 173.2014 52.63116 23.41446
v 173.1432 52.63098 23.19942
v 173.1515 52.63133 23.30404
v 173.0882 52.63097 23.09398
v 173.0985 52.63143 23.19654
v 173.0346 52.63098 22.9895
v 173.0431 52.63135 23.09343
v 172.9749 52.63098 22.88819
v 172.9828 52.63135 22.99239
v 172.8922 52.63097 22.75635
v 172.8981 52.63126 22.86235
v 172.8112 52.63098 22.62618
v 172.8094 52.63082 22.7402
v 172.7176 52.63097 22.50367
v 172.7135 52.63068 22.62044
v 172.6198 52.63098 22.38598
v 172.6131 52.63055 22.50575
v 172.5235 52.63098 22.27021
v 172.509 52.63003 22.39983
v 172.42 52.63098 22.16105
v 172.4131 52.63046 22.308
v 172.3126 52.63098 22.05716
v 172.3184 52.63126 22.22622
v 172.1751 52.63098 21.93377
v 172.1758 52.63093 22.11197
v 172.0366 52.63098 21.81567
v 172.0595 52.63253 22.02786
v 171.8945 52.63097 21.70496
v 171.9138 52.63238 21.93165
v 171.7476 52.63098 21.60313
v 171.7826 52.63379 21.85141
v 171.6024 52.63097 21.50445
v 171.6317 52.63366 21.76961
v 171.455 52.63098 21.41241
v 171.4981 52.63544 21.70198
v 171.3066 52.63098 21.32576
v 171.3445 52.63523 21.63146
v 171.1554 52.63098 21.24705
v 171.2021 52.63655 21.5741
v 171.0023 52.63097 21.17551
v 171.0422 52.63598 21.51631
v 170.8509 52.63098 21.10614
v 170.8962 52.6368 21.46743
v 170.6945 52.63097 21.04936
v 170.734 52.63618 21.41942
v 170.5396 52.63098 20.99518
v 170.5818 52.63695 21.37799
v 170.3865 52.63098 20.94187
v 170.4231 52.63638 21.33994
v 170.2329 52.63098 20.89363
v 170.2701 52.63689 21.30591
v 170.0762 52.63098 20.85755
v 170.1091 52.63648 21.27431
v 169.8896 52.63098 20.817
v 169.9203 52.63665 21.24107
v 169.7041 52.63098 20.77895
v 169.732 52.63673 21.21226
v 169.5181 52.63098 20.74796
v 169.5426 52.63692 21.18872
v 169.3309 52.63098 20.72917
v 169.3523 52.63759 21.16835
v 169.1442 52.63098 20.7128
v 169.1618 52.63797 21.15182
v 168.9573 52.63098 20.70451
v 168.9697 52.63822 21.14026
v 168.7703 52.63098 20.70463
v 168.7769 52.63837 21.13294
v 168.5836 52.63098 20.71215
v 168.5851 52.63888 21.13021
v 168.3964 52.63098 20.72124
v 168.3923 52.63905 21.13202
v 168.2083 52.63098 20.73334
v 168.1986 52.63928 21.13896
v 168.0219 52.63098 20.76263
v 168.0071 52.63899 21.15185
v 167.8356 52.63098 20.79701
v 167.8161 52.63881 21.17047
v 167.6476 52.63098 20.83266
v 167.6251 52.63848 21.19644
v 167.4902 52.63098 20.86615
v 167.4669 52.63805 21.22275
v 167.3346 52.63098 20.90963
v 167.311 52.63736 21.25367
v 167.1801 52.63098 20.95962
v 167.1529 52.63756 21.29071
v 167.0266 52.63097 21.0159
v 167.0018 52.63659 21.33162
v 166.8721 52.63098 21.07491
v 166.8442 52.63704 21.3801
v 166.7152 52.63098 21.13489
v 166.6927 52.63568 21.43192
v 166.5599 52.63098 21.20271
v 166.5323 52.63639 21.49365
v 166.4078 52.63098 21.27971
v 166.3723 52.63736 21.56141
v 166.2536 52.63097 21.35911
v 166.2239 52.63617 21.6304
v 166.1087 52.63098 21.45341
v 166.0704 52.63689 21.71119
v 165.9624 52.63097 21.55038
v 165.9388 52.63438 21.78636
v 165.8144 52.63098 21.65048
v 165.7826 52.63507 21.88536
v 165.663 52.63098 21.75294
v 165.6257 52.63536 21.99605
v 165.525 52.63097 21.87106
v 165.5065 52.63318 22.08646
v 165.3854 52.63097 21.99251
v 165.3573 52.634 22.21274
v 165.2503 52.63098 22.12165
v 165.2116 52.6349 22.35045
v 165.141 52.63098 22.22786
v 165.1167 52.63346 22.4478
v 165.0402 52.63098 22.3418
v 164.9977 52.63493 22.58004
v 164.9411 52.63098 22.45951
v 164.9149 52.63346 22.68007
v 164.8416 52.63098 22.58006
v 164.8319 52.63197 22.78695
v 164.7497 52.63098 22.70689
v 164.7526 52.63087 22.89677
v 164.6666 52.63098 22.83969
v 164.6807 52.6299 23.00462
v 164.5931 52.63098 22.97802
v 164.5913 52.63124 23.15141
v 164.5413 52.63098 23.08408
v 164.5583 52.62973 23.20914
v 164.4897 52.63098 23.19136
v 164.5035 52.62998 23.31343
v 164.4378 52.63098 23.29986
v 164.4508 52.63005 23.42093
v 164.396 52.63098 23.41178
v 164.4031 52.63052 23.52781
v 164.3592 52.63097 23.52557
v 164.3596 52.63102 23.63623
v 164.335 52.63098 23.60199
v 164.332 52.63127 23.71008
v 164.3107 52.63098 23.67884
v 164.3064 52.63136 23.78608
v 164.2892 52.63097 23.75651
v 164.2824 52.63154 23.86198
v 164.2646 52.63098 23.83432
v 164.2603 52.63136 23.94165
v 164.2292 52.63097 23.91187
v 164.238 52.6304 24.02847
v 173.3159 53.03098 23.64409
v 173.3127 53.03074 23.75838
v 173.2869 53.03098 23.56869
v 173.2849 53.0308 23.68218
v 173.2569 53.03098 23.49405
v 173.2565 53.0309 23.60625
v 173.2236 53.03098 23.42064
v 173.2258 53.03106 23.53064
v 173.1743 53.03098 23.31164
v 173.1781 53.03115 23.4202
v 173.1208 53.03098 23.205
v 173.1264 53.03127 23.31188
v 173.0679 53.03098 23.09963
v 173.0727 53.03123 23.20708
v 173.0089 53.03098 22.99734
v 173.0149 53.03131 23.10356
v 172.9473 53.03098 22.89743
v 172.9537 53.03135 23.00302
v 172.8639 53.03098 22.76694
v 172.8682 53.03121 22.87452
v 172.7762 53.03098 22.64068
v 172.777 53.03097 22.75198
v 172.6851 53.03098 22.51852
v 172.6824 53.03071 22.63373
v 172.5832 53.03098 22.40423
v 172.5807 53.03072 22.51931
v 172.4848 53.03098 22.29122
v 172.4763 53.03021 22.4139
v 172.3817 53.03098 22.18364
v 172.3785 53.03062 22.32243
v 172.2765 53.03098 22.08022
v 172.2839 53.03149 22.24109
v 172.161 53.03098 21.98663
v 172.1517 53.03002 22.13551
v 172.0203 53.03098 21.8721
v 172.0342 53.03215 22.04977
v 171.8802 53.03098 21.76192
v 171.8895 53.03176 21.95265
v 171.7375 53.03098 21.65858
v 171.7629 53.03358 21.87649
v 171.5912 53.03098 21.56332
v 171.6113 53.03316 21.79225
v 171.4462 53.03098 21.4715
v 171.4806 53.03525 21.72652
v 171.3017 53.03098 21.38322
v 171.331 53.03499 21.65806
v 171.149 53.03098 21.30935
v 171.1896 53.03716 21.59838
v 170.9985 53.03098 21.2377
v 171.0332 53.03662 21.53979
v 170.8477 53.03098 21.17129
v 170.8879 53.03782 21.48996
v 170.6974 53.03098 21.10851
v 170.7318 53.03715 21.44166
v 170.544 53.03098 21.05552
v 170.5825 53.03834 21.40011
v 170.3901 53.03098 21.00892
v 170.424 53.03791 21.36028
v 170.207 53.03098 20.95608
v 170.2392 53.0379 21.31777
v 170.0252 53.03098 20.9066
v 170.0583 53.03886 21.28235
v 169.8415 53.03098 20.86832
v 169.871 53.03893 21.25013
v 169.6579 53.03098 20.83674
v 169.6849 53.03942 21.22235
v 169.4737 53.03098 20.81519
v 169.4968 53.03992 21.19871
v 169.2908 53.03098 20.79439
v 169.3102 53.0406 21.17975
v 169.1078 53.03098 20.77787
v 169.1234 53.04104 21.16514
v 168.9242 53.03098 20.77603
v 168.9348 53.0414 21.1554
v 168.7411 53.03098 20.77718
v 168.7463 53.04152 21.14963
v 168.5577 53.03098 20.78093
v 168.5576 53.04186 21.14819
v 168.3743 53.03098 20.79268
v 168.3682 53.0418 21.15127
v 168.1906 53.03098 20.81019
v 168.1799 53.04182 21.16061
v 168.0075 53.03098 20.83714
v 167.991 53.04169 21.17451
v 167.8231 53.03098 20.86601
v 167.8035 53.04116 21.19579
v 167.6394 53.03098 20.90445
v 167.6183 53.04023 21.22262
v 167.454 53.03098 20.94595
v 167.432 53.03936 21.25627
v 167.2704 53.03098 20.99884
v 167.2463 53.03893 21.29641
v 167.1186 53.03098 21.05046
v 167.097 53.0376 21.33495
v 166.9664 53.03098 21.10585
v 166.9396 53.03839 21.38128
v 166.8129 53.03098 21.16399
v 166.7905 53.0368 21.43062
v 166.6603 53.03098 21.2287
v 166.6331 53.03762 21.48934
v 166.5094 53.03098 21.3006
v 166.4903 53.03561 21.54857
v 166.3574 53.03098 21.37606
v 166.3321 53.03639 21.62017
v 166.2121 53.03098 21.46394
v 166.1969 53.03406 21.68601
v 166.0641 53.03098 21.55359
v 166.0376 53.03552 21.77294
v 165.917 53.03098 21.64888
v 165.8813 53.03654 21.86783
v 165.7687 53.03098 21.74843
v 165.7504 53.03376 21.95475
v 165.6299 53.03098 21.86071
v 165.6027 53.03474 22.06286
v 165.4891 53.03098 21.97624
v 165.4525 53.03576 22.18523
v 165.3477 53.03098 22.09655
v 165.3365 53.03249 22.2869
v 165.2384 53.03098 22.19901
v 165.2037 53.0351 22.41449
v 165.1345 53.03098 22.30783
v 165.112 53.03361 22.5099
v 165.0345 53.03098 22.42171
v 165.024 53.03227 22.60942
v 164.9379 53.03098 22.54012
v 164.9068 53.03442 22.75334
v 164.847 53.03098 22.66386
v 164.8279 53.03309 22.8573
v 164.7584 53.03098 22.79125
v 164.7495 53.03201 22.9675
v 164.6707 53.03098 22.92186
v 164.6811 53.03006 23.07172
v 164.6126 53.03098 23.02413
v 164.6322 53.02926 23.1524
v 164.5565 53.03098 23.12837
v 164.5734 53.02952 23.25377
v 164.5092 53.03098 23.2362
v 164.5195 53.03012 23.35537
v 164.4615 53.03098 23.34504
v 164.4681 53.03047 23.46096
v 164.4183 53.03098 23.45601
v 164.4201 53.0309 23.56785
v 164.3921 53.03098 23.53108
v 164.3903 53.03122 23.63997
v 164.368 53.03098 23.60692
v 164.3622 53.03158 23.71276
v 164.3437 53.03098 23.68318
v 164.335 53.03181 23.78694
v 164.3178 53.03098 23.75976
v 164.3096 53.03177 23.86403
v 164.283 53.03098 23.83608
v 164.284 53.03098 23.94726
v 173.282 53.43098 23.60921
v 173.2781 53.43064 23.72404
v 173.2485 53.43098 23.53521
v 173.2476 53.43088 23.64753
v 173.2153 53.43098 23.46189
v 173.2165 53.43103 23.57243
v 173.1824 53.43098 23.38921
v 173.1842 53.43108 23.4992
v 173.1335 53.43098 23.28123
v 173.1343 53.43099 23.39217
v 173.0835 53.43098 23.17482
v 173.0812 53.43075 23.28869
v 173.0219 53.43098 23.07292
v 173.0236 53.43107 23.18294
v 172.9583 53.43098 22.97336
v 172.9628 53.4313 23.08045
v 172.8955 53.43098 22.8752
v 172.8993 53.43126 22.98295
v 172.8064 53.43098 22.74879
v 172.8102 53.43127 22.85636
v 172.7174 53.43098 22.62516
v 172.7184 53.43101 22.73586
v 172.6179 53.43098 22.50909
v 172.6188 53.43101 22.61978
v 172.5192 53.43098 22.39577
v 172.5174 53.43075 22.50982
v 172.4198 53.43098 22.28579
v 172.4123 53.43016 22.40719
v 172.3152 53.43098 22.18163
v 172.3057 53.42991 22.31066
v 172.2052 53.43098 22.08403
v 172.1919 53.42947 22.2142
v 172.0634 53.43098 21.96972
v 172.0626 53.43082 22.11409
v 171.923 53.43098 21.85974
v 171.9159 53.43 22.01199
v 171.7817 53.43098 21.75539
v 171.7913 53.43213 21.93336
v 171.6364 53.43098 21.65957
v 171.6385 53.43113 21.84496
v 171.4896 53.43098 21.57043
v 171.5036 53.43299 21.77435
v 171.3465 53.43098 21.48221
v 171.3525 53.4318 21.70216
v 171.1991 53.43098 21.40341
v 171.2124 53.4332 21.64079
v 171.0511 53.43098 21.3302
v 171.0575 53.43204 21.58033
v 170.9019 53.43098 21.26336
v 170.9149 53.43356 21.52765
v 170.7534 53.43098 21.20024
v 170.7607 53.43241 21.47739
v 170.603 53.43098 21.14511
v 170.6144 53.43359 21.43343
v 170.4209 53.43098 21.08864
v 170.4297 53.43303 21.38508
v 170.2404 53.43098 21.03664
v 170.2474 53.43271 21.34226
v 170.0618 53.43098 20.98665
v 170.0678 53.4325 21.30515
v 169.8828 53.43098 20.94355
v 169.8909 53.43354 21.27284
v 169.7012 53.43098 20.91562
v 169.7088 53.43378 21.24457
v 169.5216 53.43098 20.88788
v 169.5276 53.43347 21.22087
v 169.3411 53.43098 20.87209
v 169.3466 53.43375 21.20218
v 169.1617 53.43098 20.85727
v 169.1657 53.43341 21.18729
v 168.9824 53.43098 20.84438
v 168.9857 53.43372 21.17678
v 168.8027 53.43098 20.84678
v 168.805 53.43358 21.1708
v 168.6233 53.43098 20.85185
v 168.6244 53.43389 21.16862
v 168.4437 53.43098 20.86028
v 168.4437 53.43387 21.17177
v 168.2641 53.43098 20.8767
v 168.263 53.43384 21.17879
v 168.0834 53.43098 20.89449
v 168.082 53.43327 21.19255
v 167.9026 53.43098 20.9206
v 167.9007 53.43309 21.21083
v 167.7232 53.43098 20.9584
v 167.7219 53.43236 21.23482
v 167.5428 53.43098 20.99961
v 167.5425 53.43172 21.26536
v 167.3613 53.43098 21.0457
v 167.3653 53.42998 21.30179
v 167.1817 53.43098 21.10276
v 167.1878 53.4293 21.3458
v 167.0031 53.43098 21.16814
v 167.0075 53.42997 21.39638
v 166.8517 53.43098 21.2237
v 166.8624 53.42816 21.44407
v 166.701 53.43098 21.28564
v 166.7085 53.42923 21.50027
v 166.5535 53.43098 21.35697
v 166.5694 53.42725 21.55592
v 166.4078 53.43098 21.43504
v 166.4173 53.42904 21.62241
v 166.2579 53.43098 21.51312
v 166.2788 53.42678 21.68917
v 166.1097 53.43098 21.5983
v 166.1236 53.42846 21.77117
v 165.9687 53.43098 21.69545
v 165.9898 53.42735 21.84907
v 165.826 53.43098 21.79567
v 165.8388 53.42897 21.94723
v 165.6872 53.43098 21.90393
v 165.6889 53.43084 22.0529
v 165.5452 53.43098 22.01476
v 165.5634 53.42838 22.14954
v 165.4051 53.43098 22.13237
v 165.4186 53.4292 22.27046
v 165.2941 53.43098 22.23119
v 165.3147 53.42829 22.36651
v 165.1874 53.43098 22.33597
v 165.1918 53.43051 22.49006
v 165.0859 53.43098 22.44676
v 165.1031 53.42892 22.58467
v 164.9915 53.43098 22.56399
v 165.0087 53.42898 22.69323
v 164.8918 53.43098 22.68198
v 164.9034 53.42971 22.82456
v 164.7915 53.43098 22.8033
v 164.8174 53.42808 22.93991
v 164.7102 53.43098 22.93471
v 164.7316 53.42864 23.06602
v 164.6518 53.43098 23.03574
v 164.67 53.42905 23.16331
v 164.6003 53.43098 23.14012
v 164.612 53.4298 23.26134
v 164.5504 53.43098 23.2461
v 164.5569 53.43037 23.36238
v 164.5 53.43098 23.35324
v 164.5039 53.43064 23.4672
v 164.4561 53.43098 23.46302
v 164.4547 53.43119 23.57244
v 164.4278 53.43098 23.53705
v 164.4239 53.43145 23.64445
v 164.3993 53.43098 23.61159
v 164.3938 53.4316 23.71785
v 164.3705 53.43098 23.68671
v 164.3654 53.43154 23.79331
v 173.1898 53.83098 23.46662
v 173.1893 53.83088 23.57869
v 173.1568 53.83098 23.39441
v 173.1552 53.83078 23.50753
v 173.1235 53.83098 23.3229
v 173.121 53.83069 23.4369
v 173.064 53.83098 23.21917
v 173.0651 53.83103 23.32976
v 173.0054 53.83098 23.11697
v 173.0071 53.83109 23.22688
v 172.9475 53.83098 23.01613
v 172.948 53.83097 23.12732
v 172.881 53.83098 22.91959
v 172.8836 53.83118 23.02858
v 172.8124 53.83098 22.82566
v 172.8168 53.83138 22.93262
v 172.7224 53.83098 22.70259
v 172.7253 53.83124 22.81104
v 172.6246 53.83098 22.58587
v 172.6285 53.83136 22.69312
v 172.5272 53.83099 22.4722
v 172.529 53.83112 22.58181
v 172.4299 53.83098 22.36145
v 172.4261 53.83044 22.4782
v 172.3211 53.83099 22.26009
v 172.3176 53.83046 22.37672
v 172.2143 53.83098 22.1611
v 172.208 53.83005 22.2819
v 172.0767 53.83098 22.04457
v 172.0668 53.82944 22.17126
v 171.9356 53.83098 21.93591
v 171.9229 53.82892 22.0677
v 171.7918 53.83099 21.83485
v 171.7864 53.83001 21.97776
v 171.649 53.83098 21.73826
v 171.6345 53.82834 21.88722
v 171.5022 53.83098 21.65079
v 171.5007 53.83054 21.81591
v 171.3585 53.83098 21.56548
v 171.351 53.82929 21.74118
v 171.2133 53.83099 21.48673
v 171.2163 53.83139 21.67895
v 171.0674 53.83098 21.41381
v 171.0648 53.8301 21.61701
v 170.921 53.83098 21.34643
v 170.9253 53.83178 21.56521
v 170.7737 53.83098 21.28523
v 170.7737 53.83066 21.51388
v 170.5954 53.83098 21.22095
v 170.6032 53.833 21.46072
v 170.4162 53.83099 21.16632
v 170.4224 53.83271 21.41177
v 170.2392 53.83098 21.11486
v 170.2443 53.83242 21.36781
v 170.064 53.83098 21.06647
v 170.0681 53.8322 21.3306
v 169.8896 53.83098 21.02116
v 169.896 53.83345 21.29787
v 169.712 53.83098 20.9924
v 169.7177 53.83352 21.2689
v 169.5358 53.83098 20.9663
v 169.5416 53.83418 21.24487
v 169.3603 53.83099 20.94254
v 169.3646 53.83372 21.22619
v 169.1843 53.83098 20.92827
v 169.1879 53.83385 21.2118
v 169.0083 53.83099 20.92283
v 169.011 53.8338 21.20098
v 168.8326 53.83098 20.91926
v 168.8345 53.83364 21.19515
v 168.6571 53.83098 20.92494
v 168.6581 53.83413 21.19405
v 168.4815 53.83098 20.93325
v 168.4816 53.83409 21.19752
v 168.3055 53.83098 20.94556
v 168.3048 53.83391 21.20574
v 168.13 53.83098 20.96857
v 168.1291 53.83327 21.21863
v 167.9534 53.83098 20.99282
v 167.9527 53.83261 21.2368
v 167.7772 53.83098 21.02594
v 167.7768 53.83205 21.26029
v 167.5983 53.83098 21.05861
v 167.5987 53.83142 21.28988
v 167.4226 53.83098 21.10716
v 167.4274 53.82923 21.32584
v 167.2475 53.83099 21.16322
v 167.2552 53.82817 21.36745
v 167.0694 53.83098 21.22007
v 167.0787 53.82779 21.4175
v 166.8909 53.83099 21.28421
v 166.9055 53.8264 21.4727
v 166.7435 53.83098 21.34536
v 166.7557 53.82747 21.52724
v 166.5965 53.83098 21.41204
v 166.6173 53.82525 21.58114
v 166.4487 53.83099 21.48291
v 166.4662 53.82662 21.64743
v 166.3018 53.83098 21.56018
v 166.3125 53.82861 21.72142
v 166.1614 53.83098 21.64912
v 166.18 53.82695 21.7915
v 166.0181 53.83099 21.73991
v 166.0248 53.82971 21.8828
v 165.8757 53.83098 21.83668
v 165.8903 53.82827 21.96914
v 165.7341 53.83098 21.93926
v 165.7463 53.82885 22.06937
v 165.5993 53.83098 22.05196
v 165.5997 53.83104 22.18277
v 165.4612 53.83098 22.16745
v 165.47 53.82964 22.28934
v 165.3506 53.83098 22.26377
v 165.354 53.83054 22.39433
v 165.2454 53.83098 22.36678
v 165.256 53.82946 22.49009
v 165.1416 53.83098 22.47392
v 165.1532 53.82938 22.59779
v 165.0386 53.83098 22.58493
v 165.0391 53.83101 22.72896
v 164.9441 53.83098 22.70308
v 164.9579 53.82914 22.82844
v 164.8598 53.83098 22.82816
v 164.8679 53.82998 22.94708
v 164.7941 53.83098 22.9229
v 164.8014 53.8301 23.0408
v 164.7267 53.83098 23.01885
v 164.7364 53.82981 23.13894
v 164.6638 53.83098 23.11805
v 164.674 53.82979 23.23821
v 164.6057 53.83098 23.22026
v 164.6156 53.82987 23.34001
v 164.5546 53.83098 23.32574
v 164.5611 53.83028 23.44221
v 164.5244 53.83098 23.39763
v 164.5263 53.83082 23.50997
v 164.4939 53.83098 23.47003
v 164.4933 53.83112 23.58009
v 164.4633 53.83098 23.54299
v 164.4607 53.83134 23.65145
v 173.0869 54.23099 23.33103
v 173.0855 54.23066 23.44503
v 173.0479 54.23098 23.26217
v 173.0476 54.23076 23.37521
v 173.0093 54.23099 23.194
v 173.009 54.23076 23.30708
v 172.9477 54.23098 23.09418
v 172.9483 54.23087 23.20634
v 172.8826 54.23098 22.99723
v 172.885 54.23108 23.10748
v 172.8168 54.23098 22.90231
v 172.8195 54.23111 23.01226
v 172.7492 54.23099 22.80982
v 172.7519 54.23112 22.9197
v 172.6777 54.23098 22.72065
v 172.6816 54.23127 22.82911
v 172.5809 54.23098 22.60533
v 172.5842 54.2312 22.71438
v 172.4821 54.23098 22.49424
v 172.4846 54.2311 22.60423
v 172.3786 54.23099 22.38875
v 172.3806 54.23104 22.49938
v 172.2773 54.23098 22.28542
v 172.2755 54.23046 22.40125
v 172.1665 54.23099 22.19096
v 172.1652 54.23051 22.30627
v 172.0499 54.23098 22.10407
v 172.0517 54.231 22.21508
v 171.9052 54.23098 22.00056
v 171.9075 54.23109 22.11067
v 171.7688 54.23098 21.89648
v 171.7656 54.23006 22.01578
v 171.6283 54.23099 21.80078
v 171.6199 54.22888 21.92985
v 171.4849 54.23098 21.71287
v 171.4737 54.22814 21.84825
v 171.3428 54.23098 21.62901
v 171.3277 54.22704 21.77368
v 171.1956 54.23098 21.55584
v 171.1791 54.22628 21.70656
v 171.0505 54.23098 21.48598
v 171.0316 54.22532 21.64475
v 170.8787 54.23098 21.40566
v 170.856 54.22351 21.57921
v 170.7038 54.23098 21.3371
v 170.6801 54.22231 21.5205
v 170.5292 54.23098 21.27549
v 170.5052 54.22119 21.46842
v 170.3562 54.23098 21.21829
v 170.3316 54.21999 21.42224
v 170.1822 54.23098 21.17049
v 170.159 54.21925 21.3817
v 170.0093 54.23098 21.12702
v 169.9877 54.21843 21.34724
v 169.8364 54.23098 21.09067
v 169.8172 54.21779 21.31665
v 169.6638 54.23099 21.06047
v 169.6473 54.21742 21.29084
v 169.4915 54.23098 21.03577
v 169.4781 54.21712 21.27033
v 169.3194 54.23098 21.01742
v 169.3098 54.21701 21.25455
v 169.1474 54.23098 21.00509
v 169.1415 54.21701 21.24187
v 168.9756 54.23099 21.00012
v 168.9733 54.21722 21.23332
v 168.804 54.23098 20.99833
v 168.8052 54.21733 21.22916
v 168.6327 54.23098 21.00484
v 168.6373 54.21779 21.22926
v 168.4613 54.23098 21.01493
v 168.4691 54.21829 21.23387
v 168.29 54.23098 21.03159
v 168.3002 54.21886 21.24326
v 168.1189 54.23099 21.05482
v 168.1313 54.21962 21.2571
v 167.9464 54.23099 21.07825
v 167.961 54.21996 21.27556
v 167.7718 54.23098 21.10353
v 167.7896 54.21978 21.29997
v 167.5989 54.23098 21.14215
v 167.6178 54.22059 21.33052
v 167.4269 54.23099 21.18954
v 167.4457 54.22197 21.36586
v 167.2541 54.23098 21.24185
v 167.2723 54.22324 21.40826
v 167.0783 54.23098 21.29584
v 167.0972 54.22382 21.45761
v 166.9057 54.23099 21.3628
v 166.9228 54.22519 21.51429
v 166.731 54.23099 21.43399
v 166.7473 54.22604 21.57938
v 166.5846 54.23098 21.4981
v 166.6001 54.22664 21.63947
v 166.4447 54.23098 21.57514
v 166.4558 54.22824 21.70537
v 166.3038 54.23098 21.65551
v 166.3114 54.22943 21.77766
v 166.1629 54.23098 21.74068
v 166.1671 54.23034 21.85636
v 166.0216 54.23098 21.83056
v 166.0235 54.23092 21.94214
v 165.8766 54.23098 21.92281
v 165.8798 54.23064 22.03633
v 165.7368 54.23098 22.02489
v 165.7394 54.23079 22.13741
v 165.6029 54.23098 22.13642
v 165.6024 54.23139 22.24453
v 165.4654 54.23098 22.25091
v 165.4669 54.23101 22.36177
v 165.3564 54.23098 22.34724
v 165.36 54.23062 22.46091
v 165.2551 54.23098 22.4513
v 165.2577 54.23082 22.56353
v 165.1514 54.23098 22.55758
v 165.1563 54.23047 22.67239
v 165.0483 54.23098 22.66782
v 165.0572 54.22984 22.78709
v 164.9548 54.23098 22.78561
v 164.9626 54.23003 22.90344
v 164.89 54.23098 22.87799
v 164.8952 54.23044 22.99295
v 164.825 54.23098 22.97201
v 164.8292 54.23061 23.08575
v 164.7594 54.23098 23.06762
v 164.7644 54.23051 23.18206
v 164.7025 54.23098 23.16749
v 164.7042 54.23097 23.27867
v 164.6473 54.23098 23.26934
v 164.6462 54.23133 23.37793
v 164.6098 54.23098 23.338
v 164.6082 54.23143 23.44605
v 164.5709 54.23098 23.4071
v 164.5712 54.23116 23.51699
v 172.9037 54.63099 23.10682
v 172.9037 54.63076 23.2197
v 172.8598 54.63099 23.04295
v 172.861 54.63094 23.15444
v 172.7948 54.63099 22.94846
v 172.7949 54.63078 23.06121
v 172.7306 54.63099 22.85542
v 172.7283 54.6304 22.97114
v 172.6558 54.63099 22.7682
v 172.6563 54.63082 22.88064
v 172.5819 54.63098 22.6827
v 172.5843 54.6311 22.79288
v 172.507 54.63099 22.59967
v 172.5101 54.63123 22.70886
v 172.3984 54.63099 22.49633
v 172.4064 54.63205 22.59889
v 172.2964 54.63099 22.3935
v 172.3031 54.63183 22.4975
v 172.1968 54.63099 22.29251
v 172.1992 54.63111 22.40256
v 172.0838 54.63099 22.20292
v 172.0885 54.63158 22.30938
v 171.9414 54.63099 22.09739
v 171.9482 54.63203 22.20024
v 171.8007 54.63099 21.99672
v 171.8065 54.63189 22.10072
v 171.6635 54.63098 21.89883
v 171.6649 54.63094 22.01022
v 171.5199 54.63099 21.81176
v 171.5199 54.63058 21.92598
v 171.3757 54.63099 21.73115
v 171.3747 54.63032 21.84742
v 171.2357 54.63099 21.65169
v 171.2305 54.62907 21.77769
v 171.0932 54.63099 21.58012
v 171.0855 54.62814 21.71293
v 170.9478 54.63099 21.51765
v 170.9394 54.62774 21.65373
v 170.7767 54.63099 21.44557
v 170.766 54.62655 21.59072
v 170.6057 54.63098 21.38073
v 170.5936 54.62546 21.53378
v 170.4354 54.63099 21.32219
v 170.4222 54.6243 21.4837
v 170.2641 54.63099 21.27312
v 170.2509 54.62351 21.43997
v 170.0941 54.63099 21.22886
v 170.0813 54.62275 21.40178
v 169.9248 54.63099 21.1901
v 169.9127 54.62198 21.36922
v 169.7556 54.63099 21.15838
v 169.7453 54.62153 21.34113
v 169.5876 54.63099 21.12933
v 169.5784 54.62066 21.31872
v 169.4192 54.63099 21.10938
v 169.4122 54.62056 21.30016
v 169.251 54.63099 21.09643
v 169.2466 54.62085 21.28538
v 169.0837 54.63099 21.08405
v 169.0814 54.62059 21.27476
v 168.9163 54.63099 21.08105
v 168.9164 54.62085 21.26878
v 168.7491 54.63098 21.08223
v 168.7514 54.62114 21.267
v 168.5818 54.63099 21.08642
v 168.586 54.62115 21.27052
v 168.415 54.63098 21.10185
v 168.421 54.62214 21.27738
v 168.2481 54.63098 21.12049
v 168.2556 54.62298 21.28865
v 168.08 54.63099 21.13932
v 168.0889 54.62316 21.30522
v 167.9128 54.63099 21.16866
v 167.922 54.62435 21.32554
v 167.7437 54.63099 21.1991
v 167.7537 54.62471 21.35236
v 167.5738 54.63099 21.23513
v 167.5844 54.62519 21.38458
v 167.4052 54.63099 21.28156
v 167.415 54.62638 21.42277
v 167.2351 54.63098 21.33186
v 167.2442 54.62725 21.46731
v 167.0632 54.63098 21.38667
v 167.0719 54.62777 21.5183
v 166.8932 54.63099 21.45222
v 166.9001 54.62883 21.57709
v 166.724 54.63099 21.52612
v 166.728 54.63012 21.64278
v 166.5508 54.63099 21.60245
v 166.5541 54.63042 21.71719
v 166.4108 54.63099 21.6771
v 166.4113 54.63135 21.78584
v 166.2703 54.63099 21.75613
v 166.2683 54.63203 21.86039
v 166.1349 54.63098 21.84513
v 166.1289 54.63306 21.94254
v 165.9964 54.63099 21.93619
v 165.9885 54.63345 22.03121
v 165.8545 54.63098 22.02998
v 165.8482 54.63291 22.12844
v 165.7176 54.63099 22.13326
v 165.711 54.63284 22.23195
v 165.5828 54.63099 22.24341
v 165.576 54.63279 22.3425
v 165.4716 54.63099 22.33366
v 165.4684 54.63198 22.43818
v 165.367 54.63099 22.43145
v 165.3645 54.6318 22.53716
v 165.2637 54.63099 22.53349
v 165.2627 54.6315 22.6413
v 165.1616 54.63099 22.63971
v 165.1628 54.63106 22.75033
v 165.0634 54.63099 22.75128
v 165.0664 54.63074 22.86395
v 164.9962 54.63099 22.83977
v 164.9973 54.63108 22.95025
v 164.9306 54.63099 22.9306
v 164.9298 54.6314 23.03905
v 164.8643 54.63099 23.02295
v 164.8634 54.63142 23.13133
v 164.7968 54.63099 23.11692
v 164.7978 54.6311 23.22733
v 164.7531 54.63099 23.18106
v 164.7555 54.63087 23.29289
v 164.714 54.63099 23.24727
v 164.7152 54.63105 23.35794
v 172.7006 55.03099 22.90446
v 172.6966 55.03072 23.01741
v 172.6277 55.03098 22.81739
v 172.6247 55.03088 22.92921
v 172.5531 55.03098 22.73309
v 172.5517 55.03116 22.84294
v 172.4799 55.03099 22.65031
v 172.4779 55.03107 22.76081
v 172.3988 55.03099 22.57317
v 172.4006 55.03178 22.67865
v 172.2933 55.03099 22.47267
v 172.2968 55.03217 22.57537
v 172.1902 55.03099 22.37454
v 172.1922 55.03191 22.4791
v 172.0815 55.03099 22.28329
v 172.0841 55.03212 22.38649
v 171.9706 55.03099 22.19719
v 171.9748 55.03251 22.29758
v 171.8322 55.03099 22.09483
v 171.8367 55.03263 22.19427
v 171.6926 55.03099 21.99924
v 171.6961 55.03249 22.09964
v 171.551 55.03099 21.91109
v 171.5544 55.03253 22.01111
v 171.4055 55.03099 21.83259
v 171.4104 55.03303 21.92883
v 171.2642 55.03099 21.75622
v 171.2679 55.03286 21.85406
v 171.1219 55.03099 21.68657
v 171.1249 55.03274 21.78534
v 170.9547 55.03099 21.60641
v 170.9544 55.03175 21.71209
v 170.7864 55.03099 21.53504
v 170.7841 55.03098 21.64618
v 170.6196 55.03098 21.46923
v 170.6195 55.03211 21.58875
v 170.4499 55.03099 21.41573
v 170.4507 55.03276 21.53584
v 170.2835 55.03099 21.3641
v 170.2847 55.03328 21.49013
v 170.1163 55.03098 21.32193
v 170.121 55.03603 21.45006
v 169.9521 55.03099 21.28004
v 169.9567 55.03671 21.41474
v 169.7865 55.03099 21.24883
v 169.7911 55.03805 21.38535
v 169.6218 55.03099 21.22278
v 169.6265 55.03983 21.36071
v 169.4573 55.03099 21.20392
v 169.4604 55.04008 21.34005
v 169.294 55.03099 21.18743
v 169.295 55.03978 21.32425
v 169.1315 55.03099 21.17101
v 169.1305 55.03998 21.31267
v 168.9684 55.03099 21.16419
v 168.9656 55.03975 21.3063
v 168.8055 55.03099 21.16841
v 168.8011 55.03988 21.30412
v 168.643 55.03099 21.17349
v 168.6373 55.03899 21.30635
v 168.4805 55.03099 21.18352
v 168.4739 55.0377 21.31248
v 168.3183 55.03099 21.20057
v 168.312 55.03579 21.32354
v 168.1552 55.03099 21.21845
v 168.1507 55.03298 21.34045
v 167.9905 55.03098 21.23761
v 167.9881 55.03083 21.36091
v 167.8263 55.03099 21.26659
v 167.8256 55.02958 21.38663
v 167.6622 55.03099 21.30275
v 167.6606 55.03039 21.41755
v 167.4968 55.03099 21.34288
v 167.4946 55.03083 21.45495
v 167.3313 55.03099 21.39013
v 167.3278 55.03163 21.49729
v 167.1633 55.03099 21.44021
v 167.1597 55.03163 21.54742
v 166.9975 55.03099 21.50154
v 166.992 55.03245 21.60386
v 166.8296 55.03098 21.56715
v 166.8227 55.03288 21.66669
v 166.6671 55.03099 21.64719
v 166.656 55.03443 21.73765
v 166.5006 55.03098 21.72915
v 166.4872 55.03489 21.81703
v 166.3642 55.03099 21.80577
v 166.3488 55.03538 21.89063
v 166.2251 55.03098 21.88476
v 166.2096 55.03509 21.97103
v 166.0838 55.03099 21.96764
v 166.0701 55.03438 22.05852
v 165.9483 55.03099 22.0609
v 165.9335 55.0344 22.15104
v 165.8123 55.03098 22.15931
v 165.7977 55.03416 22.25106
v 165.673 55.03099 22.26127
v 165.6621 55.03316 22.35957
v 165.564 55.03099 22.34879
v 165.5562 55.0323 22.45215
v 165.4599 55.03098 22.44292
v 165.4524 55.03217 22.54701
v 165.3553 55.03099 22.54042
v 165.3495 55.03174 22.64703
v 165.2499 55.03098 22.6414
v 165.2482 55.03083 22.75337
v 165.1799 55.03099 22.72367
v 165.1762 55.03126 22.83318
v 165.1091 55.03099 22.80742
v 165.1051 55.03132 22.91664
v 165.037 55.03099 22.89267
v 165.0342 55.03107 23.00327
v 164.9704 55.03099 22.98188
v 164.9657 55.03144 23.09034
v 164.9269 55.03099 23.04268
v 164.9212 55.03162 23.15019
v 172.4751 55.43098 22.72805
v 172.4706 55.4305 22.842
v 172.3984 55.43099 22.64917
v 172.3946 55.43066 22.76224
v 172.317 55.43098 22.57471
v 172.3158 55.43124 22.68429
v 172.2366 55.43099 22.50216
v 172.2366 55.43156 22.60978
v 172.1578 55.43099 22.43102
v 172.1578 55.43157 22.53854
v 172.0476 55.43099 22.3424
v 172.0497 55.43216 22.44635
v 171.9347 55.43098 22.25968
v 171.9397 55.43299 22.3584
v 171.8263 55.43099 22.17801
v 171.8313 55.43301 22.27646
v 171.6905 55.43099 22.08128
v 171.6946 55.43285 22.18058
v 171.5506 55.43099 21.99354
v 171.5549 55.43304 22.09154
v 171.4059 55.43099 21.91616
v 171.413 55.43403 22.00776
v 171.2658 55.43098 21.84102
v 171.273 55.43428 21.93089
v 171.127 55.43099 21.77027
v 171.133 55.43409 21.86158
v 170.9593 55.43099 21.69429
v 170.9648 55.4341 21.78523
v 170.7937 55.43099 21.62398
v 170.7976 55.43373 21.71707
v 170.6291 55.43099 21.56004
v 170.6317 55.43331 21.65572
v 170.4612 55.43098 21.50949
v 170.4645 55.434 21.60067
v 170.2972 55.43099 21.46078
v 170.2999 55.43399 21.5522
v 170.133 55.43098 21.4207
v 170.1361 55.43456 21.50852
v 169.9719 55.43099 21.38197
v 169.9739 55.43422 21.47181
v 169.8116 55.43099 21.34851
v 169.8144 55.43567 21.44091
v 169.652 55.43099 21.31977
v 169.6538 55.43546 21.41513
v 169.4914 55.43099 21.30248
v 169.4938 55.43724 21.39341
v 169.3058 55.43099 21.28648
v 169.3069 55.43816 21.37526
v 169.1218 55.43099 21.27059
v 169.121 55.43761 21.36246
v 168.9376 55.43099 21.26766
v 168.9356 55.43734 21.35636
v 168.754 55.43099 21.27008
v 168.7509 55.43602 21.35545
v 168.57 55.43099 21.2725
v 168.566 55.43572 21.36138
v 168.3856 55.43099 21.28313
v 168.3815 55.43442 21.37264
v 168.201 55.43099 21.30254
v 168.1959 55.4348 21.3903
v 168.0409 55.43099 21.31938
v 168.0358 55.43412 21.41158
v 167.8803 55.43099 21.3433
v 167.875 55.43378 21.43763
v 167.7212 55.43099 21.37879
v 167.7147 55.43442 21.46928
v 167.5612 55.43099 21.41848
v 167.5534 55.43496 21.50606
v 167.3997 55.43099 21.46178
v 167.3907 55.43524 21.54829
v 167.2369 55.43098 21.5103
v 167.2274 55.4351 21.59762
v 167.0729 55.43099 21.56443
v 167.0632 55.43493 21.65325
v 166.9106 55.43098 21.62867
v 166.8994 55.43531 21.71572
v 166.7461 55.43099 21.69748
v 166.7343 55.43521 21.78535
v 166.5825 55.43099 21.77511
v 166.5702 55.43517 21.86349
v 166.4182 55.43099 21.85976
v 166.4059 55.43489 21.94982
v 166.2826 55.43099 21.9375
v 166.2697 55.43484 22.02792
v 166.149 55.43099 22.02236
v 166.135 55.435 22.11205
v 166.0143 55.43099 22.11154
v 166.0004 55.43479 22.20272
v 165.8765 55.43098 22.20428
v 165.8651 55.43385 22.30054
v 165.7668 55.43098 22.28319
v 165.7578 55.43299 22.38393
v 165.6624 55.43099 22.36929
v 165.6532 55.43295 22.47019
v 165.56 55.43099 22.4601
v 165.5498 55.43315 22.56
v 165.4552 55.43099 22.55326
v 165.4463 55.43271 22.65547
v 165.3751 55.43099 22.62499
v 165.369 55.43194 22.73114
v 165.2997 55.43099 22.70121
v 165.2937 55.4319 22.80764
v 165.2276 55.43099 22.78089
v 165.2199 55.43229 22.88541
v 172.1846 55.83099 22.52924
v 172.1772 55.83098 22.64016
v 172.0979 55.83099 22.46422
v 172.0937 55.83191 22.57011
v 172.014 55.83099 22.40018
v 172.0114 55.8324 22.50349
v 171.9272 55.83099 22.34046
v 171.9275 55.83338 22.4386
v 171.8423 55.83099 22.28208
v 171.8436 55.83382 22.37777
v 171.7319 55.83099 22.20613
v 171.7335 55.83403 22.30062
v 171.6198 55.83099 22.13548
v 171.6224 55.83458 22.22729
v 171.5081 55.83099 22.06868
v 171.5116 55.83501 22.158
v 171.3723 55.83099 21.98747
v 171.3741 55.83457 22.07867
v 171.2381 55.83099 21.91035
v 171.2375 55.83381 22.00568
v 171.0991 55.83099 21.84372
v 171.0991 55.83422 21.93673
v 170.9598 55.83099 21.78359
v 170.9599 55.83456 21.87461
v 170.7958 55.83099 21.71578
v 170.7954 55.83461 21.80647
v 170.6317 55.83099 21.65652
v 170.6317 55.83507 21.74469
v 170.4701 55.83099 21.6021
v 170.4691 55.83499 21.69067
v 170.308 55.83099 21.55696
v 170.3073 55.83563 21.64209
v 170.1484 55.83099 21.51554
v 170.1473 55.83585 21.59919
v 169.9898 55.83099 21.48049
v 169.9883 55.83622 21.5625
v 169.8085 55.83099 21.44004
v 169.8055 55.8355 21.5257
v 169.6253 55.83099 21.41598
v 169.6224 55.83655 21.49559
v 169.4445 55.83099 21.39587
v 169.4406 55.83708 21.47291
v 169.2655 55.83099 21.3779
v 169.2605 55.83683 21.45622
v 169.0872 55.83099 21.36507
v 169.081 55.83629 21.4464
v 168.9089 55.83099 21.36172
v 168.9019 55.83664 21.44147
v 168.7308 55.83099 21.35842
v 168.7228 55.83606 21.44197
v 168.5529 55.83099 21.36905
v 168.5439 55.83653 21.45007
v 168.375 55.83099 21.38485
v 168.365 55.83704 21.46361
v 168.1953 55.83099 21.39954
v 168.1846 55.83627 21.48295
v 168.0149 55.83099 21.42252
v 168.0038 55.83577 21.50869
v 167.8351 55.83099 21.45705
v 167.8226 55.83635 21.54107
v 167.6527 55.83099 21.49447
v 167.64 55.83591 21.58096
v 167.4941 55.83099 21.52983
v 167.4821 55.8349 21.62156
v 167.3374 55.83099 21.57673
v 167.3241 55.83533 21.66663
v 167.1793 55.83099 21.62825
v 167.1655 55.83529 21.71852
v 167.0214 55.83099 21.68743
v 167.0063 55.83566 21.7761
v 166.8605 55.83099 21.74989
v 166.8456 55.83516 21.84119
v 166.7015 55.83099 21.82254
v 166.6856 55.83536 21.91293
v 166.5372 55.83099 21.89717
v 166.5229 55.83428 21.9928
v 166.4017 55.83099 21.96725
v 166.3885 55.83363 22.06598
v 166.2688 55.83099 22.04548
v 166.2551 55.83372 22.1438
v 166.1385 55.83099 22.13118
v 166.1227 55.83445 22.2265
v 166.0045 55.83099 22.21937
v 165.9894 55.83395 22.31687
v 165.8966 55.83099 22.29377
v 165.8827 55.83344 22.39373
v 165.7867 55.83099 22.37086
v 165.7748 55.83258 22.47461
v 165.7059 55.83099 22.43237
v 165.6949 55.83223 22.5376
v 165.63 55.83099 22.49893
v 165.6175 55.83269 22.60223
v 165.5527 55.83099 22.56676
v 165.5395 55.83287 22.66923
v 171.5957 56.231 22.19207
v 171.5944 56.2335 22.29108
v 171.4783 56.231 22.13173
v 171.4797 56.23481 22.22445
v 171.3645 56.23099 22.07322
v 171.3675 56.23568 22.16187
v 171.2572 56.23099 22.01325
v 171.2583 56.23505 22.10452
v 171.1222 56.23099 21.94427
v 171.1217 56.23446 22.03827
v 170.9844 56.23099 21.88436
v 170.9843 56.23491 21.97628
v 170.8489 56.23099 21.82827
v 170.8486 56.23509 21.91944
v 170.6859 56.231 21.76961
v 170.6858 56.23568 21.85806
v 170.5268 56.23099 21.71461
v 170.5259 56.23561 21.80326
v 170.3695 56.23099 21.66504
v 170.368 56.23552 21.75436
v 170.2137 56.23099 21.62112
v 170.2114 56.23542 21.71077
v 170.0568 56.231 21.58801
v 170.055 56.23643 21.67293
v 169.8781 56.23099 21.55051
v 169.8758 56.23663 21.63468
v 169.7001 56.23099 21.52277
v 169.6973 56.23726 21.60374
v 169.5234 56.23099 21.50365
v 169.5202 56.23847 21.57958
v 169.3496 56.23099 21.48514
v 169.3454 56.2384 21.56084
v 169.1761 56.23099 21.47715
v 169.171 56.23949 21.54801
v 169.0043 56.23099 21.46736
v 168.9979 56.23899 21.54086
v 168.8326 56.231 21.4571
v 168.825 56.23732 21.53908
v 168.6607 56.23099 21.46274
v 168.6522 56.2375 21.54348
v 168.4885 56.231 21.47128
v 168.4792 56.23734 21.55304
v 168.3163 56.231 21.48816
v 168.3059 56.23782 21.56839
v 168.1424 56.231 21.50597
v 168.1314 56.23712 21.5897
v 167.9684 56.23099 21.53325
v 167.9567 56.23718 21.61681
v 167.7937 56.23099 21.56757
v 167.7809 56.23729 21.6508
v 167.6158 56.23099 21.60403
v 167.6032 56.23634 21.69168
v 167.4366 56.23099 21.64848
v 167.424 56.23574 21.73906
v 167.2831 56.23099 21.69526
v 167.2698 56.23587 21.78577
v 167.1285 56.23099 21.74769
v 167.1147 56.23585 21.83832
v 166.9714 56.23099 21.80427
v 166.9575 56.23541 21.8966
v 166.8116 56.23099 21.86564
v 166.7986 56.23447 21.96212
v 166.6563 56.23099 21.94035
v 166.6418 56.2351 22.03423
v 166.523 56.23099 22.00451
v 166.5092 56.23452 22.10091
v 166.3917 56.231 22.07631
v 166.3769 56.23488 22.17152
v 166.2592 56.23099 22.15277
v 166.2438 56.23494 22.24788
v 166.1549 56.23099 22.21949
v 166.1385 56.23519 22.31336
v 166.0453 56.23099 22.28601
v 166.0303 56.23442 22.38308
v 170.9149 56.631 21.92065
v 170.9095 56.63472 22.01509
v 170.7767 56.63099 21.8735
v 170.7727 56.6359 21.96297
v 170.6391 56.631 21.83291
v 170.6368 56.63753 21.91554
v 170.48 56.631 21.78533
v 170.478 56.63839 21.86469
v 170.3227 56.63099 21.74461
v 170.3206 56.63913 21.82005
v 170.1688 56.63099 21.70743
v 170.1664 56.63969 21.78074
v 169.9926 56.63099 21.66879
v 169.9894 56.64021 21.74097
v 169.8169 56.631 21.64174
v 169.8132 56.64148 21.70799
v 169.6457 56.63099 21.61468
v 169.6409 56.64156 21.68105
v 169.4761 56.63099 21.59404
v 169.4699 56.64164 21.6601
v 169.3075 56.63099 21.58131
v 169.3 56.64238 21.64432
v 169.1403 56.63099 21.57422
v 169.1314 56.64296 21.6344
v 168.9743 56.63099 21.57211
v 168.9641 56.64394 21.62893
v 168.809 56.63099 21.56931
v 168.7974 56.64365 21.62867
v 168.6437 56.631 21.57247
v 168.6305 56.64293 21.63361
v 168.4781 56.63099 21.58093
v 168.4637 56.64255 21.64371
v 168.3112 56.63099 21.59129
v 168.2958 56.64146 21.65887
v 168.1438 56.63099 21.61077
v 168.1272 56.64149 21.67943
v 167.9745 56.63099 21.63319
v 167.9574 56.64058 21.70535
v 167.8038 56.63099 21.66227
v 167.7861 56.63985 21.73751
v 167.6335 56.63099 21.70261
v 167.6143 56.64019 21.77655
v 167.4599 56.63099 21.74589
v 167.4402 56.63962 21.82209
v 167.3111 56.63099 21.79118
v 167.2902 56.63993 21.8665
v 167.1586 56.63099 21.8385
v 167.1375 56.63931 21.91653
v 167.0042 56.63099 21.89134
v 166.9833 56.63853 21.97294
v 166.8759 56.63099 21.94223
v 166.8545 56.63835 22.02429
v 166.7403 56.63099 21.9908
v 166.7212 56.63625 22.08104
v 172.4519 43.03094 23.33815
v 172.5268 43.43095 23.35312
v 172.4226 43.03094 23.24477
v 172.3902 43.03094 23.15247
v 172.3579 43.03094 23.06034
v 172.3148 43.03094 22.9375
v 172.2702 43.03094 22.81503
v 172.2226 43.03094 22.69341
v 172.174 43.03094 22.57164
v 172.0968 43.03094 22.42738
v 172.0141 43.03094 22.2862
v 171.931 43.03094 22.14476
v 171.8393 43.03094 22.00849
v 171.745 43.03094 21.87344
v 171.6407 43.03094 21.74577
v 171.5341 43.03094 21.61941
v 171.42 43.03094 21.49953
v 171.2972 43.03094 21.38857
v 171.1713 43.03094 21.28078
v 171.0404 43.03094 21.17906
v 170.9042 43.03094 21.08419
v 170.7663 43.03094 20.99153
v 170.6273 43.03094 20.89894
v 170.4797 43.03094 20.82101
v 170.3324 43.03094 20.741
v 170.1784 43.03094 20.67487
v 170.0208 43.03094 20.61727
v 169.8609 43.03094 20.56644
v 169.7004 43.03094 20.51544
v 169.5363 43.03094 20.47741
v 169.3704 43.03094 20.44767
v 169.2039 43.03094 20.41795
v 169.0358 43.03094 20.39732
v 168.8666 43.03094 20.38736
v 168.6966 43.03094 20.37964
v 168.5264 43.03094 20.38295
v 168.3557 43.03094 20.38992
v 168.1855 43.03094 20.40689
v 168.0167 43.03094 20.43545
v 167.8484 43.03094 20.46862
v 167.6814 43.03094 20.50857
v 167.5132 43.03094 20.54824
v 167.3509 43.03094 20.60677
v 167.1899 43.03094 20.6696
v 167.0294 43.03094 20.7351
v 166.8742 43.03094 20.81267
v 166.7184 43.03094 20.89059
v 166.5683 43.03094 20.97946
v 166.4233 43.03094 21.07691
v 166.2788 43.03094 21.17614
v 166.2511 43.43094 21.14256
v 172.6128 43.43095 23.57356
v 172.6803 43.83095 23.59572
v 172.5827 43.43095 23.51121
v 172.5526 43.43095 23.44948
v 166.1081 43.43095 21.24828
v 165.9713 43.43095 21.36241
v 165.8368 43.43095 21.48051
v 165.742 43.83095 21.49133
v 172.7447 44.23095 23.61951
v 165.6214 43.83095 21.62702
v 165.5082 43.83095 21.76902
v 165.4016 43.83094 21.91606
v 165.3021 43.83095 22.06805
v 165.2295 43.83095 22.19389
v 165.157 43.83095 22.3198
v 165.0917 43.83095 22.44959
v 165.0267 43.83095 22.57964
v 164.9685 43.83095 22.71294
v 164.9173 43.83095 22.84911
v 164.8739 43.83094 22.98788
v 164.844 43.83095 23.09267
v 164.8137 43.83095 23.19728
v 164.7878 43.83095 23.30308
v 164.7633 43.83094 23.4092
v 164.747 43.83095 23.47999
v 164.7231 43.83095 23.54955
v 164.6929 43.83095 23.61849
v 164.6255 44.23095 23.68289
v 172.8465 44.63095 23.71005
v 164.5642 44.63095 23.71222
v 172.8965 45.03096 23.70303
v 164.493 45.03094 23.77972
v 172.9749 45.43096 23.76556
v 164.4279 45.43096 23.85003
v 173.0293 45.83095 23.79602
v 164.369 45.83096 23.88364
v 173.0951 46.23096 23.82617
v 164.3772 46.23096 23.84516
v 173.1385 46.63096 23.85956
v 164.2859 46.63096 23.95623
v 173.2098 47.03096 23.92968
v 164.2709 47.03096 23.95518
v 173.2145 47.43096 23.8908
v 164.2451 47.43096 23.95337
v 173.2859 47.83096 23.96276
v 164.2109 47.83096 23.99149
v 173.2891 48.23096 23.92344
v 164.2025 48.23096 23.99098
v 173.3584 48.63097 23.99736
v 164.1667 48.63097 24.02963
v 173.3813 49.03097 23.99596
v 164.1754 49.03097 24.03009
v 173.4197 49.43097 24.03377
v 164.1607 49.43097 24.02932
v 173.424 49.83097 24.03354
v 164.1344 49.83096 24.06903
v 173.4391 50.23097 24.03275
v 164.1445 50.23097 24.06948
v 173.4587 50.63097 24.03172
v 164.1411 50.63097 24.06933
v 173.4687 51.03097 24.0312
v 164.138 51.03097 24.06919
v 173.4695 51.43097 23.99056
v 164.167 51.43097 24.02965
v 173.4507 51.83098 23.95124
v 164.1657 51.83097 24.02958
v 173.4163 52.23098 23.87315
v 164.207 52.23098 23.95071
v 173.415 52.63098 23.83294
v 164.2113 52.63098 23.95101
v 173.3451 53.03098 23.72011
v 164.2637 53.03098 23.87444
v 173.3227 53.43098 23.68304
v 164.3329 53.43098 23.76149
v 173.2369 53.83098 23.53715
v 164.429 53.83098 23.61604
v 173.1381 54.23098 23.39822
v 164.5295 54.23099 23.47663
v 172.9481 54.63099 23.17142
v 164.6745 54.63099 23.31418
v 172.748 55.03099 22.96412
v 164.8802 55.03098 23.1034
v 172.5294 55.43098 22.78057
v 165.1772 55.43098 22.83423
v 172.2467 55.83099 22.57197
v 165.4943 55.83099 22.60975
v 171.6846 56.23099 22.23986
v 165.9599 56.23099 22.33648
v 171.0267 56.631 21.96213
v 166.6288 56.63099 22.03156
v 170.2055 56.85756 21.74563
v 170.0516 56.85756 21.71863
v 169.9033 56.85756 21.68947
v 169.7305 56.85756 21.66655
v 169.5611 56.85756 21.64752
v 169.393 56.85756 21.63774
v 169.2281 56.85756 21.62813
v 169.0645 56.85756 21.62443
v 168.902 56.85756 21.62564
v 168.7401 56.85756 21.62281
v 168.5778 56.85756 21.62708
v 168.4149 56.85756 21.63644
v 168.2505 56.85755 21.64816
v 168.0838 56.85755 21.66265
v 167.9179 56.85755 21.69104
v 167.7501 56.85756 21.72378
v 167.578 56.85756 21.75778
vn 0.9520257 -0.1745259 -0.2513716
vn -0.9476605 0.1622526 0.2749792
vn 0.9416721 -0.1848196 -0.2812391
vn -0.9519579 0.1750411 0.2512704
vn 0.927384 -0.1929202 -0.3205321
vn -0.9418181 0.1862771 0.279785
vn 0.9172601 -0.1870298 -0.3516445
vn -0.9335136 0.1923043 0.3026076
vn 0.9135485 -0.1791011 -0.3651739
vn -0.921347 0.1896651 0.3393331
vn 0.9124637 -0.1757468 -0.3694904
vn -0.908654 0.1832205 0.3752042
vn 0.8893043 -0.1715544 -0.4239187
vn -0.8923523 0.1699967 0.4181012
vn 0.8589631 -0.1764271 -0.4806827
vn -0.8673105 0.1679669 0.468572
vn 0.8448236 -0.1737432 -0.5060499
vn -0.8428361 0.1541708 0.5156149
vn 0.8221211 -0.1700341 -0.543328
vn -0.8151475 0.1320314 0.5640056
vn 0.7989566 -0.161428 -0.5793179
vn -0.7947609 0.1126728 0.5963724
vn 0.7766729 -0.1522947 -0.6112165
vn -0.7593936 0.08548939 0.6449906
vn 0.7595265 -0.1546962 -0.6318138
vn -0.7320657 0.0604306 0.6785485
vn 0.7189241 -0.15082 -0.6785288
vn -0.6996046 0.03104847 0.7138553
vn 0.6778365 -0.1443716 -0.7208983
vn -0.6622866 0.003061037 0.7492443
vn 0.6478328 -0.1398748 -0.7488309
vn -0.6257842 -0.02156647 0.7796981
vn 0.6315755 -0.1378657 -0.7629584
vn -0.5898145 -0.04848735 0.8060817
vn 0.5878645 -0.1388738 -0.7969501
vn -0.5502408 -0.07399645 0.8317208
vn 0.5424094 -0.1335074 -0.8294382
vn -0.5176898 -0.09836324 0.8498952
vn 0.5277914 -0.1224666 -0.8404987
vn -0.4801282 -0.1301584 0.8674882
vn 0.4996744 -0.1178019 -0.8581657
vn -0.4331978 -0.1640817 0.8862375
vn 0.4599659 -0.1178245 -0.8800845
vn -0.3966488 -0.1926107 0.897536
vn 0.3922772 -0.1071732 -0.9135823
vn -0.3525401 -0.2238785 0.908622
vn 0.369911 -0.1073038 -0.9228498
vn -0.3138679 -0.2444135 0.9174688
vn 0.3376762 -0.1121908 -0.9345524
vn -0.273973 -0.26347 0.9249445
vn 0.2911436 -0.1112036 -0.9501942
vn -0.2500081 -0.2807572 0.9266452
vn 0.2401956 -0.1031029 -0.9652337
vn -0.2171317 -0.2970947 0.9298326
vn 0.1882723 -0.09712528 -0.9773026
vn -0.1839144 -0.3043976 0.9346216
vn 0.1596879 -0.09309639 -0.9827679
vn -0.1526305 -0.3120372 0.9377295
vn 0.1462498 -0.09291083 -0.9848749
vn -0.111502 -0.3238271 0.939523
vn 0.09543243 -0.09693985 -0.9907045
vn -0.07857196 -0.3276613 0.9415224
vn 0.05391899 -0.1005989 -0.9934649
vn -0.04753757 -0.3272162 0.9437529
vn -0.005034745 -0.09628444 -0.9953411
vn -0.007950771 -0.3270474 0.9449745
vn -0.05110289 -0.09086915 -0.9945508
vn 0.01837429 -0.321842 0.946615
vn -0.0828861 -0.08635061 -0.9928108
vn 0.05175333 -0.3157198 0.94744
vn -0.1177627 -0.08866537 -0.9890755
vn 0.0913086 -0.3041266 0.9482456
vn -0.1594897 -0.09447543 -0.9826685
vn 0.1258997 -0.2873338 0.9495202
vn -0.2074814 -0.09797103 -0.9733207
vn 0.1579892 -0.2694754 0.9499592
vn -0.2276225 -0.101801 -0.9684134
vn 0.1815975 -0.2522251 0.9504762
vn -0.2852889 -0.1015162 -0.9530503
vn 0.2284104 -0.2322225 0.9454636
vn -0.3337808 -0.1061792 -0.9366517
vn 0.2658518 -0.2018036 0.9426548
vn -0.3686285 -0.1071105 -0.9233853
vn 0.2981103 -0.1733385 0.9386607
vn -0.4139534 -0.1094235 -0.9036975
vn 0.3478723 -0.1440132 0.9264151
vn -0.457408 -0.1122443 -0.8821446
vn 0.3863673 -0.1137241 0.9153071
vn -0.4839417 -0.1125367 -0.8678341
vn 0.4259255 -0.08527025 0.900731
vn -0.5256099 -0.1164476 -0.8427184
vn 0.476912 -0.05272444 0.8773683
vn -0.5679376 -0.1141612 -0.8151159
vn 0.4504734 -0.02223061 0.8925131
vn 0.9247167 -0.1439763 -0.3523774
vn -0.7775236 0.03204369 0.6280367
vn 0.9447819 -0.1676391 -0.2815747
vn -0.9718755 0.1333167 0.1941256
vn 0.9527958 -0.1771435 -0.2465775
vn -0.9696639 0.1540309 0.1898062
vn 0.9535004 -0.1776539 -0.2434668
vn -0.963052 0.1666454 0.2115661
vn 0.951871 -0.1748664 -0.2517211
vn -0.9602075 0.1731064 0.2191709
vn 0.9400538 -0.1734398 -0.2936282
vn -0.9512995 0.1737366 0.2546467
vn 0.919584 -0.1730011 -0.3527548
vn -0.9419392 0.1725335 0.2880672
vn 0.9088725 -0.1685284 -0.3815088
vn -0.9291031 0.1686546 0.3291244
vn 0.9103885 -0.1634249 -0.380112
vn -0.9126388 0.1619286 0.3753259
vn 0.9042539 -0.1577514 -0.3967863
vn -0.8952501 0.1523831 0.4186963
vn 0.8727745 -0.1547136 -0.462956
vn -0.8725354 0.1396104 0.4681784
vn 0.8577343 -0.1549242 -0.4901942
vn -0.8442364 0.1228387 0.5217045
vn 0.8369158 -0.1572593 -0.5242531
vn -0.8128098 0.1041023 0.5731518
vn 0.8010797 -0.1538891 -0.578437
vn -0.7861329 0.0851815 0.6121595
vn 0.7791492 -0.1450576 -0.6098235
vn -0.7517678 0.06368532 0.6563454
vn 0.7742341 -0.1396345 -0.6173036
vn -0.7133964 0.03949299 0.699647
vn 0.7440546 -0.1378019 -0.6537532
vn -0.6787091 0.01463471 0.7342613
vn 0.693161 -0.1361466 -0.7078078
vn -0.6422463 -0.01194189 0.7664053
vn 0.650445 -0.1292343 -0.7484784
vn -0.6030358 -0.04000396 0.7967104
vn 0.6349607 -0.1216557 -0.7629055
vn -0.5673624 -0.06573146 0.8208406
vn 0.6115795 -0.1129546 -0.7830783
vn -0.5275025 -0.09187624 0.8445708
vn 0.5641916 -0.1085302 -0.8184798
vn -0.4954776 -0.1160947 0.8608274
vn 0.5202313 -0.1120636 -0.8466411
vn -0.450726 -0.141892 0.881313
vn 0.5112162 -0.1084337 -0.8525844
vn -0.4115711 -0.1684062 0.8956832
vn 0.4843721 -0.1044487 -0.8686047
vn -0.3701611 -0.1933486 0.9086237
vn 0.4212459 -0.1001903 -0.9013954
vn -0.3316199 -0.2168628 0.9181497
vn 0.3843922 -0.1030753 -0.9173974
vn -0.2990875 -0.2383943 0.9239668
vn 0.3564475 -0.1008125 -0.9288607
vn -0.2608498 -0.2602585 0.9296358
vn 0.3133416 -0.0918602 -0.9451872
vn -0.2267815 -0.2778243 0.9334794
vn 0.2556894 -0.08859608 -0.9626908
vn -0.2051809 -0.2937255 0.9336092
vn 0.2100895 -0.08550038 -0.9739364
vn -0.1822742 -0.3089124 0.933461
vn 0.1687927 -0.086705 -0.9818306
vn -0.1510604 -0.3223879 0.9344767
vn 0.1549048 -0.08727012 -0.9840674
vn -0.1144426 -0.3332415 0.9358702
vn 0.1333892 -0.08193848 -0.9876707
vn -0.09189026 -0.3388804 0.9363313
vn 0.08006157 -0.08033409 -0.9935475
vn -0.06837216 -0.3415613 0.9373693
vn 0.02940446 -0.0801959 -0.9963454
vn -0.03674817 -0.3418398 0.9390395
vn -0.03687112 -0.07973333 -0.9961341
vn -0.01152063 -0.3380737 0.9410491
vn -0.065133 -0.08170091 -0.9945264
vn 0.01711746 -0.3319606 0.943138
vn -0.09853195 -0.08359771 -0.9916162
vn 0.04610389 -0.3251075 0.9445525
vn -0.1267528 -0.08450222 -0.9883285
vn 0.07595674 -0.3148214 0.9461067
vn -0.1778091 -0.08428527 -0.9804488
vn 0.1050693 -0.3018793 0.9475386
vn -0.2122864 -0.08357811 -0.9736268
vn 0.1332105 -0.2866502 0.9487289
vn -0.2482926 -0.08129181 -0.965268
vn 0.1628835 -0.2707272 0.9487758
vn -0.302972 -0.08383506 -0.9493048
vn 0.1955265 -0.2533999 0.9473953
vn -0.3468022 -0.08781631 -0.9338182
vn 0.2284246 -0.2344599 0.9449078
vn -0.377072 -0.09012237 -0.9217888
vn 0.2669882 -0.2140447 0.9396287
vn -0.4152714 -0.09687767 -0.9045244
vn 0.3066486 -0.1916751 0.9323236
vn -0.4654058 -0.1066433 -0.8786494
vn 0.3478046 -0.1628292 0.9233193
vn -0.4886824 -0.1079182 -0.8657616
vn 0.3899996 -0.1380783 0.9104035
vn -0.5477633 -0.1135157 -0.8288965
vn 0.4412413 -0.1096558 0.8906636
vn -0.5824133 -0.1148033 -0.8047453
vn 0.4514144 -0.1067546 0.8859054
vn -0.5961594 -0.1102165 -0.7952648
vn 0.5365533 -0.09567671 0.8384249
vn -0.613272 -0.1145428 -0.7815225
vn 0.5863548 -0.06038191 0.8078008
vn -0.639756 -0.1221898 -0.758803
vn 0.5160912 -0.05070835 0.8550314
vn 0.9494639 -0.1471917 -0.2772233
vn -0.5602479 0.05043493 0.8267881
vn 0.9599585 -0.1643795 -0.2268458
vn -0.9762977 0.1614265 0.144167
vn 0.9589335 -0.1697303 -0.2272399
vn -0.9744567 0.1639325 0.1534935
vn 0.9546049 -0.1730577 -0.2424469
vn -0.9694905 0.166149 0.1802297
vn 0.94922 -0.1735552 -0.2624118
vn -0.9637024 0.1680117 0.2074841
vn 0.9409483 -0.1637735 -0.2963011
vn -0.95528 0.1658778 0.2447952
vn 0.9295661 -0.1610262 -0.3316283
vn -0.9451158 0.1633132 0.282993
vn 0.9102663 -0.1628664 -0.380644
vn -0.9303629 0.1564893 0.3315656
vn 0.9057084 -0.1617784 -0.3918162
vn -0.9113946 0.1465272 0.384564
vn 0.9021848 -0.1579698 -0.4013829
vn -0.8904495 0.136249 0.4342071
vn 0.879694 -0.1516878 -0.4506986
vn -0.8648872 0.1218822 0.4869444
vn 0.8612227 -0.1479639 -0.4862121
vn -0.835703 0.1034164 0.5393568
vn 0.8471236 -0.1434339 -0.5116723
vn -0.8006002 0.08349812 0.5933526
vn 0.8090243 -0.1325559 -0.5726331
vn -0.7671797 0.06224439 0.6384049
vn 0.7800532 -0.1294041 -0.6121859
vn -0.7308955 0.0362193 0.6815277
vn 0.7680653 -0.1286845 -0.6273086
vn -0.6852618 0.008594612 0.728246
vn 0.7514428 -0.118264 -0.6491127
vn -0.6464333 -0.01933999 0.7627253
vn 0.709767 -0.1121239 -0.695456
vn -0.6055054 -0.04630397 0.794493
vn 0.6567813 -0.1078127 -0.7463342
vn -0.5657313 -0.07549972 0.8211259
vn 0.6334416 -0.1098286 -0.7659565
vn -0.5300822 -0.1030591 0.8416601
vn 0.6069662 -0.1093709 -0.7871659
vn -0.4943526 -0.1293601 0.8595822
vn 0.5749193 -0.09953713 -0.8121331
vn -0.4576038 -0.1543796 0.8756515
vn 0.5459228 -0.09999211 -0.8318472
vn -0.4188346 -0.1812612 0.8897876
vn 0.5166078 -0.1076452 -0.8494287
vn -0.369716 -0.2094382 0.9052324
vn 0.4843428 -0.1044103 -0.8686256
vn -0.3336503 -0.2367107 0.912494
vn 0.4331034 -0.09419617 -0.8964087
vn -0.2940661 -0.2617768 0.9192377
vn 0.3953007 -0.0882268 -0.9143049
vn -0.2619152 -0.2843559 0.9222484
vn 0.3621043 -0.0872926 -0.9280412
vn -0.2249848 -0.3079287 0.9244252
vn 0.30952 -0.08232997 -0.9473221
vn -0.1966605 -0.3289381 0.9236473
vn 0.2681842 -0.07563773 -0.9603937
vn -0.169611 -0.3481786 0.9219564
vn 0.2280698 -0.07564081 -0.9707021
vn -0.1511393 -0.3642432 0.9189581
vn 0.1963672 -0.08249751 -0.9770538
vn -0.1268351 -0.3797401 0.916357
vn 0.1512722 -0.08288782 -0.9850109
vn -0.1012261 -0.3929048 0.9139907
vn 0.1262407 -0.07612658 -0.9890743
vn -0.08400454 -0.4005528 0.9124147
vn 0.08673568 -0.06636719 -0.9940183
vn -0.06839913 -0.4059125 0.9113486
vn 0.04106947 -0.05764419 -0.9974921
vn -0.04494516 -0.4092223 0.9113271
vn -0.005843908 -0.05922573 -0.9982275
vn -0.02764655 -0.4088078 0.9122017
vn -0.04760265 -0.06585587 -0.996693
vn -0.008515457 -0.4061709 0.9137574
vn -0.08037245 -0.06739352 -0.9944839
vn 0.01631888 -0.4009984 0.9159333
vn -0.1084308 -0.06942528 -0.9916769
vn 0.03930355 -0.3934121 0.9185218
vn -0.1564948 -0.07380854 -0.984917
vn 0.06322248 -0.3838253 0.9212389
vn -0.2143863 -0.07126936 -0.9741454
vn 0.07902177 -0.3686121 0.9262186
vn -0.2400023 -0.06683967 -0.9684685
vn 0.1111164 -0.3509887 0.9297634
vn -0.2711568 -0.07014228 -0.9599761
vn 0.1427482 -0.3348673 0.9313897
vn -0.3184214 -0.07775252 -0.9447551
vn 0.1705943 -0.3174056 0.932819
vn -0.3604017 -0.08584886 -0.9288383
vn 0.2058028 -0.29583 0.9328074
vn -0.3917065 -0.08632366 -0.9160317
vn 0.2390908 -0.2719441 0.9321384
vn -0.4364658 -0.08954388 -0.895254
vn 0.2753197 -0.2468059 0.9291319
vn -0.4695123 -0.1009394 -0.8771371
vn 0.3199783 -0.2207055 0.9213594
vn -0.5177956 -0.1027514 -0.8493114
vn 0.3684982 -0.1947253 0.9090056
vn -0.5706927 -0.1045352 -0.8144828
vn 0.4193645 -0.1678354 0.8921686
vn -0.5928562 -0.1093972 -0.7978433
vn 0.4657297 -0.1397683 0.8738196
vn -0.6049029 -0.1092717 -0.7887663
vn 0.5150917 -0.1103278 0.8500048
vn -0.6272667 -0.1051803 -0.7716693
vn 0.5606428 -0.07984009 0.8241997
vn -0.6820837 -0.09882567 -0.7245656
vn 0.5578419 -0.1043222 0.8233646
vn -0.7379892 -0.1061577 -0.6664101
vn 0.6663522 -0.08205657 0.7411082
vn -0.7717075 -0.124043 -0.6237635
vn 0.7116717 -0.03048067 0.7018506
vn -0.7980818 -0.132519 -0.587796
vn 0.7567198 0.01765252 0.653501
vn -0.8241041 -0.1316415 -0.5509291
vn 0.7915276 0.05870979 0.6083068
vn -0.845783 -0.1340325 -0.516417
vn 0.8213722 0.09295057 0.5627682
vn -0.8586267 -0.1396905 -0.4932005
vn 0.8477441 0.1145034 0.5178986
vn -0.8740169 -0.145535 -0.463588
vn 0.8733174 0.1334881 0.4685058
vn -0.8877553 -0.1504083 -0.4350492
vn 0.8928953 0.145472 0.4261172
vn -0.9143145 -0.1492531 -0.3765005
vn 0.9150597 0.1546791 0.3724784
vn -0.9241566 -0.1519594 -0.3504895
vn 0.9317235 0.1615571 0.3252545
vn -0.9402691 -0.1532443 -0.3039907
vn 0.9445172 0.1674084 0.282598
vn -0.9488824 -0.1515701 -0.2768553
vn 0.9572715 0.1694949 0.2343137
vn -0.9551583 -0.1513635 -0.254483
vn 0.9638198 0.1651115 0.2092596
vn -0.9617284 -0.1500598 -0.2292607
vn 0.971016 0.1604554 0.1771502
vn -0.9664912 -0.1471687 -0.210324
vn 0.9762038 0.1526616 0.1540155
vn -0.9670948 -0.1415976 -0.2113708
vn 0.9784876 0.1332772 0.1574785
vn -0.9554911 -0.1262174 -0.2666568
vn 0.98329 0.1023009 0.1505827
vn -0.9463137 -0.1140624 -0.3024568
vn 0.8452146 0.02315051 0.5339254
vn 0.9151976 -0.1379901 -0.3786451
vn -0.6032269 -0.04297568 0.796411
vn 0.9578736 -0.1464893 -0.2470201
vn -0.9715143 0.1340926 0.195395
vn 0.9677452 -0.1535494 -0.1997294
vn -0.9784913 0.1605912 0.1294804
vn 0.9657862 -0.1566696 -0.2066681
vn -0.9750659 0.1611195 0.1526004
vn 0.9565518 -0.1522653 -0.2486441
vn -0.9696645 0.1584572 0.1861242
vn 0.9438991 -0.1521414 -0.2930999
vn -0.9614403 0.1558967 0.2265586
vn 0.9359741 -0.1454566 -0.3206165
vn -0.9492436 0.1485821 0.2772361
vn 0.9252646 -0.1415092 -0.3519381
vn -0.9325205 0.1384117 0.3335383
vn 0.909313 -0.1464883 -0.3894751
vn -0.9170163 0.1295898 0.3772105
vn 0.9073433 -0.1470035 -0.3938501
vn -0.8966454 0.1190546 0.4264423
vn 0.8907425 -0.142971 -0.4314361
vn -0.8645432 0.1020388 0.4920905
vn 0.8656561 -0.1417121 -0.4801638
vn -0.8302869 0.08406916 0.5509592
vn 0.8484514 -0.1350507 -0.5117533
vn -0.7964877 0.061478 0.6015213
vn 0.8193997 -0.1224186 -0.559998
vn -0.7578329 0.03836675 0.6513196
vn 0.7922661 -0.1192084 -0.5984178
vn -0.7143345 0.01262637 0.6996905
vn 0.7793815 -0.1233387 -0.61429
vn -0.6678253 -0.01486545 0.7441696
vn 0.7469124 -0.118189 -0.6543341
vn -0.6225084 -0.04224307 0.7814721
vn 0.7236966 -0.1042189 -0.6822037
vn -0.5799428 -0.06914456 0.8117175
vn 0.6854064 -0.09888311 -0.7214153
vn -0.5383972 -0.09455666 0.8373693
vn 0.6515453 -0.1036093 -0.751501
vn -0.4962319 -0.1187782 0.8600265
vn 0.6304303 -0.1048131 -0.7691371
vn -0.4689842 -0.1427039 0.8716016
vn 0.5810404 -0.1013552 -0.807539
vn -0.4307833 -0.1666249 0.8869397
vn 0.5609546 -0.1016786 -0.8215786
vn -0.3930501 -0.1912489 0.8994084
vn 0.5349872 -0.09632542 -0.8393511
vn -0.3447323 -0.2189572 0.9128073
vn 0.5010911 -0.09040761 -0.8606591
vn -0.3008955 -0.2444262 0.9218014
vn 0.4500206 -0.08563184 -0.8889031
vn -0.2606055 -0.2713152 0.9265382
vn 0.395908 -0.08344834 -0.9144907
vn -0.2308321 -0.2961861 0.9268174
vn 0.37974 -0.07550908 -0.9220065
vn -0.1950257 -0.3194989 0.9273
vn 0.3343416 -0.07098629 -0.9397749
vn -0.1607472 -0.3408465 0.9262742
vn 0.2842616 -0.06855642 -0.9562926
vn -0.1358595 -0.3607664 0.9227079
vn 0.248222 -0.06458745 -0.9665475
vn -0.118226 -0.3784244 0.9180509
vn 0.2296378 -0.06583759 -0.9710468
vn -0.1066395 -0.3941941 0.9128193
vn 0.1769205 -0.06831126 -0.9818516
vn -0.08330677 -0.406463 0.9098614
vn 0.1297832 -0.06728438 -0.9892568
vn -0.07054578 -0.4163023 0.9064854
vn 0.09124041 -0.06258151 -0.9938605
vn -0.06377015 -0.4233832 0.9037036
vn 0.04532049 -0.053352 -0.9975469
vn -0.0509647 -0.4278527 0.9024104
vn 0.02869122 -0.04995136 -0.9983395
vn -0.03473921 -0.4304489 0.9019462
vn -0.01017002 -0.05658372 -0.9983461
vn -0.0293265 -0.4304554 0.9021354
vn -0.06251397 -0.05867135 -0.9963181
vn -0.0099137 -0.4260786 0.9046319
vn -0.09339495 -0.05597195 -0.9940546
vn 0.01066965 -0.4216489 0.9066964
vn -0.1175972 -0.05548444 -0.9915101
vn 0.02553486 -0.4155199 0.9092256
vn -0.1815355 -0.05680989 -0.9817421
vn 0.02920529 -0.4029267 0.9147661
vn -0.2284486 -0.05965089 -0.9717268
vn 0.05378218 -0.3897508 0.9193486
vn -0.2414489 -0.06362487 -0.9683255
vn 0.08523455 -0.3772132 0.9221959
vn -0.2796452 -0.06634567 -0.9578084
vn 0.1084681 -0.3595636 0.9267948
vn -0.3227054 -0.06841515 -0.9440236
vn 0.1338689 -0.3397546 0.9309382
vn -0.3721327 -0.07050215 -0.9254981
vn 0.1659996 -0.3190586 0.933084
vn -0.4035867 -0.07218774 -0.9120892
vn 0.1979634 -0.2968602 0.9341758
vn -0.4337434 -0.07485121 -0.897922
vn 0.2426409 -0.274388 0.9305035
vn -0.4859999 -0.07650319 -0.8706042
vn 0.291002 -0.2489623 0.9237617
vn -0.5424801 -0.07481048 -0.8367311
vn 0.342939 -0.2226939 0.9125789
vn -0.5722455 -0.08169267 -0.8160032
vn 0.3847306 -0.1976933 0.9016096
vn -0.5971243 -0.086959 -0.7974214
vn 0.4326987 -0.1713256 0.8851098
vn -0.6173599 -0.08883813 -0.7816486
vn 0.478939 -0.1464101 0.8655527
vn -0.6608767 -0.08765218 -0.7453585
vn 0.5306533 -0.1175101 0.8394035
vn -0.6920739 -0.08866419 -0.7163604
vn 0.5826423 -0.0892602 0.8078123
vn -0.7242989 -0.1014458 -0.6819823
vn 0.6278294 -0.06031471 0.7760106
vn -0.76964 -0.1140511 -0.6282092
vn 0.680346 -0.03216188 0.7321851
vn -0.8099125 -0.1229049 -0.5735295
vn 0.7297312 -0.002987656 0.6837276
vn -0.8400254 -0.1246623 -0.5280309
vn 0.7676855 0.02135448 0.6404709
vn -0.8466364 -0.1222176 -0.5179476
vn 0.8110745 0.04118178 0.5834914
vn -0.8614069 -0.1237511 -0.4926092
vn 0.8438462 0.05821134 0.5334183
vn -0.8741089 -0.1263257 -0.4690153
vn 0.8686206 0.0762754 0.4895715
vn -0.897011 -0.1323185 -0.4217382
vn 0.896149 0.09242136 0.4340222
vn -0.9165648 -0.1397938 -0.3746554
vn 0.9184356 0.1070805 0.3808013
vn -0.931581 -0.1409658 -0.3350904
vn 0.9369505 0.1195432 0.3283795
vn -0.9491974 -0.1403157 -0.2816664
vn 0.9528585 0.1268165 0.2756413
vn -0.953258 -0.1396585 -0.2679457
vn 0.9643577 0.1349196 0.2276199
vn -0.9595248 -0.1404333 -0.2441121
vn 0.9707787 0.1399615 0.1949349
vn -0.9691214 -0.1373708 -0.2047755
vn 0.9771297 0.1427137 0.1576396
vn -0.9724833 -0.1310475 -0.1926211
vn 0.9812509 0.1434073 0.1287671
vn -0.9717792 -0.129717 -0.1970242
vn 0.9848165 0.1418081 0.1001342
vn -0.9632496 -0.1266858 -0.236856
vn 0.9861335 0.1398207 0.08939178
vn -0.9468186 -0.1192757 -0.2988442
vn 0.6259508 0.05974136 0.777571
vn 0.9295366 -0.1383919 -0.3417739
vn -0.3052894 0.07836274 0.9490298
vn 0.9581198 -0.1479506 -0.2451878
vn -0.9826344 0.1536228 0.1040659
vn 0.9702569 -0.1480677 -0.1915136
vn -0.9797359 0.1549926 0.1268654
vn 0.9652291 -0.1450263 -0.2174859
vn -0.9749623 0.151111 0.1631382
vn 0.9533544 -0.1404867 -0.2671685
vn -0.968058 0.1462975 0.2036189
vn 0.9439331 -0.1386033 -0.2996323
vn -0.9582517 0.1423255 0.2479861
vn 0.9321949 -0.1386602 -0.3343441
vn -0.9444502 0.1344184 0.2999093
vn 0.9250482 -0.1344842 -0.3552462
vn -0.9256082 0.1229197 0.3579668
vn 0.9185048 -0.1333112 -0.3722592
vn -0.9088264 0.1141997 0.4012396
vn 0.9047314 -0.1337297 -0.404447
vn -0.8761026 0.09306984 0.4730562
vn 0.8853391 -0.1227118 -0.4484603
vn -0.8403177 0.07346455 0.5370932
vn 0.8728977 -0.1217583 -0.4724664
vn -0.8130623 0.06266637 0.5787941
vn 0.8440007 -0.1219658 -0.5222903
vn -0.7723739 0.04375533 0.6336593
vn 0.8226696 -0.1167719 -0.5563983
vn -0.7333784 0.01870814 0.6795631
vn 0.800192 -0.1164345 -0.5883329
vn -0.6861115 -0.007694054 0.7274557
vn 0.7896343 -0.1186238 -0.6020016
vn -0.6514624 -0.02636237 0.7582227
vn 0.749952 -0.1161822 -0.6512095
vn -0.5935239 -0.04830689 0.8033654
vn 0.7104493 -0.1118099 -0.6948096
vn -0.5466085 -0.07473792 0.8340463
vn 0.6966948 -0.1055347 -0.7095624
vn -0.5073832 -0.09890902 0.8560253
vn 0.6582407 -0.1042531 -0.7455538
vn -0.4689799 -0.1179127 0.8753025
vn 0.6276039 -0.09633867 -0.7725492
vn -0.4307036 -0.1351626 0.8923146
vn 0.5963057 -0.09155581 -0.7975193
vn -0.411661 -0.1529042 0.8984184
vn 0.567291 -0.09307047 -0.8182412
vn -0.3532926 -0.1767594 0.9186624
vn 0.527719 -0.09048703 -0.8445856
vn -0.3114848 -0.2032671 0.9282563
vn 0.4935005 -0.07998176 -0.8660601
vn -0.2637928 -0.2272872 0.9374188
vn 0.4678521 -0.07454071 -0.8806577
vn -0.2306555 -0.2495843 0.9404817
vn 0.416665 -0.07656595 -0.90583
vn -0.1812586 -0.2687099 0.9460128
vn 0.3625278 -0.07526743 -0.9289286
vn -0.1560587 -0.2942012 0.9429165
vn 0.3398056 -0.06508937 -0.9382407
vn -0.1246315 -0.3140646 0.9411856
vn 0.2830784 -0.05895535 -0.9572831
vn -0.1004663 -0.3317679 0.9379961
vn 0.2485327 -0.05293053 -0.9671763
vn -0.08201238 -0.348358 0.9337669
vn 0.2354866 -0.05129396 -0.9705231
vn -0.07885211 -0.365555 0.9274437
vn 0.2098335 -0.04928095 -0.9764944
vn -0.06180871 -0.3734223 0.9256
vn 0.1391601 -0.04522633 -0.9892367
vn -0.04582909 -0.3822168 0.9229355
vn 0.1002751 -0.04617457 -0.9938878
vn -0.05170352 -0.3990019 0.9154913
vn 0.05316439 -0.04336138 -0.9976439
vn -0.04462247 -0.4001848 0.9153474
vn 0.03687843 -0.04981766 -0.9980772
vn -0.03276543 -0.4049308 0.9137601
vn 0.01951092 -0.052529 -0.9984288
vn -0.03073594 -0.4067347 0.9130292
vn -0.04458333 -0.04606367 -0.9979431
vn -0.02915428 -0.4070531 0.9129391
vn -0.08590215 -0.04497062 -0.9952881
vn -0.008520402 -0.405187 0.9141942
vn -0.1048902 -0.04710075 -0.9933679
vn -0.002022301 -0.3977851 0.9174764
vn -0.1519771 -0.04442608 -0.9873852
vn 0.0003116758 -0.3893087 0.9211073
vn -0.2050233 -0.04650525 -0.9776517
vn 0.009786274 -0.3809223 0.9245552
vn -0.2198346 -0.05883174 -0.9737616
vn 0.04490077 -0.3705918 0.9277099
vn -0.2620394 -0.06020535 -0.9631774
vn 0.05660227 -0.358126 0.9319561
vn -0.3127123 -0.05280951 -0.9483786
vn 0.07759051 -0.3419214 0.9365199
vn -0.3494628 -0.04958843 -0.9356371
vn 0.1112766 -0.3256378 0.9389237
vn -0.3876734 -0.05295873 -0.9202743
vn 0.1430573 -0.3108887 0.9396185
vn -0.4224694 -0.05495554 -0.9047096
vn 0.1792223 -0.2939146 0.9388788
vn -0.4631607 -0.05346543 -0.8846602
vn 0.2206886 -0.2744755 0.9359273
vn -0.5192356 -0.05674846 -0.8527449
vn 0.2672761 -0.2519613 0.9300963
vn -0.5476009 -0.0634106 -0.8343335
vn 0.3159687 -0.2269546 0.9212249
vn -0.5749435 -0.07215822 -0.8150051
vn 0.36947 -0.2052535 0.9062908
vn -0.6032503 -0.0766365 -0.7938614
vn 0.4230133 -0.1849107 0.8870557
vn -0.6383897 -0.07465848 -0.766084
vn 0.4643134 -0.1653561 0.8700979
vn -0.6831962 -0.07117226 -0.7267582
vn 0.5170525 -0.1412328 0.8442216
vn -0.7063555 -0.06892633 -0.7044934
vn 0.5604309 -0.1179363 0.8197611
vn -0.7435689 -0.06919711 -0.6650692
vn 0.6156159 -0.0912803 0.782742
vn -0.7746329 -0.08191016 -0.6270843
vn 0.6656942 -0.06671641 0.7432362
vn -0.8164188 -0.09680911 -0.5692877
vn 0.7088322 -0.04296408 0.7040674
vn -0.8434808 -0.104965 -0.5268039
vn 0.7509278 -0.02148212 0.6600348
vn -0.850842 -0.1120054 -0.5133445
vn 0.795737 0.001543896 0.6056404
vn -0.8712195 -0.1084777 -0.4787578
vn 0.8279876 0.02286684 0.56028
vn -0.8786805 -0.1032291 -0.4661162
vn 0.8595578 0.04265095 0.5092555
vn -0.9040401 -0.1031956 -0.4148039
vn 0.8907519 0.06036549 0.4504631
vn -0.9205491 -0.1078428 -0.3754454
vn 0.9162241 0.07514396 0.3935564
vn -0.9386566 -0.1182751 -0.3239363
vn 0.9363724 0.09101509 0.339003
vn -0.9520809 -0.1316722 -0.2760513
vn 0.955584 0.1101897 0.2733448
vn -0.9555182 -0.132477 -0.2635047
vn 0.9646976 0.1161705 0.2363534
vn -0.9686064 -0.134652 -0.208975
vn 0.9734108 0.1233453 0.1930219
vn -0.9761568 -0.1310691 -0.1730287
vn 0.9803495 0.1307791 0.1476881
vn -0.9735509 -0.1263639 -0.1903438
vn 0.9844959 0.1350939 0.1118814
vn -0.9702935 -0.1232271 -0.2081964
vn 0.9868469 0.1351121 0.08875803
vn -0.9541609 -0.114413 -0.2765621
vn 0.9793634 0.1121048 0.1681665
vn -0.9474646 -0.1002484 -0.3037449
vn 0.8045539 0.01638807 0.5936535
vn 0.946605 -0.1061447 -0.3044212
vn -0.6273303 -0.05582254 0.77675
vn 0.9487834 -0.1231621 -0.2909316
vn -0.9653692 0.1174165 0.2329711
vn 0.9633716 -0.1354056 -0.2314747
vn -0.9836403 0.1475174 0.1033948
vn 0.9701731 -0.1392984 -0.1983941
vn -0.9800922 0.1458837 0.1346739
vn 0.9657597 -0.1384903 -0.2193822
vn -0.9743742 0.1409215 0.175317
vn 0.9540357 -0.1394179 -0.2652893
vn -0.9669758 0.1365937 0.2151746
vn 0.942281 -0.1355015 -0.3061793
vn -0.9561052 0.1300055 0.2626051
vn 0.9346256 -0.1331297 -0.329775
vn -0.9372748 0.1186522 0.3277767
vn 0.9219792 -0.1339563 -0.3633319
vn -0.9153411 0.1056947 0.3885604
vn 0.9164693 -0.129783 -0.3784711
vn -0.8898594 0.09152088 0.4469611
vn 0.8930295 -0.1182482 -0.4341839
vn -0.8541678 0.07061189 0.5151808
vn 0.8787712 -0.1131201 -0.4636432
vn -0.8265669 0.06233396 0.5593764
vn 0.8712185 -0.1078477 -0.4789022
vn -0.7868713 0.04657642 0.6153569
vn 0.8462193 -0.1073256 -0.5219139
vn -0.7424191 0.02681474 0.669399
vn 0.8201306 -0.1064114 -0.5621942
vn -0.7019653 0.0093094 0.7121503
vn 0.8011355 -0.1036878 -0.5894325
vn -0.6539014 -0.0105378 0.7565064
vn 0.7872416 -0.1028974 -0.607999
vn -0.6241279 -0.03030691 0.7807342
vn 0.750457 -0.09588818 -0.6539264
vn -0.5582222 -0.05063924 0.8281447
vn 0.7082323 -0.1002449 -0.6988261
vn -0.5113248 -0.06752323 0.8567308
vn 0.6907169 -0.09844808 -0.7163924
vn -0.4740535 -0.08446677 0.8764352
vn 0.6545166 -0.09513657 -0.750038
vn -0.4456426 -0.1007604 0.8895224
vn 0.6087163 -0.08942748 -0.7883319
vn -0.4056531 -0.1185466 0.906307
vn 0.5922019 -0.07961775 -0.8018465
vn -0.3659645 -0.1398477 0.9200612
vn 0.5638846 -0.07197168 -0.8227115
vn -0.309871 -0.1540938 0.9382085
vn 0.5181392 -0.07360296 -0.8521234
vn -0.2781524 -0.1697599 0.9454167
vn 0.4836541 -0.07126798 -0.8723529
vn -0.2261137 -0.189042 0.9555813
vn 0.454794 -0.06797699 -0.8879986
vn -0.1838264 -0.214194 0.9593377
vn 0.4031699 -0.05221877 -0.9136341
vn -0.1353718 -0.2231991 0.9653271
vn 0.3561709 -0.0524629 -0.9329469
vn -0.1208633 -0.2426794 0.9625481
vn 0.3265898 -0.05188044 -0.9437413
vn -0.08939599 -0.2568971 0.9622953
vn 0.2745385 -0.05090797 -0.9602275
vn -0.06449634 -0.2714713 0.960283
vn 0.239964 -0.04702537 -0.9696421
vn -0.04974994 -0.2853107 0.957143
vn 0.2317824 -0.04489855 -0.9717309
vn -0.04865056 -0.3123319 0.9487265
vn 0.1882724 -0.0377744 -0.9813901
vn -0.02918926 -0.3108719 0.9500036
vn 0.12963 -0.0325212 -0.991029
vn -0.02331454 -0.306549 0.9515694
vn 0.09788792 -0.03292074 -0.9946527
vn -0.03061336 -0.3280082 0.9441787
vn 0.06595039 -0.03842993 -0.9970827
vn -0.0335024 -0.3250822 0.9450921
vn 0.046968 -0.03927108 -0.9981241
vn -0.02802593 -0.3268521 0.9446598
vn -0.01087116 -0.02856852 -0.9995328
vn -0.0283615 -0.3277053 0.9443543
vn -0.0609284 -0.02438407 -0.9978442
vn -0.02297119 -0.3302101 0.9436279
vn -0.0770979 -0.03042192 -0.9965593
vn -0.02241644 -0.3278264 0.9444721
vn -0.1139931 -0.02975446 -0.9930359
vn -0.02034071 -0.3246936 0.9456005
vn -0.1620409 -0.02813277 -0.9863829
vn -0.01535927 -0.3242055 0.9458619
vn -0.1764075 -0.04111465 -0.9834582
vn -0.0007343159 -0.3220998 0.9467055
vn -0.22159 -0.041418 -0.97426
vn 0.01664915 -0.3138104 0.9493397
vn -0.2827419 -0.03536314 -0.958544
vn 0.02916335 -0.3030936 0.9525145
vn -0.3155511 -0.04454891 -0.9478623
vn 0.05189772 -0.2933514 0.954595
vn -0.3574719 -0.04572011 -0.9328042
vn 0.08826232 -0.2832545 0.9549747
vn -0.3863009 -0.04480895 -0.9212838
vn 0.1181968 -0.2710496 0.9552809
vn -0.4184006 -0.04920507 -0.9069287
vn 0.152428 -0.2568417 0.9543574
vn -0.465788 -0.05550055 -0.8831541
vn 0.192584 -0.242074 0.9509529
vn -0.5129203 -0.05839063 -0.8564481
vn 0.2382971 -0.2280473 0.9440386
vn -0.5329221 -0.0678639 -0.8434386
vn 0.2901123 -0.2129774 0.9329928
vn -0.5720643 -0.07419913 -0.8168458
vn 0.3545755 -0.1949423 0.91448
vn -0.6168051 -0.0682573 -0.7841507
vn 0.4014848 -0.1780089 0.8984002
vn -0.658389 -0.06458469 -0.749902
vn 0.4400408 -0.161445 0.8833457
vn -0.6865486 -0.06728433 -0.7239639
vn 0.4943617 -0.1447785 0.8571147
vn -0.7069904 -0.07162447 -0.7035868
vn 0.5320229 -0.1282058 0.8369678
vn -0.7365926 -0.07829572 -0.6717896
vn 0.5908266 -0.1078211 0.7995615
vn -0.7675472 -0.07964473 -0.6360251
vn 0.6340981 -0.08944821 0.7680616
vn -0.8153481 -0.07436283 -0.5741757
vn 0.6783918 -0.06889378 0.7314631
vn -0.8252649 -0.0848121 -0.5583409
vn 0.7230338 -0.05304767 0.6887727
vn -0.8576025 -0.08480643 -0.5072728
vn 0.7640917 -0.03345568 0.6442394
vn -0.8812463 -0.08273107 -0.4653606
vn 0.8001376 -0.01129291 0.5997102
vn -0.8882748 -0.084569 -0.4514598
vn 0.83937 0.008190593 0.5434988
vn -0.9039947 -0.08565695 -0.4188754
vn 0.8755711 0.02537952 0.4824221
vn -0.9122723 -0.09516487 -0.3983751
vn 0.9022884 0.04340682 0.4289421
vn -0.9300393 -0.09428279 -0.3551586
vn 0.918668 0.05661978 0.3909517
vn -0.9461675 -0.1049626 -0.306186
vn 0.9455038 0.07684138 0.316414
vn -0.9517574 -0.1159381 -0.284106
vn 0.9601381 0.08934969 0.2648612
vn -0.9684433 -0.1168367 -0.2201515
vn 0.9693713 0.09514391 0.2264223
vn -0.9786154 -0.1263761 -0.1622988
vn 0.9795366 0.1096437 0.1687786
vn -0.9779515 -0.1231899 -0.1686271
vn 0.9850882 0.1181015 0.1251142
vn -0.9769288 -0.1148205 -0.1800736
vn 0.9880845 0.1231821 0.09227802
vn -0.9717855 -0.1056294 -0.2108915
vn 0.9901766 0.1236633 0.06525184
vn -0.9617868 -0.09404859 -0.25714
vn 0.9782745 0.09650897 0.1834803
vn -0.9345512 -0.09190659 -0.3437546
vn 0.7620798 -0.01496949 0.6473099
vn 0.934816 -0.1129728 -0.3366841
vn -0.344021 -0.01916111 0.9387665
vn 0.9669173 -0.1193956 -0.2254233
vn -0.9873121 0.1400034 0.07492668
vn 0.9705009 -0.1291079 -0.2036155
vn -0.9851287 0.1375291 0.1029908
vn 0.9725326 -0.1293091 -0.1935443
vn -0.981494 0.1352288 0.1355832
vn 0.9727507 -0.1300425 -0.1919506
vn -0.9776452 0.1326998 0.1630965
vn 0.9646619 -0.1313212 -0.2284345
vn -0.9681552 0.1240211 0.2174725
vn 0.9421824 -0.1349193 -0.3067393
vn -0.9578055 0.1166692 0.2626726
vn 0.9383011 -0.1305175 -0.3202439
vn -0.9471071 0.1123181 0.3006206
vn 0.9332613 -0.1258779 -0.3364196
vn -0.9249856 0.1010135 0.3663303
vn 0.921833 -0.1202426 -0.3684637
vn -0.9056401 0.09308513 0.4137043
vn 0.9100777 -0.1117896 -0.399076
vn -0.8764827 0.07871082 0.4749554
vn 0.8946531 -0.105744 -0.4340668
vn -0.8461846 0.06568468 0.5288262
vn 0.8729124 -0.1019482 -0.4771063
vn -0.8154029 0.05300024 0.5764624
vn 0.8702962 -0.1004464 -0.4821772
vn -0.7672738 0.03871214 0.6401502
vn 0.8541487 -0.1013151 -0.5100639
vn -0.720776 0.02334775 0.6927747
vn 0.8189914 -0.09973525 -0.5650716
vn -0.6845753 0.009790068 0.7288764
vn 0.8004412 -0.09585338 -0.5916976
vn -0.6395184 -0.006539328 0.768748
vn 0.7825422 -0.09247274 -0.6156919
vn -0.5930725 -0.02574115 0.8047374
vn 0.7512439 -0.08620328 -0.6543711
vn -0.5518989 -0.03876093 0.8330097
vn 0.7162168 -0.08875111 -0.6922114
vn -0.5079312 -0.05190147 0.8598326
vn 0.6867866 -0.08687428 -0.7216489
vn -0.4646711 -0.06302042 0.8832379
vn 0.6521798 -0.07429632 -0.7544147
vn -0.4305568 -0.07277396 0.8996248
vn 0.6095344 -0.07021926 -0.7896435
vn -0.3869911 -0.08690764 0.9179787
vn 0.575691 -0.06866828 -0.8147789
vn -0.3467029 -0.1010627 0.9325145
vn 0.5574096 -0.05481164 -0.8284264
vn -0.306122 -0.1129831 0.9452641
vn 0.5262754 -0.0488145 -0.8489119
vn -0.267377 -0.1249762 0.955453
vn 0.4887654 -0.05039304 -0.8709586
vn -0.2054539 -0.1403225 0.9685547
vn 0.4545624 -0.05327798 -0.8891201
vn -0.1618241 -0.1540309 0.9747242
vn 0.3893518 -0.04532602 -0.9199733
vn -0.1204979 -0.1644614 0.9789958
vn 0.3564613 -0.03846863 -0.9335179
vn -0.09177054 -0.1767657 0.9799654
vn 0.3312544 -0.03690252 -0.9428195
vn -0.07101513 -0.1865605 0.9798734
vn 0.2892967 -0.0365282 -0.9565423
vn -0.04660572 -0.1914842 0.9803885
vn 0.2368344 -0.03772711 -0.9708173
vn -0.03013247 -0.197544 0.9798309
vn 0.2170619 -0.03340662 -0.9755859
vn -0.0204171 -0.2121294 0.9770283
vn 0.1738744 -0.02463574 -0.9844597
vn -0.01934869 -0.2067465 0.9782032
vn 0.1324374 -0.02691076 -0.990826
vn -0.02639378 -0.2032745 0.978766
vn 0.0965213 -0.02867189 -0.9949178
vn -0.02777335 -0.2011002 0.9791769
vn 0.05711563 -0.0231884 -0.9980983
vn -0.02983881 -0.2016378 0.9790056
vn 0.03042321 -0.02027138 -0.9993315
vn -0.02565061 -0.2043908 0.9785532
vn -0.02053148 -0.01944729 -0.9996001
vn -0.02276444 -0.2064324 0.9781961
vn -0.04615404 -0.02533297 -0.9986131
vn -0.01860106 -0.2094889 0.9776342
vn -0.07720102 -0.02760508 -0.9966332
vn -0.02096872 -0.2146685 0.9764619
vn -0.1217921 -0.02558457 -0.9922258
vn -0.01102538 -0.2215381 0.9750894
vn -0.1427121 -0.0310331 -0.9892776
vn -0.01009196 -0.2259371 0.9740896
vn -0.1789376 -0.03039285 -0.9833909
vn -0.008610271 -0.2285569 0.9734925
vn -0.2387779 -0.02129942 -0.9708406
vn -9.419399E-05 -0.2262653 0.9740657
vn -0.2616362 -0.025115 -0.9648398
vn 0.01786667 -0.2259854 0.9739669
vn -0.3092431 -0.02822386 -0.9505641
vn 0.04425289 -0.2256134 0.9732113
vn -0.359695 -0.03016106 -0.9325823
vn 0.06789844 -0.2195721 0.9732307
vn -0.3864248 -0.03225638 -0.9217567
vn 0.0956789 -0.2105142 0.9728974
vn -0.4152117 -0.02953503 -0.9092453
vn 0.1369342 -0.2039785 0.9693512
vn -0.4652024 -0.02788013 -0.8847651
vn 0.1785471 -0.1956339 0.9642864
vn -0.4925715 -0.04194165 -0.8692608
vn 0.2308413 -0.1859237 0.9550626
vn -0.5252774 -0.04953565 -0.849488
vn 0.2846 -0.1776448 0.9420431
vn -0.5808304 -0.04514675 -0.8127717
vn 0.341843 -0.1669392 0.9248106
vn -0.611078 -0.05295554 -0.789797
vn 0.3838828 -0.1543013 0.9103983
vn -0.6509054 -0.0607851 -0.7567216
vn 0.438559 -0.1432851 0.8872065
vn -0.6774399 -0.06939965 -0.7322969
vn 0.4817187 -0.1326632 0.8662261
vn -0.7019204 -0.07674708 -0.7081084
vn 0.5216219 -0.120625 0.8446065
vn -0.7395591 -0.07675781 -0.6687007
vn 0.5750436 -0.1074188 0.8110402
vn -0.7838773 -0.07186559 -0.6167428
vn 0.6093113 -0.09400396 0.7873392
vn -0.8098252 -0.07199012 -0.5822375
vn 0.6605023 -0.08037478 0.7465098
vn -0.8240944 -0.07594224 -0.5613387
vn 0.6951526 -0.06815677 0.7156239
vn -0.8574492 -0.07692477 -0.5087861
vn 0.7283782 -0.05184308 0.6832113
vn -0.8695423 -0.08437353 -0.4865977
vn 0.7724506 -0.03604148 0.6340514
vn -0.8848389 -0.08860031 -0.4573951
vn 0.8152564 -0.01910799 0.5787849
vn -0.8977707 -0.09171768 -0.4308082
vn 0.8537527 0.0009244987 0.5206777
vn -0.9141552 -0.09102347 -0.3950128
vn 0.8832657 0.01673217 0.4685743
vn -0.9314938 -0.09184232 -0.3519718
vn 0.9104345 0.03167772 0.4124382
vn -0.9368327 -0.09801119 -0.3357655
vn 0.9327248 0.04811806 0.357364
vn -0.9528855 -0.09484825 -0.28812
vn 0.9530703 0.06098223 0.2965439
vn -0.9648604 -0.09082763 -0.2465657
vn 0.9611281 0.0677875 0.2676516
vn -0.9737747 -0.1069348 -0.200818
vn 0.9741471 0.08112824 0.2108449
vn -0.9814306 -0.1170588 -0.1519579
vn 0.9830344 0.0946077 0.1571397
vn -0.9825026 -0.1121902 -0.1486672
vn 0.9878435 0.104472 0.1151127
vn -0.9817029 -0.1004826 -0.1617486
vn 0.991083 0.1088627 0.07683343
vn -0.9625335 -0.0936774 -0.2544677
vn 0.9921923 0.1138694 0.05087507
vn -0.9461299 -0.07882827 -0.3140453
vn 0.9809762 0.07583253 0.1787045
vn -0.9250321 -0.05742368 -0.3755238
vn -0.3332273 -0.01886938 0.9426576
vn 0.9339233 -0.1110176 -0.3397976
vn -0.3161951 -0.04050355 0.9478291
vn 0.9584177 -0.1258151 -0.2561369
vn -0.9892153 0.1308156 0.06588186
vn 0.9711447 -0.1263517 -0.2022702
vn -0.9859133 0.1281262 0.1075121
vn 0.9701836 -0.1236035 -0.2084849
vn -0.9825388 0.124089 0.1386341
vn 0.9713244 -0.1210177 -0.2046548
vn -0.9754746 0.1195094 0.1848426
vn 0.9687838 -0.1111879 -0.2215741
vn -0.9641013 0.1100157 0.241672
vn 0.9537389 -0.1141609 -0.2781177
vn -0.9540833 0.1048475 0.2805923
vn 0.9324861 -0.1169548 -0.3417475
vn -0.9393863 0.09618715 0.3290919
vn 0.9240869 -0.1095 -0.3661599
vn -0.9116859 0.08409505 0.40219
vn 0.9084103 -0.1026788 -0.4052751
vn -0.8818852 0.07205445 0.4659256
vn 0.9020145 -0.09797017 -0.4204422
vn -0.8502365 0.06099416 0.5228552
vn 0.8844802 -0.0960883 -0.4565762
vn -0.8209596 0.05120828 0.5686855
vn 0.870085 -0.09515166 -0.4836304
vn -0.7756036 0.03695403 0.6301377
vn 0.8676095 -0.09124701 -0.4888024
vn -0.7275755 0.02261454 0.6856548
vn 0.8384584 -0.08631823 -0.5380862
vn -0.6953442 0.01445563 0.7185314
vn 0.8112071 -0.0838208 -0.5787203
vn -0.6473644 0.001412782 0.7621794
vn 0.7872358 -0.08752079 -0.6104097
vn -0.6043823 -0.01117991 0.796616
vn 0.7686874 -0.08174815 -0.6343791
vn -0.5713525 -0.01794854 0.8205085
vn 0.734951 -0.07977789 -0.673411
vn -0.5290127 -0.0265189 0.8481995
vn 0.6960801 -0.07457573 -0.7140804
vn -0.4781382 -0.03836445 0.8774464
vn 0.6515092 -0.06382593 -0.755951
vn -0.4439134 -0.04681564 0.8948459
vn 0.6194698 -0.05465347 -0.7831157
vn -0.3986932 -0.05543509 0.9154074
vn 0.5926766 -0.0485678 -0.8039749
vn -0.3551119 -0.06367303 0.9326529
vn 0.5527027 -0.04949315 -0.8319075
vn -0.3118181 -0.07004026 0.9475568
vn 0.5290012 -0.04261391 -0.8475505
vn -0.2679075 -0.0781129 0.9602728
vn 0.5066586 -0.03605372 -0.8613926
vn -0.2091254 -0.08922964 0.9738094
vn 0.4788022 -0.03389168 -0.8772684
vn -0.1579475 -0.09887039 0.9824852
vn 0.4153861 -0.02968023 -0.9091609
vn -0.128475 -0.1053954 0.9860963
vn 0.3688558 -0.02843823 -0.9290515
vn -0.08763871 -0.107877 0.9902939
vn 0.3397368 -0.0309758 -0.9400104
vn -0.07245968 -0.1097814 0.9913111
vn 0.3083696 -0.02523225 -0.950932
vn -0.0564813 -0.1098967 0.9923369
vn 0.2586591 -0.02287596 -0.9656977
vn -0.04158866 -0.1062034 0.9934743
vn 0.2216999 -0.02315768 -0.9748399
vn -0.0258027 -0.09945697 0.9947072
vn 0.190723 -0.01999974 -0.9814402
vn -0.02416407 -0.09228433 0.9954395
vn 0.1580984 -0.01498505 -0.9873096
vn -0.03328782 -0.08564998 0.995769
vn 0.1276747 -0.01268409 -0.991735
vn -0.03085428 -0.09271646 0.9952144
vn 0.08034399 -0.01028822 -0.9967141
vn -0.03149603 -0.07261857 0.9968624
vn 0.05205787 -0.009043546 -0.998603
vn -0.02442543 -0.07996 0.9964987
vn 0.02076823 -0.01237125 -0.9997077
vn -0.01888329 -0.09203038 0.9955772
vn -0.01988578 -0.01234775 -0.9997259
vn -0.01144106 -0.07676971 0.9969832
vn -0.049329 -0.01096726 -0.9987224
vn -0.007724729 -0.08925296 0.9959791
vn -0.08999953 -0.0119414 -0.9958702
vn -0.003035577 -0.09450717 0.9955195
vn -0.1243668 -0.01597067 -0.9921078
vn 0.002489941 -0.1029783 0.9946805
vn -0.1545438 -0.01359086 -0.9878924
vn 0.00346828 -0.1109526 0.9938196
vn -0.2111134 -0.01208085 -0.9773869
vn -0.00376526 -0.1289407 0.9916451
vn -0.2434608 -0.0126018 -0.9698288
vn 0.01799818 -0.1298927 0.9913647
vn -0.273299 -0.006978071 -0.9619038
vn 0.03197757 -0.1387583 0.9898098
vn -0.3154285 -0.004199858 -0.94894
vn 0.05071942 -0.1401109 0.9888359
vn -0.3610268 -0.01088182 -0.9324919
vn 0.06465117 -0.1553149 0.9857472
vn -0.3919452 -0.01218241 -0.9199079
vn 0.1024221 -0.150332 0.9833158
vn -0.4269074 -0.01380944 -0.9041899
vn 0.1371249 -0.1483297 0.979385
vn -0.4488619 -0.01853796 -0.8934088
vn 0.1822645 -0.1420435 0.9729354
vn -0.4824038 -0.02181793 -0.8756772
vn 0.2432541 -0.1391684 0.9599268
vn -0.5381734 -0.02082762 -0.8425769
vn 0.2970302 -0.1335219 0.9454867
vn -0.5797978 -0.02201258 -0.814463
vn 0.3474002 -0.127025 0.9290736
vn -0.6067463 -0.02439318 -0.7945212
vn 0.3922762 -0.121768 0.9117522
vn -0.6367983 -0.03751331 -0.7701172
vn 0.4483016 -0.1124872 0.8867763
vn -0.6627176 -0.05413361 -0.7469103
vn 0.4854165 -0.105688 0.8678716
vn -0.7076277 -0.05402619 -0.704517
vn 0.5325388 -0.09757123 0.840763
vn -0.7433198 -0.05402589 -0.666751
vn 0.572305 -0.08892468 0.8152051
vn -0.781751 -0.06082132 -0.6206176
vn 0.6066031 -0.0820899 0.7907552
vn -0.7912441 -0.07730257 -0.6065947
vn 0.6470916 -0.07357509 0.7588539
vn -0.8255497 -0.08087981 -0.5585034
vn 0.6781341 -0.06304676 0.7322291
vn -0.8539001 -0.08077016 -0.5141311
vn 0.7145759 -0.05441864 0.6974381
vn -0.866536 -0.08420103 -0.4919611
vn 0.753631 -0.04187038 0.6559628
vn -0.8804455 -0.08898988 -0.4657215
vn 0.7923895 -0.02850481 0.6093492
vn -0.8926331 -0.09614896 -0.4404105
vn 0.8354127 -0.01532118 0.5494095
vn -0.9188293 -0.08902169 -0.3844841
vn 0.8677132 -0.0003453906 0.4970652
vn -0.9306835 -0.0823895 -0.356427
vn 0.8940234 0.01394776 0.4478031
vn -0.9442911 -0.07592641 -0.3202336
vn 0.9194388 0.02668314 0.3923266
vn -0.9589614 -0.0721745 -0.2741968
vn 0.9421183 0.04041047 0.3328364
vn -0.9592499 -0.07972404 -0.2710789
vn 0.9553665 0.05172511 0.2908598
vn -0.9656716 -0.08067816 -0.2469197
vn 0.9668201 0.05753618 0.2488947
vn -0.9806473 -0.08692256 -0.1754287
vn 0.9777191 0.06973617 0.1979956
vn -0.9870168 -0.09714977 -0.1279056
vn 0.985429 0.08217359 0.1489209
vn -0.9890933 -0.0976675 -0.1102514
vn 0.9900153 0.08819097 0.1099639
vn -0.9834503 -0.08578098 -0.1595843
vn 0.9932605 0.09586371 0.06514291
vn -0.9696454 -0.07490117 -0.2327613
vn 0.9734671 0.11285 0.1990646
vn 0.9570632 -0.08588969 -0.2768629
vn -0.3087247 0.00494385 0.9511386
vn 0.9685193 -0.09870838 -0.2285325
vn -0.9899415 0.1217522 0.07205759
vn 0.973348 -0.1080462 -0.2022862
vn -0.987772 0.1197677 0.099811
vn 0.9727194 -0.1083152 -0.2051454
vn -0.9837758 0.1152982 0.1374466
vn 0.9704645 -0.1075663 -0.2159353
vn -0.977637 0.1092078 0.1797206
vn 0.9660467 -0.1008383 -0.2378769
vn -0.9678344 0.1021978 0.2298963
vn 0.9625261 -0.09213182 -0.2550592
vn -0.9541868 0.09470473 0.2838282
vn 0.9491062 -0.09218401 -0.3011639
vn -0.9426678 0.08716036 0.3221498
vn 0.9325313 -0.0964267 -0.3479759
vn -0.9222484 0.07897791 0.3784446
vn 0.9169503 -0.09132206 -0.38841
vn -0.8935836 0.06832158 0.4436672
vn 0.9049292 -0.08906668 -0.4161373
vn -0.8633434 0.05990309 0.5010486
vn 0.8983658 -0.09166287 -0.4295776
vn -0.8304793 0.05057317 0.554749
vn 0.8750566 -0.08882741 -0.4758
vn -0.7940609 0.0391711 0.6065748
vn 0.8638543 -0.08419716 -0.4966552
vn -0.7461973 0.0288581 0.665099
vn 0.8566877 -0.07998645 -0.5095962
vn -0.7121731 0.02216144 0.7016539
vn 0.8267689 -0.07534266 -0.5574736
vn -0.6857718 0.01681422 0.7276224
vn 0.8196968 -0.07801161 -0.5674605
vn -0.645129 0.008281158 0.7640287
vn 0.7949827 -0.07901146 -0.6014647
vn -0.6106524 0.0005286002 0.7918987
vn 0.7647498 -0.07479287 -0.6399716
vn -0.5809249 -0.003296945 0.8139505
vn 0.7389114 -0.06578405 -0.6705836
vn -0.5401093 -0.009061258 0.8415461
vn 0.690599 -0.05512561 -0.7211339
vn -0.4850082 -0.01464555 0.874387
vn 0.6517031 -0.04655242 -0.7570442
vn -0.4432531 -0.01915976 0.8961917
vn 0.6185995 -0.0485029 -0.7842079
vn -0.4026029 -0.02433699 0.9150512
vn 0.5900553 -0.045224 -0.8060952
vn -0.3530765 -0.02868027 0.9351548
vn 0.5645849 -0.03975962 -0.8244168
vn -0.3145812 -0.03371023 0.9486317
vn 0.5215087 -0.0405225 -0.8522833
vn -0.2671012 -0.03618135 0.962989
vn 0.501951 -0.03399209 -0.8642278
vn -0.2037088 -0.04208198 0.9781267
vn 0.4760092 -0.02978389 -0.8789358
vn -0.1555977 -0.04569195 0.9867632
vn 0.4225855 -0.02192108 -0.9060579
vn -0.1290857 -0.04440379 0.9906387
vn 0.3725705 -0.01855273 -0.9278184
vn -0.1001397 -0.04170376 0.994099
vn 0.3524829 -0.01959415 -0.9356131
vn -0.07560858 -0.03631129 0.9964762
vn 0.3020779 -0.01809597 -0.9531115
vn -0.06885623 -0.03018903 0.9971698
vn 0.2718567 -0.01242161 -0.9622576
vn -0.05728034 -0.02428593 0.9980627
vn 0.2277243 -0.01055488 -0.9736684
vn -0.05281733 -0.01473652 0.9984955
vn 0.1980212 -0.01344505 -0.9801056
vn -0.04521807 -0.002578926 0.9989738
vn 0.1517722 -0.01185638 -0.9883444
vn -0.04543817 0.006331839 0.9989471
vn 0.1194523 -0.003918592 -0.9928322
vn -0.04104109 0.005864362 0.9991403
vn 0.07267262 0.008334315 -0.997321
vn -0.03511386 0.02347144 0.9991077
vn 0.04678697 0.01025458 -0.9988523
vn -0.02670738 0.0160871 0.9995138
vn 0.03370119 0.00845995 -0.9993962
vn -0.01696932 0.01042482 0.9998016
vn -0.01310747 0.006430975 -0.9998934
vn -0.007690731 0.02582778 0.9996368
vn -0.06331673 0.008692893 -0.9979557
vn -0.0003757842 0.01505793 0.9998866
vn -0.07741441 0.01633204 -0.9968653
vn 0.008348312 0.01053847 0.9999096
vn -0.1080659 0.01355335 -0.9940514
vn 0.01998474 0.004531002 0.99979
vn -0.1502072 0.008957242 -0.988614
vn 0.02746384 -0.004763415 0.9996114
vn -0.1952671 0.006034489 -0.9807315
vn 0.03080202 -0.02734306 0.9991515
vn -0.2443606 0.001805534 -0.9696828
vn 0.04423453 -0.03576527 0.9983808
vn -0.2802882 -0.002671843 -0.9599122
vn 0.05479379 -0.04733944 0.9973749
vn -0.3183624 -0.002357765 -0.9479662
vn 0.07109178 -0.04825881 0.9963017
vn -0.3467464 -0.000616447 -0.9379587
vn 0.08037085 -0.07687548 0.9937961
vn -0.3825846 -0.007119779 -0.923893
vn 0.1110505 -0.08033606 0.9905624
vn -0.4277024 -0.0099154 -0.9038653
vn 0.1407335 -0.08660902 0.986252
vn -0.4494938 -0.01166186 -0.8932073
vn 0.1908785 -0.09060922 0.9774228
vn -0.4938484 -0.008719945 -0.8695042
vn 0.2494244 -0.08784027 0.9644022
vn -0.5351141 -0.01508087 -0.8446453
vn 0.3065171 -0.08586527 0.9479844
vn -0.5789492 -0.02339875 -0.8150278
vn 0.36043 -0.08585952 0.9288263
vn -0.5941159 -0.02810429 -0.8038883
vn 0.4156569 -0.08304629 0.9057222
vn -0.6141642 -0.03565753 -0.7883722
vn 0.4615593 -0.08093239 0.8834099
vn -0.6722648 -0.03298306 -0.7395757
vn 0.5032266 -0.07752659 0.8606699
vn -0.7103929 -0.03449713 -0.7029593
vn 0.5497969 -0.0714821 0.8322342
vn -0.7371404 -0.04410038 -0.674299
vn 0.5871212 -0.06856402 0.8065901
vn -0.7577878 -0.05218151 -0.6504113
vn 0.6229053 -0.06535809 0.7795622
vn -0.7861616 -0.0564593 -0.6154366
vn 0.6563562 -0.05720212 0.7522795
vn -0.8241854 -0.06005409 -0.563127
vn 0.6904284 -0.05118398 0.7215877
vn -0.8460591 -0.0705789 -0.5283963
vn 0.7190778 -0.04428735 0.693517
vn -0.862838 -0.07397462 -0.5000385
vn 0.7482957 -0.03741397 0.6623093
vn -0.8766594 -0.07216418 -0.4756687
vn 0.7819862 -0.03031079 0.6225584
vn -0.9069859 -0.06353016 -0.4163417
vn 0.8174663 -0.01819914 0.5756889
vn -0.9297444 -0.05757283 -0.3636766
vn 0.8537104 -0.004984085 0.5207244
vn -0.9328376 -0.06393162 -0.3545797
vn 0.8829614 0.004508851 0.4694239
vn -0.9468842 -0.06923234 -0.3140341
vn 0.9065581 0.01630513 0.421766
vn -0.953884 -0.07351308 -0.2910347
vn 0.9306696 0.02879913 0.3647254
vn -0.9599327 -0.07127834 -0.271014
vn 0.9480098 0.03748325 0.3160257
vn -0.9712767 -0.06465442 -0.2290009
vn 0.9617386 0.04786247 0.2697558
vn -0.9777409 -0.06614089 -0.1991181
vn 0.9717307 0.0538264 0.2298739
vn -0.984131 -0.07471927 -0.1609451
vn 0.9803818 0.06229734 0.187004
vn -0.9867622 -0.08215136 -0.1398267
vn 0.987537 0.0702058 0.1408619
vn -0.9840906 -0.08963226 -0.153401
vn 0.9922813 0.07814603 0.09628571
vn -0.968014 -0.08858857 -0.234736
vn 0.9891186 0.06790236 0.130513
vn -0.9516404 -0.07427505 -0.2981002
vn 0.9973572 0.06506842 0.0323221
vn -0.925417 -0.0627118 -0.3737253
vn -0.3445901 -0.1494217 0.9267852
vn 0.9336798 -0.07733197 -0.3496599
vn 0.006379361 -0.05342184 0.9985517
vn 0.9599815 -0.09431636 -0.2637045
vn -0.9731857 0.08259591 0.2146797
vn 0.975895 -0.1002791 -0.1938375
vn -0.9895957 0.1133461 0.08861816
vn 0.9759371 -0.1027682 -0.1923164
vn -0.9862014 0.108705 0.1248608
vn 0.9714861 -0.102256 -0.213912
vn -0.9800795 0.1022073 0.1702869
vn 0.9639484 -0.09529594 -0.2484397
vn -0.9706746 0.09562114 0.2205617
vn 0.9595634 -0.08937599 -0.2669274
vn -0.9580673 0.08891568 0.2723986
vn 0.9599104 -0.08832525 -0.2660276
vn -0.9430863 0.08214822 0.3222421
vn 0.9447644 -0.08594161 -0.3162816
vn -0.9299726 0.07530281 0.3598339
vn 0.9222648 -0.08010117 -0.3781688
vn -0.9039927 0.06729936 0.422218
vn 0.9115912 -0.07641791 -0.4039328
vn -0.8784203 0.06042289 0.4740538
vn 0.910564 -0.08085246 -0.4053839
vn -0.8435955 0.05152404 0.5345015
vn 0.8946503 -0.08393356 -0.4388121
vn -0.8100961 0.04336808 0.5846909
vn 0.8649067 -0.08015607 -0.4954911
vn -0.7728934 0.0354586 0.6335444
vn 0.8612348 -0.07787011 -0.5022059
vn -0.7352406 0.02878531 0.6771948
vn 0.8443459 -0.07387663 -0.530681
vn -0.7097117 0.0257826 0.7040203
vn 0.8226703 -0.06873713 -0.5643479
vn -0.6731794 0.01928332 0.7392278
vn 0.8102359 -0.06204984 -0.58281
vn -0.6315303 0.01482146 0.7752094
vn 0.7762069 -0.06051996 -0.6275669
vn -0.6001981 0.01285507 0.7997481
vn 0.7377916 -0.05346118 -0.6729081
vn -0.5632032 0.008982895 0.8262695
vn 0.7001132 -0.0398656 -0.712918
vn -0.5134364 0.004878608 0.8581137
vn 0.6607564 -0.03492166 -0.7497876
vn -0.466184 0.004777621 0.8846748
vn 0.6428176 -0.03695914 -0.7651272
vn -0.4195896 0.003922919 0.9077055
vn 0.6022317 -0.03536756 -0.7975376
vn -0.3756208 0.002631063 0.9267697
vn 0.5707726 -0.03089974 -0.8205266
vn -0.3311691 0.003734624 0.9435641
vn 0.5408438 -0.02739771 -0.8406767
vn -0.2894816 0.003996701 0.9571752
vn 0.5025788 -0.02399072 -0.8641984
vn -0.224316 -8.233474E-05 0.9745165
vn 0.4801789 -0.01685614 -0.8770086
vn -0.1737937 -0.0007784796 0.9847818
vn 0.4399076 -0.005253487 -0.8980277
vn -0.1515815 0.005041486 0.9884319
vn 0.3841722 0.001585581 -0.9232602
vn -0.128794 0.01120633 0.991608
vn 0.3730726 -0.0005495564 -0.927802
vn -0.1025943 0.01979986 0.9945262
vn 0.3275972 -0.003647491 -0.9448105
vn -0.09687234 0.03241741 0.9947687
vn 0.2764835 -0.002579322 -0.9610152
vn -0.08378443 0.04534569 0.9954516
vn 0.2382119 0.004043016 -0.9712048
vn -0.07958399 0.05779559 0.9951513
vn 0.2161752 0.008455642 -0.9763181
vn -0.07468559 0.068997 0.9948173
vn 0.177658 0.009777199 -0.9840438
vn -0.06492448 0.07821049 0.9948206
vn 0.1210663 0.01133856 -0.9925796
vn -0.05658861 0.08491252 0.9947801
vn 0.08825357 0.01163259 -0.9960302
vn -0.0458184 0.08943451 0.9949383
vn 0.04507272 0.01458873 -0.9988772
vn -0.0355041 0.09267171 0.9950635
vn 0.04654556 0.01487473 -0.9988054
vn -0.02441183 0.094113 0.9952622
vn 0.03101261 0.0128576 -0.9994363
vn -0.01404182 0.09439534 0.9954358
vn -0.0424111 0.01206542 -0.9990274
vn -0.0004440973 0.09360377 0.9956095
vn -0.08169928 0.01231429 -0.9965809
vn 0.01190524 0.09081433 0.9957966
vn -0.08927601 0.01307769 -0.995921
vn 0.02643064 0.08659162 0.9958933
vn -0.1174392 0.01311904 -0.9929934
vn 0.03940645 0.08133541 0.9959075
vn -0.1721393 0.01627235 -0.9849381
vn 0.0524216 0.07511996 0.9957956
vn -0.2020797 0.01709286 -0.9792199
vn 0.06520861 0.06598896 0.9956874
vn -0.2366663 0.006954477 -0.9715661
vn 0.07644614 0.05228507 0.9957018
vn -0.285491 -0.001565643 -0.95838
vn 0.08804426 0.03722683 0.9954207
vn -0.3391847 0.0009644802 -0.9407192
vn 0.1044502 0.02151964 0.9942973
vn -0.355721 0.00490832 -0.9345794
vn 0.1204057 0.006523145 0.9927034
vn -0.3944573 0.006290021 -0.9188927
vn 0.1428051 -0.009339125 0.9897068
vn -0.4223752 0.001026287 -0.9064205
vn 0.1700543 -0.02425381 0.9851362
vn -0.4611632 -0.003946001 -0.8873066
vn 0.2118002 -0.03570551 0.9766604
vn -0.4941271 -0.005735058 -0.8693708
vn 0.2632278 -0.04124869 0.9638515
vn -0.5338378 -0.008976716 -0.8455393
vn 0.3288569 -0.04382066 0.9433626
vn -0.5784347 -0.01532625 -0.8155847
vn 0.3806635 -0.04525747 0.9236054
vn -0.5921324 -0.02193188 -0.8055422
vn 0.4365258 -0.0469013 0.8984684
vn -0.6379498 -0.02088565 -0.7697946
vn 0.4858292 -0.0469867 0.8727899
vn -0.6779032 -0.02478882 -0.7347331
vn 0.5259382 -0.04662447 0.8492438
vn -0.7022635 -0.03297552 -0.711153
vn 0.5901998 -0.04284008 0.8061196
vn -0.7365278 -0.03816548 -0.6753297
vn 0.6167994 -0.0434473 0.7859204
vn -0.7594159 -0.0420161 -0.6492473
vn 0.6511536 -0.04290732 0.757732
vn -0.7930611 -0.04045805 -0.6077971
vn 0.6899056 -0.03859942 0.7228695
vn -0.8157544 -0.0452836 -0.576623
vn 0.7034689 -0.03867147 0.7096732
vn -0.8492314 -0.04842413 -0.5257956
vn 0.7265139 -0.03504515 0.6862575
vn -0.8747818 -0.04574735 -0.4823527
vn 0.7505394 -0.03038082 0.6601269
vn -0.8900688 -0.04208593 -0.453879
vn 0.7835259 -0.02199577 0.6209698
vn -0.9092864 -0.05178255 -0.4129367
vn 0.8133828 -0.01639578 0.5814977
vn -0.9173991 -0.0691639 -0.3919124
vn 0.850614 -0.005339645 0.5257635
vn -0.9272652 -0.07813142 -0.3661623
vn 0.8757266 0.003831748 0.4827921
vn -0.941104 -0.08961783 -0.3260244
vn 0.9006956 0.01286067 0.4342605
vn -0.9580407 -0.09417448 -0.2707198
vn 0.9263827 0.02149025 0.3759697
vn -0.9703926 -0.08282243 -0.2268888
vn 0.9451856 0.0317545 0.3249858
vn -0.9719293 -0.07418108 -0.2232725
vn 0.9606749 0.03914197 0.274903
vn -0.9763337 -0.07662696 -0.2022396
vn 0.9704278 0.04556738 0.2370517
vn -0.9841723 -0.07325149 -0.1613663
vn 0.9789408 0.05304673 0.197132
vn -0.9872308 -0.07297173 -0.1415992
vn 0.9881933 0.0607072 0.1406726
vn -0.9849491 -0.06732278 -0.1591957
vn 0.9907622 0.06583318 0.118559
vn -0.9774938 -0.05703792 -0.2031072
vn 0.9946961 0.07080521 0.0746073
vn -0.947314 -0.05506399 -0.3155377
vn 0.9010412 0.09595754 0.4229858
vn 0.9699755 -0.08474622 -0.2279592
vn -0.921721 0.1210752 0.3684714
vn 0.9778143 -0.08868926 -0.1897724
vn -0.9900339 0.1027905 0.09626587
vn 0.9786859 -0.09096787 -0.1841155
vn -0.9868504 0.1007103 0.1264259
vn 0.974975 -0.08499093 -0.2054273
vn -0.9816356 0.09500223 0.165427
vn 0.9671614 -0.0832734 -0.2401337
vn -0.9738813 0.08951605 0.2086679
vn 0.9605632 -0.0862418 -0.2643495
vn -0.9629686 0.08411287 0.2561575
vn 0.9592718 -0.08905272 -0.2680807
vn -0.9466557 0.07802799 0.3126575
vn 0.9517595 -0.08421785 -0.2950611
vn -0.9329591 0.07279817 0.3525445
vn 0.930681 -0.07493846 -0.3580743
vn -0.9147602 0.06668711 0.3984552
vn 0.9172877 -0.07369762 -0.3913463
vn -0.8890702 0.06028442 0.453784
vn 0.9147836 -0.07725783 -0.3964874
vn -0.8586711 0.05259041 0.5098218
vn 0.9079673 -0.07351187 -0.4125426
vn -0.8265528 0.04600995 0.5609756
vn 0.8808922 -0.06535273 -0.4687836
vn -0.7920931 0.04145965 0.6089906
vn 0.8623558 -0.06554116 -0.5020427
vn -0.7563431 0.03416313 0.6532825
vn 0.8533387 -0.06497531 -0.5172923
vn -0.7300174 0.03147289 0.6827037
vn 0.8267286 -0.0597248 -0.5594218
vn -0.7013823 0.02834781 0.7122214
vn 0.8122011 -0.05529761 -0.5807508
vn -0.668451 0.02698722 0.7432665
vn 0.7957935 -0.04637116 -0.60379
vn -0.6313142 0.02733445 0.7750452
vn 0.7631763 -0.03968457 -0.6449706
vn -0.5909931 0.02668991 0.8062351
vn 0.717742 -0.03827995 -0.695256
vn -0.5521289 0.02489115 0.8333871
vn 0.6816739 -0.03621737 -0.7307591
vn -0.5058314 0.02382959 0.8623031
vn 0.6565427 -0.03387024 -0.7535279
vn -0.4614885 0.0261266 0.8867614
vn 0.6233417 -0.0258527 -0.7815221
vn -0.4090691 0.02830214 0.9120644
vn 0.5790424 -0.0137321 -0.8151817
vn -0.3716724 0.03157606 0.9278268
vn 0.5599527 -0.008692826 -0.8284789
vn -0.3230958 0.03514508 0.9457135
vn 0.5238459 -0.005000415 -0.8517983
vn -0.267844 0.03511509 0.9628221
vn 0.482077 -0.001573539 -0.8761274
vn -0.2060428 0.03574502 0.9778899
vn 0.4521492 0.003509328 -0.8919353
vn -0.1827184 0.04395936 0.9821821
vn 0.4065927 0.008530394 -0.9135697
vn -0.1610077 0.05234118 0.9855644
vn 0.3815581 0.009282636 -0.9242983
vn -0.1400361 0.06242282 0.9881768
vn 0.3707601 0.01062735 -0.9286679
vn -0.1308292 0.07534738 0.9885376
vn 0.3126124 0.01325303 -0.9497883
vn -0.1255645 0.08897866 0.9880872
vn 0.2524524 0.01792867 -0.9674433
vn -0.1110701 0.1022902 0.9885343
vn 0.2196458 0.02290328 -0.9753108
vn -0.1038515 0.1141263 0.9880233
vn 0.2075374 0.02127749 -0.9779957
vn -0.0899471 0.1217854 0.9884725
vn 0.1550386 0.02417302 -0.9876126
vn -0.07926191 0.1290258 0.9884685
vn 0.1260393 0.02234487 -0.9917735
vn -0.06581236 0.1351623 0.9886354
vn 0.07873464 0.01771354 -0.9967382
vn -0.05103067 0.1393007 0.9889344
vn 0.04528042 0.0143949 -0.9988706
vn -0.0368712 0.1421396 0.9891596
vn 0.04667639 0.01465101 -0.9988026
vn -0.02319291 0.1445165 0.9892305
vn 0.007313746 0.02220052 -0.9997268
vn -0.009705576 0.145497 0.989311
vn -0.05366613 0.02524267 -0.9982399
vn 0.006153325 0.1452319 0.9893785
vn -0.07876247 0.0189817 -0.9967126
vn 0.02142642 0.1446338 0.9892532
vn -0.09787825 0.01821051 -0.9950318
vn 0.03766989 0.1427554 0.9890409
vn -0.1441442 0.02172166 -0.9893183
vn 0.05250895 0.1394099 0.9888416
vn -0.1846284 0.02387825 -0.9825183
vn 0.06941427 0.1350994 0.9883975
vn -0.1939343 0.02011171 -0.9808083
vn 0.09610336 0.1269598 0.9872413
vn -0.2376085 0.02088254 -0.9711365
vn 0.1115313 0.1145382 0.9871381
vn -0.3050815 0.02352091 -0.9520358
vn 0.1246314 0.1006467 0.9870853
vn -0.3429543 0.01773595 -0.9391846
vn 0.1407231 0.08601567 0.9863054
vn -0.3681555 0.01520721 -0.9296399
vn 0.1599053 0.06935701 0.9846928
vn -0.3973654 0.01410697 -0.9175521
vn 0.1847047 0.05171706 0.9814324
vn -0.4246238 0.01321768 -0.9052734
vn 0.2121889 0.03415558 0.9766316
vn -0.4690847 0.01239568 -0.8830662
vn 0.2404226 0.01847077 0.9704925
vn -0.5028858 0.009018635 -0.8643057
vn 0.2820556 0.009626444 0.9593497
vn -0.54286 0.007895437 -0.8397859
vn 0.3438175 0.001709611 0.9390349
vn -0.5655888 0.001325374 -0.8246863
vn 0.399378 -0.00625857 0.916765
vn -0.5932952 -0.00291731 -0.8049797
vn 0.4533533 -0.01256559 0.8912423
vn -0.6511567 -0.002627497 -0.7589388
vn 0.5008217 -0.01749593 0.8653737
vn -0.6774172 -0.002902617 -0.7355934
vn 0.5550236 -0.02146872 0.8315575
vn -0.7021903 -0.006960247 -0.7119554
vn 0.6025555 -0.02137077 0.7977909
vn -0.7263305 -0.0187015 -0.6870912
vn 0.6426504 -0.01953608 0.7659104
vn -0.7728055 -0.02235126 -0.6342493
vn 0.6838615 -0.0187258 0.7293716
vn -0.7964515 -0.02406788 -0.6042232
vn 0.707789 -0.01820635 0.7061893
vn -0.8247772 -0.02244128 -0.5650125
vn 0.7321789 -0.01692023 0.6809022
vn -0.851204 -0.02836597 -0.5240679
vn 0.7501222 -0.01773226 0.6610614
vn -0.8738793 -0.03982236 -0.4845093
vn 0.7819767 -0.01308147 0.6231703
vn -0.8806292 -0.05175184 -0.4709712
vn 0.801215 -0.0113993 0.5982679
vn -0.9006664 -0.0566387 -0.4308041
vn 0.8311521 -0.004799836 0.5560243
vn -0.9119278 -0.0594425 -0.4060225
vn 0.8553643 0.0006225441 0.5180265
vn -0.9188656 -0.06758374 -0.3887393
vn 0.8730021 0.008125415 0.487649
vn -0.9405555 -0.07056572 -0.3322286
vn 0.901915 0.01415212 0.4316816
vn -0.9589047 -0.06745975 -0.2755918
vn 0.9167687 0.01879927 0.3989761
vn -0.9705487 -0.08452987 -0.2255878
vn 0.9337396 0.02487412 0.3570877
vn -0.9756585 -0.08774629 -0.2009754
vn 0.9527473 0.03391934 0.3018643
vn -0.9821322 -0.07846648 -0.1710534
vn 0.9655766 0.04255358 0.2566147
vn -0.9876946 -0.07143352 -0.1391285
vn 0.9740329 0.04733544 0.2214029
vn -0.9896821 -0.06619791 -0.1270716
vn 0.9835739 0.05435218 0.1721288
vn -0.9893929 -0.06243615 -0.1311612
vn 0.9885303 0.06045417 0.1383948
vn -0.9718096 -0.06146511 -0.2276143
vn 0.9925335 0.0666377 0.1021599
vn -0.9441967 -0.05672085 -0.3244616
vn 0.5877015 0.02269635 0.8087595
vn 0.9429267 -0.07327539 -0.3248386
vn -0.1251552 -0.03858987 0.9913864
vn 0.9722921 -0.08109796 -0.2192518
vn -0.9797514 0.07266884 0.1865652
vn 0.9749984 -0.08108108 -0.2068919
vn -0.9898122 0.09235735 0.1083601
vn 0.9757953 -0.07727395 -0.2045785
vn -0.9845061 0.08921693 0.1509577
vn 0.9732955 -0.07809154 -0.2158648
vn -0.9760108 0.08302101 0.2012721
vn 0.9687542 -0.07922266 -0.2350294
vn -0.9658707 0.0770801 0.2472904
vn 0.9638586 -0.08287746 -0.2531953
vn -0.9519371 0.07190171 0.2977347
vn 0.9510433 -0.08057982 -0.2983683
vn -0.9359016 0.06749113 0.3457358
vn 0.9336284 -0.07090043 -0.3511567
vn -0.9187345 0.06248747 0.3899002
vn 0.9219929 -0.0664729 -0.3814584
vn -0.8949118 0.05606513 0.4427071
vn 0.9190307 -0.06721616 -0.3884127
vn -0.8673686 0.05189281 0.4949534
vn 0.9029588 -0.06431741 -0.4248864
vn -0.833549 0.04741485 0.5504071
vn 0.884419 -0.05062873 -0.4639392
vn -0.8036848 0.04273574 0.5935187
vn 0.8703753 -0.04235808 -0.4905635
vn -0.7642725 0.04008717 0.6436463
vn 0.8618569 -0.04364296 -0.5052702
vn -0.7404547 0.03800302 0.6710311
vn 0.8353845 -0.04305947 -0.547977
vn -0.7181864 0.03617479 0.6949099
vn 0.8185342 -0.04006398 -0.573059
vn -0.6888229 0.03662463 0.7240039
vn 0.7901446 -0.0400807 -0.6116086
vn -0.6539997 0.03374127 0.7557419
vn 0.7726277 -0.02840778 -0.6342235
vn -0.6179656 0.03390991 0.7854736
vn 0.7429819 -0.02266698 -0.6689277
vn -0.573557 0.03589367 0.8183789
vn 0.6945506 -0.0233688 -0.7190643
vn -0.5301974 0.03784855 0.847029
vn 0.6641418 -0.01762063 -0.747399
vn -0.4960501 0.0380467 0.8674599
vn 0.6341344 -0.006773117 -0.7731931
vn -0.4506418 0.04205873 0.8917135
vn 0.5903961 -0.003251959 -0.8071071
vn -0.4017054 0.04852811 0.9144822
vn 0.5608081 -0.003828985 -0.827937
vn -0.3550227 0.0511031 0.9334599
vn 0.5358167 -5.144129E-06 -0.8443344
vn -0.294079 0.05312095 0.9543039
vn 0.5040995 0.004205263 -0.8636354
vn -0.2425981 0.05701681 0.9684498
vn 0.4683278 0.00141925 -0.8835536
vn -0.2111694 0.06476112 0.9753017
vn 0.4360167 0.0006067612 -0.8999385
vn -0.1932981 0.07117883 0.9785548
vn 0.3934443 0.00119187 -0.9193478
vn -0.1811679 0.08427358 0.9798347
vn 0.3651508 0.01104864 -0.9308828
vn -0.1650268 0.09722611 0.9814852
vn 0.3348099 0.02864129 -0.9418503
vn -0.1586528 0.1086652 0.9813364
vn 0.2806377 0.03780831 -0.959069
vn -0.1480176 0.1196758 0.9817172
vn 0.2384227 0.03446694 -0.9705497
vn -0.133388 0.1297975 0.9825274
vn 0.2284714 0.02688487 -0.9731793
vn -0.1159557 0.1375353 0.9836861
vn 0.1878188 0.02837067 -0.9817939
vn -0.1004845 0.1432084 0.9845782
vn 0.1404282 0.03086361 -0.9896097
vn -0.08696067 0.1475393 0.9852258
vn 0.1123289 0.03591682 -0.9930217
vn -0.06905214 0.1508616 0.9861402
vn 0.07104882 0.04015056 -0.9966645
vn -0.05335785 0.1544761 0.9865547
vn 0.04112514 0.03187363 -0.9986455
vn -0.0375383 0.1580108 0.9867236
vn 0.01251486 0.03832157 -0.9991871
vn -0.02200895 0.1611978 0.9866767
vn -0.02572937 0.04276945 -0.9987537
vn -0.004817264 0.1640054 0.9864478
vn -0.05627619 0.03821967 -0.9976835
vn 0.01218037 0.1660194 0.9860472
vn -0.08358877 0.0356869 -0.9958611
vn 0.03037571 0.1665743 0.9855609
vn -0.1200583 0.03849689 -0.9920202
vn 0.05105231 0.1661497 0.9847781
vn -0.1649243 0.03968879 -0.9855074
vn 0.06750954 0.1633476 0.984256
vn -0.1864855 0.0364777 -0.9817802
vn 0.09203745 0.1602025 0.982784
vn -0.2225838 0.04008194 -0.9740893
vn 0.1248669 0.1567352 0.9797155
vn -0.2717747 0.04586622 -0.9612672
vn 0.1433981 0.148441 0.9784693
vn -0.3067811 0.04133001 -0.9508823
vn 0.1631846 0.1368659 0.977056
vn -0.3479775 0.03384964 -0.9368916
vn 0.1848125 0.1220526 0.9751654
vn -0.3757767 0.03259419 -0.9261369
vn 0.2061643 0.1058795 0.9727722
vn -0.4075494 0.02792168 -0.9127563
vn 0.2287363 0.08955485 0.9693604
vn -0.4415529 0.02535646 -0.8968768
vn 0.2556757 0.07398983 0.9639271
vn -0.4757018 0.02324905 -0.8792993
vn 0.2760792 0.05854439 0.9593502
vn -0.5127565 0.01919208 -0.8583195
vn 0.3225707 0.04454182 0.9454968
vn -0.5539011 0.01737045 -0.8324012
vn 0.3793998 0.03563612 0.9245464
vn -0.5756232 0.02015403 -0.8174667
vn 0.4333251 0.02583691 0.9008672
vn -0.62075 0.0183575 -0.7837937
vn 0.4803069 0.01742585 0.8769274
vn -0.6655147 0.01282459 -0.7462746
vn 0.5281483 0.008681101 0.8491078
vn -0.6783845 0.01203244 -0.7346085
vn 0.5708998 0.003690538 0.8210114
vn -0.6907248 0.004632717 -0.7231029
vn 0.6133727 0.001788132 0.7897915
vn -0.7325218 -0.002437806 -0.6807394
vn 0.6510469 -0.000353136 0.7590374
vn -0.7732665 -0.005765323 -0.6340549
vn 0.6889935 0.0007231553 0.7247673
vn -0.7981102 -0.01218953 -0.6023881
vn 0.7188097 8.530958E-05 0.6952069
vn -0.822932 -0.01746273 -0.5678715
vn 0.7487588 0.001216966 0.6628415
vn -0.838598 -0.03004941 -0.5439214
vn 0.7799047 0.0008853326 0.6258976
vn -0.8651699 -0.0373817 -0.5000834
vn 0.8049971 0.004253769 0.5932636
vn -0.8850314 -0.03633984 -0.4641106
vn 0.8362252 0.007263022 0.5483381
vn -0.9123738 -0.02141459 -0.4087977
vn 0.852233 0.01007176 0.5230654
vn -0.9100244 -0.01821448 -0.4141543
vn 0.8715134 0.01150338 0.4902367
vn -0.9288646 -0.02220587 -0.3697533
vn 0.8852907 0.01251324 0.4648698
vn -0.9404625 -0.02556868 -0.3389343
vn 0.9047865 0.01866986 0.425456
vn -0.9509438 -0.03986437 -0.3067846
vn 0.9175598 0.02329915 0.3969147
vn -0.967981 -0.04781292 -0.2464279
vn 0.9344727 0.02711536 0.3550009
vn -0.9795384 -0.05103558 -0.1946786
vn 0.9500157 0.03427776 0.3103146
vn -0.9886306 -0.05854636 -0.1384986
vn 0.9653153 0.04138936 0.2577857
vn -0.9920241 -0.05688283 -0.1124836
vn 0.9745581 0.04731998 0.2190832
vn -0.9922279 -0.05271474 -0.1127169
vn 0.981725 0.05264539 0.1828786
vn -0.9879457 -0.05527166 -0.1445974
vn 0.9881986 0.05681701 0.1422506
vn -0.9754108 -0.04052811 -0.2166362
vn 0.9916722 0.05958054 0.1141768
vn -0.9490636 -0.03247831 -0.3134061
vn 0.5703608 -0.01038772 0.8213286
vn 0.9700684 -0.06858186 -0.2329462
vn -0.9320336 0.09815455 0.3488253
vn 0.977429 -0.06469748 -0.2011142
vn -0.9896808 0.08291598 0.1168621
vn 0.9771538 -0.06647026 -0.2018717
vn -0.9858098 0.078907 0.1481644
vn 0.976756 -0.06976074 -0.2026848
vn -0.9801453 0.07650108 0.1829277
vn 0.9745449 -0.0669648 -0.2139575
vn -0.9710734 0.07154896 0.2278093
vn 0.9680274 -0.06999376 -0.2408814
vn -0.9632887 0.0693673 0.2593516
vn 0.9629014 -0.0610635 -0.262854
vn -0.9505834 0.06516276 0.3035538
vn 0.9504016 -0.05546036 -0.3060409
vn -0.9326742 0.06204262 0.3553441
vn 0.9325753 -0.05734212 -0.3563918
vn -0.9159962 0.05785783 0.3969931
vn 0.9223737 -0.06103279 -0.3814469
vn -0.8916031 0.05470432 0.4495013
vn 0.9179368 -0.06054199 -0.39208
vn -0.8674625 0.05039445 0.4949438
vn 0.9008905 -0.05863662 -0.4300675
vn -0.8314912 0.04806463 0.5534546
vn 0.8730311 -0.05889124 -0.4840958
vn -0.8047213 0.04463062 0.5919727
vn 0.8643899 -0.05598625 -0.4996956
vn -0.7701586 0.04225655 0.6364511
vn 0.8548739 -0.04759609 -0.5166481
vn -0.7407948 0.04308569 0.6703482
vn 0.8321198 -0.03550246 -0.5534586
vn -0.7179912 0.04233696 0.6947635
vn 0.8133373 -0.0276888 -0.581133
vn -0.6901802 0.04150435 0.7224464
vn 0.7914833 -0.02083438 -0.6108356
vn -0.6552963 0.04174869 0.7542173
vn 0.7589401 -0.0167468 -0.650945
vn -0.6228889 0.04169622 0.7811984
vn 0.7482952 -0.009710917 -0.6632949
vn -0.5833831 0.04079728 0.8111718
vn 0.7017962 -0.001801115 -0.7123755
vn -0.5485704 0.04540952 0.8348703
vn 0.6478778 0.007329156 -0.761709
vn -0.5014882 0.05017254 0.8637084
vn 0.6295252 0.01055028 -0.7769085
vn -0.4522699 0.0548866 0.8901907
vn 0.6079364 0.004968896 -0.7939701
vn -0.410849 0.05839295 0.9098315
vn 0.5670904 0.002919554 -0.8236505
vn -0.3706223 0.06102866 0.9267765
vn 0.5383341 0.004888474 -0.8427173
vn -0.3132877 0.06473979 0.947449
vn 0.5072504 0.008273179 -0.8617591
vn -0.265047 0.06880601 0.9617774
vn 0.4772923 0.01091243 -0.8786768
vn -0.2363954 0.07763224 0.9685507
vn 0.4303708 0.01545096 -0.9025199
vn -0.2183827 0.08717494 0.9719617
vn 0.3703766 0.02903385 -0.9284278
vn -0.2046058 0.09742006 0.9739845
vn 0.3302898 0.03913032 -0.943068
vn -0.1902 0.107409 0.9758521
vn 0.3156288 0.03965516 -0.9480538
vn -0.1788825 0.1161083 0.9769953
vn 0.2825394 0.03618337 -0.958573
vn -0.1664809 0.1229197 0.9783531
vn 0.2556041 0.03109039 -0.9662815
vn -0.1470713 0.1283152 0.9807677
vn 0.2206872 0.03511341 -0.9747124
vn -0.1254075 0.1322248 0.9832546
vn 0.17155 0.0436585 -0.9842076
vn -0.107453 0.1351643 0.9849795
vn 0.133972 0.04608045 -0.9899131
vn -0.09175892 0.1373979 0.9862567
vn 0.09125526 0.05093871 -0.9945238
vn -0.07454864 0.1400336 0.9873363
vn 0.08197656 0.0481034 -0.9954728
vn -0.06175428 0.1391348 0.988346
vn 0.05177733 0.04670306 -0.997566
vn -0.04489807 0.1461659 0.9882407
vn 0.006925642 0.04411473 -0.9990025
vn -0.02981 0.1485439 0.9884564
vn -0.01526672 0.0444393 -0.9988955
vn -0.01364865 0.1508094 0.9884686
vn -0.05158206 0.04460924 -0.9976719
vn 0.004787466 0.1535837 0.9881241
vn -0.08667754 0.05229031 -0.9948632
vn 0.02618166 0.1561933 0.9873794
vn -0.1238892 0.0551446 -0.9907626
vn 0.04759517 0.1574473 0.9863798
vn -0.1580141 0.05447756 -0.9859329
vn 0.06913836 0.1589902 0.9848564
vn -0.1798142 0.05177847 -0.9823369
vn 0.08992777 0.1588935 0.9831916
vn -0.2184307 0.04739859 -0.9747007
vn 0.1244935 0.1595511 0.9793084
vn -0.273613 0.04603284 -0.9607377
vn 0.1551216 0.1591782 0.974987
vn -0.2958001 0.051138 -0.9538801
vn 0.1804868 0.1553811 0.9712267
vn -0.3361041 0.04999675 -0.9404969
vn 0.2098895 0.1476087 0.9665186
vn -0.3679987 0.04592554 -0.9286914
vn 0.2345028 0.1354942 0.9626265
vn -0.393808 0.04300987 -0.9181859
vn 0.2562922 0.1221818 0.9588462
vn -0.4321695 0.04115563 -0.9008529
vn 0.2838678 0.1078667 0.9527769
vn -0.4699534 0.04034152 -0.8817688
vn 0.3060601 0.09253065 0.9475048
vn -0.5034225 0.03783406 -0.8632117
vn 0.3313205 0.07795579 0.9402924
vn -0.5442997 0.02878958 -0.8383967
vn 0.3807509 0.06839466 0.9221447
vn -0.5788722 0.02432946 -0.8150553
vn 0.4323194 0.05983621 0.8997331
vn -0.6028126 0.02921725 -0.7973476
vn 0.4853573 0.05054625 0.8728536
vn -0.6485911 0.0224294 -0.7608064
vn 0.5298213 0.04076017 0.8471293
vn -0.6765487 0.01321149 -0.7362795
vn 0.5735459 0.0323607 0.8185341
vn -0.6820049 0.01586965 -0.7311754
vn 0.6039042 0.026048 0.7966311
vn -0.725896 0.0126296 -0.6876885
vn 0.6482205 0.01943976 0.7612046
vn -0.7693689 0.01148689 -0.6387014
vn 0.6947789 0.01610141 0.7190432
vn -0.795568 0.009160399 -0.605795
vn 0.7217743 0.01408998 0.691985
vn -0.8127265 0.002186164 -0.5826414
vn 0.7520878 0.013369 0.6589273
vn -0.8374765 -0.0004765737 -0.5464731
vn 0.7844134 0.01312812 0.6200994
vn -0.8657752 -0.009423939 -0.5003444
vn 0.8102471 0.01528127 0.5858892
vn -0.9012839 -0.01231483 -0.4330539
vn 0.8368099 0.01513599 0.5472843
vn -0.9185539 -0.0148666 -0.3950161
vn 0.8518268 0.01752566 0.5235303
vn -0.9141266 -0.01529615 -0.4051401
vn 0.8752398 0.01956837 0.4832933
vn -0.9161981 -0.01661332 -0.4003813
vn 0.8896686 0.02041192 0.4561502
vn -0.9276319 -0.0287575 -0.3723871
vn 0.9013285 0.02373426 0.4324853
vn -0.9592121 -0.01380943 -0.2823496
vn 0.9197897 0.02620239 0.3915361
vn -0.9681125 -0.008396491 -0.2503752
vn 0.9314394 0.02959701 0.3626909
vn -0.9763578 -0.01033335 -0.2159134
vn 0.9438131 0.03193239 0.3289333
vn -0.9841705 -0.02047887 -0.1760371
vn 0.9565806 0.0361116 0.2892222
vn -0.9905233 -0.03387633 -0.1331017
vn 0.9666225 0.04211887 0.2527192
vn -0.994021 -0.04171607 -0.1009052
vn 0.9779488 0.04791505 0.2032743
vn -0.9921922 -0.03689819 -0.1191339
vn 0.9856379 0.05178122 0.160738
vn -0.9784519 -0.0404407 -0.2024759
vn 0.9896898 0.05579258 0.1319141
vn -0.9468102 -0.03951623 -0.3193569
vn 0.6634123 0.05419703 0.7462885
vn 0.9321399 -0.05598034 -0.3577446
vn -0.7472085 -0.04261473 0.663222
vn 0.9599798 -0.0595644 -0.2736619
vn -0.9796582 0.05508529 0.1929646
vn 0.9722856 -0.05595428 -0.227002
vn -0.9883438 0.07352475 0.1333072
vn 0.9786785 -0.05310843 -0.1984134
vn -0.9836156 0.07052991 0.1659089
vn 0.9787883 -0.0525056 -0.1980315
vn -0.9796759 0.06851986 0.1885204
vn 0.9773168 -0.05127561 -0.2054817
vn -0.9713541 0.06532892 0.2284803
vn 0.9696422 -0.05124078 -0.2390991
vn -0.9612761 0.06257574 0.2683887
vn 0.9549383 -0.04941943 -0.2926608
vn -0.948916 0.0586222 0.3100352
vn 0.9476799 -0.04155121 -0.3165064
vn -0.9325823 0.05650336 0.3565074
vn 0.9418536 -0.04138008 -0.3334658
vn -0.913407 0.0539785 0.4034525
vn 0.9332783 -0.04935225 -0.355747
vn -0.89213 0.05120713 0.4488675
vn 0.9165516 -0.04954125 -0.396836
vn -0.8673322 0.0495566 0.4952565
vn 0.9051132 -0.04550343 -0.422729
vn -0.8328822 0.04605968 0.5515304
vn 0.8815437 -0.04870824 -0.469583
vn -0.8061337 0.04399532 0.5900956
vn 0.8608616 -0.04454184 -0.5068859
vn -0.7779737 0.0426717 0.6268461
vn 0.8438634 -0.03425597 -0.5354635
vn -0.754797 0.04321187 0.6545336
vn 0.8183003 -0.02513453 -0.5742411
vn -0.7229842 0.04443723 0.689434
vn 0.8011528 -0.02120104 -0.5980843
vn -0.6962907 0.04454795 0.7163761
vn 0.786885 -0.0157394 -0.6168991
vn -0.6614609 0.04724018 0.7484904
vn 0.7500907 -0.008794072 -0.6612765
vn -0.6255106 0.0498502 0.7786215
vn 0.7247072 0.0001992231 -0.6890569
vn -0.5788337 0.05134844 0.8138274
vn 0.6718993 0.007888728 -0.7406006
vn -0.5386479 0.05347988 0.8408319
vn 0.6398925 0.005279963 -0.7684462
vn -0.4955442 0.05554114 0.8668051
vn 0.6369125 0.007594073 -0.7708986
vn -0.4494733 0.05928314 0.8913245
vn 0.5931116 0.01540596 -0.8049729
vn -0.4108908 0.06278203 0.9095203
vn 0.555088 0.02496253 -0.8314169
vn -0.3668272 0.06634027 0.9279206
vn 0.5263563 0.02789227 -0.8498065
vn -0.3086406 0.06985875 0.9486099
vn 0.4966359 0.02982939 -0.8674462
vn -0.2729272 0.07487381 0.9591166
vn 0.455013 0.03808497 -0.88967
vn -0.2502417 0.08088388 0.9647989
vn 0.409855 0.0436599 -0.9111052
vn -0.2332059 0.08651487 0.9685712
vn 0.3627408 0.04502337 -0.9308018
vn -0.2203561 0.0917592 0.971094
vn 0.3397723 0.03950103 -0.9396779
vn -0.2053151 0.09624685 0.9739519
vn 0.322405 0.03574501 -0.9459267
vn -0.1904959 0.09954225 0.9766282
vn 0.2867936 0.035037 -0.9573514
vn -0.174669 0.1022803 0.9793004
vn 0.244804 0.0393348 -0.9687744
vn -0.1525656 0.10406 0.9827997
vn 0.1964359 0.05000713 -0.9792406
vn -0.1296923 0.1048086 0.9859995
vn 0.1624863 0.05680809 -0.9850742
vn -0.1112119 0.1059146 0.9881366
vn 0.1285823 0.05885855 -0.9899507
vn -0.09575058 0.1071199 0.9896247
vn 0.1014737 0.05527217 -0.9933016
vn -0.07967301 0.1085581 0.9908922
vn 0.08315938 0.05503576 -0.9950154
vn -0.06792531 0.1053127 0.9921166
vn 0.05526818 0.06019617 -0.9966554
vn -0.05261111 0.1079723 0.9927608
vn 0.01191854 0.05578558 -0.9983717
vn -0.03538805 0.1133493 0.9929247
vn -0.0172525 0.05366834 -0.9984098
vn -0.01774774 0.1156055 0.9931366
vn -0.05919471 0.0535879 -0.9968071
vn -0.0007434385 0.117328 0.9930928
vn -0.1098921 0.05522297 -0.9924082
vn 0.01975056 0.1197494 0.9926077
vn -0.1271383 0.06304343 -0.9898794
vn 0.04199904 0.1227819 0.9915447
vn -0.150185 0.06502511 -0.9865173
vn 0.06311575 0.1256306 0.9900674
vn -0.1745937 0.0650672 -0.9824883
vn 0.08584879 0.1286528 0.9879668
vn -0.2082806 0.06760986 -0.9757295
vn 0.1164117 0.1316655 0.9844351
vn -0.2691655 0.06282671 -0.9610426
vn 0.1496186 0.1360592 0.9793376
vn -0.3013693 0.0572072 -0.9517899
vn 0.1832712 0.1386716 0.9732327
vn -0.334791 0.05631599 -0.9406081
vn 0.2180142 0.1386473 0.966047
vn -0.3614694 0.05933168 -0.9304942
vn 0.2533 0.1369686 0.9576423
vn -0.3845317 0.05637479 -0.9213888
vn 0.2792476 0.1296281 0.9514291
vn -0.4306587 0.04944083 -0.9011596
vn 0.3069882 0.1197755 0.9441462
vn -0.4771857 0.04978194 -0.8773913
vn 0.3293204 0.110061 0.9377817
vn -0.4950079 0.05850867 -0.8669162
vn 0.353216 0.09903322 0.9302854
vn -0.5153159 0.05519043 -0.8552213
vn 0.3896749 0.08851895 0.9166886
vn -0.5731037 0.04164752 -0.8184239
vn 0.4419259 0.07985136 0.8934906
vn -0.6125152 0.04045637 -0.7894229
vn 0.4909538 0.06998729 0.8683698
vn -0.6343067 0.039717 -0.7720606
vn 0.5381414 0.06027868 0.8406962
vn -0.6642358 0.02872317 -0.746971
vn 0.5773185 0.05251458 0.8148285
vn -0.6871033 0.02224456 -0.7262191
vn 0.6123683 0.04478167 0.7893032
vn -0.7181894 0.02350066 -0.6954505
vn 0.6462114 0.03786206 0.7622187
vn -0.766248 0.01985668 -0.6422381
vn 0.6839181 0.03328022 0.7287993
vn -0.7861 0.01936474 -0.6177959
vn 0.7176842 0.02884099 0.6957712
vn -0.8109001 0.0177884 -0.5849142
vn 0.7414885 0.02488041 0.6705042
vn -0.8224199 0.0198015 -0.5685363
vn 0.7721353 0.02234537 0.6350651
vn -0.8475952 0.01260129 -0.5304939
vn 0.7974867 0.02042512 0.6029906
vn -0.8849664 -0.001024993 -0.4656535
vn 0.8301226 0.01933417 0.5572456
vn -0.905534 -0.01617279 -0.4239653
vn 0.8488776 0.02167366 0.5281451
vn -0.9110097 -0.02304328 -0.4117408
vn 0.8731214 0.02354345 0.4869341
vn -0.9208115 -0.01166951 -0.3898333
vn 0.8846526 0.02553111 0.4655515
vn -0.9461008 0.001257553 -0.3238699
vn 0.9039946 0.02517784 0.4268019
vn -0.9676132 0.004548741 -0.2523963
vn 0.9126337 0.02680163 0.4078988
vn -0.9685632 0.003627483 -0.2487411
vn 0.9273032 0.03006249 0.3731019
vn -0.9710412 0.002158585 -0.2389024
vn 0.9410092 0.03234928 0.3368312
vn -0.9786893 -0.01018331 -0.2050941
vn 0.9551693 0.03657332 0.2937922
vn -0.9822422 -0.01409631 -0.1870871
vn 0.9610564 0.03826067 0.2736909
vn -0.990051 -0.02832776 -0.137828
vn 0.9724252 0.04141679 0.2295082
vn -0.9889519 -0.04044109 -0.1426139
vn 0.9817338 0.04553088 0.184731
vn -0.9781331 -0.03999259 -0.2040984
vn 0.9864654 0.04969692 0.1562568
vn -0.96312 -0.02201244 -0.2681705
vn 0.9788352 0.03285794 0.201995
vn -0.9341862 -0.01072534 -0.3566247
vn -0.4611224 -0.09335003 0.8824126
vn 0.9230611 -0.04605237 -0.3818867
vn -0.5381279 0.04718383 0.8415415
vn 0.9642113 -0.04876975 -0.2606109
vn -0.9906439 0.06624825 0.1193131
vn 0.9719332 -0.05196299 -0.2294461
vn -0.9872137 0.0628048 0.1465081
vn 0.9773573 -0.05034977 -0.2055177
vn -0.9822198 0.06052083 0.1777115
vn 0.9758409 -0.04674561 -0.2134229
vn -0.9751965 0.05803759 0.2135967
vn 0.9733829 -0.0417818 -0.2253444
vn -0.9646313 0.05474374 0.2578562
vn 0.9642941 -0.04353194 -0.2612314
vn -0.9515238 0.05265638 0.303034
vn 0.9496807 -0.05267136 -0.3087594
vn -0.9380237 0.04954594 0.3430111
vn 0.938449 -0.05368477 -0.3412206
vn -0.9199517 0.04690874 0.3892149
vn 0.937599 -0.0415096 -0.3452321
vn -0.8997101 0.04606217 0.4340507
vn 0.9216175 -0.03202783 -0.3867757
vn -0.8779843 0.04349412 0.4767092
vn 0.9081911 -0.02814646 -0.4176081
vn -0.8487614 0.04205094 0.5271013
vn 0.8945163 -0.02575829 -0.4462925
vn -0.8175234 0.04194592 0.5743659
vn 0.8627586 -0.02391107 -0.5050502
vn -0.7902321 0.04296097 0.6112998
vn 0.8342131 -0.01871283 -0.5511245
vn -0.7669479 0.04294991 0.6402704
vn 0.823265 -0.007260103 -0.5676109
vn -0.736698 0.04293521 0.6748574
vn 0.8125418 -0.008574994 -0.5828397
vn -0.7052557 0.04479017 0.7075368
vn 0.7903843 -0.008055715 -0.6125584
vn -0.6798535 0.04657443 0.7318676
vn 0.7675822 -0.0005405865 -0.6409503
vn -0.6522142 0.04843839 0.7564855
vn 0.7412853 0.007425101 -0.6711488
vn -0.6193735 0.04745669 0.7836608
vn 0.7212342 0.00766363 -0.6926489
vn -0.5867068 0.05146369 0.8081625
vn 0.686799 0.01445752 -0.7267036
vn -0.5493098 0.05531842 0.8337857
vn 0.6478391 0.01222121 -0.7616792
vn -0.507082 0.05664754 0.8600343
vn 0.6157128 0.01781686 -0.7877692
vn -0.4617215 0.05922167 0.8850458
vn 0.5715242 0.0339802 -0.8198813
vn -0.4141613 0.06362764 0.9079768
vn 0.5530254 0.03225443 -0.8325399
vn -0.3638521 0.06587953 0.9291241
vn 0.5171573 0.03677178 -0.8551002
vn -0.3083031 0.06612099 0.9489875
vn 0.4842604 0.04323034 -0.8738552
vn -0.2798207 0.06922677 0.9575532
vn 0.4430673 0.04816695 -0.8951935
vn -0.2610276 0.07437664 0.9624618
vn 0.4064038 0.04900937 -0.9123783
vn -0.2410961 0.07925139 0.96726
vn 0.364683 0.04652679 -0.9299686
vn -0.2222801 0.07938013 0.9717461
vn 0.3391445 0.04968125 -0.9394215
vn -0.2079879 0.07974226 0.9748755
vn 0.3213101 0.0540286 -0.9454315
vn -0.1942664 0.08170857 0.9775398
vn 0.2773485 0.05895288 -0.958959
vn -0.1736356 0.08092319 0.9814796
vn 0.2256197 0.0641847 -0.9720988
vn -0.1513712 0.08057807 0.9851873
vn 0.1834596 0.06381699 -0.9809536
vn -0.1279874 0.0806492 0.9884913
vn 0.1556291 0.0638539 -0.9857496
vn -0.1121685 0.08127584 0.9903597
vn 0.1239669 0.06740937 -0.989994
vn -0.09653453 0.08203202 0.9919435
vn 0.1036422 0.06956358 -0.9921791
vn -0.08039051 0.08228055 0.9933616
vn 0.07433343 0.06968253 -0.994796
vn -0.06669221 0.08246749 0.9943597
vn 0.04785323 0.06907586 -0.9964631
vn -0.05447061 0.08159464 0.995176
vn 0.02564395 0.07226429 -0.9970557
vn -0.03984303 0.08291921 0.9957594
vn -0.01199842 0.07066739 -0.9974278
vn -0.02389193 0.08335843 0.9962332
vn -0.04986272 0.0744645 -0.9959764
vn -0.007663257 0.08460801 0.9963848
vn -0.09565324 0.07048503 -0.9929161
vn 0.01091305 0.08610908 0.996226
vn -0.1278341 0.0622676 -0.9898389
vn 0.03206665 0.0875235 0.9956463
vn -0.1496278 0.05818786 -0.9870287
vn 0.0527504 0.09012847 0.9945322
vn -0.1783463 0.05650934 -0.9823438
vn 0.07368761 0.09295341 0.99294
vn -0.2191602 0.06459787 -0.9735482
vn 0.1026019 0.09527656 0.9901491
vn -0.2537266 0.07134811 -0.964641
vn 0.1325163 0.09791531 0.9863326
vn -0.2826545 0.06771292 -0.9568288
vn 0.168801 0.1007664 0.9804858
vn -0.3194734 0.0632226 -0.9454838
vn 0.2051264 0.1042237 0.9731704
vn -0.3679981 0.06122622 -0.9278085
vn 0.2426277 0.1080961 0.9640784
vn -0.3763167 0.06390258 -0.9242847
vn 0.2792248 0.1115605 0.9537231
vn -0.4084201 0.06247088 -0.9106538
vn 0.3136941 0.1112268 0.9429871
vn -0.4700233 0.06157232 -0.8805038
vn 0.3399766 0.1081524 0.9341943
vn -0.5129469 0.06481959 -0.8559696
vn 0.3654905 0.1012884 0.9252877
vn -0.5096631 0.06806755 -0.8576773
vn 0.3955224 0.09313616 0.9137218
vn -0.5511811 0.068781 -0.8315459
vn 0.4398592 0.08644531 0.8938966
vn -0.6005874 0.0619274 -0.7971573
vn 0.4931222 0.07847168 0.8664137
vn -0.6174767 0.05095758 -0.7849368
vn 0.5366767 0.07079137 0.8408131
vn -0.6388624 0.04268461 -0.768136
vn 0.5763058 0.06347968 0.8147649
vn -0.6760271 0.03779239 -0.735907
vn 0.6199289 0.05541931 0.7826983
vn -0.7106168 0.03668934 -0.7026219
vn 0.6437164 0.04931105 0.7636738
vn -0.7468565 0.03062607 -0.6642796
vn 0.6790133 0.04298865 0.7328663
vn -0.7784246 0.02094244 -0.6273888
vn 0.7164168 0.03913197 0.6965743
vn -0.8059766 0.01998134 -0.59161
vn 0.7390372 0.03581119 0.6727119
vn -0.8236265 0.01923851 -0.5668063
vn 0.7660447 0.03116317 0.6420313
vn -0.8353139 0.01723939 -0.5495031
vn 0.7912889 0.02785947 0.6108075
vn -0.8713312 0.01183062 -0.4905529
vn 0.8197937 0.02487215 0.5721186
vn -0.8971168 0.006589427 -0.4417443
vn 0.8413705 0.02410786 0.5399208
vn -0.9113039 -0.002295421 -0.4117278
vn 0.8633875 0.02291116 0.504021
vn -0.9302934 -0.01103166 -0.3666504
vn 0.8748342 0.0249529 0.4837792
vn -0.9435774 -0.01102019 -0.3309684
vn 0.8945499 0.023841 0.4463317
vn -0.9598197 -0.01452088 -0.280241
vn 0.9037659 0.02494234 0.4272996
vn -0.9655345 -0.0231508 -0.2592437
vn 0.9185553 0.02721875 0.3943543
vn -0.9685506 -0.02774848 -0.2472644
vn 0.9350623 0.02983494 0.3532254
vn -0.9719812 -0.02225221 -0.2340029
vn 0.9498143 0.03253306 0.311118
vn -0.9787772 -0.02698696 -0.2031428
vn 0.9610831 0.03393849 0.2741667
vn -0.9847247 -0.0272321 -0.1719761
vn 0.9727952 0.03543811 0.2289407
vn -0.987095 -0.02884722 -0.1575163
vn 0.979334 0.03805856 0.1986369
vn -0.9871683 -0.02623273 -0.1575142
vn 0.9850208 0.03979661 0.1677804
vn -0.9787546 -0.02490293 -0.2035171
vn 0.9886634 0.04135453 0.1443414
vn -0.9532701 -0.0158394 -0.301704
vn 0.8191058 0.06586401 0.5698488
vn 0.8908084 -0.02821083 -0.4535025
vn -0.5473999 -0.09135228 0.8318703
vn 0.9370751 -0.03764576 -0.3470921
vn -0.9699271 0.02326007 0.2422817
vn 0.9696171 -0.04618885 -0.240228
vn -0.9897417 0.0551548 0.1317927
vn 0.9730961 -0.05171341 -0.2245209
vn -0.985981 0.05294786 0.1582336
vn 0.9737472 -0.05397416 -0.2211411
vn -0.980883 0.05096862 0.1878054
vn 0.9712262 -0.05351898 -0.2320675
vn -0.9732637 0.04801703 0.2246156
vn 0.9694813 -0.04689289 -0.2406387
vn -0.9644204 0.04607987 0.2603264
vn 0.9693176 -0.03872147 -0.242743
vn -0.9514551 0.0441174 0.3046093
vn 0.9597338 -0.03645522 -0.2785354
vn -0.9362524 0.04204965 0.3488028
vn 0.938143 -0.04010356 -0.3439179
vn -0.9213813 0.03949316 0.3866482
vn 0.9182588 -0.0394375 -0.3940119
vn -0.9018866 0.03895727 0.4302125
vn 0.9145905 -0.02737634 -0.4034536
vn -0.877516 0.03861285 0.4779905
vn 0.9051969 -0.02105792 -0.4244706
vn -0.8529184 0.03739828 0.5207029
vn 0.8925415 -0.01609266 -0.4506781
vn -0.8218508 0.03833834 0.5684114
vn 0.8690618 -0.009233542 -0.4946175
vn -0.7941598 0.03918527 0.6064445
vn 0.8398375 -0.01248384 -0.5426943
vn -0.769792 0.04251226 0.6368775
vn 0.8196449 -0.01331424 -0.572717
vn -0.7406476 0.04022647 0.6706883
vn 0.8092507 -0.01261229 -0.5873281
vn -0.7121404 0.04185242 0.7007884
vn 0.7873385 -0.008349571 -0.6164644
vn -0.6818429 0.04515108 0.7301039
vn 0.7462639 0.007027051 -0.6656131
vn -0.6455665 0.04547523 0.762349
vn 0.7308683 0.01501768 -0.6823533
vn -0.6098202 0.04717191 0.7911347
vn 0.693659 0.02034864 -0.7200161
vn -0.5754256 0.04947973 0.8163559
vn 0.6624173 0.03055134 -0.7485119
vn -0.5292135 0.05318132 0.8468204
vn 0.6238504 0.04145001 -0.7804438
vn -0.4883437 0.05791527 0.8707274
vn 0.587337 0.04883619 -0.8078678
vn -0.4465379 0.06016476 0.8927397
vn 0.5727298 0.04665646 -0.8184153
vn -0.3987242 0.06253091 0.9149365
vn 0.5324246 0.04621115 -0.8452151
vn -0.3414272 0.06337209 0.9377695
vn 0.4958777 0.05386132 -0.8667204
vn -0.3048675 0.06765953 0.9499884
vn 0.4620279 0.05749791 -0.8849996
vn -0.2828788 0.07345902 0.9563385
vn 0.4325373 0.05997723 -0.8996189
vn -0.2609003 0.07633454 0.962343
vn 0.3985724 0.0598448 -0.9151822
vn -0.2346439 0.07810593 0.9689384
vn 0.347783 0.0609182 -0.935594
vn -0.218776 0.08027148 0.9724677
vn 0.323707 0.06205904 -0.94412
vn -0.206248 0.08154877 0.9750956
vn 0.2932078 0.06797403 -0.9536292
vn -0.1845485 0.08170776 0.9794211
vn 0.2541726 0.07655884 -0.964124
vn -0.1654098 0.08135814 0.9828634
vn 0.224025 0.07568965 -0.9716398
vn -0.1444643 0.0819962 0.9861068
vn 0.1778935 0.07139032 -0.9814567
vn -0.124878 0.08357393 0.9886459
vn 0.1365528 0.07299303 -0.9879399
vn -0.1086289 0.08482248 0.9904569
vn 0.1083993 0.07902383 -0.9909616
vn -0.09198741 0.08484218 0.9921392
vn 0.1026533 0.08065014 -0.9914424
vn -0.07719522 0.08575541 0.9933212
vn 0.06730976 0.07835583 -0.9946506
vn -0.06396882 0.0868471 0.9941658
vn 0.03414897 0.07832383 -0.9963429
vn -0.04867328 0.08721372 0.9949999
vn 0.005885838 0.0799657 -0.9967803
vn -0.03358584 0.08754326 0.9955944
vn -0.03701307 0.08259812 -0.9958953
vn -0.01840861 0.08811932 0.9959399
vn -0.06925178 0.08602814 -0.993883
vn -0.001039814 0.08810221 0.996111
vn -0.09728482 0.08540037 -0.9915859
vn 0.01788426 0.08764546 0.9959912
vn -0.1210611 0.08469842 -0.989025
vn 0.03732611 0.08806483 0.9954152
vn -0.1429251 0.07881437 -0.9865905
vn 0.05669564 0.08797806 0.9945076
vn -0.2079866 0.07660425 -0.9751274
vn 0.08116788 0.0876932 0.9928352
vn -0.247453 0.08212612 -0.965413
vn 0.1125992 0.08729342 0.9897986
vn -0.26509 0.08181041 -0.9607468
vn 0.142433 0.08598439 0.9860626
vn -0.2911244 0.07955005 -0.9533722
vn 0.1758644 0.08525966 0.9807153
vn -0.3397643 0.07927665 -0.9371635
vn 0.2101383 0.08666699 0.9738227
vn -0.367509 0.07395127 -0.9270751
vn 0.2465741 0.08730145 0.9651837
vn -0.3877373 0.07212617 -0.9189438
vn 0.2845273 0.08991743 0.9544417
vn -0.4414382 0.07598949 -0.8940682
vn 0.322632 0.09287346 0.9419571
vn -0.4924782 0.07664481 -0.8669433
vn 0.3575323 0.0913951 0.9294178
vn -0.5059443 0.06724015 -0.8599413
vn 0.3859299 0.0877969 0.9183408
vn -0.5231626 0.06818854 -0.8495005
vn 0.417579 0.08330867 0.9048135
vn -0.5648862 0.07055525 -0.822147
vn 0.4681236 0.07627361 0.880365
vn -0.5916035 0.06199465 -0.803842
vn 0.5176891 0.07060459 0.8526505
vn -0.6195465 0.06004163 -0.7826603
vn 0.5619472 0.06296047 0.8247735
vn -0.6490425 0.06181518 -0.7582366
vn 0.6011137 0.05603826 0.7971964
vn -0.6854468 0.05319698 -0.7261768
vn 0.6376108 0.05105871 0.7686648
vn -0.7180465 0.0451745 -0.6945275
vn 0.6668999 0.04493853 0.743791
vn -0.7454111 0.03604472 -0.6656299
vn 0.6959902 0.04019532 0.7169254
vn -0.7935734 0.02932917 -0.6077672
vn 0.7284062 0.03645471 0.6841751
vn -0.8173813 0.03418871 -0.5750817
vn 0.7547147 0.03211522 0.6552666
vn -0.8221997 0.03399672 -0.5681828
vn 0.7763215 0.02872088 0.6296825
vn -0.8465221 0.03196136 -0.5313933
vn 0.797797 0.02625863 0.6023542
vn -0.8770509 0.0290331 -0.4795192
vn 0.8214613 0.02479334 0.569725
vn -0.88984 0.02647149 -0.4555041
vn 0.8441433 0.0221397 0.5356602
vn -0.9018417 0.01712975 -0.4317269
vn 0.8614876 0.02091032 0.5073479
vn -0.9221124 -0.0009095466 -0.3869212
vn 0.8803231 0.02004571 0.4739509
vn -0.9470364 -0.0172184 -0.3206641
vn 0.8973336 0.02001718 0.4408986
vn -0.9566373 -0.0287274 -0.2898615
vn 0.9069809 0.02108189 0.4206437
vn -0.9601558 -0.03145614 -0.2776896
vn 0.9228764 0.02137027 0.3845029
vn -0.9716689 -0.03150032 -0.2342376
vn 0.9381106 0.02410764 0.3454956
vn -0.9796184 -0.02382731 -0.1994492
vn 0.9529188 0.02527875 0.3021699
vn -0.985086 -0.01329454 -0.1715488
vn 0.9634029 0.02604658 0.2667891
vn -0.9850962 -0.011843 -0.171596
vn 0.9744325 0.02948295 0.2227374
vn -0.9853251 -0.01503247 -0.1700255
vn 0.9808482 0.03123172 0.1922535
vn -0.9861435 -0.02497365 -0.1640045
vn 0.9857786 0.03317165 0.1647429
vn -0.9672662 -0.02496997 -0.2525321
vn 0.9592721 0.04065328 0.2795431
vn 0.9063565 -0.03673064 -0.4209143
vn 0.5100634 0.01969597 0.8599113
vn 0.9424211 -0.04342451 -0.3315973
vn -0.9923906 0.04792392 0.1134202
vn 0.9706769 -0.04062251 -0.2369304
vn -0.9891233 0.04468826 0.140136
vn 0.9789665 -0.03850437 -0.2003544
vn -0.9849833 0.04210819 0.1674361
vn 0.9790648 -0.04085859 -0.1994063
vn -0.9801415 0.04000682 0.194222
vn 0.9715182 -0.03942297 -0.2336629
vn -0.9721525 0.03717465 0.2313816
vn 0.9647738 -0.03841479 -0.2602611
vn -0.9639073 0.0352736 0.2638909
vn 0.96068 -0.03357625 -0.2756205
vn -0.9512018 0.03368011 0.306726
vn 0.9511262 -0.02272862 -0.3079647
vn -0.9352322 0.03229762 0.3525586
vn 0.9402892 -0.0115245 -0.3401816
vn -0.919974 0.03091026 0.3907588
vn 0.9245509 -0.01559648 -0.3807394
vn -0.9042484 0.03019164 0.425938
vn 0.9075493 -0.01947088 -0.419494
vn -0.8785771 0.03034573 0.4766353
vn 0.8996798 -0.01516422 -0.4362869
vn -0.8538057 0.03024275 0.5197126
vn 0.8873329 -0.008653765 -0.4610482
vn -0.8264723 0.03082882 0.5621327
vn 0.8558429 -0.001221845 -0.5172342
vn -0.7935641 0.0317882 0.6076557
vn 0.8348336 0.009447211 -0.5504212
vn -0.7629836 0.03328899 0.6455602
vn 0.8273239 0.01390293 -0.5615531
vn -0.7314541 0.03490444 0.6809967
vn 0.8088999 0.006092636 -0.5879149
vn -0.7161245 0.03618125 0.6970341
vn 0.7635757 0.008126276 -0.6456671
vn -0.6788374 0.03657652 0.7333771
vn 0.7325288 0.01538335 -0.6805623
vn -0.6469702 0.03866745 0.7615343
vn 0.7302949 0.01660379 -0.6829302
vn -0.6196154 0.04244492 0.7837572
vn 0.6965165 0.02325387 -0.7171638
vn -0.5845596 0.04462636 0.8101226
vn 0.6519885 0.03071528 -0.7576064
vn -0.5474733 0.04700242 0.8355022
vn 0.6155756 0.03872761 -0.7871256
vn -0.5042247 0.05171881 0.8620224
vn 0.5862136 0.04590802 -0.8088548
vn -0.4572316 0.05686948 0.8875275
vn 0.5731665 0.05216281 -0.8177769
vn -0.4091592 0.06031309 0.9104675
vn 0.5436361 0.06099904 -0.8371016
vn -0.3537904 0.06278777 0.9332148
vn 0.4943464 0.06224358 -0.8670337
vn -0.3235522 0.06686336 0.9438449
vn 0.46791 0.06572983 -0.8813284
vn -0.295582 0.07252738 0.9525602
vn 0.4380011 0.06729241 -0.8964523
vn -0.2703041 0.07586949 0.9597809
vn 0.4025931 0.06941793 -0.912743
vn -0.2469709 0.07903691 0.9657943
vn 0.3595076 0.07542008 -0.9300893
vn -0.2273863 0.08323659 0.9702408
vn 0.3280634 0.07699922 -0.9415123
vn -0.2111944 0.08539897 0.9737062
vn 0.2971857 0.07853763 -0.9515842
vn -0.1915438 0.08591577 0.9777164
vn 0.2496036 0.07955331 -0.9650747
vn -0.1704146 0.08742148 0.9814868
vn 0.2271121 0.08541957 -0.9701152
vn -0.153232 0.08865229 0.9842057
vn 0.1951038 0.08992249 -0.9766517
vn -0.1328319 0.09075879 0.9869744
vn 0.1417781 0.09017823 -0.9857823
vn -0.1159368 0.09285561 0.9889067
vn 0.1073125 0.08982465 -0.9901594
vn -0.09727077 0.09478246 0.9907344
vn 0.1038572 0.0875205 -0.990734
vn -0.08462265 0.09605404 0.9917725
vn 0.08944338 0.08356415 -0.9924802
vn -0.07050561 0.0977661 0.9927089
vn 0.03978382 0.08064485 -0.9959486
vn -0.05435618 0.0986624 0.9936354
vn 0.01235753 0.08454777 -0.9963428
vn -0.03899178 0.09897684 0.9943255
vn -0.02865278 0.08862577 -0.9956528
vn -0.02423473 0.09906 0.9947863
vn -0.06447854 0.08938858 -0.9939076
vn -0.005694047 0.09878511 0.9950925
vn -0.09351322 0.08930334 -0.9916049
vn 0.01328972 0.09768943 0.9951283
vn -0.1271422 0.09421049 -0.9874002
vn 0.03210903 0.0962634 0.9948378
vn -0.1318004 0.10116 -0.9861011
vn 0.0543378 0.09396594 0.9940914
vn -0.1798888 0.1014673 -0.9784397
vn 0.07494492 0.09055797 0.9930672
vn -0.2457328 0.09768137 -0.9644033
vn 0.1032706 0.08833246 0.9907232
vn -0.2524719 0.09806231 -0.9626223
vn 0.1353009 0.08665031 0.9870083
vn -0.275935 0.09766462 -0.9562016
vn 0.1682819 0.08373228 0.9821762
vn -0.3154134 0.09670024 -0.9440146
vn 0.1989771 0.07950775 0.9767736
vn -0.3524934 0.09343275 -0.9311384
vn 0.2357749 0.07624929 0.9688118
vn -0.3776938 0.09267023 -0.9212815
vn 0.2672295 0.07315457 0.9608521
vn -0.4164298 0.09055296 -0.9046472
vn 0.3040107 0.07107943 0.9500132
vn -0.463882 0.08166413 -0.882125
vn 0.3431308 0.0700535 0.9366717
vn -0.4895359 0.07195269 -0.8690094
vn 0.3789477 0.06999976 0.9227669
vn -0.521699 0.06826647 -0.8503939
vn 0.4106637 0.06828516 0.9092264
vn -0.5575022 0.07158815 -0.8270831
vn 0.4542697 0.0636061 0.8885907
vn -0.5819371 0.07786358 -0.8094977
vn 0.5065782 0.05969114 0.8601254
vn -0.6093647 0.08067804 -0.7887748
vn 0.5540631 0.05436222 0.8306977
vn -0.6322466 0.07554428 -0.7710755
vn 0.593258 0.04751036 0.8036091
vn -0.6609008 0.07172299 -0.7470381
vn 0.6341475 0.04144347 0.7721006
vn -0.6940398 0.0656433 -0.7169378
vn 0.6638779 0.03797764 0.7468761
vn -0.7270515 0.0589 -0.6840518
vn 0.694691 0.0327801 0.7185609
vn -0.7764253 0.05275176 -0.6279977
vn 0.7261352 0.02808296 0.6869781
vn -0.8159177 0.04097333 -0.5767145
vn 0.7516629 0.02510701 0.6590695
vn -0.821569 0.0348824 -0.5690409
vn 0.7768692 0.02317834 0.6292351
vn -0.8382573 0.03206627 -0.5443311
vn 0.7964799 0.02091129 0.6043033
vn -0.8674539 0.02463539 -0.4969071
vn 0.8180016 0.01877359 0.5749095
vn -0.8911612 0.01866242 -0.4533028
vn 0.8404536 0.01746798 0.5416018
vn -0.8958871 0.02365697 -0.4436513
vn 0.8573096 0.01575854 0.5145599
vn -0.9025617 0.02526412 -0.4298187
vn 0.8764773 0.01337421 0.4812574
vn -0.932035 0.01682192 -0.3619778
vn 0.8955101 0.01222222 0.4448731
vn -0.9493192 0.008881859 -0.3141879
vn 0.9079163 0.01281696 0.4189556
vn -0.962815 0.008273423 -0.2700348
vn 0.9242709 0.01199763 0.3815488
vn -0.9760655 0.009058147 -0.217288
vn 0.9394039 0.01278445 0.3425738
vn -0.9810573 0.004834916 -0.1936571
vn 0.954195 0.01455881 0.2988312
vn -0.9877376 -0.002272587 -0.1561065
vn 0.9613483 0.01610668 0.2748637
vn -0.986497 -0.003791616 -0.1637358
vn 0.9698187 0.01661965 0.2432605
vn -0.9833761 -0.004537555 -0.181524
vn 0.9777045 0.01881415 0.2091412
vn -0.9783201 -0.007369377 -0.2069668
vn 0.9845917 0.02170683 0.1735167
vn -0.9625403 -0.006866573 -0.2710516
vn 0.9835134 0.01074743 0.1805153
vn -0.9371731 0.0007348678 -0.3488639
vn -0.3853138 -0.08350471 0.9189995
vn 0.9373266 -0.03813286 -0.3463593
vn -0.898589 0.05176811 0.4357268
vn 0.9556202 -0.03829719 -0.2921017
vn -0.9890267 0.03421619 0.1437204
vn 0.9701959 -0.03262332 -0.2401158
vn -0.9847204 0.03165166 0.1712425
vn 0.9764084 -0.02463806 -0.2145225
vn -0.9802669 0.02925561 0.1955018
vn 0.9705614 -0.01755272 -0.2402133
vn -0.9726655 0.02626534 0.2307207
vn 0.9645393 -0.01389275 -0.2635732
vn -0.9642957 0.02461926 0.2636811
vn 0.9590335 -0.01229945 -0.2830257
vn -0.9528926 0.02211908 0.3025003
vn 0.9477075 -0.009658082 -0.3189939
vn -0.9383346 0.02066063 0.3451104
vn 0.936247 -0.008174457 -0.3512476
vn -0.9221415 0.02076782 0.386295
vn 0.9323258 -0.006218119 -0.361566
vn -0.9071459 0.01971147 0.4203543
vn 0.9148861 -0.005680233 -0.4036723
vn -0.8866792 0.01976672 0.4619626
vn 0.8959904 -0.0007805693 -0.4440727
vn -0.8633013 0.01906263 0.5043288
vn 0.8868594 0.002205608 -0.4620343
vn -0.8352032 0.01924982 0.5496044
vn 0.8584946 0.00697365 -0.5127752
vn -0.8051978 0.01936412 0.5926902
vn 0.8248401 0.01497283 -0.5651678
vn -0.7725948 0.02085208 0.6345569
vn 0.8262053 0.01902805 -0.5630477
vn -0.7425334 0.02243097 0.6694334
vn 0.8213795 0.02158785 -0.5699734
vn -0.7184301 0.02502632 0.6951488
vn 0.7795237 0.02670544 -0.6258033
vn -0.6847568 0.02605821 0.7283058
vn 0.7340331 0.03152679 -0.6783814
vn -0.6637061 0.02711655 0.7475019
vn 0.7273942 0.03452645 -0.6853508
vn -0.6299308 0.03022182 0.7760631
vn 0.6967035 0.04080096 -0.7161979
vn -0.595075 0.03246183 0.8030143
vn 0.6465654 0.05219745 -0.7610707
vn -0.5612447 0.03611969 0.8268614
vn 0.6230444 0.05733535 -0.7800822
vn -0.5177146 0.04031826 0.8546029
vn 0.5928764 0.05240358 -0.8035866
vn -0.4733406 0.04258093 0.8798497
vn 0.5644452 0.0503935 -0.823931
vn -0.425199 0.04480286 0.9039903
vn 0.5325228 0.06129172 -0.8441936
vn -0.3692182 0.04940019 0.9280289
vn 0.5000741 0.06835825 -0.8632804
vn -0.3363205 0.05503454 0.9401382
vn 0.4698344 0.07147444 -0.8798563
vn -0.3098398 0.05800849 0.9490176
vn 0.4389751 0.07524926 -0.8953425
vn -0.2831972 0.06246706 0.9570251
vn 0.4049086 0.08228158 -0.9106475
vn -0.2586598 0.06618095 0.9636987
vn 0.3597172 0.08751843 -0.9289478
vn -0.2381015 0.06805092 0.9688534
vn 0.3261024 0.0900657 -0.9410342
vn -0.2187397 0.06993712 0.9732738
vn 0.2998626 0.0947312 -0.9492673
vn -0.1981456 0.07156917 0.9775562
vn 0.2621718 0.09520137 -0.9603139
vn -0.1787994 0.07392707 0.9811043
vn 0.2285431 0.09102289 -0.9692692
vn -0.1611245 0.07621486 0.9839869
vn 0.1934553 0.09478457 -0.9765198
vn -0.1422913 0.07800196 0.9867467
vn 0.152806 0.1007834 -0.9831038
vn -0.1256089 0.0797626 0.9888682
vn 0.1206783 0.09956455 -0.9876859
vn -0.1070645 0.08193427 0.9908704
vn 0.1115656 0.09709858 -0.989002
vn -0.09116357 0.08365572 0.9923159
vn 0.1085761 0.0986169 -0.9891845
vn -0.07717275 0.08408118 0.993466
vn 0.05843502 0.09979832 -0.9932902
vn -0.06019736 0.08420358 0.9946286
vn 0.01088544 0.09790373 -0.9951364
vn -0.04366605 0.08445911 0.9954697
vn -0.02444197 0.09819478 -0.994867
vn -0.02757224 0.0840285 0.9960818
vn -0.05606386 0.09693851 -0.99371
vn -0.01003641 0.08281197 0.9965147
vn -0.07996072 0.09677825 -0.9920888
vn 0.01062724 0.08187935 0.9965857
vn -0.1249236 0.09653259 -0.9874591
vn 0.03012286 0.08007988 0.9963332
vn -0.139965 0.09499526 -0.9855891
vn 0.05231265 0.07838361 0.9955498
vn -0.1624137 0.1008118 -0.9815593
vn 0.07618788 0.07578956 0.9942089
vn -0.2230033 0.1031685 -0.969343
vn 0.09868077 0.07218004 0.9924979
vn -0.2501794 0.09928878 -0.9630949
vn 0.1286783 0.06843472 0.9893223
vn -0.2698967 0.09988712 -0.9576943
vn 0.1623119 0.06547429 0.9845649
vn -0.3062964 0.103128 -0.9463335
vn 0.1958486 0.06189277 0.9786791
vn -0.3359443 0.1025015 -0.9362879
vn 0.2281986 0.05802267 0.9718841
vn -0.3689764 0.09956208 -0.9240908
vn 0.2618664 0.05459343 0.9635589
vn -0.3966076 0.1002187 -0.9125013
vn 0.296346 0.05026406 0.953757
vn -0.4363893 0.09888539 -0.8943076
vn 0.3324937 0.04431517 0.9420637
vn -0.464254 0.09362793 -0.8807394
vn 0.3671023 0.04063883 0.9292924
vn -0.4990681 0.08662917 -0.8622218
vn 0.4007399 0.03802859 0.9154022
vn -0.5438917 0.0780413 -0.8355186
vn 0.4399884 0.03347467 0.8973793
vn -0.5856972 0.07796296 -0.8067718
vn 0.4875206 0.03182301 0.8725313
vn -0.6049466 0.08281679 -0.7919476
vn 0.5394062 0.02997286 0.8415121
vn -0.6158507 0.08157189 -0.7836286
vn 0.5837007 0.02539365 0.8115717
vn -0.6463063 0.07785951 -0.7590956
vn 0.621103 0.02099521 0.7834477
vn -0.6840124 0.07419325 -0.7256875
vn 0.6602112 0.01639087 0.7509012
vn -0.7228326 0.07309058 -0.6871468
vn 0.6970689 0.01422107 0.7168632
vn -0.7623094 0.07302915 -0.6430793
vn 0.721404 0.01172952 0.6924151
vn -0.7927454 0.06516526 -0.6060596
vn 0.7491055 0.0106014 0.6623657
vn -0.8073297 0.05389748 -0.5876342
vn 0.7738852 0.006177525 0.6332958
vn -0.8286212 0.04717338 -0.5578185
vn 0.7938435 0.005420214 0.6080979
vn -0.8537211 0.04136829 -0.5190848
vn 0.8146608 0.00335789 0.579928
vn -0.884338 0.0329015 -0.4656864
vn 0.8349662 0.001993859 0.5502976
vn -0.9003522 0.02951937 -0.4341595
vn 0.8549485 0.001585031 0.5187107
vn -0.9069395 0.0338791 -0.4198963
vn 0.8724538 0.000676048 0.4886962
vn -0.9252662 0.03984364 -0.3772202
vn 0.8924477 0.0003164156 0.4511509
vn -0.946198 0.03346764 -0.3218527
vn 0.9071048 0.001101234 0.4209032
vn -0.9577557 0.02777732 -0.2862384
vn 0.9226735 0.001085563 0.3855807
vn -0.9719141 0.01908516 -0.2345612
vn 0.9359794 -0.0002128023 0.352055
vn -0.9742684 0.01265355 -0.2250354
vn 0.9502224 0.0002587691 0.3115725
vn -0.979542 0.002350771 -0.201226
vn 0.9605922 0.003312181 0.2779416
vn -0.9813712 -0.008411876 -0.1919375
vn 0.9694442 0.00246979 0.2452998
vn -0.9827218 -0.01073764 -0.1847772
vn 0.9771578 0.003534633 0.2124856
vn -0.9803533 -0.007606667 -0.1971028
vn 0.9841714 0.004741002 0.177156
vn -0.9759598 -0.00212694 -0.2179404
vn 0.9880701 0.004241529 0.153946
vn -0.9580994 0.001842688 -0.2864301
vn 0.9694449 0.007239894 0.2452021
vn 0.9273043 -0.02732938 -0.3733096
vn -0.6074215 0.01328374 0.7942687
vn 0.9544002 -0.02520211 -0.2974646
vn -0.9876221 0.02469206 0.1548965
vn 0.9638487 -0.02557924 -0.2652195
vn -0.9835369 0.02181766 0.1793855
vn 0.9674096 -0.02157474 -0.2522957
vn -0.9782993 0.01915022 0.20631
vn 0.9670442 -0.01528201 -0.2541494
vn -0.9718016 0.01677518 0.2352025
vn 0.9642072 -0.01442434 -0.2647569
vn -0.9633046 0.01440811 0.2680238
vn 0.9564588 -0.01247958 -0.2916005
vn -0.9520271 0.01167557 0.305791
vn 0.9456658 -0.005024737 -0.3251011
vn -0.9390473 0.009891125 0.3436457
vn 0.9377007 -0.001781492 -0.3474396
vn -0.923551 0.008721772 0.3833764
vn 0.9283224 -0.001104543 -0.3717744
vn -0.9073697 0.008120902 0.4202551
vn 0.9043686 0.006268344 -0.426706
vn -0.8835933 0.007892732 0.4681886
vn 0.8906868 0.01241738 -0.4544478
vn -0.856178 0.006831691 0.516636
vn 0.8797327 0.01588502 -0.4752034
vn -0.827942 0.006705933 0.5607734
vn 0.839807 0.0182314 -0.5425789
vn -0.7970958 0.006389467 0.6038191
vn 0.8201571 0.01800689 -0.5718549
vn -0.7658634 0.007458464 0.6429601
vn 0.8177508 0.02412067 -0.5750668
vn -0.736871 0.00883226 0.6759758
vn 0.7954477 0.0386612 -0.6047878
vn -0.703418 0.00853653 0.7107252
vn 0.7483605 0.05227966 -0.6612287
vn -0.6767994 0.01305522 0.7360517
vn 0.7241482 0.05545687 -0.687411
vn -0.6488972 0.01366516 0.7607533
vn 0.7106905 0.06126101 -0.7008323
vn -0.6127289 0.0151251 0.7901484
vn 0.6611887 0.06301951 -0.7475681
vn -0.5773716 0.01777208 0.8162882
vn 0.6241928 0.06497964 -0.7785636
vn -0.541047 0.0180356 0.840799
vn 0.6105505 0.07274745 -0.7886291
vn -0.4955695 0.02185985 0.8682931
vn 0.5844825 0.07650165 -0.8077919
vn -0.4503675 0.0232676 0.89254
vn 0.5413691 0.07981331 -0.8369882
vn -0.4028835 0.02576181 0.9148887
vn 0.5093802 0.07974686 -0.8568385
vn -0.3624561 0.03160772 0.9314647
vn 0.4783662 0.08337843 -0.8741933
vn -0.3304335 0.03709196 0.9431001
vn 0.4466441 0.08832805 -0.8903411
vn -0.3031475 0.0401904 0.9520957
vn 0.4105088 0.09318802 -0.9070824
vn -0.2772056 0.04229436 0.9598792
vn 0.3727469 0.09991554 -0.9225382
vn -0.249967 0.04400833 0.9672537
vn 0.3428244 0.1000333 -0.9340582
vn -0.2310137 0.04510732 0.9719043
vn 0.3106302 0.1009123 -0.9451591
vn -0.212837 0.04639954 0.9759855
vn 0.287508 0.100397 -0.9525017
vn -0.1956267 0.04894139 0.9794564
vn 0.2491561 0.101268 -0.9631543
vn -0.175741 0.05114921 0.9831067
vn 0.2073915 0.107357 -0.9723493
vn -0.1557014 0.05251906 0.986407
vn 0.1680525 0.1093744 -0.9796916
vn -0.1378019 0.05358627 0.9890091
vn 0.1439235 0.1054402 -0.9839554
vn -0.1211323 0.05501167 0.9911109
vn 0.1128826 0.1001014 -0.9885532
vn -0.1016401 0.05574204 0.9932583
vn 0.09702551 0.1052789 -0.9896981
vn -0.08589535 0.05620014 0.9947178
vn 0.07585999 0.1142661 -0.9905496
vn -0.06973373 0.05620013 0.9959812
vn 0.0413626 0.1199663 -0.991916
vn -0.05343932 0.0561823 0.9969893
vn 0.01270356 0.1156522 -0.9932085
vn -0.03647337 0.0559253 0.9977685
vn -0.03247 0.1108058 -0.9933115
vn -0.01883025 0.05537145 0.9982883
vn -0.0625967 0.1095726 -0.9920057
vn 0.0009242907 0.05414338 0.9985327
vn -0.09864102 0.1105677 -0.9889615
vn 0.02152937 0.05215157 0.9984071
vn -0.1258731 0.1081483 -0.9861338
vn 0.04077 0.05036651 0.9978983
vn -0.1489065 0.1053569 -0.9832227
vn 0.06542619 0.04857251 0.9966746
vn -0.2012974 0.1087026 -0.9734799
vn 0.09076417 0.04631534 0.9947948
vn -0.2298179 0.1110263 -0.96688
vn 0.1181572 0.04246835 0.9920864
vn -0.255781 0.1098712 -0.960471
vn 0.1471808 0.0384099 0.9883635
vn -0.2866482 0.1134365 -0.9512965
vn 0.1798432 0.0349355 0.9830747
vn -0.3120582 0.1111247 -0.9435418
vn 0.2128231 0.03204719 0.9765651
vn -0.3424116 0.1084809 -0.9332664
vn 0.2460784 0.02797176 0.9688463
vn -0.3753748 0.1070063 -0.9206756
vn 0.2801148 0.02363938 0.9596754
vn -0.4171536 0.1063308 -0.9025944
vn 0.3162985 0.01907049 0.948468
vn -0.4421505 0.1091958 -0.8902692
vn 0.3510349 0.01556721 0.9362329
vn -0.4573624 0.1026913 -0.8833313
vn 0.3826034 0.0106962 0.9238508
vn -0.5050532 0.09816452 -0.8574876
vn 0.4182693 0.006363788 0.9083008
vn -0.5526066 0.09870771 -0.8275765
vn 0.4552182 0.003003085 0.8903748
vn -0.5920103 0.09159344 -0.8007087
vn 0.5041621 0.0005696411 0.8636088
vn -0.6073634 0.0832461 -0.7900504
vn 0.5553371 -0.003570051 0.8316177
vn -0.6189544 0.08110238 -0.7812284
vn 0.5963463 -0.005196045 0.8027105
vn -0.6516123 0.07772324 -0.7545598
vn 0.6329502 -0.00717098 0.7741593
vn -0.6857728 0.0756873 -0.7238696
vn 0.667756 -0.01104522 0.7442982
vn -0.7145641 0.07520381 -0.695516
vn 0.6910004 -0.00977774 0.7227883
vn -0.757346 0.06658298 -0.6496103
vn 0.7189698 -0.01127475 0.6949499
vn -0.7812607 0.06017004 -0.6212983
vn 0.7443901 -0.01284844 0.6676214
vn -0.8039745 0.05806895 -0.5918217
vn 0.7707633 -0.01341438 0.6369805
vn -0.8245827 0.06197693 -0.5623364
vn 0.7910774 -0.01463138 0.611541
vn -0.8469025 0.05996405 -0.5283565
vn 0.8133786 -0.01600991 0.5815144
vn -0.8747941 0.0540983 -0.481465
vn 0.8323674 -0.01688649 0.5539668
vn -0.8990127 0.04818342 -0.4352637
vn 0.8531111 -0.01701071 0.521452
vn -0.9131361 0.04640708 -0.4050047
vn 0.8708046 -0.01619863 0.4913622
vn -0.9238895 0.04740855 -0.3797111
vn 0.8900903 -0.01638233 0.4554895
vn -0.9328045 0.04073961 -0.3580726
vn 0.905515 -0.01608958 0.4240091
vn -0.9474244 0.02922811 -0.318642
vn 0.9209823 -0.01533432 0.3893027
vn -0.960736 0.02000866 -0.2767418
vn 0.936182 -0.01420937 0.3512286
vn -0.97089 0.01162003 -0.2392442
vn 0.9489543 -0.01379719 0.3151117
vn -0.9724607 0.01063981 -0.2328241
vn 0.9603274 -0.01151241 0.2786373
vn -0.9783366 0.009674072 -0.2067948
vn 0.9699675 -0.01209904 0.2429334
vn -0.9813547 0.006207598 -0.1921048
vn 0.9773872 -0.01109817 0.2111662
vn -0.9827397 0.003064534 -0.1849685
vn 0.983978 -0.009705939 0.1780252
vn -0.9738085 0.0007706206 -0.2273685
vn 0.9884108 -0.007472174 0.1516192
vn -0.9511307 -0.002297138 -0.3087802
vn 0.7551035 -0.02817844 0.6549999
vn 0.9120405 -0.03021634 -0.4089854
vn -0.2287572 0.02234161 0.9732271
vn 0.9548191 -0.02555118 -0.2960872
vn -0.9849293 0.01493518 0.172311
vn 0.9605196 -0.02428159 -0.2771509
vn -0.9811094 0.01097135 0.1931426
vn 0.9604911 -0.01939699 -0.2776342
vn -0.9756982 0.007886848 0.2189769
vn 0.9626012 -0.01404751 -0.2705577
vn -0.9702439 0.005129106 0.2420754
vn 0.9636618 -0.01033772 -0.2669252
vn -0.9622073 0.002310197 0.2723082
vn 0.9574931 -0.008652523 -0.2883262
vn -0.9536808 0.001063883 0.3008187
vn 0.9396428 0.0006149574 -0.3421564
vn -0.942178 -0.002332836 0.3351048
vn 0.933488 0.006893283 -0.3585423
vn -0.9278667 -0.004362758 0.3728864
vn 0.9299954 0.01102627 -0.3674057
vn -0.9122319 -0.00586763 0.409632
vn 0.9047716 0.01666855 -0.4255708
vn -0.8910651 -0.008503987 0.4537958
vn 0.8873858 0.02182803 -0.4605106
vn -0.8656023 -0.008349692 0.5006624
vn 0.8815602 0.02551171 -0.4713819
vn -0.8372868 -0.008701666 0.5466948
vn 0.8526687 0.03050994 -0.5215604
vn -0.8075017 -0.009169746 0.5897939
vn 0.8215221 0.03451027 -0.5691314
vn -0.7773064 -0.009723063 0.629047
vn 0.803981 0.03953113 -0.5933397
vn -0.7488901 -0.01021325 0.6626155
vn 0.7800301 0.0521673 -0.6235637
vn -0.7135516 -0.009652987 0.7005363
vn 0.7541451 0.06194859 -0.6537794
vn -0.6844141 -0.007872658 0.729051
vn 0.7248082 0.06250213 -0.6861098
vn -0.6547664 -0.006880318 0.7557999
vn 0.7055957 0.06800973 -0.7053434
vn -0.6193727 -0.005977977 0.7850743
vn 0.6840385 0.07456369 -0.7256249
vn -0.5846968 -0.003110104 0.8112459
vn 0.6291442 0.07015271 -0.7741164
vn -0.5466561 -0.003434387 0.8373502
vn 0.5990963 0.07294686 -0.7973472
vn -0.5109451 -0.001818176 0.8596113
vn 0.576153 0.08387769 -0.8130265
vn -0.4621905 0.00234421 0.8867775
vn 0.5470006 0.09291548 -0.8319597
vn -0.417149 0.006103868 0.9088176
vn 0.5129654 0.09841508 -0.852749
vn -0.3766583 0.007064513 0.9263253
vn 0.4833098 0.1010701 -0.8695956
vn -0.3453028 0.008568398 0.9384522
vn 0.445084 0.1042527 -0.8893995
vn -0.3132533 0.01203064 0.9495934
vn 0.4153127 0.1079333 -0.9032528
vn -0.2850837 0.0138746 0.9584022
vn 0.3820379 0.1043391 -0.9182376
vn -0.2600567 0.01612457 0.9654587
vn 0.3495405 0.1039631 -0.9311354
vn -0.2367239 0.0178368 0.9714133
vn 0.3144975 0.1076193 -0.9431381
vn -0.2211727 0.01881312 0.9750532
vn 0.2913633 0.1124521 -0.9499801
vn -0.2021835 0.01981065 0.9791473
vn 0.2488509 0.1169887 -0.9614505
vn -0.1833756 0.01985891 0.9828423
vn 0.2009585 0.1249536 -0.9715979
vn -0.1619892 0.02024403 0.9865848
vn 0.1813606 0.1283098 -0.9750102
vn -0.1448549 0.02094877 0.9892311
vn 0.1694799 0.122635 -0.9778739
vn -0.1281211 0.02155553 0.9915243
vn 0.1340011 0.1180037 -0.9839303
vn -0.108949 0.02209657 0.9938018
vn 0.09404286 0.1156796 -0.9888247
vn -0.09164967 0.0226522 0.9955336
vn 0.074792 0.1149572 -0.9905509
vn -0.07588025 0.02325002 0.9968458
vn 0.03898941 0.1165053 -0.9924245
vn -0.05869912 0.02361712 0.9979963
vn 0.02331324 0.1218417 -0.9922757
vn -0.04168011 0.02352821 0.998854
vn -0.01568283 0.1245077 -0.9920946
vn -0.02393474 0.02328801 0.9994423
vn -0.05002443 0.1241578 -0.9910007
vn -0.00324566 0.02274815 0.999736
vn -0.08336052 0.1216102 -0.9890713
vn 0.01783811 0.02205592 0.9995976
vn -0.1161696 0.1209727 -0.9858348
vn 0.03959872 0.02056654 0.9990039
vn -0.1356357 0.1244228 -0.982915
vn 0.05995033 0.01776715 0.9980433
vn -0.1802899 0.123603 -0.9758164
vn 0.08625046 0.01593062 0.9961461
vn -0.2182913 0.1176114 -0.9687706
vn 0.113509 0.01400832 0.9934382
vn -0.2481975 0.1148695 -0.9618748
vn 0.1434513 0.01141224 0.9895915
vn -0.2830399 0.1160597 -0.9520602
vn 0.1717921 0.008540886 0.9850962
vn -0.2998618 0.11815 -0.946638
vn 0.2054117 0.005393701 0.9786608
vn -0.3289949 0.1194378 -0.9367481
vn 0.2386841 0.002808153 0.9710932
vn -0.3566357 0.1185881 -0.9266864
vn 0.2740666 -0.0007512973 0.9617104
vn -0.3922079 0.1111372 -0.9131382
vn 0.3060888 -0.004687096 0.9519914
vn -0.4393256 0.1061584 -0.8920333
vn 0.3406275 -0.007482755 0.9401685
vn -0.4434683 0.1110179 -0.889388
vn 0.3747912 -0.01129114 0.9270405
vn -0.4847508 0.1132882 -0.8672845
vn 0.4071251 -0.01609101 0.9132306
vn -0.5325284 0.111064 -0.8390937
vn 0.4406907 -0.01966969 0.8974435
vn -0.5659325 0.1066575 -0.8175234
vn 0.4831828 -0.02320387 0.875212
vn -0.5853629 0.1014952 -0.8043935
vn 0.5364243 -0.02822528 0.8434764
vn -0.6025637 0.09295013 -0.7926394
vn 0.5786024 -0.0292549 0.8150848
vn -0.6340237 0.08796552 -0.7682942
vn 0.6187704 -0.03123896 0.7849506
vn -0.6824447 0.09179744 -0.7251499
vn 0.6535263 -0.03343997 0.7561647
vn -0.7111629 0.09663685 -0.6963539
vn 0.683867 -0.0317214 0.7289168
vn -0.7323014 0.09575684 -0.6742147
vn 0.7136437 -0.03329792 0.6997171
vn -0.768397 0.08752172 -0.6339605
vn 0.7389091 -0.0348497 0.6729032
vn -0.7952462 0.08036223 -0.600937
vn 0.7657706 -0.03453466 0.6421859
vn -0.8263536 0.07330141 -0.5583607
vn 0.7874491 -0.03377772 0.6154535
vn -0.836755 0.06823508 -0.5433095
vn 0.8078058 -0.03570603 0.5883662
vn -0.8654289 0.06271999 -0.4970908
vn 0.8269811 -0.03625827 0.5610594
vn -0.8893362 0.05711713 -0.4536724
vn 0.8482322 -0.03621667 0.5283846
vn -0.9054564 0.04878375 -0.4216265
vn 0.8678583 -0.03476384 0.4955939
vn -0.9188669 0.04048175 -0.3924852
vn 0.8868317 -0.03391411 0.4608464
vn -0.9230658 0.03564805 -0.3829865
vn 0.903533 -0.03318131 0.4272319
vn -0.937702 0.03232954 -0.3459331
vn 0.9178056 -0.03252724 0.3956953
vn -0.9559557 0.02857097 -0.2921168
vn 0.9335489 -0.03089327 0.3571163
vn -0.9685058 0.02618259 -0.2476103
vn 0.9466038 -0.02952068 0.3210449
vn -0.9760293 0.02564927 -0.2161222
vn 0.9571463 -0.027178 0.2883265
vn -0.9760959 0.02986222 -0.215279
vn 0.9665073 -0.02648505 0.2552692
vn -0.9775449 0.02882441 -0.2087469
vn 0.9735788 -0.02523523 0.2269526
vn -0.9776316 0.02620722 -0.2086855
vn 0.9806938 -0.02336462 0.1941492
vn -0.9668879 0.01656686 -0.2546629
vn 0.9868101 -0.02016115 0.1606214
vn -0.9379464 0.01207372 -0.34657
vn -0.7946383 0.05605473 0.6044897
vn 0.9011865 -0.02602716 -0.4326493
vn -0.04426053 0.1489474 0.987854
vn 0.9349556 -0.01032058 -0.3546145
vn -0.9540889 0.03442403 0.2975389
vn 0.95895 -0.002095476 -0.2835676
vn -0.9778397 0.001625489 0.2093485
vn 0.9554479 -0.002120339 -0.2951524
vn -0.9737425 -0.002317875 0.2276401
vn 0.9564508 -0.002144712 -0.2918856
vn -0.9677281 -0.005408403 0.2519383
vn 0.959288 -0.001244099 -0.2824269
vn -0.9606287 -0.008732961 0.2776981
vn 0.9498055 0.004275498 -0.312812
vn -0.9508961 -0.01139575 0.3093003
vn 0.9301442 0.01332009 -0.3669528
vn -0.9378635 -0.01541852 0.3466615
vn 0.9287508 0.01920721 -0.3702069
vn -0.9228989 -0.0182856 0.3846079
vn 0.9213521 0.02668465 -0.387812
vn -0.907082 -0.02103795 0.420428
vn 0.8960755 0.03957092 -0.4421345
vn -0.8911305 -0.02427703 0.453097
vn 0.8840935 0.03830392 -0.4657376
vn -0.8708441 -0.02353658 0.4909955
vn 0.8826622 0.03698165 -0.4685507
vn -0.8461587 -0.02591962 0.5323002
vn 0.8575221 0.04165525 -0.5127581
vn -0.8166195 -0.02747397 0.5765221
vn 0.8167215 0.05414852 -0.5744858
vn -0.787254 -0.0275279 0.6160141
vn 0.7960047 0.06493267 -0.6017975
vn -0.7554741 -0.02731609 0.6546089
vn 0.7768589 0.06817281 -0.6259735
vn -0.7237488 -0.02867944 0.6894673
vn 0.753875 0.06835848 -0.653452
vn -0.6924061 -0.02809357 0.7209607
vn 0.7336589 0.07182483 -0.6757113
vn -0.6606126 -0.02860237 0.7501819
vn 0.701656 0.07614577 -0.7084354
vn -0.6277306 -0.02913927 0.777885
vn 0.6851229 0.0799664 -0.7240249
vn -0.5964705 -0.02910617 0.802107
vn 0.6591333 0.07884886 -0.7478811
vn -0.5565647 -0.02866089 0.8303097
vn 0.5946605 0.08893295 -0.7990431
vn -0.5253605 -0.02693842 0.8504532
vn 0.5742978 0.0965836 -0.812929
vn -0.4808958 -0.02578104 0.8763986
vn 0.5487249 0.09882762 -0.830141
vn -0.437259 -0.02215609 0.8990626
vn 0.5179757 0.09890909 -0.8496577
vn -0.385498 -0.01845412 0.922524
vn 0.4838758 0.106386 -0.8686463
vn -0.3557007 -0.0175623 0.934435
vn 0.4536949 0.110977 -0.8842201
vn -0.3265371 -0.0154421 0.9450582
vn 0.4209311 0.1154097 -0.8997208
vn -0.2978891 -0.01361218 0.9545035
vn 0.4015759 0.1180557 -0.9081848
vn -0.2726758 -0.0109583 0.9620436
vn 0.3694876 0.1154352 -0.9220377
vn -0.2464155 -0.008583597 0.9691263
vn 0.3154209 0.1198719 -0.9413503
vn -0.2272716 -0.00769227 0.9738011
vn 0.289161 0.1222022 -0.9494485
vn -0.208892 -0.007390155 0.9779108
vn 0.2565877 0.1282874 -0.9579693
vn -0.189428 -0.007613332 0.9818651
vn 0.2045817 0.133746 -0.9696692
vn -0.1691447 -0.007697051 0.9855613
vn 0.1859106 0.1339987 -0.9733867
vn -0.1513508 -0.007495122 0.9884517
vn 0.1855162 0.1307044 -0.9739097
vn -0.1352675 -0.007055811 0.990784
vn 0.1559327 0.1322265 -0.9788774
vn -0.1167792 -0.007080609 0.9931327
vn 0.1124698 0.1311796 -0.9849581
vn -0.09908108 -0.006609959 0.9950575
vn 0.08731896 0.1301901 -0.9876366
vn -0.08350918 -0.006110596 0.9964883
vn 0.05446512 0.1316531 -0.9897985
vn -0.06583276 -0.006505527 0.9978095
vn 0.02442191 0.131343 -0.9910361
vn -0.04738963 -0.008616205 0.9988393
vn -0.009802052 0.1310191 -0.9913313
vn -0.02859798 -0.007413974 0.9995635
vn -0.04097556 0.1349158 -0.9900094
vn -0.00895723 -0.008214302 0.9999262
vn -0.06724821 0.1358012 -0.9884512
vn 0.01088593 -0.008922613 0.9999009
vn -0.1020255 0.1334394 -0.9857914
vn 0.03389335 -0.009005221 0.9993849
vn -0.1407105 0.1300348 -0.9814741
vn 0.05627381 -0.009505455 0.9983701
vn -0.1617162 0.1327504 -0.9778677
vn 0.07906953 -0.01037353 0.9968151
vn -0.1950556 0.1312377 -0.9719722
vn 0.1067021 -0.01239559 0.9942138
vn -0.2296589 0.1300462 -0.9645438
vn 0.134843 -0.01423546 0.9907647
vn -0.2692643 0.1301395 -0.9542329
vn 0.1655042 -0.01577775 0.9860829
vn -0.293915 0.1247875 -0.9476508
vn 0.1966063 -0.01840376 0.9803098
vn -0.3239577 0.1236445 -0.937957
vn 0.2288471 -0.02088744 0.9732383
vn -0.3464804 0.1261541 -0.9295356
vn 0.2635277 -0.023667 0.9643614
vn -0.362425 0.1279834 -0.9231837
vn 0.2979427 -0.02621552 0.9542237
vn -0.4105432 0.1238925 -0.9033852
vn 0.3309304 -0.02874487 0.9432173
vn -0.4585134 0.1170827 -0.880941
vn 0.3681889 -0.03245803 0.9291843
vn -0.4710357 0.1250814 -0.873201
vn 0.399507 -0.03500913 0.9160615
vn -0.5031055 0.1229806 -0.8554301
vn 0.4314116 -0.03906736 0.901309
vn -0.5484394 0.1135796 -0.8284405
vn 0.4678668 -0.04359531 0.8827232
vn -0.576544 0.1136781 -0.8091193
vn 0.5169709 -0.04817197 0.8546464
vn -0.5899087 0.1142771 -0.7993426
vn 0.5597501 -0.04970759 0.8271692
vn -0.6170568 0.1175739 -0.7780856
vn 0.6019143 -0.05082996 0.7969413
vn -0.663193 0.1166982 -0.7392945
vn 0.6395248 -0.05206483 0.7670054
vn -0.7090061 0.1064914 -0.6971154
vn 0.6710894 -0.05290562 0.7394863
vn -0.7258907 0.1038175 -0.6799299
vn 0.7017409 -0.05365204 0.7104092
vn -0.7563272 0.1039658 -0.6458795
vn 0.7279913 -0.05427733 0.6834344
vn -0.7752985 0.1041587 -0.6229472
vn 0.7538183 -0.05586629 0.6547037
vn -0.7982854 0.09300798 -0.5950547
vn 0.7787812 -0.05492942 0.624886
vn -0.8224291 0.07669821 -0.5636736
vn 0.8002878 -0.05383718 0.5971942
vn -0.8503353 0.06920684 -0.5216709
vn 0.8220438 -0.05303938 0.5669487
vn -0.8821169 0.0635983 -0.4667173
vn 0.8408111 -0.05222462 0.5388036
vn -0.8924759 0.06288495 -0.4466904
vn 0.8608725 -0.05108542 0.5062497
vn -0.9057158 0.0576205 -0.419951
vn 0.8793553 -0.05050299 0.4734803
vn -0.9189672 0.05367383 -0.3906642
vn 0.8975741 -0.04883488 0.4381504
vn -0.9326681 0.05609471 -0.3563475
vn 0.912207 -0.04769133 0.4069447
vn -0.9485224 0.05726125 -0.3114906
vn 0.9264267 -0.04599031 0.3736555
vn -0.9595004 0.05196602 -0.2768726
vn 0.941192 -0.04364465 0.3350416
vn -0.9712354 0.04279076 -0.234245
vn 0.9513276 -0.04132042 0.305399
vn -0.974229 0.03494767 -0.2228371
vn 0.9617553 -0.03984519 0.2709966
vn -0.9748201 0.02981378 -0.2209904
vn 0.9689582 -0.03822856 0.2442508
vn -0.9756977 0.02644149 -0.2175198
vn 0.9755773 -0.03596881 0.2166914
vn -0.9673814 0.02227543 -0.2523433
vn 0.9822636 -0.03338117 0.1845099
vn -0.9477074 0.01825457 -0.318618
vn 0.6435233 -0.03041456 0.764822
vn 0.9228432 0.00108811 -0.3851743
vn -0.6473168 0.08024974 0.7579848
vn 0.9599351 0.01204173 -0.2799636
vn -0.9728926 -0.00937753 0.231067
vn 0.9584639 0.008677397 -0.2850818
vn -0.9682758 -0.01368218 0.2495088
vn 0.9594916 0.008277413 -0.2816159
vn -0.962146 -0.01792079 0.2719449
vn 0.9538767 0.01491194 -0.2998282
vn -0.9544079 -0.021941 0.297698
vn 0.9376177 0.02161631 -0.3469957
vn -0.944993 -0.02560861 0.3260864
vn 0.9239991 0.02071499 -0.381833
vn -0.9319423 -0.02900848 0.3614443
vn 0.9170478 0.02268469 -0.3981316
vn -0.9164435 -0.03266656 0.3988286
vn 0.9002994 0.0336359 -0.4339694
vn -0.9011741 -0.03535378 0.432013
vn 0.8874186 0.04220274 -0.4590286
vn -0.8836449 -0.03784782 0.4666255
vn 0.8879216 0.04160964 -0.4581091
vn -0.8601065 -0.04053621 0.5085013
vn 0.8702835 0.04867418 -0.4901402
vn -0.8340296 -0.04233997 0.5500929
vn 0.826431 0.06195771 -0.5596187
vn -0.806741 -0.04405624 0.5892606
vn 0.7949457 0.06724575 -0.6029422
vn -0.7777185 -0.04461368 0.6270276
vn 0.7883319 0.07206156 -0.6110156
vn -0.7438681 -0.04517163 0.6667981
vn 0.7708682 0.07293588 -0.6328052
vn -0.7096869 -0.04635879 0.7029902
vn 0.7388 0.07766172 -0.669435
vn -0.6791258 -0.04847707 0.7324194
vn 0.7148765 0.08534998 -0.6940224
vn -0.6475832 -0.04892319 0.7604225
vn 0.6895079 0.08976278 -0.7186943
vn -0.6150217 -0.04963398 0.7869465
vn 0.6855626 0.09354409 -0.721979
vn -0.5842521 -0.0487455 0.8101071
vn 0.6181068 0.09929869 -0.7797972
vn -0.5461915 -0.04716575 0.8363314
vn 0.5716037 0.1066389 -0.8135706
vn -0.5081078 -0.04780173 0.859966
vn 0.5666138 0.1079944 -0.8168758
vn -0.4659833 -0.04748577 0.8835184
vn 0.5410731 0.1091911 -0.8338568
vn -0.4226452 -0.04418408 0.9052175
vn 0.4994365 0.1135613 -0.8588755
vn -0.3779074 -0.03887367 0.9250269
vn 0.4644205 0.1155997 -0.8780378
vn -0.3482687 -0.03454523 0.936758
vn 0.4365669 0.1204051 -0.8915784
vn -0.3173152 -0.03165108 0.9477919
vn 0.4024653 0.1205664 -0.907461
vn -0.2892672 -0.028575 0.9568219
vn 0.3939705 0.1257607 -0.9104787
vn -0.2643926 -0.02701492 0.9640366
vn 0.3450896 0.128877 -0.9296794
vn -0.2399603 -0.02472257 0.9704679
vn 0.3033648 0.1302576 -0.9439295
vn -0.220289 -0.02227289 0.9751803
vn 0.2720644 0.1343181 -0.9528587
vn -0.1987415 -0.02166031 0.9798125
vn 0.2339592 0.1378161 -0.9624292
vn -0.1806286 -0.02124196 0.983322
vn 0.1967613 0.1348756 -0.9711301
vn -0.1613223 -0.02033188 0.9866923
vn 0.192092 0.1320083 -0.9724579
vn -0.1460674 -0.01944352 0.9890835
vn 0.1778814 0.1335633 -0.9749457
vn -0.1276808 -0.01917559 0.99163
vn 0.1468381 0.1331577 -0.9801569
vn -0.1113464 -0.01820428 0.9936149
vn 0.1118269 0.132424 -0.9848648
vn -0.09727401 -0.01779202 0.9950986
vn 0.07309002 0.1365554 -0.9879324
vn -0.07789905 -0.01778021 0.9968027
vn 0.05063962 0.1373759 -0.9892236
vn -0.05967499 -0.0182091 0.9980518
vn 0.02736232 0.1342769 -0.990566
vn -0.04330139 -0.01891982 0.9988829
vn -0.01125744 0.1368535 -0.9905273
vn -0.0283745 -0.02013112 0.9993946
vn -0.04565216 0.1378575 -0.9893994
vn -0.01071727 -0.02041531 0.9997342
vn -0.07210676 0.1460301 -0.9866489
vn 0.008636872 -0.02209492 0.9997186
vn -0.08862162 0.150509 -0.9846285
vn 0.02953275 -0.0243926 0.9992661
vn -0.1208487 0.1473256 -0.9816776
vn 0.05116518 -0.02563878 0.9983611
vn -0.1527342 0.1408079 -0.9781848
vn 0.0738336 -0.02709396 0.9969025
vn -0.1889752 0.1393943 -0.9720379
vn 0.1019385 -0.02878774 0.9943741
vn -0.2262605 0.139895 -0.9639687
vn 0.1295105 -0.0308182 0.9910991
vn -0.2639931 0.1393112 -0.9544109
vn 0.1578948 -0.03311548 0.9869006
vn -0.2777612 0.1396126 -0.950451
vn 0.1904958 -0.03600137 0.9810277
vn -0.3089672 0.136664 -0.9412025
vn 0.2233338 -0.03949422 0.9739416
vn -0.3394246 0.1293211 -0.9317011
vn 0.256711 -0.04330061 0.9655177
vn -0.3744802 0.1295828 -0.9181356
vn 0.2898044 -0.04596968 0.9559813
vn -0.3936622 0.1380973 -0.908823
vn 0.3230698 -0.04873765 0.9451193
vn -0.433899 0.1332906 -0.8910474
vn 0.3600011 -0.05211471 0.9314952
vn -0.4754329 0.1284971 -0.8703172
vn 0.3915574 -0.0542446 0.9185535
vn -0.4896119 0.1303025 -0.8621493
vn 0.4266883 -0.0557729 0.9026774
vn -0.5277253 0.1319135 -0.8391095
vn 0.4618679 -0.0588681 0.884993
vn -0.5713289 0.1299715 -0.8103644
vn 0.507199 -0.06273576 0.8595425
vn -0.5854912 0.1268257 -0.8006967
vn 0.5506185 -0.06498656 0.8322235
vn -0.6174864 0.1284988 -0.7760146
vn 0.5899263 -0.06651737 0.8047126
vn -0.6420594 0.127188 -0.756031
vn 0.6316027 -0.06778145 0.7723235
vn -0.6795071 0.1211001 -0.7236054
vn 0.6658846 -0.06881368 0.7428744
vn -0.7106181 0.1122145 -0.6945717
vn 0.7016391 -0.06864371 0.7092183
vn -0.7431892 0.1036219 -0.6610085
vn 0.7255744 -0.068401 0.6847357
vn -0.7714987 0.09563828 -0.6290017
vn 0.7495681 -0.06828103 0.658396
vn -0.7750071 0.08897997 -0.6256568
vn 0.7734594 -0.06918614 0.6300585
vn -0.8057463 0.082888 -0.5864319
vn 0.7959378 -0.06788296 0.6015604
vn -0.8333246 0.08045743 -0.5468974
vn 0.8199241 -0.06651243 0.5685953
vn -0.8733563 0.07464441 -0.4813284
vn 0.8374506 -0.06578859 0.5425388
vn -0.8882948 0.07021345 -0.4538751
vn 0.8576072 -0.06454577 0.5102388
vn -0.8997037 0.06588893 -0.4314996
vn 0.8750209 -0.06348263 0.4799044
vn -0.9126844 0.06219497 -0.4039045
vn 0.8910775 -0.06223976 0.4495633
vn -0.9312216 0.056004 -0.3601247
vn 0.9075427 -0.0597598 0.415686
vn -0.9463935 0.05323441 -0.3185991
vn 0.9208363 -0.05795662 0.3856182
vn -0.9523853 0.05235714 -0.3003681
vn 0.9357115 -0.05548552 0.3483754
vn -0.959726 0.04835863 -0.2767443
vn 0.9468533 -0.05253574 0.3173465
vn -0.9667311 0.04441445 -0.2519093
vn 0.9568997 -0.05077876 0.285945
vn -0.9676713 0.04145281 -0.248785
vn 0.9648235 -0.04841925 0.2584013
vn -0.9683818 0.03453987 -0.2470705
vn 0.9708732 -0.04578926 0.2351781
vn -0.9602385 0.02341086 -0.2781978
vn 0.9648188 -0.02206877 0.261988
vn -0.9422707 0.01317985 -0.3345927
vn 0.8029446 0.05478049 0.593531
vn 0.9357552 -0.01432376 -0.3523592
vn -0.7343202 0.03952975 0.6776512
vn 0.9464237 0.008144028 -0.3228247
vn -0.9619561 -0.02424772 0.2721258
vn 0.9493396 0.02293744 -0.3134139
vn -0.9567588 -0.02808053 0.2895238
vn 0.9410345 0.0308888 -0.3368974
vn -0.9506561 -0.03245649 0.308544
vn 0.9408398 0.03367764 -0.3371744
vn -0.9430928 -0.03534357 0.3306459
vn 0.9351467 0.03233192 -0.3527822
vn -0.9332523 -0.04032072 0.3569517
vn 0.9188896 0.02983625 -0.3933849
vn -0.9183573 -0.04444768 0.3932487
vn 0.8971677 0.03506489 -0.440296
vn -0.9032614 -0.04776083 0.4264244
vn 0.8827779 0.03811643 -0.4682418
vn -0.8863701 -0.05070413 0.4601927
vn 0.8799655 0.04314691 -0.4730742
vn -0.8652677 -0.0537286 0.4984225
vn 0.8634455 0.05528112 -0.5014039
vn -0.8422443 -0.05637599 0.5361401
vn 0.8368486 0.06245816 -0.5438597
vn -0.813778 -0.05799404 0.578275
vn 0.8012317 0.061262 -0.5952097
vn -0.7857001 -0.06035089 0.6156567
vn 0.7805417 0.0633367 -0.6218867
vn -0.7544406 -0.06229758 0.6534051
vn 0.7720641 0.07109315 -0.6315559
vn -0.7186244 -0.06311954 0.6925279
vn 0.7380612 0.07747611 -0.670271
vn -0.6868424 -0.0630534 0.7240661
vn 0.7111474 0.0834846 -0.6980684
vn -0.6550835 -0.06368335 0.7528678
vn 0.6828483 0.0915503 -0.7248012
vn -0.621442 -0.06397363 0.7808439
vn 0.6684355 0.1024994 -0.7366735
vn -0.5941881 -0.0631551 0.8018429
vn 0.6392065 0.1166713 -0.7601334
vn -0.5538238 -0.06321349 0.8302308
vn 0.5742058 0.116064 -0.8104424
vn -0.5162334 -0.06195318 0.8542042
vn 0.567674 0.1170126 -0.8148953
vn -0.4753432 -0.06150128 0.8776482
vn 0.5377317 0.1204761 -0.834464
vn -0.4413191 -0.05929641 0.8953889
vn 0.5070633 0.1261518 -0.8526268
vn -0.3978653 -0.05370672 0.9158704
vn 0.4667796 0.1269133 -0.8752199
vn -0.3625746 -0.04832162 0.9307012
vn 0.4415135 0.130098 -0.8877728
vn -0.3313693 -0.04482177 0.9424359
vn 0.4138145 0.1318259 -0.900766
vn -0.3048342 -0.0405034 0.9515438
vn 0.380126 0.1341914 -0.9151485
vn -0.274564 -0.03702987 0.9608555
vn 0.3585295 0.1451706 -0.9221616
vn -0.252716 -0.03412078 0.9669387
vn 0.3098087 0.1454069 -0.9396145
vn -0.2307511 -0.03173189 0.9724952
vn 0.2772382 0.1419388 -0.9502591
vn -0.2078166 -0.0293621 0.977727
vn 0.24063 0.142253 -0.9601361
vn -0.1878968 -0.0276963 0.9817982
vn 0.218443 0.1436377 -0.9652206
vn -0.1701402 -0.02624084 0.9850705
vn 0.1948768 0.1399397 -0.9707935
vn -0.1520585 -0.02473798 0.9880618
vn 0.1837672 0.1372976 -0.973334
vn -0.1334144 -0.02365393 0.990778
vn 0.1523657 0.1394746 -0.9784331
vn -0.1152681 -0.02392115 0.9930463
vn 0.09444456 0.1465566 -0.9846833
vn -0.09458993 -0.02470556 0.9952098
vn 0.0687506 0.1461834 -0.9868656
vn -0.0732846 -0.02442828 0.9970118
vn 0.03582329 0.1500944 -0.9880224
vn -0.04968014 -0.02542846 0.9984415
vn -0.01123209 0.1539751 -0.9880109
vn -0.02633494 -0.02611498 0.999312
vn -0.05947708 0.1524698 -0.9865168
vn -0.003646924 -0.02754006 0.9996141
vn -0.08620888 0.1498276 -0.9849466
vn 0.02301736 -0.02996005 0.9992861
vn -0.09952361 0.1485479 -0.9838843
vn 0.04322928 -0.03098187 0.9985847
vn -0.1327448 0.151924 -0.9794376
vn 0.06598271 -0.03432047 0.9972304
vn -0.1678153 0.1574779 -0.9731592
vn 0.09088063 -0.03783024 0.995143
vn -0.1985495 0.1577703 -0.967309
vn 0.1205109 -0.04120384 0.9918565
vn -0.232244 0.149031 -0.9611724
vn 0.1484365 -0.0447103 0.9879107
vn -0.2712527 0.142365 -0.9519213
vn 0.1799073 -0.04849413 0.9824875
vn -0.2933811 0.1452568 -0.9448957
vn 0.2135889 -0.05192332 0.9755427
vn -0.3150687 0.1485394 -0.9373728
vn 0.2459597 -0.05580657 0.9676722
vn -0.3477731 0.1490294 -0.9256588
vn 0.276906 -0.05934137 0.9590629
vn -0.3884312 0.1450976 -0.9099823
vn 0.3090935 -0.06259195 0.9489698
vn -0.4031299 0.1393671 -0.9044684
vn 0.3450404 -0.06632856 0.9362412
vn -0.4505607 0.1380299 -0.8820107
vn 0.3774553 -0.06905065 0.9234498
vn -0.4817245 0.133204 -0.8661398
vn 0.4093113 -0.07128651 0.9096057
vn -0.5127485 0.1356692 -0.8477517
vn 0.4450899 -0.07471464 0.8923635
vn -0.5520781 0.1401206 -0.8219343
vn 0.4840897 -0.07826165 0.8715115
vn -0.5686857 0.1359067 -0.8112496
vn 0.5266005 -0.08083582 0.8462608
vn -0.5894795 0.1278482 -0.7976019
vn 0.5677309 -0.08233288 0.8190867
vn -0.6276552 0.1212241 -0.7689951
vn 0.6068511 -0.08256271 0.7905157
vn -0.6553715 0.1224553 -0.745314
vn 0.646842 -0.08274735 0.7581215
vn -0.6901995 0.1224295 -0.713187
vn 0.6802908 -0.08393188 0.7281209
vn -0.7094433 0.1159902 -0.6951521
vn 0.711839 -0.08285678 0.6974382
vn -0.7445073 0.1071181 -0.6589648
vn 0.7354502 -0.0820846 0.6725885
vn -0.7592931 0.09946417 -0.6431025
vn 0.7630607 -0.07978677 0.6413832
vn -0.7824273 0.09405011 -0.615599
vn 0.7840794 -0.07969397 0.6155227
vn -0.8200988 0.08927517 -0.565215
vn 0.8077003 -0.0788215 0.5843007
vn -0.8502949 0.08312333 -0.5197009
vn 0.8289344 -0.07719063 0.5539941
vn -0.8792067 0.07794889 -0.4700208
vn 0.8469776 -0.0768601 0.5260432
vn -0.8870515 0.0753466 -0.4554808
vn 0.864403 -0.07416091 0.4973003
vn -0.8996741 0.07270162 -0.4304661
vn 0.8828593 -0.07229786 0.4640393
vn -0.9123752 0.06581757 -0.4040293
vn 0.8982592 -0.07045903 0.433781
vn -0.936473 0.05701971 -0.3460737
vn 0.9131977 -0.0675797 0.4018743
vn -0.9501503 0.05285928 -0.3072792
vn 0.9275703 -0.06505289 0.3679423
vn -0.9553784 0.05169265 -0.2908265
vn 0.9392159 -0.06190464 0.3376999
vn -0.9643722 0.05090255 -0.2596062
vn 0.9490783 -0.05951425 0.3093678
vn -0.967108 0.04897889 -0.2496065
vn 0.9575639 -0.05677688 0.2825736
vn -0.9600523 0.04598916 -0.2760157
vn 0.9646792 -0.05408976 0.2578147
vn -0.9439869 0.03258933 -0.3283697
vn 0.9114308 -0.05282572 0.4080482
vn 0.8992539 0.002326147 -0.4374208
vn -0.6903883 0.1168047 0.7139472
vn 0.9241485 0.01851008 -0.3815847
vn -0.9186303 -0.0003008684 0.3951182
vn 0.937475 0.02372101 -0.3472434
vn -0.9475112 -0.03870663 0.3173712
vn 0.9372123 0.02716745 -0.3476995
vn -0.9401579 -0.04337594 0.3379669
vn 0.9354885 0.03293397 -0.351819
vn -0.9311315 -0.0476773 0.3615533
vn 0.9200128 0.04382448 -0.3894303
vn -0.9184596 -0.05351753 0.3918772
vn 0.8941233 0.05430255 -0.4445165
vn -0.9037237 -0.05841785 0.4241119
vn 0.8860174 0.05446313 -0.4604422
vn -0.8888612 -0.06236422 0.4539124
vn 0.8740687 0.05643349 -0.4825135
vn -0.8697611 -0.06550606 0.489106
vn 0.8568105 0.0665397 -0.51132
vn -0.84817 -0.06843549 0.525285
vn 0.8436653 0.07220942 -0.5319911
vn -0.8238077 -0.0716425 0.562324
vn 0.8198534 0.07509991 -0.567627
vn -0.7949474 -0.07461141 0.6020729
vn 0.7841034 0.07742649 -0.6157815
vn -0.7672412 -0.07590493 0.6368511
vn 0.7639652 0.08354065 -0.6398268
vn -0.7344378 -0.07654797 0.6743454
vn 0.7474055 0.08969498 -0.6582856
vn -0.7016724 -0.0771541 0.7083101
vn 0.7112097 0.09365726 -0.696713
vn -0.6723926 -0.07680873 0.7361987
vn 0.6768587 0.1008814 -0.7291676
vn -0.6346104 -0.078074 0.7688784
vn 0.650963 0.1114711 -0.7508804
vn -0.6039504 -0.07602713 0.7933876
vn 0.6331285 0.1224061 -0.7643068
vn -0.565119 -0.07639335 0.821465
vn 0.5872532 0.1262827 -0.7994914
vn -0.5317098 -0.07524405 0.8435776
vn 0.5592771 0.1269318 -0.8192055
vn -0.4932171 -0.07354857 0.8667915
vn 0.5431446 0.1325941 -0.8291035
vn -0.4604971 -0.07079542 0.8848335
vn 0.5120294 0.131585 -0.8488294
vn -0.4263021 -0.06853555 0.9019808
vn 0.4739316 0.1320962 -0.8705972
vn -0.3909864 -0.06342538 0.9182085
vn 0.4371175 0.1372714 -0.8888671
vn -0.352042 -0.05781025 0.9341972
vn 0.4169618 0.1411691 -0.8978943
vn -0.3263189 -0.05375241 0.9437302
vn 0.3782925 0.1422151 -0.9146965
vn -0.2961887 -0.05006741 0.9538163
vn 0.3401926 0.1451896 -0.9290797
vn -0.2699895 -0.04590422 0.9617684
vn 0.3190896 0.1541865 -0.935098
vn -0.2458039 -0.04300554 0.9683651
vn 0.2992083 0.1576224 -0.941079
vn -0.2236696 -0.04111315 0.9737976
vn 0.2561612 0.152291 -0.9545621
vn -0.2019998 -0.03663914 0.9787
vn 0.2272124 0.1495445 -0.9622945
vn -0.1833409 -0.03639856 0.9823753
vn 0.203464 0.1479376 -0.9678414
vn -0.1631761 -0.03521962 0.9859681
vn 0.178712 0.1505122 -0.9723209
vn -0.1373797 -0.0331982 0.9899619
vn 0.1272655 0.1617373 -0.9785932
vn -0.1148619 -0.03327474 0.992824
vn 0.09084082 0.1648255 -0.9821305
vn -0.09454706 -0.03296379 0.9949745
vn 0.06891524 0.1607669 -0.9845835
vn -0.07216181 -0.03344071 0.9968322
vn 0.0192255 0.167856 -0.985624
vn -0.04950283 -0.03617917 0.9981185
vn -0.01138795 0.1716483 -0.9850925
vn -0.02864217 -0.03626722 0.9989316
vn -0.03907309 0.1699467 -0.9846783
vn -0.005751933 -0.03766156 0.999274
vn -0.0635139 0.162808 -0.9846114
vn 0.01900613 -0.0391063 0.9990543
vn -0.1043155 0.1593508 -0.9816953
vn 0.04898429 -0.04103206 0.9979563
vn -0.1566431 0.1680908 -0.9732462
vn 0.08017542 -0.04539191 0.9957467
vn -0.179183 0.1667012 -0.9695897
vn 0.1130226 -0.04990098 0.9923386
vn -0.1960653 0.1639672 -0.966785
vn 0.1447557 -0.05457384 0.9879612
vn -0.2353652 0.1616362 -0.9583721
vn 0.1757604 -0.05859052 0.9826878
vn -0.2831466 0.1568784 -0.9461592
vn 0.2082462 -0.0617784 0.9761234
vn -0.3178792 0.1563082 -0.935158
vn 0.2424262 -0.06386309 0.9680656
vn -0.337083 0.1616849 -0.9274874
vn 0.2748579 -0.06718436 0.9591347
vn -0.3576682 0.1611917 -0.9198319
vn 0.305449 -0.07098032 0.9495593
vn -0.3803812 0.1552532 -0.9117053
vn 0.3397631 -0.07482102 0.9375302
vn -0.4196831 0.1550502 -0.8943297
vn 0.3719099 -0.07828473 0.9249619
vn -0.453477 0.1513369 -0.8783256
vn 0.4026389 -0.082422 0.9116406
vn -0.4983844 0.1480262 -0.8542256
vn 0.4389487 -0.08509336 0.8944736
vn -0.5349746 0.1482375 -0.8317618
vn 0.4738041 -0.08862452 0.8761594
vn -0.5522237 0.1420546 -0.8215044
vn 0.5134375 -0.09211541 0.8531685
vn -0.5576047 0.134942 -0.8190651
vn 0.5524084 -0.09357573 0.8283045
vn -0.6064041 0.1332018 -0.7839204
vn 0.5853752 -0.09458704 0.8052261
vn -0.6401932 0.1350774 -0.7562451
vn 0.6265094 -0.09516367 0.7735825
vn -0.6677387 0.1282671 -0.7332616
vn 0.6625213 -0.09489611 0.7430076
vn -0.6871977 0.1193122 -0.7166057
vn 0.6946548 -0.09505593 0.7130352
vn -0.7203774 0.1156726 -0.6838684
vn 0.7257252 -0.09316799 0.6816471
vn -0.7503485 0.1134734 -0.6512304
vn 0.7499052 -0.09272251 0.6550151
vn -0.7626283 0.1156244 -0.6364189
vn 0.7752329 -0.0919353 0.6249493
vn -0.7939177 0.1135489 -0.5973285
vn 0.7966789 -0.09063113 0.5975692
vn -0.822684 0.1085243 -0.5580444
vn 0.8173499 -0.08816896 0.5693552
vn -0.8584607 0.09599428 -0.5038159
vn 0.8395497 -0.08515357 0.536568
vn -0.8819242 0.08449855 -0.463756
vn 0.8541627 -0.08357117 0.5132465
vn -0.8926646 0.08199479 -0.4432007
vn 0.8734754 -0.08215145 0.4798874
vn -0.901828 0.08225722 -0.4241934
vn 0.8876314 -0.07971583 0.4536032
vn -0.9166979 0.08297363 -0.3908713
vn 0.90222 -0.0773554 0.424282
vn -0.9402812 0.07863764 -0.3311908
vn 0.9169627 -0.07455018 0.391946
vn -0.9489278 0.07434846 -0.306608
vn 0.9294449 -0.07118171 0.3620297
vn -0.9530839 0.07061132 -0.2943555
vn 0.9402485 -0.06770944 0.3336886
vn -0.9573597 0.06378154 -0.28177
vn 0.9491541 -0.06487387 0.3080548
vn -0.9523411 0.05183081 -0.300599
vn 0.9571742 -0.06170717 0.2828599
vn -0.9327514 0.03735442 -0.3585797
vn 0.9341081 -0.03429712 0.3553388
vn -0.9159648 0.02663099 -0.4003741
vn -0.06795921 0.1006375 0.9925995
vn 0.9245681 0.02177432 -0.3803941
vn -0.5091661 0.03005505 0.8601434
vn 0.9285511 0.03286004 -0.3697474
vn -0.9368834 -0.04990422 0.3460624
vn 0.9223667 0.03975342 -0.3842645
vn -0.9302753 -0.05412599 0.3628476
vn 0.9158337 0.05109949 -0.3982932
vn -0.9198463 -0.05904106 0.3878106
vn 0.9014285 0.0578115 -0.4290506
vn -0.9079995 -0.06415489 0.4140302
vn 0.8932034 0.05380812 -0.4464217
vn -0.8932609 -0.06922872 0.444176
vn 0.8764301 0.05804825 -0.4780174
vn -0.8785595 -0.07377496 0.4719009
vn 0.8545585 0.06959 -0.5146717
vn -0.8598233 -0.07727127 0.5047108
vn 0.8435755 0.07472792 -0.5317857
vn -0.8379796 -0.0802652 0.5397664
vn 0.8297164 0.08357997 -0.5518921
vn -0.8133576 -0.08423115 0.575634
vn 0.8053731 0.09210582 -0.5855685
vn -0.7874033 -0.08568612 0.6104539
vn 0.767354 0.0977599 -0.6337277
vn -0.7585832 -0.08760099 0.6456606
vn 0.7499664 0.1042152 -0.6532149
vn -0.724752 -0.08951452 0.6831703
vn 0.7325515 0.1074171 -0.6721829
vn -0.6939299 -0.09023105 0.7143666
vn 0.7037505 0.108456 -0.7021201
vn -0.6640058 -0.09114216 0.7421519
vn 0.6613511 0.1122213 -0.7416341
vn -0.6354557 -0.09005591 0.7668677
vn 0.6323865 0.1179455 -0.7656213
vn -0.6099527 -0.08690374 0.7876582
vn 0.6225315 0.1269336 -0.7722321
vn -0.5721611 -0.08521034 0.8157027
vn 0.5980271 0.1317246 -0.7905772
vn -0.5384938 -0.08251901 0.8385792
vn 0.5592676 0.1332472 -0.8182083
vn -0.5017962 -0.08159106 0.8611292
vn 0.5352306 0.1393256 -0.8331366
vn -0.4684465 -0.07905207 0.8799481
vn 0.5224658 0.1435978 -0.8404815
vn -0.4338761 -0.07745333 0.8976372
vn 0.4770043 0.1447962 -0.8668915
vn -0.4044632 -0.07603564 0.9113881
vn 0.4345945 0.1470931 -0.8885331
vn -0.3681248 -0.0730374 0.9269032
vn 0.411795 0.1489813 -0.8990157
vn -0.3392103 -0.06818382 0.9382363
vn 0.3928854 0.1520807 -0.9069248
vn -0.3103149 -0.0639552 0.94848
vn 0.3476594 0.1508086 -0.9254133
vn -0.2829443 -0.05970764 0.957276
vn 0.3060071 0.1519491 -0.9398251
vn -0.2560003 -0.05649874 0.9650242
vn 0.2853359 0.1591192 -0.9451268
vn -0.2320026 -0.05352815 0.9712412
vn 0.2643714 0.1629014 -0.9505634
vn -0.2063666 -0.04962249 0.9772156
vn 0.227132 0.1570205 -0.961122
vn -0.1792158 -0.04673601 0.9826991
vn 0.1811974 0.1597624 -0.9703831
vn -0.1564495 -0.04488782 0.9866654
vn 0.1460555 0.168265 -0.9748614
vn -0.1328717 -0.04338917 0.9901831
vn 0.1060052 0.1720036 -0.9793762
vn -0.1102133 -0.04248282 0.9929996
vn 0.09449287 0.1743177 -0.9801451
vn -0.08783191 -0.04333616 0.9951922
vn 0.05179906 0.1739539 -0.9833906
vn -0.06292053 -0.04430699 0.9970345
vn -0.001020572 0.1734337 -0.984845
vn -0.03928585 -0.0454879 0.9981921
vn -0.02005798 0.1745609 -0.9844421
vn -0.01720008 -0.04713038 0.9987406
vn -0.04338605 0.1737915 -0.9838263
vn 0.007236252 -0.04936403 0.9987547
vn -0.07749654 0.1776554 -0.9810366
vn 0.0342723 -0.0524261 0.9980365
vn -0.120672 0.1779925 -0.9766048
vn 0.06469438 -0.0560208 0.9963314
vn -0.152104 0.1684693 -0.9739006
vn 0.09480247 -0.06018264 0.9936753
vn -0.1826749 0.1669201 -0.9689002
vn 0.1299601 -0.06393982 0.9894555
vn -0.2097971 0.1724766 -0.9624121
vn 0.1622534 -0.06775916 0.9844199
vn -0.2468921 0.1729233 -0.9534892
vn 0.1954408 -0.07188921 0.9780771
vn -0.2956255 0.1693035 -0.9401818
vn 0.2302854 -0.07612365 0.9701412
vn -0.3315409 0.1670005 -0.9285426
vn 0.2657661 -0.07952295 0.9607521
vn -0.3442841 0.1645815 -0.9243275
vn 0.2988322 -0.08160446 0.9508101
vn -0.3661579 0.1632463 -0.9161217
vn 0.3316763 -0.08549757 0.9395111
vn -0.4072084 0.1654978 -0.8982159
vn 0.3642443 -0.0884589 0.9270929
vn -0.4392466 0.1686686 -0.8823907
vn 0.3957618 -0.09166315 0.9137671
vn -0.4674245 0.1689749 -0.8677338
vn 0.4239624 -0.09483603 0.9007008
vn -0.5125746 0.1600364 -0.8435969
vn 0.4602894 -0.0976473 0.8823825
vn -0.5343513 0.1528545 -0.8313266
vn 0.4967898 -0.09936063 0.8621643
vn -0.5494822 0.1547974 -0.8210403
vn 0.5339547 -0.1019374 0.8393456
vn -0.5840896 0.1594127 -0.7958813
vn 0.5714729 -0.1037691 0.8140335
vn -0.6241167 0.1588081 -0.7650219
vn 0.6072416 -0.1051758 0.7875251
vn -0.6368495 0.150084 -0.756239
vn 0.6403972 -0.105431 0.7607731
vn -0.6625671 0.1412807 -0.7355572
vn 0.676035 -0.1040389 0.7294879
vn -0.6957411 0.1351039 -0.7054723
vn 0.7030584 -0.1046639 0.7033879
vn -0.7331097 0.1313314 -0.6673098
vn 0.732801 -0.103001 0.6726021
vn -0.759856 0.1287454 -0.6372154
vn 0.7597782 -0.1024298 0.6420633
vn -0.7764987 0.1286232 -0.6168517
vn 0.7803206 -0.1006615 0.6172252
vn -0.8000472 0.1199242 -0.5878289
vn 0.802632 -0.09840131 0.5883018
vn -0.8285113 0.1098576 -0.5490904
vn 0.823203 -0.09641559 0.5595007
vn -0.8525737 0.1049723 -0.511956
vn 0.8433678 -0.09305705 0.5292174
vn -0.8786371 0.09791804 -0.4673423
vn 0.8580255 -0.09162527 0.5053683
vn -0.8959561 0.09692804 -0.4334371
vn 0.8731348 -0.08897633 0.47929
vn -0.9074418 0.09723253 -0.4087729
vn 0.8893301 -0.08602779 0.4491004
vn -0.9227973 0.09533309 -0.3733054
vn 0.9037556 -0.08320914 0.4198833
vn -0.9358926 0.08979637 -0.3406491
vn 0.9164928 -0.07975994 0.3920197
vn -0.9425514 0.08384494 -0.3233679
vn 0.9250267 -0.07807489 0.3717929
vn -0.9470438 0.07792762 -0.3115051
vn 0.9333722 -0.0755394 0.3508705
vn -0.9402131 0.0687637 -0.3335728
vn 0.9036723 -0.04944455 0.4253608
vn -0.9354458 0.05876554 -0.348551
vn 0.9525786 -0.03101995 0.3027074
vn -0.9170591 0.04623365 -0.3960619
vn 0.6587302 0.08700693 0.7473314
vn 0.9016475 0.0344184 -0.4311
vn -0.6322058 0.12913 0.7639642
vn 0.9135199 0.04579667 -0.404208
vn -0.9285865 -0.002597017 0.3711067
vn 0.8974316 0.05599268 -0.4375858
vn -0.8495346 -0.03021089 0.5266673
vn 0.908595 0.06278309 -0.4129327
vn -0.9070242 -0.07016256 0.4151919
vn 0.8973573 0.06676961 -0.4362244
vn -0.8944358 -0.07538587 0.4407966
vn 0.8787698 0.07433997 -0.4714205
vn -0.8800426 -0.08045484 0.46803
vn 0.8526187 0.07772179 -0.5167211
vn -0.8654148 -0.08487116 0.4938159
vn 0.8382705 0.08026298 -0.5393148
vn -0.8450102 -0.0883394 0.5274028
vn 0.8249432 0.08862793 -0.5582237
vn -0.8233247 -0.09171631 0.5601112
vn 0.8106993 0.09667704 -0.5774254
vn -0.8010969 -0.09481712 0.5909767
vn 0.7810513 0.1050413 -0.6155691
vn -0.7734538 -0.09722342 0.6263518
vn 0.7508005 0.1098702 -0.6513272
vn -0.7433462 -0.0993631 0.6614857
vn 0.7452272 0.1084018 -0.6579403
vn -0.711005 -0.1003602 0.6959881
vn 0.7120621 0.1143988 -0.6927341
vn -0.6809652 -0.1009502 0.7253243
vn 0.681564 0.122967 -0.7213527
vn -0.6535562 -0.1005311 0.7501718
vn 0.6372337 0.1243265 -0.7605762
vn -0.6226265 -0.09985039 0.7761225
vn 0.6169434 0.124071 -0.7771661
vn -0.5868812 -0.09914317 0.8035802
vn 0.5974797 0.1318272 -0.7909739
vn -0.5519272 -0.09643774 0.8282971
vn 0.5674117 0.139915 -0.8114603
vn -0.5129943 -0.09376633 0.8532554
vn 0.527244 0.1456522 -0.8371375
vn -0.4803336 -0.09080405 0.8723728
vn 0.5161247 0.1523416 -0.8428566
vn -0.4454798 -0.08867124 0.8908901
vn 0.4924473 0.1594425 -0.8556131
vn -0.4158717 -0.0841663 0.9055201
vn 0.4461 0.1619035 -0.880217
vn -0.3812014 -0.080293 0.9209986
vn 0.4200121 0.1606832 -0.8931801
vn -0.3525553 -0.07753465 0.9325734
vn 0.392596 0.1629897 -0.9051535
vn -0.3250975 -0.07475629 0.9427211
vn 0.3600389 0.1689736 -0.9175075
vn -0.2976403 -0.07129479 0.9520122
vn 0.3099086 0.1746065 -0.9345957
vn -0.2667448 -0.06695027 0.961439
vn 0.2813112 0.1768017 -0.9431888
vn -0.2406455 -0.06314716 0.9685568
vn 0.2684604 0.1771915 -0.9468538
vn -0.2152001 -0.05997698 0.9747264
vn 0.2496551 0.1772205 -0.9519797
vn -0.1905064 -0.05744911 0.9800035
vn 0.186738 0.1748687 -0.9667213
vn -0.1658326 -0.0541635 0.9846655
vn 0.1518463 0.1778161 -0.9722778
vn -0.1414612 -0.0520474 0.9885746
vn 0.1198018 0.1746996 -0.9773063
vn -0.1156623 -0.05123396 0.9919664
vn 0.08757844 0.1720518 -0.9811871
vn -0.09193066 -0.0519771 0.994408
vn 0.07054181 0.1797602 -0.9811779
vn -0.06993628 -0.05293507 0.996146
vn 0.02408576 0.1801094 -0.9833516
vn -0.04459358 -0.05348633 0.9975724
vn -0.01988547 0.1766274 -0.9840769
vn -0.02130913 -0.05541055 0.9982362
vn -0.03564039 0.1806225 -0.9829066
vn 0.003651231 -0.05849635 0.9982809
vn -0.06714296 0.1810674 -0.9811761
vn 0.02906837 -0.06256962 0.9976172
vn -0.0987184 0.1821229 -0.9783077
vn 0.05859357 -0.06634331 0.9960749
vn -0.1252001 0.1824711 -0.9752073
vn 0.08786407 -0.07034631 0.9936455
vn -0.1701126 0.1802713 -0.9687951
vn 0.1183985 -0.07432336 0.9901807
vn -0.2037917 0.1780322 -0.9626907
vn 0.1513674 -0.07743865 0.9854395
vn -0.2332437 0.1776207 -0.9560587
vn 0.1867088 -0.08155552 0.9790242
vn -0.2752951 0.182584 -0.9438621
vn 0.2213606 -0.0868314 0.9713186
vn -0.3146564 0.1803706 -0.9319108
vn 0.2568118 -0.09187797 0.9620842
vn -0.3374309 0.1748863 -0.9249623
vn 0.289627 -0.09517117 0.9523963
vn -0.3589787 0.1737392 -0.9170327
vn 0.3268957 -0.09757173 0.9400101
vn -0.3998708 0.1719914 -0.9002901
vn 0.3548726 -0.09946758 0.9296083
vn -0.4401398 0.1673712 -0.8821926
vn 0.3869763 -0.1008335 0.9165598
vn -0.4565874 0.1669717 -0.8738698
vn 0.4166746 -0.1024005 0.9032699
vn -0.4888115 0.1652831 -0.856589
vn 0.4500622 -0.1050809 0.8867931
vn -0.5240099 0.1624594 -0.8360746
vn 0.484014 -0.1083701 0.8683239
vn -0.5577475 0.1600171 -0.8144398
vn 0.5236355 -0.1109328 0.8446892
vn -0.5797158 0.1615875 -0.7986358
vn 0.5574509 -0.1133898 0.8224301
vn -0.6138652 0.1596751 -0.7730933
vn 0.5911552 -0.1146683 0.798365
vn -0.6239966 0.1600432 -0.7648624
vn 0.625289 -0.1143989 0.7719628
vn -0.6443913 0.1577195 -0.7482543
vn 0.655851 -0.1133727 0.7463284
vn -0.6777036 0.1547083 -0.7188763
vn 0.6907558 -0.1123971 0.7142991
vn -0.7117428 0.1494848 -0.68635
vn 0.7147433 -0.1128955 0.6902149
vn -0.7458081 0.1392522 -0.6514438
vn 0.7417519 -0.1120243 0.6612523
vn -0.7666813 0.1329277 -0.6281161
vn 0.765952 -0.1092732 0.633543
vn -0.7771881 0.1349128 -0.6146358
vn 0.7878224 -0.1079076 0.6063759
vn -0.8079677 0.1299998 -0.5747072
vn 0.8106353 -0.1056208 0.5759468
vn -0.8403322 0.1223672 -0.5280796
vn 0.8302096 -0.1038892 0.5476854
vn -0.8680162 0.1153734 -0.482946
vn 0.847572 -0.1012104 0.5209398
vn -0.8872947 0.1075602 -0.4484851
vn 0.8639219 -0.09844768 0.4939099
vn -0.9012799 0.1007379 -0.4213628
vn 0.8802106 -0.0962953 0.4647111
vn -0.913042 0.09756855 -0.3960237
vn 0.8941635 -0.09264576 0.4380506
vn -0.9247649 0.09425696 -0.3686807
vn 0.9067147 -0.0899372 0.4120432
vn -0.9278156 0.08645339 -0.362883
vn 0.8709517 -0.06049754 0.4876301
vn -0.9350255 0.07790699 -0.3459161
vn 0.9302636 -0.04306966 0.3643553
vn -0.9207622 0.06630714 -0.3844482
vn 0.7340513 0.04353769 0.677697
vn 0.8792262 0.04877942 -0.4739006
vn -0.5579001 0.1001336 0.823845
vn 0.9068585 0.05491921 -0.4178413
vn -0.9010773 0.002764632 0.4336499
vn 0.8753172 0.07379289 -0.4778853
vn -0.8331974 -0.05729716 0.5499992
vn 0.8713641 0.08728798 -0.4828099
vn -0.8765776 -0.08751465 0.4732365
vn 0.8590093 0.09243526 -0.5035464
vn -0.8626111 -0.09284748 0.4972741
vn 0.8391938 0.09389298 -0.5356657
vn -0.8456475 -0.09774239 0.5247161
vn 0.8174196 0.09725802 -0.5677729
vn -0.8255427 -0.1011327 0.555204
vn 0.8051658 0.100662 -0.5844443
vn -0.8059123 -0.1035102 0.5829161
vn 0.7861238 0.1080066 -0.6085589
vn -0.783747 -0.1066034 0.611863
vn 0.7578507 0.1131458 -0.642542
vn -0.7553458 -0.1094299 0.6461253
vn 0.7488837 0.1142724 -0.652775
vn -0.7268812 -0.1105 0.6778152
vn 0.7154379 0.1222299 -0.6879016
vn -0.6945496 -0.1105765 0.7108963
vn 0.6848801 0.1264385 -0.7176018
vn -0.6673054 -0.1096629 0.7366666
vn 0.6542241 0.1298679 -0.7450672
vn -0.6345639 -0.1096277 0.7650559
vn 0.6117592 0.1427463 -0.7780579
vn -0.5997447 -0.109054 0.7927253
vn 0.5923871 0.1488639 -0.7917809
vn -0.5632322 -0.1075435 0.8192703
vn 0.565033 0.1499289 -0.8113317
vn -0.5241581 -0.1055614 0.8450533
vn 0.5303373 0.1522944 -0.8339957
vn -0.4906661 -0.1032687 0.8652065
vn 0.5058956 0.1535839 -0.8488119
vn -0.456312 -0.09911209 0.8842829
vn 0.4848907 0.1606347 -0.8596961
vn -0.4276105 -0.09596174 0.8988551
vn 0.4523666 0.1698624 -0.8755063
vn -0.3950716 -0.09290854 0.9139401
vn 0.4261772 0.1730002 -0.8879436
vn -0.3596297 -0.08834484 0.9289035
vn 0.3965917 0.171881 -0.9017605
vn -0.3355137 -0.0848703 0.9382045
vn 0.3597123 0.1766945 -0.9161801
vn -0.3091701 -0.08397743 0.9472918
vn 0.3174239 0.1799749 -0.9310483
vn -0.2808058 -0.08116627 0.9563264
vn 0.2873466 0.1774486 -0.9412459
vn -0.2511247 -0.07715839 0.9648746
vn 0.2678463 0.176918 -0.9470789
vn -0.2243622 -0.07387694 0.9717015
vn 0.2539702 0.181116 -0.9501032
vn -0.1974522 -0.07190426 0.977672
vn 0.2070159 0.1861815 -0.9604587
vn -0.1747552 -0.07088919 0.9820567
vn 0.1534487 0.1846979 -0.9707421
vn -0.1489501 -0.06950535 0.9863989
vn 0.1402843 0.1841899 -0.972828
vn -0.1214943 -0.06919761 0.9901771
vn 0.1021006 0.1820627 -0.9779717
vn -0.09455381 -0.06981303 0.9930688
vn 0.06189575 0.1814544 -0.9814495
vn -0.07343763 -0.07077456 0.9947854
vn 0.03338928 0.1877095 -0.9816569
vn -0.04947467 -0.07185005 0.9961877
vn -0.004500377 0.1880704 -0.9821452
vn -0.02279172 -0.073352 0.9970457
vn -0.0368664 0.1872975 -0.9816111
vn 0.002347762 -0.0759293 0.9971105
vn -0.05554764 0.1896928 -0.9802709
vn 0.02937279 -0.07886811 0.9964523
vn -0.09613945 0.1917088 -0.9767317
vn 0.05535368 -0.08282923 0.9950252
vn -0.1248286 0.1972186 -0.9723799
vn 0.08466019 -0.08624187 0.9926706
vn -0.1502133 0.1997041 -0.9682739
vn 0.1126534 -0.08931332 0.9896122
vn -0.1765999 0.1913039 -0.9655129
vn 0.1441687 -0.09317616 0.9851565
vn -0.2184073 0.1864342 -0.9578834
vn 0.1796573 -0.09738649 0.9788969
vn -0.2707639 0.190029 -0.9437032
vn 0.2134182 -0.1004124 0.971787
vn -0.296266 0.1906969 -0.9358746
vn 0.248092 -0.1025408 0.9632941
vn -0.315165 0.1829977 -0.9312266
vn 0.2809763 -0.1051868 0.9539329
vn -0.3512197 0.1819355 -0.9184465
vn 0.3163188 -0.1074989 0.9425425
vn -0.384802 0.1827029 -0.9047359
vn 0.3477076 -0.1090309 0.9312419
vn -0.4147145 0.176572 -0.8926557
vn 0.3785815 -0.1102516 0.918978
vn -0.4515263 0.1732132 -0.8752835
vn 0.4111007 -0.1123687 0.9046378
vn -0.4856061 0.1770313 -0.8560646
vn 0.4438459 -0.1150379 0.8886884
vn -0.5172688 0.181335 -0.8363914
vn 0.479851 -0.1172469 0.8694804
vn -0.5412614 0.1776053 -0.8218835
vn 0.5141934 -0.1192012 0.8493505
vn -0.5603432 0.1681383 -0.8110148
vn 0.549201 -0.1195405 0.8270964
vn -0.6028461 0.158282 -0.7819995
vn 0.583302 -0.1206412 0.8032463
vn -0.6287737 0.158289 -0.7613069
vn 0.6151378 -0.1215908 0.7789872
vn -0.637525 0.1600803 -0.7536153
vn 0.6458793 -0.1229894 0.7534677
vn -0.6651282 0.1579327 -0.7298369
vn 0.6775323 -0.1235126 0.725048
vn -0.6999932 0.1579249 -0.6964692
vn 0.7052615 -0.1220085 0.6983697
vn -0.7172943 0.1552071 -0.679264
vn 0.7318447 -0.1218599 0.6704875
vn -0.7489064 0.1428652 -0.6470925
vn 0.755245 -0.1209806 0.6441805
vn -0.7876511 0.137372 -0.6006119
vn 0.7781613 -0.1187605 0.6167342
vn -0.8058203 0.1469273 -0.5736429
vn 0.7979867 -0.116806 0.5912476
vn -0.8179761 0.1480318 -0.5558791
vn 0.8183133 -0.1146404 0.5632238
vn -0.8283616 0.1380085 -0.5429279
vn 0.8338884 -0.1126203 0.540321
vn -0.858678 0.1303882 -0.495652
vn 0.8510684 -0.1104457 0.5133074
vn -0.8806908 0.123443 -0.4573246
vn 0.8682299 -0.108055 0.484253
vn -0.8945235 0.1160938 -0.4316826
vn 0.8803843 -0.1046559 0.4625697
vn -0.9101973 0.1006551 -0.4017579
vn 0.8304922 -0.0689968 0.5527406
vn -0.9180976 0.09080837 -0.3858116
vn 0.9066742 -0.03449903 0.4204184
vn -0.9144367 0.08698854 -0.3952702
vn 0.6692545 0.04628352 0.7415902
vn 0.831017 0.07791984 -0.5507624
vn -0.2385792 0.2589375 0.9359655
vn 0.8656588 0.09433617 -0.4916662
vn -0.8769754 -0.04746262 0.4781856
vn 0.8570257 0.09407268 -0.5066134
vn -0.8634373 -0.04363107 0.5025658
vn 0.8371013 0.1027787 -0.5373063
vn -0.7923691 -0.07475422 0.6054445
vn 0.8204086 0.1087641 -0.5613377
vn -0.8259663 -0.1110134 0.5526805
vn 0.810311 0.1064495 -0.5762506
vn -0.8092806 -0.115048 0.576046
vn 0.7868573 0.108346 -0.6075498
vn -0.7909674 -0.1179657 0.6003787
vn 0.7636108 0.1165278 -0.6350747
vn -0.768354 -0.1208563 0.6285109
vn 0.7497672 0.1204047 -0.6506548
vn -0.7450402 -0.1223817 0.6556964
vn 0.7209076 0.1340466 -0.6799439
vn -0.7180356 -0.1234931 0.684963
vn 0.7006956 0.1421669 -0.6991525
vn -0.6895313 -0.1224924 0.7138223
vn 0.6800731 0.1374768 -0.7201394
vn -0.6613317 -0.1213727 0.7402089
vn 0.6213729 0.1432883 -0.7703014
vn -0.6313769 -0.1188914 0.7663081
vn 0.5836821 0.1499913 -0.7980087
vn -0.6025401 -0.118429 0.7892528
vn 0.5874764 0.1561595 -0.7940313
vn -0.5702646 -0.1150357 0.8133665
vn 0.5753866 0.1572502 -0.8026223
vn -0.5323609 -0.1134248 0.8388842
vn 0.535214 0.1581245 -0.8297846
vn -0.4972892 -0.1116271 0.8603737
vn 0.5035437 0.1623893 -0.8485715
vn -0.46899 -0.1087699 0.8764801
vn 0.4788866 0.1646608 -0.862296
vn -0.4329291 -0.1049951 0.8952923
vn 0.4411781 0.1663949 -0.8818586
vn -0.4014017 -0.1035957 0.9100245
vn 0.4195858 0.1737604 -0.8909293
vn -0.3674121 -0.1001156 0.9246541
vn 0.3888072 0.1800177 -0.903561
vn -0.3326871 -0.09602561 0.9381357
vn 0.3425019 0.1817048 -0.9217786
vn -0.3011434 -0.09283306 0.9490494
vn 0.3132303 0.1784676 -0.9327573
vn -0.2696134 -0.08942348 0.9588076
vn 0.2809827 0.1773908 -0.9431762
vn -0.241825 -0.08700996 0.9664108
vn 0.2517366 0.1817174 -0.9505827
vn -0.2120252 -0.08558262 0.9735096
vn 0.2250319 0.1885746 -0.955929
vn -0.1865226 -0.08482049 0.9787823
vn 0.1798978 0.1932163 -0.9645228
vn -0.162473 -0.08498479 0.9830463
vn 0.1546688 0.190268 -0.9694719
vn -0.134307 -0.08611601 0.9871908
vn 0.1224058 0.1921676 -0.9736983
vn -0.1067513 -0.08736109 0.9904404
vn 0.08379395 0.1978827 -0.9766375
vn -0.08421561 -0.08741329 0.992606
vn 0.04977567 0.1974017 -0.9790581
vn -0.06258633 -0.08799092 0.9941531
vn 0.01912236 0.1959954 -0.9804183
vn -0.03662983 -0.08971524 0.9952937
vn -0.01553648 0.1973533 -0.9802094
vn -0.01100344 -0.09154903 0.9957398
vn -0.04352801 0.1954835 -0.9797405
vn 0.0159381 -0.09430066 0.9954162
vn -0.07719651 0.1989976 -0.9769548
vn 0.04187169 -0.09722111 0.9943817
vn -0.1149469 0.2038147 -0.972238
vn 0.06865451 -0.09974053 0.9926422
vn -0.1283543 0.2009485 -0.9711564
vn 0.09608041 -0.102761 0.990055
vn -0.1491903 0.1995759 -0.9684585
vn 0.1244039 -0.1055988 0.9865965
vn -0.1763743 0.2015182 -0.9634742
vn 0.1579455 -0.1090832 0.9814041
vn -0.2355361 0.2034932 -0.9503227
vn 0.1893576 -0.1118306 0.9755192
vn -0.2749022 0.1981591 -0.9408303
vn 0.2201004 -0.1132521 0.9688807
vn -0.2869643 0.1930444 -0.9382886
vn 0.2551168 -0.1153407 0.9600063
vn -0.319681 0.1920419 -0.9278598
vn 0.2891138 -0.1167867 0.9501443
vn -0.3631031 0.19236 -0.9116762
vn 0.3267896 -0.1193094 0.9375361
vn -0.3870007 0.1916483 -0.9019431
vn 0.3580747 -0.1212032 0.9257928
vn -0.4252652 0.1901934 -0.8848593
vn 0.393253 -0.1230242 0.9111624
vn -0.473267 0.1896278 -0.8602672
vn 0.4279448 -0.1245093 0.8951876
vn -0.4997511 0.1868721 -0.8457705
vn 0.4597734 -0.1264322 0.87899
vn -0.5230085 0.1841645 -0.8321933
vn 0.4951462 -0.127964 0.8593343
vn -0.5337711 0.1849586 -0.8251537
vn 0.5283036 -0.1300554 0.8390357
vn -0.5562209 0.1805631 -0.8111814
vn 0.5628466 -0.1314046 0.8160493
vn -0.60813 0.1743254 -0.7744601
vn 0.5969394 -0.1326226 0.7912487
vn -0.6297934 0.1689812 -0.7581593
vn 0.6295156 -0.1340631 0.7653348
vn -0.6391246 0.1655993 -0.7510636
vn 0.6606609 -0.1353817 0.738376
vn -0.6811051 0.1633544 -0.7137304
vn 0.6879223 -0.1360207 0.7129244
vn -0.7050576 0.1610516 -0.6906201
vn 0.7132778 -0.1357408 0.6876113
vn -0.7153715 0.1582696 -0.6805839
vn 0.7385475 -0.1343153 0.6606867
vn -0.7510957 0.1550678 -0.6417236
vn 0.7605029 -0.1329193 0.6355845
vn -0.795414 0.1490559 -0.587451
vn 0.7802777 -0.1304665 0.6116742
vn -0.8105996 0.1450372 -0.5673558
vn 0.7998186 -0.1291592 0.586181
vn -0.812341 0.1432789 -0.5653081
vn 0.8159092 -0.1266333 0.564142
vn -0.8327438 0.1418551 -0.5351775
vn 0.8318118 -0.1238947 0.5410538
vn -0.8591107 0.1360849 -0.4933659
vn 0.8493297 -0.1207417 0.5138681
vn -0.8732817 0.1310527 -0.4692592
vn 0.8051907 -0.07742926 0.5879393
vn -0.8679392 0.123151 -0.4811604
vn 0.8789884 -0.04862775 0.4743572
vn -0.8716608 0.1151865 -0.4763818
vn 0.5551934 0.08127646 0.8277404
vn 0.818614 0.1128588 -0.5631465
vn -0.1858199 0.2417711 0.9523748
vn 0.820075 0.1130119 -0.560986
vn -0.8274555 -0.0567047 0.5586609
vn 0.8132157 0.1158481 -0.5703152
vn -0.7287735 -0.05694824 0.6823825
vn 0.7847567 0.1202799 -0.6080212
vn -0.7862008 -0.1283814 0.6044886
vn 0.7543752 0.1240411 -0.6446176
vn -0.7709061 -0.1328982 0.62293
vn 0.746746 0.1283146 -0.6526145
vn -0.7521873 -0.1349348 0.644986
vn 0.7095195 0.135249 -0.6915849
vn -0.7299586 -0.1370293 0.6696143
vn 0.6929654 0.1446019 -0.7063209
vn -0.7053729 -0.1390849 0.6950572
vn 0.6999076 0.1506348 -0.698168
vn -0.6781299 -0.1398756 0.7215087
vn 0.6524616 0.1542785 -0.7419514
vn -0.6502111 -0.1402356 0.7466991
vn 0.5994365 0.15265 -0.7857314
vn -0.6220677 -0.1394662 0.7704421
vn 0.5819167 0.1490331 -0.799476
vn -0.5885489 -0.136792 0.7968048
vn 0.5760722 0.1525484 -0.8030378
vn -0.5516821 -0.1342418 0.8231805
vn 0.5415226 0.1618015 -0.8249688
vn -0.5151553 -0.1304464 0.8471119
vn 0.4946065 0.1708973 -0.8521493
vn -0.4860274 -0.1259758 0.8648164
vn 0.4831634 0.179884 -0.8568517
vn -0.4533368 -0.1229083 0.8828245
vn 0.4540536 0.1837247 -0.8718259
vn -0.4183243 -0.1184966 0.900535
vn 0.4185835 0.1841704 -0.8893082
vn -0.3883861 -0.1146142 0.9143413
vn 0.3899334 0.1863064 -0.9017992
vn -0.3537759 -0.1100803 0.9288299
vn 0.3630402 0.1892022 -0.912362
vn -0.3238832 -0.1053469 0.9402136
vn 0.3263214 0.1905088 -0.9258622
vn -0.2936031 -0.1005999 0.9506192
vn 0.296259 0.1950551 -0.9349782
vn -0.2614839 -0.09640856 0.9603809
vn 0.2556604 0.1976681 -0.9463431
vn -0.2323643 -0.09314616 0.9681584
vn 0.2354515 0.1991494 -0.9512635
vn -0.2033019 -0.08975916 0.9749931
vn 0.1970982 0.1996348 -0.9598429
vn -0.1761534 -0.08764657 0.980453
vn 0.1694939 0.2026898 -0.9644629
vn -0.1485911 -0.08735158 0.9850332
vn 0.1358804 0.2062672 -0.9690151
vn -0.1213859 -0.08678155 0.9888045
vn 0.09709101 0.2091792 -0.9730454
vn -0.09771372 -0.08596094 0.9914952
vn 0.0770317 0.2070733 -0.975288
vn -0.07499073 -0.08596428 0.993472
vn 0.04145613 0.2025873 -0.9783863
vn -0.04815051 -0.08737041 0.9950114
vn 0.001175932 0.2040467 -0.9789605
vn -0.02202493 -0.089592 0.995735
vn -0.02178535 0.2072541 -0.9780445
vn 0.005837715 -0.09195558 0.995746
vn -0.05785366 0.2068723 -0.9766559
vn 0.03147666 -0.09442341 0.9950345
vn -0.09904221 0.2081189 -0.9730761
vn 0.05662039 -0.09694158 0.9936782
vn -0.1123187 0.2068142 -0.9719117
vn 0.08616337 -0.1008716 0.9911613
vn -0.1337008 0.2027834 -0.9700531
vn 0.1112745 -0.1056235 0.9881607
vn -0.1658007 0.2043426 -0.9647561
vn 0.1412877 -0.1097823 0.9838626
vn -0.1961215 0.2084057 -0.9581771
vn 0.1732066 -0.1132586 0.9783517
vn -0.236306 0.206395 -0.9495053
vn 0.2038101 -0.1170721 0.9719853
vn -0.2714415 0.2025095 -0.9409088
vn 0.2356373 -0.1213256 0.9642382
vn -0.2864477 0.200501 -0.9368815
vn 0.2691163 -0.1251586 0.9549407
vn -0.3326533 0.2000754 -0.9215811
vn 0.3040505 -0.129515 0.9438109
vn -0.3696102 0.1984331 -0.9077514
vn 0.3391682 -0.1324546 0.9313542
vn -0.3999645 0.2026014 -0.8938574
vn 0.3743595 -0.1357152 0.9172984
vn -0.433691 0.2042252 -0.8776128
vn 0.4101519 -0.1393033 0.9013158
vn -0.4750264 0.1975152 -0.8575183
vn 0.4461716 -0.1419474 0.8836187
vn -0.5055864 0.1934946 -0.8407986
vn 0.4809377 -0.1458564 0.8645374
vn -0.5306692 0.1867074 -0.826759
vn 0.5151927 -0.1496003 0.8439172
vn -0.5411348 0.1861229 -0.82008
vn 0.5464473 -0.1523674 0.8235166
vn -0.5703611 0.1886911 -0.7994272
vn 0.5800912 -0.1539997 0.7998614
vn -0.6068314 0.1810649 -0.7739323
vn 0.6114672 -0.1554189 0.7758562
vn -0.6228889 0.172057 -0.7631551
vn 0.6429253 -0.1555462 0.7499683
vn -0.6503826 0.1716331 -0.7399626
vn 0.6693522 -0.1559058 0.7264028
vn -0.6851421 0.1693916 -0.7084397
vn 0.6943784 -0.1543117 0.7028701
vn -0.6999128 0.1623083 -0.6955415
vn 0.7188359 -0.1522236 0.6783089
vn -0.7284381 0.1628079 -0.6654859
vn 0.7420371 -0.1494008 0.6534987
vn -0.7613845 0.1666042 -0.6265274
vn 0.7616932 -0.1474028 0.6309484
vn -0.789269 0.1621314 -0.5922566
vn 0.7792753 -0.1459043 0.6094604
vn -0.8020481 0.1552812 -0.5767204
vn 0.7945635 -0.1422062 0.5902933
vn -0.8029875 0.1505772 -0.5766608
vn 0.7514718 -0.1014871 0.6519129
vn -0.8217975 0.1427391 -0.5516108
vn 0.8329561 -0.07953237 0.5475937
vn -0.8353145 0.1430396 -0.5308384
vn 0.843056 -0.06858476 0.5334349
vn -0.8576939 0.1390411 -0.4950038
vn 0.538778 0.1076885 0.8355365
vn 0.778608 0.1303434 -0.6138242
vn -0.4510014 0.1322145 0.882676
vn 0.7518128 0.1301432 -0.6464057
vn -0.7706976 -0.0606807 0.6343052
vn 0.7376601 0.1318246 -0.6621781
vn -0.6481284 -0.08046749 0.7572678
vn 0.7162619 0.1373103 -0.6841891
vn -0.7285167 -0.147686 0.6689187
vn 0.6809061 0.13845 -0.7191651
vn -0.7082083 -0.1515577 0.6895442
vn 0.6833456 0.1443832 -0.7156761
vn -0.6840314 -0.155482 0.7126895
vn 0.6598685 0.1568229 -0.7348334
vn -0.6555653 -0.1598708 0.7380212
vn 0.6124499 0.1654405 -0.7730035
vn -0.6307562 -0.1611647 0.7590603
vn 0.5931833 0.1653886 -0.7878961
vn -0.6042207 -0.1609532 0.7803918
vn 0.5725425 0.1635299 -0.8034009
vn -0.5700071 -0.1599311 0.8059242
vn 0.5424089 0.1674187 -0.8232639
vn -0.5353799 -0.1575196 0.8297927
vn 0.4921325 0.1755099 -0.8526441
vn -0.5045781 -0.1544882 0.8494319
vn 0.46892 0.1812384 -0.8644459
vn -0.4746169 -0.1507513 0.8671868
vn 0.4552173 0.1862508 -0.8706824
vn -0.4408469 -0.1467212 0.8855094
vn 0.425525 0.1927633 -0.8841779
vn -0.4073483 -0.1429378 0.9020178
vn 0.397842 0.1949534 -0.8965015
vn -0.3733946 -0.1382385 0.9173149
vn 0.3704745 0.1951778 -0.9081048
vn -0.3419359 -0.1324844 0.9303374
vn 0.3235444 0.1996934 -0.9249009
vn -0.3116888 -0.1276154 0.9415755
vn 0.2943149 0.2078356 -0.9328361
vn -0.2802227 -0.1230856 0.9520112
vn 0.2600171 0.2122178 -0.9419951
vn -0.2509609 -0.1178927 0.9607912
vn 0.2391739 0.2156534 -0.9467257
vn -0.2218946 -0.113002 0.9685006
vn 0.2104888 0.2165225 -0.9533165
vn -0.1910268 -0.1091103 0.9755018
vn 0.1700717 0.2151841 -0.9616504
vn -0.1613513 -0.1064936 0.9811344
vn 0.1333411 0.2187308 -0.9666318
vn -0.1348879 -0.1043206 0.985354
vn 0.1023543 0.2254994 -0.9688517
vn -0.1068595 -0.1033097 0.9888924
vn 0.09143516 0.2269852 -0.9695964
vn -0.08074514 -0.1038559 0.9913093
vn 0.06995196 0.2214565 -0.972658
vn -0.05606639 -0.1000863 0.9933978
vn 0.01080436 0.2269778 -0.97384
vn -0.02873131 -0.1060247 0.9939483
vn -0.02156359 0.2285018 -0.9733047
vn -0.00229251 -0.1076647 0.9941846
vn -0.03579194 0.2272675 -0.9731744
vn 0.02633869 -0.1094765 0.9936404
vn -0.07795376 0.2210644 -0.9721387
vn 0.05279873 -0.1120669 0.992297
vn -0.1045742 0.215503 -0.9708875
vn 0.08507572 -0.1151394 0.9896995
vn -0.1082999 0.2139136 -0.9708306
vn 0.1151561 -0.11822 0.9862875
vn -0.1467274 0.2079847 -0.9670643
vn 0.1401287 -0.1235605 0.9823934
vn -0.1912047 0.205775 -0.9597383
vn 0.1705097 -0.1288728 0.9768921
vn -0.2198527 0.2110981 -0.9524193
vn 0.2005936 -0.1339457 0.9704745
vn -0.2517933 0.2117499 -0.9443316
vn 0.2310284 -0.1388418 0.9629896
vn -0.2754051 0.2096189 -0.9381962
vn 0.2645282 -0.1439484 0.9535742
vn -0.3069658 0.208901 -0.9285109
vn 0.2986342 -0.1498508 0.9425298
vn -0.3504198 0.2080687 -0.9131886
vn 0.3310605 -0.155645 0.9306845
vn -0.3915366 0.2048164 -0.8970782
vn 0.3652578 -0.1610395 0.9168713
vn -0.4239711 0.203905 -0.8824235
vn 0.4034012 -0.1667556 0.8996999
vn -0.4541618 0.2032664 -0.8674214
vn 0.4401615 -0.1729539 0.8811043
vn -0.4824668 0.2000342 -0.8527673
vn 0.4755174 -0.1763634 0.8618464
vn -0.5042339 0.1969265 -0.8408141
vn 0.5087264 -0.1790601 0.8421015
vn -0.5313438 0.1924041 -0.8250178
vn 0.5373659 -0.1810477 0.8236865
vn -0.5590193 0.1902343 -0.8070368
vn 0.5679405 -0.182221 0.802645
vn -0.5799193 0.1868119 -0.7929659
vn 0.5990631 -0.1813922 0.7798848
vn -0.6055063 0.1824026 -0.7746558
vn 0.6282726 -0.1806638 0.7567259
vn -0.6368236 0.184933 -0.7485023
vn 0.6540577 -0.1792269 0.7349056
vn -0.6637684 0.1856255 -0.7245376
vn 0.6747916 -0.1761299 0.716683
vn -0.6759861 0.1791043 -0.7148178
vn 0.7000384 -0.1720931 0.6930586
vn -0.7093346 0.1757763 -0.6826032
vn 0.7202137 -0.1681331 0.6730703
vn -0.7422431 0.176065 -0.6465883
vn 0.6763046 -0.1392137 0.7233476
vn -0.7591895 0.1702193 -0.628217
vn 0.7666801 -0.09649846 0.6347358
vn -0.7774954 0.1669879 -0.6063134
vn 0.7793294 -0.09693682 0.6190711
vn -0.7936351 0.17435 -0.582877
vn 0.7892891 -0.08848894 0.607612
vn -0.7942753 0.1661942 -0.5843853
vn 0.4417807 0.1363724 0.8866975
vn 0.7113248 0.1328197 -0.6901998
vn -0.3227399 0.162762 0.932388
vn 0.6887895 0.1337031 -0.7125254
vn -0.7152689 -0.06589925 0.6957353
vn 0.6709557 0.131692 -0.7297094
vn -0.6956518 -0.06996392 0.714964
vn 0.656359 0.1397149 -0.741399
vn -0.5431929 -0.1050432 0.833011
vn 0.6299638 0.1533189 -0.7613403
vn -0.6472563 -0.1622782 0.7447987
vn 0.6011621 0.163881 -0.7821426
vn -0.6269299 -0.1677227 0.7608074
vn 0.586409 0.1741138 -0.7910808
vn -0.6046405 -0.1731979 0.7774396
vn 0.5777497 0.1805465 -0.7959952
vn -0.5780858 -0.1776129 0.796411
vn 0.5448723 0.1857878 -0.8176779
vn -0.5468688 -0.1796099 0.8177254
vn 0.4994497 0.1916236 -0.8448849
vn -0.5131562 -0.1829065 0.8385797
vn 0.4685743 0.1847442 -0.863891
vn -0.4835018 -0.1832494 0.8559473
vn 0.4525814 0.1838616 -0.8725623
vn -0.4526721 -0.1831556 0.8726638
vn 0.4200867 0.1882768 -0.8877381
vn -0.4180775 -0.1823522 0.8899207
vn 0.3960807 0.1951511 -0.8972381
vn -0.3866535 -0.1814093 0.9042066
vn 0.3652878 0.2026253 -0.9085746
vn -0.3545495 -0.1786915 0.9178039
vn 0.3243138 0.2083382 -0.922722
vn -0.3225325 -0.1766645 0.929926
vn 0.2795348 0.2113182 -0.9365921
vn -0.2922193 -0.1751463 0.9401764
vn 0.2593293 0.2170784 -0.9410766
vn -0.2638156 -0.1732213 0.9488918
vn 0.2280772 0.2210225 -0.9482246
vn -0.2337765 -0.1715129 0.9570433
vn 0.2177738 0.225634 -0.9495597
vn -0.202166 -0.1712522 0.9642622
vn 0.1848016 0.2258307 -0.9564773
vn -0.1729051 -0.160557 0.971764
vn 0.138594 0.2298105 -0.9633166
vn -0.1485558 -0.1676621 0.9745873
vn 0.09840357 0.2335101 -0.9673623
vn -0.1166839 -0.166762 0.9790686
vn 0.0879729 0.2336817 -0.9683252
vn -0.08500927 -0.1666612 0.9823428
vn 0.05760337 0.2385609 -0.9694176
vn -0.0513027 -0.1626632 0.985347
vn 0.0001350201 0.2389433 -0.9710335
vn -0.0188198 -0.1695359 0.9853443
vn -0.01036128 0.2307421 -0.9729598
vn 0.01234702 -0.1706235 0.9852589
vn -0.04221631 0.2292479 -0.9724521
vn 0.04482811 -0.1733748 0.9838352
vn -0.08357257 0.230583 -0.9694571
vn 0.07528053 -0.1767264 0.9813769
vn -0.09863321 0.2268536 -0.9689215
vn 0.1086538 -0.1787736 0.9778724
vn -0.1211521 0.2262942 -0.9664953
vn 0.1399915 -0.1810109 0.9734666
vn -0.1774581 0.2285983 -0.9572103
vn 0.1703194 -0.1838254 0.9680907
vn -0.2159766 0.2267874 -0.9496955
vn 0.2009923 -0.1875446 0.9614724
vn -0.2361947 0.2219694 -0.9460136
vn 0.2315146 -0.1907664 0.9539441
vn -0.2683981 0.2196471 -0.9379327
vn 0.2615494 -0.1948241 0.945323
vn -0.2915234 0.2220501 -0.9304342
vn 0.2969416 -0.1981539 0.9341096
vn -0.3349965 0.2223443 -0.9156092
vn 0.328469 -0.2012475 0.9228259
vn -0.3631361 0.2209234 -0.9051658
vn 0.3610507 -0.2049064 0.9097559
vn -0.4050215 0.2151334 -0.8886368
vn 0.3972814 -0.2080492 0.8938026
vn -0.428826 0.2074178 -0.8792532
vn 0.4331978 -0.2099916 0.8764948
vn -0.466298 0.1988185 -0.8619962
vn 0.4674857 -0.2107622 0.8585082
vn -0.5016361 0.1953524 -0.8427327
vn 0.4985541 -0.2099248 0.841056
vn -0.5276433 0.2004668 -0.825473
vn 0.5281206 -0.207768 0.8233596
vn -0.5448595 0.2012573 -0.8140169
vn 0.5570608 -0.2056664 0.8046021
vn -0.5616488 0.1959198 -0.8038445
vn 0.5837818 -0.2029564 0.7861345
vn -0.5895541 0.1922839 -0.784508
vn 0.6093066 -0.1987426 0.7676241
vn -0.6305563 0.1907586 -0.7523364
vn 0.6323901 -0.1922988 0.7504025
vn -0.6523967 0.1906962 -0.733494
vn 0.6549377 -0.1855944 0.7325376
vn -0.6504098 0.1840097 -0.7369583
vn 0.5958998 -0.134788 0.7916664
vn -0.6783846 0.1824373 -0.7116958
vn 0.7064583 -0.1147846 0.6983846
vn -0.7204198 0.1890705 -0.6672688
vn 0.7193476 -0.110175 0.6858576
vn -0.7221312 0.1890774 -0.6654143
vn 0.2174115 0.1814623 0.959064
vn 0.5994506 0.1427811 -0.7875739
vn -0.1812976 0.2966453 0.9376208
vn 0.6010423 0.1638156 -0.7822483
vn -0.6360158 -0.108428 0.7640204
vn 0.5794715 0.160525 -0.7990272
vn -0.6188709 -0.08089978 0.7813156
vn 0.5657261 0.1571415 -0.8094816
vn -0.6036375 -0.09740283 0.7912865
vn 0.5668589 0.1637279 -0.807381
vn -0.5824007 -0.09308886 0.8075543
vn 0.5490976 0.1715282 -0.8179669
vn -0.5627131 -0.0967923 0.820966
vn 0.5019954 0.1773287 -0.8464957
vn -0.4392692 -0.1509081 0.8855898
vn 0.4938482 0.1919105 -0.8481064
vn -0.5000276 -0.1868539 0.845611
vn 0.4876715 0.1960844 -0.8507217
vn -0.4776332 -0.1921118 0.8572977
vn 0.4563802 0.1924205 -0.8687299
vn -0.4497208 -0.1977237 0.8710089
vn 0.410684 0.1951471 -0.8906493
vn -0.4187607 -0.2017634 0.8853988
vn 0.384227 0.2009187 -0.9011111
vn -0.3884155 -0.2044407 0.8985197
vn 0.3546231 0.2083032 -0.911511
vn -0.3594141 -0.2076445 0.9097831
vn 0.3267834 0.2159834 -0.9200889
vn -0.3274727 -0.2103678 0.9211444
vn 0.2871214 0.2156206 -0.9333107
vn -0.2959352 -0.2124473 0.9312833
vn 0.2597922 0.2145177 -0.9415361
vn -0.2681368 -0.214067 0.9392966
vn 0.2243934 0.2173173 -0.9499583
vn -0.2384786 -0.2161793 0.9467812
vn 0.2120559 0.2226637 -0.951553
vn -0.2063613 -0.2179033 0.9539042
vn 0.1709741 0.2295633 -0.9581589
vn -0.1733353 -0.2172248 0.9606083
vn 0.1129654 0.2379615 -0.9646829
vn -0.1383636 -0.2198379 0.9656743
vn 0.09913278 0.237038 -0.9664294
vn -0.1035892 -0.2209028 0.969779
vn 0.0771616 0.2398928 -0.967728
vn -0.07066023 -0.2213822 0.9726238
vn 0.0408523 0.2433746 -0.9690716
vn -0.03848573 -0.2221155 0.9742605
vn 0.01924249 0.2338733 -0.9720766
vn -0.009784478 -0.2229834 0.974773
vn -0.02070615 0.2313292 -0.9726552
vn 0.02504295 -0.2247176 0.974102
vn -0.0653591 0.2372323 -0.9692518
vn 0.05797227 -0.2262745 0.9723368
vn -0.08777427 0.2380276 -0.9672841
vn 0.0887942 -0.2279197 0.9696227
vn -0.1007866 0.2383317 -0.9659399
vn 0.1221133 -0.2299126 0.9655198
vn -0.1509222 0.2432345 -0.9581542
vn 0.1536697 -0.2307221 0.9608085
vn -0.1919585 0.244143 -0.9505504
vn 0.1883509 -0.2316686 0.9543865
vn -0.2063497 0.2382991 -0.949017
vn 0.2222554 -0.2327857 0.9467911
vn -0.2444393 0.2328954 -0.9412807
vn 0.252069 -0.2337524 0.9390532
vn -0.2871418 0.2308491 -0.929655
vn 0.2835237 -0.2335095 0.9301009
vn -0.3172358 0.2318628 -0.9195657
vn 0.3150648 -0.232873 0.9200567
vn -0.3460845 0.2292527 -0.909763
vn 0.3464547 -0.2315231 0.909047
vn -0.373893 0.223052 -0.900251
vn 0.3798196 -0.2294973 0.8961406
vn -0.4097513 0.2202323 -0.8852128
vn 0.4139298 -0.2268052 0.8816017
vn -0.428335 0.2180377 -0.87692
vn 0.4472411 -0.2235854 0.8660167
vn -0.4740538 0.2146941 -0.85392
vn 0.4771385 -0.2195825 0.8509537
vn -0.5135614 0.2103269 -0.8318756
vn 0.503683 -0.2141692 0.8369199
vn -0.5367416 0.2060543 -0.8181994
vn 0.5336049 -0.2089605 0.8195128
vn -0.5370479 0.1984601 -0.8198739
vn 0.4908302 -0.1762612 0.8532395
vn -0.5628464 0.1938351 -0.8035122
vn 0.5925537 -0.1258546 0.7956386
vn -0.5878161 0.1911577 -0.786086
vn 0.6098577 -0.1259343 0.7824411
vn -0.6201715 0.1995282 -0.7586671
vn 0.6260818 -0.1113233 0.7717699
vn -0.6467304 0.2033368 -0.7351148
vn 0.6424304 -0.1365838 0.7540743
vn -0.6305942 0.1858475 -0.7535328
vn 0.2956658 0.1667188 0.940631
vn 0.4589659 0.1505624 -0.8756033
vn -0.06723696 0.2695445 0.9606378
vn 0.4630589 0.154078 -0.8728324
vn -0.4998778 -0.1045986 0.8597565
vn 0.4748863 0.172853 -0.862905
vn -0.4792347 -0.1037054 0.8715384
vn 0.4681725 0.1813725 -0.8648229
vn -0.4517234 -0.09618285 0.8869582
vn 0.421459 0.1775356 -0.8892995
vn -0.4266373 -0.09361053 0.8995653
vn 0.3798996 0.1743606 -0.9084463
vn -0.2922589 -0.1276077 0.9477875
vn 0.3515448 0.1847937 -0.9177514
vn -0.3630002 -0.1869954 0.9128326
vn 0.320488 0.1970026 -0.9265406
vn -0.334137 -0.1929989 0.922553
vn 0.3035493 0.2062612 -0.9302226
vn -0.3040982 -0.1976912 0.9319026
vn 0.2708477 0.2136294 -0.9386181
vn -0.2758933 -0.2022754 0.9396636
vn 0.2346448 0.2196681 -0.946936
vn -0.24729 -0.2069864 0.9465752
vn 0.2036659 0.2235931 -0.9531665
vn -0.2170338 -0.2104148 0.9532166
vn 0.1768759 0.2325466 -0.9563666
vn -0.186188 -0.2140906 0.9589052
vn 0.1310166 0.2382693 -0.9623213
vn -0.1521948 -0.2178745 0.964037
vn 0.1065542 0.2360504 -0.9658811
vn -0.119192 -0.2207961 0.9680095
vn 0.07771017 0.2396801 -0.9677368
vn -0.08905448 -0.2226454 0.9708235
vn 0.05181424 0.2467946 -0.9676815
vn -0.05591926 -0.2239849 0.9729871
vn 0.04274667 0.2504743 -0.9671791
vn -0.02585139 -0.2249183 0.9740346
vn 0.01439617 0.253403 -0.9672537
vn 0.005985586 -0.22636 0.9740254
vn -0.03949163 0.2539143 -0.9664202
vn 0.03843554 -0.2271498 0.973101
vn -0.07027322 0.2492307 -0.9658912
vn 0.0685165 -0.2271182 0.9714539
vn -0.08776285 0.2457377 -0.9653552
vn 0.1005318 -0.2272698 0.9686288
vn -0.1221846 0.2469399 -0.9612968
vn 0.1321977 -0.2269305 0.964897
vn -0.164444 0.2446823 -0.9555568
vn 0.1646873 -0.2262112 0.9600554
vn -0.1873454 0.2385718 -0.9528825
vn 0.1999086 -0.2251291 0.9536002
vn -0.2155073 0.2406301 -0.9463899
vn 0.233185 -0.2229477 0.9465299
vn -0.2562925 0.2412777 -0.9360017
vn 0.2623925 -0.221043 0.939303
vn -0.2958497 0.2386628 -0.9249394
vn 0.2955314 -0.2193537 0.9298092
vn -0.3187137 0.2320375 -0.9190104
vn 0.3260107 -0.2135178 0.9209381
vn -0.3448167 0.2252595 -0.9112406
vn 0.3595977 -0.2126766 0.9085474
vn -0.3821599 0.2163402 -0.8984157
vn 0.3917995 -0.207941 0.8962442
vn -0.4098427 0.2029325 -0.8892961
vn 0.3426901 -0.160607 0.9256181
vn -0.4478901 0.2033415 -0.8706588
vn 0.4603613 -0.1265285 0.8786682
vn -0.4828245 0.2066104 -0.8509951
vn 0.4843231 -0.1279394 0.865484
vn -0.5128179 0.2107572 -0.8322256
vn 0.5104088 -0.1364475 0.8490376
vn -0.5221748 0.2082256 -0.8270282
vn 0.5357926 -0.1464983 0.8315433
vn -0.5044366 0.1963191 -0.8408344
vn 0.1185705 0.248945 0.9612323
vn 0.3401802 0.1942882 -0.9200704
vn -0.09812552 0.2274991 0.9688218
vn 0.3077263 0.1832907 -0.9336536
vn -0.3441808 -0.1157533 0.9317407
vn 0.2906133 0.1846191 -0.9388608
vn -0.3171996 -0.1014555 0.9429163
vn 0.2714732 0.1914864 -0.9432048
vn -0.2896541 -0.09186967 0.9527122
vn 0.2449135 0.1965759 -0.9494078
vn -0.2612267 -0.08916003 0.9611509
vn 0.2103378 0.1968885 -0.9575974
vn -0.2262428 -0.06430987 0.9719456
vn 0.1852858 0.2050644 -0.9610504
vn -0.2021005 -0.07998018 0.9760935
vn 0.1479644 0.2114899 -0.9661152
vn -0.1652115 -0.08572542 0.9825255
vn 0.1256106 0.2157354 -0.9683388
vn -0.1341925 -0.09705649 0.9861909
vn 0.09269249 0.2233374 -0.9703239
vn -0.1009933 -0.1091665 0.9888797
vn 0.05447309 0.2313912 -0.9713345
vn -0.07330006 -0.1206068 0.9899905
vn 0.0324981 0.2357221 -0.9712769
vn -0.04206352 -0.1280223 0.9908789
vn 0.02135431 0.2490159 -0.9682639
vn -0.01243912 -0.1357289 0.9906679
vn -0.005703479 0.2548722 -0.9669579
vn 0.01320165 -0.1356047 0.9906751
vn -0.03605927 0.2492269 -0.9677736
vn 0.04514924 -0.130616 0.9904045
vn -0.06364276 0.244806 -0.9674811
vn 0.07576565 -0.1273727 0.9889569
vn -0.08708666 0.2389963 -0.9671074
vn 0.1048988 -0.1213395 0.9870526
vn -0.1226277 0.2317704 -0.9650103
vn 0.1337039 -0.1105359 0.9848375
vn -0.1572909 0.2245782 -0.9616778
vn 0.1721703 -0.1060746 0.9793394
vn -0.1937017 0.2255917 -0.9547711
vn 0.2057543 -0.1051394 0.9729393
vn -0.2263788 0.2237226 -0.9479983
vn 0.2357097 -0.09768016 0.966902
vn -0.2640727 0.2270454 -0.9373986
vn 0.2708029 -0.1206558 0.9550435
vn -0.2926871 0.2288341 -0.928423
vn 0.3012002 -0.1280241 0.9449276
vn -0.3018808 0.2314632 -0.9248204
vn 0.3257675 -0.1213143 0.9376345
vn -0.3321522 0.2492263 -0.909704
vn 0.349586 -0.1592307 0.9232742
vn -0.3429227 0.2513895 -0.9051006
vn 0.3762661 -0.1794238 0.9089724
vn -0.3585491 0.2252092 -0.9059379
vn 0.1549867 0.2050312 0.9664063
vn 0.9653704 -0.2092349 -0.1558226
vn 0.9613388 -0.2076161 -0.1808961
vn -0.03803898 -0.9527407 -0.3013937
vn -0.294396 -0.6838431 -0.6675999
vn 0.3278073 -0.9377147 -0.1150373
vn -0.3348514 -0.03268213 -0.9417039
vn -0.1727948 0.5441501 -0.8210011
vn 0.2423115 0.8678327 -0.4337643
vn 0.03038831 -0.1273669 -0.99139
vn 0.7220557 -0.5611441 -0.4046638
vn 0.3599271 -0.6985354 -0.6184664
vn 0.3694929 -0.9292317 -0.001875862
vn 0.2733594 -0.9555361 0.1105684
vn 0.1202592 -0.9913152 0.05321468
vn 0.176616 -0.9751691 0.1336111
vn 0.1154482 -0.9887937 0.09465023
vn 0.05731862 -0.9973101 0.04568445
vn 0.0421204 -0.9983981 0.03777713
vn 0.07508967 -0.9953222 0.06078792
vn 0.09656707 -0.9928792 0.06975443
vn 0.02534393 -0.9995638 0.01516831
vn 0.0633789 -0.9974898 0.0315755
vn 0.07587898 -0.9968679 0.02228956
vn 0.09305663 -0.9954695 0.01951921
vn 0.05006029 -0.9986209 -0.01582266
vn 0.04209623 -0.9987563 -0.02671606
vn 0.07382611 -0.9968856 -0.02772845
vn 0.05305191 -0.9976069 -0.04433743
vn 0.0300481 -0.9974973 -0.06400346
vn 0.02482845 -0.9983059 -0.05262087
vn -0.01286421 -0.9983621 -0.05574626
vn 0.0218438 -0.9985917 -0.04834814
vn 0.03296065 -0.9982644 -0.04880329
vn -0.007357832 -0.9986435 -0.05154571
vn 0.01963537 -0.9982008 -0.05665329
vn -0.03624688 -0.9973168 -0.06360298
vn -0.01657395 -0.9981647 -0.05824609
vn -0.03684069 -0.9978165 -0.05481726
vn -0.01024765 -0.9984194 -0.05526094
vn -0.05329027 -0.9974639 -0.04718022
vn -0.05078601 -0.9976788 -0.04536263
vn -0.04976658 -0.9981517 -0.03487754
vn -0.07404618 -0.9971243 -0.01613384
vn -0.08589338 -0.9963011 0.002574275
vn -0.09567308 -0.9951088 0.02459917
vn -0.104994 -0.9932042 0.05021501
vn -0.1356674 -0.986552 0.0911564
vn -0.07587911 -0.9929513 0.09105045
vn -0.1459728 -0.9776468 0.151323
vn -0.8817325 -0.3231799 -0.3436603
vn -0.7699626 -0.5964032 -0.2268498
vn 0.9662828 -0.2493365 0.06425698
vn 0.9829535 -0.1697689 0.07057691
vn -0.2630791 -0.8636846 -0.4299283
vn -0.2499687 -0.8613276 -0.4423012
vn -0.08244982 -0.9940905 0.07061213
vn -0.02325513 -0.9991394 0.03434459
vn -0.8776857 -0.4620214 -0.1272956
vn -0.8008874 -0.5955449 -0.06249385
vn 0.9694601 -0.230039 0.08502428
vn -0.1971577 -0.9657387 0.1687527
vn -0.2146874 -0.9523674 0.2165772
vn -0.1722092 -0.9612527 0.2152606
vn -0.4382053 -0.7608715 0.4785924
vn -0.6332788 0.2953087 0.7153676
vn -0.2190919 0.9442654 0.2456862
vn 0.1888061 0.9560989 -0.2241139
vn -0.0255031 0.999248 -0.02920706
vn 0.1128893 0.9700965 -0.2148692
vn 0.06787383 0.9665801 -0.2472164
vn 0.1975226 0.9056404 -0.3752339
vn 0.2938922 0.7891799 -0.5392797
vn 0.2951439 0.6470504 -0.7030049
vn 0.4509223 0.1479749 -0.8802117
vn 0.4156768 -0.4551646 -0.7874249
vn -0.04933955 -0.9986834 -0.01403744
vn 0.2072535 -0.8929448 -0.3996195
vn -0.9575402 -0.2847014 -0.04540701
vn -0.9836402 -0.1610604 0.08069289
vn 0.9639615 -0.1825622 0.1935176
vn -0.9810511 -0.1835545 0.06202027
vn 0.9677984 -0.1900852 0.1650268
vn -0.971959 -0.1841806 0.1461958
vn 0.9584109 -0.1677536 0.2308841
vn -0.9649367 -0.1872123 0.18398
vn 0.9651859 -0.1700079 0.19878
vn -0.9461059 -0.05798607 0.3186241
vn 0.9591008 -0.1417186 0.2450338
vn -0.9863914 -0.1279922 0.1031989
vn 0.9685367 -0.1750053 0.1769455
vn -0.9290538 -0.1687021 0.3292392
vn 0.9577719 -0.1015172 0.2690114
vn -0.9761956 -0.04171355 0.212843
vn 0.9819584 -0.09342958 0.1644037
vn -0.9844306 -0.08116478 0.1559128
vn 0.9781042 -0.09862843 0.1832616
vn -0.9913908 -0.05111142 0.1205479
vn 0.9901191 -0.09260914 0.1052972
vn -0.995468 -0.08308615 0.04626318
vn 0.9845101 -0.102064 0.142559
vn -0.9838231 -0.0419527 0.1741615
vn 0.9923443 -0.1043585 0.06604625
vn -0.9986254 -0.01216785 0.05098226
vn 0.9777859 -0.0560339 0.201977
vn -0.9955142 -0.04335584 -0.08409324
vn 0.9866121 -0.02376814 0.1613429
vn -0.9997817 -0.02040227 0.004522201
vn 0.9927011 -0.02892164 0.1170811
vn -0.9979615 0.003076684 -0.06374452
vn 0.995763 -0.03224277 0.08611909
vn -0.9985613 -0.00412404 -0.05346157
vn 0.9963559 -0.0091294 0.08480322
vn -0.9994638 0.03200761 -0.006908193
vn 0.9914179 0.01359251 0.1300225
vn -0.9968756 0.03761296 -0.0694562
vn 0.9964172 0.08419409 -0.008001521
vn -0.9986455 0.04137369 -0.03155062
vn 0.9987661 0.04444981 -0.02214707
vn -0.9977864 0.04945621 -0.04445758
vn 0.9962169 0.07652021 0.04118946
vn -0.9941052 0.07773984 0.07557275
vn 0.9920396 0.1258697 0.003781086
vn -0.9892382 0.1461454 -0.007014297
vn 0.9918247 0.1235876 0.03177815
vn -0.9807355 0.1860766 -0.05944273
vn 0.9735332 0.2285447 -0.0005323669
vn -0.9750405 0.2202511 -0.02802625
vn 0.9493155 0.3139536 0.01527548
vn -0.9596928 0.2809632 0.00703172
vn 0.9014236 0.4329372 -0.0007908201
vn -0.9251778 0.3795218 0.003016799
vn 0.8855698 0.4640308 0.02101899
vn -0.860037 0.5090774 -0.03429806
vn 0.849384 0.5270715 0.02725176
vn -0.8026178 0.5942777 -0.05136608
vn 0.71255 0.7008853 0.0321282
vn -0.7501196 0.6543174 -0.09586061
vn 0.5467039 0.8371236 -0.01840869
vn -0.612945 0.7817313 -0.114868
vn 0.4388868 0.8983005 -0.02084506
vn -0.4338747 0.8923866 -0.124092
vn 0.1386632 0.9874679 -0.07536246
vn 0.0177683 0.9930438 -0.1163972
vn -0.01333262 0.9903338 -0.138062
vn 0.02172608 0.9886704 -0.1485216
vn 0.01341269 0.9889001 -0.1479761
vn -0.008928341 0.9872829 -0.1587224
vn -0.01169013 0.9844294 -0.1753912
vn -0.02224614 0.9800575 -0.1974646
vn 0.02052842 0.9785023 -0.205212
vn 0.01072026 0.9816296 -0.1904952
vn 0.002900807 0.9834573 -0.1811171
vn 0.02103486 0.9862298 -0.1640377
vn -0.007297871 0.9889947 -0.147771
vn 0.002399453 0.9895899 -0.1438965
vn -0.005126897 0.9918281 -0.1274787
vn -0.0340056 0.9925198 -0.1172524
vn -0.1452789 0.979922 -0.136554
f 1//1 4896//4896 4895//4895
f 2//2 4895//4895 4896//4896
f 4897//4897 1//1 4895//4895
f 4897//4897 4895//4895 2//2
f 3//3 1//1 4897//4897
f 4//4 4897//4897 2//2
f 4898//4898 3//3 4897//4897
f 4898//4898 4897//4897 4//4
f 5//5 3//3 4898//4898
f 6//6 4898//4898 4//4
f 4899//4899 5//5 4898//4898
f 4899//4899 4898//4898 6//6
f 4900//4900 5//5 4899//4899
f 4900//4900 4899//4899 6//6
f 7//7 5//5 4900//4900
f 8//8 4900//4900 6//6
f 4901//4901 7//7 4900//4900
f 4901//4901 4900//4900 8//8
f 9//9 7//7 4901//4901
f 10//10 4901//4901 8//8
f 4902//4902 9//9 4901//4901
f 4902//4902 4901//4901 10//10
f 11//11 9//9 4902//4902
f 12//12 4902//4902 10//10
f 4903//4903 11//11 4902//4902
f 4903//4903 4902//4902 12//12
f 13//13 11//11 4903//4903
f 14//14 4903//4903 12//12
f 15//15 13//13 4903//4903
f 16//16 4903//4903 14//14
f 4904//4904 15//15 4903//4903
f 4904//4904 4903//4903 16//16
f 4905//4905 15//15 4904//4904
f 4905//4905 4904//4904 16//16
f 17//17 15//15 4905//4905
f 18//18 4905//4905 16//16
f 4906//4906 17//17 4905//4905
f 4906//4906 4905//4905 18//18
f 19//19 17//17 4906//4906
f 20//20 4906//4906 18//18
f 4907//4907 19//19 4906//4906
f 4907//4907 4906//4906 20//20
f 21//21 19//19 4907//4907
f 22//22 4907//4907 20//20
f 4908//4908 21//21 4907//4907
f 4908//4908 4907//4907 22//22
f 23//23 21//21 4908//4908
f 24//24 4908//4908 22//22
f 4909//4909 23//23 4908//4908
f 4909//4909 4908//4908 24//24
f 25//25 23//23 4909//4909
f 26//26 4909//4909 24//24
f 4910//4910 25//25 4909//4909
f 4910//4910 4909//4909 26//26
f 27//27 25//25 4910//4910
f 28//28 4910//4910 26//26
f 4911//4911 27//27 4910//4910
f 4911//4911 4910//4910 28//28
f 29//29 27//27 4911//4911
f 30//30 4911//4911 28//28
f 4912//4912 29//29 4911//4911
f 4912//4912 4911//4911 30//30
f 31//31 29//29 4912//4912
f 32//32 4912//4912 30//30
f 4913//4913 31//31 4912//4912
f 4913//4913 4912//4912 32//32
f 33//33 31//31 4913//4913
f 34//34 4913//4913 32//32
f 4914//4914 33//33 4913//4913
f 4914//4914 4913//4913 34//34
f 35//35 33//33 4914//4914
f 36//36 4914//4914 34//34
f 4915//4915 35//35 4914//4914
f 4915//4915 4914//4914 36//36
f 37//37 35//35 4915//4915
f 38//38 4915//4915 36//36
f 4916//4916 37//37 4915//4915
f 4916//4916 4915//4915 38//38
f 39//39 37//37 4916//4916
f 40//40 4916//4916 38//38
f 4917//4917 39//39 4916//4916
f 4917//4917 4916//4916 40//40
f 41//41 39//39 4917//4917
f 42//42 4917//4917 40//40
f 4918//4918 41//41 4917//4917
f 4918//4918 4917//4917 42//42
f 43//43 41//41 4918//4918
f 44//44 4918//4918 42//42
f 4919//4919 43//43 4918//4918
f 4919//4919 4918//4918 44//44
f 45//45 43//43 4919//4919
f 46//46 4919//4919 44//44
f 4920//4920 45//45 4919//4919
f 4920//4920 4919//4919 46//46
f 47//47 45//45 4920//4920
f 48//48 4920//4920 46//46
f 4921//4921 47//47 4920//4920
f 4921//4921 4920//4920 48//48
f 49//49 47//47 4921//4921
f 50//50 4921//4921 48//48
f 4922//4922 49//49 4921//4921
f 4922//4922 4921//4921 50//50
f 51//51 49//49 4922//4922
f 52//52 4922//4922 50//50
f 4923//4923 51//51 4922//4922
f 4923//4923 4922//4922 52//52
f 53//53 51//51 4923//4923
f 54//54 4923//4923 52//52
f 4924//4924 53//53 4923//4923
f 4924//4924 4923//4923 54//54
f 55//55 53//53 4924//4924
f 56//56 4924//4924 54//54
f 4925//4925 55//55 4924//4924
f 4925//4925 4924//4924 56//56
f 57//57 55//55 4925//4925
f 58//58 4925//4925 56//56
f 4926//4926 57//57 4925//4925
f 4926//4926 4925//4925 58//58
f 59//59 57//57 4926//4926
f 60//60 4926//4926 58//58
f 4927//4927 59//59 4926//4926
f 4927//4927 4926//4926 60//60
f 61//61 59//59 4927//4927
f 62//62 4927//4927 60//60
f 4928//4928 61//61 4927//4927
f 4928//4928 4927//4927 62//62
f 63//63 61//61 4928//4928
f 64//64 4928//4928 62//62
f 4929//4929 63//63 4928//4928
f 4929//4929 4928//4928 64//64
f 65//65 63//63 4929//4929
f 66//66 4929//4929 64//64
f 4930//4930 65//65 4929//4929
f 4930//4930 4929//4929 66//66
f 67//67 65//65 4930//4930
f 68//68 4930//4930 66//66
f 4931//4931 67//67 4930//4930
f 4931//4931 4930//4930 68//68
f 69//69 67//67 4931//4931
f 70//70 4931//4931 68//68
f 4932//4932 69//69 4931//4931
f 4932//4932 4931//4931 70//70
f 71//71 69//69 4932//4932
f 72//72 4932//4932 70//70
f 4933//4933 71//71 4932//4932
f 4933//4933 4932//4932 72//72
f 73//73 71//71 4933//4933
f 74//74 4933//4933 72//72
f 4934//4934 73//73 4933//4933
f 4934//4934 4933//4933 74//74
f 75//75 73//73 4934//4934
f 76//76 4934//4934 74//74
f 4935//4935 75//75 4934//4934
f 4935//4935 4934//4934 76//76
f 77//77 75//75 4935//4935
f 78//78 4935//4935 76//76
f 4936//4936 77//77 4935//4935
f 4936//4936 4935//4935 78//78
f 79//79 77//77 4936//4936
f 80//80 4936//4936 78//78
f 4937//4937 79//79 4936//4936
f 4937//4937 4936//4936 80//80
f 81//81 79//79 4937//4937
f 82//82 4937//4937 80//80
f 4938//4938 81//81 4937//4937
f 4938//4938 4937//4937 82//82
f 83//83 81//81 4938//4938
f 84//84 4938//4938 82//82
f 4939//4939 83//83 4938//4938
f 4939//4939 4938//4938 84//84
f 85//85 83//83 4939//4939
f 86//86 4939//4939 84//84
f 4940//4940 85//85 4939//4939
f 4940//4940 4939//4939 86//86
f 87//87 85//85 4940//4940
f 88//88 4940//4940 86//86
f 4941//4941 87//87 4940//4940
f 4941//4941 4940//4940 88//88
f 89//89 87//87 4941//4941
f 90//90 4941//4941 88//88
f 4942//4942 89//89 4941//4941
f 4942//4942 4941//4941 90//90
f 91//91 89//89 4942//4942
f 92//92 4942//4942 90//90
f 4943//4943 91//91 4942//4942
f 4943//4943 4942//4942 92//92
f 93//93 91//91 4943//4943
f 94//94 4943//4943 92//92
f 4944//4944 93//93 4943//4943
f 4944//4944 4943//4943 94//94
f 4945//4945 93//93 4944//4944
f 4945//4945 4944//4944 94//94
f 95//95 4947//4947 4946//4946
f 96//96 4946//4946 4947//4947
f 4948//4948 95//95 4946//4946
f 4948//4948 4946//4946 96//96
f 97//97 95//95 4948//4948
f 98//98 4948//4948 96//96
f 4949//4949 97//97 4948//4948
f 4949//4949 4948//4948 98//98
f 99//99 97//97 4949//4949
f 100//100 4949//4949 98//98
f 4896//4896 99//99 4949//4949
f 4896//4896 4949//4949 100//100
f 101//101 99//99 4896//4896
f 102//102 4896//4896 100//100
f 1//1 101//101 4896//4896
f 2//2 4896//4896 102//102
f 103//103 101//101 1//1
f 104//104 2//2 102//102
f 3//3 103//103 1//1
f 4//4 2//2 104//104
f 105//105 103//103 3//3
f 106//106 4//4 104//104
f 5//5 105//105 3//3
f 6//6 4//4 106//106
f 107//107 105//105 5//5
f 108//108 6//6 106//106
f 7//7 107//107 5//5
f 8//8 6//6 108//108
f 109//109 107//107 7//7
f 110//110 8//8 108//108
f 9//9 109//109 7//7
f 10//10 8//8 110//110
f 111//111 109//109 9//9
f 112//112 10//10 110//110
f 11//11 111//111 9//9
f 12//12 10//10 112//112
f 113//113 111//111 11//11
f 114//114 12//12 112//112
f 13//13 113//113 11//11
f 14//14 12//12 114//114
f 115//115 113//113 13//13
f 116//116 14//14 114//114
f 15//15 115//115 13//13
f 16//16 14//14 116//116
f 117//117 115//115 15//15
f 118//118 16//16 116//116
f 17//17 117//117 15//15
f 18//18 16//16 118//118
f 119//119 117//117 17//17
f 120//120 18//18 118//118
f 19//19 119//119 17//17
f 20//20 18//18 120//120
f 121//121 119//119 19//19
f 122//122 20//20 120//120
f 21//21 121//121 19//19
f 22//22 20//20 122//122
f 123//123 121//121 21//21
f 124//124 22//22 122//122
f 23//23 123//123 21//21
f 24//24 22//22 124//124
f 125//125 123//123 23//23
f 126//126 24//24 124//124
f 25//25 125//125 23//23
f 26//26 24//24 126//126
f 127//127 125//125 25//25
f 128//128 26//26 126//126
f 27//27 127//127 25//25
f 28//28 26//26 128//128
f 129//129 127//127 27//27
f 130//130 28//28 128//128
f 29//29 129//129 27//27
f 30//30 28//28 130//130
f 131//131 129//129 29//29
f 132//132 30//30 130//130
f 31//31 131//131 29//29
f 32//32 30//30 132//132
f 133//133 131//131 31//31
f 134//134 32//32 132//132
f 33//33 133//133 31//31
f 34//34 32//32 134//134
f 135//135 133//133 33//33
f 136//136 34//34 134//134
f 35//35 135//135 33//33
f 36//36 34//34 136//136
f 137//137 135//135 35//35
f 138//138 36//36 136//136
f 37//37 137//137 35//35
f 38//38 36//36 138//138
f 139//139 137//137 37//37
f 140//140 38//38 138//138
f 39//39 139//139 37//37
f 40//40 38//38 140//140
f 141//141 139//139 39//39
f 142//142 40//40 140//140
f 41//41 141//141 39//39
f 42//42 40//40 142//142
f 143//143 141//141 41//41
f 144//144 42//42 142//142
f 43//43 143//143 41//41
f 44//44 42//42 144//144
f 145//145 143//143 43//43
f 146//146 44//44 144//144
f 45//45 145//145 43//43
f 46//46 44//44 146//146
f 147//147 145//145 45//45
f 148//148 46//46 146//146
f 47//47 147//147 45//45
f 48//48 46//46 148//148
f 149//149 147//147 47//47
f 150//150 48//48 148//148
f 49//49 149//149 47//47
f 50//50 48//48 150//150
f 151//151 149//149 49//49
f 152//152 50//50 150//150
f 51//51 151//151 49//49
f 52//52 50//50 152//152
f 153//153 151//151 51//51
f 154//154 52//52 152//152
f 53//53 153//153 51//51
f 54//54 52//52 154//154
f 155//155 153//153 53//53
f 156//156 54//54 154//154
f 55//55 155//155 53//53
f 56//56 54//54 156//156
f 157//157 155//155 55//55
f 158//158 56//56 156//156
f 57//57 157//157 55//55
f 58//58 56//56 158//158
f 159//159 157//157 57//57
f 160//160 58//58 158//158
f 59//59 159//159 57//57
f 60//60 58//58 160//160
f 161//161 159//159 59//59
f 162//162 60//60 160//160
f 61//61 161//161 59//59
f 62//62 60//60 162//162
f 163//163 161//161 61//61
f 164//164 62//62 162//162
f 63//63 163//163 61//61
f 64//64 62//62 164//164
f 165//165 163//163 63//63
f 166//166 64//64 164//164
f 65//65 165//165 63//63
f 66//66 64//64 166//166
f 167//167 165//165 65//65
f 168//168 66//66 166//166
f 67//67 167//167 65//65
f 68//68 66//66 168//168
f 169//169 167//167 67//67
f 170//170 68//68 168//168
f 69//69 169//169 67//67
f 70//70 68//68 170//170
f 171//171 169//169 69//69
f 172//172 70//70 170//170
f 71//71 171//171 69//69
f 72//72 70//70 172//172
f 173//173 171//171 71//71
f 174//174 72//72 172//172
f 73//73 173//173 71//71
f 74//74 72//72 174//174
f 175//175 173//173 73//73
f 176//176 74//74 174//174
f 75//75 175//175 73//73
f 76//76 74//74 176//176
f 177//177 175//175 75//75
f 178//178 76//76 176//176
f 77//77 177//177 75//75
f 78//78 76//76 178//178
f 179//179 177//177 77//77
f 180//180 78//78 178//178
f 79//79 179//179 77//77
f 80//80 78//78 180//180
f 181//181 179//179 79//79
f 182//182 80//80 180//180
f 81//81 181//181 79//79
f 82//82 80//80 182//182
f 183//183 181//181 81//81
f 184//184 82//82 182//182
f 83//83 183//183 81//81
f 84//84 82//82 184//184
f 185//185 183//183 83//83
f 186//186 84//84 184//184
f 85//85 185//185 83//83
f 86//86 84//84 186//186
f 187//187 185//185 85//85
f 188//188 86//86 186//186
f 87//87 187//187 85//85
f 88//88 86//86 188//188
f 189//189 187//187 87//87
f 190//190 88//88 188//188
f 89//89 189//189 87//87
f 90//90 88//88 190//190
f 191//191 189//189 89//89
f 192//192 90//90 190//190
f 91//91 191//191 89//89
f 92//92 90//90 192//192
f 193//193 191//191 91//91
f 194//194 92//92 192//192
f 93//93 193//193 91//91
f 94//94 92//92 194//194
f 195//195 193//193 93//93
f 196//196 94//94 194//194
f 4945//4945 195//195 93//93
f 4945//4945 94//94 196//196
f 197//197 195//195 4945//4945
f 198//198 4945//4945 196//196
f 4950//4950 197//197 4945//4945
f 4950//4950 4945//4945 198//198
f 199//199 197//197 4950//4950
f 200//200 4950//4950 198//198
f 4951//4951 199//199 4950//4950
f 4951//4951 4950//4950 200//200
f 201//201 199//199 4951//4951
f 202//202 4951//4951 200//200
f 4952//4952 201//201 4951//4951
f 4952//4952 4951//4951 202//202
f 4953//4953 201//201 4952//4952
f 4953//4953 4952//4952 202//202
f 203//203 4954//4954 4947//4947
f 204//204 4947//4947 4954//4954
f 95//95 203//203 4947//4947
f 96//96 4947//4947 204//204
f 205//205 203//203 95//95
f 206//206 96//96 204//204
f 97//97 205//205 95//95
f 98//98 96//96 206//206
f 207//207 205//205 97//97
f 208//208 98//98 206//206
f 99//99 207//207 97//97
f 100//100 98//98 208//208
f 209//209 207//207 99//99
f 210//210 100//100 208//208
f 101//101 209//209 99//99
f 102//102 100//100 210//210
f 211//211 209//209 101//101
f 212//212 102//102 210//210
f 103//103 211//211 101//101
f 104//104 102//102 212//212
f 213//213 211//211 103//103
f 214//214 104//104 212//212
f 105//105 213//213 103//103
f 106//106 104//104 214//214
f 215//215 213//213 105//105
f 216//216 106//106 214//214
f 107//107 215//215 105//105
f 108//108 106//106 216//216
f 217//217 215//215 107//107
f 218//218 108//108 216//216
f 109//109 217//217 107//107
f 110//110 108//108 218//218
f 219//219 217//217 109//109
f 220//220 110//110 218//218
f 111//111 219//219 109//109
f 112//112 110//110 220//220
f 221//221 219//219 111//111
f 222//222 112//112 220//220
f 113//113 221//221 111//111
f 114//114 112//112 222//222
f 223//223 221//221 113//113
f 224//224 114//114 222//222
f 115//115 223//223 113//113
f 116//116 114//114 224//224
f 225//225 223//223 115//115
f 226//226 116//116 224//224
f 117//117 225//225 115//115
f 118//118 116//116 226//226
f 227//227 225//225 117//117
f 228//228 118//118 226//226
f 119//119 227//227 117//117
f 120//120 118//118 228//228
f 229//229 227//227 119//119
f 230//230 120//120 228//228
f 121//121 229//229 119//119
f 122//122 120//120 230//230
f 231//231 229//229 121//121
f 232//232 122//122 230//230
f 123//123 231//231 121//121
f 124//124 122//122 232//232
f 233//233 231//231 123//123
f 234//234 124//124 232//232
f 125//125 233//233 123//123
f 126//126 124//124 234//234
f 235//235 233//233 125//125
f 236//236 126//126 234//234
f 127//127 235//235 125//125
f 128//128 126//126 236//236
f 237//237 235//235 127//127
f 238//238 128//128 236//236
f 129//129 237//237 127//127
f 130//130 128//128 238//238
f 239//239 237//237 129//129
f 240//240 130//130 238//238
f 131//131 239//239 129//129
f 132//132 130//130 240//240
f 241//241 239//239 131//131
f 242//242 132//132 240//240
f 133//133 241//241 131//131
f 134//134 132//132 242//242
f 243//243 241//241 133//133
f 244//244 134//134 242//242
f 135//135 243//243 133//133
f 136//136 134//134 244//244
f 245//245 243//243 135//135
f 246//246 136//136 244//244
f 137//137 245//245 135//135
f 138//138 136//136 246//246
f 247//247 245//245 137//137
f 248//248 138//138 246//246
f 139//139 247//247 137//137
f 140//140 138//138 248//248
f 249//249 247//247 139//139
f 250//250 140//140 248//248
f 141//141 249//249 139//139
f 142//142 140//140 250//250
f 251//251 249//249 141//141
f 252//252 142//142 250//250
f 143//143 251//251 141//141
f 144//144 142//142 252//252
f 253//253 251//251 143//143
f 254//254 144//144 252//252
f 145//145 253//253 143//143
f 146//146 144//144 254//254
f 255//255 253//253 145//145
f 256//256 146//146 254//254
f 147//147 255//255 145//145
f 148//148 146//146 256//256
f 257//257 255//255 147//147
f 258//258 148//148 256//256
f 149//149 257//257 147//147
f 150//150 148//148 258//258
f 259//259 257//257 149//149
f 260//260 150//150 258//258
f 151//151 259//259 149//149
f 152//152 150//150 260//260
f 261//261 259//259 151//151
f 262//262 152//152 260//260
f 153//153 261//261 151//151
f 154//154 152//152 262//262
f 263//263 261//261 153//153
f 264//264 154//154 262//262
f 155//155 263//263 153//153
f 156//156 154//154 264//264
f 265//265 263//263 155//155
f 266//266 156//156 264//264
f 157//157 265//265 155//155
f 158//158 156//156 266//266
f 267//267 265//265 157//157
f 268//268 158//158 266//266
f 159//159 267//267 157//157
f 160//160 158//158 268//268
f 269//269 267//267 159//159
f 270//270 160//160 268//268
f 161//161 269//269 159//159
f 162//162 160//160 270//270
f 271//271 269//269 161//161
f 272//272 162//162 270//270
f 163//163 271//271 161//161
f 164//164 162//162 272//272
f 273//273 271//271 163//163
f 274//274 164//164 272//272
f 165//165 273//273 163//163
f 166//166 164//164 274//274
f 275//275 273//273 165//165
f 276//276 166//166 274//274
f 167//167 275//275 165//165
f 168//168 166//166 276//276
f 277//277 275//275 167//167
f 278//278 168//168 276//276
f 169//169 277//277 167//167
f 170//170 168//168 278//278
f 279//279 277//277 169//169
f 280//280 170//170 278//278
f 171//171 279//279 169//169
f 172//172 170//170 280//280
f 281//281 279//279 171//171
f 282//282 172//172 280//280
f 173//173 281//281 171//171
f 174//174 172//172 282//282
f 283//283 281//281 173//173
f 284//284 174//174 282//282
f 175//175 283//283 173//173
f 176//176 174//174 284//284
f 285//285 283//283 175//175
f 286//286 176//176 284//284
f 177//177 285//285 175//175
f 178//178 176//176 286//286
f 287//287 285//285 177//177
f 288//288 178//178 286//286
f 179//179 287//287 177//177
f 180//180 178//178 288//288
f 289//289 287//287 179//179
f 290//290 180//180 288//288
f 181//181 289//289 179//179
f 182//182 180//180 290//290
f 291//291 289//289 181//181
f 292//292 182//182 290//290
f 183//183 291//291 181//181
f 184//184 182//182 292//292
f 293//293 291//291 183//183
f 294//294 184//184 292//292
f 185//185 293//293 183//183
f 186//186 184//184 294//294
f 295//295 293//293 185//185
f 296//296 186//186 294//294
f 187//187 295//295 185//185
f 188//188 186//186 296//296
f 297//297 295//295 187//187
f 298//298 188//188 296//296
f 189//189 297//297 187//187
f 190//190 188//188 298//298
f 299//299 297//297 189//189
f 300//300 190//190 298//298
f 191//191 299//299 189//189
f 192//192 190//190 300//300
f 301//301 299//299 191//191
f 302//302 192//192 300//300
f 193//193 301//301 191//191
f 194//194 192//192 302//302
f 303//303 301//301 193//193
f 304//304 194//194 302//302
f 195//195 303//303 193//193
f 196//196 194//194 304//304
f 305//305 303//303 195//195
f 306//306 196//196 304//304
f 197//197 305//305 195//195
f 198//198 196//196 306//306
f 307//307 305//305 197//197
f 308//308 198//198 306//306
f 199//199 307//307 197//197
f 200//200 198//198 308//308
f 309//309 307//307 199//199
f 310//310 200//200 308//308
f 201//201 309//309 199//199
f 202//202 200//200 310//310
f 311//311 309//309 201//201
f 312//312 202//202 310//310
f 4953//4953 311//311 201//201
f 4953//4953 202//202 312//312
f 313//313 311//311 4953//4953
f 314//314 4953//4953 312//312
f 4955//4955 313//313 4953//4953
f 4955//4955 4953//4953 314//314
f 315//315 313//313 4955//4955
f 316//316 4955//4955 314//314
f 4956//4956 315//315 4955//4955
f 4956//4956 4955//4955 316//316
f 317//317 315//315 4956//4956
f 318//318 4956//4956 316//316
f 4957//4957 317//317 4956//4956
f 4957//4957 4956//4956 318//318
f 319//319 317//317 4957//4957
f 320//320 4957//4957 318//318
f 4958//4958 319//319 4957//4957
f 4958//4958 4957//4957 320//320
f 321//321 319//319 4958//4958
f 322//322 4958//4958 320//320
f 4959//4959 321//321 4958//4958
f 4959//4959 4958//4958 322//322
f 323//323 321//321 4959//4959
f 324//324 4959//4959 322//322
f 4960//4960 323//323 4959//4959
f 4960//4960 4959//4959 324//324
f 325//325 323//323 4960//4960
f 326//326 4960//4960 324//324
f 4961//4961 325//325 4960//4960
f 4961//4961 4960//4960 326//326
f 327//327 325//325 4961//4961
f 328//328 4961//4961 326//326
f 4962//4962 327//327 4961//4961
f 4962//4962 4961//4961 328//328
f 329//329 327//327 4962//4962
f 330//330 4962//4962 328//328
f 4963//4963 329//329 4962//4962
f 4963//4963 4962//4962 330//330
f 331//331 329//329 4963//4963
f 332//332 4963//4963 330//330
f 4964//4964 331//331 4963//4963
f 4964//4964 4963//4963 332//332
f 333//333 331//331 4964//4964
f 334//334 4964//4964 332//332
f 4965//4965 333//333 4964//4964
f 4965//4965 4964//4964 334//334
f 335//335 333//333 4965//4965
f 336//336 4965//4965 334//334
f 4966//4966 335//335 4965//4965
f 4966//4966 4965//4965 336//336
f 337//337 335//335 4966//4966
f 338//338 4966//4966 336//336
f 4967//4967 337//337 4966//4966
f 4967//4967 4966//4966 338//338
f 339//339 337//337 4967//4967
f 340//340 4967//4967 338//338
f 4968//4968 339//339 4967//4967
f 4968//4968 4967//4967 340//340
f 341//341 339//339 4968//4968
f 342//342 4968//4968 340//340
f 4969//4969 341//341 4968//4968
f 4969//4969 4968//4968 342//342
f 343//343 341//341 4969//4969
f 344//344 4969//4969 342//342
f 4970//4970 343//343 4969//4969
f 4970//4970 4969//4969 344//344
f 4971//4971 343//343 4970//4970
f 4971//4971 4970//4970 344//344
f 345//345 343//343 4971//4971
f 346//346 4971//4971 344//344
f 4972//4972 345//345 4971//4971
f 4972//4972 4971//4971 346//346
f 347//347 345//345 4972//4972
f 348//348 4972//4972 346//346
f 4973//4973 347//347 4972//4972
f 4973//4973 4972//4972 348//348
f 349//349 4974//4974 4954//4954
f 350//350 4954//4954 4974//4974
f 351//351 349//349 4954//4954
f 352//352 4954//4954 350//350
f 203//203 351//351 4954//4954
f 204//204 4954//4954 352//352
f 353//353 351//351 203//203
f 354//354 204//204 352//352
f 205//205 353//353 203//203
f 206//206 204//204 354//354
f 207//207 353//353 205//205
f 208//208 206//206 354//354
f 355//355 353//353 207//207
f 356//356 208//208 354//354
f 209//209 355//355 207//207
f 210//210 208//208 356//356
f 357//357 355//355 209//209
f 358//358 210//210 356//356
f 359//359 357//357 209//209
f 360//360 210//210 358//358
f 211//211 359//359 209//209
f 212//212 210//210 360//360
f 213//213 359//359 211//211
f 214//214 212//212 360//360
f 361//361 359//359 213//213
f 362//362 214//214 360//360
f 215//215 361//361 213//213
f 216//216 214//214 362//362
f 363//363 361//361 215//215
f 364//364 216//216 362//362
f 217//217 363//363 215//215
f 218//218 216//216 364//364
f 365//365 363//363 217//217
f 366//366 218//218 364//364
f 219//219 365//365 217//217
f 220//220 218//218 366//366
f 367//367 365//365 219//219
f 368//368 220//220 366//366
f 221//221 367//367 219//219
f 222//222 220//220 368//368
f 369//369 367//367 221//221
f 370//370 222//222 368//368
f 223//223 369//369 221//221
f 224//224 222//222 370//370
f 371//371 369//369 223//223
f 372//372 224//224 370//370
f 225//225 371//371 223//223
f 226//226 224//224 372//372
f 373//373 371//371 225//225
f 374//374 226//226 372//372
f 227//227 373//373 225//225
f 228//228 226//226 374//374
f 375//375 373//373 227//227
f 376//376 228//228 374//374
f 229//229 375//375 227//227
f 230//230 228//228 376//376
f 377//377 375//375 229//229
f 378//378 230//230 376//376
f 231//231 377//377 229//229
f 232//232 230//230 378//378
f 379//379 377//377 231//231
f 380//380 232//232 378//378
f 233//233 379//379 231//231
f 234//234 232//232 380//380
f 381//381 379//379 233//233
f 382//382 234//234 380//380
f 235//235 381//381 233//233
f 236//236 234//234 382//382
f 383//383 381//381 235//235
f 384//384 236//236 382//382
f 237//237 383//383 235//235
f 238//238 236//236 384//384
f 385//385 383//383 237//237
f 386//386 238//238 384//384
f 239//239 385//385 237//237
f 240//240 238//238 386//386
f 387//387 385//385 239//239
f 388//388 240//240 386//386
f 241//241 387//387 239//239
f 242//242 240//240 388//388
f 389//389 387//387 241//241
f 390//390 242//242 388//388
f 243//243 389//389 241//241
f 244//244 242//242 390//390
f 391//391 389//389 243//243
f 392//392 244//244 390//390
f 245//245 391//391 243//243
f 246//246 244//244 392//392
f 393//393 391//391 245//245
f 394//394 246//246 392//392
f 247//247 393//393 245//245
f 248//248 246//246 394//394
f 395//395 393//393 247//247
f 396//396 248//248 394//394
f 249//249 395//395 247//247
f 250//250 248//248 396//396
f 397//397 395//395 249//249
f 398//398 250//250 396//396
f 251//251 397//397 249//249
f 252//252 250//250 398//398
f 399//399 397//397 251//251
f 400//400 252//252 398//398
f 253//253 399//399 251//251
f 254//254 252//252 400//400
f 401//401 399//399 253//253
f 402//402 254//254 400//400
f 255//255 401//401 253//253
f 256//256 254//254 402//402
f 403//403 401//401 255//255
f 404//404 256//256 402//402
f 257//257 403//403 255//255
f 258//258 256//256 404//404
f 405//405 403//403 257//257
f 406//406 258//258 404//404
f 259//259 405//405 257//257
f 260//260 258//258 406//406
f 407//407 405//405 259//259
f 408//408 260//260 406//406
f 261//261 407//407 259//259
f 262//262 260//260 408//408
f 409//409 407//407 261//261
f 410//410 262//262 408//408
f 263//263 409//409 261//261
f 264//264 262//262 410//410
f 411//411 409//409 263//263
f 412//412 264//264 410//410
f 265//265 411//411 263//263
f 266//266 264//264 412//412
f 413//413 411//411 265//265
f 414//414 266//266 412//412
f 267//267 413//413 265//265
f 268//268 266//266 414//414
f 415//415 413//413 267//267
f 416//416 268//268 414//414
f 269//269 415//415 267//267
f 270//270 268//268 416//416
f 417//417 415//415 269//269
f 418//418 270//270 416//416
f 271//271 417//417 269//269
f 272//272 270//270 418//418
f 419//419 417//417 271//271
f 420//420 272//272 418//418
f 273//273 419//419 271//271
f 274//274 272//272 420//420
f 421//421 419//419 273//273
f 422//422 274//274 420//420
f 275//275 421//421 273//273
f 276//276 274//274 422//422
f 423//423 421//421 275//275
f 424//424 276//276 422//422
f 277//277 423//423 275//275
f 278//278 276//276 424//424
f 425//425 423//423 277//277
f 426//426 278//278 424//424
f 279//279 425//425 277//277
f 280//280 278//278 426//426
f 427//427 425//425 279//279
f 428//428 280//280 426//426
f 281//281 427//427 279//279
f 282//282 280//280 428//428
f 429//429 427//427 281//281
f 430//430 282//282 428//428
f 283//283 429//429 281//281
f 284//284 282//282 430//430
f 431//431 429//429 283//283
f 432//432 284//284 430//430
f 285//285 431//431 283//283
f 286//286 284//284 432//432
f 433//433 431//431 285//285
f 434//434 286//286 432//432
f 287//287 433//433 285//285
f 288//288 286//286 434//434
f 435//435 433//433 287//287
f 436//436 288//288 434//434
f 289//289 435//435 287//287
f 290//290 288//288 436//436
f 437//437 435//435 289//289
f 438//438 290//290 436//436
f 291//291 437//437 289//289
f 292//292 290//290 438//438
f 439//439 437//437 291//291
f 440//440 292//292 438//438
f 293//293 439//439 291//291
f 294//294 292//292 440//440
f 441//441 439//439 293//293
f 442//442 294//294 440//440
f 295//295 441//441 293//293
f 296//296 294//294 442//442
f 443//443 441//441 295//295
f 444//444 296//296 442//442
f 297//297 443//443 295//295
f 298//298 296//296 444//444
f 445//445 443//443 297//297
f 446//446 298//298 444//444
f 299//299 445//445 297//297
f 300//300 298//298 446//446
f 447//447 445//445 299//299
f 448//448 300//300 446//446
f 301//301 447//447 299//299
f 302//302 300//300 448//448
f 449//449 447//447 301//301
f 450//450 302//302 448//448
f 303//303 449//449 301//301
f 304//304 302//302 450//450
f 451//451 449//449 303//303
f 452//452 304//304 450//450
f 305//305 451//451 303//303
f 306//306 304//304 452//452
f 453//453 451//451 305//305
f 454//454 306//306 452//452
f 307//307 453//453 305//305
f 308//308 306//306 454//454
f 455//455 453//453 307//307
f 456//456 308//308 454//454
f 309//309 455//455 307//307
f 310//310 308//308 456//456
f 457//457 455//455 309//309
f 458//458 310//310 456//456
f 311//311 457//457 309//309
f 312//312 310//310 458//458
f 459//459 457//457 311//311
f 460//460 312//312 458//458
f 313//313 459//459 311//311
f 314//314 312//312 460//460
f 461//461 459//459 313//313
f 462//462 314//314 460//460
f 315//315 461//461 313//313
f 316//316 314//314 462//462
f 463//463 461//461 315//315
f 464//464 316//316 462//462
f 317//317 463//463 315//315
f 318//318 316//316 464//464
f 465//465 463//463 317//317
f 466//466 318//318 464//464
f 319//319 465//465 317//317
f 320//320 318//318 466//466
f 467//467 465//465 319//319
f 468//468 320//320 466//466
f 321//321 467//467 319//319
f 322//322 320//320 468//468
f 469//469 467//467 321//321
f 470//470 322//322 468//468
f 323//323 469//469 321//321
f 324//324 322//322 470//470
f 471//471 469//469 323//323
f 472//472 324//324 470//470
f 325//325 471//471 323//323
f 326//326 324//324 472//472
f 473//473 471//471 325//325
f 474//474 326//326 472//472
f 327//327 473//473 325//325
f 328//328 326//326 474//474
f 475//475 473//473 327//327
f 476//476 328//328 474//474
f 329//329 475//475 327//327
f 330//330 328//328 476//476
f 477//477 475//475 329//329
f 478//478 330//330 476//476
f 331//331 477//477 329//329
f 332//332 330//330 478//478
f 479//479 477//477 331//331
f 480//480 332//332 478//478
f 333//333 479//479 331//331
f 334//334 332//332 480//480
f 481//481 479//479 333//333
f 482//482 334//334 480//480
f 335//335 481//481 333//333
f 336//336 334//334 482//482
f 483//483 481//481 335//335
f 484//484 336//336 482//482
f 337//337 483//483 335//335
f 338//338 336//336 484//484
f 485//485 483//483 337//337
f 486//486 338//338 484//484
f 339//339 485//485 337//337
f 340//340 338//338 486//486
f 487//487 485//485 339//339
f 488//488 340//340 486//486
f 341//341 487//487 339//339
f 342//342 340//340 488//488
f 489//489 487//487 341//341
f 490//490 342//342 488//488
f 343//343 489//489 341//341
f 344//344 342//342 490//490
f 491//491 489//489 343//343
f 492//492 344//344 490//490
f 345//345 491//491 343//343
f 346//346 344//344 492//492
f 493//493 491//491 345//345
f 494//494 346//346 492//492
f 347//347 493//493 345//345
f 348//348 346//346 494//494
f 495//495 493//493 347//347
f 496//496 348//348 494//494
f 4973//4973 495//495 347//347
f 4973//4973 348//348 496//496
f 4975//4975 495//495 4973//4973
f 4975//4975 4973//4973 496//496
f 497//497 4976//4976 4974//4974
f 498//498 4974//4974 4976//4976
f 349//349 497//497 4974//4974
f 350//350 4974//4974 498//498
f 499//499 497//497 349//349
f 500//500 350//350 498//498
f 351//351 499//499 349//349
f 352//352 350//350 500//500
f 501//501 499//499 351//351
f 502//502 352//352 500//500
f 353//353 501//501 351//351
f 354//354 352//352 502//502
f 355//355 501//501 353//353
f 356//356 354//354 502//502
f 503//503 501//501 355//355
f 504//504 356//356 502//502
f 357//357 503//503 355//355
f 358//358 356//356 504//504
f 505//505 503//503 357//357
f 506//506 358//358 504//504
f 507//507 505//505 357//357
f 508//508 358//358 506//506
f 359//359 507//507 357//357
f 360//360 358//358 508//508
f 509//509 507//507 359//359
f 510//510 360//360 508//508
f 361//361 509//509 359//359
f 362//362 360//360 510//510
f 511//511 509//509 361//361
f 512//512 362//362 510//510
f 363//363 511//511 361//361
f 364//364 362//362 512//512
f 513//513 511//511 363//363
f 514//514 364//364 512//512
f 365//365 513//513 363//363
f 366//366 364//364 514//514
f 367//367 513//513 365//365
f 368//368 366//366 514//514
f 515//515 513//513 367//367
f 516//516 368//368 514//514
f 369//369 515//515 367//367
f 370//370 368//368 516//516
f 517//517 515//515 369//369
f 518//518 370//370 516//516
f 519//519 517//517 369//369
f 520//520 370//370 518//518
f 371//371 519//519 369//369
f 372//372 370//370 520//520
f 521//521 519//519 371//371
f 522//522 372//372 520//520
f 373//373 521//521 371//371
f 374//374 372//372 522//522
f 523//523 521//521 373//373
f 524//524 374//374 522//522
f 375//375 523//523 373//373
f 376//376 374//374 524//524
f 525//525 523//523 375//375
f 526//526 376//376 524//524
f 377//377 525//525 375//375
f 378//378 376//376 526//526
f 527//527 525//525 377//377
f 528//528 378//378 526//526
f 379//379 527//527 377//377
f 380//380 378//378 528//528
f 529//529 527//527 379//379
f 530//530 380//380 528//528
f 381//381 529//529 379//379
f 382//382 380//380 530//530
f 531//531 529//529 381//381
f 532//532 382//382 530//530
f 383//383 531//531 381//381
f 384//384 382//382 532//532
f 533//533 531//531 383//383
f 534//534 384//384 532//532
f 385//385 533//533 383//383
f 386//386 384//384 534//534
f 535//535 533//533 385//385
f 536//536 386//386 534//534
f 387//387 535//535 385//385
f 388//388 386//386 536//536
f 537//537 535//535 387//387
f 538//538 388//388 536//536
f 389//389 537//537 387//387
f 390//390 388//388 538//538
f 539//539 537//537 389//389
f 540//540 390//390 538//538
f 391//391 539//539 389//389
f 392//392 390//390 540//540
f 541//541 539//539 391//391
f 542//542 392//392 540//540
f 393//393 541//541 391//391
f 394//394 392//392 542//542
f 543//543 541//541 393//393
f 544//544 394//394 542//542
f 395//395 543//543 393//393
f 396//396 394//394 544//544
f 545//545 543//543 395//395
f 546//546 396//396 544//544
f 397//397 545//545 395//395
f 398//398 396//396 546//546
f 547//547 545//545 397//397
f 548//548 398//398 546//546
f 399//399 547//547 397//397
f 400//400 398//398 548//548
f 549//549 547//547 399//399
f 550//550 400//400 548//548
f 401//401 549//549 399//399
f 402//402 400//400 550//550
f 551//551 549//549 401//401
f 552//552 402//402 550//550
f 403//403 551//551 401//401
f 404//404 402//402 552//552
f 553//553 551//551 403//403
f 554//554 404//404 552//552
f 405//405 553//553 403//403
f 406//406 404//404 554//554
f 555//555 553//553 405//405
f 556//556 406//406 554//554
f 407//407 555//555 405//405
f 408//408 406//406 556//556
f 557//557 555//555 407//407
f 558//558 408//408 556//556
f 409//409 557//557 407//407
f 410//410 408//408 558//558
f 559//559 557//557 409//409
f 560//560 410//410 558//558
f 411//411 559//559 409//409
f 412//412 410//410 560//560
f 561//561 559//559 411//411
f 562//562 412//412 560//560
f 413//413 561//561 411//411
f 414//414 412//412 562//562
f 563//563 561//561 413//413
f 564//564 414//414 562//562
f 415//415 563//563 413//413
f 416//416 414//414 564//564
f 565//565 563//563 415//415
f 566//566 416//416 564//564
f 417//417 565//565 415//415
f 418//418 416//416 566//566
f 567//567 565//565 417//417
f 568//568 418//418 566//566
f 419//419 567//567 417//417
f 420//420 418//418 568//568
f 569//569 567//567 419//419
f 570//570 420//420 568//568
f 421//421 569//569 419//419
f 422//422 420//420 570//570
f 571//571 569//569 421//421
f 572//572 422//422 570//570
f 423//423 571//571 421//421
f 424//424 422//422 572//572
f 573//573 571//571 423//423
f 574//574 424//424 572//572
f 425//425 573//573 423//423
f 426//426 424//424 574//574
f 575//575 573//573 425//425
f 576//576 426//426 574//574
f 427//427 575//575 425//425
f 428//428 426//426 576//576
f 577//577 575//575 427//427
f 578//578 428//428 576//576
f 429//429 577//577 427//427
f 430//430 428//428 578//578
f 579//579 577//577 429//429
f 580//580 430//430 578//578
f 431//431 579//579 429//429
f 432//432 430//430 580//580
f 581//581 579//579 431//431
f 582//582 432//432 580//580
f 433//433 581//581 431//431
f 434//434 432//432 582//582
f 583//583 581//581 433//433
f 584//584 434//434 582//582
f 435//435 583//583 433//433
f 436//436 434//434 584//584
f 585//585 583//583 435//435
f 586//586 436//436 584//584
f 437//437 585//585 435//435
f 438//438 436//436 586//586
f 587//587 585//585 437//437
f 588//588 438//438 586//586
f 439//439 587//587 437//437
f 440//440 438//438 588//588
f 589//589 587//587 439//439
f 590//590 440//440 588//588
f 441//441 589//589 439//439
f 442//442 440//440 590//590
f 591//591 589//589 441//441
f 592//592 442//442 590//590
f 443//443 591//591 441//441
f 444//444 442//442 592//592
f 593//593 591//591 443//443
f 594//594 444//444 592//592
f 445//445 593//593 443//443
f 446//446 444//444 594//594
f 595//595 593//593 445//445
f 596//596 446//446 594//594
f 447//447 595//595 445//445
f 448//448 446//446 596//596
f 597//597 595//595 447//447
f 598//598 448//448 596//596
f 449//449 597//597 447//447
f 450//450 448//448 598//598
f 599//599 597//597 449//449
f 600//600 450//450 598//598
f 451//451 599//599 449//449
f 452//452 450//450 600//600
f 601//601 599//599 451//451
f 602//602 452//452 600//600
f 453//453 601//601 451//451
f 454//454 452//452 602//602
f 603//603 601//601 453//453
f 604//604 454//454 602//602
f 455//455 603//603 453//453
f 456//456 454//454 604//604
f 605//605 603//603 455//455
f 606//606 456//456 604//604
f 457//457 605//605 455//455
f 458//458 456//456 606//606
f 607//607 605//605 457//457
f 608//608 458//458 606//606
f 459//459 607//607 457//457
f 460//460 458//458 608//608
f 609//609 607//607 459//459
f 610//610 460//460 608//608
f 461//461 609//609 459//459
f 462//462 460//460 610//610
f 611//611 609//609 461//461
f 612//612 462//462 610//610
f 463//463 611//611 461//461
f 464//464 462//462 612//612
f 613//613 611//611 463//463
f 614//614 464//464 612//612
f 465//465 613//613 463//463
f 466//466 464//464 614//614
f 615//615 613//613 465//465
f 616//616 466//466 614//614
f 467//467 615//615 465//465
f 468//468 466//466 616//616
f 617//617 615//615 467//467
f 618//618 468//468 616//616
f 469//469 617//617 467//467
f 470//470 468//468 618//618
f 619//619 617//617 469//469
f 620//620 470//470 618//618
f 471//471 619//619 469//469
f 472//472 470//470 620//620
f 621//621 619//619 471//471
f 622//622 472//472 620//620
f 473//473 621//621 471//471
f 474//474 472//472 622//622
f 623//623 621//621 473//473
f 624//624 474//474 622//622
f 475//475 623//623 473//473
f 476//476 474//474 624//624
f 625//625 623//623 475//475
f 626//626 476//476 624//624
f 477//477 625//625 475//475
f 478//478 476//476 626//626
f 627//627 625//625 477//477
f 628//628 478//478 626//626
f 479//479 627//627 477//477
f 480//480 478//478 628//628
f 629//629 627//627 479//479
f 630//630 480//480 628//628
f 481//481 629//629 479//479
f 482//482 480//480 630//630
f 631//631 629//629 481//481
f 632//632 482//482 630//630
f 483//483 631//631 481//481
f 484//484 482//482 632//632
f 633//633 631//631 483//483
f 634//634 484//484 632//632
f 485//485 633//633 483//483
f 486//486 484//484 634//634
f 635//635 633//633 485//485
f 636//636 486//486 634//634
f 487//487 635//635 485//485
f 488//488 486//486 636//636
f 637//637 635//635 487//487
f 638//638 488//488 636//636
f 489//489 637//637 487//487
f 490//490 488//488 638//638
f 639//639 637//637 489//489
f 640//640 490//490 638//638
f 491//491 639//639 489//489
f 492//492 490//490 640//640
f 641//641 639//639 491//491
f 642//642 492//492 640//640
f 493//493 641//641 491//491
f 494//494 492//492 642//642
f 495//495 641//641 493//493
f 496//496 494//494 642//642
f 643//643 641//641 495//495
f 644//644 496//496 642//642
f 4975//4975 643//643 495//495
f 4975//4975 496//496 644//644
f 645//645 643//643 4975//4975
f 646//646 4975//4975 644//644
f 4977//4977 645//645 4975//4975
f 4977//4977 4975//4975 646//646
f 647//647 4978//4978 4976//4976
f 648//648 4976//4976 4978//4978
f 649//649 647//647 4976//4976
f 650//650 4976//4976 648//648
f 497//497 649//649 4976//4976
f 498//498 4976//4976 650//650
f 651//651 649//649 497//497
f 652//652 498//498 650//650
f 499//499 651//651 497//497
f 500//500 498//498 652//652
f 653//653 651//651 499//499
f 654//654 500//500 652//652
f 501//501 653//653 499//499
f 502//502 500//500 654//654
f 503//503 653//653 501//501
f 504//504 502//502 654//654
f 655//655 653//653 503//503
f 656//656 504//504 654//654
f 657//657 655//655 503//503
f 658//658 504//504 656//656
f 505//505 657//657 503//503
f 506//506 504//504 658//658
f 659//659 657//657 505//505
f 660//660 506//506 658//658
f 507//507 659//659 505//505
f 508//508 506//506 660//660
f 661//661 659//659 507//507
f 662//662 508//508 660//660
f 509//509 661//661 507//507
f 510//510 508//508 662//662
f 663//663 661//661 509//509
f 664//664 510//510 662//662
f 511//511 663//663 509//509
f 512//512 510//510 664//664
f 665//665 663//663 511//511
f 666//666 512//512 664//664
f 513//513 665//665 511//511
f 514//514 512//512 666//666
f 515//515 665//665 513//513
f 516//516 514//514 666//666
f 667//667 665//665 515//515
f 668//668 516//516 666//666
f 669//669 667//667 515//515
f 670//670 516//516 668//668
f 517//517 669//669 515//515
f 518//518 516//516 670//670
f 671//671 669//669 517//517
f 672//672 518//518 670//670
f 519//519 671//671 517//517
f 520//520 518//518 672//672
f 673//673 671//671 519//519
f 674//674 520//520 672//672
f 521//521 673//673 519//519
f 522//522 520//520 674//674
f 675//675 673//673 521//521
f 676//676 522//522 674//674
f 523//523 675//675 521//521
f 524//524 522//522 676//676
f 677//677 675//675 523//523
f 678//678 524//524 676//676
f 525//525 677//677 523//523
f 526//526 524//524 678//678
f 679//679 677//677 525//525
f 680//680 526//526 678//678
f 527//527 679//679 525//525
f 528//528 526//526 680//680
f 529//529 679//679 527//527
f 530//530 528//528 680//680
f 681//681 679//679 529//529
f 682//682 530//530 680//680
f 683//683 681//681 529//529
f 684//684 530//530 682//682
f 531//531 683//683 529//529
f 532//532 530//530 684//684
f 685//685 683//683 531//531
f 686//686 532//532 684//684
f 533//533 685//685 531//531
f 534//534 532//532 686//686
f 687//687 685//685 533//533
f 688//688 534//534 686//686
f 535//535 687//687 533//533
f 536//536 534//534 688//688
f 689//689 687//687 535//535
f 690//690 536//536 688//688
f 537//537 689//689 535//535
f 538//538 536//536 690//690
f 691//691 689//689 537//537
f 692//692 538//538 690//690
f 539//539 691//691 537//537
f 540//540 538//538 692//692
f 541//541 691//691 539//539
f 542//542 540//540 692//692
f 693//693 691//691 541//541
f 694//694 542//542 692//692
f 695//695 693//693 541//541
f 696//696 542//542 694//694
f 543//543 695//695 541//541
f 544//544 542//542 696//696
f 697//697 695//695 543//543
f 698//698 544//544 696//696
f 545//545 697//697 543//543
f 546//546 544//544 698//698
f 699//699 697//697 545//545
f 700//700 546//546 698//698
f 547//547 699//699 545//545
f 548//548 546//546 700//700
f 549//549 699//699 547//547
f 550//550 548//548 700//700
f 701//701 699//699 549//549
f 702//702 550//550 700//700
f 703//703 701//701 549//549
f 704//704 550//550 702//702
f 551//551 703//703 549//549
f 552//552 550//550 704//704
f 705//705 703//703 551//551
f 706//706 552//552 704//704
f 553//553 705//705 551//551
f 554//554 552//552 706//706
f 707//707 705//705 553//553
f 708//708 554//554 706//706
f 555//555 707//707 553//553
f 556//556 554//554 708//708
f 709//709 707//707 555//555
f 710//710 556//556 708//708
f 557//557 709//709 555//555
f 558//558 556//556 710//710
f 711//711 709//709 557//557
f 712//712 558//558 710//710
f 559//559 711//711 557//557
f 560//560 558//558 712//712
f 561//561 711//711 559//559
f 562//562 560//560 712//712
f 713//713 711//711 561//561
f 714//714 562//562 712//712
f 563//563 713//713 561//561
f 564//564 562//562 714//714
f 715//715 713//713 563//563
f 716//716 564//564 714//714
f 717//717 715//715 563//563
f 718//718 564//564 716//716
f 565//565 717//717 563//563
f 566//566 564//564 718//718
f 567//567 717//717 565//565
f 568//568 566//566 718//718
f 719//719 717//717 567//567
f 720//720 568//568 718//718
f 569//569 719//719 567//567
f 570//570 568//568 720//720
f 721//721 719//719 569//569
f 722//722 570//570 720//720
f 571//571 721//721 569//569
f 572//572 570//570 722//722
f 723//723 721//721 571//571
f 724//724 572//572 722//722
f 573//573 723//723 571//571
f 574//574 572//572 724//724
f 725//725 723//723 573//573
f 726//726 574//574 724//724
f 575//575 725//725 573//573
f 576//576 574//574 726//726
f 727//727 725//725 575//575
f 728//728 576//576 726//726
f 577//577 727//727 575//575
f 578//578 576//576 728//728
f 729//729 727//727 577//577
f 730//730 578//578 728//728
f 579//579 729//729 577//577
f 580//580 578//578 730//730
f 731//731 729//729 579//579
f 732//732 580//580 730//730
f 581//581 731//731 579//579
f 582//582 580//580 732//732
f 733//733 731//731 581//581
f 734//734 582//582 732//732
f 583//583 733//733 581//581
f 584//584 582//582 734//734
f 735//735 733//733 583//583
f 736//736 584//584 734//734
f 585//585 735//735 583//583
f 586//586 584//584 736//736
f 737//737 735//735 585//585
f 738//738 586//586 736//736
f 587//587 737//737 585//585
f 588//588 586//586 738//738
f 739//739 737//737 587//587
f 740//740 588//588 738//738
f 589//589 739//739 587//587
f 590//590 588//588 740//740
f 741//741 739//739 589//589
f 742//742 590//590 740//740
f 591//591 741//741 589//589
f 592//592 590//590 742//742
f 743//743 741//741 591//591
f 744//744 592//592 742//742
f 593//593 743//743 591//591
f 594//594 592//592 744//744
f 745//745 743//743 593//593
f 746//746 594//594 744//744
f 595//595 745//745 593//593
f 596//596 594//594 746//746
f 747//747 745//745 595//595
f 748//748 596//596 746//746
f 597//597 747//747 595//595
f 598//598 596//596 748//748
f 749//749 747//747 597//597
f 750//750 598//598 748//748
f 599//599 749//749 597//597
f 600//600 598//598 750//750
f 751//751 749//749 599//599
f 752//752 600//600 750//750
f 601//601 751//751 599//599
f 602//602 600//600 752//752
f 753//753 751//751 601//601
f 754//754 602//602 752//752
f 603//603 753//753 601//601
f 604//604 602//602 754//754
f 755//755 753//753 603//603
f 756//756 604//604 754//754
f 605//605 755//755 603//603
f 606//606 604//604 756//756
f 757//757 755//755 605//605
f 758//758 606//606 756//756
f 607//607 757//757 605//605
f 608//608 606//606 758//758
f 759//759 757//757 607//607
f 760//760 608//608 758//758
f 609//609 759//759 607//607
f 610//610 608//608 760//760
f 761//761 759//759 609//609
f 762//762 610//610 760//760
f 611//611 761//761 609//609
f 612//612 610//610 762//762
f 763//763 761//761 611//611
f 764//764 612//612 762//762
f 613//613 763//763 611//611
f 614//614 612//612 764//764
f 765//765 763//763 613//613
f 766//766 614//614 764//764
f 615//615 765//765 613//613
f 616//616 614//614 766//766
f 767//767 765//765 615//615
f 768//768 616//616 766//766
f 617//617 767//767 615//615
f 618//618 616//616 768//768
f 769//769 767//767 617//617
f 770//770 618//618 768//768
f 619//619 769//769 617//617
f 620//620 618//618 770//770
f 771//771 769//769 619//619
f 772//772 620//620 770//770
f 621//621 771//771 619//619
f 622//622 620//620 772//772
f 773//773 771//771 621//621
f 774//774 622//622 772//772
f 623//623 773//773 621//621
f 624//624 622//622 774//774
f 775//775 773//773 623//623
f 776//776 624//624 774//774
f 625//625 775//775 623//623
f 626//626 624//624 776//776
f 777//777 775//775 625//625
f 778//778 626//626 776//776
f 627//627 777//777 625//625
f 628//628 626//626 778//778
f 779//779 777//777 627//627
f 780//780 628//628 778//778
f 629//629 779//779 627//627
f 630//630 628//628 780//780
f 781//781 779//779 629//629
f 782//782 630//630 780//780
f 783//783 781//781 629//629
f 784//784 630//630 782//782
f 631//631 783//783 629//629
f 632//632 630//630 784//784
f 633//633 783//783 631//631
f 634//634 632//632 784//784
f 785//785 783//783 633//633
f 786//786 634//634 784//784
f 635//635 785//785 633//633
f 636//636 634//634 786//786
f 787//787 785//785 635//635
f 788//788 636//636 786//786
f 789//789 787//787 635//635
f 790//790 636//636 788//788
f 637//637 789//789 635//635
f 638//638 636//636 790//790
f 791//791 789//789 637//637
f 792//792 638//638 790//790
f 639//639 791//791 637//637
f 640//640 638//638 792//792
f 641//641 791//791 639//639
f 642//642 640//640 792//792
f 793//793 791//791 641//641
f 794//794 642//642 792//792
f 643//643 793//793 641//641
f 644//644 642//642 794//794
f 795//795 793//793 643//643
f 796//796 644//644 794//794
f 645//645 795//795 643//643
f 646//646 644//644 796//796
f 797//797 795//795 645//645
f 798//798 646//646 796//796
f 4977//4977 797//797 645//645
f 4977//4977 646//646 798//798
f 799//799 797//797 4977//4977
f 800//800 4977//4977 798//798
f 4979//4979 799//799 4977//4977
f 4979//4979 4977//4977 800//800
f 801//801 4980//4980 4978//4978
f 802//802 4978//4978 4980//4980
f 647//647 801//801 4978//4978
f 648//648 4978//4978 802//802
f 803//803 801//801 647//647
f 804//804 648//648 802//802
f 649//649 803//803 647//647
f 650//650 648//648 804//804
f 805//805 803//803 649//649
f 806//806 650//650 804//804
f 651//651 805//805 649//649
f 652//652 650//650 806//806
f 807//807 805//805 651//651
f 808//808 652//652 806//806
f 653//653 807//807 651//651
f 654//654 652//652 808//808
f 809//809 807//807 653//653
f 810//810 654//654 808//808
f 655//655 809//809 653//653
f 656//656 654//654 810//810
f 811//811 809//809 655//655
f 812//812 656//656 810//810
f 657//657 811//811 655//655
f 658//658 656//656 812//812
f 813//813 811//811 657//657
f 814//814 658//658 812//812
f 659//659 813//813 657//657
f 660//660 658//658 814//814
f 815//815 813//813 659//659
f 816//816 660//660 814//814
f 661//661 815//815 659//659
f 662//662 660//660 816//816
f 817//817 815//815 661//661
f 818//818 662//662 816//816
f 819//819 817//817 661//661
f 820//820 662//662 818//818
f 663//663 819//819 661//661
f 664//664 662//662 820//820
f 821//821 819//819 663//663
f 822//822 664//664 820//820
f 665//665 821//821 663//663
f 666//666 664//664 822//822
f 823//823 821//821 665//665
f 824//824 666//666 822//822
f 667//667 823//823 665//665
f 668//668 666//666 824//824
f 825//825 823//823 667//667
f 826//826 668//668 824//824
f 669//669 825//825 667//667
f 670//670 668//668 826//826
f 827//827 825//825 669//669
f 828//828 670//670 826//826
f 671//671 827//827 669//669
f 672//672 670//670 828//828
f 829//829 827//827 671//671
f 830//830 672//672 828//828
f 673//673 829//829 671//671
f 674//674 672//672 830//830
f 831//831 829//829 673//673
f 832//832 674//674 830//830
f 675//675 831//831 673//673
f 676//676 674//674 832//832
f 833//833 831//831 675//675
f 834//834 676//676 832//832
f 677//677 833//833 675//675
f 678//678 676//676 834//834
f 835//835 833//833 677//677
f 836//836 678//678 834//834
f 679//679 835//835 677//677
f 680//680 678//678 836//836
f 681//681 835//835 679//679
f 682//682 680//680 836//836
f 837//837 835//835 681//681
f 838//838 682//682 836//836
f 839//839 837//837 681//681
f 840//840 682//682 838//838
f 683//683 839//839 681//681
f 684//684 682//682 840//840
f 841//841 839//839 683//683
f 842//842 684//684 840//840
f 685//685 841//841 683//683
f 686//686 684//684 842//842
f 843//843 841//841 685//685
f 844//844 686//686 842//842
f 687//687 843//843 685//685
f 688//688 686//686 844//844
f 845//845 843//843 687//687
f 846//846 688//688 844//844
f 689//689 845//845 687//687
f 690//690 688//688 846//846
f 847//847 845//845 689//689
f 848//848 690//690 846//846
f 691//691 847//847 689//689
f 692//692 690//690 848//848
f 849//849 847//847 691//691
f 850//850 692//692 848//848
f 693//693 849//849 691//691
f 694//694 692//692 850//850
f 851//851 849//849 693//693
f 852//852 694//694 850//850
f 695//695 851//851 693//693
f 696//696 694//694 852//852
f 853//853 851//851 695//695
f 854//854 696//696 852//852
f 697//697 853//853 695//695
f 698//698 696//696 854//854
f 855//855 853//853 697//697
f 856//856 698//698 854//854
f 699//699 855//855 697//697
f 700//700 698//698 856//856
f 857//857 855//855 699//699
f 858//858 700//700 856//856
f 701//701 857//857 699//699
f 702//702 700//700 858//858
f 859//859 857//857 701//701
f 860//860 702//702 858//858
f 703//703 859//859 701//701
f 704//704 702//702 860//860
f 861//861 859//859 703//703
f 862//862 704//704 860//860
f 705//705 861//861 703//703
f 706//706 704//704 862//862
f 863//863 861//861 705//705
f 864//864 706//706 862//862
f 707//707 863//863 705//705
f 708//708 706//706 864//864
f 865//865 863//863 707//707
f 866//866 708//708 864//864
f 709//709 865//865 707//707
f 710//710 708//708 866//866
f 867//867 865//865 709//709
f 868//868 710//710 866//866
f 711//711 867//867 709//709
f 712//712 710//710 868//868
f 713//713 867//867 711//711
f 714//714 712//712 868//868
f 869//869 867//867 713//713
f 870//870 714//714 868//868
f 715//715 869//869 713//713
f 716//716 714//714 870//870
f 871//871 869//869 715//715
f 872//872 716//716 870//870
f 717//717 871//871 715//715
f 718//718 716//716 872//872
f 873//873 871//871 717//717
f 874//874 718//718 872//872
f 719//719 873//873 717//717
f 720//720 718//718 874//874
f 875//875 873//873 719//719
f 876//876 720//720 874//874
f 721//721 875//875 719//719
f 722//722 720//720 876//876
f 877//877 875//875 721//721
f 878//878 722//722 876//876
f 723//723 877//877 721//721
f 724//724 722//722 878//878
f 879//879 877//877 723//723
f 880//880 724//724 878//878
f 725//725 879//879 723//723
f 726//726 724//724 880//880
f 881//881 879//879 725//725
f 882//882 726//726 880//880
f 727//727 881//881 725//725
f 728//728 726//726 882//882
f 883//883 881//881 727//727
f 884//884 728//728 882//882
f 729//729 883//883 727//727
f 730//730 728//728 884//884
f 885//885 883//883 729//729
f 886//886 730//730 884//884
f 731//731 885//885 729//729
f 732//732 730//730 886//886
f 887//887 885//885 731//731
f 888//888 732//732 886//886
f 733//733 887//887 731//731
f 734//734 732//732 888//888
f 889//889 887//887 733//733
f 890//890 734//734 888//888
f 735//735 889//889 733//733
f 736//736 734//734 890//890
f 891//891 889//889 735//735
f 892//892 736//736 890//890
f 737//737 891//891 735//735
f 738//738 736//736 892//892
f 893//893 891//891 737//737
f 894//894 738//738 892//892
f 739//739 893//893 737//737
f 740//740 738//738 894//894
f 895//895 893//893 739//739
f 896//896 740//740 894//894
f 741//741 895//895 739//739
f 742//742 740//740 896//896
f 897//897 895//895 741//741
f 898//898 742//742 896//896
f 743//743 897//897 741//741
f 744//744 742//742 898//898
f 899//899 897//897 743//743
f 900//900 744//744 898//898
f 745//745 899//899 743//743
f 746//746 744//744 900//900
f 901//901 899//899 745//745
f 902//902 746//746 900//900
f 747//747 901//901 745//745
f 748//748 746//746 902//902
f 903//903 901//901 747//747
f 904//904 748//748 902//902
f 749//749 903//903 747//747
f 750//750 748//748 904//904
f 905//905 903//903 749//749
f 906//906 750//750 904//904
f 751//751 905//905 749//749
f 752//752 750//750 906//906
f 907//907 905//905 751//751
f 908//908 752//752 906//906
f 753//753 907//907 751//751
f 754//754 752//752 908//908
f 909//909 907//907 753//753
f 910//910 754//754 908//908
f 755//755 909//909 753//753
f 756//756 754//754 910//910
f 911//911 909//909 755//755
f 912//912 756//756 910//910
f 757//757 911//911 755//755
f 758//758 756//756 912//912
f 913//913 911//911 757//757
f 914//914 758//758 912//912
f 759//759 913//913 757//757
f 760//760 758//758 914//914
f 915//915 913//913 759//759
f 916//916 760//760 914//914
f 761//761 915//915 759//759
f 762//762 760//760 916//916
f 917//917 915//915 761//761
f 918//918 762//762 916//916
f 763//763 917//917 761//761
f 764//764 762//762 918//918
f 919//919 917//917 763//763
f 920//920 764//764 918//918
f 765//765 919//919 763//763
f 766//766 764//764 920//920
f 921//921 919//919 765//765
f 922//922 766//766 920//920
f 767//767 921//921 765//765
f 768//768 766//766 922//922
f 923//923 921//921 767//767
f 924//924 768//768 922//922
f 769//769 923//923 767//767
f 770//770 768//768 924//924
f 925//925 923//923 769//769
f 926//926 770//770 924//924
f 771//771 925//925 769//769
f 772//772 770//770 926//926
f 927//927 925//925 771//771
f 928//928 772//772 926//926
f 773//773 927//927 771//771
f 774//774 772//772 928//928
f 929//929 927//927 773//773
f 930//930 774//774 928//928
f 775//775 929//929 773//773
f 776//776 774//774 930//930
f 931//931 929//929 775//775
f 932//932 776//776 930//930
f 777//777 931//931 775//775
f 778//778 776//776 932//932
f 933//933 931//931 777//777
f 934//934 778//778 932//932
f 779//779 933//933 777//777
f 780//780 778//778 934//934
f 935//935 933//933 779//779
f 936//936 780//780 934//934
f 781//781 935//935 779//779
f 782//782 780//780 936//936
f 937//937 935//935 781//781
f 938//938 782//782 936//936
f 783//783 937//937 781//781
f 784//784 782//782 938//938
f 939//939 937//937 783//783
f 940//940 784//784 938//938
f 785//785 939//939 783//783
f 786//786 784//784 940//940
f 941//941 939//939 785//785
f 942//942 786//786 940//940
f 787//787 941//941 785//785
f 788//788 786//786 942//942
f 943//943 941//941 787//787
f 944//944 788//788 942//942
f 945//945 943//943 787//787
f 946//946 788//788 944//944
f 789//789 945//945 787//787
f 790//790 788//788 946//946
f 947//947 945//945 789//789
f 948//948 790//790 946//946
f 791//791 947//947 789//789
f 792//792 790//790 948//948
f 949//949 947//947 791//791
f 950//950 792//792 948//948
f 793//793 949//949 791//791
f 794//794 792//792 950//950
f 795//795 949//949 793//793
f 796//796 794//794 950//950
f 951//951 949//949 795//795
f 952//952 796//796 950//950
f 797//797 951//951 795//795
f 798//798 796//796 952//952
f 953//953 951//951 797//797
f 954//954 798//798 952//952
f 799//799 953//953 797//797
f 800//800 798//798 954//954
f 955//955 953//953 799//799
f 956//956 800//800 954//954
f 4979//4979 955//955 799//799
f 4979//4979 800//800 956//956
f 957//957 955//955 4979//4979
f 958//958 4979//4979 956//956
f 4981//4981 957//957 4979//4979
f 4981//4981 4979//4979 958//958
f 959//959 4982//4982 4980//4980
f 960//960 4980//4980 4982//4982
f 801//801 959//959 4980//4980
f 802//802 4980//4980 960//960
f 961//961 959//959 801//801
f 962//962 802//802 960//960
f 803//803 961//961 801//801
f 804//804 802//802 962//962
f 963//963 961//961 803//803
f 964//964 804//804 962//962
f 805//805 963//963 803//803
f 806//806 804//804 964//964
f 965//965 963//963 805//805
f 966//966 806//806 964//964
f 807//807 965//965 805//805
f 808//808 806//806 966//966
f 967//967 965//965 807//807
f 968//968 808//808 966//966
f 809//809 967//967 807//807
f 810//810 808//808 968//968
f 811//811 967//967 809//809
f 812//812 810//810 968//968
f 969//969 967//967 811//811
f 970//970 812//812 968//968
f 971//971 969//969 811//811
f 972//972 812//812 970//970
f 813//813 971//971 811//811
f 814//814 812//812 972//972
f 973//973 971//971 813//813
f 974//974 814//814 972//972
f 815//815 973//973 813//813
f 816//816 814//814 974//974
f 817//817 973//973 815//815
f 818//818 816//816 974//974
f 975//975 973//973 817//817
f 976//976 818//818 974//974
f 819//819 975//975 817//817
f 820//820 818//818 976//976
f 977//977 975//975 819//819
f 978//978 820//820 976//976
f 821//821 977//977 819//819
f 822//822 820//820 978//978
f 979//979 977//977 821//821
f 980//980 822//822 978//978
f 823//823 979//979 821//821
f 824//824 822//822 980//980
f 981//981 979//979 823//823
f 982//982 824//824 980//980
f 825//825 981//981 823//823
f 826//826 824//824 982//982
f 983//983 981//981 825//825
f 984//984 826//826 982//982
f 827//827 983//983 825//825
f 828//828 826//826 984//984
f 985//985 983//983 827//827
f 986//986 828//828 984//984
f 829//829 985//985 827//827
f 830//830 828//828 986//986
f 987//987 985//985 829//829
f 988//988 830//830 986//986
f 831//831 987//987 829//829
f 832//832 830//830 988//988
f 989//989 987//987 831//831
f 990//990 832//832 988//988
f 833//833 989//989 831//831
f 834//834 832//832 990//990
f 991//991 989//989 833//833
f 992//992 834//834 990//990
f 835//835 991//991 833//833
f 836//836 834//834 992//992
f 993//993 991//991 835//835
f 994//994 836//836 992//992
f 837//837 993//993 835//835
f 838//838 836//836 994//994
f 995//995 993//993 837//837
f 996//996 838//838 994//994
f 839//839 995//995 837//837
f 840//840 838//838 996//996
f 997//997 995//995 839//839
f 998//998 840//840 996//996
f 841//841 997//997 839//839
f 842//842 840//840 998//998
f 999//999 997//997 841//841
f 1000//1000 842//842 998//998
f 843//843 999//999 841//841
f 844//844 842//842 1000//1000
f 1001//1001 999//999 843//843
f 1002//1002 844//844 1000//1000
f 845//845 1001//1001 843//843
f 846//846 844//844 1002//1002
f 1003//1003 1001//1001 845//845
f 1004//1004 846//846 1002//1002
f 847//847 1003//1003 845//845
f 848//848 846//846 1004//1004
f 1005//1005 1003//1003 847//847
f 1006//1006 848//848 1004//1004
f 849//849 1005//1005 847//847
f 850//850 848//848 1006//1006
f 1007//1007 1005//1005 849//849
f 1008//1008 850//850 1006//1006
f 851//851 1007//1007 849//849
f 852//852 850//850 1008//1008
f 1009//1009 1007//1007 851//851
f 1010//1010 852//852 1008//1008
f 853//853 1009//1009 851//851
f 854//854 852//852 1010//1010
f 1011//1011 1009//1009 853//853
f 1012//1012 854//854 1010//1010
f 855//855 1011//1011 853//853
f 856//856 854//854 1012//1012
f 1013//1013 1011//1011 855//855
f 1014//1014 856//856 1012//1012
f 857//857 1013//1013 855//855
f 858//858 856//856 1014//1014
f 1015//1015 1013//1013 857//857
f 1016//1016 858//858 1014//1014
f 859//859 1015//1015 857//857
f 860//860 858//858 1016//1016
f 1017//1017 1015//1015 859//859
f 1018//1018 860//860 1016//1016
f 861//861 1017//1017 859//859
f 862//862 860//860 1018//1018
f 1019//1019 1017//1017 861//861
f 1020//1020 862//862 1018//1018
f 863//863 1019//1019 861//861
f 864//864 862//862 1020//1020
f 1021//1021 1019//1019 863//863
f 1022//1022 864//864 1020//1020
f 865//865 1021//1021 863//863
f 866//866 864//864 1022//1022
f 1023//1023 1021//1021 865//865
f 1024//1024 866//866 1022//1022
f 867//867 1023//1023 865//865
f 868//868 866//866 1024//1024
f 1025//1025 1023//1023 867//867
f 1026//1026 868//868 1024//1024
f 869//869 1025//1025 867//867
f 870//870 868//868 1026//1026
f 1027//1027 1025//1025 869//869
f 1028//1028 870//870 1026//1026
f 871//871 1027//1027 869//869
f 872//872 870//870 1028//1028
f 1029//1029 1027//1027 871//871
f 1030//1030 872//872 1028//1028
f 873//873 1029//1029 871//871
f 874//874 872//872 1030//1030
f 1031//1031 1029//1029 873//873
f 1032//1032 874//874 1030//1030
f 875//875 1031//1031 873//873
f 876//876 874//874 1032//1032
f 1033//1033 1031//1031 875//875
f 1034//1034 876//876 1032//1032
f 877//877 1033//1033 875//875
f 878//878 876//876 1034//1034
f 1035//1035 1033//1033 877//877
f 1036//1036 878//878 1034//1034
f 879//879 1035//1035 877//877
f 880//880 878//878 1036//1036
f 1037//1037 1035//1035 879//879
f 1038//1038 880//880 1036//1036
f 881//881 1037//1037 879//879
f 882//882 880//880 1038//1038
f 1039//1039 1037//1037 881//881
f 1040//1040 882//882 1038//1038
f 883//883 1039//1039 881//881
f 884//884 882//882 1040//1040
f 1041//1041 1039//1039 883//883
f 1042//1042 884//884 1040//1040
f 885//885 1041//1041 883//883
f 886//886 884//884 1042//1042
f 1043//1043 1041//1041 885//885
f 1044//1044 886//886 1042//1042
f 887//887 1043//1043 885//885
f 888//888 886//886 1044//1044
f 1045//1045 1043//1043 887//887
f 1046//1046 888//888 1044//1044
f 889//889 1045//1045 887//887
f 890//890 888//888 1046//1046
f 1047//1047 1045//1045 889//889
f 1048//1048 890//890 1046//1046
f 891//891 1047//1047 889//889
f 892//892 890//890 1048//1048
f 1049//1049 1047//1047 891//891
f 1050//1050 892//892 1048//1048
f 893//893 1049//1049 891//891
f 894//894 892//892 1050//1050
f 1051//1051 1049//1049 893//893
f 1052//1052 894//894 1050//1050
f 895//895 1051//1051 893//893
f 896//896 894//894 1052//1052
f 1053//1053 1051//1051 895//895
f 1054//1054 896//896 1052//1052
f 897//897 1053//1053 895//895
f 898//898 896//896 1054//1054
f 1055//1055 1053//1053 897//897
f 1056//1056 898//898 1054//1054
f 899//899 1055//1055 897//897
f 900//900 898//898 1056//1056
f 1057//1057 1055//1055 899//899
f 1058//1058 900//900 1056//1056
f 901//901 1057//1057 899//899
f 902//902 900//900 1058//1058
f 1059//1059 1057//1057 901//901
f 1060//1060 902//902 1058//1058
f 903//903 1059//1059 901//901
f 904//904 902//902 1060//1060
f 1061//1061 1059//1059 903//903
f 1062//1062 904//904 1060//1060
f 905//905 1061//1061 903//903
f 906//906 904//904 1062//1062
f 1063//1063 1061//1061 905//905
f 1064//1064 906//906 1062//1062
f 907//907 1063//1063 905//905
f 908//908 906//906 1064//1064
f 1065//1065 1063//1063 907//907
f 1066//1066 908//908 1064//1064
f 909//909 1065//1065 907//907
f 910//910 908//908 1066//1066
f 1067//1067 1065//1065 909//909
f 1068//1068 910//910 1066//1066
f 911//911 1067//1067 909//909
f 912//912 910//910 1068//1068
f 1069//1069 1067//1067 911//911
f 1070//1070 912//912 1068//1068
f 913//913 1069//1069 911//911
f 914//914 912//912 1070//1070
f 1071//1071 1069//1069 913//913
f 1072//1072 914//914 1070//1070
f 915//915 1071//1071 913//913
f 916//916 914//914 1072//1072
f 1073//1073 1071//1071 915//915
f 1074//1074 916//916 1072//1072
f 917//917 1073//1073 915//915
f 918//918 916//916 1074//1074
f 1075//1075 1073//1073 917//917
f 1076//1076 918//918 1074//1074
f 919//919 1075//1075 917//917
f 920//920 918//918 1076//1076
f 1077//1077 1075//1075 919//919
f 1078//1078 920//920 1076//1076
f 921//921 1077//1077 919//919
f 922//922 920//920 1078//1078
f 1079//1079 1077//1077 921//921
f 1080//1080 922//922 1078//1078
f 923//923 1079//1079 921//921
f 924//924 922//922 1080//1080
f 1081//1081 1079//1079 923//923
f 1082//1082 924//924 1080//1080
f 925//925 1081//1081 923//923
f 926//926 924//924 1082//1082
f 1083//1083 1081//1081 925//925
f 1084//1084 926//926 1082//1082
f 927//927 1083//1083 925//925
f 928//928 926//926 1084//1084
f 1085//1085 1083//1083 927//927
f 1086//1086 928//928 1084//1084
f 929//929 1085//1085 927//927
f 930//930 928//928 1086//1086
f 1087//1087 1085//1085 929//929
f 1088//1088 930//930 1086//1086
f 931//931 1087//1087 929//929
f 932//932 930//930 1088//1088
f 1089//1089 1087//1087 931//931
f 1090//1090 932//932 1088//1088
f 933//933 1089//1089 931//931
f 934//934 932//932 1090//1090
f 1091//1091 1089//1089 933//933
f 1092//1092 934//934 1090//1090
f 935//935 1091//1091 933//933
f 936//936 934//934 1092//1092
f 1093//1093 1091//1091 935//935
f 1094//1094 936//936 1092//1092
f 937//937 1093//1093 935//935
f 938//938 936//936 1094//1094
f 1095//1095 1093//1093 937//937
f 1096//1096 938//938 1094//1094
f 939//939 1095//1095 937//937
f 940//940 938//938 1096//1096
f 1097//1097 1095//1095 939//939
f 1098//1098 940//940 1096//1096
f 941//941 1097//1097 939//939
f 942//942 940//940 1098//1098
f 1099//1099 1097//1097 941//941
f 1100//1100 942//942 1098//1098
f 943//943 1099//1099 941//941
f 944//944 942//942 1100//1100
f 1101//1101 1099//1099 943//943
f 1102//1102 944//944 1100//1100
f 945//945 1101//1101 943//943
f 946//946 944//944 1102//1102
f 1103//1103 1101//1101 945//945
f 1104//1104 946//946 1102//1102
f 1105//1105 1103//1103 945//945
f 1106//1106 946//946 1104//1104
f 947//947 1105//1105 945//945
f 948//948 946//946 1106//1106
f 1107//1107 1105//1105 947//947
f 1108//1108 948//948 1106//1106
f 949//949 1107//1107 947//947
f 950//950 948//948 1108//1108
f 1109//1109 1107//1107 949//949
f 1110//1110 950//950 1108//1108
f 951//951 1109//1109 949//949
f 952//952 950//950 1110//1110
f 1111//1111 1109//1109 951//951
f 1112//1112 952//952 1110//1110
f 953//953 1111//1111 951//951
f 954//954 952//952 1112//1112
f 955//955 1111//1111 953//953
f 956//956 954//954 1112//1112
f 1113//1113 1111//1111 955//955
f 1114//1114 956//956 1112//1112
f 957//957 1113//1113 955//955
f 958//958 956//956 1114//1114
f 4983//4983 1113//1113 957//957
f 4983//4983 958//958 1114//1114
f 4981//4981 4983//4983 957//957
f 4981//4981 958//958 4983//4983
f 1115//1115 4984//4984 4982//4982
f 1116//1116 4982//4982 4984//4984
f 959//959 1115//1115 4982//4982
f 960//960 4982//4982 1116//1116
f 1117//1117 1115//1115 959//959
f 1118//1118 960//960 1116//1116
f 961//961 1117//1117 959//959
f 962//962 960//960 1118//1118
f 1119//1119 1117//1117 961//961
f 1120//1120 962//962 1118//1118
f 963//963 1119//1119 961//961
f 964//964 962//962 1120//1120
f 1121//1121 1119//1119 963//963
f 1122//1122 964//964 1120//1120
f 965//965 1121//1121 963//963
f 966//966 964//964 1122//1122
f 1123//1123 1121//1121 965//965
f 1124//1124 966//966 1122//1122
f 967//967 1123//1123 965//965
f 968//968 966//966 1124//1124
f 1125//1125 1123//1123 967//967
f 1126//1126 968//968 1124//1124
f 969//969 1125//1125 967//967
f 970//970 968//968 1126//1126
f 1127//1127 1125//1125 969//969
f 1128//1128 970//970 1126//1126
f 971//971 1127//1127 969//969
f 972//972 970//970 1128//1128
f 1129//1129 1127//1127 971//971
f 1130//1130 972//972 1128//1128
f 973//973 1129//1129 971//971
f 974//974 972//972 1130//1130
f 1131//1131 1129//1129 973//973
f 1132//1132 974//974 1130//1130
f 975//975 1131//1131 973//973
f 976//976 974//974 1132//1132
f 1133//1133 1131//1131 975//975
f 1134//1134 976//976 1132//1132
f 977//977 1133//1133 975//975
f 978//978 976//976 1134//1134
f 1135//1135 1133//1133 977//977
f 1136//1136 978//978 1134//1134
f 979//979 1135//1135 977//977
f 980//980 978//978 1136//1136
f 1137//1137 1135//1135 979//979
f 1138//1138 980//980 1136//1136
f 981//981 1137//1137 979//979
f 982//982 980//980 1138//1138
f 1139//1139 1137//1137 981//981
f 1140//1140 982//982 1138//1138
f 983//983 1139//1139 981//981
f 984//984 982//982 1140//1140
f 1141//1141 1139//1139 983//983
f 1142//1142 984//984 1140//1140
f 985//985 1141//1141 983//983
f 986//986 984//984 1142//1142
f 1143//1143 1141//1141 985//985
f 1144//1144 986//986 1142//1142
f 987//987 1143//1143 985//985
f 988//988 986//986 1144//1144
f 1145//1145 1143//1143 987//987
f 1146//1146 988//988 1144//1144
f 989//989 1145//1145 987//987
f 990//990 988//988 1146//1146
f 1147//1147 1145//1145 989//989
f 1148//1148 990//990 1146//1146
f 1149//1149 1147//1147 989//989
f 1150//1150 990//990 1148//1148
f 991//991 1149//1149 989//989
f 992//992 990//990 1150//1150
f 1151//1151 1149//1149 991//991
f 1152//1152 992//992 1150//1150
f 993//993 1151//1151 991//991
f 994//994 992//992 1152//1152
f 1153//1153 1151//1151 993//993
f 1154//1154 994//994 1152//1152
f 995//995 1153//1153 993//993
f 996//996 994//994 1154//1154
f 1155//1155 1153//1153 995//995
f 1156//1156 996//996 1154//1154
f 997//997 1155//1155 995//995
f 998//998 996//996 1156//1156
f 1157//1157 1155//1155 997//997
f 1158//1158 998//998 1156//1156
f 999//999 1157//1157 997//997
f 1000//1000 998//998 1158//1158
f 1159//1159 1157//1157 999//999
f 1160//1160 1000//1000 1158//1158
f 1001//1001 1159//1159 999//999
f 1002//1002 1000//1000 1160//1160
f 1161//1161 1159//1159 1001//1001
f 1162//1162 1002//1002 1160//1160
f 1003//1003 1161//1161 1001//1001
f 1004//1004 1002//1002 1162//1162
f 1163//1163 1161//1161 1003//1003
f 1164//1164 1004//1004 1162//1162
f 1005//1005 1163//1163 1003//1003
f 1006//1006 1004//1004 1164//1164
f 1165//1165 1163//1163 1005//1005
f 1166//1166 1006//1006 1164//1164
f 1007//1007 1165//1165 1005//1005
f 1008//1008 1006//1006 1166//1166
f 1167//1167 1165//1165 1007//1007
f 1168//1168 1008//1008 1166//1166
f 1009//1009 1167//1167 1007//1007
f 1010//1010 1008//1008 1168//1168
f 1169//1169 1167//1167 1009//1009
f 1170//1170 1010//1010 1168//1168
f 1011//1011 1169//1169 1009//1009
f 1012//1012 1010//1010 1170//1170
f 1171//1171 1169//1169 1011//1011
f 1172//1172 1012//1012 1170//1170
f 1013//1013 1171//1171 1011//1011
f 1014//1014 1012//1012 1172//1172
f 1173//1173 1171//1171 1013//1013
f 1174//1174 1014//1014 1172//1172
f 1015//1015 1173//1173 1013//1013
f 1016//1016 1014//1014 1174//1174
f 1175//1175 1173//1173 1015//1015
f 1176//1176 1016//1016 1174//1174
f 1017//1017 1175//1175 1015//1015
f 1018//1018 1016//1016 1176//1176
f 1177//1177 1175//1175 1017//1017
f 1178//1178 1018//1018 1176//1176
f 1019//1019 1177//1177 1017//1017
f 1020//1020 1018//1018 1178//1178
f 1179//1179 1177//1177 1019//1019
f 1180//1180 1020//1020 1178//1178
f 1021//1021 1179//1179 1019//1019
f 1022//1022 1020//1020 1180//1180
f 1181//1181 1179//1179 1021//1021
f 1182//1182 1022//1022 1180//1180
f 1023//1023 1181//1181 1021//1021
f 1024//1024 1022//1022 1182//1182
f 1183//1183 1181//1181 1023//1023
f 1184//1184 1024//1024 1182//1182
f 1025//1025 1183//1183 1023//1023
f 1026//1026 1024//1024 1184//1184
f 1185//1185 1183//1183 1025//1025
f 1186//1186 1026//1026 1184//1184
f 1027//1027 1185//1185 1025//1025
f 1028//1028 1026//1026 1186//1186
f 1187//1187 1185//1185 1027//1027
f 1188//1188 1028//1028 1186//1186
f 1029//1029 1187//1187 1027//1027
f 1030//1030 1028//1028 1188//1188
f 1031//1031 1187//1187 1029//1029
f 1032//1032 1030//1030 1188//1188
f 1189//1189 1187//1187 1031//1031
f 1190//1190 1032//1032 1188//1188
f 1191//1191 1189//1189 1031//1031
f 1192//1192 1032//1032 1190//1190
f 1033//1033 1191//1191 1031//1031
f 1034//1034 1032//1032 1192//1192
f 1193//1193 1191//1191 1033//1033
f 1194//1194 1034//1034 1192//1192
f 1035//1035 1193//1193 1033//1033
f 1036//1036 1034//1034 1194//1194
f 1037//1037 1193//1193 1035//1035
f 1038//1038 1036//1036 1194//1194
f 1195//1195 1193//1193 1037//1037
f 1196//1196 1038//1038 1194//1194
f 1197//1197 1195//1195 1037//1037
f 1198//1198 1038//1038 1196//1196
f 1039//1039 1197//1197 1037//1037
f 1040//1040 1038//1038 1198//1198
f 1199//1199 1197//1197 1039//1039
f 1200//1200 1040//1040 1198//1198
f 1041//1041 1199//1199 1039//1039
f 1042//1042 1040//1040 1200//1200
f 1201//1201 1199//1199 1041//1041
f 1202//1202 1042//1042 1200//1200
f 1043//1043 1201//1201 1041//1041
f 1044//1044 1042//1042 1202//1202
f 1203//1203 1201//1201 1043//1043
f 1204//1204 1044//1044 1202//1202
f 1045//1045 1203//1203 1043//1043
f 1046//1046 1044//1044 1204//1204
f 1205//1205 1203//1203 1045//1045
f 1206//1206 1046//1046 1204//1204
f 1047//1047 1205//1205 1045//1045
f 1048//1048 1046//1046 1206//1206
f 1049//1049 1205//1205 1047//1047
f 1050//1050 1048//1048 1206//1206
f 1207//1207 1205//1205 1049//1049
f 1208//1208 1050//1050 1206//1206
f 1051//1051 1207//1207 1049//1049
f 1052//1052 1050//1050 1208//1208
f 1209//1209 1207//1207 1051//1051
f 1210//1210 1052//1052 1208//1208
f 1053//1053 1209//1209 1051//1051
f 1054//1054 1052//1052 1210//1210
f 1211//1211 1209//1209 1053//1053
f 1212//1212 1054//1054 1210//1210
f 1213//1213 1211//1211 1053//1053
f 1214//1214 1054//1054 1212//1212
f 1055//1055 1213//1213 1053//1053
f 1056//1056 1054//1054 1214//1214
f 1057//1057 1213//1213 1055//1055
f 1058//1058 1056//1056 1214//1214
f 1215//1215 1213//1213 1057//1057
f 1216//1216 1058//1058 1214//1214
f 1059//1059 1215//1215 1057//1057
f 1060//1060 1058//1058 1216//1216
f 1217//1217 1215//1215 1059//1059
f 1218//1218 1060//1060 1216//1216
f 1061//1061 1217//1217 1059//1059
f 1062//1062 1060//1060 1218//1218
f 1219//1219 1217//1217 1061//1061
f 1220//1220 1062//1062 1218//1218
f 1063//1063 1219//1219 1061//1061
f 1064//1064 1062//1062 1220//1220
f 1221//1221 1219//1219 1063//1063
f 1222//1222 1064//1064 1220//1220
f 1065//1065 1221//1221 1063//1063
f 1066//1066 1064//1064 1222//1222
f 1223//1223 1221//1221 1065//1065
f 1224//1224 1066//1066 1222//1222
f 1067//1067 1223//1223 1065//1065
f 1068//1068 1066//1066 1224//1224
f 1225//1225 1223//1223 1067//1067
f 1226//1226 1068//1068 1224//1224
f 1069//1069 1225//1225 1067//1067
f 1070//1070 1068//1068 1226//1226
f 1227//1227 1225//1225 1069//1069
f 1228//1228 1070//1070 1226//1226
f 1071//1071 1227//1227 1069//1069
f 1072//1072 1070//1070 1228//1228
f 1229//1229 1227//1227 1071//1071
f 1230//1230 1072//1072 1228//1228
f 1073//1073 1229//1229 1071//1071
f 1074//1074 1072//1072 1230//1230
f 1231//1231 1229//1229 1073//1073
f 1232//1232 1074//1074 1230//1230
f 1075//1075 1231//1231 1073//1073
f 1076//1076 1074//1074 1232//1232
f 1233//1233 1231//1231 1075//1075
f 1234//1234 1076//1076 1232//1232
f 1077//1077 1233//1233 1075//1075
f 1078//1078 1076//1076 1234//1234
f 1235//1235 1233//1233 1077//1077
f 1236//1236 1078//1078 1234//1234
f 1079//1079 1235//1235 1077//1077
f 1080//1080 1078//1078 1236//1236
f 1237//1237 1235//1235 1079//1079
f 1238//1238 1080//1080 1236//1236
f 1081//1081 1237//1237 1079//1079
f 1082//1082 1080//1080 1238//1238
f 1239//1239 1237//1237 1081//1081
f 1240//1240 1082//1082 1238//1238
f 1083//1083 1239//1239 1081//1081
f 1084//1084 1082//1082 1240//1240
f 1241//1241 1239//1239 1083//1083
f 1242//1242 1084//1084 1240//1240
f 1085//1085 1241//1241 1083//1083
f 1086//1086 1084//1084 1242//1242
f 1243//1243 1241//1241 1085//1085
f 1244//1244 1086//1086 1242//1242
f 1087//1087 1243//1243 1085//1085
f 1088//1088 1086//1086 1244//1244
f 1245//1245 1243//1243 1087//1087
f 1246//1246 1088//1088 1244//1244
f 1089//1089 1245//1245 1087//1087
f 1090//1090 1088//1088 1246//1246
f 1247//1247 1245//1245 1089//1089
f 1248//1248 1090//1090 1246//1246
f 1091//1091 1247//1247 1089//1089
f 1092//1092 1090//1090 1248//1248
f 1249//1249 1247//1247 1091//1091
f 1250//1250 1092//1092 1248//1248
f 1093//1093 1249//1249 1091//1091
f 1094//1094 1092//1092 1250//1250
f 1251//1251 1249//1249 1093//1093
f 1252//1252 1094//1094 1250//1250
f 1095//1095 1251//1251 1093//1093
f 1096//1096 1094//1094 1252//1252
f 1253//1253 1251//1251 1095//1095
f 1254//1254 1096//1096 1252//1252
f 1097//1097 1253//1253 1095//1095
f 1098//1098 1096//1096 1254//1254
f 1255//1255 1253//1253 1097//1097
f 1256//1256 1098//1098 1254//1254
f 1099//1099 1255//1255 1097//1097
f 1100//1100 1098//1098 1256//1256
f 1257//1257 1255//1255 1099//1099
f 1258//1258 1100//1100 1256//1256
f 1101//1101 1257//1257 1099//1099
f 1102//1102 1100//1100 1258//1258
f 1259//1259 1257//1257 1101//1101
f 1260//1260 1102//1102 1258//1258
f 1103//1103 1259//1259 1101//1101
f 1104//1104 1102//1102 1260//1260
f 1261//1261 1259//1259 1103//1103
f 1262//1262 1104//1104 1260//1260
f 1105//1105 1261//1261 1103//1103
f 1106//1106 1104//1104 1262//1262
f 1263//1263 1261//1261 1105//1105
f 1264//1264 1106//1106 1262//1262
f 1265//1265 1263//1263 1105//1105
f 1266//1266 1106//1106 1264//1264
f 1107//1107 1265//1265 1105//1105
f 1108//1108 1106//1106 1266//1266
f 1267//1267 1265//1265 1107//1107
f 1268//1268 1108//1108 1266//1266
f 1109//1109 1267//1267 1107//1107
f 1110//1110 1108//1108 1268//1268
f 1269//1269 1267//1267 1109//1109
f 1270//1270 1110//1110 1268//1268
f 1111//1111 1269//1269 1109//1109
f 1112//1112 1110//1110 1270//1270
f 1113//1113 1269//1269 1111//1111
f 1114//1114 1112//1112 1270//1270
f 1271//1271 1269//1269 1113//1113
f 1272//1272 1114//1114 1270//1270
f 4983//4983 1271//1271 1113//1113
f 4983//4983 1114//1114 1272//1272
f 1273//1273 1271//1271 4983//4983
f 1274//1274 4983//4983 1272//1272
f 1275//1275 1273//1273 4983//4983
f 1276//1276 4983//4983 1274//1274
f 4985//4985 1275//1275 4983//4983
f 4985//4985 4983//4983 1276//1276
f 1277//1277 4986//4986 4984//4984
f 1278//1278 4984//4984 4986//4986
f 1279//1279 1277//1277 4984//4984
f 1280//1280 4984//4984 1278//1278
f 1115//1115 1279//1279 4984//4984
f 1116//1116 4984//4984 1280//1280
f 1281//1281 1279//1279 1115//1115
f 1282//1282 1116//1116 1280//1280
f 1117//1117 1281//1281 1115//1115
f 1118//1118 1116//1116 1282//1282
f 1283//1283 1281//1281 1117//1117
f 1284//1284 1118//1118 1282//1282
f 1119//1119 1283//1283 1117//1117
f 1120//1120 1118//1118 1284//1284
f 1121//1121 1283//1283 1119//1119
f 1122//1122 1120//1120 1284//1284
f 1285//1285 1283//1283 1121//1121
f 1286//1286 1122//1122 1284//1284
f 1123//1123 1285//1285 1121//1121
f 1124//1124 1122//1122 1286//1286
f 1287//1287 1285//1285 1123//1123
f 1288//1288 1124//1124 1286//1286
f 1125//1125 1287//1287 1123//1123
f 1126//1126 1124//1124 1288//1288
f 1289//1289 1287//1287 1125//1125
f 1290//1290 1126//1126 1288//1288
f 1127//1127 1289//1289 1125//1125
f 1128//1128 1126//1126 1290//1290
f 1291//1291 1289//1289 1127//1127
f 1292//1292 1128//1128 1290//1290
f 1129//1129 1291//1291 1127//1127
f 1130//1130 1128//1128 1292//1292
f 1293//1293 1291//1291 1129//1129
f 1294//1294 1130//1130 1292//1292
f 1131//1131 1293//1293 1129//1129
f 1132//1132 1130//1130 1294//1294
f 1295//1295 1293//1293 1131//1131
f 1296//1296 1132//1132 1294//1294
f 1133//1133 1295//1295 1131//1131
f 1134//1134 1132//1132 1296//1296
f 1297//1297 1295//1295 1133//1133
f 1298//1298 1134//1134 1296//1296
f 1135//1135 1297//1297 1133//1133
f 1136//1136 1134//1134 1298//1298
f 1299//1299 1297//1297 1135//1135
f 1300//1300 1136//1136 1298//1298
f 1137//1137 1299//1299 1135//1135
f 1138//1138 1136//1136 1300//1300
f 1301//1301 1299//1299 1137//1137
f 1302//1302 1138//1138 1300//1300
f 1139//1139 1301//1301 1137//1137
f 1140//1140 1138//1138 1302//1302
f 1303//1303 1301//1301 1139//1139
f 1304//1304 1140//1140 1302//1302
f 1141//1141 1303//1303 1139//1139
f 1142//1142 1140//1140 1304//1304
f 1305//1305 1303//1303 1141//1141
f 1306//1306 1142//1142 1304//1304
f 1143//1143 1305//1305 1141//1141
f 1144//1144 1142//1142 1306//1306
f 1307//1307 1305//1305 1143//1143
f 1308//1308 1144//1144 1306//1306
f 1145//1145 1307//1307 1143//1143
f 1146//1146 1144//1144 1308//1308
f 1309//1309 1307//1307 1145//1145
f 1310//1310 1146//1146 1308//1308
f 1147//1147 1309//1309 1145//1145
f 1148//1148 1146//1146 1310//1310
f 1311//1311 1309//1309 1147//1147
f 1312//1312 1148//1148 1310//1310
f 1149//1149 1311//1311 1147//1147
f 1150//1150 1148//1148 1312//1312
f 1313//1313 1311//1311 1149//1149
f 1314//1314 1150//1150 1312//1312
f 1151//1151 1313//1313 1149//1149
f 1152//1152 1150//1150 1314//1314
f 1315//1315 1313//1313 1151//1151
f 1316//1316 1152//1152 1314//1314
f 1153//1153 1315//1315 1151//1151
f 1154//1154 1152//1152 1316//1316
f 1317//1317 1315//1315 1153//1153
f 1318//1318 1154//1154 1316//1316
f 1155//1155 1317//1317 1153//1153
f 1156//1156 1154//1154 1318//1318
f 1319//1319 1317//1317 1155//1155
f 1320//1320 1156//1156 1318//1318
f 1157//1157 1319//1319 1155//1155
f 1158//1158 1156//1156 1320//1320
f 1321//1321 1319//1319 1157//1157
f 1322//1322 1158//1158 1320//1320
f 1159//1159 1321//1321 1157//1157
f 1160//1160 1158//1158 1322//1322
f 1323//1323 1321//1321 1159//1159
f 1324//1324 1160//1160 1322//1322
f 1161//1161 1323//1323 1159//1159
f 1162//1162 1160//1160 1324//1324
f 1325//1325 1323//1323 1161//1161
f 1326//1326 1162//1162 1324//1324
f 1163//1163 1325//1325 1161//1161
f 1164//1164 1162//1162 1326//1326
f 1327//1327 1325//1325 1163//1163
f 1328//1328 1164//1164 1326//1326
f 1165//1165 1327//1327 1163//1163
f 1166//1166 1164//1164 1328//1328
f 1329//1329 1327//1327 1165//1165
f 1330//1330 1166//1166 1328//1328
f 1167//1167 1329//1329 1165//1165
f 1168//1168 1166//1166 1330//1330
f 1331//1331 1329//1329 1167//1167
f 1332//1332 1168//1168 1330//1330
f 1169//1169 1331//1331 1167//1167
f 1170//1170 1168//1168 1332//1332
f 1333//1333 1331//1331 1169//1169
f 1334//1334 1170//1170 1332//1332
f 1171//1171 1333//1333 1169//1169
f 1172//1172 1170//1170 1334//1334
f 1335//1335 1333//1333 1171//1171
f 1336//1336 1172//1172 1334//1334
f 1173//1173 1335//1335 1171//1171
f 1174//1174 1172//1172 1336//1336
f 1337//1337 1335//1335 1173//1173
f 1338//1338 1174//1174 1336//1336
f 1175//1175 1337//1337 1173//1173
f 1176//1176 1174//1174 1338//1338
f 1339//1339 1337//1337 1175//1175
f 1340//1340 1176//1176 1338//1338
f 1177//1177 1339//1339 1175//1175
f 1178//1178 1176//1176 1340//1340
f 1341//1341 1339//1339 1177//1177
f 1342//1342 1178//1178 1340//1340
f 1179//1179 1341//1341 1177//1177
f 1180//1180 1178//1178 1342//1342
f 1343//1343 1341//1341 1179//1179
f 1344//1344 1180//1180 1342//1342
f 1181//1181 1343//1343 1179//1179
f 1182//1182 1180//1180 1344//1344
f 1345//1345 1343//1343 1181//1181
f 1346//1346 1182//1182 1344//1344
f 1183//1183 1345//1345 1181//1181
f 1184//1184 1182//1182 1346//1346
f 1347//1347 1345//1345 1183//1183
f 1348//1348 1184//1184 1346//1346
f 1185//1185 1347//1347 1183//1183
f 1186//1186 1184//1184 1348//1348
f 1349//1349 1347//1347 1185//1185
f 1350//1350 1186//1186 1348//1348
f 1187//1187 1349//1349 1185//1185
f 1188//1188 1186//1186 1350//1350
f 1351//1351 1349//1349 1187//1187
f 1352//1352 1188//1188 1350//1350
f 1189//1189 1351//1351 1187//1187
f 1190//1190 1188//1188 1352//1352
f 1353//1353 1351//1351 1189//1189
f 1354//1354 1190//1190 1352//1352
f 1191//1191 1353//1353 1189//1189
f 1192//1192 1190//1190 1354//1354
f 1355//1355 1353//1353 1191//1191
f 1356//1356 1192//1192 1354//1354
f 1193//1193 1355//1355 1191//1191
f 1194//1194 1192//1192 1356//1356
f 1357//1357 1355//1355 1193//1193
f 1358//1358 1194//1194 1356//1356
f 1195//1195 1357//1357 1193//1193
f 1196//1196 1194//1194 1358//1358
f 1359//1359 1357//1357 1195//1195
f 1360//1360 1196//1196 1358//1358
f 1197//1197 1359//1359 1195//1195
f 1198//1198 1196//1196 1360//1360
f 1361//1361 1359//1359 1197//1197
f 1362//1362 1198//1198 1360//1360
f 1199//1199 1361//1361 1197//1197
f 1200//1200 1198//1198 1362//1362
f 1363//1363 1361//1361 1199//1199
f 1364//1364 1200//1200 1362//1362
f 1201//1201 1363//1363 1199//1199
f 1202//1202 1200//1200 1364//1364
f 1365//1365 1363//1363 1201//1201
f 1366//1366 1202//1202 1364//1364
f 1203//1203 1365//1365 1201//1201
f 1204//1204 1202//1202 1366//1366
f 1367//1367 1365//1365 1203//1203
f 1368//1368 1204//1204 1366//1366
f 1205//1205 1367//1367 1203//1203
f 1206//1206 1204//1204 1368//1368
f 1369//1369 1367//1367 1205//1205
f 1370//1370 1206//1206 1368//1368
f 1207//1207 1369//1369 1205//1205
f 1208//1208 1206//1206 1370//1370
f 1371//1371 1369//1369 1207//1207
f 1372//1372 1208//1208 1370//1370
f 1209//1209 1371//1371 1207//1207
f 1210//1210 1208//1208 1372//1372
f 1373//1373 1371//1371 1209//1209
f 1374//1374 1210//1210 1372//1372
f 1211//1211 1373//1373 1209//1209
f 1212//1212 1210//1210 1374//1374
f 1375//1375 1373//1373 1211//1211
f 1376//1376 1212//1212 1374//1374
f 1213//1213 1375//1375 1211//1211
f 1214//1214 1212//1212 1376//1376
f 1377//1377 1375//1375 1213//1213
f 1378//1378 1214//1214 1376//1376
f 1215//1215 1377//1377 1213//1213
f 1216//1216 1214//1214 1378//1378
f 1379//1379 1377//1377 1215//1215
f 1380//1380 1216//1216 1378//1378
f 1217//1217 1379//1379 1215//1215
f 1218//1218 1216//1216 1380//1380
f 1381//1381 1379//1379 1217//1217
f 1382//1382 1218//1218 1380//1380
f 1219//1219 1381//1381 1217//1217
f 1220//1220 1218//1218 1382//1382
f 1383//1383 1381//1381 1219//1219
f 1384//1384 1220//1220 1382//1382
f 1221//1221 1383//1383 1219//1219
f 1222//1222 1220//1220 1384//1384
f 1385//1385 1383//1383 1221//1221
f 1386//1386 1222//1222 1384//1384
f 1223//1223 1385//1385 1221//1221
f 1224//1224 1222//1222 1386//1386
f 1387//1387 1385//1385 1223//1223
f 1388//1388 1224//1224 1386//1386
f 1225//1225 1387//1387 1223//1223
f 1226//1226 1224//1224 1388//1388
f 1389//1389 1387//1387 1225//1225
f 1390//1390 1226//1226 1388//1388
f 1227//1227 1389//1389 1225//1225
f 1228//1228 1226//1226 1390//1390
f 1391//1391 1389//1389 1227//1227
f 1392//1392 1228//1228 1390//1390
f 1229//1229 1391//1391 1227//1227
f 1230//1230 1228//1228 1392//1392
f 1393//1393 1391//1391 1229//1229
f 1394//1394 1230//1230 1392//1392
f 1231//1231 1393//1393 1229//1229
f 1232//1232 1230//1230 1394//1394
f 1395//1395 1393//1393 1231//1231
f 1396//1396 1232//1232 1394//1394
f 1233//1233 1395//1395 1231//1231
f 1234//1234 1232//1232 1396//1396
f 1397//1397 1395//1395 1233//1233
f 1398//1398 1234//1234 1396//1396
f 1235//1235 1397//1397 1233//1233
f 1236//1236 1234//1234 1398//1398
f 1399//1399 1397//1397 1235//1235
f 1400//1400 1236//1236 1398//1398
f 1237//1237 1399//1399 1235//1235
f 1238//1238 1236//1236 1400//1400
f 1401//1401 1399//1399 1237//1237
f 1402//1402 1238//1238 1400//1400
f 1239//1239 1401//1401 1237//1237
f 1240//1240 1238//1238 1402//1402
f 1403//1403 1401//1401 1239//1239
f 1404//1404 1240//1240 1402//1402
f 1241//1241 1403//1403 1239//1239
f 1242//1242 1240//1240 1404//1404
f 1405//1405 1403//1403 1241//1241
f 1406//1406 1242//1242 1404//1404
f 1243//1243 1405//1405 1241//1241
f 1244//1244 1242//1242 1406//1406
f 1407//1407 1405//1405 1243//1243
f 1408//1408 1244//1244 1406//1406
f 1245//1245 1407//1407 1243//1243
f 1246//1246 1244//1244 1408//1408
f 1409//1409 1407//1407 1245//1245
f 1410//1410 1246//1246 1408//1408
f 1247//1247 1409//1409 1245//1245
f 1248//1248 1246//1246 1410//1410
f 1411//1411 1409//1409 1247//1247
f 1412//1412 1248//1248 1410//1410
f 1249//1249 1411//1411 1247//1247
f 1250//1250 1248//1248 1412//1412
f 1413//1413 1411//1411 1249//1249
f 1414//1414 1250//1250 1412//1412
f 1251//1251 1413//1413 1249//1249
f 1252//1252 1250//1250 1414//1414
f 1415//1415 1413//1413 1251//1251
f 1416//1416 1252//1252 1414//1414
f 1253//1253 1415//1415 1251//1251
f 1254//1254 1252//1252 1416//1416
f 1417//1417 1415//1415 1253//1253
f 1418//1418 1254//1254 1416//1416
f 1255//1255 1417//1417 1253//1253
f 1256//1256 1254//1254 1418//1418
f 1419//1419 1417//1417 1255//1255
f 1420//1420 1256//1256 1418//1418
f 1257//1257 1419//1419 1255//1255
f 1258//1258 1256//1256 1420//1420
f 1421//1421 1419//1419 1257//1257
f 1422//1422 1258//1258 1420//1420
f 1259//1259 1421//1421 1257//1257
f 1260//1260 1258//1258 1422//1422
f 1423//1423 1421//1421 1259//1259
f 1424//1424 1260//1260 1422//1422
f 1261//1261 1423//1423 1259//1259
f 1262//1262 1260//1260 1424//1424
f 1425//1425 1423//1423 1261//1261
f 1426//1426 1262//1262 1424//1424
f 1263//1263 1425//1425 1261//1261
f 1264//1264 1262//1262 1426//1426
f 1427//1427 1425//1425 1263//1263
f 1428//1428 1264//1264 1426//1426
f 1265//1265 1427//1427 1263//1263
f 1266//1266 1264//1264 1428//1428
f 1429//1429 1427//1427 1265//1265
f 1430//1430 1266//1266 1428//1428
f 1267//1267 1429//1429 1265//1265
f 1268//1268 1266//1266 1430//1430
f 1431//1431 1429//1429 1267//1267
f 1432//1432 1268//1268 1430//1430
f 1269//1269 1431//1431 1267//1267
f 1270//1270 1268//1268 1432//1432
f 1433//1433 1431//1431 1269//1269
f 1434//1434 1270//1270 1432//1432
f 1271//1271 1433//1433 1269//1269
f 1272//1272 1270//1270 1434//1434
f 1435//1435 1433//1433 1271//1271
f 1436//1436 1272//1272 1434//1434
f 1273//1273 1435//1435 1271//1271
f 1274//1274 1272//1272 1436//1436
f 1437//1437 1435//1435 1273//1273
f 1438//1438 1274//1274 1436//1436
f 1275//1275 1437//1437 1273//1273
f 1276//1276 1274//1274 1438//1438
f 4987//4987 1437//1437 1275//1275
f 4987//4987 1276//1276 1438//1438
f 4985//4985 4987//4987 1275//1275
f 4985//4985 1276//1276 4987//4987
f 1277//1277 4988//4988 4986//4986
f 1278//1278 4986//4986 4988//4988
f 1439//1439 4988//4988 1277//1277
f 1440//1440 1278//1278 4988//4988
f 1279//1279 1439//1439 1277//1277
f 1280//1280 1278//1278 1440//1440
f 1441//1441 1439//1439 1279//1279
f 1442//1442 1280//1280 1440//1440
f 1281//1281 1441//1441 1279//1279
f 1282//1282 1280//1280 1442//1442
f 1443//1443 1441//1441 1281//1281
f 1444//1444 1282//1282 1442//1442
f 1283//1283 1443//1443 1281//1281
f 1284//1284 1282//1282 1444//1444
f 1445//1445 1443//1443 1283//1283
f 1446//1446 1284//1284 1444//1444
f 1285//1285 1445//1445 1283//1283
f 1286//1286 1284//1284 1446//1446
f 1447//1447 1445//1445 1285//1285
f 1448//1448 1286//1286 1446//1446
f 1287//1287 1447//1447 1285//1285
f 1288//1288 1286//1286 1448//1448
f 1449//1449 1447//1447 1287//1287
f 1450//1450 1288//1288 1448//1448
f 1289//1289 1449//1449 1287//1287
f 1290//1290 1288//1288 1450//1450
f 1451//1451 1449//1449 1289//1289
f 1452//1452 1290//1290 1450//1450
f 1291//1291 1451//1451 1289//1289
f 1292//1292 1290//1290 1452//1452
f 1453//1453 1451//1451 1291//1291
f 1454//1454 1292//1292 1452//1452
f 1293//1293 1453//1453 1291//1291
f 1294//1294 1292//1292 1454//1454
f 1455//1455 1453//1453 1293//1293
f 1456//1456 1294//1294 1454//1454
f 1295//1295 1455//1455 1293//1293
f 1296//1296 1294//1294 1456//1456
f 1457//1457 1455//1455 1295//1295
f 1458//1458 1296//1296 1456//1456
f 1297//1297 1457//1457 1295//1295
f 1298//1298 1296//1296 1458//1458
f 1459//1459 1457//1457 1297//1297
f 1460//1460 1298//1298 1458//1458
f 1299//1299 1459//1459 1297//1297
f 1300//1300 1298//1298 1460//1460
f 1461//1461 1459//1459 1299//1299
f 1462//1462 1300//1300 1460//1460
f 1301//1301 1461//1461 1299//1299
f 1302//1302 1300//1300 1462//1462
f 1463//1463 1461//1461 1301//1301
f 1464//1464 1302//1302 1462//1462
f 1303//1303 1463//1463 1301//1301
f 1304//1304 1302//1302 1464//1464
f 1465//1465 1463//1463 1303//1303
f 1466//1466 1304//1304 1464//1464
f 1305//1305 1465//1465 1303//1303
f 1306//1306 1304//1304 1466//1466
f 1467//1467 1465//1465 1305//1305
f 1468//1468 1306//1306 1466//1466
f 1307//1307 1467//1467 1305//1305
f 1308//1308 1306//1306 1468//1468
f 1469//1469 1467//1467 1307//1307
f 1470//1470 1308//1308 1468//1468
f 1309//1309 1469//1469 1307//1307
f 1310//1310 1308//1308 1470//1470
f 1471//1471 1469//1469 1309//1309
f 1472//1472 1310//1310 1470//1470
f 1311//1311 1471//1471 1309//1309
f 1312//1312 1310//1310 1472//1472
f 1473//1473 1471//1471 1311//1311
f 1474//1474 1312//1312 1472//1472
f 1313//1313 1473//1473 1311//1311
f 1314//1314 1312//1312 1474//1474
f 1475//1475 1473//1473 1313//1313
f 1476//1476 1314//1314 1474//1474
f 1315//1315 1475//1475 1313//1313
f 1316//1316 1314//1314 1476//1476
f 1477//1477 1475//1475 1315//1315
f 1478//1478 1316//1316 1476//1476
f 1317//1317 1477//1477 1315//1315
f 1318//1318 1316//1316 1478//1478
f 1479//1479 1477//1477 1317//1317
f 1480//1480 1318//1318 1478//1478
f 1319//1319 1479//1479 1317//1317
f 1320//1320 1318//1318 1480//1480
f 1481//1481 1479//1479 1319//1319
f 1482//1482 1320//1320 1480//1480
f 1321//1321 1481//1481 1319//1319
f 1322//1322 1320//1320 1482//1482
f 1483//1483 1481//1481 1321//1321
f 1484//1484 1322//1322 1482//1482
f 1323//1323 1483//1483 1321//1321
f 1324//1324 1322//1322 1484//1484
f 1485//1485 1483//1483 1323//1323
f 1486//1486 1324//1324 1484//1484
f 1325//1325 1485//1485 1323//1323
f 1326//1326 1324//1324 1486//1486
f 1487//1487 1485//1485 1325//1325
f 1488//1488 1326//1326 1486//1486
f 1327//1327 1487//1487 1325//1325
f 1328//1328 1326//1326 1488//1488
f 1489//1489 1487//1487 1327//1327
f 1490//1490 1328//1328 1488//1488
f 1329//1329 1489//1489 1327//1327
f 1330//1330 1328//1328 1490//1490
f 1491//1491 1489//1489 1329//1329
f 1492//1492 1330//1330 1490//1490
f 1331//1331 1491//1491 1329//1329
f 1332//1332 1330//1330 1492//1492
f 1493//1493 1491//1491 1331//1331
f 1494//1494 1332//1332 1492//1492
f 1333//1333 1493//1493 1331//1331
f 1334//1334 1332//1332 1494//1494
f 1495//1495 1493//1493 1333//1333
f 1496//1496 1334//1334 1494//1494
f 1335//1335 1495//1495 1333//1333
f 1336//1336 1334//1334 1496//1496
f 1497//1497 1495//1495 1335//1335
f 1498//1498 1336//1336 1496//1496
f 1337//1337 1497//1497 1335//1335
f 1338//1338 1336//1336 1498//1498
f 1499//1499 1497//1497 1337//1337
f 1500//1500 1338//1338 1498//1498
f 1339//1339 1499//1499 1337//1337
f 1340//1340 1338//1338 1500//1500
f 1501//1501 1499//1499 1339//1339
f 1502//1502 1340//1340 1500//1500
f 1341//1341 1501//1501 1339//1339
f 1342//1342 1340//1340 1502//1502
f 1503//1503 1501//1501 1341//1341
f 1504//1504 1342//1342 1502//1502
f 1343//1343 1503//1503 1341//1341
f 1344//1344 1342//1342 1504//1504
f 1505//1505 1503//1503 1343//1343
f 1506//1506 1344//1344 1504//1504
f 1345//1345 1505//1505 1343//1343
f 1346//1346 1344//1344 1506//1506
f 1507//1507 1505//1505 1345//1345
f 1508//1508 1346//1346 1506//1506
f 1347//1347 1507//1507 1345//1345
f 1348//1348 1346//1346 1508//1508
f 1509//1509 1507//1507 1347//1347
f 1510//1510 1348//1348 1508//1508
f 1349//1349 1509//1509 1347//1347
f 1350//1350 1348//1348 1510//1510
f 1511//1511 1509//1509 1349//1349
f 1512//1512 1350//1350 1510//1510
f 1351//1351 1511//1511 1349//1349
f 1352//1352 1350//1350 1512//1512
f 1513//1513 1511//1511 1351//1351
f 1514//1514 1352//1352 1512//1512
f 1353//1353 1513//1513 1351//1351
f 1354//1354 1352//1352 1514//1514
f 1515//1515 1513//1513 1353//1353
f 1516//1516 1354//1354 1514//1514
f 1355//1355 1515//1515 1353//1353
f 1356//1356 1354//1354 1516//1516
f 1517//1517 1515//1515 1355//1355
f 1518//1518 1356//1356 1516//1516
f 1357//1357 1517//1517 1355//1355
f 1358//1358 1356//1356 1518//1518
f 1519//1519 1517//1517 1357//1357
f 1520//1520 1358//1358 1518//1518
f 1359//1359 1519//1519 1357//1357
f 1360//1360 1358//1358 1520//1520
f 1521//1521 1519//1519 1359//1359
f 1522//1522 1360//1360 1520//1520
f 1361//1361 1521//1521 1359//1359
f 1362//1362 1360//1360 1522//1522
f 1523//1523 1521//1521 1361//1361
f 1524//1524 1362//1362 1522//1522
f 1363//1363 1523//1523 1361//1361
f 1364//1364 1362//1362 1524//1524
f 1525//1525 1523//1523 1363//1363
f 1526//1526 1364//1364 1524//1524
f 1365//1365 1525//1525 1363//1363
f 1366//1366 1364//1364 1526//1526
f 1527//1527 1525//1525 1365//1365
f 1528//1528 1366//1366 1526//1526
f 1367//1367 1527//1527 1365//1365
f 1368//1368 1366//1366 1528//1528
f 1529//1529 1527//1527 1367//1367
f 1530//1530 1368//1368 1528//1528
f 1369//1369 1529//1529 1367//1367
f 1370//1370 1368//1368 1530//1530
f 1531//1531 1529//1529 1369//1369
f 1532//1532 1370//1370 1530//1530
f 1371//1371 1531//1531 1369//1369
f 1372//1372 1370//1370 1532//1532
f 1533//1533 1531//1531 1371//1371
f 1534//1534 1372//1372 1532//1532
f 1373//1373 1533//1533 1371//1371
f 1374//1374 1372//1372 1534//1534
f 1535//1535 1533//1533 1373//1373
f 1536//1536 1374//1374 1534//1534
f 1375//1375 1535//1535 1373//1373
f 1376//1376 1374//1374 1536//1536
f 1537//1537 1535//1535 1375//1375
f 1538//1538 1376//1376 1536//1536
f 1377//1377 1537//1537 1375//1375
f 1378//1378 1376//1376 1538//1538
f 1539//1539 1537//1537 1377//1377
f 1540//1540 1378//1378 1538//1538
f 1379//1379 1539//1539 1377//1377
f 1380//1380 1378//1378 1540//1540
f 1541//1541 1539//1539 1379//1379
f 1542//1542 1380//1380 1540//1540
f 1381//1381 1541//1541 1379//1379
f 1382//1382 1380//1380 1542//1542
f 1543//1543 1541//1541 1381//1381
f 1544//1544 1382//1382 1542//1542
f 1383//1383 1543//1543 1381//1381
f 1384//1384 1382//1382 1544//1544
f 1545//1545 1543//1543 1383//1383
f 1546//1546 1384//1384 1544//1544
f 1385//1385 1545//1545 1383//1383
f 1386//1386 1384//1384 1546//1546
f 1547//1547 1545//1545 1385//1385
f 1548//1548 1386//1386 1546//1546
f 1387//1387 1547//1547 1385//1385
f 1388//1388 1386//1386 1548//1548
f 1549//1549 1547//1547 1387//1387
f 1550//1550 1388//1388 1548//1548
f 1389//1389 1549//1549 1387//1387
f 1390//1390 1388//1388 1550//1550
f 1551//1551 1549//1549 1389//1389
f 1552//1552 1390//1390 1550//1550
f 1391//1391 1551//1551 1389//1389
f 1392//1392 1390//1390 1552//1552
f 1553//1553 1551//1551 1391//1391
f 1554//1554 1392//1392 1552//1552
f 1393//1393 1553//1553 1391//1391
f 1394//1394 1392//1392 1554//1554
f 1555//1555 1553//1553 1393//1393
f 1556//1556 1394//1394 1554//1554
f 1395//1395 1555//1555 1393//1393
f 1396//1396 1394//1394 1556//1556
f 1557//1557 1555//1555 1395//1395
f 1558//1558 1396//1396 1556//1556
f 1397//1397 1557//1557 1395//1395
f 1398//1398 1396//1396 1558//1558
f 1559//1559 1557//1557 1397//1397
f 1560//1560 1398//1398 1558//1558
f 1399//1399 1559//1559 1397//1397
f 1400//1400 1398//1398 1560//1560
f 1561//1561 1559//1559 1399//1399
f 1562//1562 1400//1400 1560//1560
f 1401//1401 1561//1561 1399//1399
f 1402//1402 1400//1400 1562//1562
f 1563//1563 1561//1561 1401//1401
f 1564//1564 1402//1402 1562//1562
f 1403//1403 1563//1563 1401//1401
f 1404//1404 1402//1402 1564//1564
f 1565//1565 1563//1563 1403//1403
f 1566//1566 1404//1404 1564//1564
f 1405//1405 1565//1565 1403//1403
f 1406//1406 1404//1404 1566//1566
f 1567//1567 1565//1565 1405//1405
f 1568//1568 1406//1406 1566//1566
f 1407//1407 1567//1567 1405//1405
f 1408//1408 1406//1406 1568//1568
f 1569//1569 1567//1567 1407//1407
f 1570//1570 1408//1408 1568//1568
f 1409//1409 1569//1569 1407//1407
f 1410//1410 1408//1408 1570//1570
f 1571//1571 1569//1569 1409//1409
f 1572//1572 1410//1410 1570//1570
f 1411//1411 1571//1571 1409//1409
f 1412//1412 1410//1410 1572//1572
f 1573//1573 1571//1571 1411//1411
f 1574//1574 1412//1412 1572//1572
f 1413//1413 1573//1573 1411//1411
f 1414//1414 1412//1412 1574//1574
f 1575//1575 1573//1573 1413//1413
f 1576//1576 1414//1414 1574//1574
f 1415//1415 1575//1575 1413//1413
f 1416//1416 1414//1414 1576//1576
f 1577//1577 1575//1575 1415//1415
f 1578//1578 1416//1416 1576//1576
f 1417//1417 1577//1577 1415//1415
f 1418//1418 1416//1416 1578//1578
f 1579//1579 1577//1577 1417//1417
f 1580//1580 1418//1418 1578//1578
f 1419//1419 1579//1579 1417//1417
f 1420//1420 1418//1418 1580//1580
f 1581//1581 1579//1579 1419//1419
f 1582//1582 1420//1420 1580//1580
f 1421//1421 1581//1581 1419//1419
f 1422//1422 1420//1420 1582//1582
f 1583//1583 1581//1581 1421//1421
f 1584//1584 1422//1422 1582//1582
f 1585//1585 1583//1583 1421//1421
f 1586//1586 1422//1422 1584//1584
f 1423//1423 1585//1585 1421//1421
f 1424//1424 1422//1422 1586//1586
f 1587//1587 1585//1585 1423//1423
f 1588//1588 1424//1424 1586//1586
f 1425//1425 1587//1587 1423//1423
f 1426//1426 1424//1424 1588//1588
f 1427//1427 1587//1587 1425//1425
f 1428//1428 1426//1426 1588//1588
f 1589//1589 1587//1587 1427//1427
f 1590//1590 1428//1428 1588//1588
f 1429//1429 1589//1589 1427//1427
f 1430//1430 1428//1428 1590//1590
f 1591//1591 1589//1589 1429//1429
f 1592//1592 1430//1430 1590//1590
f 1593//1593 1591//1591 1429//1429
f 1594//1594 1430//1430 1592//1592
f 1431//1431 1593//1593 1429//1429
f 1432//1432 1430//1430 1594//1594
f 1433//1433 1593//1593 1431//1431
f 1434//1434 1432//1432 1594//1594
f 1595//1595 1593//1593 1433//1433
f 1596//1596 1434//1434 1594//1594
f 1435//1435 1595//1595 1433//1433
f 1436//1436 1434//1434 1596//1596
f 1597//1597 1595//1595 1435//1435
f 1598//1598 1436//1436 1596//1596
f 1437//1437 1597//1597 1435//1435
f 1438//1438 1436//1436 1598//1598
f 1599//1599 1597//1597 1437//1437
f 1600//1600 1438//1438 1598//1598
f 4987//4987 1599//1599 1437//1437
f 4987//4987 1438//1438 1600//1600
f 4989//4989 1599//1599 4987//4987
f 4989//4989 4987//4987 1600//1600
f 1601//1601 4990//4990 4988//4988
f 1602//1602 4988//4988 4990//4990
f 1603//1603 1601//1601 4988//4988
f 1604//1604 4988//4988 1602//1602
f 1439//1439 1603//1603 4988//4988
f 1440//1440 4988//4988 1604//1604
f 1605//1605 1603//1603 1439//1439
f 1606//1606 1440//1440 1604//1604
f 1441//1441 1605//1605 1439//1439
f 1442//1442 1440//1440 1606//1606
f 1607//1607 1605//1605 1441//1441
f 1608//1608 1442//1442 1606//1606
f 1443//1443 1607//1607 1441//1441
f 1444//1444 1442//1442 1608//1608
f 1445//1445 1607//1607 1443//1443
f 1446//1446 1444//1444 1608//1608
f 1609//1609 1607//1607 1445//1445
f 1610//1610 1446//1446 1608//1608
f 1447//1447 1609//1609 1445//1445
f 1448//1448 1446//1446 1610//1610
f 1611//1611 1609//1609 1447//1447
f 1612//1612 1448//1448 1610//1610
f 1449//1449 1611//1611 1447//1447
f 1450//1450 1448//1448 1612//1612
f 1613//1613 1611//1611 1449//1449
f 1614//1614 1450//1450 1612//1612
f 1451//1451 1613//1613 1449//1449
f 1452//1452 1450//1450 1614//1614
f 1615//1615 1613//1613 1451//1451
f 1616//1616 1452//1452 1614//1614
f 1453//1453 1615//1615 1451//1451
f 1454//1454 1452//1452 1616//1616
f 1617//1617 1615//1615 1453//1453
f 1618//1618 1454//1454 1616//1616
f 1455//1455 1617//1617 1453//1453
f 1456//1456 1454//1454 1618//1618
f 1619//1619 1617//1617 1455//1455
f 1620//1620 1456//1456 1618//1618
f 1457//1457 1619//1619 1455//1455
f 1458//1458 1456//1456 1620//1620
f 1621//1621 1619//1619 1457//1457
f 1622//1622 1458//1458 1620//1620
f 1459//1459 1621//1621 1457//1457
f 1460//1460 1458//1458 1622//1622
f 1623//1623 1621//1621 1459//1459
f 1624//1624 1460//1460 1622//1622
f 1461//1461 1623//1623 1459//1459
f 1462//1462 1460//1460 1624//1624
f 1625//1625 1623//1623 1461//1461
f 1626//1626 1462//1462 1624//1624
f 1463//1463 1625//1625 1461//1461
f 1464//1464 1462//1462 1626//1626
f 1627//1627 1625//1625 1463//1463
f 1628//1628 1464//1464 1626//1626
f 1465//1465 1627//1627 1463//1463
f 1466//1466 1464//1464 1628//1628
f 1629//1629 1627//1627 1465//1465
f 1630//1630 1466//1466 1628//1628
f 1467//1467 1629//1629 1465//1465
f 1468//1468 1466//1466 1630//1630
f 1631//1631 1629//1629 1467//1467
f 1632//1632 1468//1468 1630//1630
f 1469//1469 1631//1631 1467//1467
f 1470//1470 1468//1468 1632//1632
f 1633//1633 1631//1631 1469//1469
f 1634//1634 1470//1470 1632//1632
f 1471//1471 1633//1633 1469//1469
f 1472//1472 1470//1470 1634//1634
f 1635//1635 1633//1633 1471//1471
f 1636//1636 1472//1472 1634//1634
f 1473//1473 1635//1635 1471//1471
f 1474//1474 1472//1472 1636//1636
f 1637//1637 1635//1635 1473//1473
f 1638//1638 1474//1474 1636//1636
f 1475//1475 1637//1637 1473//1473
f 1476//1476 1474//1474 1638//1638
f 1639//1639 1637//1637 1475//1475
f 1640//1640 1476//1476 1638//1638
f 1477//1477 1639//1639 1475//1475
f 1478//1478 1476//1476 1640//1640
f 1641//1641 1639//1639 1477//1477
f 1642//1642 1478//1478 1640//1640
f 1479//1479 1641//1641 1477//1477
f 1480//1480 1478//1478 1642//1642
f 1643//1643 1641//1641 1479//1479
f 1644//1644 1480//1480 1642//1642
f 1481//1481 1643//1643 1479//1479
f 1482//1482 1480//1480 1644//1644
f 1645//1645 1643//1643 1481//1481
f 1646//1646 1482//1482 1644//1644
f 1483//1483 1645//1645 1481//1481
f 1484//1484 1482//1482 1646//1646
f 1647//1647 1645//1645 1483//1483
f 1648//1648 1484//1484 1646//1646
f 1485//1485 1647//1647 1483//1483
f 1486//1486 1484//1484 1648//1648
f 1649//1649 1647//1647 1485//1485
f 1650//1650 1486//1486 1648//1648
f 1487//1487 1649//1649 1485//1485
f 1488//1488 1486//1486 1650//1650
f 1651//1651 1649//1649 1487//1487
f 1652//1652 1488//1488 1650//1650
f 1489//1489 1651//1651 1487//1487
f 1490//1490 1488//1488 1652//1652
f 1653//1653 1651//1651 1489//1489
f 1654//1654 1490//1490 1652//1652
f 1491//1491 1653//1653 1489//1489
f 1492//1492 1490//1490 1654//1654
f 1655//1655 1653//1653 1491//1491
f 1656//1656 1492//1492 1654//1654
f 1493//1493 1655//1655 1491//1491
f 1494//1494 1492//1492 1656//1656
f 1657//1657 1655//1655 1493//1493
f 1658//1658 1494//1494 1656//1656
f 1495//1495 1657//1657 1493//1493
f 1496//1496 1494//1494 1658//1658
f 1659//1659 1657//1657 1495//1495
f 1660//1660 1496//1496 1658//1658
f 1497//1497 1659//1659 1495//1495
f 1498//1498 1496//1496 1660//1660
f 1661//1661 1659//1659 1497//1497
f 1662//1662 1498//1498 1660//1660
f 1499//1499 1661//1661 1497//1497
f 1500//1500 1498//1498 1662//1662
f 1663//1663 1661//1661 1499//1499
f 1664//1664 1500//1500 1662//1662
f 1501//1501 1663//1663 1499//1499
f 1502//1502 1500//1500 1664//1664
f 1665//1665 1663//1663 1501//1501
f 1666//1666 1502//1502 1664//1664
f 1503//1503 1665//1665 1501//1501
f 1504//1504 1502//1502 1666//1666
f 1667//1667 1665//1665 1503//1503
f 1668//1668 1504//1504 1666//1666
f 1505//1505 1667//1667 1503//1503
f 1506//1506 1504//1504 1668//1668
f 1669//1669 1667//1667 1505//1505
f 1670//1670 1506//1506 1668//1668
f 1507//1507 1669//1669 1505//1505
f 1508//1508 1506//1506 1670//1670
f 1671//1671 1669//1669 1507//1507
f 1672//1672 1508//1508 1670//1670
f 1509//1509 1671//1671 1507//1507
f 1510//1510 1508//1508 1672//1672
f 1673//1673 1671//1671 1509//1509
f 1674//1674 1510//1510 1672//1672
f 1511//1511 1673//1673 1509//1509
f 1512//1512 1510//1510 1674//1674
f 1675//1675 1673//1673 1511//1511
f 1676//1676 1512//1512 1674//1674
f 1513//1513 1675//1675 1511//1511
f 1514//1514 1512//1512 1676//1676
f 1677//1677 1675//1675 1513//1513
f 1678//1678 1514//1514 1676//1676
f 1515//1515 1677//1677 1513//1513
f 1516//1516 1514//1514 1678//1678
f 1679//1679 1677//1677 1515//1515
f 1680//1680 1516//1516 1678//1678
f 1517//1517 1679//1679 1515//1515
f 1518//1518 1516//1516 1680//1680
f 1681//1681 1679//1679 1517//1517
f 1682//1682 1518//1518 1680//1680
f 1519//1519 1681//1681 1517//1517
f 1520//1520 1518//1518 1682//1682
f 1683//1683 1681//1681 1519//1519
f 1684//1684 1520//1520 1682//1682
f 1521//1521 1683//1683 1519//1519
f 1522//1522 1520//1520 1684//1684
f 1685//1685 1683//1683 1521//1521
f 1686//1686 1522//1522 1684//1684
f 1523//1523 1685//1685 1521//1521
f 1524//1524 1522//1522 1686//1686
f 1687//1687 1685//1685 1523//1523
f 1688//1688 1524//1524 1686//1686
f 1525//1525 1687//1687 1523//1523
f 1526//1526 1524//1524 1688//1688
f 1689//1689 1687//1687 1525//1525
f 1690//1690 1526//1526 1688//1688
f 1527//1527 1689//1689 1525//1525
f 1528//1528 1526//1526 1690//1690
f 1691//1691 1689//1689 1527//1527
f 1692//1692 1528//1528 1690//1690
f 1529//1529 1691//1691 1527//1527
f 1530//1530 1528//1528 1692//1692
f 1693//1693 1691//1691 1529//1529
f 1694//1694 1530//1530 1692//1692
f 1531//1531 1693//1693 1529//1529
f 1532//1532 1530//1530 1694//1694
f 1695//1695 1693//1693 1531//1531
f 1696//1696 1532//1532 1694//1694
f 1533//1533 1695//1695 1531//1531
f 1534//1534 1532//1532 1696//1696
f 1697//1697 1695//1695 1533//1533
f 1698//1698 1534//1534 1696//1696
f 1535//1535 1697//1697 1533//1533
f 1536//1536 1534//1534 1698//1698
f 1699//1699 1697//1697 1535//1535
f 1700//1700 1536//1536 1698//1698
f 1537//1537 1699//1699 1535//1535
f 1538//1538 1536//1536 1700//1700
f 1701//1701 1699//1699 1537//1537
f 1702//1702 1538//1538 1700//1700
f 1539//1539 1701//1701 1537//1537
f 1540//1540 1538//1538 1702//1702
f 1703//1703 1701//1701 1539//1539
f 1704//1704 1540//1540 1702//1702
f 1541//1541 1703//1703 1539//1539
f 1542//1542 1540//1540 1704//1704
f 1705//1705 1703//1703 1541//1541
f 1706//1706 1542//1542 1704//1704
f 1543//1543 1705//1705 1541//1541
f 1544//1544 1542//1542 1706//1706
f 1707//1707 1705//1705 1543//1543
f 1708//1708 1544//1544 1706//1706
f 1545//1545 1707//1707 1543//1543
f 1546//1546 1544//1544 1708//1708
f 1709//1709 1707//1707 1545//1545
f 1710//1710 1546//1546 1708//1708
f 1547//1547 1709//1709 1545//1545
f 1548//1548 1546//1546 1710//1710
f 1711//1711 1709//1709 1547//1547
f 1712//1712 1548//1548 1710//1710
f 1549//1549 1711//1711 1547//1547
f 1550//1550 1548//1548 1712//1712
f 1713//1713 1711//1711 1549//1549
f 1714//1714 1550//1550 1712//1712
f 1551//1551 1713//1713 1549//1549
f 1552//1552 1550//1550 1714//1714
f 1715//1715 1713//1713 1551//1551
f 1716//1716 1552//1552 1714//1714
f 1553//1553 1715//1715 1551//1551
f 1554//1554 1552//1552 1716//1716
f 1717//1717 1715//1715 1553//1553
f 1718//1718 1554//1554 1716//1716
f 1555//1555 1717//1717 1553//1553
f 1556//1556 1554//1554 1718//1718
f 1719//1719 1717//1717 1555//1555
f 1720//1720 1556//1556 1718//1718
f 1557//1557 1719//1719 1555//1555
f 1558//1558 1556//1556 1720//1720
f 1721//1721 1719//1719 1557//1557
f 1722//1722 1558//1558 1720//1720
f 1559//1559 1721//1721 1557//1557
f 1560//1560 1558//1558 1722//1722
f 1723//1723 1721//1721 1559//1559
f 1724//1724 1560//1560 1722//1722
f 1561//1561 1723//1723 1559//1559
f 1562//1562 1560//1560 1724//1724
f 1725//1725 1723//1723 1561//1561
f 1726//1726 1562//1562 1724//1724
f 1563//1563 1725//1725 1561//1561
f 1564//1564 1562//1562 1726//1726
f 1727//1727 1725//1725 1563//1563
f 1728//1728 1564//1564 1726//1726
f 1565//1565 1727//1727 1563//1563
f 1566//1566 1564//1564 1728//1728
f 1729//1729 1727//1727 1565//1565
f 1730//1730 1566//1566 1728//1728
f 1567//1567 1729//1729 1565//1565
f 1568//1568 1566//1566 1730//1730
f 1731//1731 1729//1729 1567//1567
f 1732//1732 1568//1568 1730//1730
f 1569//1569 1731//1731 1567//1567
f 1570//1570 1568//1568 1732//1732
f 1733//1733 1731//1731 1569//1569
f 1734//1734 1570//1570 1732//1732
f 1571//1571 1733//1733 1569//1569
f 1572//1572 1570//1570 1734//1734
f 1735//1735 1733//1733 1571//1571
f 1736//1736 1572//1572 1734//1734
f 1573//1573 1735//1735 1571//1571
f 1574//1574 1572//1572 1736//1736
f 1737//1737 1735//1735 1573//1573
f 1738//1738 1574//1574 1736//1736
f 1575//1575 1737//1737 1573//1573
f 1576//1576 1574//1574 1738//1738
f 1739//1739 1737//1737 1575//1575
f 1740//1740 1576//1576 1738//1738
f 1577//1577 1739//1739 1575//1575
f 1578//1578 1576//1576 1740//1740
f 1741//1741 1739//1739 1577//1577
f 1742//1742 1578//1578 1740//1740
f 1579//1579 1741//1741 1577//1577
f 1580//1580 1578//1578 1742//1742
f 1743//1743 1741//1741 1579//1579
f 1744//1744 1580//1580 1742//1742
f 1581//1581 1743//1743 1579//1579
f 1582//1582 1580//1580 1744//1744
f 1745//1745 1743//1743 1581//1581
f 1746//1746 1582//1582 1744//1744
f 1583//1583 1745//1745 1581//1581
f 1584//1584 1582//1582 1746//1746
f 1747//1747 1745//1745 1583//1583
f 1748//1748 1584//1584 1746//1746
f 1585//1585 1747//1747 1583//1583
f 1586//1586 1584//1584 1748//1748
f 1749//1749 1747//1747 1585//1585
f 1750//1750 1586//1586 1748//1748
f 1587//1587 1749//1749 1585//1585
f 1588//1588 1586//1586 1750//1750
f 1751//1751 1749//1749 1587//1587
f 1752//1752 1588//1588 1750//1750
f 1589//1589 1751//1751 1587//1587
f 1590//1590 1588//1588 1752//1752
f 1753//1753 1751//1751 1589//1589
f 1754//1754 1590//1590 1752//1752
f 1591//1591 1753//1753 1589//1589
f 1592//1592 1590//1590 1754//1754
f 1755//1755 1753//1753 1591//1591
f 1756//1756 1592//1592 1754//1754
f 1593//1593 1755//1755 1591//1591
f 1594//1594 1592//1592 1756//1756
f 1757//1757 1755//1755 1593//1593
f 1758//1758 1594//1594 1756//1756
f 1595//1595 1757//1757 1593//1593
f 1596//1596 1594//1594 1758//1758
f 1759//1759 1757//1757 1595//1595
f 1760//1760 1596//1596 1758//1758
f 1597//1597 1759//1759 1595//1595
f 1598//1598 1596//1596 1760//1760
f 1761//1761 1759//1759 1597//1597
f 1762//1762 1598//1598 1760//1760
f 1599//1599 1761//1761 1597//1597
f 1600//1600 1598//1598 1762//1762
f 1763//1763 1761//1761 1599//1599
f 1764//1764 1600//1600 1762//1762
f 4989//4989 1763//1763 1599//1599
f 4989//4989 1600//1600 1764//1764
f 4991//4991 1763//1763 4989//4989
f 4991//4991 4989//4989 1764//1764
f 1601//1601 4992//4992 4990//4990
f 1602//1602 4990//4990 4992//4992
f 1765//1765 4992//4992 1601//1601
f 1766//1766 1602//1602 4992//4992
f 1603//1603 1765//1765 1601//1601
f 1604//1604 1602//1602 1766//1766
f 1767//1767 1765//1765 1603//1603
f 1768//1768 1604//1604 1766//1766
f 1605//1605 1767//1767 1603//1603
f 1606//1606 1604//1604 1768//1768
f 1769//1769 1767//1767 1605//1605
f 1770//1770 1606//1606 1768//1768
f 1607//1607 1769//1769 1605//1605
f 1608//1608 1606//1606 1770//1770
f 1771//1771 1769//1769 1607//1607
f 1772//1772 1608//1608 1770//1770
f 1609//1609 1771//1771 1607//1607
f 1610//1610 1608//1608 1772//1772
f 1773//1773 1771//1771 1609//1609
f 1774//1774 1610//1610 1772//1772
f 1775//1775 1773//1773 1609//1609
f 1776//1776 1610//1610 1774//1774
f 1611//1611 1775//1775 1609//1609
f 1612//1612 1610//1610 1776//1776
f 1777//1777 1775//1775 1611//1611
f 1778//1778 1612//1612 1776//1776
f 1613//1613 1777//1777 1611//1611
f 1614//1614 1612//1612 1778//1778
f 1779//1779 1777//1777 1613//1613
f 1780//1780 1614//1614 1778//1778
f 1615//1615 1779//1779 1613//1613
f 1616//1616 1614//1614 1780//1780
f 1781//1781 1779//1779 1615//1615
f 1782//1782 1616//1616 1780//1780
f 1617//1617 1781//1781 1615//1615
f 1618//1618 1616//1616 1782//1782
f 1783//1783 1781//1781 1617//1617
f 1784//1784 1618//1618 1782//1782
f 1619//1619 1783//1783 1617//1617
f 1620//1620 1618//1618 1784//1784
f 1785//1785 1783//1783 1619//1619
f 1786//1786 1620//1620 1784//1784
f 1621//1621 1785//1785 1619//1619
f 1622//1622 1620//1620 1786//1786
f 1787//1787 1785//1785 1621//1621
f 1788//1788 1622//1622 1786//1786
f 1623//1623 1787//1787 1621//1621
f 1624//1624 1622//1622 1788//1788
f 1789//1789 1787//1787 1623//1623
f 1790//1790 1624//1624 1788//1788
f 1625//1625 1789//1789 1623//1623
f 1626//1626 1624//1624 1790//1790
f 1791//1791 1789//1789 1625//1625
f 1792//1792 1626//1626 1790//1790
f 1627//1627 1791//1791 1625//1625
f 1628//1628 1626//1626 1792//1792
f 1793//1793 1791//1791 1627//1627
f 1794//1794 1628//1628 1792//1792
f 1629//1629 1793//1793 1627//1627
f 1630//1630 1628//1628 1794//1794
f 1795//1795 1793//1793 1629//1629
f 1796//1796 1630//1630 1794//1794
f 1631//1631 1795//1795 1629//1629
f 1632//1632 1630//1630 1796//1796
f 1797//1797 1795//1795 1631//1631
f 1798//1798 1632//1632 1796//1796
f 1633//1633 1797//1797 1631//1631
f 1634//1634 1632//1632 1798//1798
f 1799//1799 1797//1797 1633//1633
f 1800//1800 1634//1634 1798//1798
f 1635//1635 1799//1799 1633//1633
f 1636//1636 1634//1634 1800//1800
f 1801//1801 1799//1799 1635//1635
f 1802//1802 1636//1636 1800//1800
f 1637//1637 1801//1801 1635//1635
f 1638//1638 1636//1636 1802//1802
f 1803//1803 1801//1801 1637//1637
f 1804//1804 1638//1638 1802//1802
f 1639//1639 1803//1803 1637//1637
f 1640//1640 1638//1638 1804//1804
f 1805//1805 1803//1803 1639//1639
f 1806//1806 1640//1640 1804//1804
f 1641//1641 1805//1805 1639//1639
f 1642//1642 1640//1640 1806//1806
f 1807//1807 1805//1805 1641//1641
f 1808//1808 1642//1642 1806//1806
f 1643//1643 1807//1807 1641//1641
f 1644//1644 1642//1642 1808//1808
f 1645//1645 1807//1807 1643//1643
f 1646//1646 1644//1644 1808//1808
f 1809//1809 1807//1807 1645//1645
f 1810//1810 1646//1646 1808//1808
f 1647//1647 1809//1809 1645//1645
f 1648//1648 1646//1646 1810//1810
f 1811//1811 1809//1809 1647//1647
f 1812//1812 1648//1648 1810//1810
f 1813//1813 1811//1811 1647//1647
f 1814//1814 1648//1648 1812//1812
f 1649//1649 1813//1813 1647//1647
f 1650//1650 1648//1648 1814//1814
f 1815//1815 1813//1813 1649//1649
f 1816//1816 1650//1650 1814//1814
f 1651//1651 1815//1815 1649//1649
f 1652//1652 1650//1650 1816//1816
f 1817//1817 1815//1815 1651//1651
f 1818//1818 1652//1652 1816//1816
f 1653//1653 1817//1817 1651//1651
f 1654//1654 1652//1652 1818//1818
f 1819//1819 1817//1817 1653//1653
f 1820//1820 1654//1654 1818//1818
f 1655//1655 1819//1819 1653//1653
f 1656//1656 1654//1654 1820//1820
f 1821//1821 1819//1819 1655//1655
f 1822//1822 1656//1656 1820//1820
f 1657//1657 1821//1821 1655//1655
f 1658//1658 1656//1656 1822//1822
f 1659//1659 1821//1821 1657//1657
f 1660//1660 1658//1658 1822//1822
f 1823//1823 1821//1821 1659//1659
f 1824//1824 1660//1660 1822//1822
f 1661//1661 1823//1823 1659//1659
f 1662//1662 1660//1660 1824//1824
f 1825//1825 1823//1823 1661//1661
f 1826//1826 1662//1662 1824//1824
f 1663//1663 1825//1825 1661//1661
f 1664//1664 1662//1662 1826//1826
f 1827//1827 1825//1825 1663//1663
f 1828//1828 1664//1664 1826//1826
f 1665//1665 1827//1827 1663//1663
f 1666//1666 1664//1664 1828//1828
f 1829//1829 1827//1827 1665//1665
f 1830//1830 1666//1666 1828//1828
f 1667//1667 1829//1829 1665//1665
f 1668//1668 1666//1666 1830//1830
f 1831//1831 1829//1829 1667//1667
f 1832//1832 1668//1668 1830//1830
f 1669//1669 1831//1831 1667//1667
f 1670//1670 1668//1668 1832//1832
f 1833//1833 1831//1831 1669//1669
f 1834//1834 1670//1670 1832//1832
f 1671//1671 1833//1833 1669//1669
f 1672//1672 1670//1670 1834//1834
f 1835//1835 1833//1833 1671//1671
f 1836//1836 1672//1672 1834//1834
f 1673//1673 1835//1835 1671//1671
f 1674//1674 1672//1672 1836//1836
f 1837//1837 1835//1835 1673//1673
f 1838//1838 1674//1674 1836//1836
f 1675//1675 1837//1837 1673//1673
f 1676//1676 1674//1674 1838//1838
f 1839//1839 1837//1837 1675//1675
f 1840//1840 1676//1676 1838//1838
f 1677//1677 1839//1839 1675//1675
f 1678//1678 1676//1676 1840//1840
f 1841//1841 1839//1839 1677//1677
f 1842//1842 1678//1678 1840//1840
f 1843//1843 1841//1841 1677//1677
f 1844//1844 1678//1678 1842//1842
f 1679//1679 1843//1843 1677//1677
f 1680//1680 1678//1678 1844//1844
f 1845//1845 1843//1843 1679//1679
f 1846//1846 1680//1680 1844//1844
f 1681//1681 1845//1845 1679//1679
f 1682//1682 1680//1680 1846//1846
f 1847//1847 1845//1845 1681//1681
f 1848//1848 1682//1682 1846//1846
f 1683//1683 1847//1847 1681//1681
f 1684//1684 1682//1682 1848//1848
f 1849//1849 1847//1847 1683//1683
f 1850//1850 1684//1684 1848//1848
f 1685//1685 1849//1849 1683//1683
f 1686//1686 1684//1684 1850//1850
f 1851//1851 1849//1849 1685//1685
f 1852//1852 1686//1686 1850//1850
f 1687//1687 1851//1851 1685//1685
f 1688//1688 1686//1686 1852//1852
f 1853//1853 1851//1851 1687//1687
f 1854//1854 1688//1688 1852//1852
f 1689//1689 1853//1853 1687//1687
f 1690//1690 1688//1688 1854//1854
f 1855//1855 1853//1853 1689//1689
f 1856//1856 1690//1690 1854//1854
f 1691//1691 1855//1855 1689//1689
f 1692//1692 1690//1690 1856//1856
f 1857//1857 1855//1855 1691//1691
f 1858//1858 1692//1692 1856//1856
f 1693//1693 1857//1857 1691//1691
f 1694//1694 1692//1692 1858//1858
f 1859//1859 1857//1857 1693//1693
f 1860//1860 1694//1694 1858//1858
f 1695//1695 1859//1859 1693//1693
f 1696//1696 1694//1694 1860//1860
f 1861//1861 1859//1859 1695//1695
f 1862//1862 1696//1696 1860//1860
f 1697//1697 1861//1861 1695//1695
f 1698//1698 1696//1696 1862//1862
f 1863//1863 1861//1861 1697//1697
f 1864//1864 1698//1698 1862//1862
f 1699//1699 1863//1863 1697//1697
f 1700//1700 1698//1698 1864//1864
f 1865//1865 1863//1863 1699//1699
f 1866//1866 1700//1700 1864//1864
f 1701//1701 1865//1865 1699//1699
f 1702//1702 1700//1700 1866//1866
f 1867//1867 1865//1865 1701//1701
f 1868//1868 1702//1702 1866//1866
f 1703//1703 1867//1867 1701//1701
f 1704//1704 1702//1702 1868//1868
f 1869//1869 1867//1867 1703//1703
f 1870//1870 1704//1704 1868//1868
f 1705//1705 1869//1869 1703//1703
f 1706//1706 1704//1704 1870//1870
f 1871//1871 1869//1869 1705//1705
f 1872//1872 1706//1706 1870//1870
f 1707//1707 1871//1871 1705//1705
f 1708//1708 1706//1706 1872//1872
f 1873//1873 1871//1871 1707//1707
f 1874//1874 1708//1708 1872//1872
f 1709//1709 1873//1873 1707//1707
f 1710//1710 1708//1708 1874//1874
f 1875//1875 1873//1873 1709//1709
f 1876//1876 1710//1710 1874//1874
f 1711//1711 1875//1875 1709//1709
f 1712//1712 1710//1710 1876//1876
f 1877//1877 1875//1875 1711//1711
f 1878//1878 1712//1712 1876//1876
f 1713//1713 1877//1877 1711//1711
f 1714//1714 1712//1712 1878//1878
f 1879//1879 1877//1877 1713//1713
f 1880//1880 1714//1714 1878//1878
f 1715//1715 1879//1879 1713//1713
f 1716//1716 1714//1714 1880//1880
f 1881//1881 1879//1879 1715//1715
f 1882//1882 1716//1716 1880//1880
f 1717//1717 1881//1881 1715//1715
f 1718//1718 1716//1716 1882//1882
f 1883//1883 1881//1881 1717//1717
f 1884//1884 1718//1718 1882//1882
f 1719//1719 1883//1883 1717//1717
f 1720//1720 1718//1718 1884//1884
f 1885//1885 1883//1883 1719//1719
f 1886//1886 1720//1720 1884//1884
f 1721//1721 1885//1885 1719//1719
f 1722//1722 1720//1720 1886//1886
f 1887//1887 1885//1885 1721//1721
f 1888//1888 1722//1722 1886//1886
f 1723//1723 1887//1887 1721//1721
f 1724//1724 1722//1722 1888//1888
f 1889//1889 1887//1887 1723//1723
f 1890//1890 1724//1724 1888//1888
f 1725//1725 1889//1889 1723//1723
f 1726//1726 1724//1724 1890//1890
f 1727//1727 1889//1889 1725//1725
f 1728//1728 1726//1726 1890//1890
f 1891//1891 1889//1889 1727//1727
f 1892//1892 1728//1728 1890//1890
f 1729//1729 1891//1891 1727//1727
f 1730//1730 1728//1728 1892//1892
f 1893//1893 1891//1891 1729//1729
f 1894//1894 1730//1730 1892//1892
f 1731//1731 1893//1893 1729//1729
f 1732//1732 1730//1730 1894//1894
f 1895//1895 1893//1893 1731//1731
f 1896//1896 1732//1732 1894//1894
f 1733//1733 1895//1895 1731//1731
f 1734//1734 1732//1732 1896//1896
f 1897//1897 1895//1895 1733//1733
f 1898//1898 1734//1734 1896//1896
f 1735//1735 1897//1897 1733//1733
f 1736//1736 1734//1734 1898//1898
f 1899//1899 1897//1897 1735//1735
f 1900//1900 1736//1736 1898//1898
f 1737//1737 1899//1899 1735//1735
f 1738//1738 1736//1736 1900//1900
f 1901//1901 1899//1899 1737//1737
f 1902//1902 1738//1738 1900//1900
f 1739//1739 1901//1901 1737//1737
f 1740//1740 1738//1738 1902//1902
f 1903//1903 1901//1901 1739//1739
f 1904//1904 1740//1740 1902//1902
f 1905//1905 1903//1903 1739//1739
f 1906//1906 1740//1740 1904//1904
f 1741//1741 1905//1905 1739//1739
f 1742//1742 1740//1740 1906//1906
f 1907//1907 1905//1905 1741//1741
f 1908//1908 1742//1742 1906//1906
f 1743//1743 1907//1907 1741//1741
f 1744//1744 1742//1742 1908//1908
f 1745//1745 1907//1907 1743//1743
f 1746//1746 1744//1744 1908//1908
f 1909//1909 1907//1907 1745//1745
f 1910//1910 1746//1746 1908//1908
f 1747//1747 1909//1909 1745//1745
f 1748//1748 1746//1746 1910//1910
f 1911//1911 1909//1909 1747//1747
f 1912//1912 1748//1748 1910//1910
f 1749//1749 1911//1911 1747//1747
f 1750//1750 1748//1748 1912//1912
f 1913//1913 1911//1911 1749//1749
f 1914//1914 1750//1750 1912//1912
f 1751//1751 1913//1913 1749//1749
f 1752//1752 1750//1750 1914//1914
f 1915//1915 1913//1913 1751//1751
f 1916//1916 1752//1752 1914//1914
f 1917//1917 1915//1915 1751//1751
f 1918//1918 1752//1752 1916//1916
f 1753//1753 1917//1917 1751//1751
f 1754//1754 1752//1752 1918//1918
f 1919//1919 1917//1917 1753//1753
f 1920//1920 1754//1754 1918//1918
f 1755//1755 1919//1919 1753//1753
f 1756//1756 1754//1754 1920//1920
f 1921//1921 1919//1919 1755//1755
f 1922//1922 1756//1756 1920//1920
f 1757//1757 1921//1921 1755//1755
f 1758//1758 1756//1756 1922//1922
f 1923//1923 1921//1921 1757//1757
f 1924//1924 1758//1758 1922//1922
f 1759//1759 1923//1923 1757//1757
f 1760//1760 1758//1758 1924//1924
f 1761//1761 1923//1923 1759//1759
f 1762//1762 1760//1760 1924//1924
f 1925//1925 1923//1923 1761//1761
f 1926//1926 1762//1762 1924//1924
f 1763//1763 1925//1925 1761//1761
f 1764//1764 1762//1762 1926//1926
f 1927//1927 1925//1925 1763//1763
f 1928//1928 1764//1764 1926//1926
f 4991//4991 1927//1927 1763//1763
f 4991//4991 1764//1764 1928//1928
f 4993//4993 1927//1927 4991//4991
f 4993//4993 4991//4991 1928//1928
f 1929//1929 4994//4994 4992//4992
f 1930//1930 4992//4992 4994//4994
f 1931//1931 1929//1929 4992//4992
f 1932//1932 4992//4992 1930//1930
f 1765//1765 1931//1931 4992//4992
f 1766//1766 4992//4992 1932//1932
f 1933//1933 1931//1931 1765//1765
f 1934//1934 1766//1766 1932//1932
f 1767//1767 1933//1933 1765//1765
f 1768//1768 1766//1766 1934//1934
f 1935//1935 1933//1933 1767//1767
f 1936//1936 1768//1768 1934//1934
f 1769//1769 1935//1935 1767//1767
f 1770//1770 1768//1768 1936//1936
f 1937//1937 1935//1935 1769//1769
f 1938//1938 1770//1770 1936//1936
f 1771//1771 1937//1937 1769//1769
f 1772//1772 1770//1770 1938//1938
f 1939//1939 1937//1937 1771//1771
f 1940//1940 1772//1772 1938//1938
f 1773//1773 1939//1939 1771//1771
f 1774//1774 1772//1772 1940//1940
f 1941//1941 1939//1939 1773//1773
f 1942//1942 1774//1774 1940//1940
f 1775//1775 1941//1941 1773//1773
f 1776//1776 1774//1774 1942//1942
f 1943//1943 1941//1941 1775//1775
f 1944//1944 1776//1776 1942//1942
f 1777//1777 1943//1943 1775//1775
f 1778//1778 1776//1776 1944//1944
f 1945//1945 1943//1943 1777//1777
f 1946//1946 1778//1778 1944//1944
f 1779//1779 1945//1945 1777//1777
f 1780//1780 1778//1778 1946//1946
f 1947//1947 1945//1945 1779//1779
f 1948//1948 1780//1780 1946//1946
f 1781//1781 1947//1947 1779//1779
f 1782//1782 1780//1780 1948//1948
f 1949//1949 1947//1947 1781//1781
f 1950//1950 1782//1782 1948//1948
f 1783//1783 1949//1949 1781//1781
f 1784//1784 1782//1782 1950//1950
f 1951//1951 1949//1949 1783//1783
f 1952//1952 1784//1784 1950//1950
f 1785//1785 1951//1951 1783//1783
f 1786//1786 1784//1784 1952//1952
f 1953//1953 1951//1951 1785//1785
f 1954//1954 1786//1786 1952//1952
f 1787//1787 1953//1953 1785//1785
f 1788//1788 1786//1786 1954//1954
f 1955//1955 1953//1953 1787//1787
f 1956//1956 1788//1788 1954//1954
f 1789//1789 1955//1955 1787//1787
f 1790//1790 1788//1788 1956//1956
f 1957//1957 1955//1955 1789//1789
f 1958//1958 1790//1790 1956//1956
f 1791//1791 1957//1957 1789//1789
f 1792//1792 1790//1790 1958//1958
f 1959//1959 1957//1957 1791//1791
f 1960//1960 1792//1792 1958//1958
f 1793//1793 1959//1959 1791//1791
f 1794//1794 1792//1792 1960//1960
f 1961//1961 1959//1959 1793//1793
f 1962//1962 1794//1794 1960//1960
f 1795//1795 1961//1961 1793//1793
f 1796//1796 1794//1794 1962//1962
f 1963//1963 1961//1961 1795//1795
f 1964//1964 1796//1796 1962//1962
f 1797//1797 1963//1963 1795//1795
f 1798//1798 1796//1796 1964//1964
f 1965//1965 1963//1963 1797//1797
f 1966//1966 1798//1798 1964//1964
f 1799//1799 1965//1965 1797//1797
f 1800//1800 1798//1798 1966//1966
f 1967//1967 1965//1965 1799//1799
f 1968//1968 1800//1800 1966//1966
f 1801//1801 1967//1967 1799//1799
f 1802//1802 1800//1800 1968//1968
f 1969//1969 1967//1967 1801//1801
f 1970//1970 1802//1802 1968//1968
f 1803//1803 1969//1969 1801//1801
f 1804//1804 1802//1802 1970//1970
f 1805//1805 1969//1969 1803//1803
f 1806//1806 1804//1804 1970//1970
f 1971//1971 1969//1969 1805//1805
f 1972//1972 1806//1806 1970//1970
f 1807//1807 1971//1971 1805//1805
f 1808//1808 1806//1806 1972//1972
f 1973//1973 1971//1971 1807//1807
f 1974//1974 1808//1808 1972//1972
f 1809//1809 1973//1973 1807//1807
f 1810//1810 1808//1808 1974//1974
f 1975//1975 1973//1973 1809//1809
f 1976//1976 1810//1810 1974//1974
f 1811//1811 1975//1975 1809//1809
f 1812//1812 1810//1810 1976//1976
f 1977//1977 1975//1975 1811//1811
f 1978//1978 1812//1812 1976//1976
f 1813//1813 1977//1977 1811//1811
f 1814//1814 1812//1812 1978//1978
f 1979//1979 1977//1977 1813//1813
f 1980//1980 1814//1814 1978//1978
f 1815//1815 1979//1979 1813//1813
f 1816//1816 1814//1814 1980//1980
f 1981//1981 1979//1979 1815//1815
f 1982//1982 1816//1816 1980//1980
f 1817//1817 1981//1981 1815//1815
f 1818//1818 1816//1816 1982//1982
f 1983//1983 1981//1981 1817//1817
f 1984//1984 1818//1818 1982//1982
f 1819//1819 1983//1983 1817//1817
f 1820//1820 1818//1818 1984//1984
f 1985//1985 1983//1983 1819//1819
f 1986//1986 1820//1820 1984//1984
f 1821//1821 1985//1985 1819//1819
f 1822//1822 1820//1820 1986//1986
f 1987//1987 1985//1985 1821//1821
f 1988//1988 1822//1822 1986//1986
f 1823//1823 1987//1987 1821//1821
f 1824//1824 1822//1822 1988//1988
f 1989//1989 1987//1987 1823//1823
f 1990//1990 1824//1824 1988//1988
f 1825//1825 1989//1989 1823//1823
f 1826//1826 1824//1824 1990//1990
f 1991//1991 1989//1989 1825//1825
f 1992//1992 1826//1826 1990//1990
f 1827//1827 1991//1991 1825//1825
f 1828//1828 1826//1826 1992//1992
f 1993//1993 1991//1991 1827//1827
f 1994//1994 1828//1828 1992//1992
f 1829//1829 1993//1993 1827//1827
f 1830//1830 1828//1828 1994//1994
f 1995//1995 1993//1993 1829//1829
f 1996//1996 1830//1830 1994//1994
f 1831//1831 1995//1995 1829//1829
f 1832//1832 1830//1830 1996//1996
f 1997//1997 1995//1995 1831//1831
f 1998//1998 1832//1832 1996//1996
f 1833//1833 1997//1997 1831//1831
f 1834//1834 1832//1832 1998//1998
f 1999//1999 1997//1997 1833//1833
f 2000//2000 1834//1834 1998//1998
f 1835//1835 1999//1999 1833//1833
f 1836//1836 1834//1834 2000//2000
f 2001//2001 1999//1999 1835//1835
f 2002//2002 1836//1836 2000//2000
f 1837//1837 2001//2001 1835//1835
f 1838//1838 1836//1836 2002//2002
f 2003//2003 2001//2001 1837//1837
f 2004//2004 1838//1838 2002//2002
f 1839//1839 2003//2003 1837//1837
f 1840//1840 1838//1838 2004//2004
f 2005//2005 2003//2003 1839//1839
f 2006//2006 1840//1840 2004//2004
f 1841//1841 2005//2005 1839//1839
f 1842//1842 1840//1840 2006//2006
f 2007//2007 2005//2005 1841//1841
f 2008//2008 1842//1842 2006//2006
f 2009//2009 2007//2007 1841//1841
f 2010//2010 1842//1842 2008//2008
f 1843//1843 2009//2009 1841//1841
f 1844//1844 1842//1842 2010//2010
f 2011//2011 2009//2009 1843//1843
f 2012//2012 1844//1844 2010//2010
f 1845//1845 2011//2011 1843//1843
f 1846//1846 1844//1844 2012//2012
f 2013//2013 2011//2011 1845//1845
f 2014//2014 1846//1846 2012//2012
f 1847//1847 2013//2013 1845//1845
f 1848//1848 1846//1846 2014//2014
f 2015//2015 2013//2013 1847//1847
f 2016//2016 1848//1848 2014//2014
f 1849//1849 2015//2015 1847//1847
f 1850//1850 1848//1848 2016//2016
f 2017//2017 2015//2015 1849//1849
f 2018//2018 1850//1850 2016//2016
f 1851//1851 2017//2017 1849//1849
f 1852//1852 1850//1850 2018//2018
f 2019//2019 2017//2017 1851//1851
f 2020//2020 1852//1852 2018//2018
f 1853//1853 2019//2019 1851//1851
f 1854//1854 1852//1852 2020//2020
f 2021//2021 2019//2019 1853//1853
f 2022//2022 1854//1854 2020//2020
f 1855//1855 2021//2021 1853//1853
f 1856//1856 1854//1854 2022//2022
f 2023//2023 2021//2021 1855//1855
f 2024//2024 1856//1856 2022//2022
f 1857//1857 2023//2023 1855//1855
f 1858//1858 1856//1856 2024//2024
f 2025//2025 2023//2023 1857//1857
f 2026//2026 1858//1858 2024//2024
f 1859//1859 2025//2025 1857//1857
f 1860//1860 1858//1858 2026//2026
f 2027//2027 2025//2025 1859//1859
f 2028//2028 1860//1860 2026//2026
f 1861//1861 2027//2027 1859//1859
f 1862//1862 1860//1860 2028//2028
f 2029//2029 2027//2027 1861//1861
f 2030//2030 1862//1862 2028//2028
f 1863//1863 2029//2029 1861//1861
f 1864//1864 1862//1862 2030//2030
f 2031//2031 2029//2029 1863//1863
f 2032//2032 1864//1864 2030//2030
f 1865//1865 2031//2031 1863//1863
f 1866//1866 1864//1864 2032//2032
f 2033//2033 2031//2031 1865//1865
f 2034//2034 1866//1866 2032//2032
f 1867//1867 2033//2033 1865//1865
f 1868//1868 1866//1866 2034//2034
f 2035//2035 2033//2033 1867//1867
f 2036//2036 1868//1868 2034//2034
f 1869//1869 2035//2035 1867//1867
f 1870//1870 1868//1868 2036//2036
f 2037//2037 2035//2035 1869//1869
f 2038//2038 1870//1870 2036//2036
f 1871//1871 2037//2037 1869//1869
f 1872//1872 1870//1870 2038//2038
f 2039//2039 2037//2037 1871//1871
f 2040//2040 1872//1872 2038//2038
f 1873//1873 2039//2039 1871//1871
f 1874//1874 1872//1872 2040//2040
f 2041//2041 2039//2039 1873//1873
f 2042//2042 1874//1874 2040//2040
f 1875//1875 2041//2041 1873//1873
f 1876//1876 1874//1874 2042//2042
f 2043//2043 2041//2041 1875//1875
f 2044//2044 1876//1876 2042//2042
f 1877//1877 2043//2043 1875//1875
f 1878//1878 1876//1876 2044//2044
f 2045//2045 2043//2043 1877//1877
f 2046//2046 1878//1878 2044//2044
f 1879//1879 2045//2045 1877//1877
f 1880//1880 1878//1878 2046//2046
f 2047//2047 2045//2045 1879//1879
f 2048//2048 1880//1880 2046//2046
f 1881//1881 2047//2047 1879//1879
f 1882//1882 1880//1880 2048//2048
f 2049//2049 2047//2047 1881//1881
f 2050//2050 1882//1882 2048//2048
f 1883//1883 2049//2049 1881//1881
f 1884//1884 1882//1882 2050//2050
f 2051//2051 2049//2049 1883//1883
f 2052//2052 1884//1884 2050//2050
f 1885//1885 2051//2051 1883//1883
f 1886//1886 1884//1884 2052//2052
f 2053//2053 2051//2051 1885//1885
f 2054//2054 1886//1886 2052//2052
f 1887//1887 2053//2053 1885//1885
f 1888//1888 1886//1886 2054//2054
f 2055//2055 2053//2053 1887//1887
f 2056//2056 1888//1888 2054//2054
f 1889//1889 2055//2055 1887//1887
f 1890//1890 1888//1888 2056//2056
f 2057//2057 2055//2055 1889//1889
f 2058//2058 1890//1890 2056//2056
f 1891//1891 2057//2057 1889//1889
f 1892//1892 1890//1890 2058//2058
f 2059//2059 2057//2057 1891//1891
f 2060//2060 1892//1892 2058//2058
f 1893//1893 2059//2059 1891//1891
f 1894//1894 1892//1892 2060//2060
f 2061//2061 2059//2059 1893//1893
f 2062//2062 1894//1894 2060//2060
f 1895//1895 2061//2061 1893//1893
f 1896//1896 1894//1894 2062//2062
f 2063//2063 2061//2061 1895//1895
f 2064//2064 1896//1896 2062//2062
f 1897//1897 2063//2063 1895//1895
f 1898//1898 1896//1896 2064//2064
f 2065//2065 2063//2063 1897//1897
f 2066//2066 1898//1898 2064//2064
f 1899//1899 2065//2065 1897//1897
f 1900//1900 1898//1898 2066//2066
f 2067//2067 2065//2065 1899//1899
f 2068//2068 1900//1900 2066//2066
f 1901//1901 2067//2067 1899//1899
f 1902//1902 1900//1900 2068//2068
f 1903//1903 2067//2067 1901//1901
f 1904//1904 1902//1902 2068//2068
f 2069//2069 2067//2067 1903//1903
f 2070//2070 1904//1904 2068//2068
f 1905//1905 2069//2069 1903//1903
f 1906//1906 1904//1904 2070//2070
f 2071//2071 2069//2069 1905//1905
f 2072//2072 1906//1906 2070//2070
f 1907//1907 2071//2071 1905//1905
f 1908//1908 1906//1906 2072//2072
f 2073//2073 2071//2071 1907//1907
f 2074//2074 1908//1908 2072//2072
f 1909//1909 2073//2073 1907//1907
f 1910//1910 1908//1908 2074//2074
f 2075//2075 2073//2073 1909//1909
f 2076//2076 1910//1910 2074//2074
f 1911//1911 2075//2075 1909//1909
f 1912//1912 1910//1910 2076//2076
f 2077//2077 2075//2075 1911//1911
f 2078//2078 1912//1912 2076//2076
f 2079//2079 2077//2077 1911//1911
f 2080//2080 1912//1912 2078//2078
f 1913//1913 2079//2079 1911//1911
f 1914//1914 1912//1912 2080//2080
f 2081//2081 2079//2079 1913//1913
f 2082//2082 1914//1914 2080//2080
f 1915//1915 2081//2081 1913//1913
f 1916//1916 1914//1914 2082//2082
f 1917//1917 2081//2081 1915//1915
f 1918//1918 1916//1916 2082//2082
f 2083//2083 2081//2081 1917//1917
f 2084//2084 1918//1918 2082//2082
f 1919//1919 2083//2083 1917//1917
f 1920//1920 1918//1918 2084//2084
f 2085//2085 2083//2083 1919//1919
f 2086//2086 1920//1920 2084//2084
f 2087//2087 2085//2085 1919//1919
f 2088//2088 1920//1920 2086//2086
f 1921//1921 2087//2087 1919//1919
f 1922//1922 1920//1920 2088//2088
f 2089//2089 2087//2087 1921//1921
f 2090//2090 1922//1922 2088//2088
f 1923//1923 2089//2089 1921//1921
f 1924//1924 1922//1922 2090//2090
f 1925//1925 2089//2089 1923//1923
f 1926//1926 1924//1924 2090//2090
f 2091//2091 2089//2089 1925//1925
f 2092//2092 1926//1926 2090//2090
f 1927//1927 2091//2091 1925//1925
f 1928//1928 1926//1926 2092//2092
f 2093//2093 2091//2091 1927//1927
f 2094//2094 1928//1928 2092//2092
f 4993//4993 2093//2093 1927//1927
f 4993//4993 1928//1928 2094//2094
f 2095//2095 2093//2093 4993//4993
f 2096//2096 4993//4993 2094//2094
f 4995//4995 2095//2095 4993//4993
f 4995//4995 4993//4993 2096//2096
f 2097//2097 4996//4996 4994//4994
f 2098//2098 4994//4994 4996//4996
f 1929//1929 2097//2097 4994//4994
f 1930//1930 4994//4994 2098//2098
f 2099//2099 2097//2097 1929//1929
f 2100//2100 1930//1930 2098//2098
f 1931//1931 2099//2099 1929//1929
f 1932//1932 1930//1930 2100//2100
f 2101//2101 2099//2099 1931//1931
f 2102//2102 1932//1932 2100//2100
f 1933//1933 2101//2101 1931//1931
f 1934//1934 1932//1932 2102//2102
f 2103//2103 2101//2101 1933//1933
f 2104//2104 1934//1934 2102//2102
f 1935//1935 2103//2103 1933//1933
f 1936//1936 1934//1934 2104//2104
f 2105//2105 2103//2103 1935//1935
f 2106//2106 1936//1936 2104//2104
f 1937//1937 2105//2105 1935//1935
f 1938//1938 1936//1936 2106//2106
f 1939//1939 2105//2105 1937//1937
f 1940//1940 1938//1938 2106//2106
f 2107//2107 2105//2105 1939//1939
f 2108//2108 1940//1940 2106//2106
f 1941//1941 2107//2107 1939//1939
f 1942//1942 1940//1940 2108//2108
f 2109//2109 2107//2107 1941//1941
f 2110//2110 1942//1942 2108//2108
f 1943//1943 2109//2109 1941//1941
f 1944//1944 1942//1942 2110//2110
f 2111//2111 2109//2109 1943//1943
f 2112//2112 1944//1944 2110//2110
f 1945//1945 2111//2111 1943//1943
f 1946//1946 1944//1944 2112//2112
f 2113//2113 2111//2111 1945//1945
f 2114//2114 1946//1946 2112//2112
f 1947//1947 2113//2113 1945//1945
f 1948//1948 1946//1946 2114//2114
f 2115//2115 2113//2113 1947//1947
f 2116//2116 1948//1948 2114//2114
f 1949//1949 2115//2115 1947//1947
f 1950//1950 1948//1948 2116//2116
f 2117//2117 2115//2115 1949//1949
f 2118//2118 1950//1950 2116//2116
f 1951//1951 2117//2117 1949//1949
f 1952//1952 1950//1950 2118//2118
f 2119//2119 2117//2117 1951//1951
f 2120//2120 1952//1952 2118//2118
f 1953//1953 2119//2119 1951//1951
f 1954//1954 1952//1952 2120//2120
f 2121//2121 2119//2119 1953//1953
f 2122//2122 1954//1954 2120//2120
f 1955//1955 2121//2121 1953//1953
f 1956//1956 1954//1954 2122//2122
f 2123//2123 2121//2121 1955//1955
f 2124//2124 1956//1956 2122//2122
f 1957//1957 2123//2123 1955//1955
f 1958//1958 1956//1956 2124//2124
f 2125//2125 2123//2123 1957//1957
f 2126//2126 1958//1958 2124//2124
f 1959//1959 2125//2125 1957//1957
f 1960//1960 1958//1958 2126//2126
f 2127//2127 2125//2125 1959//1959
f 2128//2128 1960//1960 2126//2126
f 1961//1961 2127//2127 1959//1959
f 1962//1962 1960//1960 2128//2128
f 2129//2129 2127//2127 1961//1961
f 2130//2130 1962//1962 2128//2128
f 1963//1963 2129//2129 1961//1961
f 1964//1964 1962//1962 2130//2130
f 2131//2131 2129//2129 1963//1963
f 2132//2132 1964//1964 2130//2130
f 1965//1965 2131//2131 1963//1963
f 1966//1966 1964//1964 2132//2132
f 2133//2133 2131//2131 1965//1965
f 2134//2134 1966//1966 2132//2132
f 1967//1967 2133//2133 1965//1965
f 1968//1968 1966//1966 2134//2134
f 2135//2135 2133//2133 1967//1967
f 2136//2136 1968//1968 2134//2134
f 2137//2137 2135//2135 1967//1967
f 2138//2138 1968//1968 2136//2136
f 1969//1969 2137//2137 1967//1967
f 1970//1970 1968//1968 2138//2138
f 2139//2139 2137//2137 1969//1969
f 2140//2140 1970//1970 2138//2138
f 1971//1971 2139//2139 1969//1969
f 1972//1972 1970//1970 2140//2140
f 2141//2141 2139//2139 1971//1971
f 2142//2142 1972//1972 2140//2140
f 1973//1973 2141//2141 1971//1971
f 1974//1974 1972//1972 2142//2142
f 2143//2143 2141//2141 1973//1973
f 2144//2144 1974//1974 2142//2142
f 1975//1975 2143//2143 1973//1973
f 1976//1976 1974//1974 2144//2144
f 1977//1977 2143//2143 1975//1975
f 1978//1978 1976//1976 2144//2144
f 2145//2145 2143//2143 1977//1977
f 2146//2146 1978//1978 2144//2144
f 1979//1979 2145//2145 1977//1977
f 1980//1980 1978//1978 2146//2146
f 2147//2147 2145//2145 1979//1979
f 2148//2148 1980//1980 2146//2146
f 1981//1981 2147//2147 1979//1979
f 1982//1982 1980//1980 2148//2148
f 2149//2149 2147//2147 1981//1981
f 2150//2150 1982//1982 2148//2148
f 1983//1983 2149//2149 1981//1981
f 1984//1984 1982//1982 2150//2150
f 2151//2151 2149//2149 1983//1983
f 2152//2152 1984//1984 2150//2150
f 1985//1985 2151//2151 1983//1983
f 1986//1986 1984//1984 2152//2152
f 2153//2153 2151//2151 1985//1985
f 2154//2154 1986//1986 2152//2152
f 1987//1987 2153//2153 1985//1985
f 1988//1988 1986//1986 2154//2154
f 2155//2155 2153//2153 1987//1987
f 2156//2156 1988//1988 2154//2154
f 1989//1989 2155//2155 1987//1987
f 1990//1990 1988//1988 2156//2156
f 2157//2157 2155//2155 1989//1989
f 2158//2158 1990//1990 2156//2156
f 1991//1991 2157//2157 1989//1989
f 1992//1992 1990//1990 2158//2158
f 2159//2159 2157//2157 1991//1991
f 2160//2160 1992//1992 2158//2158
f 1993//1993 2159//2159 1991//1991
f 1994//1994 1992//1992 2160//2160
f 2161//2161 2159//2159 1993//1993
f 2162//2162 1994//1994 2160//2160
f 1995//1995 2161//2161 1993//1993
f 1996//1996 1994//1994 2162//2162
f 2163//2163 2161//2161 1995//1995
f 2164//2164 1996//1996 2162//2162
f 1997//1997 2163//2163 1995//1995
f 1998//1998 1996//1996 2164//2164
f 2165//2165 2163//2163 1997//1997
f 2166//2166 1998//1998 2164//2164
f 1999//1999 2165//2165 1997//1997
f 2000//2000 1998//1998 2166//2166
f 2167//2167 2165//2165 1999//1999
f 2168//2168 2000//2000 2166//2166
f 2001//2001 2167//2167 1999//1999
f 2002//2002 2000//2000 2168//2168
f 2169//2169 2167//2167 2001//2001
f 2170//2170 2002//2002 2168//2168
f 2003//2003 2169//2169 2001//2001
f 2004//2004 2002//2002 2170//2170
f 2171//2171 2169//2169 2003//2003
f 2172//2172 2004//2004 2170//2170
f 2005//2005 2171//2171 2003//2003
f 2006//2006 2004//2004 2172//2172
f 2173//2173 2171//2171 2005//2005
f 2174//2174 2006//2006 2172//2172
f 2007//2007 2173//2173 2005//2005
f 2008//2008 2006//2006 2174//2174
f 2175//2175 2173//2173 2007//2007
f 2176//2176 2008//2008 2174//2174
f 2009//2009 2175//2175 2007//2007
f 2010//2010 2008//2008 2176//2176
f 2177//2177 2175//2175 2009//2009
f 2178//2178 2010//2010 2176//2176
f 2179//2179 2177//2177 2009//2009
f 2180//2180 2010//2010 2178//2178
f 2011//2011 2179//2179 2009//2009
f 2012//2012 2010//2010 2180//2180
f 2181//2181 2179//2179 2011//2011
f 2182//2182 2012//2012 2180//2180
f 2013//2013 2181//2181 2011//2011
f 2014//2014 2012//2012 2182//2182
f 2183//2183 2181//2181 2013//2013
f 2184//2184 2014//2014 2182//2182
f 2015//2015 2183//2183 2013//2013
f 2016//2016 2014//2014 2184//2184
f 2185//2185 2183//2183 2015//2015
f 2186//2186 2016//2016 2184//2184
f 2017//2017 2185//2185 2015//2015
f 2018//2018 2016//2016 2186//2186
f 2187//2187 2185//2185 2017//2017
f 2188//2188 2018//2018 2186//2186
f 2019//2019 2187//2187 2017//2017
f 2020//2020 2018//2018 2188//2188
f 2189//2189 2187//2187 2019//2019
f 2190//2190 2020//2020 2188//2188
f 2021//2021 2189//2189 2019//2019
f 2022//2022 2020//2020 2190//2190
f 2191//2191 2189//2189 2021//2021
f 2192//2192 2022//2022 2190//2190
f 2023//2023 2191//2191 2021//2021
f 2024//2024 2022//2022 2192//2192
f 2193//2193 2191//2191 2023//2023
f 2194//2194 2024//2024 2192//2192
f 2025//2025 2193//2193 2023//2023
f 2026//2026 2024//2024 2194//2194
f 2195//2195 2193//2193 2025//2025
f 2196//2196 2026//2026 2194//2194
f 2027//2027 2195//2195 2025//2025
f 2028//2028 2026//2026 2196//2196
f 2197//2197 2195//2195 2027//2027
f 2198//2198 2028//2028 2196//2196
f 2029//2029 2197//2197 2027//2027
f 2030//2030 2028//2028 2198//2198
f 2199//2199 2197//2197 2029//2029
f 2200//2200 2030//2030 2198//2198
f 2031//2031 2199//2199 2029//2029
f 2032//2032 2030//2030 2200//2200
f 2201//2201 2199//2199 2031//2031
f 2202//2202 2032//2032 2200//2200
f 2033//2033 2201//2201 2031//2031
f 2034//2034 2032//2032 2202//2202
f 2203//2203 2201//2201 2033//2033
f 2204//2204 2034//2034 2202//2202
f 2035//2035 2203//2203 2033//2033
f 2036//2036 2034//2034 2204//2204
f 2205//2205 2203//2203 2035//2035
f 2206//2206 2036//2036 2204//2204
f 2037//2037 2205//2205 2035//2035
f 2038//2038 2036//2036 2206//2206
f 2207//2207 2205//2205 2037//2037
f 2208//2208 2038//2038 2206//2206
f 2039//2039 2207//2207 2037//2037
f 2040//2040 2038//2038 2208//2208
f 2209//2209 2207//2207 2039//2039
f 2210//2210 2040//2040 2208//2208
f 2041//2041 2209//2209 2039//2039
f 2042//2042 2040//2040 2210//2210
f 2211//2211 2209//2209 2041//2041
f 2212//2212 2042//2042 2210//2210
f 2043//2043 2211//2211 2041//2041
f 2044//2044 2042//2042 2212//2212
f 2213//2213 2211//2211 2043//2043
f 2214//2214 2044//2044 2212//2212
f 2045//2045 2213//2213 2043//2043
f 2046//2046 2044//2044 2214//2214
f 2215//2215 2213//2213 2045//2045
f 2216//2216 2046//2046 2214//2214
f 2047//2047 2215//2215 2045//2045
f 2048//2048 2046//2046 2216//2216
f 2217//2217 2215//2215 2047//2047
f 2218//2218 2048//2048 2216//2216
f 2049//2049 2217//2217 2047//2047
f 2050//2050 2048//2048 2218//2218
f 2219//2219 2217//2217 2049//2049
f 2220//2220 2050//2050 2218//2218
f 2051//2051 2219//2219 2049//2049
f 2052//2052 2050//2050 2220//2220
f 2221//2221 2219//2219 2051//2051
f 2222//2222 2052//2052 2220//2220
f 2053//2053 2221//2221 2051//2051
f 2054//2054 2052//2052 2222//2222
f 2223//2223 2221//2221 2053//2053
f 2224//2224 2054//2054 2222//2222
f 2055//2055 2223//2223 2053//2053
f 2056//2056 2054//2054 2224//2224
f 2225//2225 2223//2223 2055//2055
f 2226//2226 2056//2056 2224//2224
f 2057//2057 2225//2225 2055//2055
f 2058//2058 2056//2056 2226//2226
f 2227//2227 2225//2225 2057//2057
f 2228//2228 2058//2058 2226//2226
f 2059//2059 2227//2227 2057//2057
f 2060//2060 2058//2058 2228//2228
f 2229//2229 2227//2227 2059//2059
f 2230//2230 2060//2060 2228//2228
f 2061//2061 2229//2229 2059//2059
f 2062//2062 2060//2060 2230//2230
f 2231//2231 2229//2229 2061//2061
f 2232//2232 2062//2062 2230//2230
f 2063//2063 2231//2231 2061//2061
f 2064//2064 2062//2062 2232//2232
f 2233//2233 2231//2231 2063//2063
f 2234//2234 2064//2064 2232//2232
f 2065//2065 2233//2233 2063//2063
f 2066//2066 2064//2064 2234//2234
f 2235//2235 2233//2233 2065//2065
f 2236//2236 2066//2066 2234//2234
f 2067//2067 2235//2235 2065//2065
f 2068//2068 2066//2066 2236//2236
f 2069//2069 2235//2235 2067//2067
f 2070//2070 2068//2068 2236//2236
f 2237//2237 2235//2235 2069//2069
f 2238//2238 2070//2070 2236//2236
f 2071//2071 2237//2237 2069//2069
f 2072//2072 2070//2070 2238//2238
f 2239//2239 2237//2237 2071//2071
f 2240//2240 2072//2072 2238//2238
f 2073//2073 2239//2239 2071//2071
f 2074//2074 2072//2072 2240//2240
f 2241//2241 2239//2239 2073//2073
f 2242//2242 2074//2074 2240//2240
f 2243//2243 2241//2241 2073//2073
f 2244//2244 2074//2074 2242//2242
f 2075//2075 2243//2243 2073//2073
f 2076//2076 2074//2074 2244//2244
f 2245//2245 2243//2243 2075//2075
f 2246//2246 2076//2076 2244//2244
f 2077//2077 2245//2245 2075//2075
f 2078//2078 2076//2076 2246//2246
f 2247//2247 2245//2245 2077//2077
f 2248//2248 2078//2078 2246//2246
f 2079//2079 2247//2247 2077//2077
f 2080//2080 2078//2078 2248//2248
f 2249//2249 2247//2247 2079//2079
f 2250//2250 2080//2080 2248//2248
f 2081//2081 2249//2249 2079//2079
f 2082//2082 2080//2080 2250//2250
f 2251//2251 2249//2249 2081//2081
f 2252//2252 2082//2082 2250//2250
f 2083//2083 2251//2251 2081//2081
f 2084//2084 2082//2082 2252//2252
f 2085//2085 2251//2251 2083//2083
f 2086//2086 2084//2084 2252//2252
f 2253//2253 2251//2251 2085//2085
f 2254//2254 2086//2086 2252//2252
f 2087//2087 2253//2253 2085//2085
f 2088//2088 2086//2086 2254//2254
f 2255//2255 2253//2253 2087//2087
f 2256//2256 2088//2088 2254//2254
f 2089//2089 2255//2255 2087//2087
f 2090//2090 2088//2088 2256//2256
f 2257//2257 2255//2255 2089//2089
f 2258//2258 2090//2090 2256//2256
f 2091//2091 2257//2257 2089//2089
f 2092//2092 2090//2090 2258//2258
f 2259//2259 2257//2257 2091//2091
f 2260//2260 2092//2092 2258//2258
f 2093//2093 2259//2259 2091//2091
f 2094//2094 2092//2092 2260//2260
f 2261//2261 2259//2259 2093//2093
f 2262//2262 2094//2094 2260//2260
f 2263//2263 2261//2261 2093//2093
f 2264//2264 2094//2094 2262//2262
f 2095//2095 2263//2263 2093//2093
f 2096//2096 2094//2094 2264//2264
f 4997//4997 2263//2263 2095//2095
f 4997//4997 2096//2096 2264//2264
f 4995//4995 4997//4997 2095//2095
f 4995//4995 2096//2096 4997//4997
f 2265//2265 4998//4998 4996//4996
f 2266//2266 4996//4996 4998//4998
f 2267//2267 2265//2265 4996//4996
f 2268//2268 4996//4996 2266//2266
f 2097//2097 2267//2267 4996//4996
f 2098//2098 4996//4996 2268//2268
f 2269//2269 2267//2267 2097//2097
f 2270//2270 2098//2098 2268//2268
f 2099//2099 2269//2269 2097//2097
f 2100//2100 2098//2098 2270//2270
f 2271//2271 2269//2269 2099//2099
f 2272//2272 2100//2100 2270//2270
f 2101//2101 2271//2271 2099//2099
f 2102//2102 2100//2100 2272//2272
f 2273//2273 2271//2271 2101//2101
f 2274//2274 2102//2102 2272//2272
f 2103//2103 2273//2273 2101//2101
f 2104//2104 2102//2102 2274//2274
f 2275//2275 2273//2273 2103//2103
f 2276//2276 2104//2104 2274//2274
f 2105//2105 2275//2275 2103//2103
f 2106//2106 2104//2104 2276//2276
f 2277//2277 2275//2275 2105//2105
f 2278//2278 2106//2106 2276//2276
f 2107//2107 2277//2277 2105//2105
f 2108//2108 2106//2106 2278//2278
f 2279//2279 2277//2277 2107//2107
f 2280//2280 2108//2108 2278//2278
f 2109//2109 2279//2279 2107//2107
f 2110//2110 2108//2108 2280//2280
f 2281//2281 2279//2279 2109//2109
f 2282//2282 2110//2110 2280//2280
f 2111//2111 2281//2281 2109//2109
f 2112//2112 2110//2110 2282//2282
f 2283//2283 2281//2281 2111//2111
f 2284//2284 2112//2112 2282//2282
f 2113//2113 2283//2283 2111//2111
f 2114//2114 2112//2112 2284//2284
f 2285//2285 2283//2283 2113//2113
f 2286//2286 2114//2114 2284//2284
f 2115//2115 2285//2285 2113//2113
f 2116//2116 2114//2114 2286//2286
f 2287//2287 2285//2285 2115//2115
f 2288//2288 2116//2116 2286//2286
f 2117//2117 2287//2287 2115//2115
f 2118//2118 2116//2116 2288//2288
f 2289//2289 2287//2287 2117//2117
f 2290//2290 2118//2118 2288//2288
f 2119//2119 2289//2289 2117//2117
f 2120//2120 2118//2118 2290//2290
f 2291//2291 2289//2289 2119//2119
f 2292//2292 2120//2120 2290//2290
f 2121//2121 2291//2291 2119//2119
f 2122//2122 2120//2120 2292//2292
f 2293//2293 2291//2291 2121//2121
f 2294//2294 2122//2122 2292//2292
f 2123//2123 2293//2293 2121//2121
f 2124//2124 2122//2122 2294//2294
f 2295//2295 2293//2293 2123//2123
f 2296//2296 2124//2124 2294//2294
f 2125//2125 2295//2295 2123//2123
f 2126//2126 2124//2124 2296//2296
f 2297//2297 2295//2295 2125//2125
f 2298//2298 2126//2126 2296//2296
f 2127//2127 2297//2297 2125//2125
f 2128//2128 2126//2126 2298//2298
f 2299//2299 2297//2297 2127//2127
f 2300//2300 2128//2128 2298//2298
f 2129//2129 2299//2299 2127//2127
f 2130//2130 2128//2128 2300//2300
f 2301//2301 2299//2299 2129//2129
f 2302//2302 2130//2130 2300//2300
f 2131//2131 2301//2301 2129//2129
f 2132//2132 2130//2130 2302//2302
f 2303//2303 2301//2301 2131//2131
f 2304//2304 2132//2132 2302//2302
f 2133//2133 2303//2303 2131//2131
f 2134//2134 2132//2132 2304//2304
f 2135//2135 2303//2303 2133//2133
f 2136//2136 2134//2134 2304//2304
f 2305//2305 2303//2303 2135//2135
f 2306//2306 2136//2136 2304//2304
f 2137//2137 2305//2305 2135//2135
f 2138//2138 2136//2136 2306//2306
f 2307//2307 2305//2305 2137//2137
f 2308//2308 2138//2138 2306//2306
f 2139//2139 2307//2307 2137//2137
f 2140//2140 2138//2138 2308//2308
f 2309//2309 2307//2307 2139//2139
f 2310//2310 2140//2140 2308//2308
f 2141//2141 2309//2309 2139//2139
f 2142//2142 2140//2140 2310//2310
f 2311//2311 2309//2309 2141//2141
f 2312//2312 2142//2142 2310//2310
f 2143//2143 2311//2311 2141//2141
f 2144//2144 2142//2142 2312//2312
f 2313//2313 2311//2311 2143//2143
f 2314//2314 2144//2144 2312//2312
f 2145//2145 2313//2313 2143//2143
f 2146//2146 2144//2144 2314//2314
f 2315//2315 2313//2313 2145//2145
f 2316//2316 2146//2146 2314//2314
f 2147//2147 2315//2315 2145//2145
f 2148//2148 2146//2146 2316//2316
f 2317//2317 2315//2315 2147//2147
f 2318//2318 2148//2148 2316//2316
f 2149//2149 2317//2317 2147//2147
f 2150//2150 2148//2148 2318//2318
f 2319//2319 2317//2317 2149//2149
f 2320//2320 2150//2150 2318//2318
f 2151//2151 2319//2319 2149//2149
f 2152//2152 2150//2150 2320//2320
f 2321//2321 2319//2319 2151//2151
f 2322//2322 2152//2152 2320//2320
f 2153//2153 2321//2321 2151//2151
f 2154//2154 2152//2152 2322//2322
f 2323//2323 2321//2321 2153//2153
f 2324//2324 2154//2154 2322//2322
f 2155//2155 2323//2323 2153//2153
f 2156//2156 2154//2154 2324//2324
f 2325//2325 2323//2323 2155//2155
f 2326//2326 2156//2156 2324//2324
f 2157//2157 2325//2325 2155//2155
f 2158//2158 2156//2156 2326//2326
f 2327//2327 2325//2325 2157//2157
f 2328//2328 2158//2158 2326//2326
f 2159//2159 2327//2327 2157//2157
f 2160//2160 2158//2158 2328//2328
f 2329//2329 2327//2327 2159//2159
f 2330//2330 2160//2160 2328//2328
f 2161//2161 2329//2329 2159//2159
f 2162//2162 2160//2160 2330//2330
f 2331//2331 2329//2329 2161//2161
f 2332//2332 2162//2162 2330//2330
f 2163//2163 2331//2331 2161//2161
f 2164//2164 2162//2162 2332//2332
f 2333//2333 2331//2331 2163//2163
f 2334//2334 2164//2164 2332//2332
f 2165//2165 2333//2333 2163//2163
f 2166//2166 2164//2164 2334//2334
f 2335//2335 2333//2333 2165//2165
f 2336//2336 2166//2166 2334//2334
f 2167//2167 2335//2335 2165//2165
f 2168//2168 2166//2166 2336//2336
f 2337//2337 2335//2335 2167//2167
f 2338//2338 2168//2168 2336//2336
f 2169//2169 2337//2337 2167//2167
f 2170//2170 2168//2168 2338//2338
f 2339//2339 2337//2337 2169//2169
f 2340//2340 2170//2170 2338//2338
f 2171//2171 2339//2339 2169//2169
f 2172//2172 2170//2170 2340//2340
f 2341//2341 2339//2339 2171//2171
f 2342//2342 2172//2172 2340//2340
f 2173//2173 2341//2341 2171//2171
f 2174//2174 2172//2172 2342//2342
f 2343//2343 2341//2341 2173//2173
f 2344//2344 2174//2174 2342//2342
f 2175//2175 2343//2343 2173//2173
f 2176//2176 2174//2174 2344//2344
f 2345//2345 2343//2343 2175//2175
f 2346//2346 2176//2176 2344//2344
f 2177//2177 2345//2345 2175//2175
f 2178//2178 2176//2176 2346//2346
f 2347//2347 2345//2345 2177//2177
f 2348//2348 2178//2178 2346//2346
f 2179//2179 2347//2347 2177//2177
f 2180//2180 2178//2178 2348//2348
f 2349//2349 2347//2347 2179//2179
f 2350//2350 2180//2180 2348//2348
f 2181//2181 2349//2349 2179//2179
f 2182//2182 2180//2180 2350//2350
f 2351//2351 2349//2349 2181//2181
f 2352//2352 2182//2182 2350//2350
f 2183//2183 2351//2351 2181//2181
f 2184//2184 2182//2182 2352//2352
f 2353//2353 2351//2351 2183//2183
f 2354//2354 2184//2184 2352//2352
f 2185//2185 2353//2353 2183//2183
f 2186//2186 2184//2184 2354//2354
f 2355//2355 2353//2353 2185//2185
f 2356//2356 2186//2186 2354//2354
f 2187//2187 2355//2355 2185//2185
f 2188//2188 2186//2186 2356//2356
f 2357//2357 2355//2355 2187//2187
f 2358//2358 2188//2188 2356//2356
f 2189//2189 2357//2357 2187//2187
f 2190//2190 2188//2188 2358//2358
f 2359//2359 2357//2357 2189//2189
f 2360//2360 2190//2190 2358//2358
f 2191//2191 2359//2359 2189//2189
f 2192//2192 2190//2190 2360//2360
f 2361//2361 2359//2359 2191//2191
f 2362//2362 2192//2192 2360//2360
f 2193//2193 2361//2361 2191//2191
f 2194//2194 2192//2192 2362//2362
f 2363//2363 2361//2361 2193//2193
f 2364//2364 2194//2194 2362//2362
f 2195//2195 2363//2363 2193//2193
f 2196//2196 2194//2194 2364//2364
f 2365//2365 2363//2363 2195//2195
f 2366//2366 2196//2196 2364//2364
f 2197//2197 2365//2365 2195//2195
f 2198//2198 2196//2196 2366//2366
f 2367//2367 2365//2365 2197//2197
f 2368//2368 2198//2198 2366//2366
f 2199//2199 2367//2367 2197//2197
f 2200//2200 2198//2198 2368//2368
f 2369//2369 2367//2367 2199//2199
f 2370//2370 2200//2200 2368//2368
f 2201//2201 2369//2369 2199//2199
f 2202//2202 2200//2200 2370//2370
f 2371//2371 2369//2369 2201//2201
f 2372//2372 2202//2202 2370//2370
f 2203//2203 2371//2371 2201//2201
f 2204//2204 2202//2202 2372//2372
f 2373//2373 2371//2371 2203//2203
f 2374//2374 2204//2204 2372//2372
f 2205//2205 2373//2373 2203//2203
f 2206//2206 2204//2204 2374//2374
f 2375//2375 2373//2373 2205//2205
f 2376//2376 2206//2206 2374//2374
f 2207//2207 2375//2375 2205//2205
f 2208//2208 2206//2206 2376//2376
f 2377//2377 2375//2375 2207//2207
f 2378//2378 2208//2208 2376//2376
f 2209//2209 2377//2377 2207//2207
f 2210//2210 2208//2208 2378//2378
f 2379//2379 2377//2377 2209//2209
f 2380//2380 2210//2210 2378//2378
f 2211//2211 2379//2379 2209//2209
f 2212//2212 2210//2210 2380//2380
f 2381//2381 2379//2379 2211//2211
f 2382//2382 2212//2212 2380//2380
f 2213//2213 2381//2381 2211//2211
f 2214//2214 2212//2212 2382//2382
f 2383//2383 2381//2381 2213//2213
f 2384//2384 2214//2214 2382//2382
f 2215//2215 2383//2383 2213//2213
f 2216//2216 2214//2214 2384//2384
f 2385//2385 2383//2383 2215//2215
f 2386//2386 2216//2216 2384//2384
f 2217//2217 2385//2385 2215//2215
f 2218//2218 2216//2216 2386//2386
f 2387//2387 2385//2385 2217//2217
f 2388//2388 2218//2218 2386//2386
f 2219//2219 2387//2387 2217//2217
f 2220//2220 2218//2218 2388//2388
f 2389//2389 2387//2387 2219//2219
f 2390//2390 2220//2220 2388//2388
f 2221//2221 2389//2389 2219//2219
f 2222//2222 2220//2220 2390//2390
f 2391//2391 2389//2389 2221//2221
f 2392//2392 2222//2222 2390//2390
f 2223//2223 2391//2391 2221//2221
f 2224//2224 2222//2222 2392//2392
f 2393//2393 2391//2391 2223//2223
f 2394//2394 2224//2224 2392//2392
f 2225//2225 2393//2393 2223//2223
f 2226//2226 2224//2224 2394//2394
f 2395//2395 2393//2393 2225//2225
f 2396//2396 2226//2226 2394//2394
f 2227//2227 2395//2395 2225//2225
f 2228//2228 2226//2226 2396//2396
f 2397//2397 2395//2395 2227//2227
f 2398//2398 2228//2228 2396//2396
f 2229//2229 2397//2397 2227//2227
f 2230//2230 2228//2228 2398//2398
f 2399//2399 2397//2397 2229//2229
f 2400//2400 2230//2230 2398//2398
f 2231//2231 2399//2399 2229//2229
f 2232//2232 2230//2230 2400//2400
f 2401//2401 2399//2399 2231//2231
f 2402//2402 2232//2232 2400//2400
f 2233//2233 2401//2401 2231//2231
f 2234//2234 2232//2232 2402//2402
f 2403//2403 2401//2401 2233//2233
f 2404//2404 2234//2234 2402//2402
f 2235//2235 2403//2403 2233//2233
f 2236//2236 2234//2234 2404//2404
f 2405//2405 2403//2403 2235//2235
f 2406//2406 2236//2236 2404//2404
f 2237//2237 2405//2405 2235//2235
f 2238//2238 2236//2236 2406//2406
f 2407//2407 2405//2405 2237//2237
f 2408//2408 2238//2238 2406//2406
f 2239//2239 2407//2407 2237//2237
f 2240//2240 2238//2238 2408//2408
f 2409//2409 2407//2407 2239//2239
f 2410//2410 2240//2240 2408//2408
f 2241//2241 2409//2409 2239//2239
f 2242//2242 2240//2240 2410//2410
f 2411//2411 2409//2409 2241//2241
f 2412//2412 2242//2242 2410//2410
f 2243//2243 2411//2411 2241//2241
f 2244//2244 2242//2242 2412//2412
f 2413//2413 2411//2411 2243//2243
f 2414//2414 2244//2244 2412//2412
f 2245//2245 2413//2413 2243//2243
f 2246//2246 2244//2244 2414//2414
f 2415//2415 2413//2413 2245//2245
f 2416//2416 2246//2246 2414//2414
f 2247//2247 2415//2415 2245//2245
f 2248//2248 2246//2246 2416//2416
f 2417//2417 2415//2415 2247//2247
f 2418//2418 2248//2248 2416//2416
f 2249//2249 2417//2417 2247//2247
f 2250//2250 2248//2248 2418//2418
f 2419//2419 2417//2417 2249//2249
f 2420//2420 2250//2250 2418//2418
f 2251//2251 2419//2419 2249//2249
f 2252//2252 2250//2250 2420//2420
f 2421//2421 2419//2419 2251//2251
f 2422//2422 2252//2252 2420//2420
f 2253//2253 2421//2421 2251//2251
f 2254//2254 2252//2252 2422//2422
f 2423//2423 2421//2421 2253//2253
f 2424//2424 2254//2254 2422//2422
f 2255//2255 2423//2423 2253//2253
f 2256//2256 2254//2254 2424//2424
f 2425//2425 2423//2423 2255//2255
f 2426//2426 2256//2256 2424//2424
f 2257//2257 2425//2425 2255//2255
f 2258//2258 2256//2256 2426//2426
f 2427//2427 2425//2425 2257//2257
f 2428//2428 2258//2258 2426//2426
f 2259//2259 2427//2427 2257//2257
f 2260//2260 2258//2258 2428//2428
f 2429//2429 2427//2427 2259//2259
f 2430//2430 2260//2260 2428//2428
f 2261//2261 2429//2429 2259//2259
f 2262//2262 2260//2260 2430//2430
f 2431//2431 2429//2429 2261//2261
f 2432//2432 2262//2262 2430//2430
f 2263//2263 2431//2431 2261//2261
f 2264//2264 2262//2262 2432//2432
f 4999//4999 2431//2431 2263//2263
f 4999//4999 2264//2264 2432//2432
f 4997//4997 4999//4999 2263//2263
f 4997//4997 2264//2264 4999//4999
f 2433//2433 5000//5000 4998//4998
f 2434//2434 4998//4998 5000//5000
f 2265//2265 2433//2433 4998//4998
f 2266//2266 4998//4998 2434//2434
f 2435//2435 2433//2433 2265//2265
f 2436//2436 2266//2266 2434//2434
f 2267//2267 2435//2435 2265//2265
f 2268//2268 2266//2266 2436//2436
f 2437//2437 2435//2435 2267//2267
f 2438//2438 2268//2268 2436//2436
f 2269//2269 2437//2437 2267//2267
f 2270//2270 2268//2268 2438//2438
f 2439//2439 2437//2437 2269//2269
f 2440//2440 2270//2270 2438//2438
f 2271//2271 2439//2439 2269//2269
f 2272//2272 2270//2270 2440//2440
f 2441//2441 2439//2439 2271//2271
f 2442//2442 2272//2272 2440//2440
f 2273//2273 2441//2441 2271//2271
f 2274//2274 2272//2272 2442//2442
f 2443//2443 2441//2441 2273//2273
f 2444//2444 2274//2274 2442//2442
f 2275//2275 2443//2443 2273//2273
f 2276//2276 2274//2274 2444//2444
f 2445//2445 2443//2443 2275//2275
f 2446//2446 2276//2276 2444//2444
f 2277//2277 2445//2445 2275//2275
f 2278//2278 2276//2276 2446//2446
f 2447//2447 2445//2445 2277//2277
f 2448//2448 2278//2278 2446//2446
f 2279//2279 2447//2447 2277//2277
f 2280//2280 2278//2278 2448//2448
f 2449//2449 2447//2447 2279//2279
f 2450//2450 2280//2280 2448//2448
f 2281//2281 2449//2449 2279//2279
f 2282//2282 2280//2280 2450//2450
f 2451//2451 2449//2449 2281//2281
f 2452//2452 2282//2282 2450//2450
f 2283//2283 2451//2451 2281//2281
f 2284//2284 2282//2282 2452//2452
f 2453//2453 2451//2451 2283//2283
f 2454//2454 2284//2284 2452//2452
f 2285//2285 2453//2453 2283//2283
f 2286//2286 2284//2284 2454//2454
f 2455//2455 2453//2453 2285//2285
f 2456//2456 2286//2286 2454//2454
f 2287//2287 2455//2455 2285//2285
f 2288//2288 2286//2286 2456//2456
f 2457//2457 2455//2455 2287//2287
f 2458//2458 2288//2288 2456//2456
f 2289//2289 2457//2457 2287//2287
f 2290//2290 2288//2288 2458//2458
f 2459//2459 2457//2457 2289//2289
f 2460//2460 2290//2290 2458//2458
f 2291//2291 2459//2459 2289//2289
f 2292//2292 2290//2290 2460//2460
f 2461//2461 2459//2459 2291//2291
f 2462//2462 2292//2292 2460//2460
f 2293//2293 2461//2461 2291//2291
f 2294//2294 2292//2292 2462//2462
f 2463//2463 2461//2461 2293//2293
f 2464//2464 2294//2294 2462//2462
f 2295//2295 2463//2463 2293//2293
f 2296//2296 2294//2294 2464//2464
f 2297//2297 2463//2463 2295//2295
f 2298//2298 2296//2296 2464//2464
f 2465//2465 2463//2463 2297//2297
f 2466//2466 2298//2298 2464//2464
f 2467//2467 2465//2465 2297//2297
f 2468//2468 2298//2298 2466//2466
f 2299//2299 2467//2467 2297//2297
f 2300//2300 2298//2298 2468//2468
f 2469//2469 2467//2467 2299//2299
f 2470//2470 2300//2300 2468//2468
f 2301//2301 2469//2469 2299//2299
f 2302//2302 2300//2300 2470//2470
f 2303//2303 2469//2469 2301//2301
f 2304//2304 2302//2302 2470//2470
f 2471//2471 2469//2469 2303//2303
f 2472//2472 2304//2304 2470//2470
f 2473//2473 2471//2471 2303//2303
f 2474//2474 2304//2304 2472//2472
f 2305//2305 2473//2473 2303//2303
f 2306//2306 2304//2304 2474//2474
f 2475//2475 2473//2473 2305//2305
f 2476//2476 2306//2306 2474//2474
f 2307//2307 2475//2475 2305//2305
f 2308//2308 2306//2306 2476//2476
f 2477//2477 2475//2475 2307//2307
f 2478//2478 2308//2308 2476//2476
f 2309//2309 2477//2477 2307//2307
f 2310//2310 2308//2308 2478//2478
f 2479//2479 2477//2477 2309//2309
f 2480//2480 2310//2310 2478//2478
f 2311//2311 2479//2479 2309//2309
f 2312//2312 2310//2310 2480//2480
f 2481//2481 2479//2479 2311//2311
f 2482//2482 2312//2312 2480//2480
f 2313//2313 2481//2481 2311//2311
f 2314//2314 2312//2312 2482//2482
f 2483//2483 2481//2481 2313//2313
f 2484//2484 2314//2314 2482//2482
f 2315//2315 2483//2483 2313//2313
f 2316//2316 2314//2314 2484//2484
f 2485//2485 2483//2483 2315//2315
f 2486//2486 2316//2316 2484//2484
f 2317//2317 2485//2485 2315//2315
f 2318//2318 2316//2316 2486//2486
f 2487//2487 2485//2485 2317//2317
f 2488//2488 2318//2318 2486//2486
f 2319//2319 2487//2487 2317//2317
f 2320//2320 2318//2318 2488//2488
f 2489//2489 2487//2487 2319//2319
f 2490//2490 2320//2320 2488//2488
f 2321//2321 2489//2489 2319//2319
f 2322//2322 2320//2320 2490//2490
f 2491//2491 2489//2489 2321//2321
f 2492//2492 2322//2322 2490//2490
f 2323//2323 2491//2491 2321//2321
f 2324//2324 2322//2322 2492//2492
f 2493//2493 2491//2491 2323//2323
f 2494//2494 2324//2324 2492//2492
f 2325//2325 2493//2493 2323//2323
f 2326//2326 2324//2324 2494//2494
f 2495//2495 2493//2493 2325//2325
f 2496//2496 2326//2326 2494//2494
f 2327//2327 2495//2495 2325//2325
f 2328//2328 2326//2326 2496//2496
f 2497//2497 2495//2495 2327//2327
f 2498//2498 2328//2328 2496//2496
f 2329//2329 2497//2497 2327//2327
f 2330//2330 2328//2328 2498//2498
f 2499//2499 2497//2497 2329//2329
f 2500//2500 2330//2330 2498//2498
f 2331//2331 2499//2499 2329//2329
f 2332//2332 2330//2330 2500//2500
f 2501//2501 2499//2499 2331//2331
f 2502//2502 2332//2332 2500//2500
f 2333//2333 2501//2501 2331//2331
f 2334//2334 2332//2332 2502//2502
f 2503//2503 2501//2501 2333//2333
f 2504//2504 2334//2334 2502//2502
f 2335//2335 2503//2503 2333//2333
f 2336//2336 2334//2334 2504//2504
f 2505//2505 2503//2503 2335//2335
f 2506//2506 2336//2336 2504//2504
f 2337//2337 2505//2505 2335//2335
f 2338//2338 2336//2336 2506//2506
f 2507//2507 2505//2505 2337//2337
f 2508//2508 2338//2338 2506//2506
f 2339//2339 2507//2507 2337//2337
f 2340//2340 2338//2338 2508//2508
f 2509//2509 2507//2507 2339//2339
f 2510//2510 2340//2340 2508//2508
f 2341//2341 2509//2509 2339//2339
f 2342//2342 2340//2340 2510//2510
f 2511//2511 2509//2509 2341//2341
f 2512//2512 2342//2342 2510//2510
f 2343//2343 2511//2511 2341//2341
f 2344//2344 2342//2342 2512//2512
f 2513//2513 2511//2511 2343//2343
f 2514//2514 2344//2344 2512//2512
f 2345//2345 2513//2513 2343//2343
f 2346//2346 2344//2344 2514//2514
f 2515//2515 2513//2513 2345//2345
f 2516//2516 2346//2346 2514//2514
f 2347//2347 2515//2515 2345//2345
f 2348//2348 2346//2346 2516//2516
f 2517//2517 2515//2515 2347//2347
f 2518//2518 2348//2348 2516//2516
f 2349//2349 2517//2517 2347//2347
f 2350//2350 2348//2348 2518//2518
f 2519//2519 2517//2517 2349//2349
f 2520//2520 2350//2350 2518//2518
f 2351//2351 2519//2519 2349//2349
f 2352//2352 2350//2350 2520//2520
f 2521//2521 2519//2519 2351//2351
f 2522//2522 2352//2352 2520//2520
f 2353//2353 2521//2521 2351//2351
f 2354//2354 2352//2352 2522//2522
f 2523//2523 2521//2521 2353//2353
f 2524//2524 2354//2354 2522//2522
f 2355//2355 2523//2523 2353//2353
f 2356//2356 2354//2354 2524//2524
f 2525//2525 2523//2523 2355//2355
f 2526//2526 2356//2356 2524//2524
f 2357//2357 2525//2525 2355//2355
f 2358//2358 2356//2356 2526//2526
f 2527//2527 2525//2525 2357//2357
f 2528//2528 2358//2358 2526//2526
f 2359//2359 2527//2527 2357//2357
f 2360//2360 2358//2358 2528//2528
f 2529//2529 2527//2527 2359//2359
f 2530//2530 2360//2360 2528//2528
f 2361//2361 2529//2529 2359//2359
f 2362//2362 2360//2360 2530//2530
f 2531//2531 2529//2529 2361//2361
f 2532//2532 2362//2362 2530//2530
f 2363//2363 2531//2531 2361//2361
f 2364//2364 2362//2362 2532//2532
f 2533//2533 2531//2531 2363//2363
f 2534//2534 2364//2364 2532//2532
f 2365//2365 2533//2533 2363//2363
f 2366//2366 2364//2364 2534//2534
f 2535//2535 2533//2533 2365//2365
f 2536//2536 2366//2366 2534//2534
f 2367//2367 2535//2535 2365//2365
f 2368//2368 2366//2366 2536//2536
f 2537//2537 2535//2535 2367//2367
f 2538//2538 2368//2368 2536//2536
f 2369//2369 2537//2537 2367//2367
f 2370//2370 2368//2368 2538//2538
f 2539//2539 2537//2537 2369//2369
f 2540//2540 2370//2370 2538//2538
f 2371//2371 2539//2539 2369//2369
f 2372//2372 2370//2370 2540//2540
f 2541//2541 2539//2539 2371//2371
f 2542//2542 2372//2372 2540//2540
f 2373//2373 2541//2541 2371//2371
f 2374//2374 2372//2372 2542//2542
f 2543//2543 2541//2541 2373//2373
f 2544//2544 2374//2374 2542//2542
f 2375//2375 2543//2543 2373//2373
f 2376//2376 2374//2374 2544//2544
f 2545//2545 2543//2543 2375//2375
f 2546//2546 2376//2376 2544//2544
f 2377//2377 2545//2545 2375//2375
f 2378//2378 2376//2376 2546//2546
f 2547//2547 2545//2545 2377//2377
f 2548//2548 2378//2378 2546//2546
f 2379//2379 2547//2547 2377//2377
f 2380//2380 2378//2378 2548//2548
f 2549//2549 2547//2547 2379//2379
f 2550//2550 2380//2380 2548//2548
f 2381//2381 2549//2549 2379//2379
f 2382//2382 2380//2380 2550//2550
f 2551//2551 2549//2549 2381//2381
f 2552//2552 2382//2382 2550//2550
f 2383//2383 2551//2551 2381//2381
f 2384//2384 2382//2382 2552//2552
f 2553//2553 2551//2551 2383//2383
f 2554//2554 2384//2384 2552//2552
f 2385//2385 2553//2553 2383//2383
f 2386//2386 2384//2384 2554//2554
f 2555//2555 2553//2553 2385//2385
f 2556//2556 2386//2386 2554//2554
f 2387//2387 2555//2555 2385//2385
f 2388//2388 2386//2386 2556//2556
f 2557//2557 2555//2555 2387//2387
f 2558//2558 2388//2388 2556//2556
f 2389//2389 2557//2557 2387//2387
f 2390//2390 2388//2388 2558//2558
f 2559//2559 2557//2557 2389//2389
f 2560//2560 2390//2390 2558//2558
f 2391//2391 2559//2559 2389//2389
f 2392//2392 2390//2390 2560//2560
f 2561//2561 2559//2559 2391//2391
f 2562//2562 2392//2392 2560//2560
f 2393//2393 2561//2561 2391//2391
f 2394//2394 2392//2392 2562//2562
f 2563//2563 2561//2561 2393//2393
f 2564//2564 2394//2394 2562//2562
f 2395//2395 2563//2563 2393//2393
f 2396//2396 2394//2394 2564//2564
f 2565//2565 2563//2563 2395//2395
f 2566//2566 2396//2396 2564//2564
f 2397//2397 2565//2565 2395//2395
f 2398//2398 2396//2396 2566//2566
f 2567//2567 2565//2565 2397//2397
f 2568//2568 2398//2398 2566//2566
f 2399//2399 2567//2567 2397//2397
f 2400//2400 2398//2398 2568//2568
f 2569//2569 2567//2567 2399//2399
f 2570//2570 2400//2400 2568//2568
f 2401//2401 2569//2569 2399//2399
f 2402//2402 2400//2400 2570//2570
f 2571//2571 2569//2569 2401//2401
f 2572//2572 2402//2402 2570//2570
f 2403//2403 2571//2571 2401//2401
f 2404//2404 2402//2402 2572//2572
f 2573//2573 2571//2571 2403//2403
f 2574//2574 2404//2404 2572//2572
f 2405//2405 2573//2573 2403//2403
f 2406//2406 2404//2404 2574//2574
f 2575//2575 2573//2573 2405//2405
f 2576//2576 2406//2406 2574//2574
f 2407//2407 2575//2575 2405//2405
f 2408//2408 2406//2406 2576//2576
f 2577//2577 2575//2575 2407//2407
f 2578//2578 2408//2408 2576//2576
f 2409//2409 2577//2577 2407//2407
f 2410//2410 2408//2408 2578//2578
f 2579//2579 2577//2577 2409//2409
f 2580//2580 2410//2410 2578//2578
f 2411//2411 2579//2579 2409//2409
f 2412//2412 2410//2410 2580//2580
f 2581//2581 2579//2579 2411//2411
f 2582//2582 2412//2412 2580//2580
f 2413//2413 2581//2581 2411//2411
f 2414//2414 2412//2412 2582//2582
f 2583//2583 2581//2581 2413//2413
f 2584//2584 2414//2414 2582//2582
f 2415//2415 2583//2583 2413//2413
f 2416//2416 2414//2414 2584//2584
f 2417//2417 2583//2583 2415//2415
f 2418//2418 2416//2416 2584//2584
f 2585//2585 2583//2583 2417//2417
f 2586//2586 2418//2418 2584//2584
f 2419//2419 2585//2585 2417//2417
f 2420//2420 2418//2418 2586//2586
f 2587//2587 2585//2585 2419//2419
f 2588//2588 2420//2420 2586//2586
f 2421//2421 2587//2587 2419//2419
f 2422//2422 2420//2420 2588//2588
f 2589//2589 2587//2587 2421//2421
f 2590//2590 2422//2422 2588//2588
f 2423//2423 2589//2589 2421//2421
f 2424//2424 2422//2422 2590//2590
f 2591//2591 2589//2589 2423//2423
f 2592//2592 2424//2424 2590//2590
f 2593//2593 2591//2591 2423//2423
f 2594//2594 2424//2424 2592//2592
f 2425//2425 2593//2593 2423//2423
f 2426//2426 2424//2424 2594//2594
f 2595//2595 2593//2593 2425//2425
f 2596//2596 2426//2426 2594//2594
f 2427//2427 2595//2595 2425//2425
f 2428//2428 2426//2426 2596//2596
f 2597//2597 2595//2595 2427//2427
f 2598//2598 2428//2428 2596//2596
f 2429//2429 2597//2597 2427//2427
f 2430//2430 2428//2428 2598//2598
f 2431//2431 2597//2597 2429//2429
f 2432//2432 2430//2430 2598//2598
f 2599//2599 2597//2597 2431//2431
f 2600//2600 2432//2432 2598//2598
f 4999//4999 2599//2599 2431//2431
f 4999//4999 2432//2432 2600//2600
f 2601//2601 2599//2599 4999//4999
f 2602//2602 4999//4999 2600//2600
f 5001//5001 2601//2601 4999//4999
f 5001//5001 4999//4999 2602//2602
f 2433//2433 5002//5002 5000//5000
f 2434//2434 5000//5000 5002//5002
f 2603//2603 5002//5002 2433//2433
f 2604//2604 2434//2434 5002//5002
f 2435//2435 2603//2603 2433//2433
f 2436//2436 2434//2434 2604//2604
f 2605//2605 2603//2603 2435//2435
f 2606//2606 2436//2436 2604//2604
f 2437//2437 2605//2605 2435//2435
f 2438//2438 2436//2436 2606//2606
f 2607//2607 2605//2605 2437//2437
f 2608//2608 2438//2438 2606//2606
f 2439//2439 2607//2607 2437//2437
f 2440//2440 2438//2438 2608//2608
f 2609//2609 2607//2607 2439//2439
f 2610//2610 2440//2440 2608//2608
f 2441//2441 2609//2609 2439//2439
f 2442//2442 2440//2440 2610//2610
f 2611//2611 2609//2609 2441//2441
f 2612//2612 2442//2442 2610//2610
f 2443//2443 2611//2611 2441//2441
f 2444//2444 2442//2442 2612//2612
f 2613//2613 2611//2611 2443//2443
f 2614//2614 2444//2444 2612//2612
f 2445//2445 2613//2613 2443//2443
f 2446//2446 2444//2444 2614//2614
f 2615//2615 2613//2613 2445//2445
f 2616//2616 2446//2446 2614//2614
f 2447//2447 2615//2615 2445//2445
f 2448//2448 2446//2446 2616//2616
f 2617//2617 2615//2615 2447//2447
f 2618//2618 2448//2448 2616//2616
f 2449//2449 2617//2617 2447//2447
f 2450//2450 2448//2448 2618//2618
f 2619//2619 2617//2617 2449//2449
f 2620//2620 2450//2450 2618//2618
f 2451//2451 2619//2619 2449//2449
f 2452//2452 2450//2450 2620//2620
f 2621//2621 2619//2619 2451//2451
f 2622//2622 2452//2452 2620//2620
f 2453//2453 2621//2621 2451//2451
f 2454//2454 2452//2452 2622//2622
f 2623//2623 2621//2621 2453//2453
f 2624//2624 2454//2454 2622//2622
f 2455//2455 2623//2623 2453//2453
f 2456//2456 2454//2454 2624//2624
f 2625//2625 2623//2623 2455//2455
f 2626//2626 2456//2456 2624//2624
f 2457//2457 2625//2625 2455//2455
f 2458//2458 2456//2456 2626//2626
f 2627//2627 2625//2625 2457//2457
f 2628//2628 2458//2458 2626//2626
f 2459//2459 2627//2627 2457//2457
f 2460//2460 2458//2458 2628//2628
f 2629//2629 2627//2627 2459//2459
f 2630//2630 2460//2460 2628//2628
f 2461//2461 2629//2629 2459//2459
f 2462//2462 2460//2460 2630//2630
f 2631//2631 2629//2629 2461//2461
f 2632//2632 2462//2462 2630//2630
f 2463//2463 2631//2631 2461//2461
f 2464//2464 2462//2462 2632//2632
f 2633//2633 2631//2631 2463//2463
f 2634//2634 2464//2464 2632//2632
f 2465//2465 2633//2633 2463//2463
f 2466//2466 2464//2464 2634//2634
f 2635//2635 2633//2633 2465//2465
f 2636//2636 2466//2466 2634//2634
f 2467//2467 2635//2635 2465//2465
f 2468//2468 2466//2466 2636//2636
f 2637//2637 2635//2635 2467//2467
f 2638//2638 2468//2468 2636//2636
f 2469//2469 2637//2637 2467//2467
f 2470//2470 2468//2468 2638//2638
f 2639//2639 2637//2637 2469//2469
f 2640//2640 2470//2470 2638//2638
f 2471//2471 2639//2639 2469//2469
f 2472//2472 2470//2470 2640//2640
f 2641//2641 2639//2639 2471//2471
f 2642//2642 2472//2472 2640//2640
f 2473//2473 2641//2641 2471//2471
f 2474//2474 2472//2472 2642//2642
f 2643//2643 2641//2641 2473//2473
f 2644//2644 2474//2474 2642//2642
f 2475//2475 2643//2643 2473//2473
f 2476//2476 2474//2474 2644//2644
f 2645//2645 2643//2643 2475//2475
f 2646//2646 2476//2476 2644//2644
f 2477//2477 2645//2645 2475//2475
f 2478//2478 2476//2476 2646//2646
f 2647//2647 2645//2645 2477//2477
f 2648//2648 2478//2478 2646//2646
f 2479//2479 2647//2647 2477//2477
f 2480//2480 2478//2478 2648//2648
f 2649//2649 2647//2647 2479//2479
f 2650//2650 2480//2480 2648//2648
f 2481//2481 2649//2649 2479//2479
f 2482//2482 2480//2480 2650//2650
f 2651//2651 2649//2649 2481//2481
f 2652//2652 2482//2482 2650//2650
f 2483//2483 2651//2651 2481//2481
f 2484//2484 2482//2482 2652//2652
f 2653//2653 2651//2651 2483//2483
f 2654//2654 2484//2484 2652//2652
f 2485//2485 2653//2653 2483//2483
f 2486//2486 2484//2484 2654//2654
f 2655//2655 2653//2653 2485//2485
f 2656//2656 2486//2486 2654//2654
f 2487//2487 2655//2655 2485//2485
f 2488//2488 2486//2486 2656//2656
f 2657//2657 2655//2655 2487//2487
f 2658//2658 2488//2488 2656//2656
f 2489//2489 2657//2657 2487//2487
f 2490//2490 2488//2488 2658//2658
f 2659//2659 2657//2657 2489//2489
f 2660//2660 2490//2490 2658//2658
f 2491//2491 2659//2659 2489//2489
f 2492//2492 2490//2490 2660//2660
f 2661//2661 2659//2659 2491//2491
f 2662//2662 2492//2492 2660//2660
f 2493//2493 2661//2661 2491//2491
f 2494//2494 2492//2492 2662//2662
f 2663//2663 2661//2661 2493//2493
f 2664//2664 2494//2494 2662//2662
f 2495//2495 2663//2663 2493//2493
f 2496//2496 2494//2494 2664//2664
f 2665//2665 2663//2663 2495//2495
f 2666//2666 2496//2496 2664//2664
f 2497//2497 2665//2665 2495//2495
f 2498//2498 2496//2496 2666//2666
f 2667//2667 2665//2665 2497//2497
f 2668//2668 2498//2498 2666//2666
f 2499//2499 2667//2667 2497//2497
f 2500//2500 2498//2498 2668//2668
f 2669//2669 2667//2667 2499//2499
f 2670//2670 2500//2500 2668//2668
f 2501//2501 2669//2669 2499//2499
f 2502//2502 2500//2500 2670//2670
f 2671//2671 2669//2669 2501//2501
f 2672//2672 2502//2502 2670//2670
f 2503//2503 2671//2671 2501//2501
f 2504//2504 2502//2502 2672//2672
f 2673//2673 2671//2671 2503//2503
f 2674//2674 2504//2504 2672//2672
f 2505//2505 2673//2673 2503//2503
f 2506//2506 2504//2504 2674//2674
f 2675//2675 2673//2673 2505//2505
f 2676//2676 2506//2506 2674//2674
f 2507//2507 2675//2675 2505//2505
f 2508//2508 2506//2506 2676//2676
f 2677//2677 2675//2675 2507//2507
f 2678//2678 2508//2508 2676//2676
f 2509//2509 2677//2677 2507//2507
f 2510//2510 2508//2508 2678//2678
f 2679//2679 2677//2677 2509//2509
f 2680//2680 2510//2510 2678//2678
f 2511//2511 2679//2679 2509//2509
f 2512//2512 2510//2510 2680//2680
f 2681//2681 2679//2679 2511//2511
f 2682//2682 2512//2512 2680//2680
f 2513//2513 2681//2681 2511//2511
f 2514//2514 2512//2512 2682//2682
f 2683//2683 2681//2681 2513//2513
f 2684//2684 2514//2514 2682//2682
f 2515//2515 2683//2683 2513//2513
f 2516//2516 2514//2514 2684//2684
f 2685//2685 2683//2683 2515//2515
f 2686//2686 2516//2516 2684//2684
f 2517//2517 2685//2685 2515//2515
f 2518//2518 2516//2516 2686//2686
f 2687//2687 2685//2685 2517//2517
f 2688//2688 2518//2518 2686//2686
f 2519//2519 2687//2687 2517//2517
f 2520//2520 2518//2518 2688//2688
f 2689//2689 2687//2687 2519//2519
f 2690//2690 2520//2520 2688//2688
f 2521//2521 2689//2689 2519//2519
f 2522//2522 2520//2520 2690//2690
f 2691//2691 2689//2689 2521//2521
f 2692//2692 2522//2522 2690//2690
f 2523//2523 2691//2691 2521//2521
f 2524//2524 2522//2522 2692//2692
f 2693//2693 2691//2691 2523//2523
f 2694//2694 2524//2524 2692//2692
f 2525//2525 2693//2693 2523//2523
f 2526//2526 2524//2524 2694//2694
f 2695//2695 2693//2693 2525//2525
f 2696//2696 2526//2526 2694//2694
f 2527//2527 2695//2695 2525//2525
f 2528//2528 2526//2526 2696//2696
f 2697//2697 2695//2695 2527//2527
f 2698//2698 2528//2528 2696//2696
f 2529//2529 2697//2697 2527//2527
f 2530//2530 2528//2528 2698//2698
f 2699//2699 2697//2697 2529//2529
f 2700//2700 2530//2530 2698//2698
f 2531//2531 2699//2699 2529//2529
f 2532//2532 2530//2530 2700//2700
f 2701//2701 2699//2699 2531//2531
f 2702//2702 2532//2532 2700//2700
f 2533//2533 2701//2701 2531//2531
f 2534//2534 2532//2532 2702//2702
f 2703//2703 2701//2701 2533//2533
f 2704//2704 2534//2534 2702//2702
f 2535//2535 2703//2703 2533//2533
f 2536//2536 2534//2534 2704//2704
f 2705//2705 2703//2703 2535//2535
f 2706//2706 2536//2536 2704//2704
f 2537//2537 2705//2705 2535//2535
f 2538//2538 2536//2536 2706//2706
f 2707//2707 2705//2705 2537//2537
f 2708//2708 2538//2538 2706//2706
f 2539//2539 2707//2707 2537//2537
f 2540//2540 2538//2538 2708//2708
f 2709//2709 2707//2707 2539//2539
f 2710//2710 2540//2540 2708//2708
f 2541//2541 2709//2709 2539//2539
f 2542//2542 2540//2540 2710//2710
f 2711//2711 2709//2709 2541//2541
f 2712//2712 2542//2542 2710//2710
f 2543//2543 2711//2711 2541//2541
f 2544//2544 2542//2542 2712//2712
f 2713//2713 2711//2711 2543//2543
f 2714//2714 2544//2544 2712//2712
f 2545//2545 2713//2713 2543//2543
f 2546//2546 2544//2544 2714//2714
f 2715//2715 2713//2713 2545//2545
f 2716//2716 2546//2546 2714//2714
f 2547//2547 2715//2715 2545//2545
f 2548//2548 2546//2546 2716//2716
f 2717//2717 2715//2715 2547//2547
f 2718//2718 2548//2548 2716//2716
f 2549//2549 2717//2717 2547//2547
f 2550//2550 2548//2548 2718//2718
f 2719//2719 2717//2717 2549//2549
f 2720//2720 2550//2550 2718//2718
f 2551//2551 2719//2719 2549//2549
f 2552//2552 2550//2550 2720//2720
f 2721//2721 2719//2719 2551//2551
f 2722//2722 2552//2552 2720//2720
f 2553//2553 2721//2721 2551//2551
f 2554//2554 2552//2552 2722//2722
f 2723//2723 2721//2721 2553//2553
f 2724//2724 2554//2554 2722//2722
f 2555//2555 2723//2723 2553//2553
f 2556//2556 2554//2554 2724//2724
f 2725//2725 2723//2723 2555//2555
f 2726//2726 2556//2556 2724//2724
f 2557//2557 2725//2725 2555//2555
f 2558//2558 2556//2556 2726//2726
f 2727//2727 2725//2725 2557//2557
f 2728//2728 2558//2558 2726//2726
f 2559//2559 2727//2727 2557//2557
f 2560//2560 2558//2558 2728//2728
f 2729//2729 2727//2727 2559//2559
f 2730//2730 2560//2560 2728//2728
f 2561//2561 2729//2729 2559//2559
f 2562//2562 2560//2560 2730//2730
f 2731//2731 2729//2729 2561//2561
f 2732//2732 2562//2562 2730//2730
f 2563//2563 2731//2731 2561//2561
f 2564//2564 2562//2562 2732//2732
f 2733//2733 2731//2731 2563//2563
f 2734//2734 2564//2564 2732//2732
f 2565//2565 2733//2733 2563//2563
f 2566//2566 2564//2564 2734//2734
f 2735//2735 2733//2733 2565//2565
f 2736//2736 2566//2566 2734//2734
f 2567//2567 2735//2735 2565//2565
f 2568//2568 2566//2566 2736//2736
f 2737//2737 2735//2735 2567//2567
f 2738//2738 2568//2568 2736//2736
f 2569//2569 2737//2737 2567//2567
f 2570//2570 2568//2568 2738//2738
f 2739//2739 2737//2737 2569//2569
f 2740//2740 2570//2570 2738//2738
f 2571//2571 2739//2739 2569//2569
f 2572//2572 2570//2570 2740//2740
f 2741//2741 2739//2739 2571//2571
f 2742//2742 2572//2572 2740//2740
f 2573//2573 2741//2741 2571//2571
f 2574//2574 2572//2572 2742//2742
f 2743//2743 2741//2741 2573//2573
f 2744//2744 2574//2574 2742//2742
f 2575//2575 2743//2743 2573//2573
f 2576//2576 2574//2574 2744//2744
f 2745//2745 2743//2743 2575//2575
f 2746//2746 2576//2576 2744//2744
f 2577//2577 2745//2745 2575//2575
f 2578//2578 2576//2576 2746//2746
f 2747//2747 2745//2745 2577//2577
f 2748//2748 2578//2578 2746//2746
f 2579//2579 2747//2747 2577//2577
f 2580//2580 2578//2578 2748//2748
f 2749//2749 2747//2747 2579//2579
f 2750//2750 2580//2580 2748//2748
f 2581//2581 2749//2749 2579//2579
f 2582//2582 2580//2580 2750//2750
f 2751//2751 2749//2749 2581//2581
f 2752//2752 2582//2582 2750//2750
f 2583//2583 2751//2751 2581//2581
f 2584//2584 2582//2582 2752//2752
f 2753//2753 2751//2751 2583//2583
f 2754//2754 2584//2584 2752//2752
f 2585//2585 2753//2753 2583//2583
f 2586//2586 2584//2584 2754//2754
f 2755//2755 2753//2753 2585//2585
f 2756//2756 2586//2586 2754//2754
f 2587//2587 2755//2755 2585//2585
f 2588//2588 2586//2586 2756//2756
f 2757//2757 2755//2755 2587//2587
f 2758//2758 2588//2588 2756//2756
f 2589//2589 2757//2757 2587//2587
f 2590//2590 2588//2588 2758//2758
f 2759//2759 2757//2757 2589//2589
f 2760//2760 2590//2590 2758//2758
f 2591//2591 2759//2759 2589//2589
f 2592//2592 2590//2590 2760//2760
f 2593//2593 2759//2759 2591//2591
f 2594//2594 2592//2592 2760//2760
f 2761//2761 2759//2759 2593//2593
f 2762//2762 2594//2594 2760//2760
f 2595//2595 2761//2761 2593//2593
f 2596//2596 2594//2594 2762//2762
f 2763//2763 2761//2761 2595//2595
f 2764//2764 2596//2596 2762//2762
f 2597//2597 2763//2763 2595//2595
f 2598//2598 2596//2596 2764//2764
f 2765//2765 2763//2763 2597//2597
f 2766//2766 2598//2598 2764//2764
f 2599//2599 2765//2765 2597//2597
f 2600//2600 2598//2598 2766//2766
f 2767//2767 2765//2765 2599//2599
f 2768//2768 2600//2600 2766//2766
f 2769//2769 2767//2767 2599//2599
f 2770//2770 2600//2600 2768//2768
f 2601//2601 2769//2769 2599//2599
f 2602//2602 2600//2600 2770//2770
f 5003//5003 2769//2769 2601//2601
f 5003//5003 2602//2602 2770//2770
f 5001//5001 5003//5003 2601//2601
f 5001//5001 2602//2602 5003//5003
f 2771//2771 5004//5004 5002//5002
f 2772//2772 5002//5002 5004//5004
f 2603//2603 2771//2771 5002//5002
f 2604//2604 5002//5002 2772//2772
f 2773//2773 2771//2771 2603//2603
f 2774//2774 2604//2604 2772//2772
f 2605//2605 2773//2773 2603//2603
f 2606//2606 2604//2604 2774//2774
f 2775//2775 2773//2773 2605//2605
f 2776//2776 2606//2606 2774//2774
f 2607//2607 2775//2775 2605//2605
f 2608//2608 2606//2606 2776//2776
f 2777//2777 2775//2775 2607//2607
f 2778//2778 2608//2608 2776//2776
f 2609//2609 2777//2777 2607//2607
f 2610//2610 2608//2608 2778//2778
f 2779//2779 2777//2777 2609//2609
f 2780//2780 2610//2610 2778//2778
f 2611//2611 2779//2779 2609//2609
f 2612//2612 2610//2610 2780//2780
f 2781//2781 2779//2779 2611//2611
f 2782//2782 2612//2612 2780//2780
f 2613//2613 2781//2781 2611//2611
f 2614//2614 2612//2612 2782//2782
f 2783//2783 2781//2781 2613//2613
f 2784//2784 2614//2614 2782//2782
f 2615//2615 2783//2783 2613//2613
f 2616//2616 2614//2614 2784//2784
f 2785//2785 2783//2783 2615//2615
f 2786//2786 2616//2616 2784//2784
f 2617//2617 2785//2785 2615//2615
f 2618//2618 2616//2616 2786//2786
f 2787//2787 2785//2785 2617//2617
f 2788//2788 2618//2618 2786//2786
f 2619//2619 2787//2787 2617//2617
f 2620//2620 2618//2618 2788//2788
f 2789//2789 2787//2787 2619//2619
f 2790//2790 2620//2620 2788//2788
f 2621//2621 2789//2789 2619//2619
f 2622//2622 2620//2620 2790//2790
f 2791//2791 2789//2789 2621//2621
f 2792//2792 2622//2622 2790//2790
f 2623//2623 2791//2791 2621//2621
f 2624//2624 2622//2622 2792//2792
f 2625//2625 2791//2791 2623//2623
f 2626//2626 2624//2624 2792//2792
f 2793//2793 2791//2791 2625//2625
f 2794//2794 2626//2626 2792//2792
f 2627//2627 2793//2793 2625//2625
f 2628//2628 2626//2626 2794//2794
f 2795//2795 2793//2793 2627//2627
f 2796//2796 2628//2628 2794//2794
f 2629//2629 2795//2795 2627//2627
f 2630//2630 2628//2628 2796//2796
f 2797//2797 2795//2795 2629//2629
f 2798//2798 2630//2630 2796//2796
f 2631//2631 2797//2797 2629//2629
f 2632//2632 2630//2630 2798//2798
f 2799//2799 2797//2797 2631//2631
f 2800//2800 2632//2632 2798//2798
f 2633//2633 2799//2799 2631//2631
f 2634//2634 2632//2632 2800//2800
f 2801//2801 2799//2799 2633//2633
f 2802//2802 2634//2634 2800//2800
f 2635//2635 2801//2801 2633//2633
f 2636//2636 2634//2634 2802//2802
f 2803//2803 2801//2801 2635//2635
f 2804//2804 2636//2636 2802//2802
f 2637//2637 2803//2803 2635//2635
f 2638//2638 2636//2636 2804//2804
f 2805//2805 2803//2803 2637//2637
f 2806//2806 2638//2638 2804//2804
f 2639//2639 2805//2805 2637//2637
f 2640//2640 2638//2638 2806//2806
f 2807//2807 2805//2805 2639//2639
f 2808//2808 2640//2640 2806//2806
f 2641//2641 2807//2807 2639//2639
f 2642//2642 2640//2640 2808//2808
f 2809//2809 2807//2807 2641//2641
f 2810//2810 2642//2642 2808//2808
f 2643//2643 2809//2809 2641//2641
f 2644//2644 2642//2642 2810//2810
f 2811//2811 2809//2809 2643//2643
f 2812//2812 2644//2644 2810//2810
f 2645//2645 2811//2811 2643//2643
f 2646//2646 2644//2644 2812//2812
f 2813//2813 2811//2811 2645//2645
f 2814//2814 2646//2646 2812//2812
f 2647//2647 2813//2813 2645//2645
f 2648//2648 2646//2646 2814//2814
f 2815//2815 2813//2813 2647//2647
f 2816//2816 2648//2648 2814//2814
f 2649//2649 2815//2815 2647//2647
f 2650//2650 2648//2648 2816//2816
f 2817//2817 2815//2815 2649//2649
f 2818//2818 2650//2650 2816//2816
f 2651//2651 2817//2817 2649//2649
f 2652//2652 2650//2650 2818//2818
f 2819//2819 2817//2817 2651//2651
f 2820//2820 2652//2652 2818//2818
f 2653//2653 2819//2819 2651//2651
f 2654//2654 2652//2652 2820//2820
f 2821//2821 2819//2819 2653//2653
f 2822//2822 2654//2654 2820//2820
f 2655//2655 2821//2821 2653//2653
f 2656//2656 2654//2654 2822//2822
f 2823//2823 2821//2821 2655//2655
f 2824//2824 2656//2656 2822//2822
f 2657//2657 2823//2823 2655//2655
f 2658//2658 2656//2656 2824//2824
f 2825//2825 2823//2823 2657//2657
f 2826//2826 2658//2658 2824//2824
f 2659//2659 2825//2825 2657//2657
f 2660//2660 2658//2658 2826//2826
f 2827//2827 2825//2825 2659//2659
f 2828//2828 2660//2660 2826//2826
f 2661//2661 2827//2827 2659//2659
f 2662//2662 2660//2660 2828//2828
f 2829//2829 2827//2827 2661//2661
f 2830//2830 2662//2662 2828//2828
f 2663//2663 2829//2829 2661//2661
f 2664//2664 2662//2662 2830//2830
f 2831//2831 2829//2829 2663//2663
f 2832//2832 2664//2664 2830//2830
f 2665//2665 2831//2831 2663//2663
f 2666//2666 2664//2664 2832//2832
f 2833//2833 2831//2831 2665//2665
f 2834//2834 2666//2666 2832//2832
f 2667//2667 2833//2833 2665//2665
f 2668//2668 2666//2666 2834//2834
f 2835//2835 2833//2833 2667//2667
f 2836//2836 2668//2668 2834//2834
f 2669//2669 2835//2835 2667//2667
f 2670//2670 2668//2668 2836//2836
f 2837//2837 2835//2835 2669//2669
f 2838//2838 2670//2670 2836//2836
f 2671//2671 2837//2837 2669//2669
f 2672//2672 2670//2670 2838//2838
f 2839//2839 2837//2837 2671//2671
f 2840//2840 2672//2672 2838//2838
f 2673//2673 2839//2839 2671//2671
f 2674//2674 2672//2672 2840//2840
f 2841//2841 2839//2839 2673//2673
f 2842//2842 2674//2674 2840//2840
f 2675//2675 2841//2841 2673//2673
f 2676//2676 2674//2674 2842//2842
f 2843//2843 2841//2841 2675//2675
f 2844//2844 2676//2676 2842//2842
f 2677//2677 2843//2843 2675//2675
f 2678//2678 2676//2676 2844//2844
f 2845//2845 2843//2843 2677//2677
f 2846//2846 2678//2678 2844//2844
f 2679//2679 2845//2845 2677//2677
f 2680//2680 2678//2678 2846//2846
f 2847//2847 2845//2845 2679//2679
f 2848//2848 2680//2680 2846//2846
f 2681//2681 2847//2847 2679//2679
f 2682//2682 2680//2680 2848//2848
f 2849//2849 2847//2847 2681//2681
f 2850//2850 2682//2682 2848//2848
f 2683//2683 2849//2849 2681//2681
f 2684//2684 2682//2682 2850//2850
f 2851//2851 2849//2849 2683//2683
f 2852//2852 2684//2684 2850//2850
f 2685//2685 2851//2851 2683//2683
f 2686//2686 2684//2684 2852//2852
f 2853//2853 2851//2851 2685//2685
f 2854//2854 2686//2686 2852//2852
f 2687//2687 2853//2853 2685//2685
f 2688//2688 2686//2686 2854//2854
f 2855//2855 2853//2853 2687//2687
f 2856//2856 2688//2688 2854//2854
f 2689//2689 2855//2855 2687//2687
f 2690//2690 2688//2688 2856//2856
f 2857//2857 2855//2855 2689//2689
f 2858//2858 2690//2690 2856//2856
f 2691//2691 2857//2857 2689//2689
f 2692//2692 2690//2690 2858//2858
f 2859//2859 2857//2857 2691//2691
f 2860//2860 2692//2692 2858//2858
f 2693//2693 2859//2859 2691//2691
f 2694//2694 2692//2692 2860//2860
f 2861//2861 2859//2859 2693//2693
f 2862//2862 2694//2694 2860//2860
f 2695//2695 2861//2861 2693//2693
f 2696//2696 2694//2694 2862//2862
f 2863//2863 2861//2861 2695//2695
f 2864//2864 2696//2696 2862//2862
f 2697//2697 2863//2863 2695//2695
f 2698//2698 2696//2696 2864//2864
f 2865//2865 2863//2863 2697//2697
f 2866//2866 2698//2698 2864//2864
f 2699//2699 2865//2865 2697//2697
f 2700//2700 2698//2698 2866//2866
f 2867//2867 2865//2865 2699//2699
f 2868//2868 2700//2700 2866//2866
f 2701//2701 2867//2867 2699//2699
f 2702//2702 2700//2700 2868//2868
f 2869//2869 2867//2867 2701//2701
f 2870//2870 2702//2702 2868//2868
f 2703//2703 2869//2869 2701//2701
f 2704//2704 2702//2702 2870//2870
f 2871//2871 2869//2869 2703//2703
f 2872//2872 2704//2704 2870//2870
f 2705//2705 2871//2871 2703//2703
f 2706//2706 2704//2704 2872//2872
f 2873//2873 2871//2871 2705//2705
f 2874//2874 2706//2706 2872//2872
f 2707//2707 2873//2873 2705//2705
f 2708//2708 2706//2706 2874//2874
f 2875//2875 2873//2873 2707//2707
f 2876//2876 2708//2708 2874//2874
f 2709//2709 2875//2875 2707//2707
f 2710//2710 2708//2708 2876//2876
f 2877//2877 2875//2875 2709//2709
f 2878//2878 2710//2710 2876//2876
f 2711//2711 2877//2877 2709//2709
f 2712//2712 2710//2710 2878//2878
f 2879//2879 2877//2877 2711//2711
f 2880//2880 2712//2712 2878//2878
f 2713//2713 2879//2879 2711//2711
f 2714//2714 2712//2712 2880//2880
f 2881//2881 2879//2879 2713//2713
f 2882//2882 2714//2714 2880//2880
f 2715//2715 2881//2881 2713//2713
f 2716//2716 2714//2714 2882//2882
f 2883//2883 2881//2881 2715//2715
f 2884//2884 2716//2716 2882//2882
f 2717//2717 2883//2883 2715//2715
f 2718//2718 2716//2716 2884//2884
f 2885//2885 2883//2883 2717//2717
f 2886//2886 2718//2718 2884//2884
f 2719//2719 2885//2885 2717//2717
f 2720//2720 2718//2718 2886//2886
f 2887//2887 2885//2885 2719//2719
f 2888//2888 2720//2720 2886//2886
f 2721//2721 2887//2887 2719//2719
f 2722//2722 2720//2720 2888//2888
f 2889//2889 2887//2887 2721//2721
f 2890//2890 2722//2722 2888//2888
f 2723//2723 2889//2889 2721//2721
f 2724//2724 2722//2722 2890//2890
f 2891//2891 2889//2889 2723//2723
f 2892//2892 2724//2724 2890//2890
f 2725//2725 2891//2891 2723//2723
f 2726//2726 2724//2724 2892//2892
f 2893//2893 2891//2891 2725//2725
f 2894//2894 2726//2726 2892//2892
f 2727//2727 2893//2893 2725//2725
f 2728//2728 2726//2726 2894//2894
f 2895//2895 2893//2893 2727//2727
f 2896//2896 2728//2728 2894//2894
f 2729//2729 2895//2895 2727//2727
f 2730//2730 2728//2728 2896//2896
f 2897//2897 2895//2895 2729//2729
f 2898//2898 2730//2730 2896//2896
f 2899//2899 2897//2897 2729//2729
f 2900//2900 2730//2730 2898//2898
f 2731//2731 2899//2899 2729//2729
f 2732//2732 2730//2730 2900//2900
f 2901//2901 2899//2899 2731//2731
f 2902//2902 2732//2732 2900//2900
f 2733//2733 2901//2901 2731//2731
f 2734//2734 2732//2732 2902//2902
f 2903//2903 2901//2901 2733//2733
f 2904//2904 2734//2734 2902//2902
f 2735//2735 2903//2903 2733//2733
f 2736//2736 2734//2734 2904//2904
f 2905//2905 2903//2903 2735//2735
f 2906//2906 2736//2736 2904//2904
f 2737//2737 2905//2905 2735//2735
f 2738//2738 2736//2736 2906//2906
f 2907//2907 2905//2905 2737//2737
f 2908//2908 2738//2738 2906//2906
f 2739//2739 2907//2907 2737//2737
f 2740//2740 2738//2738 2908//2908
f 2909//2909 2907//2907 2739//2739
f 2910//2910 2740//2740 2908//2908
f 2741//2741 2909//2909 2739//2739
f 2742//2742 2740//2740 2910//2910
f 2911//2911 2909//2909 2741//2741
f 2912//2912 2742//2742 2910//2910
f 2743//2743 2911//2911 2741//2741
f 2744//2744 2742//2742 2912//2912
f 2913//2913 2911//2911 2743//2743
f 2914//2914 2744//2744 2912//2912
f 2745//2745 2913//2913 2743//2743
f 2746//2746 2744//2744 2914//2914
f 2915//2915 2913//2913 2745//2745
f 2916//2916 2746//2746 2914//2914
f 2747//2747 2915//2915 2745//2745
f 2748//2748 2746//2746 2916//2916
f 2917//2917 2915//2915 2747//2747
f 2918//2918 2748//2748 2916//2916
f 2749//2749 2917//2917 2747//2747
f 2750//2750 2748//2748 2918//2918
f 2919//2919 2917//2917 2749//2749
f 2920//2920 2750//2750 2918//2918
f 2751//2751 2919//2919 2749//2749
f 2752//2752 2750//2750 2920//2920
f 2921//2921 2919//2919 2751//2751
f 2922//2922 2752//2752 2920//2920
f 2753//2753 2921//2921 2751//2751
f 2754//2754 2752//2752 2922//2922
f 2923//2923 2921//2921 2753//2753
f 2924//2924 2754//2754 2922//2922
f 2755//2755 2923//2923 2753//2753
f 2756//2756 2754//2754 2924//2924
f 2925//2925 2923//2923 2755//2755
f 2926//2926 2756//2756 2924//2924
f 2757//2757 2925//2925 2755//2755
f 2758//2758 2756//2756 2926//2926
f 2927//2927 2925//2925 2757//2757
f 2928//2928 2758//2758 2926//2926
f 2759//2759 2927//2927 2757//2757
f 2760//2760 2758//2758 2928//2928
f 2761//2761 2927//2927 2759//2759
f 2762//2762 2760//2760 2928//2928
f 2929//2929 2927//2927 2761//2761
f 2930//2930 2762//2762 2928//2928
f 2763//2763 2929//2929 2761//2761
f 2764//2764 2762//2762 2930//2930
f 2931//2931 2929//2929 2763//2763
f 2932//2932 2764//2764 2930//2930
f 2765//2765 2931//2931 2763//2763
f 2766//2766 2764//2764 2932//2932
f 2933//2933 2931//2931 2765//2765
f 2934//2934 2766//2766 2932//2932
f 2767//2767 2933//2933 2765//2765
f 2768//2768 2766//2766 2934//2934
f 2935//2935 2933//2933 2767//2767
f 2936//2936 2768//2768 2934//2934
f 2769//2769 2935//2935 2767//2767
f 2770//2770 2768//2768 2936//2936
f 2937//2937 2935//2935 2769//2769
f 2938//2938 2770//2770 2936//2936
f 5003//5003 2937//2937 2769//2769
f 5003//5003 2770//2770 2938//2938
f 5005//5005 2937//2937 5003//5003
f 5005//5005 5003//5003 2938//2938
f 2939//2939 5006//5006 5004//5004
f 2940//2940 5004//5004 5006//5006
f 2771//2771 2939//2939 5004//5004
f 2772//2772 5004//5004 2940//2940
f 2941//2941 2939//2939 2771//2771
f 2942//2942 2772//2772 2940//2940
f 2773//2773 2941//2941 2771//2771
f 2774//2774 2772//2772 2942//2942
f 2943//2943 2941//2941 2773//2773
f 2944//2944 2774//2774 2942//2942
f 2775//2775 2943//2943 2773//2773
f 2776//2776 2774//2774 2944//2944
f 2945//2945 2943//2943 2775//2775
f 2946//2946 2776//2776 2944//2944
f 2777//2777 2945//2945 2775//2775
f 2778//2778 2776//2776 2946//2946
f 2947//2947 2945//2945 2777//2777
f 2948//2948 2778//2778 2946//2946
f 2779//2779 2947//2947 2777//2777
f 2780//2780 2778//2778 2948//2948
f 2949//2949 2947//2947 2779//2779
f 2950//2950 2780//2780 2948//2948
f 2781//2781 2949//2949 2779//2779
f 2782//2782 2780//2780 2950//2950
f 2951//2951 2949//2949 2781//2781
f 2952//2952 2782//2782 2950//2950
f 2783//2783 2951//2951 2781//2781
f 2784//2784 2782//2782 2952//2952
f 2953//2953 2951//2951 2783//2783
f 2954//2954 2784//2784 2952//2952
f 2785//2785 2953//2953 2783//2783
f 2786//2786 2784//2784 2954//2954
f 2955//2955 2953//2953 2785//2785
f 2956//2956 2786//2786 2954//2954
f 2787//2787 2955//2955 2785//2785
f 2788//2788 2786//2786 2956//2956
f 2957//2957 2955//2955 2787//2787
f 2958//2958 2788//2788 2956//2956
f 2789//2789 2957//2957 2787//2787
f 2790//2790 2788//2788 2958//2958
f 2959//2959 2957//2957 2789//2789
f 2960//2960 2790//2790 2958//2958
f 2791//2791 2959//2959 2789//2789
f 2792//2792 2790//2790 2960//2960
f 2961//2961 2959//2959 2791//2791
f 2962//2962 2792//2792 2960//2960
f 2793//2793 2961//2961 2791//2791
f 2794//2794 2792//2792 2962//2962
f 2963//2963 2961//2961 2793//2793
f 2964//2964 2794//2794 2962//2962
f 2795//2795 2963//2963 2793//2793
f 2796//2796 2794//2794 2964//2964
f 2965//2965 2963//2963 2795//2795
f 2966//2966 2796//2796 2964//2964
f 2797//2797 2965//2965 2795//2795
f 2798//2798 2796//2796 2966//2966
f 2967//2967 2965//2965 2797//2797
f 2968//2968 2798//2798 2966//2966
f 2799//2799 2967//2967 2797//2797
f 2800//2800 2798//2798 2968//2968
f 2969//2969 2967//2967 2799//2799
f 2970//2970 2800//2800 2968//2968
f 2801//2801 2969//2969 2799//2799
f 2802//2802 2800//2800 2970//2970
f 2971//2971 2969//2969 2801//2801
f 2972//2972 2802//2802 2970//2970
f 2803//2803 2971//2971 2801//2801
f 2804//2804 2802//2802 2972//2972
f 2973//2973 2971//2971 2803//2803
f 2974//2974 2804//2804 2972//2972
f 2805//2805 2973//2973 2803//2803
f 2806//2806 2804//2804 2974//2974
f 2975//2975 2973//2973 2805//2805
f 2976//2976 2806//2806 2974//2974
f 2807//2807 2975//2975 2805//2805
f 2808//2808 2806//2806 2976//2976
f 2977//2977 2975//2975 2807//2807
f 2978//2978 2808//2808 2976//2976
f 2809//2809 2977//2977 2807//2807
f 2810//2810 2808//2808 2978//2978
f 2979//2979 2977//2977 2809//2809
f 2980//2980 2810//2810 2978//2978
f 2811//2811 2979//2979 2809//2809
f 2812//2812 2810//2810 2980//2980
f 2981//2981 2979//2979 2811//2811
f 2982//2982 2812//2812 2980//2980
f 2813//2813 2981//2981 2811//2811
f 2814//2814 2812//2812 2982//2982
f 2983//2983 2981//2981 2813//2813
f 2984//2984 2814//2814 2982//2982
f 2815//2815 2983//2983 2813//2813
f 2816//2816 2814//2814 2984//2984
f 2985//2985 2983//2983 2815//2815
f 2986//2986 2816//2816 2984//2984
f 2817//2817 2985//2985 2815//2815
f 2818//2818 2816//2816 2986//2986
f 2987//2987 2985//2985 2817//2817
f 2988//2988 2818//2818 2986//2986
f 2819//2819 2987//2987 2817//2817
f 2820//2820 2818//2818 2988//2988
f 2989//2989 2987//2987 2819//2819
f 2990//2990 2820//2820 2988//2988
f 2821//2821 2989//2989 2819//2819
f 2822//2822 2820//2820 2990//2990
f 2991//2991 2989//2989 2821//2821
f 2992//2992 2822//2822 2990//2990
f 2823//2823 2991//2991 2821//2821
f 2824//2824 2822//2822 2992//2992
f 2993//2993 2991//2991 2823//2823
f 2994//2994 2824//2824 2992//2992
f 2825//2825 2993//2993 2823//2823
f 2826//2826 2824//2824 2994//2994
f 2995//2995 2993//2993 2825//2825
f 2996//2996 2826//2826 2994//2994
f 2827//2827 2995//2995 2825//2825
f 2828//2828 2826//2826 2996//2996
f 2997//2997 2995//2995 2827//2827
f 2998//2998 2828//2828 2996//2996
f 2829//2829 2997//2997 2827//2827
f 2830//2830 2828//2828 2998//2998
f 2999//2999 2997//2997 2829//2829
f 3000//3000 2830//2830 2998//2998
f 2831//2831 2999//2999 2829//2829
f 2832//2832 2830//2830 3000//3000
f 3001//3001 2999//2999 2831//2831
f 3002//3002 2832//2832 3000//3000
f 2833//2833 3001//3001 2831//2831
f 2834//2834 2832//2832 3002//3002
f 3003//3003 3001//3001 2833//2833
f 3004//3004 2834//2834 3002//3002
f 2835//2835 3003//3003 2833//2833
f 2836//2836 2834//2834 3004//3004
f 3005//3005 3003//3003 2835//2835
f 3006//3006 2836//2836 3004//3004
f 2837//2837 3005//3005 2835//2835
f 2838//2838 2836//2836 3006//3006
f 3007//3007 3005//3005 2837//2837
f 3008//3008 2838//2838 3006//3006
f 2839//2839 3007//3007 2837//2837
f 2840//2840 2838//2838 3008//3008
f 3009//3009 3007//3007 2839//2839
f 3010//3010 2840//2840 3008//3008
f 2841//2841 3009//3009 2839//2839
f 2842//2842 2840//2840 3010//3010
f 3011//3011 3009//3009 2841//2841
f 3012//3012 2842//2842 3010//3010
f 2843//2843 3011//3011 2841//2841
f 2844//2844 2842//2842 3012//3012
f 3013//3013 3011//3011 2843//2843
f 3014//3014 2844//2844 3012//3012
f 2845//2845 3013//3013 2843//2843
f 2846//2846 2844//2844 3014//3014
f 3015//3015 3013//3013 2845//2845
f 3016//3016 2846//2846 3014//3014
f 2847//2847 3015//3015 2845//2845
f 2848//2848 2846//2846 3016//3016
f 3017//3017 3015//3015 2847//2847
f 3018//3018 2848//2848 3016//3016
f 2849//2849 3017//3017 2847//2847
f 2850//2850 2848//2848 3018//3018
f 3019//3019 3017//3017 2849//2849
f 3020//3020 2850//2850 3018//3018
f 2851//2851 3019//3019 2849//2849
f 2852//2852 2850//2850 3020//3020
f 3021//3021 3019//3019 2851//2851
f 3022//3022 2852//2852 3020//3020
f 2853//2853 3021//3021 2851//2851
f 2854//2854 2852//2852 3022//3022
f 3023//3023 3021//3021 2853//2853
f 3024//3024 2854//2854 3022//3022
f 2855//2855 3023//3023 2853//2853
f 2856//2856 2854//2854 3024//3024
f 3025//3025 3023//3023 2855//2855
f 3026//3026 2856//2856 3024//3024
f 2857//2857 3025//3025 2855//2855
f 2858//2858 2856//2856 3026//3026
f 3027//3027 3025//3025 2857//2857
f 3028//3028 2858//2858 3026//3026
f 2859//2859 3027//3027 2857//2857
f 2860//2860 2858//2858 3028//3028
f 3029//3029 3027//3027 2859//2859
f 3030//3030 2860//2860 3028//3028
f 2861//2861 3029//3029 2859//2859
f 2862//2862 2860//2860 3030//3030
f 3031//3031 3029//3029 2861//2861
f 3032//3032 2862//2862 3030//3030
f 2863//2863 3031//3031 2861//2861
f 2864//2864 2862//2862 3032//3032
f 3033//3033 3031//3031 2863//2863
f 3034//3034 2864//2864 3032//3032
f 2865//2865 3033//3033 2863//2863
f 2866//2866 2864//2864 3034//3034
f 3035//3035 3033//3033 2865//2865
f 3036//3036 2866//2866 3034//3034
f 2867//2867 3035//3035 2865//2865
f 2868//2868 2866//2866 3036//3036
f 3037//3037 3035//3035 2867//2867
f 3038//3038 2868//2868 3036//3036
f 2869//2869 3037//3037 2867//2867
f 2870//2870 2868//2868 3038//3038
f 3039//3039 3037//3037 2869//2869
f 3040//3040 2870//2870 3038//3038
f 2871//2871 3039//3039 2869//2869
f 2872//2872 2870//2870 3040//3040
f 3041//3041 3039//3039 2871//2871
f 3042//3042 2872//2872 3040//3040
f 2873//2873 3041//3041 2871//2871
f 2874//2874 2872//2872 3042//3042
f 3043//3043 3041//3041 2873//2873
f 3044//3044 2874//2874 3042//3042
f 2875//2875 3043//3043 2873//2873
f 2876//2876 2874//2874 3044//3044
f 3045//3045 3043//3043 2875//2875
f 3046//3046 2876//2876 3044//3044
f 2877//2877 3045//3045 2875//2875
f 2878//2878 2876//2876 3046//3046
f 3047//3047 3045//3045 2877//2877
f 3048//3048 2878//2878 3046//3046
f 2879//2879 3047//3047 2877//2877
f 2880//2880 2878//2878 3048//3048
f 3049//3049 3047//3047 2879//2879
f 3050//3050 2880//2880 3048//3048
f 2881//2881 3049//3049 2879//2879
f 2882//2882 2880//2880 3050//3050
f 3051//3051 3049//3049 2881//2881
f 3052//3052 2882//2882 3050//3050
f 2883//2883 3051//3051 2881//2881
f 2884//2884 2882//2882 3052//3052
f 3053//3053 3051//3051 2883//2883
f 3054//3054 2884//2884 3052//3052
f 2885//2885 3053//3053 2883//2883
f 2886//2886 2884//2884 3054//3054
f 3055//3055 3053//3053 2885//2885
f 3056//3056 2886//2886 3054//3054
f 2887//2887 3055//3055 2885//2885
f 2888//2888 2886//2886 3056//3056
f 3057//3057 3055//3055 2887//2887
f 3058//3058 2888//2888 3056//3056
f 2889//2889 3057//3057 2887//2887
f 2890//2890 2888//2888 3058//3058
f 3059//3059 3057//3057 2889//2889
f 3060//3060 2890//2890 3058//3058
f 2891//2891 3059//3059 2889//2889
f 2892//2892 2890//2890 3060//3060
f 3061//3061 3059//3059 2891//2891
f 3062//3062 2892//2892 3060//3060
f 2893//2893 3061//3061 2891//2891
f 2894//2894 2892//2892 3062//3062
f 3063//3063 3061//3061 2893//2893
f 3064//3064 2894//2894 3062//3062
f 2895//2895 3063//3063 2893//2893
f 2896//2896 2894//2894 3064//3064
f 3065//3065 3063//3063 2895//2895
f 3066//3066 2896//2896 3064//3064
f 2897//2897 3065//3065 2895//2895
f 2898//2898 2896//2896 3066//3066
f 3067//3067 3065//3065 2897//2897
f 3068//3068 2898//2898 3066//3066
f 2899//2899 3067//3067 2897//2897
f 2900//2900 2898//2898 3068//3068
f 3069//3069 3067//3067 2899//2899
f 3070//3070 2900//2900 3068//3068
f 2901//2901 3069//3069 2899//2899
f 2902//2902 2900//2900 3070//3070
f 3071//3071 3069//3069 2901//2901
f 3072//3072 2902//2902 3070//3070
f 2903//2903 3071//3071 2901//2901
f 2904//2904 2902//2902 3072//3072
f 3073//3073 3071//3071 2903//2903
f 3074//3074 2904//2904 3072//3072
f 2905//2905 3073//3073 2903//2903
f 2906//2906 2904//2904 3074//3074
f 3075//3075 3073//3073 2905//2905
f 3076//3076 2906//2906 3074//3074
f 2907//2907 3075//3075 2905//2905
f 2908//2908 2906//2906 3076//3076
f 3077//3077 3075//3075 2907//2907
f 3078//3078 2908//2908 3076//3076
f 2909//2909 3077//3077 2907//2907
f 2910//2910 2908//2908 3078//3078
f 3079//3079 3077//3077 2909//2909
f 3080//3080 2910//2910 3078//3078
f 2911//2911 3079//3079 2909//2909
f 2912//2912 2910//2910 3080//3080
f 3081//3081 3079//3079 2911//2911
f 3082//3082 2912//2912 3080//3080
f 2913//2913 3081//3081 2911//2911
f 2914//2914 2912//2912 3082//3082
f 3083//3083 3081//3081 2913//2913
f 3084//3084 2914//2914 3082//3082
f 2915//2915 3083//3083 2913//2913
f 2916//2916 2914//2914 3084//3084
f 3085//3085 3083//3083 2915//2915
f 3086//3086 2916//2916 3084//3084
f 2917//2917 3085//3085 2915//2915
f 2918//2918 2916//2916 3086//3086
f 3087//3087 3085//3085 2917//2917
f 3088//3088 2918//2918 3086//3086
f 2919//2919 3087//3087 2917//2917
f 2920//2920 2918//2918 3088//3088
f 3089//3089 3087//3087 2919//2919
f 3090//3090 2920//2920 3088//3088
f 2921//2921 3089//3089 2919//2919
f 2922//2922 2920//2920 3090//3090
f 3091//3091 3089//3089 2921//2921
f 3092//3092 2922//2922 3090//3090
f 2923//2923 3091//3091 2921//2921
f 2924//2924 2922//2922 3092//3092
f 3093//3093 3091//3091 2923//2923
f 3094//3094 2924//2924 3092//3092
f 2925//2925 3093//3093 2923//2923
f 2926//2926 2924//2924 3094//3094
f 3095//3095 3093//3093 2925//2925
f 3096//3096 2926//2926 3094//3094
f 2927//2927 3095//3095 2925//2925
f 2928//2928 2926//2926 3096//3096
f 3097//3097 3095//3095 2927//2927
f 3098//3098 2928//2928 3096//3096
f 2929//2929 3097//3097 2927//2927
f 2930//2930 2928//2928 3098//3098
f 3099//3099 3097//3097 2929//2929
f 3100//3100 2930//2930 3098//3098
f 2931//2931 3099//3099 2929//2929
f 2932//2932 2930//2930 3100//3100
f 3101//3101 3099//3099 2931//2931
f 3102//3102 2932//2932 3100//3100
f 2933//2933 3101//3101 2931//2931
f 2934//2934 2932//2932 3102//3102
f 3103//3103 3101//3101 2933//2933
f 3104//3104 2934//2934 3102//3102
f 2935//2935 3103//3103 2933//2933
f 2936//2936 2934//2934 3104//3104
f 2937//2937 3103//3103 2935//2935
f 2938//2938 2936//2936 3104//3104
f 3105//3105 3103//3103 2937//2937
f 3106//3106 2938//2938 3104//3104
f 5005//5005 3105//3105 2937//2937
f 5005//5005 2938//2938 3106//3106
f 5007//5007 3105//3105 5005//5005
f 5007//5007 5005//5005 3106//3106
f 2939//2939 5008//5008 5006//5006
f 2940//2940 5006//5006 5008//5008
f 3107//3107 5008//5008 2939//2939
f 3108//3108 2940//2940 5008//5008
f 3109//3109 3107//3107 2939//2939
f 3110//3110 2940//2940 3108//3108
f 2941//2941 3109//3109 2939//2939
f 2942//2942 2940//2940 3110//3110
f 3111//3111 3109//3109 2941//2941
f 3112//3112 2942//2942 3110//3110
f 2943//2943 3111//3111 2941//2941
f 2944//2944 2942//2942 3112//3112
f 3113//3113 3111//3111 2943//2943
f 3114//3114 2944//2944 3112//3112
f 2945//2945 3113//3113 2943//2943
f 2946//2946 2944//2944 3114//3114
f 3115//3115 3113//3113 2945//2945
f 3116//3116 2946//2946 3114//3114
f 2947//2947 3115//3115 2945//2945
f 2948//2948 2946//2946 3116//3116
f 3117//3117 3115//3115 2947//2947
f 3118//3118 2948//2948 3116//3116
f 2949//2949 3117//3117 2947//2947
f 2950//2950 2948//2948 3118//3118
f 3119//3119 3117//3117 2949//2949
f 3120//3120 2950//2950 3118//3118
f 2951//2951 3119//3119 2949//2949
f 2952//2952 2950//2950 3120//3120
f 2953//2953 3119//3119 2951//2951
f 2954//2954 2952//2952 3120//3120
f 3121//3121 3119//3119 2953//2953
f 3122//3122 2954//2954 3120//3120
f 2955//2955 3121//3121 2953//2953
f 2956//2956 2954//2954 3122//3122
f 3123//3123 3121//3121 2955//2955
f 3124//3124 2956//2956 3122//3122
f 2957//2957 3123//3123 2955//2955
f 2958//2958 2956//2956 3124//3124
f 3125//3125 3123//3123 2957//2957
f 3126//3126 2958//2958 3124//3124
f 2959//2959 3125//3125 2957//2957
f 2960//2960 2958//2958 3126//3126
f 3127//3127 3125//3125 2959//2959
f 3128//3128 2960//2960 3126//3126
f 3129//3129 3127//3127 2959//2959
f 3130//3130 2960//2960 3128//3128
f 2961//2961 3129//3129 2959//2959
f 2962//2962 2960//2960 3130//3130
f 3131//3131 3129//3129 2961//2961
f 3132//3132 2962//2962 3130//3130
f 2963//2963 3131//3131 2961//2961
f 2964//2964 2962//2962 3132//3132
f 3133//3133 3131//3131 2963//2963
f 3134//3134 2964//2964 3132//3132
f 2965//2965 3133//3133 2963//2963
f 2966//2966 2964//2964 3134//3134
f 3135//3135 3133//3133 2965//2965
f 3136//3136 2966//2966 3134//3134
f 2967//2967 3135//3135 2965//2965
f 2968//2968 2966//2966 3136//3136
f 3137//3137 3135//3135 2967//2967
f 3138//3138 2968//2968 3136//3136
f 2969//2969 3137//3137 2967//2967
f 2970//2970 2968//2968 3138//3138
f 3139//3139 3137//3137 2969//2969
f 3140//3140 2970//2970 3138//3138
f 2971//2971 3139//3139 2969//2969
f 2972//2972 2970//2970 3140//3140
f 3141//3141 3139//3139 2971//2971
f 3142//3142 2972//2972 3140//3140
f 2973//2973 3141//3141 2971//2971
f 2974//2974 2972//2972 3142//3142
f 3143//3143 3141//3141 2973//2973
f 3144//3144 2974//2974 3142//3142
f 2975//2975 3143//3143 2973//2973
f 2976//2976 2974//2974 3144//3144
f 3145//3145 3143//3143 2975//2975
f 3146//3146 2976//2976 3144//3144
f 2977//2977 3145//3145 2975//2975
f 2978//2978 2976//2976 3146//3146
f 3147//3147 3145//3145 2977//2977
f 3148//3148 2978//2978 3146//3146
f 2979//2979 3147//3147 2977//2977
f 2980//2980 2978//2978 3148//3148
f 3149//3149 3147//3147 2979//2979
f 3150//3150 2980//2980 3148//3148
f 2981//2981 3149//3149 2979//2979
f 2982//2982 2980//2980 3150//3150
f 3151//3151 3149//3149 2981//2981
f 3152//3152 2982//2982 3150//3150
f 2983//2983 3151//3151 2981//2981
f 2984//2984 2982//2982 3152//3152
f 3153//3153 3151//3151 2983//2983
f 3154//3154 2984//2984 3152//3152
f 2985//2985 3153//3153 2983//2983
f 2986//2986 2984//2984 3154//3154
f 3155//3155 3153//3153 2985//2985
f 3156//3156 2986//2986 3154//3154
f 2987//2987 3155//3155 2985//2985
f 2988//2988 2986//2986 3156//3156
f 3157//3157 3155//3155 2987//2987
f 3158//3158 2988//2988 3156//3156
f 2989//2989 3157//3157 2987//2987
f 2990//2990 2988//2988 3158//3158
f 3159//3159 3157//3157 2989//2989
f 3160//3160 2990//2990 3158//3158
f 2991//2991 3159//3159 2989//2989
f 2992//2992 2990//2990 3160//3160
f 3161//3161 3159//3159 2991//2991
f 3162//3162 2992//2992 3160//3160
f 2993//2993 3161//3161 2991//2991
f 2994//2994 2992//2992 3162//3162
f 3163//3163 3161//3161 2993//2993
f 3164//3164 2994//2994 3162//3162
f 2995//2995 3163//3163 2993//2993
f 2996//2996 2994//2994 3164//3164
f 3165//3165 3163//3163 2995//2995
f 3166//3166 2996//2996 3164//3164
f 2997//2997 3165//3165 2995//2995
f 2998//2998 2996//2996 3166//3166
f 3167//3167 3165//3165 2997//2997
f 3168//3168 2998//2998 3166//3166
f 2999//2999 3167//3167 2997//2997
f 3000//3000 2998//2998 3168//3168
f 3169//3169 3167//3167 2999//2999
f 3170//3170 3000//3000 3168//3168
f 3001//3001 3169//3169 2999//2999
f 3002//3002 3000//3000 3170//3170
f 3171//3171 3169//3169 3001//3001
f 3172//3172 3002//3002 3170//3170
f 3003//3003 3171//3171 3001//3001
f 3004//3004 3002//3002 3172//3172
f 3173//3173 3171//3171 3003//3003
f 3174//3174 3004//3004 3172//3172
f 3005//3005 3173//3173 3003//3003
f 3006//3006 3004//3004 3174//3174
f 3175//3175 3173//3173 3005//3005
f 3176//3176 3006//3006 3174//3174
f 3007//3007 3175//3175 3005//3005
f 3008//3008 3006//3006 3176//3176
f 3177//3177 3175//3175 3007//3007
f 3178//3178 3008//3008 3176//3176
f 3009//3009 3177//3177 3007//3007
f 3010//3010 3008//3008 3178//3178
f 3179//3179 3177//3177 3009//3009
f 3180//3180 3010//3010 3178//3178
f 3011//3011 3179//3179 3009//3009
f 3012//3012 3010//3010 3180//3180
f 3181//3181 3179//3179 3011//3011
f 3182//3182 3012//3012 3180//3180
f 3013//3013 3181//3181 3011//3011
f 3014//3014 3012//3012 3182//3182
f 3183//3183 3181//3181 3013//3013
f 3184//3184 3014//3014 3182//3182
f 3015//3015 3183//3183 3013//3013
f 3016//3016 3014//3014 3184//3184
f 3185//3185 3183//3183 3015//3015
f 3186//3186 3016//3016 3184//3184
f 3017//3017 3185//3185 3015//3015
f 3018//3018 3016//3016 3186//3186
f 3187//3187 3185//3185 3017//3017
f 3188//3188 3018//3018 3186//3186
f 3019//3019 3187//3187 3017//3017
f 3020//3020 3018//3018 3188//3188
f 3189//3189 3187//3187 3019//3019
f 3190//3190 3020//3020 3188//3188
f 3021//3021 3189//3189 3019//3019
f 3022//3022 3020//3020 3190//3190
f 3191//3191 3189//3189 3021//3021
f 3192//3192 3022//3022 3190//3190
f 3023//3023 3191//3191 3021//3021
f 3024//3024 3022//3022 3192//3192
f 3193//3193 3191//3191 3023//3023
f 3194//3194 3024//3024 3192//3192
f 3025//3025 3193//3193 3023//3023
f 3026//3026 3024//3024 3194//3194
f 3195//3195 3193//3193 3025//3025
f 3196//3196 3026//3026 3194//3194
f 3027//3027 3195//3195 3025//3025
f 3028//3028 3026//3026 3196//3196
f 3197//3197 3195//3195 3027//3027
f 3198//3198 3028//3028 3196//3196
f 3029//3029 3197//3197 3027//3027
f 3030//3030 3028//3028 3198//3198
f 3199//3199 3197//3197 3029//3029
f 3200//3200 3030//3030 3198//3198
f 3031//3031 3199//3199 3029//3029
f 3032//3032 3030//3030 3200//3200
f 3201//3201 3199//3199 3031//3031
f 3202//3202 3032//3032 3200//3200
f 3033//3033 3201//3201 3031//3031
f 3034//3034 3032//3032 3202//3202
f 3203//3203 3201//3201 3033//3033
f 3204//3204 3034//3034 3202//3202
f 3035//3035 3203//3203 3033//3033
f 3036//3036 3034//3034 3204//3204
f 3205//3205 3203//3203 3035//3035
f 3206//3206 3036//3036 3204//3204
f 3037//3037 3205//3205 3035//3035
f 3038//3038 3036//3036 3206//3206
f 3207//3207 3205//3205 3037//3037
f 3208//3208 3038//3038 3206//3206
f 3039//3039 3207//3207 3037//3037
f 3040//3040 3038//3038 3208//3208
f 3209//3209 3207//3207 3039//3039
f 3210//3210 3040//3040 3208//3208
f 3041//3041 3209//3209 3039//3039
f 3042//3042 3040//3040 3210//3210
f 3211//3211 3209//3209 3041//3041
f 3212//3212 3042//3042 3210//3210
f 3043//3043 3211//3211 3041//3041
f 3044//3044 3042//3042 3212//3212
f 3213//3213 3211//3211 3043//3043
f 3214//3214 3044//3044 3212//3212
f 3045//3045 3213//3213 3043//3043
f 3046//3046 3044//3044 3214//3214
f 3215//3215 3213//3213 3045//3045
f 3216//3216 3046//3046 3214//3214
f 3047//3047 3215//3215 3045//3045
f 3048//3048 3046//3046 3216//3216
f 3217//3217 3215//3215 3047//3047
f 3218//3218 3048//3048 3216//3216
f 3049//3049 3217//3217 3047//3047
f 3050//3050 3048//3048 3218//3218
f 3219//3219 3217//3217 3049//3049
f 3220//3220 3050//3050 3218//3218
f 3051//3051 3219//3219 3049//3049
f 3052//3052 3050//3050 3220//3220
f 3221//3221 3219//3219 3051//3051
f 3222//3222 3052//3052 3220//3220
f 3053//3053 3221//3221 3051//3051
f 3054//3054 3052//3052 3222//3222
f 3223//3223 3221//3221 3053//3053
f 3224//3224 3054//3054 3222//3222
f 3055//3055 3223//3223 3053//3053
f 3056//3056 3054//3054 3224//3224
f 3225//3225 3223//3223 3055//3055
f 3226//3226 3056//3056 3224//3224
f 3057//3057 3225//3225 3055//3055
f 3058//3058 3056//3056 3226//3226
f 3227//3227 3225//3225 3057//3057
f 3228//3228 3058//3058 3226//3226
f 3059//3059 3227//3227 3057//3057
f 3060//3060 3058//3058 3228//3228
f 3229//3229 3227//3227 3059//3059
f 3230//3230 3060//3060 3228//3228
f 3061//3061 3229//3229 3059//3059
f 3062//3062 3060//3060 3230//3230
f 3231//3231 3229//3229 3061//3061
f 3232//3232 3062//3062 3230//3230
f 3063//3063 3231//3231 3061//3061
f 3064//3064 3062//3062 3232//3232
f 3233//3233 3231//3231 3063//3063
f 3234//3234 3064//3064 3232//3232
f 3065//3065 3233//3233 3063//3063
f 3066//3066 3064//3064 3234//3234
f 3235//3235 3233//3233 3065//3065
f 3236//3236 3066//3066 3234//3234
f 3067//3067 3235//3235 3065//3065
f 3068//3068 3066//3066 3236//3236
f 3237//3237 3235//3235 3067//3067
f 3238//3238 3068//3068 3236//3236
f 3069//3069 3237//3237 3067//3067
f 3070//3070 3068//3068 3238//3238
f 3239//3239 3237//3237 3069//3069
f 3240//3240 3070//3070 3238//3238
f 3071//3071 3239//3239 3069//3069
f 3072//3072 3070//3070 3240//3240
f 3241//3241 3239//3239 3071//3071
f 3242//3242 3072//3072 3240//3240
f 3073//3073 3241//3241 3071//3071
f 3074//3074 3072//3072 3242//3242
f 3243//3243 3241//3241 3073//3073
f 3244//3244 3074//3074 3242//3242
f 3075//3075 3243//3243 3073//3073
f 3076//3076 3074//3074 3244//3244
f 3245//3245 3243//3243 3075//3075
f 3246//3246 3076//3076 3244//3244
f 3077//3077 3245//3245 3075//3075
f 3078//3078 3076//3076 3246//3246
f 3247//3247 3245//3245 3077//3077
f 3248//3248 3078//3078 3246//3246
f 3079//3079 3247//3247 3077//3077
f 3080//3080 3078//3078 3248//3248
f 3249//3249 3247//3247 3079//3079
f 3250//3250 3080//3080 3248//3248
f 3081//3081 3249//3249 3079//3079
f 3082//3082 3080//3080 3250//3250
f 3251//3251 3249//3249 3081//3081
f 3252//3252 3082//3082 3250//3250
f 3083//3083 3251//3251 3081//3081
f 3084//3084 3082//3082 3252//3252
f 3253//3253 3251//3251 3083//3083
f 3254//3254 3084//3084 3252//3252
f 3085//3085 3253//3253 3083//3083
f 3086//3086 3084//3084 3254//3254
f 3255//3255 3253//3253 3085//3085
f 3256//3256 3086//3086 3254//3254
f 3087//3087 3255//3255 3085//3085
f 3088//3088 3086//3086 3256//3256
f 3257//3257 3255//3255 3087//3087
f 3258//3258 3088//3088 3256//3256
f 3089//3089 3257//3257 3087//3087
f 3090//3090 3088//3088 3258//3258
f 3259//3259 3257//3257 3089//3089
f 3260//3260 3090//3090 3258//3258
f 3091//3091 3259//3259 3089//3089
f 3092//3092 3090//3090 3260//3260
f 3261//3261 3259//3259 3091//3091
f 3262//3262 3092//3092 3260//3260
f 3093//3093 3261//3261 3091//3091
f 3094//3094 3092//3092 3262//3262
f 3263//3263 3261//3261 3093//3093
f 3264//3264 3094//3094 3262//3262
f 3095//3095 3263//3263 3093//3093
f 3096//3096 3094//3094 3264//3264
f 3265//3265 3263//3263 3095//3095
f 3266//3266 3096//3096 3264//3264
f 3097//3097 3265//3265 3095//3095
f 3098//3098 3096//3096 3266//3266
f 3267//3267 3265//3265 3097//3097
f 3268//3268 3098//3098 3266//3266
f 3099//3099 3267//3267 3097//3097
f 3100//3100 3098//3098 3268//3268
f 3269//3269 3267//3267 3099//3099
f 3270//3270 3100//3100 3268//3268
f 3101//3101 3269//3269 3099//3099
f 3102//3102 3100//3100 3270//3270
f 3271//3271 3269//3269 3101//3101
f 3272//3272 3102//3102 3270//3270
f 3103//3103 3271//3271 3101//3101
f 3104//3104 3102//3102 3272//3272
f 3273//3273 3271//3271 3103//3103
f 3274//3274 3104//3104 3272//3272
f 3105//3105 3273//3273 3103//3103
f 3106//3106 3104//3104 3274//3274
f 5009//5009 3273//3273 3105//3105
f 5009//5009 3106//3106 3274//3274
f 5007//5007 5009//5009 3105//3105
f 5007//5007 3106//3106 5009//5009
f 3107//3107 5010//5010 5008//5008
f 3108//3108 5008//5008 5010//5010
f 3109//3109 5010//5010 3107//3107
f 3110//3110 3108//3108 5010//5010
f 3275//3275 5010//5010 3109//3109
f 3276//3276 3110//3110 5010//5010
f 3111//3111 3275//3275 3109//3109
f 3112//3112 3110//3110 3276//3276
f 3277//3277 3275//3275 3111//3111
f 3278//3278 3112//3112 3276//3276
f 3113//3113 3277//3277 3111//3111
f 3114//3114 3112//3112 3278//3278
f 3279//3279 3277//3277 3113//3113
f 3280//3280 3114//3114 3278//3278
f 3115//3115 3279//3279 3113//3113
f 3116//3116 3114//3114 3280//3280
f 3281//3281 3279//3279 3115//3115
f 3282//3282 3116//3116 3280//3280
f 3117//3117 3281//3281 3115//3115
f 3118//3118 3116//3116 3282//3282
f 3283//3283 3281//3281 3117//3117
f 3284//3284 3118//3118 3282//3282
f 3119//3119 3283//3283 3117//3117
f 3120//3120 3118//3118 3284//3284
f 3285//3285 3283//3283 3119//3119
f 3286//3286 3120//3120 3284//3284
f 3121//3121 3285//3285 3119//3119
f 3122//3122 3120//3120 3286//3286
f 3287//3287 3285//3285 3121//3121
f 3288//3288 3122//3122 3286//3286
f 3123//3123 3287//3287 3121//3121
f 3124//3124 3122//3122 3288//3288
f 3289//3289 3287//3287 3123//3123
f 3290//3290 3124//3124 3288//3288
f 3125//3125 3289//3289 3123//3123
f 3126//3126 3124//3124 3290//3290
f 3291//3291 3289//3289 3125//3125
f 3292//3292 3126//3126 3290//3290
f 3127//3127 3291//3291 3125//3125
f 3128//3128 3126//3126 3292//3292
f 3293//3293 3291//3291 3127//3127
f 3294//3294 3128//3128 3292//3292
f 3129//3129 3293//3293 3127//3127
f 3130//3130 3128//3128 3294//3294
f 3295//3295 3293//3293 3129//3129
f 3296//3296 3130//3130 3294//3294
f 3131//3131 3295//3295 3129//3129
f 3132//3132 3130//3130 3296//3296
f 3297//3297 3295//3295 3131//3131
f 3298//3298 3132//3132 3296//3296
f 3133//3133 3297//3297 3131//3131
f 3134//3134 3132//3132 3298//3298
f 3299//3299 3297//3297 3133//3133
f 3300//3300 3134//3134 3298//3298
f 3135//3135 3299//3299 3133//3133
f 3136//3136 3134//3134 3300//3300
f 3301//3301 3299//3299 3135//3135
f 3302//3302 3136//3136 3300//3300
f 3137//3137 3301//3301 3135//3135
f 3138//3138 3136//3136 3302//3302
f 3303//3303 3301//3301 3137//3137
f 3304//3304 3138//3138 3302//3302
f 3139//3139 3303//3303 3137//3137
f 3140//3140 3138//3138 3304//3304
f 3305//3305 3303//3303 3139//3139
f 3306//3306 3140//3140 3304//3304
f 3141//3141 3305//3305 3139//3139
f 3142//3142 3140//3140 3306//3306
f 3307//3307 3305//3305 3141//3141
f 3308//3308 3142//3142 3306//3306
f 3143//3143 3307//3307 3141//3141
f 3144//3144 3142//3142 3308//3308
f 3309//3309 3307//3307 3143//3143
f 3310//3310 3144//3144 3308//3308
f 3145//3145 3309//3309 3143//3143
f 3146//3146 3144//3144 3310//3310
f 3311//3311 3309//3309 3145//3145
f 3312//3312 3146//3146 3310//3310
f 3147//3147 3311//3311 3145//3145
f 3148//3148 3146//3146 3312//3312
f 3313//3313 3311//3311 3147//3147
f 3314//3314 3148//3148 3312//3312
f 3149//3149 3313//3313 3147//3147
f 3150//3150 3148//3148 3314//3314
f 3315//3315 3313//3313 3149//3149
f 3316//3316 3150//3150 3314//3314
f 3151//3151 3315//3315 3149//3149
f 3152//3152 3150//3150 3316//3316
f 3317//3317 3315//3315 3151//3151
f 3318//3318 3152//3152 3316//3316
f 3153//3153 3317//3317 3151//3151
f 3154//3154 3152//3152 3318//3318
f 3319//3319 3317//3317 3153//3153
f 3320//3320 3154//3154 3318//3318
f 3155//3155 3319//3319 3153//3153
f 3156//3156 3154//3154 3320//3320
f 3321//3321 3319//3319 3155//3155
f 3322//3322 3156//3156 3320//3320
f 3157//3157 3321//3321 3155//3155
f 3158//3158 3156//3156 3322//3322
f 3323//3323 3321//3321 3157//3157
f 3324//3324 3158//3158 3322//3322
f 3159//3159 3323//3323 3157//3157
f 3160//3160 3158//3158 3324//3324
f 3325//3325 3323//3323 3159//3159
f 3326//3326 3160//3160 3324//3324
f 3161//3161 3325//3325 3159//3159
f 3162//3162 3160//3160 3326//3326
f 3327//3327 3325//3325 3161//3161
f 3328//3328 3162//3162 3326//3326
f 3163//3163 3327//3327 3161//3161
f 3164//3164 3162//3162 3328//3328
f 3329//3329 3327//3327 3163//3163
f 3330//3330 3164//3164 3328//3328
f 3165//3165 3329//3329 3163//3163
f 3166//3166 3164//3164 3330//3330
f 3331//3331 3329//3329 3165//3165
f 3332//3332 3166//3166 3330//3330
f 3167//3167 3331//3331 3165//3165
f 3168//3168 3166//3166 3332//3332
f 3333//3333 3331//3331 3167//3167
f 3334//3334 3168//3168 3332//3332
f 3169//3169 3333//3333 3167//3167
f 3170//3170 3168//3168 3334//3334
f 3335//3335 3333//3333 3169//3169
f 3336//3336 3170//3170 3334//3334
f 3171//3171 3335//3335 3169//3169
f 3172//3172 3170//3170 3336//3336
f 3337//3337 3335//3335 3171//3171
f 3338//3338 3172//3172 3336//3336
f 3173//3173 3337//3337 3171//3171
f 3174//3174 3172//3172 3338//3338
f 3339//3339 3337//3337 3173//3173
f 3340//3340 3174//3174 3338//3338
f 3175//3175 3339//3339 3173//3173
f 3176//3176 3174//3174 3340//3340
f 3341//3341 3339//3339 3175//3175
f 3342//3342 3176//3176 3340//3340
f 3177//3177 3341//3341 3175//3175
f 3178//3178 3176//3176 3342//3342
f 3343//3343 3341//3341 3177//3177
f 3344//3344 3178//3178 3342//3342
f 3179//3179 3343//3343 3177//3177
f 3180//3180 3178//3178 3344//3344
f 3345//3345 3343//3343 3179//3179
f 3346//3346 3180//3180 3344//3344
f 3181//3181 3345//3345 3179//3179
f 3182//3182 3180//3180 3346//3346
f 3347//3347 3345//3345 3181//3181
f 3348//3348 3182//3182 3346//3346
f 3183//3183 3347//3347 3181//3181
f 3184//3184 3182//3182 3348//3348
f 3349//3349 3347//3347 3183//3183
f 3350//3350 3184//3184 3348//3348
f 3185//3185 3349//3349 3183//3183
f 3186//3186 3184//3184 3350//3350
f 3351//3351 3349//3349 3185//3185
f 3352//3352 3186//3186 3350//3350
f 3187//3187 3351//3351 3185//3185
f 3188//3188 3186//3186 3352//3352
f 3353//3353 3351//3351 3187//3187
f 3354//3354 3188//3188 3352//3352
f 3189//3189 3353//3353 3187//3187
f 3190//3190 3188//3188 3354//3354
f 3355//3355 3353//3353 3189//3189
f 3356//3356 3190//3190 3354//3354
f 3357//3357 3355//3355 3189//3189
f 3358//3358 3190//3190 3356//3356
f 3191//3191 3357//3357 3189//3189
f 3192//3192 3190//3190 3358//3358
f 3359//3359 3357//3357 3191//3191
f 3360//3360 3192//3192 3358//3358
f 3193//3193 3359//3359 3191//3191
f 3194//3194 3192//3192 3360//3360
f 3361//3361 3359//3359 3193//3193
f 3362//3362 3194//3194 3360//3360
f 3195//3195 3361//3361 3193//3193
f 3196//3196 3194//3194 3362//3362
f 3363//3363 3361//3361 3195//3195
f 3364//3364 3196//3196 3362//3362
f 3197//3197 3363//3363 3195//3195
f 3198//3198 3196//3196 3364//3364
f 3365//3365 3363//3363 3197//3197
f 3366//3366 3198//3198 3364//3364
f 3199//3199 3365//3365 3197//3197
f 3200//3200 3198//3198 3366//3366
f 3367//3367 3365//3365 3199//3199
f 3368//3368 3200//3200 3366//3366
f 3201//3201 3367//3367 3199//3199
f 3202//3202 3200//3200 3368//3368
f 3369//3369 3367//3367 3201//3201
f 3370//3370 3202//3202 3368//3368
f 3203//3203 3369//3369 3201//3201
f 3204//3204 3202//3202 3370//3370
f 3371//3371 3369//3369 3203//3203
f 3372//3372 3204//3204 3370//3370
f 3205//3205 3371//3371 3203//3203
f 3206//3206 3204//3204 3372//3372
f 3373//3373 3371//3371 3205//3205
f 3374//3374 3206//3206 3372//3372
f 3207//3207 3373//3373 3205//3205
f 3208//3208 3206//3206 3374//3374
f 3375//3375 3373//3373 3207//3207
f 3376//3376 3208//3208 3374//3374
f 3209//3209 3375//3375 3207//3207
f 3210//3210 3208//3208 3376//3376
f 3377//3377 3375//3375 3209//3209
f 3378//3378 3210//3210 3376//3376
f 3211//3211 3377//3377 3209//3209
f 3212//3212 3210//3210 3378//3378
f 3379//3379 3377//3377 3211//3211
f 3380//3380 3212//3212 3378//3378
f 3213//3213 3379//3379 3211//3211
f 3214//3214 3212//3212 3380//3380
f 3381//3381 3379//3379 3213//3213
f 3382//3382 3214//3214 3380//3380
f 3215//3215 3381//3381 3213//3213
f 3216//3216 3214//3214 3382//3382
f 3383//3383 3381//3381 3215//3215
f 3384//3384 3216//3216 3382//3382
f 3217//3217 3383//3383 3215//3215
f 3218//3218 3216//3216 3384//3384
f 3385//3385 3383//3383 3217//3217
f 3386//3386 3218//3218 3384//3384
f 3219//3219 3385//3385 3217//3217
f 3220//3220 3218//3218 3386//3386
f 3387//3387 3385//3385 3219//3219
f 3388//3388 3220//3220 3386//3386
f 3221//3221 3387//3387 3219//3219
f 3222//3222 3220//3220 3388//3388
f 3389//3389 3387//3387 3221//3221
f 3390//3390 3222//3222 3388//3388
f 3223//3223 3389//3389 3221//3221
f 3224//3224 3222//3222 3390//3390
f 3391//3391 3389//3389 3223//3223
f 3392//3392 3224//3224 3390//3390
f 3225//3225 3391//3391 3223//3223
f 3226//3226 3224//3224 3392//3392
f 3393//3393 3391//3391 3225//3225
f 3394//3394 3226//3226 3392//3392
f 3227//3227 3393//3393 3225//3225
f 3228//3228 3226//3226 3394//3394
f 3395//3395 3393//3393 3227//3227
f 3396//3396 3228//3228 3394//3394
f 3229//3229 3395//3395 3227//3227
f 3230//3230 3228//3228 3396//3396
f 3397//3397 3395//3395 3229//3229
f 3398//3398 3230//3230 3396//3396
f 3231//3231 3397//3397 3229//3229
f 3232//3232 3230//3230 3398//3398
f 3399//3399 3397//3397 3231//3231
f 3400//3400 3232//3232 3398//3398
f 3233//3233 3399//3399 3231//3231
f 3234//3234 3232//3232 3400//3400
f 3401//3401 3399//3399 3233//3233
f 3402//3402 3234//3234 3400//3400
f 3235//3235 3401//3401 3233//3233
f 3236//3236 3234//3234 3402//3402
f 3403//3403 3401//3401 3235//3235
f 3404//3404 3236//3236 3402//3402
f 3237//3237 3403//3403 3235//3235
f 3238//3238 3236//3236 3404//3404
f 3405//3405 3403//3403 3237//3237
f 3406//3406 3238//3238 3404//3404
f 3239//3239 3405//3405 3237//3237
f 3240//3240 3238//3238 3406//3406
f 3407//3407 3405//3405 3239//3239
f 3408//3408 3240//3240 3406//3406
f 3241//3241 3407//3407 3239//3239
f 3242//3242 3240//3240 3408//3408
f 3409//3409 3407//3407 3241//3241
f 3410//3410 3242//3242 3408//3408
f 3243//3243 3409//3409 3241//3241
f 3244//3244 3242//3242 3410//3410
f 3411//3411 3409//3409 3243//3243
f 3412//3412 3244//3244 3410//3410
f 3245//3245 3411//3411 3243//3243
f 3246//3246 3244//3244 3412//3412
f 3413//3413 3411//3411 3245//3245
f 3414//3414 3246//3246 3412//3412
f 3247//3247 3413//3413 3245//3245
f 3248//3248 3246//3246 3414//3414
f 3415//3415 3413//3413 3247//3247
f 3416//3416 3248//3248 3414//3414
f 3249//3249 3415//3415 3247//3247
f 3250//3250 3248//3248 3416//3416
f 3417//3417 3415//3415 3249//3249
f 3418//3418 3250//3250 3416//3416
f 3251//3251 3417//3417 3249//3249
f 3252//3252 3250//3250 3418//3418
f 3419//3419 3417//3417 3251//3251
f 3420//3420 3252//3252 3418//3418
f 3253//3253 3419//3419 3251//3251
f 3254//3254 3252//3252 3420//3420
f 3421//3421 3419//3419 3253//3253
f 3422//3422 3254//3254 3420//3420
f 3255//3255 3421//3421 3253//3253
f 3256//3256 3254//3254 3422//3422
f 3423//3423 3421//3421 3255//3255
f 3424//3424 3256//3256 3422//3422
f 3257//3257 3423//3423 3255//3255
f 3258//3258 3256//3256 3424//3424
f 3425//3425 3423//3423 3257//3257
f 3426//3426 3258//3258 3424//3424
f 3259//3259 3425//3425 3257//3257
f 3260//3260 3258//3258 3426//3426
f 3427//3427 3425//3425 3259//3259
f 3428//3428 3260//3260 3426//3426
f 3261//3261 3427//3427 3259//3259
f 3262//3262 3260//3260 3428//3428
f 3429//3429 3427//3427 3261//3261
f 3430//3430 3262//3262 3428//3428
f 3263//3263 3429//3429 3261//3261
f 3264//3264 3262//3262 3430//3430
f 3431//3431 3429//3429 3263//3263
f 3432//3432 3264//3264 3430//3430
f 3265//3265 3431//3431 3263//3263
f 3266//3266 3264//3264 3432//3432
f 3433//3433 3431//3431 3265//3265
f 3434//3434 3266//3266 3432//3432
f 3267//3267 3433//3433 3265//3265
f 3268//3268 3266//3266 3434//3434
f 3435//3435 3433//3433 3267//3267
f 3436//3436 3268//3268 3434//3434
f 3269//3269 3435//3435 3267//3267
f 3270//3270 3268//3268 3436//3436
f 3437//3437 3435//3435 3269//3269
f 3438//3438 3270//3270 3436//3436
f 3271//3271 3437//3437 3269//3269
f 3272//3272 3270//3270 3438//3438
f 3439//3439 3437//3437 3271//3271
f 3440//3440 3272//3272 3438//3438
f 3273//3273 3439//3439 3271//3271
f 3274//3274 3272//3272 3440//3440
f 5011//5011 3439//3439 3273//3273
f 5011//5011 3274//3274 3440//3440
f 5009//5009 5011//5011 3273//3273
f 5009//5009 3274//3274 5011//5011
f 3275//3275 5012//5012 5010//5010
f 3276//3276 5010//5010 5012//5012
f 3441//3441 5012//5012 3275//3275
f 3442//3442 3276//3276 5012//5012
f 3277//3277 3441//3441 3275//3275
f 3278//3278 3276//3276 3442//3442
f 3279//3279 3441//3441 3277//3277
f 3280//3280 3278//3278 3442//3442
f 3443//3443 3441//3441 3279//3279
f 3444//3444 3280//3280 3442//3442
f 3281//3281 3443//3443 3279//3279
f 3282//3282 3280//3280 3444//3444
f 3445//3445 3443//3443 3281//3281
f 3446//3446 3282//3282 3444//3444
f 3283//3283 3445//3445 3281//3281
f 3284//3284 3282//3282 3446//3446
f 3447//3447 3445//3445 3283//3283
f 3448//3448 3284//3284 3446//3446
f 3449//3449 3447//3447 3283//3283
f 3450//3450 3284//3284 3448//3448
f 3285//3285 3449//3449 3283//3283
f 3286//3286 3284//3284 3450//3450
f 3451//3451 3449//3449 3285//3285
f 3452//3452 3286//3286 3450//3450
f 3287//3287 3451//3451 3285//3285
f 3288//3288 3286//3286 3452//3452
f 3453//3453 3451//3451 3287//3287
f 3454//3454 3288//3288 3452//3452
f 3289//3289 3453//3453 3287//3287
f 3290//3290 3288//3288 3454//3454
f 3455//3455 3453//3453 3289//3289
f 3456//3456 3290//3290 3454//3454
f 3291//3291 3455//3455 3289//3289
f 3292//3292 3290//3290 3456//3456
f 3457//3457 3455//3455 3291//3291
f 3458//3458 3292//3292 3456//3456
f 3293//3293 3457//3457 3291//3291
f 3294//3294 3292//3292 3458//3458
f 3459//3459 3457//3457 3293//3293
f 3460//3460 3294//3294 3458//3458
f 3295//3295 3459//3459 3293//3293
f 3296//3296 3294//3294 3460//3460
f 3461//3461 3459//3459 3295//3295
f 3462//3462 3296//3296 3460//3460
f 3297//3297 3461//3461 3295//3295
f 3298//3298 3296//3296 3462//3462
f 3463//3463 3461//3461 3297//3297
f 3464//3464 3298//3298 3462//3462
f 3299//3299 3463//3463 3297//3297
f 3300//3300 3298//3298 3464//3464
f 3465//3465 3463//3463 3299//3299
f 3466//3466 3300//3300 3464//3464
f 3301//3301 3465//3465 3299//3299
f 3302//3302 3300//3300 3466//3466
f 3467//3467 3465//3465 3301//3301
f 3468//3468 3302//3302 3466//3466
f 3303//3303 3467//3467 3301//3301
f 3304//3304 3302//3302 3468//3468
f 3469//3469 3467//3467 3303//3303
f 3470//3470 3304//3304 3468//3468
f 3305//3305 3469//3469 3303//3303
f 3306//3306 3304//3304 3470//3470
f 3471//3471 3469//3469 3305//3305
f 3472//3472 3306//3306 3470//3470
f 3307//3307 3471//3471 3305//3305
f 3308//3308 3306//3306 3472//3472
f 3473//3473 3471//3471 3307//3307
f 3474//3474 3308//3308 3472//3472
f 3309//3309 3473//3473 3307//3307
f 3310//3310 3308//3308 3474//3474
f 3475//3475 3473//3473 3309//3309
f 3476//3476 3310//3310 3474//3474
f 3311//3311 3475//3475 3309//3309
f 3312//3312 3310//3310 3476//3476
f 3477//3477 3475//3475 3311//3311
f 3478//3478 3312//3312 3476//3476
f 3313//3313 3477//3477 3311//3311
f 3314//3314 3312//3312 3478//3478
f 3479//3479 3477//3477 3313//3313
f 3480//3480 3314//3314 3478//3478
f 3315//3315 3479//3479 3313//3313
f 3316//3316 3314//3314 3480//3480
f 3481//3481 3479//3479 3315//3315
f 3482//3482 3316//3316 3480//3480
f 3317//3317 3481//3481 3315//3315
f 3318//3318 3316//3316 3482//3482
f 3483//3483 3481//3481 3317//3317
f 3484//3484 3318//3318 3482//3482
f 3319//3319 3483//3483 3317//3317
f 3320//3320 3318//3318 3484//3484
f 3485//3485 3483//3483 3319//3319
f 3486//3486 3320//3320 3484//3484
f 3321//3321 3485//3485 3319//3319
f 3322//3322 3320//3320 3486//3486
f 3487//3487 3485//3485 3321//3321
f 3488//3488 3322//3322 3486//3486
f 3323//3323 3487//3487 3321//3321
f 3324//3324 3322//3322 3488//3488
f 3489//3489 3487//3487 3323//3323
f 3490//3490 3324//3324 3488//3488
f 3325//3325 3489//3489 3323//3323
f 3326//3326 3324//3324 3490//3490
f 3491//3491 3489//3489 3325//3325
f 3492//3492 3326//3326 3490//3490
f 3327//3327 3491//3491 3325//3325
f 3328//3328 3326//3326 3492//3492
f 3493//3493 3491//3491 3327//3327
f 3494//3494 3328//3328 3492//3492
f 3329//3329 3493//3493 3327//3327
f 3330//3330 3328//3328 3494//3494
f 3495//3495 3493//3493 3329//3329
f 3496//3496 3330//3330 3494//3494
f 3331//3331 3495//3495 3329//3329
f 3332//3332 3330//3330 3496//3496
f 3497//3497 3495//3495 3331//3331
f 3498//3498 3332//3332 3496//3496
f 3333//3333 3497//3497 3331//3331
f 3334//3334 3332//3332 3498//3498
f 3499//3499 3497//3497 3333//3333
f 3500//3500 3334//3334 3498//3498
f 3335//3335 3499//3499 3333//3333
f 3336//3336 3334//3334 3500//3500
f 3501//3501 3499//3499 3335//3335
f 3502//3502 3336//3336 3500//3500
f 3337//3337 3501//3501 3335//3335
f 3338//3338 3336//3336 3502//3502
f 3503//3503 3501//3501 3337//3337
f 3504//3504 3338//3338 3502//3502
f 3339//3339 3503//3503 3337//3337
f 3340//3340 3338//3338 3504//3504
f 3505//3505 3503//3503 3339//3339
f 3506//3506 3340//3340 3504//3504
f 3341//3341 3505//3505 3339//3339
f 3342//3342 3340//3340 3506//3506
f 3507//3507 3505//3505 3341//3341
f 3508//3508 3342//3342 3506//3506
f 3343//3343 3507//3507 3341//3341
f 3344//3344 3342//3342 3508//3508
f 3509//3509 3507//3507 3343//3343
f 3510//3510 3344//3344 3508//3508
f 3345//3345 3509//3509 3343//3343
f 3346//3346 3344//3344 3510//3510
f 3511//3511 3509//3509 3345//3345
f 3512//3512 3346//3346 3510//3510
f 3347//3347 3511//3511 3345//3345
f 3348//3348 3346//3346 3512//3512
f 3349//3349 3511//3511 3347//3347
f 3350//3350 3348//3348 3512//3512
f 3513//3513 3511//3511 3349//3349
f 3514//3514 3350//3350 3512//3512
f 3351//3351 3513//3513 3349//3349
f 3352//3352 3350//3350 3514//3514
f 3515//3515 3513//3513 3351//3351
f 3516//3516 3352//3352 3514//3514
f 3353//3353 3515//3515 3351//3351
f 3354//3354 3352//3352 3516//3516
f 3517//3517 3515//3515 3353//3353
f 3518//3518 3354//3354 3516//3516
f 3355//3355 3517//3517 3353//3353
f 3356//3356 3354//3354 3518//3518
f 3519//3519 3517//3517 3355//3355
f 3520//3520 3356//3356 3518//3518
f 3357//3357 3519//3519 3355//3355
f 3358//3358 3356//3356 3520//3520
f 3521//3521 3519//3519 3357//3357
f 3522//3522 3358//3358 3520//3520
f 3359//3359 3521//3521 3357//3357
f 3360//3360 3358//3358 3522//3522
f 3361//3361 3521//3521 3359//3359
f 3362//3362 3360//3360 3522//3522
f 3523//3523 3521//3521 3361//3361
f 3524//3524 3362//3362 3522//3522
f 3363//3363 3523//3523 3361//3361
f 3364//3364 3362//3362 3524//3524
f 3525//3525 3523//3523 3363//3363
f 3526//3526 3364//3364 3524//3524
f 3365//3365 3525//3525 3363//3363
f 3366//3366 3364//3364 3526//3526
f 3527//3527 3525//3525 3365//3365
f 3528//3528 3366//3366 3526//3526
f 3367//3367 3527//3527 3365//3365
f 3368//3368 3366//3366 3528//3528
f 3529//3529 3527//3527 3367//3367
f 3530//3530 3368//3368 3528//3528
f 3369//3369 3529//3529 3367//3367
f 3370//3370 3368//3368 3530//3530
f 3531//3531 3529//3529 3369//3369
f 3532//3532 3370//3370 3530//3530
f 3371//3371 3531//3531 3369//3369
f 3372//3372 3370//3370 3532//3532
f 3533//3533 3531//3531 3371//3371
f 3534//3534 3372//3372 3532//3532
f 3373//3373 3533//3533 3371//3371
f 3374//3374 3372//3372 3534//3534
f 3535//3535 3533//3533 3373//3373
f 3536//3536 3374//3374 3534//3534
f 3375//3375 3535//3535 3373//3373
f 3376//3376 3374//3374 3536//3536
f 3537//3537 3535//3535 3375//3375
f 3538//3538 3376//3376 3536//3536
f 3377//3377 3537//3537 3375//3375
f 3378//3378 3376//3376 3538//3538
f 3539//3539 3537//3537 3377//3377
f 3540//3540 3378//3378 3538//3538
f 3379//3379 3539//3539 3377//3377
f 3380//3380 3378//3378 3540//3540
f 3541//3541 3539//3539 3379//3379
f 3542//3542 3380//3380 3540//3540
f 3381//3381 3541//3541 3379//3379
f 3382//3382 3380//3380 3542//3542
f 3543//3543 3541//3541 3381//3381
f 3544//3544 3382//3382 3542//3542
f 3383//3383 3543//3543 3381//3381
f 3384//3384 3382//3382 3544//3544
f 3545//3545 3543//3543 3383//3383
f 3546//3546 3384//3384 3544//3544
f 3385//3385 3545//3545 3383//3383
f 3386//3386 3384//3384 3546//3546
f 3547//3547 3545//3545 3385//3385
f 3548//3548 3386//3386 3546//3546
f 3387//3387 3547//3547 3385//3385
f 3388//3388 3386//3386 3548//3548
f 3549//3549 3547//3547 3387//3387
f 3550//3550 3388//3388 3548//3548
f 3389//3389 3549//3549 3387//3387
f 3390//3390 3388//3388 3550//3550
f 3551//3551 3549//3549 3389//3389
f 3552//3552 3390//3390 3550//3550
f 3391//3391 3551//3551 3389//3389
f 3392//3392 3390//3390 3552//3552
f 3553//3553 3551//3551 3391//3391
f 3554//3554 3392//3392 3552//3552
f 3393//3393 3553//3553 3391//3391
f 3394//3394 3392//3392 3554//3554
f 3555//3555 3553//3553 3393//3393
f 3556//3556 3394//3394 3554//3554
f 3395//3395 3555//3555 3393//3393
f 3396//3396 3394//3394 3556//3556
f 3557//3557 3555//3555 3395//3395
f 3558//3558 3396//3396 3556//3556
f 3397//3397 3557//3557 3395//3395
f 3398//3398 3396//3396 3558//3558
f 3559//3559 3557//3557 3397//3397
f 3560//3560 3398//3398 3558//3558
f 3399//3399 3559//3559 3397//3397
f 3400//3400 3398//3398 3560//3560
f 3561//3561 3559//3559 3399//3399
f 3562//3562 3400//3400 3560//3560
f 3401//3401 3561//3561 3399//3399
f 3402//3402 3400//3400 3562//3562
f 3563//3563 3561//3561 3401//3401
f 3564//3564 3402//3402 3562//3562
f 3403//3403 3563//3563 3401//3401
f 3404//3404 3402//3402 3564//3564
f 3565//3565 3563//3563 3403//3403
f 3566//3566 3404//3404 3564//3564
f 3405//3405 3565//3565 3403//3403
f 3406//3406 3404//3404 3566//3566
f 3567//3567 3565//3565 3405//3405
f 3568//3568 3406//3406 3566//3566
f 3407//3407 3567//3567 3405//3405
f 3408//3408 3406//3406 3568//3568
f 3569//3569 3567//3567 3407//3407
f 3570//3570 3408//3408 3568//3568
f 3409//3409 3569//3569 3407//3407
f 3410//3410 3408//3408 3570//3570
f 3571//3571 3569//3569 3409//3409
f 3572//3572 3410//3410 3570//3570
f 3411//3411 3571//3571 3409//3409
f 3412//3412 3410//3410 3572//3572
f 3573//3573 3571//3571 3411//3411
f 3574//3574 3412//3412 3572//3572
f 3413//3413 3573//3573 3411//3411
f 3414//3414 3412//3412 3574//3574
f 3575//3575 3573//3573 3413//3413
f 3576//3576 3414//3414 3574//3574
f 3415//3415 3575//3575 3413//3413
f 3416//3416 3414//3414 3576//3576
f 3577//3577 3575//3575 3415//3415
f 3578//3578 3416//3416 3576//3576
f 3417//3417 3577//3577 3415//3415
f 3418//3418 3416//3416 3578//3578
f 3579//3579 3577//3577 3417//3417
f 3580//3580 3418//3418 3578//3578
f 3419//3419 3579//3579 3417//3417
f 3420//3420 3418//3418 3580//3580
f 3581//3581 3579//3579 3419//3419
f 3582//3582 3420//3420 3580//3580
f 3421//3421 3581//3581 3419//3419
f 3422//3422 3420//3420 3582//3582
f 3583//3583 3581//3581 3421//3421
f 3584//3584 3422//3422 3582//3582
f 3423//3423 3583//3583 3421//3421
f 3424//3424 3422//3422 3584//3584
f 3585//3585 3583//3583 3423//3423
f 3586//3586 3424//3424 3584//3584
f 3425//3425 3585//3585 3423//3423
f 3426//3426 3424//3424 3586//3586
f 3587//3587 3585//3585 3425//3425
f 3588//3588 3426//3426 3586//3586
f 3427//3427 3587//3587 3425//3425
f 3428//3428 3426//3426 3588//3588
f 3589//3589 3587//3587 3427//3427
f 3590//3590 3428//3428 3588//3588
f 3429//3429 3589//3589 3427//3427
f 3430//3430 3428//3428 3590//3590
f 3591//3591 3589//3589 3429//3429
f 3592//3592 3430//3430 3590//3590
f 3431//3431 3591//3591 3429//3429
f 3432//3432 3430//3430 3592//3592
f 3593//3593 3591//3591 3431//3431
f 3594//3594 3432//3432 3592//3592
f 3433//3433 3593//3593 3431//3431
f 3434//3434 3432//3432 3594//3594
f 3595//3595 3593//3593 3433//3433
f 3596//3596 3434//3434 3594//3594
f 3435//3435 3595//3595 3433//3433
f 3436//3436 3434//3434 3596//3596
f 3597//3597 3595//3595 3435//3435
f 3598//3598 3436//3436 3596//3596
f 3437//3437 3597//3597 3435//3435
f 3438//3438 3436//3436 3598//3598
f 5013//5013 3597//3597 3437//3437
f 5013//5013 3438//3438 3598//3598
f 3439//3439 5013//5013 3437//3437
f 3440//3440 3438//3438 5013//5013
f 5011//5011 5013//5013 3439//3439
f 5011//5011 3440//3440 5013//5013
f 3441//3441 5014//5014 5012//5012
f 3442//3442 5012//5012 5014//5014
f 3599//3599 5014//5014 3441//3441
f 3600//3600 3442//3442 5014//5014
f 3443//3443 3599//3599 3441//3441
f 3444//3444 3442//3442 3600//3600
f 3601//3601 3599//3599 3443//3443
f 3602//3602 3444//3444 3600//3600
f 3445//3445 3601//3601 3443//3443
f 3446//3446 3444//3444 3602//3602
f 3603//3603 3601//3601 3445//3445
f 3604//3604 3446//3446 3602//3602
f 3447//3447 3603//3603 3445//3445
f 3448//3448 3446//3446 3604//3604
f 3605//3605 3603//3603 3447//3447
f 3606//3606 3448//3448 3604//3604
f 3449//3449 3605//3605 3447//3447
f 3450//3450 3448//3448 3606//3606
f 3607//3607 3605//3605 3449//3449
f 3608//3608 3450//3450 3606//3606
f 3451//3451 3607//3607 3449//3449
f 3452//3452 3450//3450 3608//3608
f 3609//3609 3607//3607 3451//3451
f 3610//3610 3452//3452 3608//3608
f 3453//3453 3609//3609 3451//3451
f 3454//3454 3452//3452 3610//3610
f 3611//3611 3609//3609 3453//3453
f 3612//3612 3454//3454 3610//3610
f 3455//3455 3611//3611 3453//3453
f 3456//3456 3454//3454 3612//3612
f 3613//3613 3611//3611 3455//3455
f 3614//3614 3456//3456 3612//3612
f 3457//3457 3613//3613 3455//3455
f 3458//3458 3456//3456 3614//3614
f 3615//3615 3613//3613 3457//3457
f 3616//3616 3458//3458 3614//3614
f 3459//3459 3615//3615 3457//3457
f 3460//3460 3458//3458 3616//3616
f 3617//3617 3615//3615 3459//3459
f 3618//3618 3460//3460 3616//3616
f 3461//3461 3617//3617 3459//3459
f 3462//3462 3460//3460 3618//3618
f 3619//3619 3617//3617 3461//3461
f 3620//3620 3462//3462 3618//3618
f 3463//3463 3619//3619 3461//3461
f 3464//3464 3462//3462 3620//3620
f 3621//3621 3619//3619 3463//3463
f 3622//3622 3464//3464 3620//3620
f 3465//3465 3621//3621 3463//3463
f 3466//3466 3464//3464 3622//3622
f 3623//3623 3621//3621 3465//3465
f 3624//3624 3466//3466 3622//3622
f 3467//3467 3623//3623 3465//3465
f 3468//3468 3466//3466 3624//3624
f 3625//3625 3623//3623 3467//3467
f 3626//3626 3468//3468 3624//3624
f 3469//3469 3625//3625 3467//3467
f 3470//3470 3468//3468 3626//3626
f 3627//3627 3625//3625 3469//3469
f 3628//3628 3470//3470 3626//3626
f 3471//3471 3627//3627 3469//3469
f 3472//3472 3470//3470 3628//3628
f 3629//3629 3627//3627 3471//3471
f 3630//3630 3472//3472 3628//3628
f 3473//3473 3629//3629 3471//3471
f 3474//3474 3472//3472 3630//3630
f 3631//3631 3629//3629 3473//3473
f 3632//3632 3474//3474 3630//3630
f 3475//3475 3631//3631 3473//3473
f 3476//3476 3474//3474 3632//3632
f 3633//3633 3631//3631 3475//3475
f 3634//3634 3476//3476 3632//3632
f 3477//3477 3633//3633 3475//3475
f 3478//3478 3476//3476 3634//3634
f 3635//3635 3633//3633 3477//3477
f 3636//3636 3478//3478 3634//3634
f 3479//3479 3635//3635 3477//3477
f 3480//3480 3478//3478 3636//3636
f 3637//3637 3635//3635 3479//3479
f 3638//3638 3480//3480 3636//3636
f 3481//3481 3637//3637 3479//3479
f 3482//3482 3480//3480 3638//3638
f 3639//3639 3637//3637 3481//3481
f 3640//3640 3482//3482 3638//3638
f 3483//3483 3639//3639 3481//3481
f 3484//3484 3482//3482 3640//3640
f 3641//3641 3639//3639 3483//3483
f 3642//3642 3484//3484 3640//3640
f 3485//3485 3641//3641 3483//3483
f 3486//3486 3484//3484 3642//3642
f 3643//3643 3641//3641 3485//3485
f 3644//3644 3486//3486 3642//3642
f 3487//3487 3643//3643 3485//3485
f 3488//3488 3486//3486 3644//3644
f 3645//3645 3643//3643 3487//3487
f 3646//3646 3488//3488 3644//3644
f 3489//3489 3645//3645 3487//3487
f 3490//3490 3488//3488 3646//3646
f 3647//3647 3645//3645 3489//3489
f 3648//3648 3490//3490 3646//3646
f 3491//3491 3647//3647 3489//3489
f 3492//3492 3490//3490 3648//3648
f 3649//3649 3647//3647 3491//3491
f 3650//3650 3492//3492 3648//3648
f 3493//3493 3649//3649 3491//3491
f 3494//3494 3492//3492 3650//3650
f 3651//3651 3649//3649 3493//3493
f 3652//3652 3494//3494 3650//3650
f 3495//3495 3651//3651 3493//3493
f 3496//3496 3494//3494 3652//3652
f 3653//3653 3651//3651 3495//3495
f 3654//3654 3496//3496 3652//3652
f 3497//3497 3653//3653 3495//3495
f 3498//3498 3496//3496 3654//3654
f 3655//3655 3653//3653 3497//3497
f 3656//3656 3498//3498 3654//3654
f 3499//3499 3655//3655 3497//3497
f 3500//3500 3498//3498 3656//3656
f 3657//3657 3655//3655 3499//3499
f 3658//3658 3500//3500 3656//3656
f 3501//3501 3657//3657 3499//3499
f 3502//3502 3500//3500 3658//3658
f 3659//3659 3657//3657 3501//3501
f 3660//3660 3502//3502 3658//3658
f 3503//3503 3659//3659 3501//3501
f 3504//3504 3502//3502 3660//3660
f 3661//3661 3659//3659 3503//3503
f 3662//3662 3504//3504 3660//3660
f 3505//3505 3661//3661 3503//3503
f 3506//3506 3504//3504 3662//3662
f 3663//3663 3661//3661 3505//3505
f 3664//3664 3506//3506 3662//3662
f 3507//3507 3663//3663 3505//3505
f 3508//3508 3506//3506 3664//3664
f 3665//3665 3663//3663 3507//3507
f 3666//3666 3508//3508 3664//3664
f 3509//3509 3665//3665 3507//3507
f 3510//3510 3508//3508 3666//3666
f 3511//3511 3665//3665 3509//3509
f 3512//3512 3510//3510 3666//3666
f 3667//3667 3665//3665 3511//3511
f 3668//3668 3512//3512 3666//3666
f 3513//3513 3667//3667 3511//3511
f 3514//3514 3512//3512 3668//3668
f 3669//3669 3667//3667 3513//3513
f 3670//3670 3514//3514 3668//3668
f 3515//3515 3669//3669 3513//3513
f 3516//3516 3514//3514 3670//3670
f 3671//3671 3669//3669 3515//3515
f 3672//3672 3516//3516 3670//3670
f 3517//3517 3671//3671 3515//3515
f 3518//3518 3516//3516 3672//3672
f 3673//3673 3671//3671 3517//3517
f 3674//3674 3518//3518 3672//3672
f 3675//3675 3673//3673 3517//3517
f 3676//3676 3518//3518 3674//3674
f 3519//3519 3675//3675 3517//3517
f 3520//3520 3518//3518 3676//3676
f 3677//3677 3675//3675 3519//3519
f 3678//3678 3520//3520 3676//3676
f 3521//3521 3677//3677 3519//3519
f 3522//3522 3520//3520 3678//3678
f 3679//3679 3677//3677 3521//3521
f 3680//3680 3522//3522 3678//3678
f 3523//3523 3679//3679 3521//3521
f 3524//3524 3522//3522 3680//3680
f 3681//3681 3679//3679 3523//3523
f 3682//3682 3524//3524 3680//3680
f 3525//3525 3681//3681 3523//3523
f 3526//3526 3524//3524 3682//3682
f 3527//3527 3681//3681 3525//3525
f 3528//3528 3526//3526 3682//3682
f 3683//3683 3681//3681 3527//3527
f 3684//3684 3528//3528 3682//3682
f 3529//3529 3683//3683 3527//3527
f 3530//3530 3528//3528 3684//3684
f 3685//3685 3683//3683 3529//3529
f 3686//3686 3530//3530 3684//3684
f 3531//3531 3685//3685 3529//3529
f 3532//3532 3530//3530 3686//3686
f 3687//3687 3685//3685 3531//3531
f 3688//3688 3532//3532 3686//3686
f 3533//3533 3687//3687 3531//3531
f 3534//3534 3532//3532 3688//3688
f 3689//3689 3687//3687 3533//3533
f 3690//3690 3534//3534 3688//3688
f 3535//3535 3689//3689 3533//3533
f 3536//3536 3534//3534 3690//3690
f 3691//3691 3689//3689 3535//3535
f 3692//3692 3536//3536 3690//3690
f 3537//3537 3691//3691 3535//3535
f 3538//3538 3536//3536 3692//3692
f 3693//3693 3691//3691 3537//3537
f 3694//3694 3538//3538 3692//3692
f 3539//3539 3693//3693 3537//3537
f 3540//3540 3538//3538 3694//3694
f 3695//3695 3693//3693 3539//3539
f 3696//3696 3540//3540 3694//3694
f 3541//3541 3695//3695 3539//3539
f 3542//3542 3540//3540 3696//3696
f 3697//3697 3695//3695 3541//3541
f 3698//3698 3542//3542 3696//3696
f 3543//3543 3697//3697 3541//3541
f 3544//3544 3542//3542 3698//3698
f 3699//3699 3697//3697 3543//3543
f 3700//3700 3544//3544 3698//3698
f 3545//3545 3699//3699 3543//3543
f 3546//3546 3544//3544 3700//3700
f 3701//3701 3699//3699 3545//3545
f 3702//3702 3546//3546 3700//3700
f 3547//3547 3701//3701 3545//3545
f 3548//3548 3546//3546 3702//3702
f 3703//3703 3701//3701 3547//3547
f 3704//3704 3548//3548 3702//3702
f 3549//3549 3703//3703 3547//3547
f 3550//3550 3548//3548 3704//3704
f 3705//3705 3703//3703 3549//3549
f 3706//3706 3550//3550 3704//3704
f 3551//3551 3705//3705 3549//3549
f 3552//3552 3550//3550 3706//3706
f 3707//3707 3705//3705 3551//3551
f 3708//3708 3552//3552 3706//3706
f 3553//3553 3707//3707 3551//3551
f 3554//3554 3552//3552 3708//3708
f 3709//3709 3707//3707 3553//3553
f 3710//3710 3554//3554 3708//3708
f 3555//3555 3709//3709 3553//3553
f 3556//3556 3554//3554 3710//3710
f 3711//3711 3709//3709 3555//3555
f 3712//3712 3556//3556 3710//3710
f 3557//3557 3711//3711 3555//3555
f 3558//3558 3556//3556 3712//3712
f 3713//3713 3711//3711 3557//3557
f 3714//3714 3558//3558 3712//3712
f 3559//3559 3713//3713 3557//3557
f 3560//3560 3558//3558 3714//3714
f 3715//3715 3713//3713 3559//3559
f 3716//3716 3560//3560 3714//3714
f 3561//3561 3715//3715 3559//3559
f 3562//3562 3560//3560 3716//3716
f 3717//3717 3715//3715 3561//3561
f 3718//3718 3562//3562 3716//3716
f 3563//3563 3717//3717 3561//3561
f 3564//3564 3562//3562 3718//3718
f 3719//3719 3717//3717 3563//3563
f 3720//3720 3564//3564 3718//3718
f 3565//3565 3719//3719 3563//3563
f 3566//3566 3564//3564 3720//3720
f 3721//3721 3719//3719 3565//3565
f 3722//3722 3566//3566 3720//3720
f 3567//3567 3721//3721 3565//3565
f 3568//3568 3566//3566 3722//3722
f 3723//3723 3721//3721 3567//3567
f 3724//3724 3568//3568 3722//3722
f 3569//3569 3723//3723 3567//3567
f 3570//3570 3568//3568 3724//3724
f 3725//3725 3723//3723 3569//3569
f 3726//3726 3570//3570 3724//3724
f 3571//3571 3725//3725 3569//3569
f 3572//3572 3570//3570 3726//3726
f 3727//3727 3725//3725 3571//3571
f 3728//3728 3572//3572 3726//3726
f 3573//3573 3727//3727 3571//3571
f 3574//3574 3572//3572 3728//3728
f 3729//3729 3727//3727 3573//3573
f 3730//3730 3574//3574 3728//3728
f 3575//3575 3729//3729 3573//3573
f 3576//3576 3574//3574 3730//3730
f 3731//3731 3729//3729 3575//3575
f 3732//3732 3576//3576 3730//3730
f 3577//3577 3731//3731 3575//3575
f 3578//3578 3576//3576 3732//3732
f 3733//3733 3731//3731 3577//3577
f 3734//3734 3578//3578 3732//3732
f 3579//3579 3733//3733 3577//3577
f 3580//3580 3578//3578 3734//3734
f 3735//3735 3733//3733 3579//3579
f 3736//3736 3580//3580 3734//3734
f 3581//3581 3735//3735 3579//3579
f 3582//3582 3580//3580 3736//3736
f 3737//3737 3735//3735 3581//3581
f 3738//3738 3582//3582 3736//3736
f 3583//3583 3737//3737 3581//3581
f 3584//3584 3582//3582 3738//3738
f 3739//3739 3737//3737 3583//3583
f 3740//3740 3584//3584 3738//3738
f 3585//3585 3739//3739 3583//3583
f 3586//3586 3584//3584 3740//3740
f 3741//3741 3739//3739 3585//3585
f 3742//3742 3586//3586 3740//3740
f 3587//3587 3741//3741 3585//3585
f 3588//3588 3586//3586 3742//3742
f 3743//3743 3741//3741 3587//3587
f 3744//3744 3588//3588 3742//3742
f 3589//3589 3743//3743 3587//3587
f 3590//3590 3588//3588 3744//3744
f 3745//3745 3743//3743 3589//3589
f 3746//3746 3590//3590 3744//3744
f 3591//3591 3745//3745 3589//3589
f 3592//3592 3590//3590 3746//3746
f 3747//3747 3745//3745 3591//3591
f 3748//3748 3592//3592 3746//3746
f 3593//3593 3747//3747 3591//3591
f 3594//3594 3592//3592 3748//3748
f 3749//3749 3747//3747 3593//3593
f 3750//3750 3594//3594 3748//3748
f 3595//3595 3749//3749 3593//3593
f 3596//3596 3594//3594 3750//3750
f 3751//3751 3749//3749 3595//3595
f 3752//3752 3596//3596 3750//3750
f 3597//3597 3751//3751 3595//3595
f 3598//3598 3596//3596 3752//3752
f 3753//3753 3751//3751 3597//3597
f 3754//3754 3598//3598 3752//3752
f 5013//5013 3753//3753 3597//3597
f 5013//5013 3598//3598 3754//3754
f 5015//5015 3753//3753 5013//5013
f 5015//5015 5013//5013 3754//3754
f 3599//3599 5016//5016 5014//5014
f 3600//3600 5014//5014 5016//5016
f 3601//3601 5016//5016 3599//3599
f 3602//3602 3600//3600 5016//5016
f 3755//3755 5016//5016 3601//3601
f 3756//3756 3602//3602 5016//5016
f 3603//3603 3755//3755 3601//3601
f 3604//3604 3602//3602 3756//3756
f 3757//3757 3755//3755 3603//3603
f 3758//3758 3604//3604 3756//3756
f 3605//3605 3757//3757 3603//3603
f 3606//3606 3604//3604 3758//3758
f 3759//3759 3757//3757 3605//3605
f 3760//3760 3606//3606 3758//3758
f 3607//3607 3759//3759 3605//3605
f 3608//3608 3606//3606 3760//3760
f 3761//3761 3759//3759 3607//3607
f 3762//3762 3608//3608 3760//3760
f 3609//3609 3761//3761 3607//3607
f 3610//3610 3608//3608 3762//3762
f 3763//3763 3761//3761 3609//3609
f 3764//3764 3610//3610 3762//3762
f 3611//3611 3763//3763 3609//3609
f 3612//3612 3610//3610 3764//3764
f 3765//3765 3763//3763 3611//3611
f 3766//3766 3612//3612 3764//3764
f 3613//3613 3765//3765 3611//3611
f 3614//3614 3612//3612 3766//3766
f 3767//3767 3765//3765 3613//3613
f 3768//3768 3614//3614 3766//3766
f 3615//3615 3767//3767 3613//3613
f 3616//3616 3614//3614 3768//3768
f 3769//3769 3767//3767 3615//3615
f 3770//3770 3616//3616 3768//3768
f 3617//3617 3769//3769 3615//3615
f 3618//3618 3616//3616 3770//3770
f 3771//3771 3769//3769 3617//3617
f 3772//3772 3618//3618 3770//3770
f 3619//3619 3771//3771 3617//3617
f 3620//3620 3618//3618 3772//3772
f 3773//3773 3771//3771 3619//3619
f 3774//3774 3620//3620 3772//3772
f 3621//3621 3773//3773 3619//3619
f 3622//3622 3620//3620 3774//3774
f 3775//3775 3773//3773 3621//3621
f 3776//3776 3622//3622 3774//3774
f 3623//3623 3775//3775 3621//3621
f 3624//3624 3622//3622 3776//3776
f 3777//3777 3775//3775 3623//3623
f 3778//3778 3624//3624 3776//3776
f 3625//3625 3777//3777 3623//3623
f 3626//3626 3624//3624 3778//3778
f 3779//3779 3777//3777 3625//3625
f 3780//3780 3626//3626 3778//3778
f 3627//3627 3779//3779 3625//3625
f 3628//3628 3626//3626 3780//3780
f 3781//3781 3779//3779 3627//3627
f 3782//3782 3628//3628 3780//3780
f 3629//3629 3781//3781 3627//3627
f 3630//3630 3628//3628 3782//3782
f 3783//3783 3781//3781 3629//3629
f 3784//3784 3630//3630 3782//3782
f 3631//3631 3783//3783 3629//3629
f 3632//3632 3630//3630 3784//3784
f 3785//3785 3783//3783 3631//3631
f 3786//3786 3632//3632 3784//3784
f 3787//3787 3785//3785 3631//3631
f 3788//3788 3632//3632 3786//3786
f 3633//3633 3787//3787 3631//3631
f 3634//3634 3632//3632 3788//3788
f 3789//3789 3787//3787 3633//3633
f 3790//3790 3634//3634 3788//3788
f 3635//3635 3789//3789 3633//3633
f 3636//3636 3634//3634 3790//3790
f 3791//3791 3789//3789 3635//3635
f 3792//3792 3636//3636 3790//3790
f 3637//3637 3791//3791 3635//3635
f 3638//3638 3636//3636 3792//3792
f 3793//3793 3791//3791 3637//3637
f 3794//3794 3638//3638 3792//3792
f 3639//3639 3793//3793 3637//3637
f 3640//3640 3638//3638 3794//3794
f 3795//3795 3793//3793 3639//3639
f 3796//3796 3640//3640 3794//3794
f 3641//3641 3795//3795 3639//3639
f 3642//3642 3640//3640 3796//3796
f 3797//3797 3795//3795 3641//3641
f 3798//3798 3642//3642 3796//3796
f 3643//3643 3797//3797 3641//3641
f 3644//3644 3642//3642 3798//3798
f 3799//3799 3797//3797 3643//3643
f 3800//3800 3644//3644 3798//3798
f 3645//3645 3799//3799 3643//3643
f 3646//3646 3644//3644 3800//3800
f 3801//3801 3799//3799 3645//3645
f 3802//3802 3646//3646 3800//3800
f 3647//3647 3801//3801 3645//3645
f 3648//3648 3646//3646 3802//3802
f 3803//3803 3801//3801 3647//3647
f 3804//3804 3648//3648 3802//3802
f 3649//3649 3803//3803 3647//3647
f 3650//3650 3648//3648 3804//3804
f 3805//3805 3803//3803 3649//3649
f 3806//3806 3650//3650 3804//3804
f 3651//3651 3805//3805 3649//3649
f 3652//3652 3650//3650 3806//3806
f 3807//3807 3805//3805 3651//3651
f 3808//3808 3652//3652 3806//3806
f 3653//3653 3807//3807 3651//3651
f 3654//3654 3652//3652 3808//3808
f 3809//3809 3807//3807 3653//3653
f 3810//3810 3654//3654 3808//3808
f 3655//3655 3809//3809 3653//3653
f 3656//3656 3654//3654 3810//3810
f 3811//3811 3809//3809 3655//3655
f 3812//3812 3656//3656 3810//3810
f 3657//3657 3811//3811 3655//3655
f 3658//3658 3656//3656 3812//3812
f 3813//3813 3811//3811 3657//3657
f 3814//3814 3658//3658 3812//3812
f 3659//3659 3813//3813 3657//3657
f 3660//3660 3658//3658 3814//3814
f 3661//3661 3813//3813 3659//3659
f 3662//3662 3660//3660 3814//3814
f 3815//3815 3813//3813 3661//3661
f 3816//3816 3662//3662 3814//3814
f 3663//3663 3815//3815 3661//3661
f 3664//3664 3662//3662 3816//3816
f 3817//3817 3815//3815 3663//3663
f 3818//3818 3664//3664 3816//3816
f 3665//3665 3817//3817 3663//3663
f 3666//3666 3664//3664 3818//3818
f 3819//3819 3817//3817 3665//3665
f 3820//3820 3666//3666 3818//3818
f 3667//3667 3819//3819 3665//3665
f 3668//3668 3666//3666 3820//3820
f 3821//3821 3819//3819 3667//3667
f 3822//3822 3668//3668 3820//3820
f 3669//3669 3821//3821 3667//3667
f 3670//3670 3668//3668 3822//3822
f 3823//3823 3821//3821 3669//3669
f 3824//3824 3670//3670 3822//3822
f 3671//3671 3823//3823 3669//3669
f 3672//3672 3670//3670 3824//3824
f 3825//3825 3823//3823 3671//3671
f 3826//3826 3672//3672 3824//3824
f 3673//3673 3825//3825 3671//3671
f 3674//3674 3672//3672 3826//3826
f 3827//3827 3825//3825 3673//3673
f 3828//3828 3674//3674 3826//3826
f 3675//3675 3827//3827 3673//3673
f 3676//3676 3674//3674 3828//3828
f 3829//3829 3827//3827 3675//3675
f 3830//3830 3676//3676 3828//3828
f 3677//3677 3829//3829 3675//3675
f 3678//3678 3676//3676 3830//3830
f 3831//3831 3829//3829 3677//3677
f 3832//3832 3678//3678 3830//3830
f 3679//3679 3831//3831 3677//3677
f 3680//3680 3678//3678 3832//3832
f 3833//3833 3831//3831 3679//3679
f 3834//3834 3680//3680 3832//3832
f 3681//3681 3833//3833 3679//3679
f 3682//3682 3680//3680 3834//3834
f 3835//3835 3833//3833 3681//3681
f 3836//3836 3682//3682 3834//3834
f 3683//3683 3835//3835 3681//3681
f 3684//3684 3682//3682 3836//3836
f 3837//3837 3835//3835 3683//3683
f 3838//3838 3684//3684 3836//3836
f 3685//3685 3837//3837 3683//3683
f 3686//3686 3684//3684 3838//3838
f 3839//3839 3837//3837 3685//3685
f 3840//3840 3686//3686 3838//3838
f 3687//3687 3839//3839 3685//3685
f 3688//3688 3686//3686 3840//3840
f 3841//3841 3839//3839 3687//3687
f 3842//3842 3688//3688 3840//3840
f 3689//3689 3841//3841 3687//3687
f 3690//3690 3688//3688 3842//3842
f 3843//3843 3841//3841 3689//3689
f 3844//3844 3690//3690 3842//3842
f 3691//3691 3843//3843 3689//3689
f 3692//3692 3690//3690 3844//3844
f 3845//3845 3843//3843 3691//3691
f 3846//3846 3692//3692 3844//3844
f 3693//3693 3845//3845 3691//3691
f 3694//3694 3692//3692 3846//3846
f 3847//3847 3845//3845 3693//3693
f 3848//3848 3694//3694 3846//3846
f 3695//3695 3847//3847 3693//3693
f 3696//3696 3694//3694 3848//3848
f 3849//3849 3847//3847 3695//3695
f 3850//3850 3696//3696 3848//3848
f 3697//3697 3849//3849 3695//3695
f 3698//3698 3696//3696 3850//3850
f 3851//3851 3849//3849 3697//3697
f 3852//3852 3698//3698 3850//3850
f 3699//3699 3851//3851 3697//3697
f 3700//3700 3698//3698 3852//3852
f 3853//3853 3851//3851 3699//3699
f 3854//3854 3700//3700 3852//3852
f 3701//3701 3853//3853 3699//3699
f 3702//3702 3700//3700 3854//3854
f 3855//3855 3853//3853 3701//3701
f 3856//3856 3702//3702 3854//3854
f 3703//3703 3855//3855 3701//3701
f 3704//3704 3702//3702 3856//3856
f 3857//3857 3855//3855 3703//3703
f 3858//3858 3704//3704 3856//3856
f 3705//3705 3857//3857 3703//3703
f 3706//3706 3704//3704 3858//3858
f 3859//3859 3857//3857 3705//3705
f 3860//3860 3706//3706 3858//3858
f 3707//3707 3859//3859 3705//3705
f 3708//3708 3706//3706 3860//3860
f 3861//3861 3859//3859 3707//3707
f 3862//3862 3708//3708 3860//3860
f 3709//3709 3861//3861 3707//3707
f 3710//3710 3708//3708 3862//3862
f 3863//3863 3861//3861 3709//3709
f 3864//3864 3710//3710 3862//3862
f 3711//3711 3863//3863 3709//3709
f 3712//3712 3710//3710 3864//3864
f 3865//3865 3863//3863 3711//3711
f 3866//3866 3712//3712 3864//3864
f 3713//3713 3865//3865 3711//3711
f 3714//3714 3712//3712 3866//3866
f 3867//3867 3865//3865 3713//3713
f 3868//3868 3714//3714 3866//3866
f 3715//3715 3867//3867 3713//3713
f 3716//3716 3714//3714 3868//3868
f 3869//3869 3867//3867 3715//3715
f 3870//3870 3716//3716 3868//3868
f 3717//3717 3869//3869 3715//3715
f 3718//3718 3716//3716 3870//3870
f 3871//3871 3869//3869 3717//3717
f 3872//3872 3718//3718 3870//3870
f 3719//3719 3871//3871 3717//3717
f 3720//3720 3718//3718 3872//3872
f 3873//3873 3871//3871 3719//3719
f 3874//3874 3720//3720 3872//3872
f 3721//3721 3873//3873 3719//3719
f 3722//3722 3720//3720 3874//3874
f 3875//3875 3873//3873 3721//3721
f 3876//3876 3722//3722 3874//3874
f 3723//3723 3875//3875 3721//3721
f 3724//3724 3722//3722 3876//3876
f 3877//3877 3875//3875 3723//3723
f 3878//3878 3724//3724 3876//3876
f 3725//3725 3877//3877 3723//3723
f 3726//3726 3724//3724 3878//3878
f 3879//3879 3877//3877 3725//3725
f 3880//3880 3726//3726 3878//3878
f 3727//3727 3879//3879 3725//3725
f 3728//3728 3726//3726 3880//3880
f 3881//3881 3879//3879 3727//3727
f 3882//3882 3728//3728 3880//3880
f 3729//3729 3881//3881 3727//3727
f 3730//3730 3728//3728 3882//3882
f 3883//3883 3881//3881 3729//3729
f 3884//3884 3730//3730 3882//3882
f 3731//3731 3883//3883 3729//3729
f 3732//3732 3730//3730 3884//3884
f 3885//3885 3883//3883 3731//3731
f 3886//3886 3732//3732 3884//3884
f 3733//3733 3885//3885 3731//3731
f 3734//3734 3732//3732 3886//3886
f 3887//3887 3885//3885 3733//3733
f 3888//3888 3734//3734 3886//3886
f 3735//3735 3887//3887 3733//3733
f 3736//3736 3734//3734 3888//3888
f 3889//3889 3887//3887 3735//3735
f 3890//3890 3736//3736 3888//3888
f 3737//3737 3889//3889 3735//3735
f 3738//3738 3736//3736 3890//3890
f 3891//3891 3889//3889 3737//3737
f 3892//3892 3738//3738 3890//3890
f 3739//3739 3891//3891 3737//3737
f 3740//3740 3738//3738 3892//3892
f 3893//3893 3891//3891 3739//3739
f 3894//3894 3740//3740 3892//3892
f 3741//3741 3893//3893 3739//3739
f 3742//3742 3740//3740 3894//3894
f 3895//3895 3893//3893 3741//3741
f 3896//3896 3742//3742 3894//3894
f 3743//3743 3895//3895 3741//3741
f 3744//3744 3742//3742 3896//3896
f 3897//3897 3895//3895 3743//3743
f 3898//3898 3744//3744 3896//3896
f 3899//3899 3897//3897 3743//3743
f 3900//3900 3744//3744 3898//3898
f 3745//3745 3899//3899 3743//3743
f 3746//3746 3744//3744 3900//3900
f 3901//3901 3899//3899 3745//3745
f 3902//3902 3746//3746 3900//3900
f 3747//3747 3901//3901 3745//3745
f 3748//3748 3746//3746 3902//3902
f 3903//3903 3901//3901 3747//3747
f 3904//3904 3748//3748 3902//3902
f 3749//3749 3903//3903 3747//3747
f 3750//3750 3748//3748 3904//3904
f 3905//3905 3903//3903 3749//3749
f 3906//3906 3750//3750 3904//3904
f 3751//3751 3905//3905 3749//3749
f 3752//3752 3750//3750 3906//3906
f 5017//5017 3905//3905 3751//3751
f 5017//5017 3752//3752 3906//3906
f 3753//3753 5017//5017 3751//3751
f 3754//3754 3752//3752 5017//5017
f 5015//5015 5017//5017 3753//3753
f 5015//5015 3754//3754 5017//5017
f 3755//3755 5018//5018 5016//5016
f 3756//3756 5016//5016 5018//5018
f 3907//3907 5018//5018 3755//3755
f 3908//3908 3756//3756 5018//5018
f 3757//3757 3907//3907 3755//3755
f 3758//3758 3756//3756 3908//3908
f 3909//3909 3907//3907 3757//3757
f 3910//3910 3758//3758 3908//3908
f 3759//3759 3909//3909 3757//3757
f 3760//3760 3758//3758 3910//3910
f 3911//3911 3909//3909 3759//3759
f 3912//3912 3760//3760 3910//3910
f 3761//3761 3911//3911 3759//3759
f 3762//3762 3760//3760 3912//3912
f 3913//3913 3911//3911 3761//3761
f 3914//3914 3762//3762 3912//3912
f 3763//3763 3913//3913 3761//3761
f 3764//3764 3762//3762 3914//3914
f 3915//3915 3913//3913 3763//3763
f 3916//3916 3764//3764 3914//3914
f 3765//3765 3915//3915 3763//3763
f 3766//3766 3764//3764 3916//3916
f 3917//3917 3915//3915 3765//3765
f 3918//3918 3766//3766 3916//3916
f 3767//3767 3917//3917 3765//3765
f 3768//3768 3766//3766 3918//3918
f 3919//3919 3917//3917 3767//3767
f 3920//3920 3768//3768 3918//3918
f 3769//3769 3919//3919 3767//3767
f 3770//3770 3768//3768 3920//3920
f 3921//3921 3919//3919 3769//3769
f 3922//3922 3770//3770 3920//3920
f 3771//3771 3921//3921 3769//3769
f 3772//3772 3770//3770 3922//3922
f 3923//3923 3921//3921 3771//3771
f 3924//3924 3772//3772 3922//3922
f 3773//3773 3923//3923 3771//3771
f 3774//3774 3772//3772 3924//3924
f 3925//3925 3923//3923 3773//3773
f 3926//3926 3774//3774 3924//3924
f 3775//3775 3925//3925 3773//3773
f 3776//3776 3774//3774 3926//3926
f 3927//3927 3925//3925 3775//3775
f 3928//3928 3776//3776 3926//3926
f 3777//3777 3927//3927 3775//3775
f 3778//3778 3776//3776 3928//3928
f 3929//3929 3927//3927 3777//3777
f 3930//3930 3778//3778 3928//3928
f 3779//3779 3929//3929 3777//3777
f 3780//3780 3778//3778 3930//3930
f 3931//3931 3929//3929 3779//3779
f 3932//3932 3780//3780 3930//3930
f 3781//3781 3931//3931 3779//3779
f 3782//3782 3780//3780 3932//3932
f 3933//3933 3931//3931 3781//3781
f 3934//3934 3782//3782 3932//3932
f 3783//3783 3933//3933 3781//3781
f 3784//3784 3782//3782 3934//3934
f 3935//3935 3933//3933 3783//3783
f 3936//3936 3784//3784 3934//3934
f 3785//3785 3935//3935 3783//3783
f 3786//3786 3784//3784 3936//3936
f 3937//3937 3935//3935 3785//3785
f 3938//3938 3786//3786 3936//3936
f 3787//3787 3937//3937 3785//3785
f 3788//3788 3786//3786 3938//3938
f 3939//3939 3937//3937 3787//3787
f 3940//3940 3788//3788 3938//3938
f 3789//3789 3939//3939 3787//3787
f 3790//3790 3788//3788 3940//3940
f 3941//3941 3939//3939 3789//3789
f 3942//3942 3790//3790 3940//3940
f 3791//3791 3941//3941 3789//3789
f 3792//3792 3790//3790 3942//3942
f 3943//3943 3941//3941 3791//3791
f 3944//3944 3792//3792 3942//3942
f 3793//3793 3943//3943 3791//3791
f 3794//3794 3792//3792 3944//3944
f 3945//3945 3943//3943 3793//3793
f 3946//3946 3794//3794 3944//3944
f 3795//3795 3945//3945 3793//3793
f 3796//3796 3794//3794 3946//3946
f 3947//3947 3945//3945 3795//3795
f 3948//3948 3796//3796 3946//3946
f 3797//3797 3947//3947 3795//3795
f 3798//3798 3796//3796 3948//3948
f 3949//3949 3947//3947 3797//3797
f 3950//3950 3798//3798 3948//3948
f 3799//3799 3949//3949 3797//3797
f 3800//3800 3798//3798 3950//3950
f 3951//3951 3949//3949 3799//3799
f 3952//3952 3800//3800 3950//3950
f 3801//3801 3951//3951 3799//3799
f 3802//3802 3800//3800 3952//3952
f 3953//3953 3951//3951 3801//3801
f 3954//3954 3802//3802 3952//3952
f 3803//3803 3953//3953 3801//3801
f 3804//3804 3802//3802 3954//3954
f 3955//3955 3953//3953 3803//3803
f 3956//3956 3804//3804 3954//3954
f 3805//3805 3955//3955 3803//3803
f 3806//3806 3804//3804 3956//3956
f 3957//3957 3955//3955 3805//3805
f 3958//3958 3806//3806 3956//3956
f 3807//3807 3957//3957 3805//3805
f 3808//3808 3806//3806 3958//3958
f 3959//3959 3957//3957 3807//3807
f 3960//3960 3808//3808 3958//3958
f 3809//3809 3959//3959 3807//3807
f 3810//3810 3808//3808 3960//3960
f 3961//3961 3959//3959 3809//3809
f 3962//3962 3810//3810 3960//3960
f 3811//3811 3961//3961 3809//3809
f 3812//3812 3810//3810 3962//3962
f 3963//3963 3961//3961 3811//3811
f 3964//3964 3812//3812 3962//3962
f 3813//3813 3963//3963 3811//3811
f 3814//3814 3812//3812 3964//3964
f 3965//3965 3963//3963 3813//3813
f 3966//3966 3814//3814 3964//3964
f 3815//3815 3965//3965 3813//3813
f 3816//3816 3814//3814 3966//3966
f 3967//3967 3965//3965 3815//3815
f 3968//3968 3816//3816 3966//3966
f 3817//3817 3967//3967 3815//3815
f 3818//3818 3816//3816 3968//3968
f 3969//3969 3967//3967 3817//3817
f 3970//3970 3818//3818 3968//3968
f 3819//3819 3969//3969 3817//3817
f 3820//3820 3818//3818 3970//3970
f 3971//3971 3969//3969 3819//3819
f 3972//3972 3820//3820 3970//3970
f 3821//3821 3971//3971 3819//3819
f 3822//3822 3820//3820 3972//3972
f 3973//3973 3971//3971 3821//3821
f 3974//3974 3822//3822 3972//3972
f 3823//3823 3973//3973 3821//3821
f 3824//3824 3822//3822 3974//3974
f 3975//3975 3973//3973 3823//3823
f 3976//3976 3824//3824 3974//3974
f 3825//3825 3975//3975 3823//3823
f 3826//3826 3824//3824 3976//3976
f 3977//3977 3975//3975 3825//3825
f 3978//3978 3826//3826 3976//3976
f 3827//3827 3977//3977 3825//3825
f 3828//3828 3826//3826 3978//3978
f 3979//3979 3977//3977 3827//3827
f 3980//3980 3828//3828 3978//3978
f 3829//3829 3979//3979 3827//3827
f 3830//3830 3828//3828 3980//3980
f 3981//3981 3979//3979 3829//3829
f 3982//3982 3830//3830 3980//3980
f 3831//3831 3981//3981 3829//3829
f 3832//3832 3830//3830 3982//3982
f 3983//3983 3981//3981 3831//3831
f 3984//3984 3832//3832 3982//3982
f 3833//3833 3983//3983 3831//3831
f 3834//3834 3832//3832 3984//3984
f 3985//3985 3983//3983 3833//3833
f 3986//3986 3834//3834 3984//3984
f 3835//3835 3985//3985 3833//3833
f 3836//3836 3834//3834 3986//3986
f 3987//3987 3985//3985 3835//3835
f 3988//3988 3836//3836 3986//3986
f 3837//3837 3987//3987 3835//3835
f 3838//3838 3836//3836 3988//3988
f 3989//3989 3987//3987 3837//3837
f 3990//3990 3838//3838 3988//3988
f 3839//3839 3989//3989 3837//3837
f 3840//3840 3838//3838 3990//3990
f 3991//3991 3989//3989 3839//3839
f 3992//3992 3840//3840 3990//3990
f 3841//3841 3991//3991 3839//3839
f 3842//3842 3840//3840 3992//3992
f 3993//3993 3991//3991 3841//3841
f 3994//3994 3842//3842 3992//3992
f 3843//3843 3993//3993 3841//3841
f 3844//3844 3842//3842 3994//3994
f 3995//3995 3993//3993 3843//3843
f 3996//3996 3844//3844 3994//3994
f 3845//3845 3995//3995 3843//3843
f 3846//3846 3844//3844 3996//3996
f 3997//3997 3995//3995 3845//3845
f 3998//3998 3846//3846 3996//3996
f 3847//3847 3997//3997 3845//3845
f 3848//3848 3846//3846 3998//3998
f 3999//3999 3997//3997 3847//3847
f 4000//4000 3848//3848 3998//3998
f 3849//3849 3999//3999 3847//3847
f 3850//3850 3848//3848 4000//4000
f 4001//4001 3999//3999 3849//3849
f 4002//4002 3850//3850 4000//4000
f 3851//3851 4001//4001 3849//3849
f 3852//3852 3850//3850 4002//4002
f 4003//4003 4001//4001 3851//3851
f 4004//4004 3852//3852 4002//4002
f 3853//3853 4003//4003 3851//3851
f 3854//3854 3852//3852 4004//4004
f 4005//4005 4003//4003 3853//3853
f 4006//4006 3854//3854 4004//4004
f 3855//3855 4005//4005 3853//3853
f 3856//3856 3854//3854 4006//4006
f 4007//4007 4005//4005 3855//3855
f 4008//4008 3856//3856 4006//4006
f 3857//3857 4007//4007 3855//3855
f 3858//3858 3856//3856 4008//4008
f 4009//4009 4007//4007 3857//3857
f 4010//4010 3858//3858 4008//4008
f 3859//3859 4009//4009 3857//3857
f 3860//3860 3858//3858 4010//4010
f 4011//4011 4009//4009 3859//3859
f 4012//4012 3860//3860 4010//4010
f 3861//3861 4011//4011 3859//3859
f 3862//3862 3860//3860 4012//4012
f 4013//4013 4011//4011 3861//3861
f 4014//4014 3862//3862 4012//4012
f 3863//3863 4013//4013 3861//3861
f 3864//3864 3862//3862 4014//4014
f 4015//4015 4013//4013 3863//3863
f 4016//4016 3864//3864 4014//4014
f 3865//3865 4015//4015 3863//3863
f 3866//3866 3864//3864 4016//4016
f 4017//4017 4015//4015 3865//3865
f 4018//4018 3866//3866 4016//4016
f 3867//3867 4017//4017 3865//3865
f 3868//3868 3866//3866 4018//4018
f 4019//4019 4017//4017 3867//3867
f 4020//4020 3868//3868 4018//4018
f 3869//3869 4019//4019 3867//3867
f 3870//3870 3868//3868 4020//4020
f 4021//4021 4019//4019 3869//3869
f 4022//4022 3870//3870 4020//4020
f 3871//3871 4021//4021 3869//3869
f 3872//3872 3870//3870 4022//4022
f 4023//4023 4021//4021 3871//3871
f 4024//4024 3872//3872 4022//4022
f 3873//3873 4023//4023 3871//3871
f 3874//3874 3872//3872 4024//4024
f 4025//4025 4023//4023 3873//3873
f 4026//4026 3874//3874 4024//4024
f 3875//3875 4025//4025 3873//3873
f 3876//3876 3874//3874 4026//4026
f 4027//4027 4025//4025 3875//3875
f 4028//4028 3876//3876 4026//4026
f 3877//3877 4027//4027 3875//3875
f 3878//3878 3876//3876 4028//4028
f 4029//4029 4027//4027 3877//3877
f 4030//4030 3878//3878 4028//4028
f 3879//3879 4029//4029 3877//3877
f 3880//3880 3878//3878 4030//4030
f 4031//4031 4029//4029 3879//3879
f 4032//4032 3880//3880 4030//4030
f 3881//3881 4031//4031 3879//3879
f 3882//3882 3880//3880 4032//4032
f 4033//4033 4031//4031 3881//3881
f 4034//4034 3882//3882 4032//4032
f 3883//3883 4033//4033 3881//3881
f 3884//3884 3882//3882 4034//4034
f 4035//4035 4033//4033 3883//3883
f 4036//4036 3884//3884 4034//4034
f 3885//3885 4035//4035 3883//3883
f 3886//3886 3884//3884 4036//4036
f 4037//4037 4035//4035 3885//3885
f 4038//4038 3886//3886 4036//4036
f 3887//3887 4037//4037 3885//3885
f 3888//3888 3886//3886 4038//4038
f 4039//4039 4037//4037 3887//3887
f 4040//4040 3888//3888 4038//4038
f 3889//3889 4039//4039 3887//3887
f 3890//3890 3888//3888 4040//4040
f 4041//4041 4039//4039 3889//3889
f 4042//4042 3890//3890 4040//4040
f 3891//3891 4041//4041 3889//3889
f 3892//3892 3890//3890 4042//4042
f 4043//4043 4041//4041 3891//3891
f 4044//4044 3892//3892 4042//4042
f 3893//3893 4043//4043 3891//3891
f 3894//3894 3892//3892 4044//4044
f 4045//4045 4043//4043 3893//3893
f 4046//4046 3894//3894 4044//4044
f 3895//3895 4045//4045 3893//3893
f 3896//3896 3894//3894 4046//4046
f 4047//4047 4045//4045 3895//3895
f 4048//4048 3896//3896 4046//4046
f 3897//3897 4047//4047 3895//3895
f 3898//3898 3896//3896 4048//4048
f 4049//4049 4047//4047 3897//3897
f 4050//4050 3898//3898 4048//4048
f 3899//3899 4049//4049 3897//3897
f 3900//3900 3898//3898 4050//4050
f 4051//4051 4049//4049 3899//3899
f 4052//4052 3900//3900 4050//4050
f 3901//3901 4051//4051 3899//3899
f 3902//3902 3900//3900 4052//4052
f 5019//5019 4051//4051 3901//3901
f 5019//5019 3902//3902 4052//4052
f 3903//3903 5019//5019 3901//3901
f 3904//3904 3902//3902 5019//5019
f 3905//3905 5019//5019 3903//3903
f 3906//3906 3904//3904 5019//5019
f 5017//5017 5019//5019 3905//3905
f 5017//5017 3906//3906 5019//5019
f 3907//3907 5020//5020 5018//5018
f 3908//3908 5018//5018 5020//5020
f 3909//3909 5020//5020 3907//3907
f 3910//3910 3908//3908 5020//5020
f 3911//3911 5020//5020 3909//3909
f 3912//3912 3910//3910 5020//5020
f 4053//4053 5020//5020 3911//3911
f 4054//4054 3912//3912 5020//5020
f 3913//3913 4053//4053 3911//3911
f 3914//3914 3912//3912 4054//4054
f 4055//4055 4053//4053 3913//3913
f 4056//4056 3914//3914 4054//4054
f 4057//4057 4055//4055 3913//3913
f 4058//4058 3914//3914 4056//4056
f 3915//3915 4057//4057 3913//3913
f 3916//3916 3914//3914 4058//4058
f 4059//4059 4057//4057 3915//3915
f 4060//4060 3916//3916 4058//4058
f 3917//3917 4059//4059 3915//3915
f 3918//3918 3916//3916 4060//4060
f 4061//4061 4059//4059 3917//3917
f 4062//4062 3918//3918 4060//4060
f 3919//3919 4061//4061 3917//3917
f 3920//3920 3918//3918 4062//4062
f 4063//4063 4061//4061 3919//3919
f 4064//4064 3920//3920 4062//4062
f 3921//3921 4063//4063 3919//3919
f 3922//3922 3920//3920 4064//4064
f 4065//4065 4063//4063 3921//3921
f 4066//4066 3922//3922 4064//4064
f 3923//3923 4065//4065 3921//3921
f 3924//3924 3922//3922 4066//4066
f 4067//4067 4065//4065 3923//3923
f 4068//4068 3924//3924 4066//4066
f 3925//3925 4067//4067 3923//3923
f 3926//3926 3924//3924 4068//4068
f 4069//4069 4067//4067 3925//3925
f 4070//4070 3926//3926 4068//4068
f 3927//3927 4069//4069 3925//3925
f 3928//3928 3926//3926 4070//4070
f 4071//4071 4069//4069 3927//3927
f 4072//4072 3928//3928 4070//4070
f 3929//3929 4071//4071 3927//3927
f 3930//3930 3928//3928 4072//4072
f 4073//4073 4071//4071 3929//3929
f 4074//4074 3930//3930 4072//4072
f 3931//3931 4073//4073 3929//3929
f 3932//3932 3930//3930 4074//4074
f 4075//4075 4073//4073 3931//3931
f 4076//4076 3932//3932 4074//4074
f 3933//3933 4075//4075 3931//3931
f 3934//3934 3932//3932 4076//4076
f 4077//4077 4075//4075 3933//3933
f 4078//4078 3934//3934 4076//4076
f 3935//3935 4077//4077 3933//3933
f 3936//3936 3934//3934 4078//4078
f 4079//4079 4077//4077 3935//3935
f 4080//4080 3936//3936 4078//4078
f 3937//3937 4079//4079 3935//3935
f 3938//3938 3936//3936 4080//4080
f 4081//4081 4079//4079 3937//3937
f 4082//4082 3938//3938 4080//4080
f 3939//3939 4081//4081 3937//3937
f 3940//3940 3938//3938 4082//4082
f 4083//4083 4081//4081 3939//3939
f 4084//4084 3940//3940 4082//4082
f 3941//3941 4083//4083 3939//3939
f 3942//3942 3940//3940 4084//4084
f 4085//4085 4083//4083 3941//3941
f 4086//4086 3942//3942 4084//4084
f 3943//3943 4085//4085 3941//3941
f 3944//3944 3942//3942 4086//4086
f 4087//4087 4085//4085 3943//3943
f 4088//4088 3944//3944 4086//4086
f 3945//3945 4087//4087 3943//3943
f 3946//3946 3944//3944 4088//4088
f 4089//4089 4087//4087 3945//3945
f 4090//4090 3946//3946 4088//4088
f 3947//3947 4089//4089 3945//3945
f 3948//3948 3946//3946 4090//4090
f 4091//4091 4089//4089 3947//3947
f 4092//4092 3948//3948 4090//4090
f 3949//3949 4091//4091 3947//3947
f 3950//3950 3948//3948 4092//4092
f 4093//4093 4091//4091 3949//3949
f 4094//4094 3950//3950 4092//4092
f 3951//3951 4093//4093 3949//3949
f 3952//3952 3950//3950 4094//4094
f 4095//4095 4093//4093 3951//3951
f 4096//4096 3952//3952 4094//4094
f 3953//3953 4095//4095 3951//3951
f 3954//3954 3952//3952 4096//4096
f 4097//4097 4095//4095 3953//3953
f 4098//4098 3954//3954 4096//4096
f 3955//3955 4097//4097 3953//3953
f 3956//3956 3954//3954 4098//4098
f 4099//4099 4097//4097 3955//3955
f 4100//4100 3956//3956 4098//4098
f 3957//3957 4099//4099 3955//3955
f 3958//3958 3956//3956 4100//4100
f 4101//4101 4099//4099 3957//3957
f 4102//4102 3958//3958 4100//4100
f 3959//3959 4101//4101 3957//3957
f 3960//3960 3958//3958 4102//4102
f 4103//4103 4101//4101 3959//3959
f 4104//4104 3960//3960 4102//4102
f 3961//3961 4103//4103 3959//3959
f 3962//3962 3960//3960 4104//4104
f 4105//4105 4103//4103 3961//3961
f 4106//4106 3962//3962 4104//4104
f 3963//3963 4105//4105 3961//3961
f 3964//3964 3962//3962 4106//4106
f 4107//4107 4105//4105 3963//3963
f 4108//4108 3964//3964 4106//4106
f 3965//3965 4107//4107 3963//3963
f 3966//3966 3964//3964 4108//4108
f 4109//4109 4107//4107 3965//3965
f 4110//4110 3966//3966 4108//4108
f 3967//3967 4109//4109 3965//3965
f 3968//3968 3966//3966 4110//4110
f 4111//4111 4109//4109 3967//3967
f 4112//4112 3968//3968 4110//4110
f 3969//3969 4111//4111 3967//3967
f 3970//3970 3968//3968 4112//4112
f 4113//4113 4111//4111 3969//3969
f 4114//4114 3970//3970 4112//4112
f 3971//3971 4113//4113 3969//3969
f 3972//3972 3970//3970 4114//4114
f 4115//4115 4113//4113 3971//3971
f 4116//4116 3972//3972 4114//4114
f 3973//3973 4115//4115 3971//3971
f 3974//3974 3972//3972 4116//4116
f 4117//4117 4115//4115 3973//3973
f 4118//4118 3974//3974 4116//4116
f 3975//3975 4117//4117 3973//3973
f 3976//3976 3974//3974 4118//4118
f 4119//4119 4117//4117 3975//3975
f 4120//4120 3976//3976 4118//4118
f 3977//3977 4119//4119 3975//3975
f 3978//3978 3976//3976 4120//4120
f 4121//4121 4119//4119 3977//3977
f 4122//4122 3978//3978 4120//4120
f 3979//3979 4121//4121 3977//3977
f 3980//3980 3978//3978 4122//4122
f 4123//4123 4121//4121 3979//3979
f 4124//4124 3980//3980 4122//4122
f 3981//3981 4123//4123 3979//3979
f 3982//3982 3980//3980 4124//4124
f 4125//4125 4123//4123 3981//3981
f 4126//4126 3982//3982 4124//4124
f 3983//3983 4125//4125 3981//3981
f 3984//3984 3982//3982 4126//4126
f 4127//4127 4125//4125 3983//3983
f 4128//4128 3984//3984 4126//4126
f 3985//3985 4127//4127 3983//3983
f 3986//3986 3984//3984 4128//4128
f 4129//4129 4127//4127 3985//3985
f 4130//4130 3986//3986 4128//4128
f 3987//3987 4129//4129 3985//3985
f 3988//3988 3986//3986 4130//4130
f 4131//4131 4129//4129 3987//3987
f 4132//4132 3988//3988 4130//4130
f 3989//3989 4131//4131 3987//3987
f 3990//3990 3988//3988 4132//4132
f 4133//4133 4131//4131 3989//3989
f 4134//4134 3990//3990 4132//4132
f 3991//3991 4133//4133 3989//3989
f 3992//3992 3990//3990 4134//4134
f 4135//4135 4133//4133 3991//3991
f 4136//4136 3992//3992 4134//4134
f 3993//3993 4135//4135 3991//3991
f 3994//3994 3992//3992 4136//4136
f 4137//4137 4135//4135 3993//3993
f 4138//4138 3994//3994 4136//4136
f 3995//3995 4137//4137 3993//3993
f 3996//3996 3994//3994 4138//4138
f 4139//4139 4137//4137 3995//3995
f 4140//4140 3996//3996 4138//4138
f 3997//3997 4139//4139 3995//3995
f 3998//3998 3996//3996 4140//4140
f 4141//4141 4139//4139 3997//3997
f 4142//4142 3998//3998 4140//4140
f 3999//3999 4141//4141 3997//3997
f 4000//4000 3998//3998 4142//4142
f 4143//4143 4141//4141 3999//3999
f 4144//4144 4000//4000 4142//4142
f 4001//4001 4143//4143 3999//3999
f 4002//4002 4000//4000 4144//4144
f 4145//4145 4143//4143 4001//4001
f 4146//4146 4002//4002 4144//4144
f 4003//4003 4145//4145 4001//4001
f 4004//4004 4002//4002 4146//4146
f 4147//4147 4145//4145 4003//4003
f 4148//4148 4004//4004 4146//4146
f 4005//4005 4147//4147 4003//4003
f 4006//4006 4004//4004 4148//4148
f 4149//4149 4147//4147 4005//4005
f 4150//4150 4006//4006 4148//4148
f 4007//4007 4149//4149 4005//4005
f 4008//4008 4006//4006 4150//4150
f 4151//4151 4149//4149 4007//4007
f 4152//4152 4008//4008 4150//4150
f 4009//4009 4151//4151 4007//4007
f 4010//4010 4008//4008 4152//4152
f 4153//4153 4151//4151 4009//4009
f 4154//4154 4010//4010 4152//4152
f 4011//4011 4153//4153 4009//4009
f 4012//4012 4010//4010 4154//4154
f 4155//4155 4153//4153 4011//4011
f 4156//4156 4012//4012 4154//4154
f 4013//4013 4155//4155 4011//4011
f 4014//4014 4012//4012 4156//4156
f 4157//4157 4155//4155 4013//4013
f 4158//4158 4014//4014 4156//4156
f 4015//4015 4157//4157 4013//4013
f 4016//4016 4014//4014 4158//4158
f 4159//4159 4157//4157 4015//4015
f 4160//4160 4016//4016 4158//4158
f 4017//4017 4159//4159 4015//4015
f 4018//4018 4016//4016 4160//4160
f 4161//4161 4159//4159 4017//4017
f 4162//4162 4018//4018 4160//4160
f 4019//4019 4161//4161 4017//4017
f 4020//4020 4018//4018 4162//4162
f 4163//4163 4161//4161 4019//4019
f 4164//4164 4020//4020 4162//4162
f 4021//4021 4163//4163 4019//4019
f 4022//4022 4020//4020 4164//4164
f 4165//4165 4163//4163 4021//4021
f 4166//4166 4022//4022 4164//4164
f 4023//4023 4165//4165 4021//4021
f 4024//4024 4022//4022 4166//4166
f 4167//4167 4165//4165 4023//4023
f 4168//4168 4024//4024 4166//4166
f 4025//4025 4167//4167 4023//4023
f 4026//4026 4024//4024 4168//4168
f 4169//4169 4167//4167 4025//4025
f 4170//4170 4026//4026 4168//4168
f 4027//4027 4169//4169 4025//4025
f 4028//4028 4026//4026 4170//4170
f 4171//4171 4169//4169 4027//4027
f 4172//4172 4028//4028 4170//4170
f 4029//4029 4171//4171 4027//4027
f 4030//4030 4028//4028 4172//4172
f 4173//4173 4171//4171 4029//4029
f 4174//4174 4030//4030 4172//4172
f 4031//4031 4173//4173 4029//4029
f 4032//4032 4030//4030 4174//4174
f 4175//4175 4173//4173 4031//4031
f 4176//4176 4032//4032 4174//4174
f 4033//4033 4175//4175 4031//4031
f 4034//4034 4032//4032 4176//4176
f 4177//4177 4175//4175 4033//4033
f 4178//4178 4034//4034 4176//4176
f 4035//4035 4177//4177 4033//4033
f 4036//4036 4034//4034 4178//4178
f 4179//4179 4177//4177 4035//4035
f 4180//4180 4036//4036 4178//4178
f 4037//4037 4179//4179 4035//4035
f 4038//4038 4036//4036 4180//4180
f 4181//4181 4179//4179 4037//4037
f 4182//4182 4038//4038 4180//4180
f 4039//4039 4181//4181 4037//4037
f 4040//4040 4038//4038 4182//4182
f 4183//4183 4181//4181 4039//4039
f 4184//4184 4040//4040 4182//4182
f 4041//4041 4183//4183 4039//4039
f 4042//4042 4040//4040 4184//4184
f 4185//4185 4183//4183 4041//4041
f 4186//4186 4042//4042 4184//4184
f 4043//4043 4185//4185 4041//4041
f 4044//4044 4042//4042 4186//4186
f 4187//4187 4185//4185 4043//4043
f 4188//4188 4044//4044 4186//4186
f 4045//4045 4187//4187 4043//4043
f 4046//4046 4044//4044 4188//4188
f 4189//4189 4187//4187 4045//4045
f 4190//4190 4046//4046 4188//4188
f 4191//4191 4189//4189 4045//4045
f 4192//4192 4046//4046 4190//4190
f 4047//4047 4191//4191 4045//4045
f 4048//4048 4046//4046 4192//4192
f 5021//5021 4191//4191 4047//4047
f 5021//5021 4048//4048 4192//4192
f 4049//4049 5021//5021 4047//4047
f 4050//4050 4048//4048 5021//5021
f 4051//4051 5021//5021 4049//4049
f 4052//4052 4050//4050 5021//5021
f 5019//5019 5021//5021 4051//4051
f 5019//5019 4052//4052 5021//5021
f 4053//4053 5022//5022 5020//5020
f 4054//4054 5020//5020 5022//5022
f 4055//4055 5022//5022 4053//4053
f 4056//4056 4054//4054 5022//5022
f 4057//4057 5022//5022 4055//4055
f 4058//4058 4056//4056 5022//5022
f 4193//4193 5022//5022 4057//4057
f 4194//4194 4058//4058 5022//5022
f 4195//4195 4193//4193 4057//4057
f 4196//4196 4058//4058 4194//4194
f 4059//4059 4195//4195 4057//4057
f 4060//4060 4058//4058 4196//4196
f 4197//4197 4195//4195 4059//4059
f 4198//4198 4060//4060 4196//4196
f 4061//4061 4197//4197 4059//4059
f 4062//4062 4060//4060 4198//4198
f 4199//4199 4197//4197 4061//4061
f 4200//4200 4062//4062 4198//4198
f 4063//4063 4199//4199 4061//4061
f 4064//4064 4062//4062 4200//4200
f 4201//4201 4199//4199 4063//4063
f 4202//4202 4064//4064 4200//4200
f 4065//4065 4201//4201 4063//4063
f 4066//4066 4064//4064 4202//4202
f 4203//4203 4201//4201 4065//4065
f 4204//4204 4066//4066 4202//4202
f 4067//4067 4203//4203 4065//4065
f 4068//4068 4066//4066 4204//4204
f 4205//4205 4203//4203 4067//4067
f 4206//4206 4068//4068 4204//4204
f 4069//4069 4205//4205 4067//4067
f 4070//4070 4068//4068 4206//4206
f 4207//4207 4205//4205 4069//4069
f 4208//4208 4070//4070 4206//4206
f 4071//4071 4207//4207 4069//4069
f 4072//4072 4070//4070 4208//4208
f 4209//4209 4207//4207 4071//4071
f 4210//4210 4072//4072 4208//4208
f 4073//4073 4209//4209 4071//4071
f 4074//4074 4072//4072 4210//4210
f 4211//4211 4209//4209 4073//4073
f 4212//4212 4074//4074 4210//4210
f 4075//4075 4211//4211 4073//4073
f 4076//4076 4074//4074 4212//4212
f 4213//4213 4211//4211 4075//4075
f 4214//4214 4076//4076 4212//4212
f 4077//4077 4213//4213 4075//4075
f 4078//4078 4076//4076 4214//4214
f 4215//4215 4213//4213 4077//4077
f 4216//4216 4078//4078 4214//4214
f 4079//4079 4215//4215 4077//4077
f 4080//4080 4078//4078 4216//4216
f 4217//4217 4215//4215 4079//4079
f 4218//4218 4080//4080 4216//4216
f 4081//4081 4217//4217 4079//4079
f 4082//4082 4080//4080 4218//4218
f 4219//4219 4217//4217 4081//4081
f 4220//4220 4082//4082 4218//4218
f 4221//4221 4219//4219 4081//4081
f 4222//4222 4082//4082 4220//4220
f 4083//4083 4221//4221 4081//4081
f 4084//4084 4082//4082 4222//4222
f 4223//4223 4221//4221 4083//4083
f 4224//4224 4084//4084 4222//4222
f 4085//4085 4223//4223 4083//4083
f 4086//4086 4084//4084 4224//4224
f 4225//4225 4223//4223 4085//4085
f 4226//4226 4086//4086 4224//4224
f 4087//4087 4225//4225 4085//4085
f 4088//4088 4086//4086 4226//4226
f 4227//4227 4225//4225 4087//4087
f 4228//4228 4088//4088 4226//4226
f 4089//4089 4227//4227 4087//4087
f 4090//4090 4088//4088 4228//4228
f 4229//4229 4227//4227 4089//4089
f 4230//4230 4090//4090 4228//4228
f 4091//4091 4229//4229 4089//4089
f 4092//4092 4090//4090 4230//4230
f 4231//4231 4229//4229 4091//4091
f 4232//4232 4092//4092 4230//4230
f 4093//4093 4231//4231 4091//4091
f 4094//4094 4092//4092 4232//4232
f 4233//4233 4231//4231 4093//4093
f 4234//4234 4094//4094 4232//4232
f 4095//4095 4233//4233 4093//4093
f 4096//4096 4094//4094 4234//4234
f 4235//4235 4233//4233 4095//4095
f 4236//4236 4096//4096 4234//4234
f 4097//4097 4235//4235 4095//4095
f 4098//4098 4096//4096 4236//4236
f 4099//4099 4235//4235 4097//4097
f 4100//4100 4098//4098 4236//4236
f 4237//4237 4235//4235 4099//4099
f 4238//4238 4100//4100 4236//4236
f 4101//4101 4237//4237 4099//4099
f 4102//4102 4100//4100 4238//4238
f 4239//4239 4237//4237 4101//4101
f 4240//4240 4102//4102 4238//4238
f 4103//4103 4239//4239 4101//4101
f 4104//4104 4102//4102 4240//4240
f 4241//4241 4239//4239 4103//4103
f 4242//4242 4104//4104 4240//4240
f 4105//4105 4241//4241 4103//4103
f 4106//4106 4104//4104 4242//4242
f 4243//4243 4241//4241 4105//4105
f 4244//4244 4106//4106 4242//4242
f 4107//4107 4243//4243 4105//4105
f 4108//4108 4106//4106 4244//4244
f 4245//4245 4243//4243 4107//4107
f 4246//4246 4108//4108 4244//4244
f 4109//4109 4245//4245 4107//4107
f 4110//4110 4108//4108 4246//4246
f 4247//4247 4245//4245 4109//4109
f 4248//4248 4110//4110 4246//4246
f 4111//4111 4247//4247 4109//4109
f 4112//4112 4110//4110 4248//4248
f 4249//4249 4247//4247 4111//4111
f 4250//4250 4112//4112 4248//4248
f 4113//4113 4249//4249 4111//4111
f 4114//4114 4112//4112 4250//4250
f 4251//4251 4249//4249 4113//4113
f 4252//4252 4114//4114 4250//4250
f 4115//4115 4251//4251 4113//4113
f 4116//4116 4114//4114 4252//4252
f 4253//4253 4251//4251 4115//4115
f 4254//4254 4116//4116 4252//4252
f 4117//4117 4253//4253 4115//4115
f 4118//4118 4116//4116 4254//4254
f 4255//4255 4253//4253 4117//4117
f 4256//4256 4118//4118 4254//4254
f 4119//4119 4255//4255 4117//4117
f 4120//4120 4118//4118 4256//4256
f 4257//4257 4255//4255 4119//4119
f 4258//4258 4120//4120 4256//4256
f 4121//4121 4257//4257 4119//4119
f 4122//4122 4120//4120 4258//4258
f 4259//4259 4257//4257 4121//4121
f 4260//4260 4122//4122 4258//4258
f 4123//4123 4259//4259 4121//4121
f 4124//4124 4122//4122 4260//4260
f 4261//4261 4259//4259 4123//4123
f 4262//4262 4124//4124 4260//4260
f 4125//4125 4261//4261 4123//4123
f 4126//4126 4124//4124 4262//4262
f 4263//4263 4261//4261 4125//4125
f 4264//4264 4126//4126 4262//4262
f 4127//4127 4263//4263 4125//4125
f 4128//4128 4126//4126 4264//4264
f 4265//4265 4263//4263 4127//4127
f 4266//4266 4128//4128 4264//4264
f 4129//4129 4265//4265 4127//4127
f 4130//4130 4128//4128 4266//4266
f 4267//4267 4265//4265 4129//4129
f 4268//4268 4130//4130 4266//4266
f 4131//4131 4267//4267 4129//4129
f 4132//4132 4130//4130 4268//4268
f 4269//4269 4267//4267 4131//4131
f 4270//4270 4132//4132 4268//4268
f 4133//4133 4269//4269 4131//4131
f 4134//4134 4132//4132 4270//4270
f 4271//4271 4269//4269 4133//4133
f 4272//4272 4134//4134 4270//4270
f 4135//4135 4271//4271 4133//4133
f 4136//4136 4134//4134 4272//4272
f 4273//4273 4271//4271 4135//4135
f 4274//4274 4136//4136 4272//4272
f 4137//4137 4273//4273 4135//4135
f 4138//4138 4136//4136 4274//4274
f 4275//4275 4273//4273 4137//4137
f 4276//4276 4138//4138 4274//4274
f 4139//4139 4275//4275 4137//4137
f 4140//4140 4138//4138 4276//4276
f 4277//4277 4275//4275 4139//4139
f 4278//4278 4140//4140 4276//4276
f 4141//4141 4277//4277 4139//4139
f 4142//4142 4140//4140 4278//4278
f 4279//4279 4277//4277 4141//4141
f 4280//4280 4142//4142 4278//4278
f 4143//4143 4279//4279 4141//4141
f 4144//4144 4142//4142 4280//4280
f 4281//4281 4279//4279 4143//4143
f 4282//4282 4144//4144 4280//4280
f 4145//4145 4281//4281 4143//4143
f 4146//4146 4144//4144 4282//4282
f 4283//4283 4281//4281 4145//4145
f 4284//4284 4146//4146 4282//4282
f 4147//4147 4283//4283 4145//4145
f 4148//4148 4146//4146 4284//4284
f 4285//4285 4283//4283 4147//4147
f 4286//4286 4148//4148 4284//4284
f 4149//4149 4285//4285 4147//4147
f 4150//4150 4148//4148 4286//4286
f 4287//4287 4285//4285 4149//4149
f 4288//4288 4150//4150 4286//4286
f 4151//4151 4287//4287 4149//4149
f 4152//4152 4150//4150 4288//4288
f 4289//4289 4287//4287 4151//4151
f 4290//4290 4152//4152 4288//4288
f 4153//4153 4289//4289 4151//4151
f 4154//4154 4152//4152 4290//4290
f 4291//4291 4289//4289 4153//4153
f 4292//4292 4154//4154 4290//4290
f 4155//4155 4291//4291 4153//4153
f 4156//4156 4154//4154 4292//4292
f 4293//4293 4291//4291 4155//4155
f 4294//4294 4156//4156 4292//4292
f 4157//4157 4293//4293 4155//4155
f 4158//4158 4156//4156 4294//4294
f 4295//4295 4293//4293 4157//4157
f 4296//4296 4158//4158 4294//4294
f 4159//4159 4295//4295 4157//4157
f 4160//4160 4158//4158 4296//4296
f 4297//4297 4295//4295 4159//4159
f 4298//4298 4160//4160 4296//4296
f 4161//4161 4297//4297 4159//4159
f 4162//4162 4160//4160 4298//4298
f 4299//4299 4297//4297 4161//4161
f 4300//4300 4162//4162 4298//4298
f 4163//4163 4299//4299 4161//4161
f 4164//4164 4162//4162 4300//4300
f 4301//4301 4299//4299 4163//4163
f 4302//4302 4164//4164 4300//4300
f 4165//4165 4301//4301 4163//4163
f 4166//4166 4164//4164 4302//4302
f 4303//4303 4301//4301 4165//4165
f 4304//4304 4166//4166 4302//4302
f 4167//4167 4303//4303 4165//4165
f 4168//4168 4166//4166 4304//4304
f 4305//4305 4303//4303 4167//4167
f 4306//4306 4168//4168 4304//4304
f 4169//4169 4305//4305 4167//4167
f 4170//4170 4168//4168 4306//4306
f 4307//4307 4305//4305 4169//4169
f 4308//4308 4170//4170 4306//4306
f 4171//4171 4307//4307 4169//4169
f 4172//4172 4170//4170 4308//4308
f 4309//4309 4307//4307 4171//4171
f 4310//4310 4172//4172 4308//4308
f 4173//4173 4309//4309 4171//4171
f 4174//4174 4172//4172 4310//4310
f 4311//4311 4309//4309 4173//4173
f 4312//4312 4174//4174 4310//4310
f 4175//4175 4311//4311 4173//4173
f 4176//4176 4174//4174 4312//4312
f 4313//4313 4311//4311 4175//4175
f 4314//4314 4176//4176 4312//4312
f 4177//4177 4313//4313 4175//4175
f 4178//4178 4176//4176 4314//4314
f 4315//4315 4313//4313 4177//4177
f 4316//4316 4178//4178 4314//4314
f 4179//4179 4315//4315 4177//4177
f 4180//4180 4178//4178 4316//4316
f 4317//4317 4315//4315 4179//4179
f 4318//4318 4180//4180 4316//4316
f 4181//4181 4317//4317 4179//4179
f 4182//4182 4180//4180 4318//4318
f 4319//4319 4317//4317 4181//4181
f 4320//4320 4182//4182 4318//4318
f 4183//4183 4319//4319 4181//4181
f 4184//4184 4182//4182 4320//4320
f 4321//4321 4319//4319 4183//4183
f 4322//4322 4184//4184 4320//4320
f 4185//4185 4321//4321 4183//4183
f 4186//4186 4184//4184 4322//4322
f 4323//4323 4321//4321 4185//4185
f 4324//4324 4186//4186 4322//4322
f 4325//4325 4323//4323 4185//4185
f 4326//4326 4186//4186 4324//4324
f 4187//4187 4325//4325 4185//4185
f 4188//4188 4186//4186 4326//4326
f 5023//5023 4325//4325 4187//4187
f 5023//5023 4188//4188 4326//4326
f 4189//4189 5023//5023 4187//4187
f 4190//4190 4188//4188 5023//5023
f 4191//4191 5023//5023 4189//4189
f 4192//4192 4190//4190 5023//5023
f 5021//5021 5023//5023 4191//4191
f 5021//5021 4192//4192 5023//5023
f 4193//4193 5024//5024 5022//5022
f 4194//4194 5022//5022 5024//5024
f 4195//4195 5024//5024 4193//4193
f 4196//4196 4194//4194 5024//5024
f 4197//4197 5024//5024 4195//4195
f 4198//4198 4196//4196 5024//5024
f 4199//4199 5024//5024 4197//4197
f 4200//4200 4198//4198 5024//5024
f 4327//4327 5024//5024 4199//4199
f 4328//4328 4200//4200 5024//5024
f 4329//4329 4327//4327 4199//4199
f 4330//4330 4200//4200 4328//4328
f 4201//4201 4329//4329 4199//4199
f 4202//4202 4200//4200 4330//4330
f 4331//4331 4329//4329 4201//4201
f 4332//4332 4202//4202 4330//4330
f 4203//4203 4331//4331 4201//4201
f 4204//4204 4202//4202 4332//4332
f 4333//4333 4331//4331 4203//4203
f 4334//4334 4204//4204 4332//4332
f 4205//4205 4333//4333 4203//4203
f 4206//4206 4204//4204 4334//4334
f 4335//4335 4333//4333 4205//4205
f 4336//4336 4206//4206 4334//4334
f 4207//4207 4335//4335 4205//4205
f 4208//4208 4206//4206 4336//4336
f 4337//4337 4335//4335 4207//4207
f 4338//4338 4208//4208 4336//4336
f 4209//4209 4337//4337 4207//4207
f 4210//4210 4208//4208 4338//4338
f 4339//4339 4337//4337 4209//4209
f 4340//4340 4210//4210 4338//4338
f 4211//4211 4339//4339 4209//4209
f 4212//4212 4210//4210 4340//4340
f 4341//4341 4339//4339 4211//4211
f 4342//4342 4212//4212 4340//4340
f 4213//4213 4341//4341 4211//4211
f 4214//4214 4212//4212 4342//4342
f 4343//4343 4341//4341 4213//4213
f 4344//4344 4214//4214 4342//4342
f 4215//4215 4343//4343 4213//4213
f 4216//4216 4214//4214 4344//4344
f 4345//4345 4343//4343 4215//4215
f 4346//4346 4216//4216 4344//4344
f 4217//4217 4345//4345 4215//4215
f 4218//4218 4216//4216 4346//4346
f 4347//4347 4345//4345 4217//4217
f 4348//4348 4218//4218 4346//4346
f 4219//4219 4347//4347 4217//4217
f 4220//4220 4218//4218 4348//4348
f 4349//4349 4347//4347 4219//4219
f 4350//4350 4220//4220 4348//4348
f 4221//4221 4349//4349 4219//4219
f 4222//4222 4220//4220 4350//4350
f 4351//4351 4349//4349 4221//4221
f 4352//4352 4222//4222 4350//4350
f 4223//4223 4351//4351 4221//4221
f 4224//4224 4222//4222 4352//4352
f 4353//4353 4351//4351 4223//4223
f 4354//4354 4224//4224 4352//4352
f 4225//4225 4353//4353 4223//4223
f 4226//4226 4224//4224 4354//4354
f 4355//4355 4353//4353 4225//4225
f 4356//4356 4226//4226 4354//4354
f 4227//4227 4355//4355 4225//4225
f 4228//4228 4226//4226 4356//4356
f 4357//4357 4355//4355 4227//4227
f 4358//4358 4228//4228 4356//4356
f 4229//4229 4357//4357 4227//4227
f 4230//4230 4228//4228 4358//4358
f 4359//4359 4357//4357 4229//4229
f 4360//4360 4230//4230 4358//4358
f 4231//4231 4359//4359 4229//4229
f 4232//4232 4230//4230 4360//4360
f 4361//4361 4359//4359 4231//4231
f 4362//4362 4232//4232 4360//4360
f 4233//4233 4361//4361 4231//4231
f 4234//4234 4232//4232 4362//4362
f 4363//4363 4361//4361 4233//4233
f 4364//4364 4234//4234 4362//4362
f 4235//4235 4363//4363 4233//4233
f 4236//4236 4234//4234 4364//4364
f 4365//4365 4363//4363 4235//4235
f 4366//4366 4236//4236 4364//4364
f 4237//4237 4365//4365 4235//4235
f 4238//4238 4236//4236 4366//4366
f 4367//4367 4365//4365 4237//4237
f 4368//4368 4238//4238 4366//4366
f 4239//4239 4367//4367 4237//4237
f 4240//4240 4238//4238 4368//4368
f 4369//4369 4367//4367 4239//4239
f 4370//4370 4240//4240 4368//4368
f 4241//4241 4369//4369 4239//4239
f 4242//4242 4240//4240 4370//4370
f 4371//4371 4369//4369 4241//4241
f 4372//4372 4242//4242 4370//4370
f 4243//4243 4371//4371 4241//4241
f 4244//4244 4242//4242 4372//4372
f 4373//4373 4371//4371 4243//4243
f 4374//4374 4244//4244 4372//4372
f 4245//4245 4373//4373 4243//4243
f 4246//4246 4244//4244 4374//4374
f 4375//4375 4373//4373 4245//4245
f 4376//4376 4246//4246 4374//4374
f 4247//4247 4375//4375 4245//4245
f 4248//4248 4246//4246 4376//4376
f 4377//4377 4375//4375 4247//4247
f 4378//4378 4248//4248 4376//4376
f 4249//4249 4377//4377 4247//4247
f 4250//4250 4248//4248 4378//4378
f 4379//4379 4377//4377 4249//4249
f 4380//4380 4250//4250 4378//4378
f 4251//4251 4379//4379 4249//4249
f 4252//4252 4250//4250 4380//4380
f 4381//4381 4379//4379 4251//4251
f 4382//4382 4252//4252 4380//4380
f 4253//4253 4381//4381 4251//4251
f 4254//4254 4252//4252 4382//4382
f 4383//4383 4381//4381 4253//4253
f 4384//4384 4254//4254 4382//4382
f 4255//4255 4383//4383 4253//4253
f 4256//4256 4254//4254 4384//4384
f 4385//4385 4383//4383 4255//4255
f 4386//4386 4256//4256 4384//4384
f 4257//4257 4385//4385 4255//4255
f 4258//4258 4256//4256 4386//4386
f 4387//4387 4385//4385 4257//4257
f 4388//4388 4258//4258 4386//4386
f 4259//4259 4387//4387 4257//4257
f 4260//4260 4258//4258 4388//4388
f 4389//4389 4387//4387 4259//4259
f 4390//4390 4260//4260 4388//4388
f 4261//4261 4389//4389 4259//4259
f 4262//4262 4260//4260 4390//4390
f 4391//4391 4389//4389 4261//4261
f 4392//4392 4262//4262 4390//4390
f 4263//4263 4391//4391 4261//4261
f 4264//4264 4262//4262 4392//4392
f 4393//4393 4391//4391 4263//4263
f 4394//4394 4264//4264 4392//4392
f 4265//4265 4393//4393 4263//4263
f 4266//4266 4264//4264 4394//4394
f 4395//4395 4393//4393 4265//4265
f 4396//4396 4266//4266 4394//4394
f 4267//4267 4395//4395 4265//4265
f 4268//4268 4266//4266 4396//4396
f 4397//4397 4395//4395 4267//4267
f 4398//4398 4268//4268 4396//4396
f 4269//4269 4397//4397 4267//4267
f 4270//4270 4268//4268 4398//4398
f 4399//4399 4397//4397 4269//4269
f 4400//4400 4270//4270 4398//4398
f 4271//4271 4399//4399 4269//4269
f 4272//4272 4270//4270 4400//4400
f 4401//4401 4399//4399 4271//4271
f 4402//4402 4272//4272 4400//4400
f 4273//4273 4401//4401 4271//4271
f 4274//4274 4272//4272 4402//4402
f 4403//4403 4401//4401 4273//4273
f 4404//4404 4274//4274 4402//4402
f 4275//4275 4403//4403 4273//4273
f 4276//4276 4274//4274 4404//4404
f 4405//4405 4403//4403 4275//4275
f 4406//4406 4276//4276 4404//4404
f 4277//4277 4405//4405 4275//4275
f 4278//4278 4276//4276 4406//4406
f 4407//4407 4405//4405 4277//4277
f 4408//4408 4278//4278 4406//4406
f 4279//4279 4407//4407 4277//4277
f 4280//4280 4278//4278 4408//4408
f 4409//4409 4407//4407 4279//4279
f 4410//4410 4280//4280 4408//4408
f 4281//4281 4409//4409 4279//4279
f 4282//4282 4280//4280 4410//4410
f 4411//4411 4409//4409 4281//4281
f 4412//4412 4282//4282 4410//4410
f 4283//4283 4411//4411 4281//4281
f 4284//4284 4282//4282 4412//4412
f 4413//4413 4411//4411 4283//4283
f 4414//4414 4284//4284 4412//4412
f 4285//4285 4413//4413 4283//4283
f 4286//4286 4284//4284 4414//4414
f 4415//4415 4413//4413 4285//4285
f 4416//4416 4286//4286 4414//4414
f 4287//4287 4415//4415 4285//4285
f 4288//4288 4286//4286 4416//4416
f 4417//4417 4415//4415 4287//4287
f 4418//4418 4288//4288 4416//4416
f 4289//4289 4417//4417 4287//4287
f 4290//4290 4288//4288 4418//4418
f 4419//4419 4417//4417 4289//4289
f 4420//4420 4290//4290 4418//4418
f 4291//4291 4419//4419 4289//4289
f 4292//4292 4290//4290 4420//4420
f 4421//4421 4419//4419 4291//4291
f 4422//4422 4292//4292 4420//4420
f 4293//4293 4421//4421 4291//4291
f 4294//4294 4292//4292 4422//4422
f 4423//4423 4421//4421 4293//4293
f 4424//4424 4294//4294 4422//4422
f 4295//4295 4423//4423 4293//4293
f 4296//4296 4294//4294 4424//4424
f 4425//4425 4423//4423 4295//4295
f 4426//4426 4296//4296 4424//4424
f 4297//4297 4425//4425 4295//4295
f 4298//4298 4296//4296 4426//4426
f 4427//4427 4425//4425 4297//4297
f 4428//4428 4298//4298 4426//4426
f 4299//4299 4427//4427 4297//4297
f 4300//4300 4298//4298 4428//4428
f 4429//4429 4427//4427 4299//4299
f 4430//4430 4300//4300 4428//4428
f 4301//4301 4429//4429 4299//4299
f 4302//4302 4300//4300 4430//4430
f 4431//4431 4429//4429 4301//4301
f 4432//4432 4302//4302 4430//4430
f 4303//4303 4431//4431 4301//4301
f 4304//4304 4302//4302 4432//4432
f 4433//4433 4431//4431 4303//4303
f 4434//4434 4304//4304 4432//4432
f 4305//4305 4433//4433 4303//4303
f 4306//4306 4304//4304 4434//4434
f 4435//4435 4433//4433 4305//4305
f 4436//4436 4306//4306 4434//4434
f 4307//4307 4435//4435 4305//4305
f 4308//4308 4306//4306 4436//4436
f 4437//4437 4435//4435 4307//4307
f 4438//4438 4308//4308 4436//4436
f 4309//4309 4437//4437 4307//4307
f 4310//4310 4308//4308 4438//4438
f 4439//4439 4437//4437 4309//4309
f 4440//4440 4310//4310 4438//4438
f 4311//4311 4439//4439 4309//4309
f 4312//4312 4310//4310 4440//4440
f 4441//4441 4439//4439 4311//4311
f 4442//4442 4312//4312 4440//4440
f 4313//4313 4441//4441 4311//4311
f 4314//4314 4312//4312 4442//4442
f 4443//4443 4441//4441 4313//4313
f 4444//4444 4314//4314 4442//4442
f 4315//4315 4443//4443 4313//4313
f 4316//4316 4314//4314 4444//4444
f 4445//4445 4443//4443 4315//4315
f 4446//4446 4316//4316 4444//4444
f 4317//4317 4445//4445 4315//4315
f 4318//4318 4316//4316 4446//4446
f 4447//4447 4445//4445 4317//4317
f 4448//4448 4318//4318 4446//4446
f 4319//4319 4447//4447 4317//4317
f 4320//4320 4318//4318 4448//4448
f 4449//4449 4447//4447 4319//4319
f 4450//4450 4320//4320 4448//4448
f 4451//4451 4449//4449 4319//4319
f 4452//4452 4320//4320 4450//4450
f 4321//4321 4451//4451 4319//4319
f 4322//4322 4320//4320 4452//4452
f 5025//5025 4451//4451 4321//4321
f 5025//5025 4322//4322 4452//4452
f 4323//4323 5025//5025 4321//4321
f 4324//4324 4322//4322 5025//5025
f 4325//4325 5025//5025 4323//4323
f 4326//4326 4324//4324 5025//5025
f 5023//5023 5025//5025 4325//4325
f 5023//5023 4326//4326 5025//5025
f 4327//4327 5026//5026 5024//5024
f 4328//4328 5024//5024 5026//5026
f 4329//4329 5026//5026 4327//4327
f 4330//4330 4328//4328 5026//5026
f 4331//4331 5026//5026 4329//4329
f 4332//4332 4330//4330 5026//5026
f 4453//4453 5026//5026 4331//4331
f 4454//4454 4332//4332 5026//5026
f 4333//4333 4453//4453 4331//4331
f 4334//4334 4332//4332 4454//4454
f 4455//4455 4453//4453 4333//4333
f 4456//4456 4334//4334 4454//4454
f 4335//4335 4455//4455 4333//4333
f 4336//4336 4334//4334 4456//4456
f 4457//4457 4455//4455 4335//4335
f 4458//4458 4336//4336 4456//4456
f 4337//4337 4457//4457 4335//4335
f 4338//4338 4336//4336 4458//4458
f 4459//4459 4457//4457 4337//4337
f 4460//4460 4338//4338 4458//4458
f 4339//4339 4459//4459 4337//4337
f 4340//4340 4338//4338 4460//4460
f 4461//4461 4459//4459 4339//4339
f 4462//4462 4340//4340 4460//4460
f 4341//4341 4461//4461 4339//4339
f 4342//4342 4340//4340 4462//4462
f 4463//4463 4461//4461 4341//4341
f 4464//4464 4342//4342 4462//4462
f 4343//4343 4463//4463 4341//4341
f 4344//4344 4342//4342 4464//4464
f 4465//4465 4463//4463 4343//4343
f 4466//4466 4344//4344 4464//4464
f 4345//4345 4465//4465 4343//4343
f 4346//4346 4344//4344 4466//4466
f 4467//4467 4465//4465 4345//4345
f 4468//4468 4346//4346 4466//4466
f 4347//4347 4467//4467 4345//4345
f 4348//4348 4346//4346 4468//4468
f 4469//4469 4467//4467 4347//4347
f 4470//4470 4348//4348 4468//4468
f 4349//4349 4469//4469 4347//4347
f 4350//4350 4348//4348 4470//4470
f 4471//4471 4469//4469 4349//4349
f 4472//4472 4350//4350 4470//4470
f 4351//4351 4471//4471 4349//4349
f 4352//4352 4350//4350 4472//4472
f 4473//4473 4471//4471 4351//4351
f 4474//4474 4352//4352 4472//4472
f 4353//4353 4473//4473 4351//4351
f 4354//4354 4352//4352 4474//4474
f 4475//4475 4473//4473 4353//4353
f 4476//4476 4354//4354 4474//4474
f 4355//4355 4475//4475 4353//4353
f 4356//4356 4354//4354 4476//4476
f 4477//4477 4475//4475 4355//4355
f 4478//4478 4356//4356 4476//4476
f 4357//4357 4477//4477 4355//4355
f 4358//4358 4356//4356 4478//4478
f 4479//4479 4477//4477 4357//4357
f 4480//4480 4358//4358 4478//4478
f 4359//4359 4479//4479 4357//4357
f 4360//4360 4358//4358 4480//4480
f 4481//4481 4479//4479 4359//4359
f 4482//4482 4360//4360 4480//4480
f 4361//4361 4481//4481 4359//4359
f 4362//4362 4360//4360 4482//4482
f 4483//4483 4481//4481 4361//4361
f 4484//4484 4362//4362 4482//4482
f 4363//4363 4483//4483 4361//4361
f 4364//4364 4362//4362 4484//4484
f 4485//4485 4483//4483 4363//4363
f 4486//4486 4364//4364 4484//4484
f 4365//4365 4485//4485 4363//4363
f 4366//4366 4364//4364 4486//4486
f 4487//4487 4485//4485 4365//4365
f 4488//4488 4366//4366 4486//4486
f 4367//4367 4487//4487 4365//4365
f 4368//4368 4366//4366 4488//4488
f 4489//4489 4487//4487 4367//4367
f 4490//4490 4368//4368 4488//4488
f 4369//4369 4489//4489 4367//4367
f 4370//4370 4368//4368 4490//4490
f 4491//4491 4489//4489 4369//4369
f 4492//4492 4370//4370 4490//4490
f 4371//4371 4491//4491 4369//4369
f 4372//4372 4370//4370 4492//4492
f 4493//4493 4491//4491 4371//4371
f 4494//4494 4372//4372 4492//4492
f 4373//4373 4493//4493 4371//4371
f 4374//4374 4372//4372 4494//4494
f 4495//4495 4493//4493 4373//4373
f 4496//4496 4374//4374 4494//4494
f 4375//4375 4495//4495 4373//4373
f 4376//4376 4374//4374 4496//4496
f 4497//4497 4495//4495 4375//4375
f 4498//4498 4376//4376 4496//4496
f 4377//4377 4497//4497 4375//4375
f 4378//4378 4376//4376 4498//4498
f 4499//4499 4497//4497 4377//4377
f 4500//4500 4378//4378 4498//4498
f 4379//4379 4499//4499 4377//4377
f 4380//4380 4378//4378 4500//4500
f 4501//4501 4499//4499 4379//4379
f 4502//4502 4380//4380 4500//4500
f 4381//4381 4501//4501 4379//4379
f 4382//4382 4380//4380 4502//4502
f 4503//4503 4501//4501 4381//4381
f 4504//4504 4382//4382 4502//4502
f 4383//4383 4503//4503 4381//4381
f 4384//4384 4382//4382 4504//4504
f 4505//4505 4503//4503 4383//4383
f 4506//4506 4384//4384 4504//4504
f 4385//4385 4505//4505 4383//4383
f 4386//4386 4384//4384 4506//4506
f 4507//4507 4505//4505 4385//4385
f 4508//4508 4386//4386 4506//4506
f 4387//4387 4507//4507 4385//4385
f 4388//4388 4386//4386 4508//4508
f 4509//4509 4507//4507 4387//4387
f 4510//4510 4388//4388 4508//4508
f 4389//4389 4509//4509 4387//4387
f 4390//4390 4388//4388 4510//4510
f 4511//4511 4509//4509 4389//4389
f 4512//4512 4390//4390 4510//4510
f 4391//4391 4511//4511 4389//4389
f 4392//4392 4390//4390 4512//4512
f 4513//4513 4511//4511 4391//4391
f 4514//4514 4392//4392 4512//4512
f 4393//4393 4513//4513 4391//4391
f 4394//4394 4392//4392 4514//4514
f 4515//4515 4513//4513 4393//4393
f 4516//4516 4394//4394 4514//4514
f 4395//4395 4515//4515 4393//4393
f 4396//4396 4394//4394 4516//4516
f 4517//4517 4515//4515 4395//4395
f 4518//4518 4396//4396 4516//4516
f 4397//4397 4517//4517 4395//4395
f 4398//4398 4396//4396 4518//4518
f 4519//4519 4517//4517 4397//4397
f 4520//4520 4398//4398 4518//4518
f 4399//4399 4519//4519 4397//4397
f 4400//4400 4398//4398 4520//4520
f 4521//4521 4519//4519 4399//4399
f 4522//4522 4400//4400 4520//4520
f 4401//4401 4521//4521 4399//4399
f 4402//4402 4400//4400 4522//4522
f 4523//4523 4521//4521 4401//4401
f 4524//4524 4402//4402 4522//4522
f 4403//4403 4523//4523 4401//4401
f 4404//4404 4402//4402 4524//4524
f 4525//4525 4523//4523 4403//4403
f 4526//4526 4404//4404 4524//4524
f 4405//4405 4525//4525 4403//4403
f 4406//4406 4404//4404 4526//4526
f 4527//4527 4525//4525 4405//4405
f 4528//4528 4406//4406 4526//4526
f 4407//4407 4527//4527 4405//4405
f 4408//4408 4406//4406 4528//4528
f 4529//4529 4527//4527 4407//4407
f 4530//4530 4408//4408 4528//4528
f 4409//4409 4529//4529 4407//4407
f 4410//4410 4408//4408 4530//4530
f 4531//4531 4529//4529 4409//4409
f 4532//4532 4410//4410 4530//4530
f 4411//4411 4531//4531 4409//4409
f 4412//4412 4410//4410 4532//4532
f 4533//4533 4531//4531 4411//4411
f 4534//4534 4412//4412 4532//4532
f 4413//4413 4533//4533 4411//4411
f 4414//4414 4412//4412 4534//4534
f 4535//4535 4533//4533 4413//4413
f 4536//4536 4414//4414 4534//4534
f 4415//4415 4535//4535 4413//4413
f 4416//4416 4414//4414 4536//4536
f 4537//4537 4535//4535 4415//4415
f 4538//4538 4416//4416 4536//4536
f 4417//4417 4537//4537 4415//4415
f 4418//4418 4416//4416 4538//4538
f 4539//4539 4537//4537 4417//4417
f 4540//4540 4418//4418 4538//4538
f 4419//4419 4539//4539 4417//4417
f 4420//4420 4418//4418 4540//4540
f 4541//4541 4539//4539 4419//4419
f 4542//4542 4420//4420 4540//4540
f 4421//4421 4541//4541 4419//4419
f 4422//4422 4420//4420 4542//4542
f 4543//4543 4541//4541 4421//4421
f 4544//4544 4422//4422 4542//4542
f 4423//4423 4543//4543 4421//4421
f 4424//4424 4422//4422 4544//4544
f 4545//4545 4543//4543 4423//4423
f 4546//4546 4424//4424 4544//4544
f 4425//4425 4545//4545 4423//4423
f 4426//4426 4424//4424 4546//4546
f 4547//4547 4545//4545 4425//4425
f 4548//4548 4426//4426 4546//4546
f 4427//4427 4547//4547 4425//4425
f 4428//4428 4426//4426 4548//4548
f 4549//4549 4547//4547 4427//4427
f 4550//4550 4428//4428 4548//4548
f 4429//4429 4549//4549 4427//4427
f 4430//4430 4428//4428 4550//4550
f 4551//4551 4549//4549 4429//4429
f 4552//4552 4430//4430 4550//4550
f 4431//4431 4551//4551 4429//4429
f 4432//4432 4430//4430 4552//4552
f 4553//4553 4551//4551 4431//4431
f 4554//4554 4432//4432 4552//4552
f 4433//4433 4553//4553 4431//4431
f 4434//4434 4432//4432 4554//4554
f 4555//4555 4553//4553 4433//4433
f 4556//4556 4434//4434 4554//4554
f 4435//4435 4555//4555 4433//4433
f 4436//4436 4434//4434 4556//4556
f 4557//4557 4555//4555 4435//4435
f 4558//4558 4436//4436 4556//4556
f 4437//4437 4557//4557 4435//4435
f 4438//4438 4436//4436 4558//4558
f 4559//4559 4557//4557 4437//4437
f 4560//4560 4438//4438 4558//4558
f 4439//4439 4559//4559 4437//4437
f 4440//4440 4438//4438 4560//4560
f 4561//4561 4559//4559 4439//4439
f 4562//4562 4440//4440 4560//4560
f 4441//4441 4561//4561 4439//4439
f 4442//4442 4440//4440 4562//4562
f 4563//4563 4561//4561 4441//4441
f 4564//4564 4442//4442 4562//4562
f 4443//4443 4563//4563 4441//4441
f 4444//4444 4442//4442 4564//4564
f 4565//4565 4563//4563 4443//4443
f 4566//4566 4444//4444 4564//4564
f 4567//4567 4565//4565 4443//4443
f 4568//4568 4444//4444 4566//4566
f 4445//4445 4567//4567 4443//4443
f 4446//4446 4444//4444 4568//4568
f 5027//5027 4567//4567 4445//4445
f 5027//5027 4446//4446 4568//4568
f 4447//4447 5027//5027 4445//4445
f 4448//4448 4446//4446 5027//5027
f 4449//4449 5027//5027 4447//4447
f 4450//4450 4448//4448 5027//5027
f 4451//4451 5027//5027 4449//4449
f 4452//4452 4450//4450 5027//5027
f 5025//5025 5027//5027 4451//4451
f 5025//5025 4452//4452 5027//5027
f 4453//4453 5028//5028 5026//5026
f 4454//4454 5026//5026 5028//5028
f 4455//4455 5028//5028 4453//4453
f 4456//4456 4454//4454 5028//5028
f 4457//4457 5028//5028 4455//4455
f 4458//4458 4456//4456 5028//5028
f 4569//4569 5028//5028 4457//4457
f 4570//4570 4458//4458 5028//5028
f 4459//4459 4569//4569 4457//4457
f 4460//4460 4458//4458 4570//4570
f 4571//4571 4569//4569 4459//4459
f 4572//4572 4460//4460 4570//4570
f 4461//4461 4571//4571 4459//4459
f 4462//4462 4460//4460 4572//4572
f 4573//4573 4571//4571 4461//4461
f 4574//4574 4462//4462 4572//4572
f 4463//4463 4573//4573 4461//4461
f 4464//4464 4462//4462 4574//4574
f 4575//4575 4573//4573 4463//4463
f 4576//4576 4464//4464 4574//4574
f 4465//4465 4575//4575 4463//4463
f 4466//4466 4464//4464 4576//4576
f 4577//4577 4575//4575 4465//4465
f 4578//4578 4466//4466 4576//4576
f 4579//4579 4577//4577 4465//4465
f 4580//4580 4466//4466 4578//4578
f 4467//4467 4579//4579 4465//4465
f 4468//4468 4466//4466 4580//4580
f 4581//4581 4579//4579 4467//4467
f 4582//4582 4468//4468 4580//4580
f 4469//4469 4581//4581 4467//4467
f 4470//4470 4468//4468 4582//4582
f 4583//4583 4581//4581 4469//4469
f 4584//4584 4470//4470 4582//4582
f 4471//4471 4583//4583 4469//4469
f 4472//4472 4470//4470 4584//4584
f 4585//4585 4583//4583 4471//4471
f 4586//4586 4472//4472 4584//4584
f 4473//4473 4585//4585 4471//4471
f 4474//4474 4472//4472 4586//4586
f 4587//4587 4585//4585 4473//4473
f 4588//4588 4474//4474 4586//4586
f 4475//4475 4587//4587 4473//4473
f 4476//4476 4474//4474 4588//4588
f 4589//4589 4587//4587 4475//4475
f 4590//4590 4476//4476 4588//4588
f 4477//4477 4589//4589 4475//4475
f 4478//4478 4476//4476 4590//4590
f 4591//4591 4589//4589 4477//4477
f 4592//4592 4478//4478 4590//4590
f 4479//4479 4591//4591 4477//4477
f 4480//4480 4478//4478 4592//4592
f 4593//4593 4591//4591 4479//4479
f 4594//4594 4480//4480 4592//4592
f 4481//4481 4593//4593 4479//4479
f 4482//4482 4480//4480 4594//4594
f 4595//4595 4593//4593 4481//4481
f 4596//4596 4482//4482 4594//4594
f 4483//4483 4595//4595 4481//4481
f 4484//4484 4482//4482 4596//4596
f 4597//4597 4595//4595 4483//4483
f 4598//4598 4484//4484 4596//4596
f 4485//4485 4597//4597 4483//4483
f 4486//4486 4484//4484 4598//4598
f 4599//4599 4597//4597 4485//4485
f 4600//4600 4486//4486 4598//4598
f 4487//4487 4599//4599 4485//4485
f 4488//4488 4486//4486 4600//4600
f 4601//4601 4599//4599 4487//4487
f 4602//4602 4488//4488 4600//4600
f 4489//4489 4601//4601 4487//4487
f 4490//4490 4488//4488 4602//4602
f 4603//4603 4601//4601 4489//4489
f 4604//4604 4490//4490 4602//4602
f 4491//4491 4603//4603 4489//4489
f 4492//4492 4490//4490 4604//4604
f 4605//4605 4603//4603 4491//4491
f 4606//4606 4492//4492 4604//4604
f 4493//4493 4605//4605 4491//4491
f 4494//4494 4492//4492 4606//4606
f 4607//4607 4605//4605 4493//4493
f 4608//4608 4494//4494 4606//4606
f 4495//4495 4607//4607 4493//4493
f 4496//4496 4494//4494 4608//4608
f 4609//4609 4607//4607 4495//4495
f 4610//4610 4496//4496 4608//4608
f 4497//4497 4609//4609 4495//4495
f 4498//4498 4496//4496 4610//4610
f 4611//4611 4609//4609 4497//4497
f 4612//4612 4498//4498 4610//4610
f 4499//4499 4611//4611 4497//4497
f 4500//4500 4498//4498 4612//4612
f 4613//4613 4611//4611 4499//4499
f 4614//4614 4500//4500 4612//4612
f 4501//4501 4613//4613 4499//4499
f 4502//4502 4500//4500 4614//4614
f 4615//4615 4613//4613 4501//4501
f 4616//4616 4502//4502 4614//4614
f 4503//4503 4615//4615 4501//4501
f 4504//4504 4502//4502 4616//4616
f 4617//4617 4615//4615 4503//4503
f 4618//4618 4504//4504 4616//4616
f 4505//4505 4617//4617 4503//4503
f 4506//4506 4504//4504 4618//4618
f 4507//4507 4617//4617 4505//4505
f 4508//4508 4506//4506 4618//4618
f 4619//4619 4617//4617 4507//4507
f 4620//4620 4508//4508 4618//4618
f 4509//4509 4619//4619 4507//4507
f 4510//4510 4508//4508 4620//4620
f 4621//4621 4619//4619 4509//4509
f 4622//4622 4510//4510 4620//4620
f 4511//4511 4621//4621 4509//4509
f 4512//4512 4510//4510 4622//4622
f 4623//4623 4621//4621 4511//4511
f 4624//4624 4512//4512 4622//4622
f 4513//4513 4623//4623 4511//4511
f 4514//4514 4512//4512 4624//4624
f 4625//4625 4623//4623 4513//4513
f 4626//4626 4514//4514 4624//4624
f 4515//4515 4625//4625 4513//4513
f 4516//4516 4514//4514 4626//4626
f 4627//4627 4625//4625 4515//4515
f 4628//4628 4516//4516 4626//4626
f 4517//4517 4627//4627 4515//4515
f 4518//4518 4516//4516 4628//4628
f 4629//4629 4627//4627 4517//4517
f 4630//4630 4518//4518 4628//4628
f 4519//4519 4629//4629 4517//4517
f 4520//4520 4518//4518 4630//4630
f 4631//4631 4629//4629 4519//4519
f 4632//4632 4520//4520 4630//4630
f 4521//4521 4631//4631 4519//4519
f 4522//4522 4520//4520 4632//4632
f 4633//4633 4631//4631 4521//4521
f 4634//4634 4522//4522 4632//4632
f 4523//4523 4633//4633 4521//4521
f 4524//4524 4522//4522 4634//4634
f 4635//4635 4633//4633 4523//4523
f 4636//4636 4524//4524 4634//4634
f 4525//4525 4635//4635 4523//4523
f 4526//4526 4524//4524 4636//4636
f 4637//4637 4635//4635 4525//4525
f 4638//4638 4526//4526 4636//4636
f 4527//4527 4637//4637 4525//4525
f 4528//4528 4526//4526 4638//4638
f 4639//4639 4637//4637 4527//4527
f 4640//4640 4528//4528 4638//4638
f 4529//4529 4639//4639 4527//4527
f 4530//4530 4528//4528 4640//4640
f 4641//4641 4639//4639 4529//4529
f 4642//4642 4530//4530 4640//4640
f 4531//4531 4641//4641 4529//4529
f 4532//4532 4530//4530 4642//4642
f 4643//4643 4641//4641 4531//4531
f 4644//4644 4532//4532 4642//4642
f 4533//4533 4643//4643 4531//4531
f 4534//4534 4532//4532 4644//4644
f 4645//4645 4643//4643 4533//4533
f 4646//4646 4534//4534 4644//4644
f 4535//4535 4645//4645 4533//4533
f 4536//4536 4534//4534 4646//4646
f 4647//4647 4645//4645 4535//4535
f 4648//4648 4536//4536 4646//4646
f 4537//4537 4647//4647 4535//4535
f 4538//4538 4536//4536 4648//4648
f 4649//4649 4647//4647 4537//4537
f 4650//4650 4538//4538 4648//4648
f 4539//4539 4649//4649 4537//4537
f 4540//4540 4538//4538 4650//4650
f 4651//4651 4649//4649 4539//4539
f 4652//4652 4540//4540 4650//4650
f 4541//4541 4651//4651 4539//4539
f 4542//4542 4540//4540 4652//4652
f 4653//4653 4651//4651 4541//4541
f 4654//4654 4542//4542 4652//4652
f 4543//4543 4653//4653 4541//4541
f 4544//4544 4542//4542 4654//4654
f 4655//4655 4653//4653 4543//4543
f 4656//4656 4544//4544 4654//4654
f 4545//4545 4655//4655 4543//4543
f 4546//4546 4544//4544 4656//4656
f 4657//4657 4655//4655 4545//4545
f 4658//4658 4546//4546 4656//4656
f 4547//4547 4657//4657 4545//4545
f 4548//4548 4546//4546 4658//4658
f 4659//4659 4657//4657 4547//4547
f 4660//4660 4548//4548 4658//4658
f 4549//4549 4659//4659 4547//4547
f 4550//4550 4548//4548 4660//4660
f 4661//4661 4659//4659 4549//4549
f 4662//4662 4550//4550 4660//4660
f 4551//4551 4661//4661 4549//4549
f 4552//4552 4550//4550 4662//4662
f 4663//4663 4661//4661 4551//4551
f 4664//4664 4552//4552 4662//4662
f 4553//4553 4663//4663 4551//4551
f 4554//4554 4552//4552 4664//4664
f 4665//4665 4663//4663 4553//4553
f 4666//4666 4554//4554 4664//4664
f 4555//4555 4665//4665 4553//4553
f 4556//4556 4554//4554 4666//4666
f 4667//4667 4665//4665 4555//4555
f 4668//4668 4556//4556 4666//4666
f 4557//4557 4667//4667 4555//4555
f 4558//4558 4556//4556 4668//4668
f 4669//4669 4667//4667 4557//4557
f 4670//4670 4558//4558 4668//4668
f 4559//4559 4669//4669 4557//4557
f 4560//4560 4558//4558 4670//4670
f 4671//4671 4669//4669 4559//4559
f 4672//4672 4560//4560 4670//4670
f 5029//5029 4671//4671 4559//4559
f 5029//5029 4560//4560 4672//4672
f 4561//4561 5029//5029 4559//4559
f 4562//4562 4560//4560 5029//5029
f 4563//4563 5029//5029 4561//4561
f 4564//4564 4562//4562 5029//5029
f 4565//4565 5029//5029 4563//4563
f 4566//4566 4564//4564 5029//5029
f 4567//4567 5029//5029 4565//4565
f 4568//4568 4566//4566 5029//5029
f 5027//5027 5029//5029 4567//4567
f 5027//5027 4568//4568 5029//5029
f 4569//4569 5030//5030 5028//5028
f 4570//4570 5028//5028 5030//5030
f 4571//4571 5030//5030 4569//4569
f 4572//4572 4570//4570 5030//5030
f 4573//4573 5030//5030 4571//4571
f 4574//4574 4572//4572 5030//5030
f 4575//4575 5030//5030 4573//4573
f 4576//4576 4574//4574 5030//5030
f 4673//4673 5030//5030 4575//4575
f 4674//4674 4576//4576 5030//5030
f 4577//4577 4673//4673 4575//4575
f 4578//4578 4576//4576 4674//4674
f 4675//4675 4673//4673 4577//4577
f 4676//4676 4578//4578 4674//4674
f 4579//4579 4675//4675 4577//4577
f 4580//4580 4578//4578 4676//4676
f 4677//4677 4675//4675 4579//4579
f 4678//4678 4580//4580 4676//4676
f 4679//4679 4677//4677 4579//4579
f 4680//4680 4580//4580 4678//4678
f 4581//4581 4679//4679 4579//4579
f 4582//4582 4580//4580 4680//4680
f 4681//4681 4679//4679 4581//4581
f 4682//4682 4582//4582 4680//4680
f 4583//4583 4681//4681 4581//4581
f 4584//4584 4582//4582 4682//4682
f 4683//4683 4681//4681 4583//4583
f 4684//4684 4584//4584 4682//4682
f 4585//4585 4683//4683 4583//4583
f 4586//4586 4584//4584 4684//4684
f 4685//4685 4683//4683 4585//4585
f 4686//4686 4586//4586 4684//4684
f 4587//4587 4685//4685 4585//4585
f 4588//4588 4586//4586 4686//4686
f 4687//4687 4685//4685 4587//4587
f 4688//4688 4588//4588 4686//4686
f 4689//4689 4687//4687 4587//4587
f 4690//4690 4588//4588 4688//4688
f 4589//4589 4689//4689 4587//4587
f 4590//4590 4588//4588 4690//4690
f 4691//4691 4689//4689 4589//4589
f 4692//4692 4590//4590 4690//4690
f 4591//4591 4691//4691 4589//4589
f 4592//4592 4590//4590 4692//4692
f 4693//4693 4691//4691 4591//4591
f 4694//4694 4592//4592 4692//4692
f 4593//4593 4693//4693 4591//4591
f 4594//4594 4592//4592 4694//4694
f 4695//4695 4693//4693 4593//4593
f 4696//4696 4594//4594 4694//4694
f 4595//4595 4695//4695 4593//4593
f 4596//4596 4594//4594 4696//4696
f 4697//4697 4695//4695 4595//4595
f 4698//4698 4596//4596 4696//4696
f 4597//4597 4697//4697 4595//4595
f 4598//4598 4596//4596 4698//4698
f 4699//4699 4697//4697 4597//4597
f 4700//4700 4598//4598 4698//4698
f 4599//4599 4699//4699 4597//4597
f 4600//4600 4598//4598 4700//4700
f 4701//4701 4699//4699 4599//4599
f 4702//4702 4600//4600 4700//4700
f 4601//4601 4701//4701 4599//4599
f 4602//4602 4600//4600 4702//4702
f 4703//4703 4701//4701 4601//4601
f 4704//4704 4602//4602 4702//4702
f 4603//4603 4703//4703 4601//4601
f 4604//4604 4602//4602 4704//4704
f 4705//4705 4703//4703 4603//4603
f 4706//4706 4604//4604 4704//4704
f 4605//4605 4705//4705 4603//4603
f 4606//4606 4604//4604 4706//4706
f 4707//4707 4705//4705 4605//4605
f 4708//4708 4606//4606 4706//4706
f 4607//4607 4707//4707 4605//4605
f 4608//4608 4606//4606 4708//4708
f 4709//4709 4707//4707 4607//4607
f 4710//4710 4608//4608 4708//4708
f 4609//4609 4709//4709 4607//4607
f 4610//4610 4608//4608 4710//4710
f 4611//4611 4709//4709 4609//4609
f 4612//4612 4610//4610 4710//4710
f 4711//4711 4709//4709 4611//4611
f 4712//4712 4612//4612 4710//4710
f 4613//4613 4711//4711 4611//4611
f 4614//4614 4612//4612 4712//4712
f 4713//4713 4711//4711 4613//4613
f 4714//4714 4614//4614 4712//4712
f 4615//4615 4713//4713 4613//4613
f 4616//4616 4614//4614 4714//4714
f 4715//4715 4713//4713 4615//4615
f 4716//4716 4616//4616 4714//4714
f 4617//4617 4715//4715 4615//4615
f 4618//4618 4616//4616 4716//4716
f 4717//4717 4715//4715 4617//4617
f 4718//4718 4618//4618 4716//4716
f 4619//4619 4717//4717 4617//4617
f 4620//4620 4618//4618 4718//4718
f 4719//4719 4717//4717 4619//4619
f 4720//4720 4620//4620 4718//4718
f 4621//4621 4719//4719 4619//4619
f 4622//4622 4620//4620 4720//4720
f 4721//4721 4719//4719 4621//4621
f 4722//4722 4622//4622 4720//4720
f 4623//4623 4721//4721 4621//4621
f 4624//4624 4622//4622 4722//4722
f 4723//4723 4721//4721 4623//4623
f 4724//4724 4624//4624 4722//4722
f 4625//4625 4723//4723 4623//4623
f 4626//4626 4624//4624 4724//4724
f 4725//4725 4723//4723 4625//4625
f 4726//4726 4626//4626 4724//4724
f 4627//4627 4725//4725 4625//4625
f 4628//4628 4626//4626 4726//4726
f 4727//4727 4725//4725 4627//4627
f 4728//4728 4628//4628 4726//4726
f 4629//4629 4727//4727 4627//4627
f 4630//4630 4628//4628 4728//4728
f 4729//4729 4727//4727 4629//4629
f 4730//4730 4630//4630 4728//4728
f 4631//4631 4729//4729 4629//4629
f 4632//4632 4630//4630 4730//4730
f 4731//4731 4729//4729 4631//4631
f 4732//4732 4632//4632 4730//4730
f 4633//4633 4731//4731 4631//4631
f 4634//4634 4632//4632 4732//4732
f 4733//4733 4731//4731 4633//4633
f 4734//4734 4634//4634 4732//4732
f 4635//4635 4733//4733 4633//4633
f 4636//4636 4634//4634 4734//4734
f 4735//4735 4733//4733 4635//4635
f 4736//4736 4636//4636 4734//4734
f 4637//4637 4735//4735 4635//4635
f 4638//4638 4636//4636 4736//4736
f 4737//4737 4735//4735 4637//4637
f 4738//4738 4638//4638 4736//4736
f 4639//4639 4737//4737 4637//4637
f 4640//4640 4638//4638 4738//4738
f 4739//4739 4737//4737 4639//4639
f 4740//4740 4640//4640 4738//4738
f 4641//4641 4739//4739 4639//4639
f 4642//4642 4640//4640 4740//4740
f 4741//4741 4739//4739 4641//4641
f 4742//4742 4642//4642 4740//4740
f 4643//4643 4741//4741 4641//4641
f 4644//4644 4642//4642 4742//4742
f 4743//4743 4741//4741 4643//4643
f 4744//4744 4644//4644 4742//4742
f 4645//4645 4743//4743 4643//4643
f 4646//4646 4644//4644 4744//4744
f 4745//4745 4743//4743 4645//4645
f 4746//4746 4646//4646 4744//4744
f 4647//4647 4745//4745 4645//4645
f 4648//4648 4646//4646 4746//4746
f 4747//4747 4745//4745 4647//4647
f 4748//4748 4648//4648 4746//4746
f 4649//4649 4747//4747 4647//4647
f 4650//4650 4648//4648 4748//4748
f 4749//4749 4747//4747 4649//4649
f 4750//4750 4650//4650 4748//4748
f 4651//4651 4749//4749 4649//4649
f 4652//4652 4650//4650 4750//4750
f 4751//4751 4749//4749 4651//4651
f 4752//4752 4652//4652 4750//4750
f 4653//4653 4751//4751 4651//4651
f 4654//4654 4652//4652 4752//4752
f 4753//4753 4751//4751 4653//4653
f 4754//4754 4654//4654 4752//4752
f 4655//4655 4753//4753 4653//4653
f 4656//4656 4654//4654 4754//4754
f 4755//4755 4753//4753 4655//4655
f 4756//4756 4656//4656 4754//4754
f 4657//4657 4755//4755 4655//4655
f 4658//4658 4656//4656 4756//4756
f 4757//4757 4755//4755 4657//4657
f 4758//4758 4658//4658 4756//4756
f 4659//4659 4757//4757 4657//4657
f 4660//4660 4658//4658 4758//4758
f 4759//4759 4757//4757 4659//4659
f 4760//4760 4660//4660 4758//4758
f 4661//4661 4759//4759 4659//4659
f 4662//4662 4660//4660 4760//4760
f 4761//4761 4759//4759 4661//4661
f 4762//4762 4662//4662 4760//4760
f 4763//4763 4761//4761 4661//4661
f 4764//4764 4662//4662 4762//4762
f 4663//4663 4763//4763 4661//4661
f 4664//4664 4662//4662 4764//4764
f 4765//4765 4763//4763 4663//4663
f 4766//4766 4664//4664 4764//4764
f 4665//4665 4765//4765 4663//4663
f 4666//4666 4664//4664 4766//4766
f 5031//5031 4765//4765 4665//4665
f 5031//5031 4666//4666 4766//4766
f 4667//4667 5031//5031 4665//4665
f 4668//4668 4666//4666 5031//5031
f 4669//4669 5031//5031 4667//4667
f 4670//4670 4668//4668 5031//5031
f 4671//4671 5031//5031 4669//4669
f 4672//4672 4670//4670 5031//5031
f 5029//5029 5031//5031 4671//4671
f 5029//5029 4672//4672 5031//5031
f 4673//4673 5032//5032 5030//5030
f 4674//4674 5030//5030 5032//5032
f 4675//4675 5032//5032 4673//4673
f 4676//4676 4674//4674 5032//5032
f 4677//4677 5032//5032 4675//4675
f 4678//4678 4676//4676 5032//5032
f 4679//4679 5032//5032 4677//4677
f 4680//4680 4678//4678 5032//5032
f 4681//4681 5032//5032 4679//4679
f 4682//4682 4680//4680 5032//5032
f 4683//4683 5032//5032 4681//4681
f 4684//4684 4682//4682 5032//5032
f 4685//4685 5032//5032 4683//4683
f 4686//4686 4684//4684 5032//5032
f 4767//4767 5032//5032 4685//4685
f 4768//4768 4686//4686 5032//5032
f 4769//4769 4767//4767 4685//4685
f 4770//4770 4686//4686 4768//4768
f 4687//4687 4769//4769 4685//4685
f 4688//4688 4686//4686 4770//4770
f 4771//4771 4769//4769 4687//4687
f 4772//4772 4688//4688 4770//4770
f 4689//4689 4771//4771 4687//4687
f 4690//4690 4688//4688 4772//4772
f 4773//4773 4771//4771 4689//4689
f 4774//4774 4690//4690 4772//4772
f 4691//4691 4773//4773 4689//4689
f 4692//4692 4690//4690 4774//4774
f 4775//4775 4773//4773 4691//4691
f 4776//4776 4692//4692 4774//4774
f 4693//4693 4775//4775 4691//4691
f 4694//4694 4692//4692 4776//4776
f 4777//4777 4775//4775 4693//4693
f 4778//4778 4694//4694 4776//4776
f 4695//4695 4777//4777 4693//4693
f 4696//4696 4694//4694 4778//4778
f 4779//4779 4777//4777 4695//4695
f 4780//4780 4696//4696 4778//4778
f 4697//4697 4779//4779 4695//4695
f 4698//4698 4696//4696 4780//4780
f 4781//4781 4779//4779 4697//4697
f 4782//4782 4698//4698 4780//4780
f 4699//4699 4781//4781 4697//4697
f 4700//4700 4698//4698 4782//4782
f 4783//4783 4781//4781 4699//4699
f 4784//4784 4700//4700 4782//4782
f 4701//4701 4783//4783 4699//4699
f 4702//4702 4700//4700 4784//4784
f 4785//4785 4783//4783 4701//4701
f 4786//4786 4702//4702 4784//4784
f 4703//4703 4785//4785 4701//4701
f 4704//4704 4702//4702 4786//4786
f 4787//4787 4785//4785 4703//4703
f 4788//4788 4704//4704 4786//4786
f 4705//4705 4787//4787 4703//4703
f 4706//4706 4704//4704 4788//4788
f 4789//4789 4787//4787 4705//4705
f 4790//4790 4706//4706 4788//4788
f 4707//4707 4789//4789 4705//4705
f 4708//4708 4706//4706 4790//4790
f 4791//4791 4789//4789 4707//4707
f 4792//4792 4708//4708 4790//4790
f 4709//4709 4791//4791 4707//4707
f 4710//4710 4708//4708 4792//4792
f 4793//4793 4791//4791 4709//4709
f 4794//4794 4710//4710 4792//4792
f 4711//4711 4793//4793 4709//4709
f 4712//4712 4710//4710 4794//4794
f 4795//4795 4793//4793 4711//4711
f 4796//4796 4712//4712 4794//4794
f 4713//4713 4795//4795 4711//4711
f 4714//4714 4712//4712 4796//4796
f 4797//4797 4795//4795 4713//4713
f 4798//4798 4714//4714 4796//4796
f 4715//4715 4797//4797 4713//4713
f 4716//4716 4714//4714 4798//4798
f 4799//4799 4797//4797 4715//4715
f 4800//4800 4716//4716 4798//4798
f 4717//4717 4799//4799 4715//4715
f 4718//4718 4716//4716 4800//4800
f 4801//4801 4799//4799 4717//4717
f 4802//4802 4718//4718 4800//4800
f 4719//4719 4801//4801 4717//4717
f 4720//4720 4718//4718 4802//4802
f 4803//4803 4801//4801 4719//4719
f 4804//4804 4720//4720 4802//4802
f 4721//4721 4803//4803 4719//4719
f 4722//4722 4720//4720 4804//4804
f 4805//4805 4803//4803 4721//4721
f 4806//4806 4722//4722 4804//4804
f 4723//4723 4805//4805 4721//4721
f 4724//4724 4722//4722 4806//4806
f 4807//4807 4805//4805 4723//4723
f 4808//4808 4724//4724 4806//4806
f 4725//4725 4807//4807 4723//4723
f 4726//4726 4724//4724 4808//4808
f 4809//4809 4807//4807 4725//4725
f 4810//4810 4726//4726 4808//4808
f 4727//4727 4809//4809 4725//4725
f 4728//4728 4726//4726 4810//4810
f 4811//4811 4809//4809 4727//4727
f 4812//4812 4728//4728 4810//4810
f 4729//4729 4811//4811 4727//4727
f 4730//4730 4728//4728 4812//4812
f 4813//4813 4811//4811 4729//4729
f 4814//4814 4730//4730 4812//4812
f 4731//4731 4813//4813 4729//4729
f 4732//4732 4730//4730 4814//4814
f 4815//4815 4813//4813 4731//4731
f 4816//4816 4732//4732 4814//4814
f 4733//4733 4815//4815 4731//4731
f 4734//4734 4732//4732 4816//4816
f 4817//4817 4815//4815 4733//4733
f 4818//4818 4734//4734 4816//4816
f 4735//4735 4817//4817 4733//4733
f 4736//4736 4734//4734 4818//4818
f 4819//4819 4817//4817 4735//4735
f 4820//4820 4736//4736 4818//4818
f 4737//4737 4819//4819 4735//4735
f 4738//4738 4736//4736 4820//4820
f 4821//4821 4819//4819 4737//4737
f 4822//4822 4738//4738 4820//4820
f 4739//4739 4821//4821 4737//4737
f 4740//4740 4738//4738 4822//4822
f 4823//4823 4821//4821 4739//4739
f 4824//4824 4740//4740 4822//4822
f 4741//4741 4823//4823 4739//4739
f 4742//4742 4740//4740 4824//4824
f 4825//4825 4823//4823 4741//4741
f 4826//4826 4742//4742 4824//4824
f 4743//4743 4825//4825 4741//4741
f 4744//4744 4742//4742 4826//4826
f 4827//4827 4825//4825 4743//4743
f 4828//4828 4744//4744 4826//4826
f 4745//4745 4827//4827 4743//4743
f 4746//4746 4744//4744 4828//4828
f 4829//4829 4827//4827 4745//4745
f 4830//4830 4746//4746 4828//4828
f 4747//4747 4829//4829 4745//4745
f 4748//4748 4746//4746 4830//4830
f 4831//4831 4829//4829 4747//4747
f 4832//4832 4748//4748 4830//4830
f 4749//4749 4831//4831 4747//4747
f 4750//4750 4748//4748 4832//4832
f 4833//4833 4831//4831 4749//4749
f 4834//4834 4750//4750 4832//4832
f 4751//4751 4833//4833 4749//4749
f 4752//4752 4750//4750 4834//4834
f 4835//4835 4833//4833 4751//4751
f 4836//4836 4752//4752 4834//4834
f 4753//4753 4835//4835 4751//4751
f 4754//4754 4752//4752 4836//4836
f 4837//4837 4835//4835 4753//4753
f 4838//4838 4754//4754 4836//4836
f 4755//4755 4837//4837 4753//4753
f 4756//4756 4754//4754 4838//4838
f 4839//4839 4837//4837 4755//4755
f 4840//4840 4756//4756 4838//4838
f 5033//5033 4839//4839 4755//4755
f 5033//5033 4756//4756 4840//4840
f 4757//4757 5033//5033 4755//4755
f 4758//4758 4756//4756 5033//5033
f 4759//4759 5033//5033 4757//4757
f 4760//4760 4758//4758 5033//5033
f 4761//4761 5033//5033 4759//4759
f 4762//4762 4760//4760 5033//5033
f 4763//4763 5033//5033 4761//4761
f 4764//4764 4762//4762 5033//5033
f 4765//4765 5033//5033 4763//4763
f 4766//4766 4764//4764 5033//5033
f 5031//5031 5033//5033 4765//4765
f 5031//5031 4766//4766 5033//5033
f 4767//4767 5034//5034 5032//5032
f 4768//4768 5032//5032 5034//5034
f 4769//4769 5034//5034 4767//4767
f 4770//4770 4768//4768 5034//5034
f 4771//4771 5034//5034 4769//4769
f 4772//4772 4770//4770 5034//5034
f 4773//4773 5034//5034 4771//4771
f 4774//4774 4772//4772 5034//5034
f 4775//4775 5034//5034 4773//4773
f 4776//4776 4774//4774 5034//5034
f 4777//4777 5034//5034 4775//4775
f 4778//4778 4776//4776 5034//5034
f 4841//4841 5034//5034 4777//4777
f 4842//4842 4778//4778 5034//5034
f 4779//4779 4841//4841 4777//4777
f 4780//4780 4778//4778 4842//4842
f 4843//4843 4841//4841 4779//4779
f 4844//4844 4780//4780 4842//4842
f 4781//4781 4843//4843 4779//4779
f 4782//4782 4780//4780 4844//4844
f 4845//4845 4843//4843 4781//4781
f 4846//4846 4782//4782 4844//4844
f 4783//4783 4845//4845 4781//4781
f 4784//4784 4782//4782 4846//4846
f 4847//4847 4845//4845 4783//4783
f 4848//4848 4784//4784 4846//4846
f 4785//4785 4847//4847 4783//4783
f 4786//4786 4784//4784 4848//4848
f 4849//4849 4847//4847 4785//4785
f 4850//4850 4786//4786 4848//4848
f 4787//4787 4849//4849 4785//4785
f 4788//4788 4786//4786 4850//4850
f 4851//4851 4849//4849 4787//4787
f 4852//4852 4788//4788 4850//4850
f 4789//4789 4851//4851 4787//4787
f 4790//4790 4788//4788 4852//4852
f 4853//4853 4851//4851 4789//4789
f 4854//4854 4790//4790 4852//4852
f 4791//4791 4853//4853 4789//4789
f 4792//4792 4790//4790 4854//4854
f 4855//4855 4853//4853 4791//4791
f 4856//4856 4792//4792 4854//4854
f 4793//4793 4855//4855 4791//4791
f 4794//4794 4792//4792 4856//4856
f 4857//4857 4855//4855 4793//4793
f 4858//4858 4794//4794 4856//4856
f 4795//4795 4857//4857 4793//4793
f 4796//4796 4794//4794 4858//4858
f 4859//4859 4857//4857 4795//4795
f 4860//4860 4796//4796 4858//4858
f 4797//4797 4859//4859 4795//4795
f 4798//4798 4796//4796 4860//4860
f 4861//4861 4859//4859 4797//4797
f 4862//4862 4798//4798 4860//4860
f 4799//4799 4861//4861 4797//4797
f 4800//4800 4798//4798 4862//4862
f 4863//4863 4861//4861 4799//4799
f 4864//4864 4800//4800 4862//4862
f 4801//4801 4863//4863 4799//4799
f 4802//4802 4800//4800 4864//4864
f 4865//4865 4863//4863 4801//4801
f 4866//4866 4802//4802 4864//4864
f 4803//4803 4865//4865 4801//4801
f 4804//4804 4802//4802 4866//4866
f 4867//4867 4865//4865 4803//4803
f 4868//4868 4804//4804 4866//4866
f 4805//4805 4867//4867 4803//4803
f 4806//4806 4804//4804 4868//4868
f 4869//4869 4867//4867 4805//4805
f 4870//4870 4806//4806 4868//4868
f 4807//4807 4869//4869 4805//4805
f 4808//4808 4806//4806 4870//4870
f 4871//4871 4869//4869 4807//4807
f 4872//4872 4808//4808 4870//4870
f 4809//4809 4871//4871 4807//4807
f 4810//4810 4808//4808 4872//4872
f 4873//4873 4871//4871 4809//4809
f 4874//4874 4810//4810 4872//4872
f 4811//4811 4873//4873 4809//4809
f 4812//4812 4810//4810 4874//4874
f 4875//4875 4873//4873 4811//4811
f 4876//4876 4812//4812 4874//4874
f 4813//4813 4875//4875 4811//4811
f 4814//4814 4812//4812 4876//4876
f 4877//4877 4875//4875 4813//4813
f 4878//4878 4814//4814 4876//4876
f 4815//4815 4877//4877 4813//4813
f 4816//4816 4814//4814 4878//4878
f 4879//4879 4877//4877 4815//4815
f 4880//4880 4816//4816 4878//4878
f 4817//4817 4879//4879 4815//4815
f 4818//4818 4816//4816 4880//4880
f 4881//4881 4879//4879 4817//4817
f 4882//4882 4818//4818 4880//4880
f 4819//4819 4881//4881 4817//4817
f 4820//4820 4818//4818 4882//4882
f 4883//4883 4881//4881 4819//4819
f 4884//4884 4820//4820 4882//4882
f 4821//4821 4883//4883 4819//4819
f 4822//4822 4820//4820 4884//4884
f 4885//4885 4883//4883 4821//4821
f 4886//4886 4822//4822 4884//4884
f 4823//4823 4885//4885 4821//4821
f 4824//4824 4822//4822 4886//4886
f 4887//4887 4885//4885 4823//4823
f 4888//4888 4824//4824 4886//4886
f 4889//4889 4887//4887 4823//4823
f 4890//4890 4824//4824 4888//4888
f 4825//4825 4889//4889 4823//4823
f 4826//4826 4824//4824 4890//4890
f 4891//4891 4889//4889 4825//4825
f 4892//4892 4826//4826 4890//4890
f 4827//4827 4891//4891 4825//4825
f 4828//4828 4826//4826 4892//4892
f 4893//4893 4891//4891 4827//4827
f 4894//4894 4828//4828 4892//4892
f 4829//4829 4893//4893 4827//4827
f 4830//4830 4828//4828 4894//4894
f 5035//5035 4893//4893 4829//4829
f 5035//5035 4830//4830 4894//4894
f 4831//4831 5035//5035 4829//4829
f 4832//4832 4830//4830 5035//5035
f 4833//4833 5035//5035 4831//4831
f 4834//4834 4832//4832 5035//5035
f 4835//4835 5035//5035 4833//4833
f 4836//4836 4834//4834 5035//5035
f 4837//4837 5035//5035 4835//4835
f 4838//4838 4836//4836 5035//5035
f 4839//4839 5035//5035 4837//4837
f 4840//4840 4838//4838 5035//5035
f 5033//5033 5035//5035 4839//4839
f 5033//5033 4840//4840 5035//5035
f 4841//4841 5036//5036 5034//5034
f 4842//4842 5034//5034 5036//5036
f 4843//4843 5036//5036 4841//4841
f 4844//4844 4842//4842 5036//5036
f 4845//4845 5036//5036 4843//4843
f 4846//4846 4844//4844 5036//5036
f 4847//4847 5036//5036 4845//4845
f 4848//4848 4846//4846 5036//5036
f 4849//4849 5036//5036 4847//4847
f 4850//4850 4848//4848 5036//5036
f 4851//4851 5036//5036 4849//4849
f 4852//4852 4850//4850 5036//5036
f 5037//5037 5036//5036 4851//4851
f 5037//5037 4852//4852 5036//5036
f 4853//4853 5037//5037 4851//4851
f 4854//4854 4852//4852 5037//5037
f 5038//5038 5037//5037 4853//4853
f 5038//5038 4854//4854 5037//5037
f 4855//4855 5038//5038 4853//4853
f 4856//4856 4854//4854 5038//5038
f 5039//5039 5038//5038 4855//4855
f 5039//5039 4856//4856 5038//5038
f 4857//4857 5039//5039 4855//4855
f 4858//4858 4856//4856 5039//5039
f 5040//5040 5039//5039 4857//4857
f 5040//5040 4858//4858 5039//5039
f 4859//4859 5040//5040 4857//4857
f 4860//4860 4858//4858 5040//5040
f 5041//5041 5040//5040 4859//4859
f 5041//5041 4860//4860 5040//5040
f 4861//4861 5041//5041 4859//4859
f 4862//4862 4860//4860 5041//5041
f 5042//5042 5041//5041 4861//4861
f 5042//5042 4862//4862 5041//5041
f 4863//4863 5042//5042 4861//4861
f 4864//4864 4862//4862 5042//5042
f 5043//5043 5042//5042 4863//4863
f 5043//5043 4864//4864 5042//5042
f 4865//4865 5043//5043 4863//4863
f 4866//4866 4864//4864 5043//5043
f 5044//5044 5043//5043 4865//4865
f 5044//5044 4866//4866 5043//5043
f 4867//4867 5044//5044 4865//4865
f 4868//4868 4866//4866 5044//5044
f 5045//5045 5044//5044 4867//4867
f 5045//5045 4868//4868 5044//5044
f 4869//4869 5045//5045 4867//4867
f 4870//4870 4868//4868 5045//5045
f 5046//5046 5045//5045 4869//4869
f 5046//5046 4870//4870 5045//5045
f 4871//4871 5046//5046 4869//4869
f 4872//4872 4870//4870 5046//5046
f 5047//5047 5046//5046 4871//4871
f 5047//5047 4872//4872 5046//5046
f 4873//4873 5047//5047 4871//4871
f 4874//4874 4872//4872 5047//5047
f 5048//5048 5047//5047 4873//4873
f 5048//5048 4874//4874 5047//5047
f 4875//4875 5048//5048 4873//4873
f 4876//4876 4874//4874 5048//5048
f 5049//5049 5048//5048 4875//4875
f 5049//5049 4876//4876 5048//5048
f 4877//4877 5049//5049 4875//4875
f 4878//4878 4876//4876 5049//5049
f 5050//5050 5049//5049 4877//4877
f 5050//5050 4878//4878 5049//5049
f 4879//4879 5050//5050 4877//4877
f 4880//4880 4878//4878 5050//5050
f 5051//5051 5050//5050 4879//4879
f 5051//5051 4880//4880 5050//5050
f 4881//4881 5051//5051 4879//4879
f 4882//4882 4880//4880 5051//5051
f 5052//5052 5051//5051 4881//4881
f 5052//5052 4882//4882 5051//5051
f 4883//4883 5052//5052 4881//4881
f 4884//4884 4882//4882 5052//5052
f 4885//4885 5052//5052 4883//4883
f 4886//4886 4884//4884 5052//5052
f 4887//4887 5052//5052 4885//4885
f 4888//4888 4886//4886 5052//5052
f 4889//4889 5052//5052 4887//4887
f 4890//4890 4888//4888 5052//5052
f 4891//4891 5052//5052 4889//4889
f 4892//4892 4890//4890 5052//5052
f 4893//4893 5052//5052 4891//4891
f 4894//4894 4892//4892 5052//5052
f 5035//5035 5052//5052 4893//4893
f 5035//5035 4894//4894 5052//5052
