#Moonbii

v 38.52866 43.66628 20.88865
v 38.55393 43.66236 20.96053
v 38.38712 43.66628 20.80346
v 38.41092 43.66244 20.87372
v 38.24277 43.66628 20.72328
v 38.26403 43.66278 20.7935
v 38.09401 43.66628 20.65172
v 38.11418 43.66282 20.71924
v 37.94427 43.66628 20.58237
v 37.96134 43.66328 20.65154
v 37.79092 43.66628 20.52133
v 37.80574 43.66354 20.59057
v 37.63463 43.66628 20.46836
v 37.64767 43.66364 20.53657
v 37.47693 43.66628 20.41981
v 37.48739 43.66397 20.48975
v 37.31644 43.66628 20.38151
v 37.32508 43.66411 20.45073
v 37.15407 43.66628 20.3528
v 37.16114 43.66413 20.41985
v 36.99096 43.66628 20.33018
v 36.99648 43.66421 20.39681
v 36.82739 43.66628 20.31265
v 36.83085 43.66441 20.38095
v 36.66325 43.66628 20.30295
v 36.66491 43.66452 20.37159
v 36.49899 43.66628 20.29667
v 36.49882 43.66465 20.36965
v 36.33483 43.66628 20.30525
v 36.33265 43.66443 20.37434
v 36.17143 43.66628 20.32044
v 36.16705 43.66422 20.38571
v 36.00824 43.66628 20.3356
v 36.00229 43.66427 20.40407
v 35.84602 43.66628 20.35917
v 35.83857 43.66421 20.4289
v 35.68474 43.66628 20.38864
v 35.67601 43.66423 20.46032
v 35.52583 43.66628 20.4289
v 35.51495 43.6641 20.49933
v 35.36785 43.66628 20.47245
v 35.35557 43.66393 20.54428
v 35.21075 43.66628 20.51968
v 35.19842 43.66401 20.59661
v 35.05551 43.66628 20.57334
v 35.04389 43.66418 20.65628
v 34.90874 43.66628 20.64736
v 34.89219 43.66326 20.72313
v 34.76387 43.66628 20.72385
v 34.74395 43.66261 20.79689
v 34.61947 43.66628 20.80077
v 34.59937 43.66262 20.87744
v 34.47866 43.66628 20.88411
v 34.45861 43.66273 20.96415
v 34.34462 43.66628 20.97789
v 34.3213 43.66223 21.05657
v 34.21493 43.66628 21.07727
v 34.18878 43.6618 21.1553
v 34.08536 43.66628 21.17661
v 34.06079 43.6621 21.25963
v 33.96581 43.66628 21.28782
v 33.93759 43.66162 21.3695
v 39.85524 44.0663 22.26266
v 39.87231 44.06417 22.36381
v 39.77207 44.0663 22.11733
v 39.79255 44.06371 22.21585
v 39.6839 44.0663 21.97503
v 39.70597 44.06348 22.07178
v 39.58974 44.0663 21.83662
v 39.61287 44.06327 21.93172
v 39.49079 44.0663 21.70155
v 39.51323 44.06327 21.79601
v 39.38626 44.0663 21.57064
v 39.40742 44.06345 21.66445
v 39.27515 44.0663 21.44522
v 39.2948 44.0637 21.53849
v 39.15915 44.0663 21.32423
v 39.17619 44.06398 21.41824
v 39.03468 44.0663 21.212
v 39.05171 44.06403 21.30433
v 38.90872 44.0663 21.10156
v 38.92223 44.06453 21.19623
v 38.77212 44.0663 21.00451
v 38.78827 44.06419 21.09413
v 38.63528 44.0663 20.90854
v 38.64973 44.06432 20.99792
v 38.49644 44.0663 20.81547
v 38.50748 44.06471 20.90822
v 38.35105 44.0663 20.73306
v 38.3616 44.06474 20.82466
v 38.20357 44.0663 20.65474
v 38.21283 44.06488 20.74662
v 38.05305 44.0663 20.58247
v 38.06079 44.06509 20.67516
v 37.89941 44.0663 20.51715
v 37.90573 44.06528 20.61102
v 37.74157 44.0663 20.4629
v 37.74791 44.06526 20.55391
v 37.58307 44.0663 20.41127
v 37.58784 44.06548 20.50443
v 37.42349 44.0663 20.36275
v 37.4258 44.06585 20.46314
v 37.2609 44.0663 20.32549
v 37.26208 44.06603 20.42941
v 37.09626 44.0663 20.29907
v 37.09709 44.06606 20.40322
v 36.93064 44.0663 20.28135
v 36.93132 44.06607 20.38446
v 36.76489 44.0663 20.26829
v 36.76514 44.06614 20.37311
v 36.59884 44.0663 20.26386
v 36.59883 44.06613 20.36789
v 36.43294 44.0663 20.26332
v 36.43272 44.06618 20.36972
v 36.26729 44.0663 20.27096
v 36.26688 44.06619 20.37743
v 36.10179 44.0663 20.28105
v 36.10155 44.06626 20.39108
v 35.9371 44.0663 20.30057
v 35.93686 44.06627 20.41077
v 35.77425 44.0663 20.33175
v 35.77303 44.06612 20.43686
v 35.61238 44.0663 20.36678
v 35.61023 44.06604 20.4688
v 35.45181 44.0663 20.40723
v 35.44873 44.06593 20.50718
v 35.29089 44.0663 20.44773
v 35.28869 44.06604 20.55215
v 35.13326 44.0663 20.49982
v 35.13065 44.06596 20.60384
v 34.97794 44.0663 20.55879
v 34.97488 44.06589 20.66254
v 34.82967 44.0663 20.63383
v 34.82224 44.0653 20.7289
v 34.68484 44.0663 20.71461
v 34.67306 44.06464 20.80303
v 34.54026 44.0663 20.79524
v 34.52753 44.06444 20.88457
v 34.3963 44.0663 20.87745
v 34.38597 44.06475 20.97266
v 34.26517 44.0663 20.97908
v 34.24886 44.06382 21.0674
v 34.13403 44.0663 21.07977
v 34.11591 44.06349 21.16802
v 34.0028 44.0663 21.18052
v 33.98724 44.06395 21.2739
v 33.87709 44.0663 21.2883
v 33.86377 44.06428 21.38571
v 33.75883 44.0663 21.40425
v 33.74605 44.06435 21.50345
v 33.64529 44.0663 21.52481
v 33.63356 44.06453 21.62619
v 33.54398 44.0663 21.65587
v 33.52743 44.06377 21.75431
v 33.44267 44.0663 21.78636
v 33.42678 44.06392 21.88628
v 33.34845 44.0663 21.92198
v 33.33273 44.06402 22.02267
v 33.26024 44.0663 22.06144
v 33.24496 44.06407 22.16298
v 33.1843 44.0663 22.20793
v 33.16458 44.06351 22.30739
v 33.10719 44.0663 22.35323
v 33.08995 44.06387 22.45464
v 33.03867 44.0663 22.50271
v 33.02173 44.06393 22.60478
v 32.99218 44.0663 22.62574
v 32.97256 44.06355 22.7269
v 32.94772 44.0663 22.74921
v 32.92675 44.06332 22.85011
v 32.9009 44.0663 22.87178
v 32.88477 44.06399 22.97544
v 32.85751 44.0663 22.99577
v 32.84583 44.06463 23.10172
v 32.82174 44.0663 23.12219
v 32.81042 44.06467 23.22843
v 32.80408 44.0663 23.21924
v 32.78617 44.06369 23.32297
v 40.3369 44.46629 23.52068
v 40.34644 44.46511 23.62823
v 40.3148 44.46629 23.45512
v 40.33174 44.46421 23.55961
v 40.29314 44.46629 23.38988
v 40.31715 44.46338 23.49155
v 40.27058 44.46629 23.29066
v 40.29424 44.46344 23.39197
v 40.25101 44.46629 23.19088
v 40.26994 44.46401 23.29409
v 40.23167 44.46629 23.09085
v 40.24403 44.46481 23.19653
v 40.20808 44.46629 22.9917
v 40.2155 44.4654 23.09946
v 40.16787 44.46629 22.86191
v 40.17459 44.46549 22.96988
v 40.1257 44.46629 22.7327
v 40.12965 44.46583 22.84182
v 40.07183 44.46629 22.60789
v 40.0804 44.4653 22.71462
v 40.01796 44.46629 22.4833
v 40.02729 44.4652 22.58939
v 39.96381 44.46629 22.35875
v 39.96928 44.46565 22.4668
v 39.88006 44.46629 22.21107
v 39.89137 44.46497 22.3156
v 39.79615 44.46629 22.0638
v 39.80807 44.46486 22.16758
v 39.7108 44.46629 21.91707
v 39.71725 44.46551 22.0239
v 39.6131 44.46629 21.77826
v 39.62077 44.46535 21.884
v 39.50895 44.46629 21.6443
v 39.5183 44.46513 21.74824
v 39.39954 44.46629 21.51469
v 39.40863 44.46517 21.61805
v 39.28691 44.46629 21.38785
v 39.29269 44.46558 21.49346
v 39.16491 44.46629 21.27
v 39.17081 44.46557 21.37495
v 39.04003 44.46629 21.1554
v 39.04382 44.46582 21.26209
v 38.91004 44.46629 21.04669
v 38.91199 44.46603 21.15524
v 38.77262 44.46629 20.94762
v 38.7756 44.4659 21.05446
v 38.63508 44.46629 20.84905
v 38.63515 44.46626 20.95988
v 38.48806 44.46629 20.76517
v 38.49096 44.4659 20.87106
v 38.34117 44.46629 20.68199
v 38.34372 44.46595 20.78792
v 38.19336 44.46629 20.60037
v 38.19335 44.46628 20.71123
v 38.04019 44.46629 20.52925
v 38.03967 44.46634 20.64137
v 37.88052 44.46629 20.47399
v 37.88245 44.46602 20.57921
v 37.72172 44.46629 20.41815
v 37.72289 44.46612 20.52492
v 37.56149 44.46629 20.36676
v 37.56109 44.46632 20.47899
v 37.39905 44.46629 20.32288
v 37.39736 44.46649 20.44171
v 37.2341 44.46629 20.28989
v 37.23212 44.46653 20.4127
v 37.06815 44.46629 20.2636
v 37.06618 44.46654 20.39069
v 36.90173 44.46629 20.24133
v 36.89979 44.46653 20.37581
v 36.73413 44.46629 20.23178
v 36.73306 44.46644 20.36872
v 36.56656 44.46629 20.22892
v 36.5665 44.46636 20.36804
v 36.39914 44.46629 20.22802
v 36.39778 44.46629 20.37359
v 36.23216 44.46629 20.23968
v 36.23107 44.4663 20.38357
v 36.06555 44.46629 20.25358
v 36.06641 44.46627 20.39888
v 35.89934 44.46629 20.27234
v 35.90372 44.4663 20.41817
v 35.73579 44.46629 20.30754
v 35.7403 44.46637 20.44292
v 35.57259 44.46629 20.34289
v 35.57675 44.4664 20.47271
v 35.40906 44.46629 20.37831
v 35.41406 44.46653 20.50829
v 35.24738 44.46629 20.42229
v 35.25275 44.46663 20.55097
v 35.0867 44.46629 20.47119
v 35.09292 44.46677 20.60011
v 34.93322 44.46629 20.53928
v 34.93556 44.46651 20.6564
v 34.78109 44.46629 20.60989
v 34.7808 44.46627 20.72061
v 34.63205 44.46629 20.68677
v 34.62923 44.46598 20.79253
v 34.48412 44.46629 20.76611
v 34.48151 44.46598 20.87285
v 34.34006 44.46629 20.85257
v 34.3384 44.46609 20.96128
v 34.20689 44.46629 20.95514
v 34.19978 44.46537 21.05636
v 34.0752 44.46629 21.05891
v 34.06541 44.465 21.1577
v 33.94346 44.46629 21.16271
v 33.93664 44.46534 21.26604
v 33.81466 44.46629 21.27064
v 33.81174 44.46589 21.37881
v 33.69892 44.46629 21.39244
v 33.69355 44.46552 21.49862
v 33.58528 44.46629 21.51595
v 33.58061 44.46563 21.62319
v 33.47489 44.46629 21.64245
v 33.47396 44.46617 21.75293
v 33.37666 44.46629 21.77861
v 33.37219 44.46566 21.88667
v 33.28015 44.46629 21.91573
v 33.27737 44.46592 22.0251
v 33.19112 44.46629 22.05777
v 33.18811 44.46589 22.16708
v 33.11211 44.46629 22.20553
v 33.10606 44.46547 22.31316
v 33.03789 44.46629 22.35544
v 33.03033 44.46527 22.4624
v 32.96584 44.46629 22.50627
v 32.96104 44.46566 22.61491
v 32.91647 44.46629 22.63054
v 32.91056 44.4655 22.73878
v 32.87463 44.46629 22.75749
v 32.86381 44.46482 22.86347
v 32.83288 44.46629 22.88418
v 32.82114 44.46471 22.98991
v 32.79112 44.46629 23.0109
v 32.78177 44.46503 23.11794
v 32.75386 44.46629 23.13912
v 32.74581 44.46519 23.24685
v 32.7325 44.46629 23.23697
v 32.72103 44.4647 23.34343
v 32.71114 44.46629 23.33479
v 32.69806 44.46449 23.44072
v 32.69207 44.46629 23.43313
v 32.67671 44.46414 23.53837
v 32.67263 44.46629 23.49775
v 32.66279 44.46492 23.60516
v 40.41028 44.86629 23.58041
v 40.41074 44.86622 23.69128
v 40.38554 44.86629 23.51385
v 40.39632 44.86504 23.62094
v 40.36555 44.86629 23.44708
v 40.38172 44.86443 23.5519
v 40.34573 44.86629 23.38061
v 40.36651 44.8639 23.48356
v 40.32454 44.86628 23.27968
v 40.34325 44.86416 23.3831
v 40.30547 44.86629 23.1783
v 40.31802 44.86486 23.28417
v 40.28296 44.86629 23.07759
v 40.2911 44.86537 23.18513
v 40.25443 44.86629 22.9784
v 40.26166 44.86547 23.08628
v 40.2164 44.86629 22.84615
v 40.21907 44.86598 22.95598
v 40.16573 44.86629 22.71814
v 40.17213 44.86559 22.82611
v 40.11332 44.86629 22.59112
v 40.12146 44.8654 22.69803
v 40.06094 44.86629 22.46417
v 40.06659 44.86566 22.57219
v 40.00832 44.86629 22.33703
v 40.00737 44.86638 22.4486
v 39.94105 44.86629 22.21703
v 39.94337 44.86602 22.32676
v 39.85693 44.86629 22.06734
v 39.85825 44.86613 22.17759
v 39.77267 44.86629 21.91739
v 39.76675 44.86696 22.03217
v 39.67367 44.86628 21.77676
v 39.6693 44.86677 21.89078
v 39.56604 44.86629 21.64276
v 39.56629 44.86625 21.75358
v 39.45719 44.86629 21.51007
v 39.45615 44.86639 21.62195
v 39.34099 44.86629 21.38382
v 39.33971 44.86642 21.49603
v 39.21956 44.86629 21.26276
v 39.21762 44.86649 21.37575
v 39.09171 44.86629 21.14866
v 39.09041 44.86642 21.26111
v 38.95912 44.86629 21.04043
v 38.95827 44.86637 21.15245
v 38.82097 44.86629 20.93968
v 38.82153 44.86621 21.04985
v 38.68069 44.86629 20.84246
v 38.68042 44.86631 20.9538
v 38.53969 44.86629 20.74627
v 38.53649 44.86667 20.86269
v 38.38998 44.86629 20.66425
v 38.38938 44.86635 20.77632
v 38.23733 44.86629 20.58848
v 38.23847 44.86613 20.69678
v 38.08081 44.86629 20.52154
v 38.08344 44.86594 20.62553
v 37.92345 44.86629 20.45764
v 37.92552 44.86601 20.5623
v 37.76454 44.86629 20.39803
v 37.7645 44.86628 20.50888
v 37.60265 44.86629 20.34724
v 37.60126 44.86645 20.46355
v 37.43934 44.86629 20.30148
v 37.43627 44.86664 20.42759
v 37.27283 44.86629 20.26936
v 37.26959 44.86662 20.40097
v 37.10633 44.86629 20.23886
v 37.10278 44.86657 20.38147
v 36.93797 44.86629 20.22171
v 36.93518 44.86642 20.37061
v 36.76957 44.86629 20.20886
v 36.76834 44.86615 20.36702
v 36.60086 44.86629 20.20585
v 36.6007 44.86633 20.36933
v 36.43243 44.86629 20.20484
v 36.42894 44.86736 20.3778
v 36.26386 44.86629 20.20555
v 36.25961 44.86717 20.39067
v 36.0958 44.86629 20.21888
v 36.0927 44.86675 20.40573
v 35.92842 44.86629 20.23886
v 35.92856 44.86625 20.42528
v 35.76168 44.86629 20.2639
v 35.76731 44.86575 20.44804
v 35.59653 44.86629 20.29813
v 35.60929 44.86546 20.474
v 35.43185 44.86629 20.33524
v 35.44601 44.86576 20.50446
v 35.26908 44.86629 20.3806
v 35.27518 44.86623 20.54195
v 35.10722 44.86629 20.43018
v 35.11392 44.86639 20.58473
v 34.95002 44.86629 20.49301
v 34.95999 44.86667 20.6317
v 34.79408 44.86629 20.55921
v 34.80179 44.86672 20.68941
v 34.64217 44.86629 20.63436
v 34.64634 44.8666 20.7548
v 34.49291 44.86629 20.71486
v 34.49434 44.86642 20.82899
v 34.34752 44.86629 20.80234
v 34.34676 44.86623 20.91232
v 34.2067 44.86629 20.89711
v 34.20387 44.86599 21.00397
v 34.06815 44.86629 20.99543
v 34.06535 44.86598 21.10282
v 33.94012 44.86629 21.10714
v 33.9324 44.86538 21.20887
v 33.81324 44.86629 21.21984
v 33.80445 44.86522 21.32136
v 33.6861 44.86629 21.33278
v 33.68254 44.86585 21.44044
v 33.56524 44.86629 21.45273
v 33.56738 44.86658 21.56586
v 33.45704 44.86629 21.5842
v 33.45789 44.86642 21.69606
v 33.35149 44.86629 21.71766
v 33.35433 44.8667 21.83086
v 33.25464 44.86629 21.8575
v 33.25671 44.86659 21.97008
v 33.15971 44.86629 21.99862
v 33.16497 44.86702 22.11306
v 33.07843 44.86629 22.14803
v 33.07905 44.86639 22.25958
v 32.99726 44.86629 22.29722
v 32.99974 44.86664 22.40974
v 32.9243 44.86629 22.45059
v 32.92706 44.86667 22.56321
v 32.87469 44.86629 22.57707
v 32.87365 44.86617 22.68772
v 32.82516 44.86629 22.70339
v 32.82448 44.86621 22.81422
v 32.78081 44.86629 22.8316
v 32.77909 44.86608 22.94197
v 32.74138 44.86629 22.96137
v 32.7374 44.86578 23.07076
v 32.70363 44.86629 23.09164
v 32.69913 44.86571 23.20089
v 32.68104 44.86629 23.19083
v 32.67305 44.86524 23.29866
v 32.66064 44.86629 23.29046
v 32.64889 44.86474 23.39691
v 32.64062 44.86629 23.39015
v 32.62616 44.86436 23.49561
v 32.61771 44.86629 23.48954
v 32.60529 44.86463 23.59603
v 32.59613 44.86629 23.55519
v 32.59152 44.86568 23.66465
v 40.46723 45.2663 23.60882
v 40.46655 45.26635 23.72009
v 40.44915 45.2663 23.54031
v 40.45258 45.2659 23.65008
v 40.43167 45.2663 23.47203
v 40.43822 45.26556 23.58065
v 40.41634 45.2663 23.40365
v 40.4232 45.26553 23.51207
v 40.39338 45.2663 23.3013
v 40.39973 45.26559 23.40984
v 40.36977 45.2663 23.19926
v 40.37445 45.26577 23.30841
v 40.33992 45.2663 23.09884
v 40.34664 45.26557 23.20709
v 40.31014 45.2663 22.99864
v 40.31719 45.26553 23.10662
v 40.27047 45.2663 22.86518
v 40.27449 45.26585 22.9744
v 40.23133 45.2663 22.73135
v 40.22782 45.26664 22.84408
v 40.17831 45.2663 22.60242
v 40.17678 45.26643 22.71421
v 40.1173 45.2663 22.47711
v 40.12107 45.26588 22.58617
v 40.05647 45.2663 22.35217
v 40.06132 45.26576 22.4606
v 39.99568 45.2663 22.22731
v 39.99771 45.26606 22.3372
v 39.91951 45.2663 22.07087
v 39.91216 45.26709 22.18628
v 39.8261 45.2663 21.92414
v 39.81971 45.26699 22.03925
v 39.72557 45.2663 21.78239
v 39.72142 45.26675 21.89627
v 39.62289 45.2663 21.6424
v 39.61733 45.2669 21.75772
v 39.51126 45.2663 21.5095
v 39.5062 45.26685 21.62482
v 39.38961 45.2663 21.38579
v 39.38934 45.2663 21.49705
v 39.26656 45.2663 21.26424
v 39.26674 45.26626 21.37503
v 39.14049 45.2663 21.14611
v 39.13928 45.26641 21.25844
v 39.0067 45.2663 21.03693
v 39.00693 45.26625 21.14762
v 38.86775 45.2663 20.9348
v 38.86975 45.26603 21.04303
v 38.72572 45.2663 20.83764
v 38.7284 45.26595 20.94445
v 38.58069 45.2663 20.74547
v 38.5836 45.2659 20.85143
v 38.43445 45.2663 20.65542
v 38.43626 45.26604 20.76279
v 38.28084 45.2663 20.57863
v 38.28495 45.26576 20.68032
v 38.12181 45.2663 20.51402
v 38.12901 45.26538 20.60628
v 37.96372 45.2663 20.44913
v 37.96969 45.26551 20.54228
v 37.80444 45.2663 20.38765
v 37.80724 45.26591 20.48856
v 37.64335 45.2663 20.33096
v 37.64247 45.26638 20.44534
v 37.48042 45.2663 20.27921
v 37.47626 45.26671 20.41175
v 37.31155 45.2663 20.25117
v 37.30764 45.26654 20.38892
v 37.1434 45.2663 20.22356
v 37.13931 45.26632 20.37523
v 36.97465 45.2663 20.20196
v 36.97172 45.26592 20.3701
v 36.80553 45.2663 20.18516
v 36.80505 45.2661 20.37233
v 36.63567 45.2663 20.18129
v 36.63547 45.26627 20.38044
v 36.46611 45.2663 20.17928
v 36.46411 45.26738 20.39252
v 36.29667 45.2663 20.18391
v 36.28881 45.26945 20.4086
v 36.12754 45.2663 20.19486
v 36.12056 45.26846 20.42669
v 35.95879 45.2663 20.2112
v 35.95526 45.26713 20.44851
v 35.79095 45.2663 20.23566
v 35.79329 45.26573 20.47013
v 35.62315 45.2663 20.26234
v 35.62718 45.26555 20.49407
v 35.45836 45.2663 20.30372
v 35.47117 45.26455 20.51956
v 35.29364 45.2663 20.34607
v 35.29236 45.26638 20.55221
v 35.12944 45.2663 20.39222
v 35.12672 45.26643 20.58783
v 34.96568 45.2663 20.44233
v 34.97677 45.26611 20.62633
v 34.80947 45.2663 20.51201
v 34.82718 45.26655 20.67021
v 34.65674 45.2663 20.58892
v 34.66811 45.26674 20.72679
v 34.50452 45.2663 20.66711
v 34.51244 45.26677 20.79524
v 34.3546 45.2663 20.75028
v 34.36018 45.2667 20.87212
v 34.21613 45.2663 20.85137
v 34.21296 45.26603 20.95734
v 34.07602 45.2663 20.94986
v 34.07006 45.26572 21.05219
v 33.937 45.2663 21.05061
v 33.93154 45.26575 21.15466
v 33.80436 45.2663 21.1599
v 33.79939 45.26575 21.26523
v 33.6785 45.2663 21.27708
v 33.67309 45.26567 21.38259
v 33.55803 45.2663 21.39992
v 33.55387 45.2658 21.50718
v 33.44553 45.2663 21.53012
v 33.44156 45.2658 21.63791
v 33.33543 45.2663 21.66243
v 33.33553 45.26632 21.77367
v 33.23384 45.2663 21.80143
v 33.23633 45.26663 21.91431
v 33.13857 45.2663 21.94481
v 33.14217 45.26677 22.05824
v 33.05136 45.2663 22.09318
v 33.05353 45.26659 22.20565
v 32.97284 45.2663 22.24621
v 32.97126 45.2661 22.35652
v 32.89347 45.2663 22.39874
v 32.89506 45.26651 22.51073
v 32.83772 45.2663 22.52453
v 32.83881 45.26644 22.63622
v 32.78425 45.2663 22.65135
v 32.78638 45.26657 22.76353
v 32.73656 45.2663 22.7805
v 32.73848 45.26654 22.89257
v 32.69665 45.2663 22.91225
v 32.69495 45.26609 23.02263
v 32.65624 45.2663 23.04384
v 32.65485 45.26613 23.15439
v 32.62653 45.2663 23.14289
v 32.62681 45.26634 23.25414
v 32.60451 45.2663 23.24388
v 32.6016 45.26593 23.35383
v 32.58311 45.2663 23.34502
v 32.57798 45.26564 23.45417
v 32.56168 45.2663 23.44629
v 32.55607 45.26558 23.55531
v 32.54691 45.2663 23.51388
v 32.54254 45.26574 23.62346
v 32.52209 45.2663 23.58042
v 32.52891 45.26719 23.69404
v 40.5374 45.66629 23.67267
v 40.52857 45.66721 23.78675
v 40.51381 45.66629 23.60351
v 40.51451 45.6662 23.71434
v 40.49254 45.66629 23.5346
v 40.50016 45.66548 23.64292
v 40.47749 45.66629 23.46518
v 40.48554 45.66545 23.5733
v 40.45702 45.66629 23.36098
v 40.46243 45.66572 23.46995
v 40.43562 45.66629 23.25708
v 40.43796 45.66604 23.36722
v 40.40994 45.66629 23.15418
v 40.4115 45.66612 23.2646
v 40.3799 45.66629 23.05251
v 40.38278 45.66599 23.16235
v 40.3499 45.66629 22.95103
v 40.35173 45.6661 23.06126
v 40.30793 45.66629 22.8164
v 40.30711 45.66636 22.92783
v 40.26523 45.66629 22.68192
v 40.25819 45.66698 22.79631
v 40.20985 45.66629 22.55212
v 40.20518 45.66674 22.66551
v 40.14983 45.66629 22.42459
v 40.14703 45.66656 22.5371
v 40.08859 45.66629 22.29789
v 40.0847 45.66668 22.41102
v 40.01986 45.66629 22.17513
v 40.01908 45.66636 22.28659
v 39.93407 45.66629 22.0219
v 39.93007 45.6667 22.13535
v 39.83658 45.66631 21.87588
v 39.83482 45.66648 21.98807
v 39.73633 45.66629 21.73206
v 39.73418 45.66651 21.84464
v 39.6239 45.66629 21.59755
v 39.62576 45.66608 21.70706
v 39.50891 45.66629 21.46588
v 39.51163 45.66599 21.57451
v 39.3912 45.66629 21.337
v 39.39167 45.66623 21.44754
v 39.26658 45.66629 21.21491
v 39.26619 45.66632 21.32632
v 39.13368 45.66629 21.10205
v 39.1351 45.66612 21.21136
v 38.99555 45.66629 20.99623
v 38.99955 45.66584 21.1021
v 38.85785 45.66631 20.89074
v 38.86024 45.66603 20.99829
v 38.71533 45.66629 20.79205
v 38.71703 45.66609 20.90028
v 38.56819 45.66629 20.70066
v 38.57029 45.66605 20.8078
v 38.41475 45.66629 20.62049
v 38.42003 45.6657 20.72063
v 38.26123 45.66629 20.54156
v 38.26579 45.66582 20.64186
v 38.10229 45.66629 20.47441
v 38.10762 45.66579 20.57078
v 37.94152 45.66629 20.41291
v 37.9458 45.6659 20.5098
v 37.77942 45.66629 20.35602
v 37.78094 45.66618 20.46087
v 37.61697 45.66629 20.30037
v 37.61407 45.66639 20.42494
v 37.45119 45.66629 20.25565
v 37.44575 45.66621 20.40055
v 37.28112 45.66629 20.23038
v 37.27575 45.6657 20.38663
v 37.1119 45.66629 20.20559
v 37.10774 45.66504 20.38175
v 36.94246 45.66629 20.18514
v 36.94116 45.66522 20.38504
v 36.77279 45.66629 20.16796
v 36.77255 45.66655 20.39551
v 36.60236 45.66629 20.16296
v 36.60153 45.66705 20.41137
v 36.43205 45.66629 20.1617
v 36.42817 45.66911 20.43127
v 36.26164 45.66629 20.16315
v 36.26057 45.66673 20.45261
v 36.09096 45.66629 20.16858
v 36.08201 45.67035 20.47594
v 35.92205 45.66631 20.19349
v 35.91839 45.66763 20.49874
v 35.75372 45.66629 20.22098
v 35.7507 45.66719 20.52143
v 35.58536 45.66629 20.24973
v 35.59123 45.66457 20.54317
v 35.41862 45.66629 20.28754
v 35.4141 45.66723 20.56994
v 35.25205 45.66629 20.32819
v 35.24484 45.66749 20.59805
v 35.08677 45.66629 20.37547
v 35.0841 45.66659 20.62775
v 34.92331 45.66631 20.43008
v 34.93589 45.66523 20.66015
v 34.76677 45.66629 20.50194
v 34.76999 45.66615 20.70489
v 34.61246 45.66629 20.57848
v 34.63578 45.66596 20.74827
v 34.4605 45.66629 20.65984
v 34.47787 45.66658 20.80932
v 34.31247 45.66629 20.74837
v 34.32304 45.66669 20.88
v 34.1707 45.66629 20.84665
v 34.17209 45.66637 20.9603
v 34.02816 45.66629 20.94425
v 34.02541 45.66611 21.05135
v 33.88762 45.66629 21.04567
v 33.88373 45.66598 21.15176
v 33.7557 45.66629 21.15813
v 33.74866 45.66562 21.26102
v 33.62551 45.66629 21.27324
v 33.61952 45.66568 21.378
v 33.50661 45.66629 21.39994
v 33.4986 45.66542 21.50343
v 33.39195 45.66629 21.53054
v 33.38472 45.66547 21.63549
v 33.27913 45.66629 21.66313
v 33.27773 45.66613 21.77327
v 33.18027 45.66629 21.80639
v 33.17723 45.66592 21.91553
v 33.08717 45.66629 21.95329
v 33.08191 45.66564 22.06119
v 32.99693 45.66629 22.10192
v 32.9925 45.66575 22.21046
v 32.91075 45.66629 22.25314
v 32.90999 45.66621 22.3639
v 32.83613 45.66629 22.41041
v 32.83357 45.66598 22.52026
v 32.78128 45.66629 22.53838
v 32.77691 45.66578 22.64735
v 32.72646 45.66629 22.66649
v 32.72489 45.66611 22.7769
v 32.67552 45.66629 22.79637
v 32.6768 45.66645 22.90812
v 32.63445 45.66629 22.9297
v 32.63295 45.66612 23.04018
v 32.59596 45.66629 23.0638
v 32.59301 45.66594 23.17372
v 32.56705 45.66629 23.16452
v 32.56535 45.6661 23.27498
v 32.54227 45.66629 23.26637
v 32.54018 45.66605 23.37669
v 32.51997 45.66629 23.36888
v 32.51692 45.66593 23.47886
v 32.50414 45.66629 23.47257
v 32.49602 45.6653 23.58071
v 32.49358 45.66629 23.54169
v 32.48311 45.66502 23.64909
v 32.4749 45.66629 23.60995
v 32.47041 45.66575 23.7195
v 40.56348 46.0663 23.63404
v 40.56548 46.06608 23.74443
v 40.53939 46.0663 23.56455
v 40.55132 46.0651 23.67139
v 40.52493 46.0663 23.49426
v 40.53716 46.06507 23.60089
v 40.5105 46.0663 23.42412
v 40.52228 46.06512 23.53078
v 40.4889 46.0663 23.31911
v 40.49855 46.06534 23.42644
v 40.46735 46.0663 23.2142
v 40.47291 46.06574 23.32306
v 40.44591 46.0663 23.10922
v 40.44516 46.06635 23.22055
v 40.41262 46.0663 23.00722
v 40.41494 46.06606 23.1173
v 40.36855 46.0663 22.87159
v 40.3709 46.06606 22.9816
v 40.32455 46.0663 22.73612
v 40.32301 46.06642 22.8479
v 40.27514 46.0663 22.60254
v 40.2705 46.06671 22.71585
v 40.21863 46.0663 22.47184
v 40.21369 46.06675 22.58539
v 40.15572 46.0663 22.34419
v 40.15234 46.0666 22.45705
v 40.08616 46.0663 22.22018
v 40.08703 46.06619 22.33074
v 39.99406 46.0663 22.06867
v 39.99831 46.06588 22.17719
v 39.89938 46.0663 21.91934
v 39.90379 46.06586 22.0276
v 39.7954 46.0663 21.77653
v 39.80318 46.06554 21.88211
v 39.692 46.0663 21.6338
v 39.69545 46.06596 21.74214
v 39.58156 46.0663 21.49651
v 39.58139 46.0663 21.60763
v 39.46415 46.0663 21.36524
v 39.46154 46.06651 21.4787
v 39.33864 46.0663 21.24186
v 39.336 46.06651 21.35559
v 39.20741 46.0663 21.125
v 39.20516 46.06648 21.2385
v 39.07309 46.0663 21.01231
v 39.07007 46.06655 21.12705
v 38.93017 46.0663 20.91084
v 38.93069 46.06623 21.02109
v 38.78576 46.0663 20.81266
v 38.78765 46.06612 20.92064
v 38.63749 46.0663 20.72105
v 38.6414 46.06598 20.82515
v 38.48373 46.0663 20.63945
v 38.4912 46.06573 20.73536
v 38.33069 46.0663 20.55792
v 38.33658 46.06588 20.65535
v 38.17434 46.0663 20.48332
v 38.17824 46.06603 20.58381
v 38.01295 46.0663 20.42056
v 38.01633 46.0661 20.52053
v 37.84985 46.0663 20.36369
v 37.85081 46.06626 20.47056
v 37.68694 46.0663 20.30735
v 37.6837 46.06627 20.43428
v 37.52106 46.0663 20.26067
v 37.51527 46.06587 20.41071
v 37.35106 46.0663 20.23156
v 37.34524 46.0651 20.39855
v 37.18182 46.0663 20.20304
v 37.17765 46.06447 20.39723
v 37.01249 46.0663 20.17702
v 37.01122 46.06499 20.4038
v 36.84219 46.0663 20.15901
v 36.84197 46.06569 20.4181
v 36.67136 46.0663 20.14837
v 36.67005 46.0677 20.43838
v 36.50031 46.0663 20.14536
v 36.49755 46.06859 20.46244
v 36.32917 46.0663 20.14313
v 36.32549 46.06863 20.49035
v 36.15808 46.0663 20.15079
v 36.15284 46.0691 20.51779
v 35.98796 46.0663 20.17047
v 35.98009 46.07001 20.54382
v 35.81812 46.0663 20.19247
v 35.81276 46.06842 20.5679
v 35.64908 46.0663 20.22084
v 35.64185 46.06876 20.58976
v 35.48166 46.0663 20.2581
v 35.47782 46.06733 20.6101
v 35.31537 46.0663 20.3008
v 35.3083 46.06791 20.6322
v 35.14743 46.0663 20.34086
v 35.1366 46.06822 20.65749
v 34.98323 46.0663 20.39444
v 34.98751 46.06562 20.68355
v 34.82075 46.0663 20.45428
v 34.81341 46.06697 20.72117
v 34.66209 46.0663 20.52411
v 34.67622 46.06534 20.75838
v 34.50808 46.0663 20.60389
v 34.51503 46.06609 20.8105
v 34.35495 46.0663 20.68612
v 34.36371 46.06629 20.86864
v 34.20527 46.0663 20.77515
v 34.22749 46.06654 20.92931
v 34.06359 46.0663 20.87643
v 34.0757 46.06668 21.00828
v 33.92361 46.0663 20.98039
v 33.92791 46.06652 21.09807
v 33.78331 46.0663 21.08514
v 33.78567 46.06645 21.19947
v 33.65126 46.0663 21.20028
v 33.65042 46.06623 21.31056
v 33.52848 46.0663 21.32531
v 33.52269 46.06577 21.43045
v 33.40892 46.0663 21.4536
v 33.40199 46.06566 21.55827
v 33.29337 46.0663 21.58587
v 33.28889 46.06585 21.69328
v 33.18915 46.0663 21.72725
v 33.18316 46.06565 21.83403
v 33.08955 46.0663 21.87192
v 33.08433 46.06573 21.97968
v 32.99273 46.0663 22.01871
v 32.99083 46.06609 22.12871
v 32.90911 46.0663 22.1734
v 32.90348 46.06569 22.28135
v 32.82941 46.0663 22.33007
v 32.82364 46.06565 22.43817
v 32.7734 46.0663 22.45905
v 32.76369 46.06521 22.56529
v 32.71598 46.0663 22.58747
v 32.70782 46.0654 22.69466
v 32.65778 46.0663 22.71609
v 32.65663 46.06618 22.82671
v 32.60384 46.0663 22.84692
v 32.60915 46.06688 22.96043
v 32.55702 46.0663 22.9806
v 32.56581 46.06727 23.09548
v 32.52161 46.0663 23.11769
v 32.52711 46.06691 23.23109
v 32.49782 46.0663 23.2212
v 32.5008 46.06664 23.33353
v 32.48189 46.0663 23.32626
v 32.47699 46.06575 23.43557
v 32.46597 46.0663 23.43113
v 32.45514 46.06508 23.53827
v 32.45007 46.0663 23.53596
v 32.43523 46.06462 23.64188
v 32.43612 46.0663 23.60553
v 32.42282 46.06479 23.71204
v 40.61626 46.46629 23.7016
v 40.61609 46.46629 23.81273
v 40.58777 46.46629 23.63148
v 40.60224 46.46501 23.7375
v 40.57322 46.4663 23.5604
v 40.58879 46.46492 23.66594
v 40.55873 46.46629 23.48951
v 40.5745 46.4649 23.59482
v 40.54458 46.46629 23.41872
v 40.55948 46.46499 23.52426
v 40.5235 46.46629 23.31269
v 40.53537 46.46526 23.41915
v 40.50243 46.46629 23.20674
v 40.50925 46.46569 23.31511
v 40.48135 46.46629 23.10071
v 40.48125 46.46629 23.21183
v 40.44952 46.46629 22.99734
v 40.45014 46.46622 23.10814
v 40.40296 46.46629 22.86107
v 40.40527 46.46609 22.97107
v 40.35867 46.46629 22.72437
v 40.35617 46.46648 22.83658
v 40.30334 46.46629 22.59171
v 40.30317 46.46629 22.70283
v 40.24748 46.46629 22.45959
v 40.2449 46.4665 22.57197
v 40.18554 46.46629 22.33029
v 40.1826 46.46653 22.44293
v 40.11301 46.46629 22.2065
v 40.11512 46.4661 22.31636
v 40.04079 46.46629 22.08321
v 40.04345 46.46606 22.19267
v 39.94878 46.46629 21.9305
v 39.94858 46.4663 22.04165
v 39.84724 46.46629 21.78409
v 39.84735 46.46627 21.89504
v 39.74188 46.4663 21.64075
v 39.73889 46.46653 21.75409
v 39.62703 46.46629 21.50502
v 39.62384 46.46653 21.61878
v 39.50331 46.46629 21.3776
v 39.50294 46.46631 21.48896
v 39.37489 46.46629 21.25571
v 39.3769 46.46613 21.36461
v 39.2473 46.46629 21.13393
v 39.2457 46.4664 21.24673
v 39.10789 46.46629 21.02567
v 39.11022 46.46612 21.13367
v 38.96426 46.46629 20.92409
v 38.97079 46.46585 21.02585
v 38.82087 46.4663 20.82364
v 38.82747 46.46587 20.92422
v 38.67573 46.46629 20.72632
v 38.68066 46.46599 20.82845
v 38.52103 46.46629 20.64473
v 38.52913 46.46585 20.73919
v 38.3663 46.46629 20.56496
v 38.37353 46.46595 20.6591
v 38.21273 46.46629 20.48359
v 38.21519 46.4662 20.58768
v 38.05061 46.46629 20.4206
v 38.05182 46.46626 20.52742
v 37.88644 46.46629 20.3646
v 37.8857 46.46629 20.4782
v 37.72277 46.46629 20.30893
v 37.71823 46.46619 20.44276
v 37.55549 46.46629 20.26557
v 37.54923 46.46572 20.41981
v 37.38763 46.46629 20.22626
v 37.3827 46.46524 20.41073
v 37.21815 46.46629 20.19575
v 37.21573 46.4651 20.41199
v 37.04753 46.46629 20.17431
v 37.04694 46.46542 20.42343
v 36.87661 46.4663 20.15904
v 36.8765 46.46593 20.44212
v 36.70593 46.4663 20.14367
v 36.7043 46.46758 20.46626
v 36.53461 46.4663 20.14061
v 36.53107 46.46853 20.49575
v 36.36317 46.4663 20.13366
v 36.35987 46.46797 20.53076
v 36.19192 46.4663 20.1436
v 36.18763 46.46831 20.56076
v 36.02112 46.4663 20.15906
v 36.01515 46.46891 20.58888
v 35.85083 46.4663 20.17996
v 35.84822 46.46722 20.61392
v 35.68049 46.4663 20.20322
v 35.67632 46.46767 20.63537
v 35.51171 46.4663 20.23679
v 35.51112 46.46635 20.65465
v 35.34413 46.4663 20.27693
v 35.34101 46.46701 20.67406
v 35.17814 46.4663 20.32414
v 35.17023 46.46784 20.69419
v 35.01163 46.4663 20.37228
v 34.99971 46.46813 20.7206
v 34.84834 46.4663 20.4311
v 34.842 46.46701 20.74939
v 34.689 46.46629 20.50036
v 34.67989 46.467 20.78587
v 34.53215 46.4663 20.57574
v 34.53312 46.46623 20.82619
v 34.37597 46.4663 20.65388
v 34.37775 46.46625 20.87741
v 34.22418 46.4663 20.74088
v 34.24469 46.4664 20.93032
v 34.07886 46.4663 20.8385
v 34.09304 46.46654 21.00051
v 33.93798 46.4663 20.94271
v 33.95133 46.46669 21.07573
v 33.79709 46.4663 21.04791
v 33.80425 46.46663 21.16923
v 33.66171 46.4663 21.16064
v 33.66383 46.46643 21.27453
v 33.5333 46.4663 21.28155
v 33.53051 46.46611 21.38968
v 33.41174 46.4663 21.40956
v 33.40422 46.46574 21.51324
v 33.29312 46.4663 21.54078
v 33.28599 46.46573 21.64564
v 33.18114 46.4663 21.67802
v 33.17558 46.46581 21.78477
v 33.07607 46.4663 21.82087
v 33.07219 46.46595 21.92934
v 32.97749 46.4663 21.96852
v 32.97584 46.46615 22.07863
v 32.89156 46.4663 22.12386
v 32.88675 46.46584 22.23222
v 32.8124 46.4663 22.28265
v 32.80327 46.46544 22.38881
v 32.74905 46.4663 22.40974
v 32.74173 46.46558 22.51714
v 32.6855 46.4663 22.53722
v 32.68327 46.46609 22.64727
v 32.63079 46.4663 22.66874
v 32.62951 46.46618 22.77928
v 32.5816 46.4663 22.80253
v 32.58019 46.46617 22.91306
v 32.53228 46.4663 22.93668
v 32.53476 46.46656 23.04892
v 32.49556 46.4663 23.07472
v 32.49409 46.46616 23.18528
v 32.46835 46.4663 23.17841
v 32.46631 46.46611 23.28871
v 32.44832 46.46629 23.28371
v 32.44095 46.46556 23.39199
v 32.42829 46.4663 23.38899
v 32.41776 46.46526 23.49622
v 32.40824 46.4663 23.49439
v 32.39684 46.46515 23.60143
v 32.3973 46.4663 23.5651
v 32.38401 46.46497 23.67162
v 32.37774 46.4663 23.63498
v 32.3718 46.46571 23.74406
v 40.6594 46.8663 23.73467
v 40.65511 46.86662 23.84718
v 40.63485 46.8663 23.66328
v 40.64206 46.86574 23.77187
v 40.61935 46.8663 23.59149
v 40.62875 46.86557 23.69922
v 40.6039 46.8663 23.51994
v 40.61487 46.86546 23.62707
v 40.58849 46.8663 23.4486
v 40.60004 46.86541 23.55542
v 40.56667 46.8663 23.34165
v 40.57652 46.86555 23.44895
v 40.54564 46.8663 23.2347
v 40.55084 46.8659 23.34371
v 40.52288 46.8663 23.12811
v 40.52294 46.86629 23.23916
v 40.49612 46.8663 23.02246
v 40.49246 46.86656 23.13507
v 40.46392 46.8663 22.91833
v 40.45942 46.86662 23.03136
v 40.41537 46.8663 22.7815
v 40.41131 46.86658 22.89438
v 40.36131 46.8663 22.64695
v 40.35862 46.86648 22.75928
v 40.30045 46.8663 22.51551
v 40.30161 46.86621 22.62598
v 40.23653 46.8663 22.38599
v 40.24004 46.86603 22.49518
v 40.17278 46.86629 22.25682
v 40.17387 46.8662 22.36728
v 40.10128 46.8663 22.13183
v 40.10344 46.86613 22.24164
v 40.00868 46.8663 21.97795
v 40.00917 46.86626 22.08869
v 39.91033 46.8663 21.82799
v 39.90899 46.86639 21.93991
v 39.79982 46.8663 21.68678
v 39.8009 46.86622 21.79697
v 39.68369 46.8663 21.55084
v 39.68651 46.86611 21.65949
v 39.56476 46.8663 21.41819
v 39.56625 46.8662 21.52782
v 39.44178 46.8663 21.28983
v 39.44054 46.86636 21.40207
v 39.30956 46.86629 21.17117
v 39.31005 46.86626 21.2816
v 39.17168 46.8663 21.05985
v 39.1753 46.8661 21.1664
v 39.03047 46.8663 20.95387
v 39.03596 46.86599 21.0573
v 38.88726 46.8663 20.85171
v 38.89287 46.86603 20.9541
v 38.73995 46.8663 20.75623
v 38.7462 46.86602 20.85637
v 38.58964 46.8663 20.66633
v 38.59522 46.86609 20.76633
v 38.43578 46.8663 20.58331
v 38.44016 46.86617 20.68447
v 38.27679 46.8663 20.51103
v 38.28109 46.86623 20.61065
v 38.11744 46.8663 20.44117
v 38.11862 46.86629 20.54825
v 37.95721 46.8663 20.37409
v 37.95364 46.86623 20.49866
v 37.79216 46.8663 20.32004
v 37.7858 46.86604 20.4622
v 37.62577 46.86629 20.27161
v 37.61744 46.8655 20.43781
v 37.457 46.8663 20.2332
v 37.45329 46.86562 20.42717
v 37.28651 46.8663 20.20498
v 37.28519 46.86581 20.42848
v 37.11706 46.8663 20.17479
v 37.11657 46.86602 20.43841
v 36.94632 46.8663 20.15366
v 36.94596 46.86636 20.45817
v 36.77508 46.8663 20.13889
v 36.77356 46.86713 20.48313
v 36.60344 46.8663 20.13197
v 36.60015 46.8678 20.51432
v 36.43174 46.8663 20.12664
v 36.42575 46.86864 20.5485
v 36.26037 46.8663 20.1389
v 36.25457 46.86831 20.58059
v 36.08922 46.8663 20.15052
v 36.09132 46.86542 20.61122
v 35.91765 46.8663 20.16217
v 35.9179 46.86606 20.63908
v 35.7475 46.8663 20.18739
v 35.74723 46.86623 20.66286
v 35.57837 46.8663 20.21944
v 35.57639 46.86668 20.6823
v 35.40954 46.8663 20.25481
v 35.40478 46.86722 20.70038
v 35.24087 46.8663 20.29379
v 35.23926 46.8665 20.71833
v 35.07437 46.8663 20.34231
v 35.06881 46.86699 20.73964
v 34.91011 46.8663 20.39897
v 34.89954 46.86731 20.76482
v 34.7497 46.8663 20.46615
v 34.74538 46.86656 20.79446
v 34.58884 46.86629 20.53406
v 34.58241 46.86658 20.83222
v 34.42981 46.8663 20.60773
v 34.43665 46.86613 20.87412
v 34.27656 46.8663 20.69308
v 34.28514 46.86627 20.9259
v 34.12791 46.8663 20.78666
v 34.13626 46.86638 20.98713
v 33.9817 46.8663 20.88479
v 34.00706 46.86679 21.04705
v 33.84007 46.8663 20.98999
v 33.85369 46.86679 21.13275
v 33.70177 46.8663 21.1003
v 33.71209 46.86677 21.22556
v 33.56858 46.8663 21.2173
v 33.57142 46.86645 21.33194
v 33.44168 46.8663 21.34148
v 33.43867 46.86614 21.44945
v 33.31972 46.8663 21.471
v 33.31398 46.86593 21.57674
v 33.20324 46.8663 21.60594
v 33.19736 46.86589 21.71214
v 33.09187 46.8663 21.74563
v 33.08747 46.86597 21.8535
v 32.98663 46.8663 21.89046
v 32.98696 46.86634 22.00186
v 32.89553 46.8663 22.04455
v 32.8934 46.86612 22.15439
v 32.81149 46.8663 22.20257
v 32.80568 46.86581 22.31047
v 32.74419 46.8663 22.32913
v 32.73965 46.86592 22.43788
v 32.67664 46.8663 22.45615
v 32.67878 46.8665 22.56839
v 32.61562 46.8663 22.58663
v 32.62143 46.86681 22.70054
v 32.56733 46.8663 22.72223
v 32.56841 46.8664 22.8339
v 32.52006 46.8663 22.85826
v 32.52022 46.86632 22.96948
v 32.47888 46.8663 22.99631
v 32.47659 46.86611 23.10652
v 32.44795 46.8663 23.10001
v 32.44649 46.86618 23.21058
v 32.4172 46.8663 23.20407
v 32.41869 46.86644 23.3158
v 32.39224 46.8663 23.30964
v 32.39357 46.86643 23.4213
v 32.3755 46.8663 23.4168
v 32.37106 46.86591 23.52631
v 32.36277 46.86629 23.52447
v 32.35094 46.86524 23.63146
v 32.35433 46.8663 23.59621
v 32.33876 46.86492 23.70194
v 32.33538 46.8663 23.66694
v 32.32694 46.86555 23.77529
v 40.68482 47.2663 23.73267
v 40.6842 47.26633 23.84392
v 40.66164 47.2663 23.66071
v 40.67152 47.26564 23.76841
v 40.63864 47.2663 23.58929
v 40.65789 47.26502 23.69351
v 40.62302 47.2663 23.51742
v 40.64401 47.26492 23.62095
v 40.61211 47.2663 23.44506
v 40.62939 47.26514 23.54974
v 40.59573 47.2663 23.33652
v 40.60583 47.26564 23.44377
v 40.57494 47.2663 23.22874
v 40.58004 47.26597 23.33776
v 40.55255 47.2663 23.12126
v 40.55151 47.26636 23.23274
v 40.52268 47.2663 23.01559
v 40.52056 47.26642 23.12752
v 40.47999 47.2663 22.87572
v 40.4753 47.26658 22.98888
v 40.43316 47.2663 22.73733
v 40.4252 47.26678 22.8521
v 40.3701 47.2663 22.60505
v 40.36995 47.2663 22.71617
v 40.30774 47.2663 22.47343
v 40.31009 47.26614 22.58329
v 40.2456 47.2663 22.34227
v 40.24637 47.26624 22.45293
v 40.18219 47.2663 22.21192
v 40.178 47.26654 22.32534
v 40.10311 47.2663 22.08996
v 40.1045 47.26621 22.20013
v 40.00417 47.2663 21.93881
v 40.00721 47.26611 22.04788
v 39.90589 47.2663 21.78795
v 39.90351 47.26642 21.90068
v 39.79459 47.2663 21.6464
v 39.79227 47.26641 21.75926
v 39.67184 47.2663 21.51473
v 39.67475 47.26616 21.62316
v 39.55032 47.2663 21.38362
v 39.55173 47.26624 21.49324
v 39.42422 47.2663 21.25755
v 39.4239 47.2663 21.36886
v 39.29106 47.2663 21.13937
v 39.29106 47.26629 21.25034
v 39.15051 47.2663 21.03053
v 39.15397 47.26619 21.13714
v 39.00666 47.2663 20.92737
v 39.01276 47.26612 21.02975
v 38.86538 47.2663 20.82226
v 38.86811 47.26623 20.92892
v 38.71469 47.2663 20.73104
v 38.71943 47.26622 20.83344
v 38.56202 47.2663 20.64448
v 38.56586 47.26627 20.74767
v 38.40702 47.2663 20.5632
v 38.40958 47.2663 20.66812
v 38.2486 47.2663 20.48958
v 38.24935 47.2663 20.59831
v 38.08721 47.2663 20.42364
v 38.08555 47.26625 20.53983
v 37.92355 47.2663 20.36478
v 37.91881 47.26607 20.495
v 37.7599 47.2663 20.30724
v 37.75372 47.26575 20.46451
v 37.59151 47.2663 20.26538
v 37.58694 47.26567 20.44648
v 37.4231 47.2663 20.22641
v 37.42181 47.26607 20.44107
v 37.25303 47.2663 20.19687
v 37.25212 47.26599 20.44548
v 37.08339 47.2663 20.16733
v 37.08308 47.26627 20.45858
v 36.91164 47.2663 20.15428
v 36.91105 47.26649 20.48063
v 36.74033 47.2663 20.14309
v 36.73878 47.26677 20.50831
v 36.569 47.2663 20.13556
v 36.56498 47.2673 20.54219
v 36.3974 47.2663 20.12823
v 36.39056 47.26772 20.57442
v 36.22579 47.2663 20.13548
v 36.22005 47.26735 20.60582
v 36.05438 47.2663 20.14731
v 36.04938 47.26709 20.63533
v 35.88347 47.2663 20.16615
v 35.88208 47.26643 20.65964
v 35.71337 47.2663 20.19216
v 35.71057 47.26661 20.68181
v 35.54421 47.2663 20.22468
v 35.54459 47.2662 20.6999
v 35.3756 47.2663 20.26163
v 35.37334 47.26648 20.71784
v 35.20644 47.2663 20.29992
v 35.20102 47.26667 20.7373
v 35.04021 47.2663 20.3501
v 35.02949 47.26685 20.75872
v 34.87436 47.2663 20.40392
v 34.86794 47.2665 20.78318
v 34.71123 47.2663 20.46664
v 34.70242 47.26642 20.8149
v 34.55332 47.2663 20.54177
v 34.55355 47.2663 20.85023
v 34.39695 47.2663 20.62103
v 34.39735 47.2663 20.89561
v 34.24099 47.2663 20.70289
v 34.23597 47.26624 20.95096
v 34.08986 47.2663 20.79406
v 34.09749 47.26647 21.00753
v 33.94195 47.2663 20.89139
v 33.94899 47.26651 21.07835
v 33.80231 47.26631 21.00034
v 33.82468 47.26702 21.14672
v 33.66566 47.2663 21.11364
v 33.67796 47.2668 21.24172
v 33.53007 47.2663 21.22939
v 33.53591 47.26657 21.34769
v 33.39745 47.2663 21.34977
v 33.40125 47.2665 21.46509
v 33.27803 47.2663 21.48303
v 33.27534 47.26616 21.59165
v 33.16235 47.2663 21.62003
v 33.15739 47.26602 21.72693
v 33.0531 47.2663 21.76258
v 33.04706 47.26592 21.86912
v 32.95425 47.2663 21.91262
v 32.94621 47.26573 22.01839
v 32.85727 47.2663 22.06427
v 32.85068 47.26584 22.17147
v 32.77239 47.2663 22.22307
v 32.76187 47.26557 22.32823
v 32.70099 47.2663 22.34882
v 32.69638 47.26598 22.45753
v 32.62914 47.2663 22.47536
v 32.6344 47.2667 22.58918
v 32.56927 47.2663 22.60772
v 32.57732 47.26691 22.72273
v 32.51772 47.2663 22.74357
v 32.52465 47.26683 22.85793
v 32.47775 47.2663 22.88328
v 32.47681 47.26624 22.99405
v 32.4378 47.2663 23.0229
v 32.43321 47.26596 23.1321
v 32.40741 47.2663 23.12766
v 32.40344 47.266 23.23722
v 32.3797 47.2663 23.2333
v 32.37638 47.26604 23.34317
v 32.36275 47.2663 23.34115
v 32.35207 47.26546 23.44832
v 32.3447 47.2663 23.44874
v 32.33001 47.26514 23.55459
v 32.32582 47.2663 23.55632
v 32.31019 47.26507 23.662
v 32.30758 47.2663 23.62761
v 32.29802 47.26554 23.73551
v 32.28233 47.2663 23.69865
v 32.28672 47.26666 23.81125
v 40.69732 47.66631 23.69451
v 40.70347 47.66594 23.80347
v 40.67696 47.66631 23.62211
v 40.69067 47.66552 23.72831
v 40.65756 47.66631 23.55004
v 40.67698 47.6652 23.65406
v 40.64026 47.66631 23.44086
v 40.65532 47.66546 23.54631
v 40.62193 47.66631 23.33191
v 40.63147 47.66577 23.43929
v 40.60152 47.66631 23.22333
v 40.60525 47.66609 23.33288
v 40.57684 47.66631 23.11565
v 40.57635 47.66632 23.22691
v 40.54366 47.66631 23.01016
v 40.54475 47.66624 23.12076
v 40.49586 47.66631 22.87103
v 40.49823 47.66617 22.98102
v 40.44819 47.66631 22.7323
v 40.44721 47.66634 22.84383
v 40.39035 47.66631 22.59748
v 40.39117 47.66625 22.70809
v 40.32464 47.66631 22.46643
v 40.33015 47.666 22.57463
v 40.25955 47.66631 22.33592
v 40.26488 47.66603 22.44405
v 40.18891 47.66631 22.20857
v 40.19449 47.66602 22.31645
v 40.11551 47.66631 22.08323
v 40.11996 47.66608 22.1916
v 40.02327 47.66631 21.92733
v 40.02106 47.66639 22.03978
v 39.91756 47.66631 21.78022
v 39.91541 47.66639 21.89277
v 39.80609 47.66631 21.63805
v 39.80243 47.66642 21.75204
v 39.68247 47.66631 21.50628
v 39.68337 47.66626 21.6165
v 39.55844 47.66631 21.37656
v 39.55891 47.66628 21.4871
v 39.42879 47.66631 21.25321
v 39.4296 47.66628 21.36334
v 39.29482 47.66631 21.13547
v 39.29561 47.66629 21.24551
v 39.15301 47.66631 21.0277
v 39.15727 47.66625 21.13317
v 39.01004 47.66631 20.92319
v 39.01497 47.66624 21.02706
v 38.8624 47.66631 20.82629
v 38.86919 47.66624 20.92636
v 38.71398 47.66631 20.73209
v 38.72002 47.66628 20.83203
v 38.56255 47.66631 20.6436
v 38.56634 47.66631 20.74678
v 38.40707 47.66631 20.56311
v 38.40929 47.66633 20.6687
v 38.24737 47.66631 20.49203
v 38.24837 47.66632 20.60002
v 38.08721 47.66631 20.42364
v 38.08455 47.66621 20.54344
v 37.9259 47.66631 20.35879
v 37.91854 47.66588 20.50055
v 37.75756 47.66631 20.31404
v 37.75222 47.66587 20.47175
v 37.58889 47.66631 20.27424
v 37.58582 47.66596 20.45555
v 37.42121 47.66631 20.23398
v 37.42014 47.66614 20.45143
v 37.25173 47.66631 20.20322
v 37.25098 47.66609 20.45744
v 37.08238 47.66631 20.17368
v 37.0821 47.66624 20.47262
v 36.91146 47.66631 20.15588
v 36.91101 47.66634 20.49371
v 36.74068 47.66631 20.13819
v 36.73921 47.6665 20.51916
v 36.569 47.66631 20.13534
v 36.56487 47.66658 20.5518
v 36.39755 47.66631 20.13694
v 36.3925 47.66651 20.58153
v 36.22626 47.66631 20.14311
v 36.22231 47.66639 20.60925
v 36.05462 47.66631 20.14964
v 36.05067 47.66632 20.63508
v 35.88365 47.66631 20.16735
v 35.88323 47.6663 20.65579
v 35.71375 47.66631 20.19414
v 35.71227 47.66629 20.67625
v 35.54544 47.66631 20.22982
v 35.54684 47.66634 20.69413
v 35.37672 47.66631 20.26552
v 35.37606 47.66629 20.71347
v 35.20705 47.66631 20.30176
v 35.2037 47.66621 20.73363
v 35.04005 47.66631 20.34968
v 35.03245 47.66604 20.75592
v 34.87556 47.66631 20.40669
v 34.87217 47.66619 20.78023
v 34.71356 47.66631 20.47142
v 34.70599 47.66602 20.81198
v 34.5523 47.66631 20.53989
v 34.54092 47.6659 20.85238
v 34.39583 47.66631 20.61917
v 34.39609 47.66632 20.89426
v 34.23935 47.66631 20.70042
v 34.2367 47.66621 20.94949
v 34.08668 47.66631 20.78967
v 34.09801 47.66668 21.00578
v 33.94027 47.66631 20.88927
v 33.94673 47.66655 21.07752
v 33.79634 47.66631 20.99347
v 33.79877 47.66638 21.15975
v 33.65945 47.66631 21.10708
v 33.67376 47.66693 21.23868
v 33.5213 47.66631 21.22092
v 33.5303 47.66669 21.34348
v 33.39157 47.66631 21.34457
v 33.39433 47.66642 21.45887
v 33.2652 47.66631 21.47264
v 33.26579 47.66633 21.58447
v 33.14735 47.66631 21.60894
v 33.14521 47.6662 21.71826
v 33.03527 47.66631 21.75056
v 33.03349 47.66621 21.8604
v 32.93665 47.66631 21.90183
v 32.92952 47.66589 22.00827
v 32.83794 47.66631 22.05356
v 32.83174 47.66594 22.16093
v 32.74584 47.66631 22.20983
v 32.74108 47.66602 22.31827
v 32.67177 47.66631 22.33551
v 32.67342 47.66641 22.44758
v 32.60099 47.66631 22.4637
v 32.61048 47.66693 22.57968
v 32.54823 47.66631 22.59985
v 32.55189 47.66655 22.71277
v 32.49542 47.66631 22.73611
v 32.49869 47.66651 22.84875
v 32.44799 47.66631 22.87447
v 32.44957 47.66641 22.98634
v 32.40107 47.66631 23.0134
v 32.40491 47.66656 23.12621
v 32.37251 47.66631 23.11961
v 32.37462 47.66645 23.23163
v 32.34752 47.66631 23.22675
v 32.34686 47.66626 23.33763
v 32.32731 47.66631 23.3349
v 32.32201 47.66595 23.44406
v 32.3068 47.66631 23.44308
v 32.29942 47.6658 23.5516
v 32.2865 47.66631 23.5515
v 32.27917 47.6658 23.66002
v 32.27411 47.6663 23.62409
v 32.26716 47.66582 23.7329
v 32.2617 47.66631 23.69685
v 32.25607 47.66591 23.8061
v 32.23238 47.66631 23.76863
v 32.24545 47.66722 23.884
v 40.76262 48.06631 23.8019
v 40.74401 48.0672 23.91908
v 40.73322 48.06631 23.72886
v 40.73168 48.06637 23.84046
v 40.71006 48.06631 23.65604
v 40.71937 48.06585 23.76386
v 40.69469 48.06631 23.5829
v 40.70627 48.06574 23.6898
v 40.68187 48.06631 23.50967
v 40.69242 48.0658 23.61686
v 40.66199 48.06631 23.40012
v 40.66963 48.06594 23.50826
v 40.64146 48.06631 23.29083
v 40.64442 48.06616 23.40074
v 40.61718 48.06631 23.18235
v 40.61674 48.06631 23.29359
v 40.58913 48.06631 23.07484
v 40.58617 48.06643 23.18713
v 40.55965 48.06631 22.96783
v 40.55326 48.06658 23.08166
v 40.50754 48.06631 22.8291
v 40.50458 48.06642 22.94152
v 40.45288 48.06631 22.69193
v 40.45105 48.06638 22.80388
v 40.396 48.06631 22.55614
v 40.39277 48.06644 22.6688
v 40.33067 48.06631 22.42428
v 40.32975 48.06633 22.53581
v 40.2656 48.0663 22.29295
v 40.26174 48.06643 22.40613
v 40.19292 48.06631 22.16578
v 40.18974 48.06641 22.2787
v 40.11024 48.06631 22.04472
v 40.11224 48.06623 22.15448
v 40.00804 48.06631 21.89419
v 40.01024 48.06624 22.00373
v 39.90027 48.06631 21.74832
v 39.90109 48.06628 21.8587
v 39.78426 48.06631 21.60938
v 39.78516 48.06628 21.71964
v 39.66319 48.06631 21.47575
v 39.66354 48.06629 21.58642
v 39.53424 48.06631 21.35023
v 39.53654 48.06627 21.45891
v 39.40313 48.06631 21.22844
v 39.40493 48.06629 21.33746
v 39.26796 48.06631 21.11215
v 39.26897 48.0663 21.22188
v 39.13102 48.06631 20.99906
v 39.12935 48.06629 21.11226
v 38.98457 48.06631 20.89855
v 38.9858 48.06631 21.00767
v 38.8371 48.06631 20.8013
v 38.83876 48.06632 20.90949
v 38.68287 48.06631 20.71552
v 38.68795 48.06642 20.81688
v 38.52868 48.06631 20.63199
v 38.53324 48.06644 20.73298
v 38.36914 48.06631 20.55975
v 38.37416 48.06649 20.65809
v 38.2096 48.06631 20.49
v 38.21261 48.06645 20.59185
v 38.05051 48.06631 20.42082
v 38.0486 48.06619 20.53849
v 37.88597 48.06631 20.36582
v 37.88096 48.0659 20.49847
v 37.72125 48.06631 20.31347
v 37.71428 48.06565 20.47231
v 37.55411 48.06631 20.27038
v 37.55006 48.06582 20.45862
v 37.38629 48.06631 20.23186
v 37.38504 48.06612 20.45554
v 37.21716 48.06631 20.20087
v 37.21673 48.06625 20.46297
v 37.04661 48.06631 20.18047
v 37.0463 48.06628 20.47826
v 36.87626 48.06631 20.16239
v 36.87566 48.06635 20.49838
v 36.70543 48.06631 20.15185
v 36.70361 48.06634 20.52307
v 36.53457 48.06631 20.14265
v 36.52983 48.06612 20.55088
v 36.36348 48.06631 20.14554
v 36.35889 48.06594 20.57955
v 36.19229 48.0663 20.14888
v 36.18927 48.06603 20.60463
v 36.02154 48.06631 20.16275
v 36.02004 48.06618 20.62555
v 35.85182 48.06631 20.1862
v 35.85386 48.06662 20.64417
v 35.68265 48.06631 20.21386
v 35.68378 48.06651 20.66041
v 35.51355 48.06631 20.24417
v 35.51303 48.06629 20.67864
v 35.34468 48.06631 20.2788
v 35.3418 48.06602 20.69789
v 35.17519 48.06631 20.31559
v 35.17588 48.06642 20.71796
v 35.0087 48.06631 20.36483
v 35.00583 48.06606 20.74199
v 34.84166 48.06631 20.4161
v 34.83479 48.06573 20.77222
v 34.67983 48.06631 20.48197
v 34.67952 48.0663 20.80554
v 34.52232 48.06631 20.55799
v 34.51941 48.06609 20.8485
v 34.36413 48.06631 20.63456
v 34.35678 48.06581 20.8984
v 34.20934 48.06631 20.71889
v 34.21126 48.06643 20.95118
v 34.05686 48.06631 20.80878
v 34.0503 48.066 21.01993
v 33.90986 48.06631 20.90798
v 33.92318 48.06684 21.08351
v 33.76288 48.06631 21.00924
v 33.77095 48.0666 21.17029
v 33.62484 48.06631 21.12247
v 33.62495 48.06631 21.26737
v 33.48707 48.06631 21.23768
v 33.49866 48.0667 21.36304
v 33.3582 48.06631 21.36302
v 33.36301 48.06649 21.47952
v 33.24171 48.06631 21.49989
v 33.23522 48.06602 21.60487
v 33.12093 48.06631 21.63427
v 33.11385 48.06601 21.73935
v 32.99873 48.06631 21.76968
v 33.00042 48.06638 21.88218
v 32.89494 48.06631 21.91891
v 32.89583 48.06635 22.03066
v 32.8014 48.06631 22.07491
v 32.7972 48.06611 22.18347
v 32.72966 48.06631 22.20176
v 32.72395 48.06602 22.30964
v 32.66265 48.06631 22.33135
v 32.65525 48.06594 22.43843
v 32.60004 48.06631 22.46331
v 32.59186 48.06585 22.57028
v 32.54306 48.06631 22.59792
v 32.53224 48.06573 22.70377
v 32.48321 48.06631 22.73203
v 32.47739 48.06599 22.84048
v 32.42436 48.0663 22.86747
v 32.42694 48.06644 22.97979
v 32.38407 48.06631 23.009
v 32.38126 48.06615 23.11892
v 32.35613 48.06631 23.11583
v 32.35032 48.06598 23.22461
v 32.32816 48.06631 23.22281
v 32.32168 48.06593 23.33142
v 32.30226 48.06631 23.33049
v 32.29574 48.06593 23.43914
v 32.28354 48.06631 23.4396
v 32.27257 48.06567 23.54669
v 32.26506 48.06631 23.54886
v 32.25185 48.06553 23.6553
v 32.25272 48.06631 23.62185
v 32.23935 48.06551 23.72833
v 32.23917 48.06631 23.69488
v 32.22779 48.06562 23.80215
v 40.76025 48.46631 23.76441
v 40.75597 48.46647 23.87695
v 40.73877 48.46631 23.69088
v 40.74373 48.4661 23.8002
v 40.71793 48.46631 23.6178
v 40.73089 48.46579 23.72424
v 40.7042 48.46631 23.54432
v 40.71725 48.46579 23.65061
v 40.69133 48.46631 23.47087
v 40.70268 48.46587 23.57766
v 40.6789 48.46631 23.39745
v 40.68705 48.466 23.50536
v 40.66064 48.46631 23.28728
v 40.66164 48.46626 23.39794
v 40.63586 48.46631 23.17838
v 40.63317 48.4664 23.29053
v 40.6062 48.46631 23.07074
v 40.60219 48.46644 23.18353
v 40.56919 48.46631 22.96527
v 40.56806 48.46634 23.07684
v 40.52007 48.46631 22.82527
v 40.51855 48.46635 22.93705
v 40.4678 48.46631 22.6868
v 40.464 48.46642 22.79966
v 40.41061 48.46631 22.55054
v 40.40503 48.46648 22.66444
v 40.34 48.46631 22.42032
v 40.34058 48.46629 22.53102
v 40.26985 48.46631 22.29097
v 40.27112 48.46627 22.40128
v 40.20079 48.46631 22.16177
v 40.19798 48.46636 22.27448
v 40.11827 48.46631 22.04026
v 40.1193 48.46628 22.15065
v 40.03459 48.46631 21.92053
v 40.0368 48.46626 22.03009
v 39.93053 48.46631 21.77164
v 39.92786 48.46633 21.88467
v 39.81398 48.46631 21.63232
v 39.81163 48.46632 21.74532
v 39.69011 48.46631 21.5002
v 39.68983 48.4663 21.61147
v 39.55899 48.46631 21.37609
v 39.56238 48.46632 21.48362
v 39.42631 48.46631 21.25556
v 39.43027 48.46634 21.36214
v 39.28692 48.46631 21.14365
v 39.29388 48.46642 21.24622
v 39.15029 48.46631 21.03078
v 39.15419 48.4664 21.13652
v 39.00683 48.46631 20.92716
v 39.01086 48.46642 21.03211
v 38.85922 48.46631 20.83058
v 38.8644 48.46649 20.93291
v 38.71004 48.46631 20.73792
v 38.71457 48.46648 20.84033
v 38.55435 48.46631 20.65699
v 38.56042 48.46659 20.75489
v 38.39961 48.46631 20.57655
v 38.40285 48.4665 20.67957
v 38.24021 48.4663 20.50639
v 38.24214 48.46644 20.61166
v 38.079 48.46631 20.44207
v 38.0782 48.46625 20.55556
v 37.9183 48.46631 20.37807
v 37.91279 48.46578 20.51285
v 37.75317 48.46631 20.32681
v 37.745 48.46544 20.48394
v 37.58647 48.46631 20.28243
v 37.58184 48.46569 20.46778
v 37.41587 48.46631 20.25539
v 37.41336 48.46584 20.46152
v 37.24688 48.46631 20.22708
v 37.24581 48.46606 20.46578
v 37.07889 48.46631 20.19576
v 37.07854 48.46625 20.47783
v 36.90903 48.46631 20.17719
v 36.90862 48.46633 20.49431
v 36.73891 48.46631 20.16351
v 36.7377 48.4663 20.51439
v 36.56844 48.46631 20.15699
v 36.5648 48.46601 20.53739
v 36.39799 48.46631 20.16235
v 36.39333 48.46575 20.56288
v 36.2276 48.46631 20.16502
v 36.22452 48.46589 20.58375
v 36.05743 48.46631 20.17634
v 36.05555 48.46606 20.6022
v 35.88749 48.46631 20.19307
v 35.88895 48.46665 20.61977
v 35.71748 48.4663 20.21329
v 35.71869 48.46661 20.63375
v 35.549 48.46631 20.24467
v 35.54884 48.46635 20.64915
v 35.38177 48.46631 20.28316
v 35.38461 48.46685 20.66515
v 35.21377 48.46631 20.32183
v 35.21381 48.46637 20.68502
v 35.04755 48.46631 20.36923
v 35.04411 48.46589 20.70925
v 34.88205 48.46631 20.4216
v 34.88435 48.46661 20.73724
v 34.71894 48.46631 20.48245
v 34.71889 48.46632 20.77314
v 34.55858 48.46631 20.55146
v 34.55267 48.46588 20.81787
v 34.39979 48.46631 20.62575
v 34.40149 48.46643 20.86585
v 34.24345 48.46631 20.70662
v 34.23439 48.46585 20.92842
v 34.09097 48.46631 20.79559
v 34.09764 48.46666 20.98763
v 33.9413 48.46631 20.89056
v 33.93684 48.46612 21.06673
v 33.79778 48.46631 20.99513
v 33.78572 48.46587 21.15449
v 33.65309 48.46631 21.10038
v 33.66682 48.46672 21.23205
v 33.51646 48.46631 21.21625
v 33.52408 48.46653 21.33711
v 33.38123 48.46631 21.33542
v 33.38109 48.4663 21.45714
v 33.25402 48.46631 21.46358
v 33.25577 48.46635 21.57653
v 33.13242 48.4663 21.59788
v 33.13249 48.4663 21.70916
v 33.01854 48.46631 21.73927
v 33.01611 48.46623 21.84849
v 32.90703 48.46631 21.88368
v 32.90791 48.46634 21.99547
v 32.80861 48.46631 22.0373
v 32.80633 48.46622 22.14701
v 32.73344 48.46631 22.1628
v 32.73047 48.46619 22.27222
v 32.66166 48.46631 22.29065
v 32.65858 48.46619 22.4001
v 32.59632 48.46631 22.42206
v 32.59143 48.46611 22.53061
v 32.53301 48.46631 22.55491
v 32.52961 48.46616 22.66432
v 32.47272 48.46631 22.68965
v 32.47292 48.46632 22.80088
v 32.41734 48.46631 22.82685
v 32.42008 48.46643 22.93925
v 32.36578 48.46631 22.96601
v 32.37205 48.46659 23.07988
v 32.33054 48.4663 23.07183
v 32.33904 48.46669 23.18653
v 32.30784 48.46631 23.18082
v 32.30891 48.46636 23.29243
v 32.28514 48.46631 23.28979
v 32.28162 48.46614 23.39959
v 32.26482 48.46631 23.39927
v 32.2567 48.46592 23.50738
v 32.24691 48.46631 23.50922
v 32.23431 48.46569 23.61576
v 32.23798 48.46631 23.58295
v 32.2208 48.46545 23.68804
v 32.22958 48.46631 23.65676
v 32.20828 48.46524 23.76057
v 32.21437 48.46631 23.73007
v 32.19658 48.46541 23.83509
v 40.74422 48.86631 23.72799
v 40.76516 48.86568 23.8316
v 40.72565 48.86631 23.65454
v 40.75251 48.86552 23.75587
v 40.71618 48.86631 23.58045
v 40.73934 48.86565 23.68297
v 40.70671 48.86631 23.5064
v 40.72501 48.86579 23.61045
v 40.68977 48.86631 23.39573
v 40.70146 48.86599 23.5022
v 40.67025 48.86631 23.2855
v 40.67519 48.86617 23.39456
v 40.648 48.86631 23.1758
v 40.64632 48.86634 23.28758
v 40.61568 48.86631 23.06846
v 40.61417 48.86634 23.18019
v 40.58017 48.86631 22.96233
v 40.57952 48.86631 23.07369
v 40.53118 48.8663 22.82187
v 40.52892 48.86635 22.93398
v 40.48077 48.86631 22.68233
v 40.47343 48.86646 22.79707
v 40.41661 48.86631 22.54823
v 40.41287 48.86638 22.66119
v 40.3454 48.8663 22.41803
v 40.34735 48.86626 22.52802
v 40.2748 48.86631 22.28867
v 40.2767 48.86628 22.3986
v 40.20139 48.86631 22.16146
v 40.202 48.86629 22.27215
v 40.11971 48.86631 22.03947
v 40.1225 48.86629 22.14869
v 40.0125 48.86631 21.89146
v 40.01752 48.86629 21.99893
v 39.90518 48.86631 21.74501
v 39.905 48.8663 21.85616
v 39.78297 48.86631 21.61034
v 39.78609 48.86633 21.71863
v 39.66183 48.8663 21.47684
v 39.66204 48.8663 21.58764
v 39.5332 48.86631 21.35116
v 39.53284 48.86629 21.46253
v 39.39825 48.86631 21.23315
v 39.39893 48.86633 21.34333
v 39.26102 48.86631 21.11946
v 39.26089 48.8663 21.2306
v 39.11754 48.86631 21.01457
v 39.11923 48.86639 21.12318
v 38.97333 48.86631 20.91269
v 38.97486 48.86639 21.0213
v 38.82131 48.86631 20.82303
v 38.8271 48.86666 20.92416
v 38.67097 48.86631 20.73351
v 38.67709 48.86672 20.83245
v 38.51653 48.86631 20.65222
v 38.52273 48.86679 20.74905
v 38.35862 48.86631 20.57911
v 38.36449 48.86685 20.67467
v 38.20055 48.86631 20.50856
v 38.20363 48.86663 20.61023
v 38.03984 48.86631 20.44536
v 38.03968 48.8663 20.5566
v 37.87756 48.86631 20.38773
v 37.87366 48.86578 20.51545
v 37.7121 48.86631 20.34081
v 37.70574 48.86535 20.48709
v 37.54667 48.86631 20.29634
v 37.53979 48.86506 20.47127
v 37.3779 48.86631 20.26681
v 37.37447 48.8655 20.46605
v 37.20995 48.86631 20.23796
v 37.20871 48.86596 20.46983
v 37.04218 48.86631 20.21013
v 37.0418 48.86623 20.47979
v 36.87359 48.86631 20.18778
v 36.87319 48.86641 20.49451
v 36.70383 48.86631 20.17806
v 36.70254 48.86639 20.51366
v 36.534 48.86631 20.17523
v 36.53057 48.86618 20.53343
v 36.36419 48.86631 20.17239
v 36.36041 48.86595 20.55313
v 36.1945 48.86631 20.18048
v 36.19122 48.86591 20.57195
v 36.02525 48.86631 20.1953
v 36.02502 48.86633 20.58792
v 35.85694 48.86631 20.21851
v 35.85714 48.86641 20.60066
v 35.68812 48.86631 20.24074
v 35.69125 48.86692 20.61197
v 35.51916 48.86631 20.26668
v 35.52184 48.86681 20.62518
v 35.35057 48.86631 20.29868
v 35.35238 48.86664 20.64141
v 35.18223 48.86631 20.33602
v 35.18137 48.86623 20.66023
v 35.01541 48.86631 20.38187
v 35.01947 48.86685 20.68528
v 34.85299 48.86631 20.44156
v 34.85389 48.86642 20.71646
v 34.69321 48.86631 20.5088
v 34.68889 48.86596 20.75594
v 34.53374 48.86631 20.5786
v 34.53383 48.86633 20.80074
v 34.37467 48.86631 20.65176
v 34.36423 48.86577 20.86008
v 34.21692 48.86631 20.73013
v 34.22024 48.86646 20.9183
v 34.06269 48.86631 20.81666
v 34.06485 48.86639 20.9901
v 33.92027 48.86631 20.92084
v 33.90546 48.86589 21.07468
v 33.77284 48.86631 21.0205
v 33.77472 48.86635 21.15383
v 33.62385 48.86631 21.12144
v 33.63277 48.86649 21.2505
v 33.48796 48.86631 21.23853
v 33.4743 48.86608 21.37375
v 33.3553 48.86631 21.36051
v 33.35808 48.86635 21.47478
v 33.22709 48.86631 21.48826
v 33.22851 48.86633 21.60086
v 33.10518 48.86631 21.62283
v 33.10578 48.86632 21.73455
v 32.98975 48.86631 21.76373
v 32.98994 48.86631 21.87508
v 32.88324 48.86631 21.91188
v 32.88079 48.86625 22.02139
v 32.78591 48.86631 22.06651
v 32.77941 48.86616 22.1736
v 32.71056 48.86631 22.19224
v 32.70268 48.8661 22.29873
v 32.63191 48.86631 22.31734
v 32.63147 48.86629 22.42826
v 32.56334 48.86631 22.44811
v 32.56384 48.86632 22.55956
v 32.49892 48.86631 22.58142
v 32.50196 48.86641 22.69414
v 32.43896 48.86631 22.71722
v 32.44464 48.86649 22.83108
v 32.38631 48.86631 22.8562
v 32.39146 48.86648 22.96974
v 32.33939 48.86631 22.99744
v 32.3436 48.86646 23.11043
v 32.30516 48.86631 23.10406
v 32.31076 48.86651 23.21753
v 32.27853 48.86631 23.21272
v 32.28056 48.86639 23.32467
v 32.25469 48.86631 23.3221
v 32.25312 48.86625 23.43263
v 32.23457 48.86631 23.43228
v 32.22817 48.86606 23.54101
v 32.21754 48.86631 23.54303
v 32.20575 48.86584 23.64984
v 32.20667 48.86631 23.617
v 32.19193 48.8657 23.72292
v 32.19036 48.86631 23.69061
v 32.179 48.86584 23.79775
v 40.77202 49.26631 23.72581
v 40.77937 49.26616 23.83422
v 40.75151 49.26631 23.65205
v 40.76603 49.26603 23.75775
v 40.73936 49.26631 23.57781
v 40.75225 49.26607 23.68402
v 40.72723 49.26631 23.5037
v 40.7373 49.26613 23.61079
v 40.70747 49.26631 23.39292
v 40.71283 49.26621 23.50186
v 40.68627 49.26631 23.28253
v 40.68581 49.26631 23.39378
v 40.6544 49.26631 23.17444
v 40.65561 49.26629 23.28499
v 40.62219 49.26631 23.0669
v 40.62276 49.2663 23.17772
v 40.59008 49.26631 22.95967
v 40.58739 49.26634 23.07196
v 40.54183 49.2663 22.81861
v 40.53563 49.26636 22.9327
v 40.48252 49.26631 22.68173
v 40.47845 49.26634 22.79483
v 40.42074 49.26631 22.54664
v 40.41678 49.26635 22.65977
v 40.34908 49.26631 22.41647
v 40.34988 49.2663 22.52708
v 40.27705 49.26631 22.28762
v 40.27801 49.2663 22.3981
v 40.19888 49.26631 22.16275
v 40.20255 49.26631 22.27151
v 40.11758 49.26631 22.04065
v 40.12168 49.26634 22.14898
v 40.01507 49.26631 21.88988
v 40.01519 49.26631 22.00081
v 39.90214 49.26631 21.74706
v 39.9012 49.26629 21.85883
v 39.78485 49.26631 21.60895
v 39.78136 49.26622 21.72305
v 39.65728 49.26631 21.48053
v 39.65601 49.26627 21.59276
v 39.52232 49.26631 21.36078
v 39.52536 49.26643 21.46851
v 39.38984 49.26631 21.24127
v 39.39086 49.26636 21.35108
v 39.25155 49.26631 21.12945
v 39.25198 49.26633 21.23988
v 39.10913 49.26631 21.02424
v 39.11021 49.26638 21.13365
v 38.96028 49.26631 20.92908
v 38.96497 49.26666 21.03276
v 38.81277 49.26631 20.83479
v 38.81781 49.26672 20.93699
v 38.66055 49.26631 20.74926
v 38.66698 49.26689 20.84774
v 38.50758 49.26631 20.66711
v 38.51332 49.26689 20.76536
v 38.35144 49.26631 20.59234
v 38.35621 49.26687 20.69109
v 38.19228 49.26631 20.52553
v 38.19562 49.26676 20.62631
v 38.03116 49.26631 20.46533
v 38.03215 49.26647 20.57249
v 37.86907 49.26631 20.40985
v 37.86654 49.26588 20.53158
v 37.70527 49.26631 20.36123
v 37.6997 49.26517 20.50304
v 37.54022 49.26631 20.31882
v 37.53265 49.26437 20.4851
v 37.37307 49.26631 20.28694
v 37.36856 49.26485 20.47861
v 37.20578 49.26631 20.25943
v 37.20431 49.26571 20.4801
v 37.03874 49.26631 20.23313
v 37.03831 49.26615 20.48848
v 36.87107 49.26631 20.21177
v 36.87078 49.26651 20.50034
v 36.70248 49.26631 20.20005
v 36.70128 49.26674 20.51639
v 36.5337 49.26631 20.19243
v 36.53073 49.2668 20.53194
v 36.36481 49.26631 20.19614
v 36.36041 49.2664 20.54858
v 36.19625 49.26631 20.20546
v 36.19319 49.26621 20.56262
v 36.02747 49.26631 20.2148
v 36.02697 49.2663 20.57517
v 35.85892 49.26631 20.23105
v 35.85935 49.26637 20.58601
v 35.6917 49.26631 20.25836
v 35.69497 49.26665 20.59429
v 35.52424 49.26631 20.28703
v 35.52732 49.26662 20.60478
v 35.35757 49.26631 20.32232
v 35.35959 49.2665 20.61777
v 35.18964 49.26631 20.35753
v 35.19009 49.26636 20.63601
v 35.02359 49.26631 20.40263
v 35.02952 49.26667 20.659
v 34.86176 49.26631 20.46125
v 34.86397 49.26643 20.69061
v 34.70126 49.26631 20.52495
v 34.69609 49.26614 20.73235
v 34.54044 49.26631 20.59068
v 34.54527 49.26646 20.77829
v 34.3836 49.26631 20.66634
v 34.37994 49.26624 20.8385
v 34.22609 49.26631 20.74372
v 34.23621 49.26643 20.89858
v 34.07157 49.26631 20.82866
v 34.07116 49.2663 20.97805
v 33.92309 49.26631 20.92432
v 33.91081 49.26631 21.06662
v 33.77878 49.26631 21.02721
v 33.78387 49.26629 21.14623
v 33.6348 49.26631 21.13278
v 33.63023 49.26634 21.25335
v 33.49542 49.26631 21.24561
v 33.49646 49.2663 21.35812
v 33.35934 49.26631 21.36402
v 33.35992 49.2663 21.47719
v 33.2258 49.26631 21.48723
v 33.23045 49.26628 21.60298
v 33.10709 49.26631 21.62422
v 33.10686 49.26631 21.73522
v 32.98873 49.26631 21.76306
v 32.98973 49.2663 21.87506
v 32.88287 49.26631 21.91166
v 32.87932 49.26629 22.02036
v 32.78325 49.26632 22.06506
v 32.776 49.26624 22.17159
v 32.70535 49.26631 22.18964
v 32.69798 49.26621 22.29638
v 32.62724 49.26631 22.31521
v 32.62459 49.26627 22.42488
v 32.55921 49.26631 22.4464
v 32.55634 49.26627 22.55602
v 32.49078 49.26631 22.57837
v 32.4925 49.26634 22.6904
v 32.4277 49.26631 22.71345
v 32.43359 49.26643 22.82745
v 32.37762 49.26631 22.85362
v 32.37924 49.26635 22.96552
v 32.32812 49.26631 22.99453
v 32.32993 49.26635 23.1065
v 32.29411 49.26631 23.1015
v 32.29608 49.26636 23.21351
v 32.25994 49.26631 23.20893
v 32.26451 49.26643 23.32198
v 32.23521 49.26632 23.31867
v 32.23596 49.26633 23.43011
v 32.21645 49.26631 23.42957
v 32.21017 49.26613 23.53834
v 32.19768 49.26631 23.54059
v 32.18647 49.26597 23.64753
v 32.18541 49.26631 23.61477
v 32.17184 49.26589 23.72107
v 32.16986 49.26631 23.68881
v 32.15818 49.26594 23.79582
v 32.14305 49.26631 23.76239
v 32.14485 49.26637 23.87413
v 40.78596 49.66631 23.72471
v 40.79005 49.66626 23.83425
v 40.76617 49.66631 23.65064
v 40.7762 49.66619 23.75794
v 40.75144 49.66631 23.57644
v 40.76151 49.66621 23.68366
v 40.73869 49.66631 23.50219
v 40.74595 49.66624 23.61036
v 40.71921 49.66631 23.39106
v 40.72049 49.6663 23.50159
v 40.69676 49.66631 23.28058
v 40.69242 49.66634 23.39348
v 40.66254 49.66631 23.17271
v 40.66124 49.66631 23.28433
v 40.63026 49.66631 23.06496
v 40.62747 49.66632 23.17727
v 40.59607 49.66631 22.95807
v 40.59091 49.66633 23.07151
v 40.54117 49.66631 22.81882
v 40.53759 49.66631 22.93166
v 40.47939 49.66631 22.6828
v 40.47912 49.66631 22.79399
v 40.41413 49.66632 22.54918
v 40.4169 49.66632 22.65875
v 40.34576 49.66631 22.41788
v 40.34855 49.66633 22.52732
v 40.27296 49.66631 22.28952
v 40.27551 49.66632 22.39904
v 40.20058 49.66631 22.16188
v 40.19891 49.66629 22.27398
v 40.11578 49.66631 22.04165
v 40.11661 49.66632 22.15213
v 40.00799 49.66631 21.89422
v 40.00851 49.66632 22.00485
v 39.89063 49.66631 21.75483
v 39.89307 49.66639 21.86383
v 39.77287 49.66631 21.61782
v 39.77211 49.66628 21.72948
v 39.64666 49.66631 21.48913
v 39.64585 49.66628 21.60091
v 39.51286 49.66631 21.36915
v 39.51463 49.66641 21.47824
v 39.37894 49.66631 21.2518
v 39.37938 49.66634 21.36227
v 39.24072 49.66631 21.14087
v 39.2402 49.66628 21.25248
v 39.09719 49.66631 21.03798
v 39.09755 49.66635 21.14842
v 38.9474 49.66631 20.94528
v 38.95223 49.66681 21.04863
v 38.80032 49.66631 20.85193
v 38.80526 49.66688 20.95414
v 38.65379 49.66631 20.75946
v 38.65571 49.66656 20.86654
v 38.49692 49.66631 20.68485
v 38.50188 49.66702 20.78446
v 38.3396 49.66631 20.61415
v 38.34508 49.6672 20.71074
v 38.1833 49.66631 20.54392
v 38.18578 49.66678 20.64709
v 38.02314 49.66631 20.48377
v 38.02316 49.66634 20.59437
v 37.86018 49.66631 20.433
v 37.85806 49.66583 20.55297
v 37.69815 49.66631 20.38251
v 37.69299 49.66494 20.52096
v 37.5331 49.66631 20.34367
v 37.52628 49.66409 20.50254
v 37.36743 49.66631 20.31042
v 37.36201 49.66409 20.49457
v 37.20092 49.66631 20.28443
v 37.19871 49.6651 20.49444
v 37.03437 49.66631 20.26236
v 37.0339 49.66609 20.50012
v 36.8679 49.66631 20.24194
v 36.86787 49.66681 20.51017
v 36.7009 49.66631 20.22585
v 36.70025 49.66739 20.52356
v 36.53323 49.66631 20.21903
v 36.53095 49.66774 20.53681
v 36.36551 49.66631 20.22283
v 36.36179 49.66752 20.5509
v 36.19811 49.66631 20.23207
v 36.19524 49.66685 20.56279
v 36.03049 49.66631 20.24133
v 36.02971 49.66637 20.57239
v 35.86337 49.66631 20.25911
v 35.86352 49.66627 20.58014
v 35.69636 49.66631 20.28123
v 35.69649 49.66628 20.58716
v 35.53064 49.66631 20.31274
v 35.53366 49.66616 20.5963
v 35.36491 49.66631 20.34712
v 35.36745 49.66621 20.60646
v 35.19794 49.66631 20.38165
v 35.19892 49.66626 20.62296
v 35.03253 49.66631 20.42533
v 35.03802 49.66615 20.64505
v 34.87177 49.66631 20.48374
v 34.87521 49.66622 20.67636
v 34.71206 49.66631 20.5466
v 34.71017 49.66635 20.71955
v 34.55161 49.66631 20.61083
v 34.55847 49.66618 20.76613
v 34.39397 49.66631 20.68327
v 34.39381 49.66631 20.82757
v 34.23682 49.66631 20.75963
v 34.24621 49.66606 20.89139
v 34.08321 49.66631 20.84438
v 34.09009 49.66614 20.96885
v 33.93378 49.66631 20.93752
v 33.92431 49.66655 21.06234
v 33.78907 49.66631 21.03885
v 33.78818 49.66633 21.14871
v 33.64486 49.66631 21.1432
v 33.64309 49.66636 21.25204
v 33.49974 49.66631 21.24971
v 33.50171 49.66625 21.36333
v 33.37062 49.66631 21.37382
v 33.36682 49.6664 21.48091
v 33.24136 49.66631 21.49961
v 33.23668 49.66642 21.60622
v 33.11372 49.66631 21.62904
v 33.11183 49.66634 21.73857
v 32.99372 49.66631 21.76636
v 32.99329 49.66631 21.87723
v 32.88024 49.66631 21.91008
v 32.88158 49.66629 22.02225
v 32.77525 49.66631 22.06071
v 32.77673 49.6663 22.17283
v 32.69965 49.66631 22.1868
v 32.69723 49.66631 22.29648
v 32.62489 49.66631 22.31414
v 32.62277 49.66631 22.42409
v 32.55711 49.66631 22.44553
v 32.55289 49.66629 22.55439
v 32.4899 49.66631 22.57804
v 32.48732 49.66629 22.68788
v 32.43298 49.66631 22.71522
v 32.42682 49.66624 22.82333
v 32.37865 49.66631 22.85393
v 32.3711 49.66622 22.96143
v 32.32357 49.66631 22.99335
v 32.31973 49.66626 23.10276
v 32.28701 49.66631 23.09987
v 32.28454 49.66627 23.20994
v 32.25164 49.66631 23.20724
v 32.2518 49.66631 23.31843
v 32.22179 49.66631 23.3163
v 32.22206 49.66631 23.42757
v 32.19862 49.66631 23.42691
v 32.19518 49.66624 23.53672
v 32.18085 49.66631 23.53852
v 32.17083 49.6661 23.64582
v 32.16898 49.66631 23.61304
v 32.15587 49.66604 23.71936
v 32.15407 49.66631 23.68743
v 32.14182 49.66604 23.7941
v 32.12901 49.66631 23.76141
v 32.12815 49.66629 23.87226
v 40.79909 50.06631 23.72367
v 40.79899 50.06631 23.83479
v 40.77595 50.06631 23.6497
v 40.78423 50.0663 23.75756
v 40.7588 50.06631 23.5756
v 40.76876 50.0663 23.68273
v 40.74173 50.06631 23.50179
v 40.75234 50.06631 23.60849
v 40.71622 50.06631 23.39154
v 40.72562 50.06633 23.49865
v 40.6908 50.06631 23.28169
v 40.69652 50.06632 23.39027
v 40.66799 50.06631 23.17155
v 40.66488 50.0663 23.28399
v 40.63631 50.06631 23.06351
v 40.63017 50.06627 23.17743
v 40.59561 50.06631 22.95819
v 40.59232 50.06629 23.07082
v 40.55261 50.06631 22.85421
v 40.55153 50.0663 22.96577
v 40.49552 50.06631 22.71646
v 40.49307 50.06628 22.82881
v 40.43679 50.06631 22.58011
v 40.43044 50.06621 22.69463
v 40.3637 50.06631 22.45025
v 40.362 50.06628 22.56225
v 40.28705 50.06631 22.32339
v 40.28847 50.06634 22.43357
v 40.21102 50.06631 22.19754
v 40.21109 50.06631 22.30854
v 40.12881 50.06631 22.076
v 40.12886 50.06631 22.18697
v 40.02275 50.06631 21.92764
v 40.02063 50.06623 22.04021
v 39.9062 50.06631 21.78774
v 39.90556 50.06629 21.89928
v 39.78242 50.06631 21.65525
v 39.78419 50.06641 21.76464
v 39.65997 50.06631 21.52418
v 39.65831 50.06622 21.63681
v 39.53168 50.06631 21.39983
v 39.52772 50.06604 21.5151
v 39.3921 50.06631 21.28803
v 39.39214 50.06632 21.39895
v 39.24871 50.06632 21.18322
v 39.25275 50.06668 21.28898
v 39.10514 50.06631 21.0818
v 39.11029 50.06684 21.18549
v 38.96214 50.06631 20.98235
v 38.96606 50.06678 21.08714
v 38.81438 50.06631 20.89119
v 38.81902 50.06692 20.99413
v 38.66697 50.06631 20.80178
v 38.66978 50.06673 20.90727
v 38.5134 50.06632 20.72382
v 38.51761 50.06702 20.82555
v 38.35623 50.06631 20.65481
v 38.36263 50.06751 20.74935
v 38.19995 50.06631 20.58713
v 38.20464 50.06731 20.68429
v 38.04147 50.06631 20.52637
v 38.04386 50.06692 20.62888
v 37.8796 50.06632 20.47633
v 37.88008 50.06648 20.58496
v 37.71879 50.06631 20.42663
v 37.71579 50.06532 20.5528
v 37.5563 50.06631 20.38424
v 37.5508 50.06403 20.53149
v 37.39301 50.06631 20.34712
v 37.38594 50.06263 20.52065
v 37.22895 50.06631 20.31523
v 37.2255 50.06413 20.51748
v 37.06343 50.06631 20.29337
v 37.06233 50.06549 20.52032
v 36.89774 50.06631 20.27638
v 36.89776 50.06675 20.52725
v 36.73214 50.06631 20.26032
v 36.73211 50.06781 20.53688
v 36.5658 50.06631 20.25749
v 36.56449 50.06894 20.54814
v 36.39961 50.06632 20.25469
v 36.39645 50.0689 20.55886
v 36.23321 50.06631 20.25679
v 36.23038 50.06764 20.56879
v 36.06728 50.06631 20.27011
v 36.06568 50.06676 20.57848
v 35.90175 50.06631 20.28848
v 35.90081 50.06647 20.58514
v 35.7354 50.06631 20.30553
v 35.73672 50.06598 20.59111
v 35.5709 50.06631 20.33585
v 35.57257 50.06598 20.59756
v 35.40629 50.06631 20.36867
v 35.40709 50.06614 20.60741
v 35.24064 50.06631 20.40214
v 35.24486 50.06572 20.62089
v 35.07548 50.06631 20.44197
v 35.079 50.06589 20.64269
v 34.91693 50.06632 20.50182
v 34.91848 50.06613 20.67216
v 34.75658 50.06631 20.55964
v 34.76492 50.06551 20.7075
v 34.5959 50.06631 20.62019
v 34.60289 50.06569 20.75616
v 34.43697 50.06632 20.68763
v 34.43944 50.0661 20.81632
v 34.28285 50.06631 20.76614
v 34.28544 50.06611 20.8833
v 34.12857 50.06631 20.84734
v 34.12788 50.06635 20.96071
v 33.97924 50.06631 20.93826
v 33.97681 50.06647 21.04535
v 33.82956 50.06631 21.03168
v 33.82732 50.06645 21.13948
v 33.68668 50.06631 21.13578
v 33.68201 50.06658 21.24057
v 33.54678 50.06631 21.24553
v 33.54111 50.06661 21.34973
v 33.40519 50.06631 21.35661
v 33.40406 50.06636 21.4666
v 33.27416 50.06631 21.4799
v 33.27227 50.06639 21.58919
v 33.1512 50.06631 21.61178
v 33.14641 50.06649 21.71857
v 33.02764 50.06631 21.74541
v 33.0259 50.06637 21.85515
v 32.90965 50.06631 21.88528
v 32.91076 50.06628 21.9973
v 32.79954 50.06631 22.03227
v 32.80335 50.06623 22.14602
v 32.71864 50.06631 22.15526
v 32.72199 50.06625 22.26855
v 32.6425 50.06631 22.28171
v 32.64427 50.06629 22.39392
v 32.57063 50.06631 22.41116
v 32.57149 50.0663 22.52282
v 32.50013 50.06631 22.54229
v 32.50304 50.0663 22.65499
v 32.44292 50.06631 22.67939
v 32.43974 50.06631 22.78889
v 32.38852 50.06631 22.81804
v 32.38139 50.0663 22.92563
v 32.33383 50.06631 22.95744
v 32.32755 50.06629 23.0656
v 32.29326 50.06631 23.06287
v 32.29022 50.0663 23.17265
v 32.26253 50.06631 23.17119
v 32.25594 50.06627 23.2794
v 32.23142 50.06631 23.27983
v 32.22421 50.06626 23.38794
v 32.20407 50.06632 23.38965
v 32.19528 50.06624 23.49722
v 32.17882 50.06631 23.50025
v 32.16866 50.06621 23.60737
v 32.16192 50.06631 23.57429
v 32.15231 50.06621 23.68175
v 32.14495 50.06631 23.64861
v 32.13692 50.06622 23.75672
v 32.12589 50.06631 23.72311
v 32.12234 50.06627 23.83291
v 32.10278 50.06631 23.79782
v 32.10838 50.06638 23.91099
v 40.82231 50.46632 23.79825
v 40.81993 50.4663 23.91021
v 40.80054 50.46632 23.72356
v 40.80518 50.46634 23.83277
v 40.78367 50.46631 23.64895
v 40.78996 50.46636 23.75749
v 40.76584 50.46632 23.5748
v 40.77356 50.46638 23.68269
v 40.74794 50.46632 23.50097
v 40.75629 50.4664 23.60851
v 40.72122 50.46632 23.39074
v 40.72835 50.46639 23.4987
v 40.69461 50.46632 23.28098
v 40.69801 50.46635 23.39053
v 40.66179 50.46632 23.17287
v 40.66476 50.46635 23.28255
v 40.62828 50.46632 23.06544
v 40.62888 50.46632 23.17617
v 40.58704 50.46632 22.96049
v 40.58961 50.46636 23.07026
v 40.54176 50.46632 22.85743
v 40.54765 50.46642 22.96543
v 40.48184 50.46631 22.72104
v 40.48753 50.46643 22.82905
v 40.41995 50.46632 22.58641
v 40.42298 50.46638 22.69573
v 40.34805 50.46632 22.45673
v 40.35338 50.46648 22.56463
v 40.27673 50.46632 22.32809
v 40.27881 50.46639 22.43784
v 40.20151 50.46631 22.20229
v 40.20046 50.46627 22.31397
v 40.11859 50.46632 22.08155
v 40.11699 50.46625 22.19369
v 40.00829 50.46632 21.93633
v 40.0073 50.46627 22.04808
v 39.89168 50.46632 21.79735
v 39.89112 50.46629 21.90884
v 39.7644 50.46632 21.66834
v 39.7682 50.46659 21.77579
v 39.63876 50.46632 21.54105
v 39.64126 50.46651 21.64948
v 39.50724 50.46632 21.42107
v 39.50983 50.46655 21.52918
v 39.37265 50.46632 21.30649
v 39.3743 50.46648 21.41548
v 39.23547 50.46632 21.19694
v 39.2354 50.46632 21.30798
v 39.0892 50.46632 21.09983
v 39.09249 50.46674 21.20604
v 38.94421 50.46632 21.00449
v 38.94766 50.46682 21.10994
v 38.80047 50.46632 20.90998
v 38.80142 50.46648 21.01923
v 38.64917 50.46632 20.82817
v 38.65269 50.46693 20.93213
v 38.49657 50.46632 20.75127
v 38.50113 50.46719 20.85192
v 38.34503 50.46632 20.67503
v 38.34786 50.46693 20.77857
v 38.18697 50.46632 20.61317
v 38.19042 50.46718 20.7136
v 38.02908 50.46632 20.55422
v 38.03068 50.46678 20.65941
v 37.87 50.46632 20.50071
v 37.8691 50.46605 20.61504
v 37.70965 50.46632 20.45319
v 37.70594 50.46493 20.58241
v 37.54648 50.46632 20.41741
v 37.5414 50.46397 20.56024
v 37.38396 50.46632 20.38342
v 37.37753 50.46255 20.54764
v 37.22075 50.46632 20.35551
v 37.21589 50.46276 20.54311
v 37.05778 50.46632 20.32907
v 37.05592 50.46463 20.54461
v 36.8937 50.46632 20.31177
v 36.89358 50.46652 20.55056
v 36.72974 50.46632 20.2946
v 36.72993 50.46808 20.55853
v 36.56496 50.46632 20.28963
v 36.56425 50.46957 20.56825
v 36.40023 50.46632 20.29023
v 36.39787 50.47025 20.57631
v 36.23544 50.46632 20.29331
v 36.23268 50.46873 20.58492
v 36.0708 50.46632 20.3036
v 36.06904 50.46728 20.59171
v 35.90611 50.46632 20.3176
v 35.9049 50.46676 20.59786
v 35.74214 50.46632 20.34017
v 35.7431 50.46584 20.60323
v 35.57842 50.46632 20.36721
v 35.57959 50.46586 20.60975
v 35.41494 50.46632 20.39881
v 35.41511 50.4662 20.61886
v 35.25173 50.46632 20.43529
v 35.25589 50.46529 20.63363
v 35.08991 50.46632 20.47958
v 35.09348 50.46555 20.65456
v 34.92767 50.46632 20.5265
v 34.93078 50.46571 20.68353
v 34.76922 50.46632 20.58554
v 34.77626 50.46515 20.72076
v 34.61062 50.46632 20.6473
v 34.61462 50.46573 20.77034
v 34.457 50.46632 20.72097
v 34.45597 50.46643 20.82976
v 34.30212 50.46632 20.79525
v 34.29858 50.46672 20.89872
v 34.1453 50.46632 20.87037
v 34.14283 50.46658 20.9769
v 33.99695 50.46632 20.96053
v 33.99158 50.46687 21.06252
v 33.84781 50.46632 21.05268
v 33.84304 50.46679 21.15649
v 33.70524 50.46632 21.15533
v 33.69839 50.46693 21.25705
v 33.56495 50.46632 21.26307
v 33.55729 50.46694 21.36458
v 33.42422 50.46632 21.37345
v 33.42026 50.46659 21.48013
v 33.29047 50.46632 21.4931
v 33.28831 50.46646 21.60212
v 33.16443 50.46632 21.62157
v 33.1612 50.46649 21.72975
v 33.04271 50.46632 21.75558
v 33.03907 50.46649 21.86368
v 32.92279 50.46632 21.89334
v 32.92261 50.46631 22.00441
v 32.81562 50.46632 22.04119
v 32.8139 50.46637 22.15122
v 32.73343 50.46632 22.16279
v 32.7307 50.46639 22.27224
v 32.64932 50.46632 22.28489
v 32.65181 50.46625 22.39759
v 32.57384 50.46632 22.41252
v 32.57724 50.46624 22.52568
v 32.50255 50.46632 22.54322
v 32.50778 50.46624 22.65726
v 32.4401 50.46632 22.67842
v 32.44286 50.46628 22.79105
v 32.38317 50.46632 22.81641
v 32.38287 50.46631 22.92743
v 32.32586 50.46632 22.95531
v 32.32736 50.4663 23.0672
v 32.2854 50.46632 23.06099
v 32.28889 50.46629 23.17379
v 32.25291 50.46632 23.16914
v 32.25358 50.46631 23.28062
v 32.22059 50.46632 23.27782
v 32.22062 50.46631 23.38901
v 32.19373 50.46632 23.38801
v 32.19064 50.46632 23.49787
v 32.17452 50.46632 23.49969
v 32.16331 50.46631 23.60625
v 32.16196 50.46632 23.57429
v 32.14633 50.46631 23.67922
v 32.14839 50.46632 23.64894
v 32.13014 50.46631 23.75294
v 32.12569 50.46632 23.72309
v 32.11442 50.46629 23.8299
v 32.09982 50.46632 23.79763
v 32.09919 50.46631 23.90854
v 40.82303 50.86631 23.79821
v 40.82401 50.86633 23.90886
v 40.79568 50.86631 23.72394
v 40.80775 50.86651 23.83007
v 40.77638 50.86631 23.64966
v 40.79111 50.86657 23.7546
v 40.76083 50.86631 23.57536
v 40.77387 50.86655 23.68085
v 40.7453 50.86631 23.50132
v 40.75571 50.86652 23.60789
v 40.72861 50.86631 23.42765
v 40.7365 50.86647 23.53522
v 40.70332 50.86631 23.31755
v 40.70584 50.86637 23.42742
v 40.66924 50.86631 23.20955
v 40.6721 50.86638 23.31924
v 40.63535 50.86631 23.10214
v 40.63598 50.86633 23.21289
v 40.59337 50.86631 22.99731
v 40.59651 50.8664 23.10676
v 40.54958 50.86631 22.89377
v 40.5543 50.86645 23.00235
v 40.49136 50.86631 22.7568
v 40.49414 50.8664 22.86634
v 40.42753 50.86631 22.62285
v 40.42911 50.86637 22.733
v 40.36017 50.86631 22.49139
v 40.35941 50.86629 22.60288
v 40.28811 50.86631 22.36302
v 40.28516 50.86618 22.47588
v 40.21062 50.86631 22.23837
v 40.20605 50.8661 22.35239
v 40.12017 50.86631 22.12179
v 40.12237 50.86644 22.23128
v 40.03073 50.86631 22.00665
v 40.03506 50.86657 22.11453
v 39.9201 50.86631 21.86425
v 39.92076 50.86637 21.97472
v 39.79567 50.86631 21.7333
v 39.79908 50.86659 21.84123
v 39.66932 50.86632 21.60678
v 39.67282 50.86664 21.71428
v 39.53884 50.86632 21.48636
v 39.54238 50.86669 21.59353
v 39.40657 50.86632 21.37025
v 39.40787 50.86648 21.47968
v 39.27131 50.86632 21.25949
v 39.2702 50.86619 21.37187
v 39.12631 50.86631 21.16158
v 39.1285 50.86662 21.26945
v 38.98319 50.86632 21.06495
v 38.98489 50.86658 21.17329
v 38.83606 50.86632 20.97611
v 38.83895 50.86684 21.08206
v 38.68819 50.86632 20.89122
v 38.69167 50.867 20.9955
v 38.53769 50.86632 20.81296
v 38.54196 50.86727 20.91471
v 38.3869 50.86632 20.73778
v 38.39058 50.86724 20.83966
v 38.23433 50.86632 20.66797
v 38.23663 50.86699 20.77229
v 38.07763 50.86632 20.60877
v 38.07921 50.86683 20.71439
v 37.91965 50.86632 20.55555
v 37.91945 50.86629 20.66695
v 37.7609 50.86632 20.50728
v 37.75833 50.86528 20.62973
v 37.59924 50.86632 20.47088
v 37.59553 50.86449 20.60255
v 37.43785 50.86632 20.43809
v 37.4326 50.86335 20.585
v 37.27704 50.86632 20.40682
v 37.27048 50.86176 20.575
v 37.11609 50.86632 20.37847
v 37.11234 50.86298 20.57276
v 36.95409 50.86632 20.35806
v 36.95285 50.86502 20.5741
v 36.79188 50.86632 20.34113
v 36.79218 50.86747 20.57926
v 36.62922 50.86632 20.32897
v 36.62933 50.8691 20.58632
v 36.46611 50.86632 20.32865
v 36.4646 50.87196 20.59333
v 36.30333 50.86632 20.3363
v 36.30057 50.87054 20.59954
v 36.14075 50.86632 20.34581
v 36.13815 50.86874 20.60577
v 35.9777 50.86632 20.35485
v 35.97638 50.8671 20.61198
v 35.81464 50.86632 20.37002
v 35.81385 50.86662 20.61773
v 35.65292 50.86632 20.39665
v 35.6525 50.86641 20.62575
v 35.49023 50.86632 20.42263
v 35.49258 50.86525 20.63492
v 35.32891 50.86632 20.45795
v 35.3307 50.8656 20.64874
v 35.16808 50.86632 20.49837
v 35.17419 50.86439 20.66695
v 35.0077 50.86632 20.54377
v 35.01316 50.86481 20.6928
v 34.84822 50.86632 20.59512
v 34.85412 50.86486 20.7278
v 34.69096 50.86632 20.65466
v 34.69336 50.86577 20.7735
v 34.53507 50.86632 20.72004
v 34.53433 50.86644 20.82946
v 34.38142 50.86632 20.79239
v 34.37768 50.86697 20.89503
v 34.22651 50.86632 20.86621
v 34.22255 50.86695 20.96934
v 34.07274 50.86632 20.94558
v 34.06986 50.86671 21.05162
v 33.92759 50.86632 21.03939
v 33.92188 50.86704 21.14143
v 33.78108 50.86632 21.13449
v 33.77612 50.86691 21.23846
v 33.64071 50.86632 21.23929
v 33.63444 50.86701 21.34217
v 33.49976 50.86632 21.34653
v 33.49548 50.86673 21.45261
v 33.3605 50.86632 21.45877
v 33.36021 50.86633 21.56971
v 33.22994 50.86632 21.58149
v 33.23028 50.86628 21.693
v 33.10647 50.86632 21.71224
v 33.10493 50.86642 21.82208
v 32.98646 50.86631 21.8479
v 32.98473 50.86641 21.95773
v 32.87116 50.86632 21.98914
v 32.87114 50.86631 22.10031
v 32.76786 50.86632 22.1395
v 32.76441 50.86646 22.24838
v 32.68458 50.86632 22.26099
v 32.68358 50.86634 22.37155
v 32.60039 50.86632 22.38383
v 32.6059 50.86614 22.49835
v 32.52902 50.86632 22.51383
v 32.53347 50.86619 22.62759
v 32.46078 50.86632 22.64632
v 32.46602 50.86621 22.76038
v 32.4054 50.86632 22.78435
v 32.40367 50.86634 22.89459
v 32.35216 50.86632 22.92379
v 32.34602 50.86642 23.03184
v 32.31182 50.86632 23.02891
v 32.30578 50.8664 23.13713
v 32.27383 50.86631 23.13528
v 32.26799 50.86639 23.24368
v 32.23736 50.86632 23.2427
v 32.23287 50.86637 23.35181
v 32.207 50.86632 23.35196
v 32.20067 50.86639 23.46032
v 32.18282 50.86632 23.46271
v 32.17118 50.86644 23.56887
v 32.16666 50.86632 23.53678
v 32.15277 50.86643 23.64221
v 32.15043 50.86632 23.61109
v 32.13531 50.86645 23.71601
v 32.13324 50.86631 23.68561
v 32.11869 50.86642 23.79093
v 32.10774 50.86632 23.75992
v 32.10239 50.86635 23.86901
v 32.07716 50.86632 23.83467
v 32.08675 50.86626 23.94946
v 40.83296 51.26632 23.7976
v 40.82589 51.26614 23.91157
v 40.7985 51.26632 23.72372
v 40.80768 51.26654 23.83095
v 40.77597 51.26631 23.6497
v 40.78973 51.26669 23.75482
v 40.75661 51.26632 23.57585
v 40.77113 51.2667 23.68051
v 40.73738 51.26632 23.50236
v 40.75179 51.26674 23.60695
v 40.71823 51.26632 23.4292
v 40.73149 51.2667 23.53409
v 40.69512 51.26632 23.319
v 40.69966 51.26646 23.4279
v 40.66907 51.26632 23.20959
v 40.66539 51.2662 23.32246
v 40.62863 51.26632 23.10369
v 40.62733 51.26627 23.2154
v 40.58828 51.26632 22.99862
v 40.58688 51.26627 23.11038
v 40.54601 51.26632 22.89479
v 40.54381 51.26624 23.00702
v 40.48551 51.26632 22.75871
v 40.482 51.26618 22.87174
v 40.41772 51.26632 22.62642
v 40.41509 51.26621 22.73899
v 40.34918 51.26632 22.49583
v 40.34408 51.26607 22.60998
v 40.27835 51.26632 22.36737
v 40.26891 51.26581 22.48454
v 40.195 51.26632 22.24599
v 40.18829 51.26593 22.36154
v 40.10523 51.26632 22.12973
v 40.10342 51.2662 22.24203
v 40.01652 51.26632 22.01486
v 40.01521 51.26622 22.12687
v 39.89989 51.26632 21.87713
v 39.89964 51.2663 21.98833
v 39.7737 51.26632 21.74869
v 39.77676 51.26661 21.85686
v 39.64954 51.26632 21.62195
v 39.65007 51.26638 21.73238
v 39.5209 51.26632 21.50142
v 39.51924 51.26613 21.61419
v 39.38223 51.26632 21.39256
v 39.38352 51.26649 21.50194
v 39.24245 51.26632 21.28835
v 39.24521 51.26673 21.39564
v 39.10019 51.26632 21.1901
v 39.104 51.26694 21.29558
v 38.95641 51.26632 21.09686
v 38.96036 51.26701 21.20164
v 38.81035 51.26632 21.00961
v 38.81511 51.26724 21.11233
v 38.66474 51.26632 20.92472
v 38.66854 51.26717 21.02829
v 38.51721 51.26632 20.8451
v 38.52042 51.26711 20.949
v 38.36905 51.26632 20.7687
v 38.37021 51.26665 20.87671
v 38.21297 51.26632 20.709
v 38.21623 51.26733 20.81081
v 38.05846 51.26632 20.64987
v 38.06047 51.26703 20.75421
v 37.89963 51.26632 20.60387
v 37.90164 51.26716 20.70695
v 37.74327 51.26632 20.55571
v 37.7425 51.26601 20.66978
v 37.58495 51.26632 20.51617
v 37.58222 51.26491 20.64118
v 37.42675 51.26632 20.47952
v 37.42188 51.26325 20.62209
v 37.26841 51.26632 20.44574
v 37.26189 51.26123 20.611
v 37.10941 51.26631 20.41637
v 37.10531 51.26242 20.60563
v 36.9487 51.26632 20.39903
v 36.9473 51.26474 20.60474
v 36.78799 51.26632 20.38559
v 36.78844 51.26773 20.60691
v 36.62714 51.26632 20.37648
v 36.62756 51.27012 20.61151
v 36.46611 51.26632 20.369
v 36.46521 51.27264 20.61603
v 36.30482 51.26631 20.37045
v 36.30242 51.27139 20.62127
v 36.14383 51.26632 20.38104
v 36.14139 51.26922 20.62674
v 35.98254 51.26632 20.39165
v 35.98022 51.26823 20.63221
v 35.82181 51.26632 20.41069
v 35.82181 51.26614 20.63968
v 35.66227 51.26632 20.4388
v 35.66254 51.26602 20.64743
v 35.50212 51.26631 20.46702
v 35.50576 51.2644 20.65755
v 35.34106 51.26632 20.49648
v 35.34501 51.26455 20.6721
v 35.18126 51.26631 20.5346
v 35.1843 51.26511 20.69261
v 35.02469 51.26632 20.5848
v 35.03038 51.26433 20.72001
v 34.86713 51.26632 20.63566
v 34.86989 51.26543 20.75703
v 34.70856 51.26632 20.68847
v 34.70981 51.26595 20.80373
v 34.55551 51.26632 20.75542
v 34.55292 51.2669 20.86004
v 34.40168 51.26632 20.82418
v 34.39759 51.26715 20.92613
v 34.24806 51.26632 20.89698
v 34.24406 51.26706 21.00015
v 34.09568 51.26632 20.97549
v 34.09281 51.2668 21.08156
v 33.94839 51.26632 21.06419
v 33.94498 51.26685 21.16988
v 33.8001 51.26632 21.15525
v 33.79965 51.26637 21.26585
v 33.65728 51.26632 21.25585
v 33.65802 51.2662 21.36809
v 33.5229 51.26632 21.36773
v 33.52004 51.26666 21.47549
v 33.38926 51.26632 21.4829
v 33.38506 51.26678 21.58952
v 33.2563 51.26632 21.60171
v 33.25352 51.26659 21.7101
v 33.1286 51.26632 21.72773
v 33.12647 51.2665 21.83703
v 33.00403 51.26632 21.8591
v 33.00462 51.26626 21.9708
v 32.88356 51.26632 21.9963
v 32.88923 51.26593 22.11171
v 32.78323 51.26632 22.1475
v 32.78124 51.26642 22.25733
v 32.70231 51.26632 22.26945
v 32.69872 51.26648 22.37825
v 32.62269 51.26632 22.39352
v 32.62099 51.26638 22.50362
v 32.55005 51.26632 22.52211
v 32.54724 51.26641 22.6316
v 32.47725 51.26632 22.65216
v 32.47797 51.2663 22.76373
v 32.4101 51.26632 22.78583
v 32.41337 51.26622 22.89881
v 32.35073 51.26632 22.92339
v 32.35372 51.26624 23.03615
v 32.30747 51.26632 23.02782
v 32.31218 51.2662 23.14136
v 32.26702 51.26632 23.13377
v 32.27304 51.26617 23.24788
v 32.23265 51.26632 23.24179
v 32.23713 51.26622 23.35508
v 32.20329 51.26632 23.35134
v 32.20384 51.2663 23.46275
v 32.17838 51.26632 23.46209
v 32.17326 51.26641 23.57095
v 32.16451 51.26632 23.53652
v 32.15431 51.26649 23.64328
v 32.15063 51.26632 23.61111
v 32.1364 51.26655 23.71622
v 32.13477 51.26632 23.68575
v 32.11907 51.26657 23.79045
v 40.81607 51.66632 23.76051
v 40.81457 51.66627 23.87222
v 40.78491 51.66632 23.68684
v 40.79494 51.66666 23.79348
v 40.75954 51.66632 23.61343
v 40.77502 51.66688 23.71746
v 40.74124 51.66632 23.53977
v 40.75499 51.66682 23.64443
v 40.72301 51.66632 23.46642
v 40.73414 51.66674 23.57226
v 40.70484 51.66632 23.39334
v 40.71251 51.66662 23.50064
v 40.67681 51.66632 23.28428
v 40.67812 51.66637 23.39466
v 40.64043 51.66632 23.17741
v 40.64069 51.66633 23.28831
v 40.59974 51.66632 23.07229
v 40.60047 51.66635 23.18292
v 40.5593 51.66632 22.96792
v 40.55804 51.66626 23.07962
v 40.50313 51.66632 22.83045
v 40.49741 51.66605 22.94478
v 40.4318 51.66632 22.69919
v 40.43097 51.66628 22.81071
v 40.3613 51.66632 22.56947
v 40.36071 51.66629 22.68086
v 40.29005 51.66632 22.44152
v 40.286 51.66608 22.55523
v 40.20944 51.66632 22.31914
v 40.20634 51.66612 22.43227
v 40.12932 51.66632 22.19819
v 40.12356 51.6659 22.31332
v 40.04 51.66632 22.08365
v 40.03571 51.66597 22.19784
v 39.92273 51.66632 21.94647
v 39.92141 51.6662 22.05855
v 39.80009 51.66632 21.81589
v 39.80062 51.66639 21.92642
v 39.67334 51.66632 21.69146
v 39.67463 51.66648 21.80118
v 39.54833 51.66632 21.56875
v 39.54536 51.66594 21.68294
v 39.41241 51.66632 21.45802
v 39.41124 51.66616 21.57037
v 39.27219 51.66632 21.35489
v 39.27365 51.66657 21.46396
v 39.13403 51.66632 21.25329
v 39.13427 51.66637 21.36389
v 38.9903 51.66632 21.16095
v 38.99187 51.66663 21.26946
v 38.84641 51.66632 21.07225
v 38.84793 51.66665 21.18063
v 38.69936 51.66632 20.99089
v 38.70226 51.66699 21.0964
v 38.5524 51.66632 20.91265
v 38.55529 51.6671 21.01743
v 38.40214 51.66632 20.84259
v 38.40623 51.6675 20.94383
v 38.25275 51.66632 20.77412
v 38.25574 51.66732 20.87685
v 38.10086 51.66632 20.71295
v 38.10279 51.66704 20.81789
v 37.94667 51.66632 20.65962
v 37.94746 51.66667 20.76763
v 37.79133 51.66632 20.61238
v 37.79037 51.66594 20.7269
v 37.63519 51.66632 20.57067
v 37.63229 51.66486 20.6951
v 37.47915 51.66632 20.5318
v 37.47413 51.66326 20.67126
v 37.32187 51.66632 20.50019
v 37.3156 51.66166 20.6555
v 37.16356 51.66632 20.47662
v 37.15752 51.66104 20.6429
v 36.97348 51.66632 20.45457
v 36.97155 51.66408 20.6392
v 36.78381 51.66632 20.43337
v 36.78412 51.66736 20.63754
v 36.59321 51.66632 20.42501
v 36.59408 51.67181 20.6395
v 36.40254 51.66632 20.4228
v 36.40115 51.67311 20.64581
v 36.21165 51.66632 20.42565
v 36.20986 51.66965 20.65056
v 36.02087 51.66632 20.43844
v 36.01965 51.6675 20.65553
v 35.8308 51.66632 20.46163
v 35.83116 51.66585 20.66332
v 35.64122 51.66632 20.49168
v 35.64373 51.66454 20.67541
v 35.48321 51.66632 20.52046
v 35.48618 51.66452 20.68876
v 35.32401 51.66632 20.54967
v 35.33157 51.66245 20.70668
v 35.16632 51.66632 20.58824
v 35.17287 51.66335 20.7298
v 35.01192 51.66632 20.63882
v 35.01464 51.66518 20.76124
v 34.85474 51.66632 20.68638
v 34.85554 51.66599 20.80059
v 34.69841 51.66632 20.74013
v 34.69783 51.66646 20.84987
v 34.54377 51.66632 20.80121
v 34.5423 51.66669 20.90886
v 34.39214 51.66632 20.87106
v 34.3894 51.66697 20.97617
v 34.24257 51.66632 20.94739
v 34.23874 51.66715 21.05102
v 34.09238 51.66632 21.02645
v 34.08929 51.66693 21.13213
v 33.94633 51.66632 21.1144
v 33.94319 51.66689 21.22053
v 33.80484 51.66632 21.21082
v 33.79975 51.66714 21.31471
v 33.66299 51.66632 21.31006
v 33.65855 51.66699 21.41547
v 33.52388 51.66632 21.41549
v 33.52016 51.66684 21.5222
v 33.38597 51.66632 21.52561
v 33.38469 51.66647 21.63544
v 33.24621 51.66632 21.63832
v 33.25235 51.66559 21.75572
v 33.12817 51.66632 21.77058
v 33.12671 51.66645 21.88044
v 33.00887 51.66632 21.90436
v 33.00551 51.66662 22.01279
v 32.89143 51.66632 22.04223
v 32.89004 51.66642 22.15237
v 32.78542 51.66632 22.18928
v 32.78123 51.66659 22.29744
v 32.70099 51.66632 22.30898
v 32.69864 51.66644 22.41856
v 32.62374 51.66632 22.4337
v 32.62011 51.6665 22.54252
v 32.54852 51.66632 22.56087
v 32.54588 51.66643 22.67044
v 32.47764 51.66632 22.69135
v 32.47675 51.66635 22.80201
v 32.4102 51.66632 22.82467
v 32.41168 51.66626 22.93666
v 32.34815 51.66632 22.96128
v 32.3514 51.6662 23.07422
v 32.30287 51.66632 23.06518
v 32.30924 51.6661 23.17967
v 32.26382 51.66632 23.17146
v 32.27009 51.66611 23.28579
v 32.23407 51.66632 23.28032
v 32.23403 51.66631 23.39146
v 32.20864 51.66632 23.39037
v 32.20071 51.66655 23.49779
v 32.18311 51.66632 23.50082
v 32.1697 51.66668 23.60592
v 32.16603 51.66632 23.57475
v 32.15018 51.66675 23.67884
v 32.14883 51.66632 23.64898
v 32.13174 51.66675 23.75269
v 40.7809 52.06632 23.68719
v 40.78825 52.06664 23.79482
v 40.75136 52.06632 23.61429
v 40.76646 52.06698 23.71821
v 40.73019 52.06632 23.54113
v 40.74499 52.067 23.64505
v 40.70913 52.06632 23.46837
v 40.72256 52.06692 23.57287
v 40.68818 52.06632 23.39598
v 40.69949 52.06686 23.50128
v 40.65771 52.06632 23.28782
v 40.66322 52.06659 23.39604
v 40.62029 52.06632 23.18169
v 40.62422 52.06652 23.29063
v 40.57804 52.06632 23.0775
v 40.58259 52.06656 23.186
v 40.53612 52.06632 22.97413
v 40.53849 52.06645 23.08382
v 40.49447 52.06632 22.87143
v 40.49231 52.06621 22.98374
v 40.4279 52.06632 22.73909
v 40.4259 52.06621 22.85133
v 40.35722 52.06632 22.60986
v 40.35543 52.06621 22.72204
v 40.28115 52.06632 22.48444
v 40.28002 52.06625 22.59625
v 40.20307 52.06633 22.36166
v 40.20045 52.06614 22.47453
v 40.11971 52.06632 22.24307
v 40.11736 52.06614 22.35581
v 40.03225 52.06631 22.12843
v 40.02956 52.06607 22.24151
v 39.92097 52.06632 21.9888
v 39.91553 52.06575 22.10429
v 39.79339 52.06632 21.86241
v 39.79504 52.06653 21.97194
v 39.65968 52.06632 21.74442
v 39.66827 52.06747 21.84682
v 39.52957 52.06632 21.6279
v 39.53829 52.06762 21.72927
v 39.40137 52.06632 21.5131
v 39.40609 52.0671 21.61846
v 39.26942 52.06632 21.40445
v 39.27053 52.06653 21.51394
v 39.12977 52.06632 21.30639
v 39.13177 52.06673 21.41453
v 38.98561 52.06632 21.21691
v 38.99025 52.06732 21.32075
v 38.84358 52.06632 21.12875
v 38.84731 52.0672 21.23346
v 38.69951 52.06632 21.04642
v 38.70285 52.06719 21.15121
v 38.55341 52.06632 20.97013
v 38.55699 52.06734 21.07372
v 38.40591 52.06632 20.89922
v 38.40971 52.06753 21.00136
v 38.25782 52.06632 20.83235
v 38.26093 52.06746 20.93505
v 38.10844 52.06632 20.77069
v 38.11012 52.06702 20.87643
v 37.95744 52.06632 20.7151
v 37.95754 52.06641 20.82549
v 37.80448 52.06633 20.66704
v 37.8032 52.06574 20.78273
v 37.61864 52.06632 20.62015
v 37.61613 52.06489 20.74258
v 37.43118 52.06633 20.58475
v 37.42815 52.06422 20.71334
v 37.24537 52.06632 20.54967
v 37.24094 52.06252 20.6935
v 37.05951 52.06632 20.5187
v 37.05539 52.06179 20.68078
v 36.87278 52.06632 20.49539
v 36.87205 52.06543 20.67429
v 36.68524 52.06633 20.48194
v 36.68619 52.0702 20.67364
v 36.49743 52.06632 20.47558
v 36.49751 52.07421 20.67388
v 36.30954 52.06632 20.47854
v 36.30785 52.07224 20.67636
v 36.12135 52.06632 20.48419
v 36.11941 52.06931 20.68279
v 35.9341 52.06632 20.50496
v 35.93424 52.06595 20.6899
v 35.7472 52.06632 20.53112
v 35.74954 52.06415 20.70032
v 35.55853 52.06632 20.55532
v 35.56367 52.06258 20.71557
v 35.37048 52.06632 20.58977
v 35.37709 52.06232 20.73728
v 35.18463 52.06632 20.63721
v 35.18855 52.06433 20.76567
v 35.0298 52.06632 20.68095
v 35.03147 52.06554 20.79881
v 34.87452 52.06632 20.72785
v 34.87485 52.06614 20.84047
v 34.72089 52.06632 20.7824
v 34.71993 52.06662 20.89103
v 34.57307 52.06632 20.85095
v 34.56797 52.06791 20.94907
v 34.42374 52.06632 20.91972
v 34.41726 52.06814 21.01646
v 34.27212 52.06632 20.98882
v 34.26723 52.06754 21.09041
v 34.12075 52.06632 21.06276
v 34.11893 52.06671 21.17085
v 33.97552 52.06632 21.14857
v 33.97322 52.06678 21.25609
v 33.82971 52.06632 21.23749
v 33.8293 52.06637 21.34818
v 33.6895 52.06632 21.33612
v 33.68861 52.06645 21.44618
v 33.55074 52.06632 21.43967
v 33.55016 52.06639 21.55022
v 33.41496 52.06632 21.54951
v 33.41478 52.06633 21.66051
v 33.27917 52.06632 21.66315
v 33.2825 52.06586 21.77782
v 33.15302 52.06632 21.78766
v 33.15523 52.06604 21.90098
v 33.03071 52.06632 21.91801
v 33.03304 52.06606 22.03119
v 32.91553 52.06632 22.05587
v 32.91659 52.06621 22.16789
v 32.80988 52.06632 22.20174
v 32.80619 52.06661 22.31017
v 32.72552 52.06632 22.32042
v 32.72253 52.06652 22.42946
v 32.64678 52.06632 22.44348
v 32.6427 52.06657 22.55192
v 32.5671 52.06632 22.568
v 32.56636 52.06635 22.67872
v 32.49691 52.06632 22.69798
v 32.49571 52.06637 22.80844
v 32.42974 52.06632 22.83064
v 32.42911 52.06634 22.94144
v 32.36798 52.06632 22.9666
v 32.36729 52.06634 23.0774
v 32.32859 52.06632 23.07136
v 32.32453 52.06649 23.18033
v 32.28894 52.06632 23.1768
v 32.28413 52.06652 23.28539
v 32.252 52.06632 23.28365
v 32.24618 52.06655 23.39183
v 32.22129 52.06632 23.39237
v 32.21112 52.06672 23.49856
v 32.1904 52.06632 23.50178
v 32.17834 52.06678 23.60723
v 32.16985 52.06632 23.57519
v 32.1578 52.06676 23.68073
v 32.13474 52.06632 23.64762
v 32.13707 52.06623 23.75981
v 40.74717 52.46632 23.61473
v 40.7561 52.46684 23.72116
v 40.71974 52.46632 23.54241
v 40.73218 52.46704 23.64689
v 40.6956 52.46632 23.47027
v 40.70825 52.46708 23.57457
v 40.67175 52.46632 23.39858
v 40.68344 52.46702 23.5032
v 40.63685 52.46632 23.29169
v 40.64503 52.46684 23.39801
v 40.60219 52.46632 23.18554
v 40.60481 52.46651 23.29484
v 40.56172 52.46632 23.08142
v 40.56188 52.46637 23.1921
v 40.51788 52.46632 22.97902
v 40.51609 52.46624 23.09081
v 40.46931 52.46632 22.87889
v 40.46792 52.46627 22.99047
v 40.40519 52.46632 22.74669
v 40.40025 52.46603 22.86061
v 40.33006 52.46632 22.62001
v 40.32758 52.46619 22.73241
v 40.24957 52.46632 22.49753
v 40.24997 52.4664 22.60793
v 40.17003 52.46632 22.37671
v 40.16901 52.46629 22.48812
v 40.08196 52.46632 22.26189
v 40.08381 52.46656 22.3711
v 39.99427 52.46632 22.14905
v 39.99519 52.46648 22.25896
v 39.88293 52.46632 22.01165
v 39.88054 52.46609 22.12431
v 39.76535 52.46632 21.88097
v 39.76065 52.46574 21.99582
v 39.63635 52.46632 21.76137
v 39.63512 52.46623 21.8731
v 39.50674 52.46632 21.64606
v 39.50556 52.46622 21.75779
v 39.37504 52.46632 21.536
v 39.37284 52.46603 21.64906
v 39.23665 52.46632 21.43555
v 39.23671 52.46645 21.54579
v 39.09603 52.46632 21.34132
v 39.09808 52.46687 21.44869
v 38.95671 52.46632 21.24958
v 38.95807 52.46676 21.35766
v 38.81509 52.46632 21.16393
v 38.816 52.4667 21.27248
v 38.67255 52.46632 21.08285
v 38.67274 52.46654 21.19247
v 38.5268 52.46632 21.00958
v 38.52795 52.46687 21.11708
v 38.3806 52.46632 20.94052
v 38.38214 52.46707 21.04655
v 38.23219 52.46632 20.8786
v 38.23401 52.46726 20.98336
v 38.0811 52.46632 20.82552
v 38.08409 52.4678 20.92643
v 37.90092 52.46632 20.76485
v 37.90302 52.46764 20.86677
v 37.72158 52.46632 20.70677
v 37.72072 52.46617 20.81899
v 37.53864 52.46632 20.66308
v 37.53648 52.46529 20.78184
v 37.3548 52.46632 20.62836
v 37.35173 52.46438 20.75435
v 37.17159 52.46632 20.59713
v 37.16753 52.46296 20.73476
v 36.98834 52.46632 20.57036
v 36.98427 52.46194 20.72275
v 36.80438 52.46632 20.55159
v 36.80348 52.46627 20.71578
v 36.62006 52.46632 20.53873
v 36.62002 52.471 20.71348
v 36.43531 52.46632 20.53529
v 36.43361 52.47558 20.71249
v 36.25031 52.46632 20.53637
v 36.24792 52.47076 20.71601
v 36.06525 52.46632 20.54643
v 36.06353 52.46762 20.72161
v 35.88023 52.46632 20.56361
v 35.88185 52.46339 20.73124
v 35.69572 52.46632 20.58971
v 35.70085 52.46105 20.74421
v 35.50971 52.46632 20.61603
v 35.51503 52.46198 20.76243
v 35.32703 52.46632 20.66035
v 35.32981 52.46423 20.78808
v 35.14375 52.46632 20.70767
v 35.14439 52.46568 20.82386
v 34.95898 52.46632 20.75761
v 34.95881 52.46613 20.87015
v 34.80761 52.46632 20.80969
v 34.8056 52.4669 20.91647
v 34.65829 52.46632 20.86938
v 34.65442 52.46753 20.9716
v 34.51079 52.46632 20.93552
v 34.50513 52.468 21.03457
v 34.36151 52.46632 21.00247
v 34.35674 52.46759 21.1047
v 34.21297 52.46632 21.07467
v 34.20952 52.46709 21.18039
v 34.06702 52.46632 21.15435
v 34.06396 52.46692 21.26127
v 33.92555 52.46632 21.24311
v 33.92076 52.46724 21.34774
v 33.78424 52.46632 21.3356
v 33.77937 52.46721 21.44057
v 33.6402 52.46632 21.42948
v 33.63908 52.46642 21.53991
v 33.50531 52.46632 21.53592
v 33.50249 52.46671 21.64438
v 33.36917 52.46632 21.64509
v 33.36872 52.4663 21.75636
v 33.23706 52.46632 21.76143
v 33.23854 52.46603 21.87457
v 33.11258 52.46632 21.88688
v 33.1135 52.46613 21.99931
v 32.99141 52.46632 22.01793
v 32.99364 52.466 22.13142
v 32.8792 52.46632 22.1575
v 32.87932 52.46625 22.26915
v 32.78821 52.46632 22.27086
v 32.79134 52.466 22.38476
v 32.70592 52.46632 22.39054
v 32.70786 52.46612 22.50348
v 32.62957 52.46632 22.51463
v 32.62864 52.46635 22.6255
v 32.55344 52.46632 22.64059
v 32.55339 52.46628 22.75207
v 32.48209 52.46632 22.7702
v 32.48339 52.46621 22.8825
v 32.41452 52.46632 22.90291
v 32.41737 52.46612 23.01612
v 32.3651 52.46632 23.00409
v 32.37073 52.46596 23.11883
v 32.32909 52.46632 23.10958
v 32.3278 52.46636 23.22026
v 32.29347 52.46632 23.21576
v 32.28719 52.46663 23.32375
v 32.25762 52.46632 23.32262
v 32.2488 52.46674 23.42937
v 32.22687 52.46632 23.43113
v 32.21312 52.467 23.5354
v 32.20768 52.46632 23.50406
v 32.1906 52.46716 23.60697
v 32.18631 52.46632 23.57707
v 32.16888 52.46716 23.67983
v 40.70763 52.86633 23.54389
v 40.71758 52.86703 23.64937
v 40.68364 52.86633 23.47195
v 40.69196 52.86695 23.57818
v 40.65744 52.86633 23.40084
v 40.6652 52.8669 23.50725
v 40.63138 52.86633 23.33024
v 40.63811 52.86685 23.43717
v 40.6054 52.86633 23.26009
v 40.61021 52.86671 23.36803
v 40.56339 52.86633 23.15634
v 40.56655 52.8666 23.26523
v 40.51777 52.86633 23.0545
v 40.52053 52.86657 23.16355
v 40.46681 52.86633 22.9552
v 40.47188 52.86675 23.06265
v 40.4164 52.86633 22.85696
v 40.42114 52.86674 22.9646
v 40.35143 52.86633 22.72687
v 40.35074 52.86631 22.83803
v 40.27374 52.86633 22.60307
v 40.27525 52.8665 22.71269
v 40.19515 52.86633 22.48181
v 40.19567 52.86643 22.59206
v 40.11044 52.86633 22.36531
v 40.11189 52.86653 22.47482
v 40.02228 52.86633 22.25273
v 40.02501 52.86668 22.36112
v 39.93532 52.86633 22.14167
v 39.93509 52.86636 22.25245
v 39.8203 52.86633 22.00924
v 39.81819 52.86612 22.12173
v 39.70047 52.86633 21.88309
v 39.69704 52.86589 21.9969
v 39.57023 52.86633 21.76776
v 39.57084 52.86653 21.8776
v 39.44083 52.86633 21.6558
v 39.44106 52.86647 21.76596
v 39.30915 52.86633 21.54938
v 39.3081 52.86623 21.66108
v 39.16935 52.86633 21.4542
v 39.17183 52.867 21.56115
v 39.03177 52.86633 21.36105
v 39.034 52.86699 21.46796
v 38.89749 52.86633 21.2677
v 38.89546 52.86594 21.38114
v 38.75575 52.86633 21.18621
v 38.75412 52.86602 21.29916
v 38.61226 52.86633 21.11076
v 38.61154 52.86628 21.22213
v 38.4687 52.86633 21.0391
v 38.46798 52.86628 21.15051
v 38.32055 52.86633 20.97838
v 38.32242 52.86727 21.08358
v 38.14525 52.86633 20.90669
v 38.14682 52.86726 21.01182
v 37.96825 52.86633 20.84333
v 37.96918 52.86707 20.94962
v 37.79018 52.86633 20.7875
v 37.78973 52.8664 20.89809
v 37.61032 52.86633 20.74165
v 37.60892 52.86579 20.85632
v 37.43016 52.86633 20.70263
v 37.42778 52.86494 20.82324
v 37.24924 52.86633 20.67258
v 37.2464 52.86417 20.79873
v 37.06955 52.86633 20.64243
v 37.06578 52.86242 20.78129
v 36.88877 52.86633 20.62237
v 36.88589 52.86254 20.76937
v 36.70779 52.86633 20.60861
v 36.70795 52.86935 20.76311
v 36.5266 52.86633 20.5991
v 36.52631 52.8731 20.76065
v 36.34493 52.86633 20.5945
v 36.34291 52.87275 20.76045
v 36.1636 52.86633 20.60706
v 36.16177 52.86875 20.76424
v 35.98202 52.86633 20.62017
v 35.98192 52.8652 20.772
v 35.79956 52.86633 20.63557
v 35.80324 52.86131 20.78383
v 35.61665 52.86633 20.6577
v 35.62098 52.86191 20.8013
v 35.43625 52.86633 20.69616
v 35.43916 52.86371 20.82607
v 35.25632 52.86633 20.74083
v 35.25726 52.86536 20.85872
v 35.07439 52.86633 20.786
v 35.07421 52.8661 20.89868
v 34.89331 52.86633 20.83998
v 34.89207 52.86663 20.949
v 34.71423 52.86633 20.9042
v 34.71217 52.86694 21.01122
v 34.53938 52.86633 20.98127
v 34.53541 52.8676 21.08414
v 34.39339 52.86633 21.04887
v 34.38904 52.8676 21.15191
v 34.24623 52.86633 21.11881
v 34.24343 52.867 21.22562
v 34.10249 52.86633 21.19739
v 34.09964 52.86695 21.30455
v 33.95736 52.86633 21.27844
v 33.95636 52.86642 21.38888
v 33.81865 52.86633 21.37062
v 33.81577 52.86684 21.4784
v 33.67977 52.86633 21.46638
v 33.67671 52.86684 21.57419
v 33.54346 52.86633 21.56851
v 33.54 52.86688 21.67606
v 33.40933 52.86633 21.67647
v 33.40608 52.86679 21.78462
v 33.27502 52.86633 21.78851
v 33.27529 52.86618 21.90046
v 33.14834 52.86633 21.9101
v 33.14972 52.86605 22.02304
v 33.02839 52.86633 22.03971
v 33.029 52.86618 22.15187
v 32.91675 52.86633 22.17746
v 32.91383 52.86658 22.28661
v 32.82813 52.86633 22.29033
v 32.82516 52.86656 22.39956
v 32.74051 52.86633 22.40594
v 32.73996 52.86632 22.51709
v 32.66211 52.86633 22.52777
v 32.65929 52.86652 22.63726
v 32.58382 52.86633 22.65165
v 32.58247 52.86638 22.76221
v 32.50434 52.86633 22.77743
v 32.50917 52.86591 22.89216
v 32.43732 52.86633 22.90945
v 32.44155 52.86596 23.02367
v 32.39293 52.86633 23.01129
v 32.39414 52.86619 23.12352
v 32.35458 52.86633 23.11547
v 32.34975 52.86662 23.22402
v 32.31598 52.86633 23.22033
v 32.30759 52.86687 23.32685
v 32.27707 52.86633 23.32605
v 32.26749 52.86695 23.43209
v 32.25093 52.86633 23.39707
v 32.24202 52.86689 23.50355
v 32.22394 52.86633 23.46849
v 32.21736 52.86672 23.57632
v 40.6433 53.26633 23.4404
v 40.6589 53.26746 23.54348
v 40.61512 53.26633 23.37038
v 40.63001 53.2674 23.47374
v 40.58717 53.26633 23.3009
v 40.60083 53.26734 23.40487
v 40.5594 53.26633 23.2319
v 40.57096 53.26715 23.33698
v 40.51809 53.26633 23.12922
v 40.52479 53.26675 23.23724
v 40.46941 53.26633 23.02937
v 40.47592 53.26673 23.13747
v 40.41859 53.26633 22.93133
v 40.42507 53.26673 23.03933
v 40.36831 53.26633 22.83433
v 40.37223 53.26651 22.94403
v 40.29822 53.26633 22.70767
v 40.29872 53.26619 22.81981
v 40.2234 53.26633 22.58465
v 40.22112 53.26589 22.69899
v 40.13917 53.26633 22.4676
v 40.13861 53.26605 22.58069
v 40.05486 53.26633 22.35294
v 40.05331 53.26591 22.46694
v 39.96568 53.26633 22.24293
v 39.96482 53.26597 22.35643
v 39.84871 53.26633 22.11174
v 39.84901 53.2661 22.22431
v 39.73074 53.26633 21.98488
v 39.72965 53.26586 22.09892
v 39.5987 53.26633 21.87123
v 39.60434 53.26696 21.97852
v 39.46955 53.26632 21.76007
v 39.47767 53.26753 21.86435
v 39.34108 53.26633 21.65231
v 39.34749 53.26728 21.75799
v 39.2052 53.26633 21.55478
v 39.21347 53.26779 21.65753
v 39.07178 53.26633 21.45902
v 39.07829 53.26746 21.5636
v 38.94027 53.26633 21.36462
v 38.94199 53.26626 21.47606
v 38.80435 53.26633 21.27808
v 38.80367 53.26553 21.39369
v 38.66288 53.26633 21.2018
v 38.66297 53.26571 21.31641
v 38.51802 53.26633 21.13426
v 38.52085 53.26664 21.24354
v 38.34771 53.26633 21.0535
v 38.35029 53.26657 21.16315
v 38.17461 53.26633 20.98246
v 38.17759 53.26678 21.09085
v 37.99947 53.26633 20.92085
v 38.00287 53.26706 21.02754
v 37.8235 53.26633 20.86688
v 37.82651 53.26694 20.97423
v 37.6479 53.26632 20.81775
v 37.64951 53.26608 20.93028
v 37.47089 53.26633 20.77821
v 37.47176 53.26547 20.89469
v 37.29476 53.26633 20.74116
v 37.29434 53.2641 20.86675
v 37.118 53.26633 20.71099
v 37.11695 53.26271 20.84577
v 36.93995 53.26633 20.69318
v 36.93947 53.26238 20.83047
v 36.76222 53.26633 20.68011
v 36.76332 53.26374 20.8202
v 36.58465 53.26633 20.67019
v 36.5884 53.27019 20.81515
v 36.40676 53.26633 20.66443
v 36.41032 53.27583 20.81411
v 36.22832 53.26633 20.66423
v 36.2303 53.27119 20.81646
v 36.05005 53.26633 20.67616
v 36.0527 53.26615 20.82325
v 35.87288 53.26633 20.7003
v 35.87717 53.26299 20.83347
v 35.69503 53.26633 20.72479
v 35.69904 53.2641 20.85047
v 35.51639 53.26633 20.7526
v 35.52006 53.26487 20.8732
v 35.33803 53.26633 20.78849
v 35.34082 53.26573 20.90342
v 35.15861 53.26633 20.82851
v 35.16113 53.26598 20.94176
v 34.98219 53.26633 20.88242
v 34.98274 53.26709 20.98877
v 34.80389 53.26633 20.9385
v 34.80442 53.267 21.04545
v 34.62921 53.26633 21.00758
v 34.62857 53.26742 21.11195
v 34.45465 53.26633 21.08258
v 34.45446 53.26714 21.18885
v 34.30928 53.26633 21.1499
v 34.31022 53.26667 21.25893
v 34.16639 53.26633 21.22477
v 34.16745 53.26661 21.33419
v 34.02783 53.26633 21.30871
v 34.02645 53.26727 21.41424
v 33.88814 53.26633 21.39512
v 33.88576 53.26744 21.49963
v 33.74621 53.26633 21.4836
v 33.74601 53.26683 21.59169
v 33.61135 53.26633 21.58309
v 33.60939 53.26717 21.68921
v 33.47835 53.26633 21.68812
v 33.47536 53.26731 21.7935
v 33.34553 53.26633 21.79745
v 33.34443 53.26687 21.90532
v 33.20936 53.26633 21.90909
v 33.21568 53.26564 22.02452
v 33.09299 53.26633 22.03791
v 33.09395 53.26646 22.14807
v 32.97702 53.26633 22.17026
v 32.97621 53.26667 22.2789
v 32.88786 53.26633 22.28064
v 32.88603 53.26675 22.38852
v 32.79768 53.26633 22.39289
v 32.79842 53.26646 22.50297
v 32.70988 53.26633 22.50881
v 32.71395 53.26611 22.62152
v 32.63528 53.26633 22.6324
v 32.63542 53.2665 22.74215
v 32.5597 53.26633 22.75762
v 32.56015 53.26646 22.86765
v 32.4829 53.26633 22.88481
v 32.48835 53.266 22.99825
v 32.43536 53.26632 22.98465
v 32.43845 53.26622 23.0965
v 32.39549 53.26633 23.08742
v 32.39178 53.26682 23.19486
v 32.35535 53.26633 23.19092
v 32.34711 53.26721 23.29574
v 32.31485 53.26633 23.2953
v 32.30453 53.26736 23.39883
v 32.28764 53.26633 23.36545
v 32.27697 53.26737 23.46918
v 32.25738 53.26633 23.43569
v 32.25019 53.26707 23.54142
v 40.60527 53.66633 23.37203
v 40.60907 53.66651 23.48196
v 40.56217 53.66633 23.30553
v 40.57518 53.66744 23.40939
v 40.5292 53.66633 23.23804
v 40.54305 53.66758 23.34127
v 40.49652 53.66633 23.17117
v 40.51016 53.66756 23.2743
v 40.44801 53.66633 23.07189
v 40.45975 53.66738 23.1762
v 40.40025 53.66632 22.97365
v 40.40805 53.66695 23.0806
v 40.35182 53.66633 22.87671
v 40.35461 53.66642 22.98717
v 40.2957 53.66632 22.78332
v 40.29821 53.66638 22.89402
v 40.22169 53.66633 22.66053
v 40.22082 53.666 22.77384
v 40.13712 53.66633 22.54411
v 40.13867 53.66628 22.65553
v 40.05484 53.66633 22.42921
v 40.05377 53.66593 22.54288
v 39.96796 53.66633 22.31873
v 39.96585 53.66578 22.43339
v 39.87296 53.66633 22.21492
v 39.87403 53.66619 22.32682
v 39.75524 53.66633 22.08838
v 39.75608 53.66615 22.20055
v 39.63675 53.66633 21.96609
v 39.63504 53.66568 22.08099
v 39.50417 53.66633 21.8574
v 39.50829 53.66674 21.96612
v 39.37305 53.66633 21.7524
v 39.37955 53.6673 21.85817
v 39.2431 53.66633 21.65069
v 39.24888 53.66723 21.75694
v 39.11086 53.66633 21.55492
v 39.11642 53.66729 21.66093
v 38.97852 53.66633 21.46301
v 38.98183 53.66671 21.57203
v 38.84281 53.66633 21.37831
v 38.84502 53.6664 21.48898
v 38.67793 53.66633 21.28406
v 38.67921 53.6661 21.39636
v 38.51099 53.66633 21.19786
v 38.51182 53.66589 21.31124
v 38.34095 53.66632 21.12177
v 38.34303 53.66637 21.23257
v 38.16869 53.66633 21.05539
v 38.17264 53.66728 21.16127
v 37.99739 53.66633 20.99342
v 38.00134 53.6674 21.09853
v 37.82439 53.66633 20.94084
v 37.82829 53.6675 21.04535
v 37.65329 53.66633 20.88943
v 37.65527 53.66634 21.00043
v 37.47858 53.66633 20.85353
v 37.48078 53.66652 20.96349
v 37.30527 53.66633 20.81989
v 37.30664 53.66578 20.93419
v 37.13231 53.66633 20.79023
v 37.13286 53.66468 20.91112
v 36.95948 53.66633 20.76348
v 36.95937 53.66307 20.89401
v 36.78535 53.66633 20.7493
v 36.78577 53.66269 20.88207
v 36.61143 53.66633 20.73641
v 36.61471 53.66879 20.87579
v 36.43705 53.66633 20.73496
v 36.44101 53.67765 20.87474
v 36.26256 53.66633 20.73671
v 36.26456 53.67249 20.87579
v 36.0878 53.66633 20.74431
v 36.09001 53.66703 20.88125
v 35.9128 53.66633 20.75819
v 35.91695 53.6627 20.89169
v 35.73732 53.66633 20.77732
v 35.74194 53.66312 20.90787
v 35.56404 53.66633 20.81194
v 35.56727 53.66509 20.93042
v 35.38943 53.66633 20.84682
v 35.39178 53.66602 20.95977
v 35.21443 53.66632 20.88712
v 35.21615 53.66649 20.99723
v 35.03923 53.66633 20.93368
v 35.04055 53.66671 21.04258
v 34.86446 53.66633 20.98795
v 34.86544 53.66685 21.09608
v 34.69223 53.66632 21.05323
v 34.6921 53.66732 21.15877
v 34.51922 53.66633 21.12326
v 34.51963 53.66698 21.23074
v 34.3463 53.66633 21.19993
v 34.34827 53.66632 21.31105
v 34.17809 53.66633 21.28909
v 34.17921 53.6666 21.39866
v 34.039 53.66633 21.36911
v 34.03901 53.66693 21.47696
v 33.89743 53.66633 21.45078
v 33.89909 53.66642 21.5614
v 33.76072 53.66633 21.54187
v 33.76174 53.66657 21.65165
v 33.62751 53.66633 21.6403
v 33.62715 53.66687 21.74839
v 33.49384 53.66633 21.7425
v 33.4939 53.66672 21.85135
v 33.3571 53.66633 21.84705
v 33.36253 53.66568 21.96193
v 33.2286 53.66633 21.96222
v 33.23578 53.66547 22.07862
v 33.10458 53.66633 22.0846
v 33.11298 53.66534 22.20198
v 32.98891 53.66633 22.21582
v 32.99511 53.66575 22.33076
v 32.89971 53.66633 22.32524
v 32.90447 53.66596 22.43876
v 32.81518 53.66633 22.43919
v 32.81756 53.66627 22.55062
v 32.73147 53.66633 22.55579
v 32.73356 53.66631 22.66703
v 32.64886 53.66633 22.67532
v 32.65327 53.66605 22.78829
v 32.57491 53.66633 22.80036
v 32.57768 53.66624 22.91208
v 32.52321 53.66633 22.89675
v 32.5239 53.66647 23.00692
v 32.47502 53.66633 22.99528
v 32.47258 53.66679 23.10329
v 32.43083 53.66633 23.0959
v 32.42384 53.66726 23.20096
v 32.38622 53.66633 23.19748
v 32.37701 53.66745 23.30119
v 32.35735 53.66633 23.26603
v 32.34679 53.6676 23.36908
v 32.32407 53.66633 23.33433
v 32.31666 53.66726 23.43955
v 40.49814 54.06633 23.24436
v 40.51316 54.06783 23.34652
v 40.46429 54.06633 23.17831
v 40.47832 54.06778 23.28095
v 40.43185 54.06633 23.1126
v 40.44285 54.06738 23.21737
v 40.39794 54.06633 23.04785
v 40.40719 54.06721 23.15377
v 40.34178 54.06633 22.95336
v 40.35149 54.06726 23.05871
v 40.2868 54.06633 22.86003
v 40.29473 54.06707 22.96672
v 40.23218 54.06633 22.76793
v 40.23672 54.06663 22.8772
v 40.17191 54.06633 22.67915
v 40.17617 54.06659 22.78864
v 40.08768 54.06633 22.56458
v 40.09234 54.06666 22.67366
v 40.006 54.06633 22.45146
v 40.00647 54.06604 22.56424
v 39.91775 54.06633 22.34376
v 39.91716 54.06586 22.45757
v 39.82857 54.06633 22.23902
v 39.82575 54.06549 22.35502
v 39.73061 54.06633 22.14175
v 39.73045 54.06589 22.25534
v 39.609 54.06633 22.02367
v 39.60898 54.06588 22.13726
v 39.48249 54.06633 21.91312
v 39.48401 54.06616 22.02511
v 39.35136 54.06633 21.81049
v 39.35599 54.06686 21.91876
v 39.22264 54.06633 21.71039
v 39.22642 54.06669 21.81959
v 39.092 54.06633 21.61601
v 39.09475 54.06645 21.7265
v 38.95683 54.06633 21.53011
v 38.96117 54.06694 21.63814
v 38.824 54.06633 21.44599
v 38.82638 54.06634 21.557
v 38.65984 54.06633 21.35567
v 38.66305 54.06666 21.46511
v 38.49645 54.06633 21.27016
v 38.49851 54.06622 21.38182
v 38.33105 54.06633 21.19292
v 38.33295 54.06613 21.30502
v 38.16245 54.06633 21.12654
v 38.16559 54.06673 21.23549
v 37.99625 54.06633 21.06162
v 37.99789 54.06594 21.17473
v 37.82566 54.06633 21.01108
v 37.82801 54.06633 21.12212
v 37.65614 54.06633 20.96457
v 37.65811 54.06607 21.07701
v 37.48578 54.06633 20.92646
v 37.48778 54.06605 21.03905
v 37.31584 54.06633 20.89346
v 37.3175 54.06564 21.00826
v 37.14606 54.06633 20.86576
v 37.14741 54.06508 20.98371
v 36.97664 54.06633 20.84131
v 36.97763 54.0641 20.96462
v 36.80651 54.06633 20.82596
v 36.80779 54.06377 20.95113
v 36.63646 54.06633 20.81417
v 36.63944 54.0671 20.94334
v 36.46611 54.06633 20.81095
v 36.47073 54.07707 20.94146
v 36.2957 54.06633 20.81315
v 36.29829 54.07272 20.94146
v 36.12465 54.06633 20.8159
v 36.12695 54.06842 20.94629
v 35.95339 54.06633 20.82749
v 35.95686 54.06446 20.95571
v 35.78208 54.06633 20.84657
v 35.78621 54.06385 20.97131
v 35.61045 54.06633 20.87132
v 35.6146 54.06435 20.99324
v 35.43923 54.06633 20.90427
v 35.44286 54.06518 21.02167
v 35.26598 54.06633 20.93824
v 35.27013 54.06496 21.05677
v 35.09588 54.06633 20.9871
v 35.09883 54.06591 21.10039
v 34.92419 54.06633 21.0385
v 34.92699 54.06606 21.151
v 34.75566 54.06633 21.1021
v 34.75664 54.06702 21.20951
v 34.5861 54.06633 21.16972
v 34.5867 54.06714 21.27656
v 34.41553 54.06633 21.2423
v 34.41743 54.06651 21.35247
v 34.24758 54.06633 21.32503
v 34.24959 54.06644 21.43552
v 34.0837 54.06633 21.41875
v 34.08417 54.06695 21.52664
v 33.9443 54.06633 21.49847
v 33.94603 54.06651 21.60861
v 33.80573 54.06633 21.58384
v 33.80893 54.06609 21.69619
v 33.67524 54.06633 21.68105
v 33.67539 54.06687 21.78923
v 33.54212 54.06633 21.78022
v 33.54279 54.0667 21.88926
v 33.41179 54.06633 21.88606
v 33.4129 54.06657 21.99576
v 33.28339 54.06633 21.9978
v 33.2858 54.06631 22.10899
v 33.15945 54.06633 22.11692
v 33.16264 54.06618 22.22883
v 33.06017 54.06633 22.21542
v 33.06651 54.06569 22.33034
v 32.96555 54.06633 22.31937
v 32.97347 54.06547 22.43565
v 32.88112 54.06633 22.43091
v 32.8849 54.06612 22.54329
v 32.79213 54.06633 22.54287
v 32.79793 54.06585 22.65694
v 32.71318 54.06633 22.66152
v 32.7159 54.06628 22.7729
v 32.658 54.06633 22.75345
v 32.65733 54.06672 22.86206
v 32.60526 54.06633 22.84737
v 32.6008 54.0672 22.95313
v 32.5525 54.06633 22.94248
v 32.54594 54.06747 23.04695
v 32.50308 54.06633 23.03978
v 32.49371 54.06778 23.14216
v 32.47159 54.06633 23.10569
v 32.45955 54.0681 23.20653
v 32.43987 54.06633 23.17209
v 32.42665 54.06821 23.27217
v 40.40949 54.46634 23.11797
v 40.41194 54.46635 23.22895
v 40.35859 54.46633 23.05802
v 40.37009 54.46768 23.16182
v 40.31234 54.46633 22.99803
v 40.32962 54.46855 23.09706
v 40.27575 54.46633 22.93622
v 40.2907 54.46819 23.03695
v 40.23814 54.46633 22.87537
v 40.2513 54.46798 22.97746
v 40.18005 54.46633 22.78588
v 40.19086 54.46762 22.88974
v 40.11986 54.46633 22.69861
v 40.12869 54.46736 22.80401
v 40.05809 54.46633 22.61343
v 40.0645 54.46696 22.72087
v 39.97696 54.46634 22.50156
v 39.97832 54.46617 22.61354
v 39.88608 54.46633 22.39666
v 39.88769 54.4662 22.50845
v 39.79534 54.46633 22.29451
v 39.79529 54.46588 22.408
v 39.70403 54.46633 22.19527
v 39.70145 54.46539 22.3115
v 39.58175 54.46633 22.07981
v 39.57981 54.46542 22.19564
v 39.45677 54.46633 21.97061
v 39.45548 54.46552 22.08592
v 39.32558 54.46633 21.87054
v 39.32804 54.46636 21.98146
v 39.19609 54.46633 21.77396
v 39.1991 54.46651 21.88414
v 39.06548 54.46633 21.6828
v 39.0686 54.46656 21.79276
v 38.93221 54.46633 21.59859
v 38.9366 54.46698 21.70648
v 38.77352 54.46633 21.50205
v 38.77687 54.46669 21.61139
v 38.61187 54.46633 21.4149
v 38.61519 54.46671 21.52412
v 38.44908 54.46633 21.33537
v 38.45255 54.46682 21.44407
v 38.28903 54.46634 21.25764
v 38.29066 54.466 21.37036
v 38.12334 54.46633 21.19427
v 38.12621 54.46661 21.30395
v 37.95839 54.46633 21.13593
v 37.96141 54.46675 21.24492
v 37.7934 54.46633 21.08354
v 37.79591 54.46645 21.19404
v 37.6288 54.46633 21.03578
v 37.63036 54.46572 21.14987
v 37.46261 54.46633 20.99777
v 37.46416 54.46561 21.11249
v 37.29517 54.46633 20.97058
v 37.29747 54.46629 21.08184
v 37.13014 54.46633 20.94065
v 37.13171 54.46529 21.05706
v 36.96429 54.46633 20.91931
v 36.96582 54.46487 21.03781
v 36.79868 54.46633 20.90051
v 36.80011 54.46389 21.024
v 36.63261 54.46633 20.88763
v 36.6347 54.46453 21.01538
v 36.46611 54.46633 20.89048
v 36.47007 54.47472 21.01312
v 36.2999 54.46633 20.89332
v 36.30239 54.47081 21.01307
v 36.13309 54.46633 20.89618
v 36.13574 54.46575 21.01768
v 35.96547 54.46633 20.90374
v 35.96899 54.46381 21.02776
v 35.79816 54.46633 20.92223
v 35.80182 54.46433 21.04359
v 35.63023 54.46633 20.94515
v 35.63402 54.46461 21.0651
v 35.4622 54.46633 20.97499
v 35.46593 54.46497 21.09306
v 35.29505 54.46633 21.01398
v 35.29806 54.46577 21.12791
v 35.12683 54.46633 21.05662
v 35.12969 54.46595 21.16962
v 34.95997 54.46633 21.10872
v 34.96213 54.46644 21.21921
v 34.79378 54.46633 21.16813
v 34.79481 54.46704 21.27557
v 34.6259 54.46634 21.23101
v 34.62733 54.46677 21.33992
v 34.45718 54.46633 21.29963
v 34.46053 54.4659 21.41287
v 34.29359 54.46633 21.38186
v 34.29579 54.46638 21.49269
v 34.13314 54.46633 21.47367
v 34.13243 54.46739 21.57946
v 33.97529 54.46633 21.57387
v 33.97066 54.46853 21.67385
v 33.84093 54.46633 21.65915
v 33.83585 54.46845 21.75929
v 33.70139 54.46633 21.74481
v 33.70081 54.46709 21.8519
v 33.56461 54.46633 21.83829
v 33.56815 54.46603 21.9509
v 33.43528 54.46633 21.94248
v 33.43911 54.466 22.05535
v 33.31106 54.46633 22.0547
v 33.31348 54.46631 22.1659
v 33.1914 54.46633 22.17403
v 33.19149 54.46676 22.28276
v 33.09338 54.46633 22.27138
v 33.0954 54.46638 22.38214
v 33.00045 54.46633 22.37437
v 33.00244 54.46638 22.48514
v 32.90936 54.46633 22.48112
v 32.91165 54.46634 22.59215
v 32.8234 54.46633 22.59294
v 32.82469 54.4665 22.70305
v 32.76477 54.46633 22.68081
v 32.76257 54.46704 22.78792
v 32.70926 54.46633 22.7711
v 32.70258 54.4677 22.87452
v 32.6579 54.46633 22.86396
v 32.64489 54.46869 22.96245
v 32.60408 54.46633 22.95727
v 32.58828 54.46906 23.05377
v 40.19921 54.86633 22.88764
v 40.20779 54.86827 22.98931
v 40.152 54.86633 22.8314
v 40.16382 54.8688 22.92991
v 40.10544 54.86633 22.77593
v 40.11962 54.86928 22.87221
v 40.0447 54.86633 22.691
v 40.05523 54.86863 22.79016
v 39.97748 54.86633 22.61023
v 39.9884 54.8688 22.70878
v 39.90978 54.86633 22.53147
v 39.92053 54.86882 22.62983
v 39.84314 54.86633 22.45393
v 39.85193 54.86853 22.55377
v 39.75573 54.86634 22.35222
v 39.76006 54.86771 22.45652
v 39.66998 54.86633 22.25203
v 39.66702 54.86614 22.364
v 39.56957 54.86633 22.16288
v 39.56888 54.86666 22.27229
v 39.47075 54.86633 22.07596
v 39.46936 54.86651 22.18615
v 39.35168 54.86633 21.9682
v 39.34576 54.86533 22.08414
v 39.22111 54.86633 21.87326
v 39.21777 54.86599 21.986
v 39.09175 54.86633 21.78225
v 39.08879 54.86607 21.89452
v 38.95813 54.86633 21.69985
v 38.95801 54.867 21.80782
v 38.82622 54.86633 21.62073
v 38.82643 54.86716 21.72793
v 38.67027 54.86633 21.52909
v 38.66882 54.86659 21.63892
v 38.51218 54.86633 21.44583
v 38.50899 54.86589 21.55902
v 38.35172 54.86633 21.37176
v 38.34848 54.86582 21.48531
v 38.19018 54.86633 21.30561
v 38.18711 54.86586 21.41902
v 38.02838 54.86633 21.24628
v 38.02573 54.86604 21.35881
v 37.86921 54.86633 21.18791
v 37.86483 54.86492 21.30609
v 37.70707 54.86633 21.14117
v 37.70309 54.86502 21.25894
v 37.54467 54.86633 21.10136
v 37.54105 54.8651 21.21883
v 37.38146 54.86633 21.07071
v 37.37863 54.86565 21.18532
v 37.22009 54.86634 21.04066
v 37.21706 54.86528 21.15722
v 37.05933 54.86633 21.01287
v 37.05589 54.86431 21.13447
v 36.89671 54.86633 21.00085
v 36.89407 54.86528 21.11743
v 36.73521 54.86633 20.98893
v 36.7328 54.86539 21.1049
v 36.57394 54.86634 20.97701
v 36.57158 54.86552 21.09804
v 36.41221 54.86633 20.97655
v 36.41006 54.86487 21.09533
v 36.25035 54.86633 20.97919
v 36.24844 54.86494 21.09757
v 36.08798 54.86633 20.98505
v 36.08638 54.86469 21.10483
v 35.92463 54.86633 20.99381
v 35.92365 54.86409 21.11681
v 35.76077 54.86633 21.00952
v 35.76034 54.86388 21.13353
v 35.59796 54.86633 21.0371
v 35.59726 54.86472 21.15668
v 35.43427 54.86633 21.06802
v 35.43346 54.8651 21.18556
v 35.27047 54.86633 21.10538
v 35.26939 54.86551 21.22075
v 35.1067 54.86633 21.14944
v 35.10513 54.86595 21.26249
v 34.94201 54.86633 21.19826
v 34.94052 54.86594 21.31132
v 34.7788 54.86633 21.25653
v 34.77683 54.86625 21.36804
v 34.61568 54.86633 21.32132
v 34.61309 54.86656 21.43125
v 34.44979 54.86633 21.38894
v 34.44883 54.86581 21.50253
v 34.28811 54.86633 21.46905
v 34.28657 54.86609 21.58125
v 34.12639 54.86633 21.55565
v 34.12491 54.86609 21.66791
v 33.99194 54.86633 21.63333
v 33.9907 54.86603 21.74586
v 33.8619 54.86633 21.71984
v 33.85864 54.86668 21.82922
v 33.72891 54.86633 21.80832
v 33.72646 54.86642 21.91897
v 33.59827 54.86633 21.90361
v 33.59619 54.86632 22.01473
v 33.46818 54.86633 22.00427
v 33.46692 54.86611 22.11648
v 33.3433 54.86633 22.11334
v 33.34132 54.86629 22.22462
v 33.2462 54.86633 22.20567
v 33.24329 54.8665 22.3159
v 33.14719 54.86633 22.29999
v 33.14598 54.86613 22.41208
v 33.05996 54.86633 22.4034
v 33.05371 54.86716 22.51023
v 32.97245 54.86633 22.50921
v 32.96305 54.86768 22.61319
v 32.90946 54.86633 22.59148
v 32.89696 54.86824 22.69278
v 32.85149 54.86633 22.67716
v 32.83348 54.86921 22.77349
v 32.78484 54.86633 22.76108
v 32.76882 54.86873 22.85964
v 39.90373 55.26633 22.6055
v 39.91644 55.26952 22.70149
v 39.85715 55.26633 22.5549
v 39.8695 55.26946 22.65084
v 39.78828 55.26633 22.48009
v 39.79922 55.26928 22.57712
v 39.72052 55.26633 22.40648
v 39.72793 55.26855 22.50688
v 39.65027 55.26633 22.33583
v 39.656 55.26825 22.43788
v 39.55544 55.26633 22.24493
v 39.55888 55.26778 22.34939
v 39.46288 55.26633 22.15554
v 39.46189 55.26664 22.26521
v 39.3659 55.26633 22.07172
v 39.36286 55.26607 22.18399
v 39.23607 55.26633 21.97737
v 39.23532 55.26676 22.08656
v 39.10965 55.26633 21.88552
v 39.10817 55.26655 21.99565
v 38.9781 55.26633 21.80288
v 38.9783 55.26715 21.91032
v 38.84621 55.26633 21.72577
v 38.84738 55.26754 21.83133
v 38.69197 55.26633 21.63559
v 38.69182 55.26711 21.74311
v 38.53806 55.26633 21.55121
v 38.53541 55.26611 21.66334
v 38.3808 55.26633 21.47714
v 38.37796 55.266 21.58973
v 38.22605 55.26633 21.40571
v 38.22138 55.26503 21.52285
v 38.0657 55.26633 21.34912
v 38.06262 55.26578 21.46275
v 37.90761 55.26633 21.2956
v 37.90498 55.26601 21.40821
v 37.75084 55.26633 21.2456
v 37.74746 55.26543 21.36105
v 37.59328 55.26633 21.20319
v 37.58977 55.26522 21.3197
v 37.43484 55.26633 21.16947
v 37.43215 55.26582 21.2831
v 37.27764 55.26633 21.13839
v 37.27481 55.26556 21.25336
v 37.09402 55.26633 21.11057
v 37.0913 55.26548 21.22595
v 36.91085 55.26633 21.08885
v 36.90816 55.26519 21.2056
v 36.72759 55.26633 21.07591
v 36.72521 55.26549 21.19122
v 36.54463 55.26633 21.06619
v 36.54233 55.26503 21.18381
v 36.36121 55.26633 21.06061
v 36.35918 55.26449 21.18093
v 36.17774 55.26633 21.06988
v 36.17582 55.26552 21.18504
v 35.99344 55.26633 21.08035
v 35.99173 55.26533 21.19648
v 35.80852 55.26633 21.0985
v 35.80693 55.26545 21.21407
v 35.64917 55.26633 21.11891
v 35.64784 55.26532 21.23508
v 35.49013 55.26634 21.14779
v 35.48846 55.26586 21.26126
v 35.33062 55.26633 21.18207
v 35.32864 55.2662 21.2938
v 35.16946 55.26633 21.21944
v 35.16796 55.26586 21.33287
v 35.00867 55.26633 21.26496
v 35.00747 55.26571 21.37903
v 34.8477 55.26633 21.31717
v 34.84668 55.26567 21.43139
v 34.68946 55.26633 21.38046
v 34.68696 55.26654 21.49057
v 34.52846 55.26633 21.4461
v 34.52644 55.26628 21.55741
v 34.36766 55.26633 21.51906
v 34.36571 55.26625 21.63052
v 34.2091 55.26633 21.60159
v 34.20607 55.2667 21.71098
v 34.04979 55.26633 21.69018
v 34.04636 55.26682 21.79905
v 33.91607 55.26633 21.76863
v 33.91316 55.26661 21.87848
v 33.78704 55.26633 21.85623
v 33.7829 55.267 21.9643
v 33.65887 55.26633 21.94928
v 33.65343 55.26736 22.05562
v 33.53043 55.26633 22.04705
v 33.5249 55.26731 22.15366
v 33.4257 55.26633 22.12774
v 33.42272 55.26656 22.2377
v 33.3326 55.26634 22.21891
v 33.32489 55.26779 22.32318
v 33.23774 55.26634 22.31182
v 33.22748 55.26834 22.41337
v 33.16615 55.26633 22.38327
v 33.15446 55.26854 22.48372
v 33.09985 55.26633 22.45906
v 33.08422 55.26931 22.55569
v 33.02322 55.26633 22.53181
v 33.01179 55.26835 22.63326
v 39.59646 55.66634 22.36505
v 39.606 55.66961 22.46159
v 39.52135 55.66634 22.30074
v 39.53053 55.66964 22.39714
v 39.44626 55.66634 22.23845
v 39.45491 55.66973 22.33512
v 39.37062 55.66634 22.17848
v 39.37893 55.66961 22.27501
v 39.27082 55.66634 22.10081
v 39.27791 55.66945 22.19869
v 39.17294 55.66634 22.02495
v 39.1773 55.6687 22.12595
v 39.07278 55.66634 21.95385
v 39.07512 55.66808 22.05742
v 38.94432 55.66634 21.87216
v 38.94651 55.6681 21.97556
v 38.81549 55.66634 21.79592
v 38.81763 55.66819 21.89899
v 38.68972 55.66634 21.72149
v 38.68959 55.66736 21.82806
v 38.53645 55.66634 21.64063
v 38.535 55.66682 21.74957
v 38.38187 55.66634 21.56801
v 38.38007 55.66668 21.67755
v 38.22551 55.66634 21.50474
v 38.22464 55.66723 21.61185
v 38.07423 55.66634 21.44047
v 38.07105 55.66592 21.55339
v 37.91907 55.66633 21.38868
v 37.9164 55.66622 21.50024
v 37.76406 55.66634 21.34347
v 37.76201 55.66668 21.453
v 37.58556 55.66634 21.29395
v 37.58311 55.66638 21.4048
v 37.40596 55.66634 21.25576
v 37.4038 55.66669 21.36517
v 37.22796 55.66634 21.22142
v 37.22562 55.66653 21.33157
v 37.04883 55.66634 21.20055
v 37.04693 55.66733 21.30683
v 36.87154 55.66634 21.17993
v 36.86931 55.66695 21.28805
v 36.6944 55.66634 21.16399
v 36.69193 55.66644 21.27456
v 36.51691 55.66634 21.1545
v 36.51439 55.66616 21.26642
v 36.33907 55.66634 21.15491
v 36.33658 55.66616 21.26678
v 36.16096 55.66634 21.16134
v 36.15846 55.66634 21.2724
v 35.98248 55.66634 21.17463
v 35.97984 55.66668 21.284
v 35.80254 55.66634 21.19046
v 35.80004 55.66634 21.30154
v 35.62189 55.66634 21.21464
v 35.61939 55.66634 21.32569
v 35.44006 55.66634 21.24562
v 35.4378 55.66608 21.35793
v 35.25881 55.66634 21.28808
v 35.25609 55.66653 21.39819
v 35.10225 55.66634 21.3292
v 35.0995 55.66653 21.43936
v 34.94498 55.66634 21.37611
v 34.94212 55.66658 21.48607
v 34.78562 55.66634 21.42685
v 34.78395 55.66582 21.54022
v 34.62975 55.66634 21.4902
v 34.6268 55.66659 21.60015
v 34.47254 55.66634 21.55843
v 34.46893 55.66692 21.667
v 34.31924 55.66634 21.63809
v 34.31231 55.66846 21.74
v 34.16318 55.66634 21.7212
v 34.1547 55.66896 21.82108
v 34.02941 55.66634 21.79243
v 34.02222 55.66825 21.89523
v 33.90004 55.66634 21.87305
v 33.89117 55.66874 21.97372
v 33.77052 55.66634 21.95866
v 33.76065 55.66895 22.05844
v 33.6696 55.66634 22.0329
v 33.65768 55.66953 22.13001
v 33.57174 55.66634 22.11241
v 33.55617 55.6706 22.2049
v 33.46941 55.66634 22.19214
v 33.45327 55.67046 22.28475
v 33.38871 55.66634 22.25196
v 33.37483 55.66968 22.34817
v 39.01863 56.06634 21.9977
v 39.02777 56.07086 22.08962
v 38.91171 56.06634 21.93876
v 38.92316 56.0721 22.0259
v 38.78552 56.06634 21.86365
v 38.79452 56.0714 21.95329
v 38.65944 56.06634 21.79343
v 38.66639 56.07071 21.88593
v 38.5329 56.06634 21.72861
v 38.53822 56.0701 21.82344
v 38.37643 56.06634 21.66308
v 38.38316 56.07111 21.75355
v 38.22601 56.06634 21.5974
v 38.23087 56.07047 21.69015
v 38.07911 56.06634 21.53279
v 38.08029 56.06864 21.63364
v 37.92715 56.06634 21.48232
v 37.92835 56.06884 21.58224
v 37.75058 56.06634 21.43113
v 37.75178 56.06918 21.52913
v 37.57606 56.06634 21.38504
v 37.57661 56.06905 21.48345
v 37.40083 56.06634 21.35005
v 37.40171 56.0698 21.44498
v 37.22807 56.06634 21.31718
v 37.22826 56.06968 21.41277
v 37.05495 56.06634 21.29439
v 37.05466 56.07008 21.38803
v 36.88274 56.06634 21.27698
v 36.88206 56.07048 21.36866
v 36.71164 56.06634 21.25825
v 36.70995 56.06933 21.35527
v 36.53983 56.06634 21.24927
v 36.53761 56.06894 21.34827
v 36.36792 56.06634 21.25286
v 36.36531 56.07018 21.34596
v 36.19566 56.06634 21.25598
v 36.19252 56.06992 21.35022
v 36.02238 56.06634 21.2631
v 36.01881 56.06941 21.36001
v 35.84836 56.06634 21.27819
v 35.84447 56.06912 21.37636
v 35.6731 56.06634 21.29911
v 35.66891 56.06883 21.39849
v 35.49738 56.06634 21.32908
v 35.49254 56.0691 21.42728
v 35.31866 56.06634 21.36146
v 35.31416 56.06832 21.4634
v 35.14197 56.06634 21.40887
v 35.13608 56.06915 21.50728
v 34.98891 56.06634 21.45375
v 34.98219 56.06948 21.55102
v 34.8337 56.06634 21.50232
v 34.82693 56.06923 21.60069
v 34.67678 56.06634 21.55614
v 34.67021 56.0688 21.65658
v 34.52336 56.06634 21.62232
v 34.51479 56.06973 21.71911
v 34.37022 56.06634 21.69571
v 34.35918 56.07077 21.78809
v 34.2397 56.06634 21.75917
v 34.22755 56.07096 21.85085
v 34.11085 56.06634 21.82963
v 34.09652 56.07173 21.91828
v 38.23769 56.46634 21.67054
v 38.24532 56.47588 21.73939
v 38.0864 56.46634 21.61669
v 38.09289 56.47606 21.68473
v 37.9363 56.46634 21.56879
v 37.94163 56.47589 21.63569
v 37.78855 56.46634 21.5243
v 37.79271 56.47578 21.59115
v 37.61606 56.46634 21.48186
v 37.6185 56.47608 21.54707
v 37.44586 56.46634 21.44422
v 37.44701 56.47622 21.50897
v 37.27665 56.46634 21.41354
v 37.27645 56.47672 21.47716
v 37.1092 56.46634 21.38601
v 37.10744 56.47623 21.4503
v 36.94193 56.46634 21.36617
v 36.93851 56.47634 21.42971
v 36.77506 56.46634 21.35306
v 36.77009 56.47661 21.41515
v 36.60876 56.46634 21.34277
v 36.60176 56.47623 21.40683
v 36.4424 56.46634 21.34744
v 36.43428 56.478 21.40315
v 36.27615 56.46634 21.34817
v 36.26647 56.47793 21.40407
v 36.10877 56.46634 21.35041
v 36.09765 56.4769 21.41118
v 35.94061 56.46634 21.3612
v 35.9279 56.47628 21.42451
v 35.77124 56.46634 21.37781
v 35.75726 56.47579 21.44343
v 35.6001 56.46634 21.39939
v 35.5852 56.47513 21.46789
v 35.42819 56.46634 21.42978
v 35.412 56.47505 21.49857
v 35.25523 56.46634 21.46794
v 35.23704 56.47545 21.53574
v 35.08157 56.46634 21.51468
v 35.06123 56.47609 21.58026
v 34.92952 56.46634 21.5572
v 34.90772 56.47609 21.62449
v 34.77199 56.46634 21.59972
v 34.75123 56.47445 21.67447
v 38.57835 43.26628 20.99136
v 38.66752 43.66628 20.97842
v 38.44343 43.26628 20.90031
v 38.30341 43.26628 20.81726
v 38.1601 43.26628 20.74005
v 38.01501 43.26628 20.66594
v 37.86745 43.26628 20.59626
v 37.71399 43.2663 20.54079
v 37.56023 43.26628 20.486
v 37.40438 43.26628 20.43668
v 37.2434 43.26628 20.40784
v 37.08273 43.26628 20.37993
v 36.92103 43.26628 20.35969
v 36.75856 43.26628 20.34872
v 36.59607 43.2663 20.34302
v 36.43359 43.26628 20.33801
v 36.27161 43.26628 20.35338
v 36.11019 43.26628 20.36834
v 35.94943 43.26628 20.38831
v 35.78975 43.26628 20.41537
v 35.63146 43.26628 20.44943
v 35.4754 43.26628 20.4923
v 35.32001 43.26628 20.53734
v 35.16614 43.26628 20.58775
v 35.01783 43.26628 20.65275
v 34.87283 43.26628 20.72431
v 34.73129 43.26628 20.80196
v 34.59223 43.26628 20.88346
v 34.45798 43.26628 20.97245
v 34.32433 43.26628 21.06203
v 34.20037 43.26628 21.16467
v 34.08144 43.26628 21.27259
v 33.9623 43.26628 21.37967
v 33.84688 43.66628 21.39934
v 39.83309 43.66628 22.34912
v 39.93067 44.06628 22.41218
v 39.75579 43.66628 22.20347
v 39.67296 43.66628 22.06083
v 39.58448 43.66628 21.92149
v 39.49155 43.66628 21.78486
v 39.38768 43.66628 21.65633
v 39.28373 43.66628 21.52769
v 39.17181 43.66628 21.40581
v 39.05429 43.66628 21.2892
v 38.92702 43.66628 21.18334
v 38.79914 43.66628 21.07855
v 33.73633 43.66628 21.51912
v 33.62962 43.66628 21.6421
v 33.53053 43.66628 21.77116
v 33.43247 43.66628 21.90082
v 33.34763 43.66628 22.03952
v 33.2692 43.66628 22.18156
v 33.19462 43.66628 22.3252
v 33.12534 43.66628 22.47122
v 33.06171 43.66628 22.61961
v 33.01219 43.66628 22.73885
v 32.96831 43.66628 22.8603
v 32.93104 43.66628 22.98391
v 32.89418 43.66628 23.10759
v 32.87296 43.66628 23.20205
v 32.85412 43.66628 23.29694
v 32.786 44.0663 23.31596
v 40.3062 44.0663 23.55913
v 40.36941 44.46629 23.58542
v 40.27659 44.0663 23.49521
v 40.25128 44.0663 23.43127
v 40.23432 44.0663 23.36629
v 40.21771 44.0663 23.30141
v 40.19282 44.0663 23.20431
v 40.16718 44.0663 23.10753
v 40.1384 44.0663 23.01168
v 40.11111 44.0663 22.91542
v 40.07481 44.0663 22.78678
v 40.02939 44.0663 22.66107
v 39.97978 44.0663 22.5369
v 32.76505 44.0663 23.41209
v 32.74213 44.0663 23.47487
v 32.71292 44.0663 23.53721
v 32.64412 44.46629 23.56151
v 40.44044 44.86629 23.64697
v 32.56515 44.86629 23.62023
v 40.5005 45.2663 23.67622
v 32.49258 45.2663 23.64705
v 40.57806 45.66629 23.74107
v 32.44883 45.66629 23.67787
v 40.59354 46.0663 23.70358
v 32.40743 46.0663 23.67388
v 40.64629 46.46629 23.77238
v 32.34795 46.4663 23.7044
v 40.69075 46.8663 23.8063
v 32.30823 46.8663 23.73746
v 40.72134 47.2663 23.80443
v 32.24997 47.2663 23.76987
v 40.72737 47.6663 23.76671
v 32.19944 47.66631 23.84108
v 40.78182 48.06631 23.83851
v 32.21561 48.06631 23.76746
v 40.79665 48.46631 23.83773
v 32.18578 48.46631 23.80289
v 40.77576 48.86631 23.8011
v 32.16552 48.86631 23.76396
v 40.79696 49.26631 23.7998
v 32.1078 49.26631 23.83628
v 40.81071 49.66631 23.79896
v 32.09518 49.66631 23.83562
v 40.82351 50.06631 23.79818
v 32.07121 50.06631 23.8728
v 40.84237 50.46632 23.83534
v 32.06532 50.46631 23.87254
v 40.84145 50.86631 23.83538
v 32.05893 50.86632 23.87226
v 40.85514 51.26632 23.83467
v 32.10912 51.26632 23.76002
v 40.83693 51.66632 23.79736
v 32.11879 51.66632 23.72255
v 40.82147 52.06632 23.76013
v 32.09866 52.06632 23.72096
v 40.78432 52.46632 23.68689
v 32.15276 52.46632 23.64936
v 40.74083 52.86632 23.61539
v 32.19117 52.86633 23.53979
v 40.68791 53.26633 23.50888
v 32.21575 53.26633 23.50512
v 40.64817 53.66633 23.43967
v 32.28262 53.66633 23.40209
v 40.54105 54.06633 23.30944
v 32.39536 54.06633 23.23648
v 40.43937 54.46633 23.14739
v 32.56274 54.46633 23.01878
v 40.25419 54.86633 22.94261
v 32.73896 54.86633 22.8176
v 39.9595 55.26633 22.65327
v 32.97172 55.26633 22.58141
v 39.65479 55.66634 22.40476
v 33.30711 55.66634 22.31363
v 39.1276 56.06634 22.05911
v 33.985 56.06634 21.90789
v 38.36516 56.46634 21.71956
v 34.6141 56.46634 21.6511
v 37.78267 56.6929 21.53561
v 37.63143 56.6929 21.50763
v 37.46001 56.6929 21.47549
v 37.29136 56.6929 21.44734
v 37.12482 56.6929 21.42274
v 36.95847 56.6929 21.40815
v 36.79391 56.6929 21.39499
v 36.62986 56.6929 21.38744
v 36.46611 56.6929 21.38638
v 36.30224 56.6929 21.3854
v 36.1373 56.6929 21.38671
v 35.97203 56.6929 21.39887
v 35.80524 56.6929 21.41407
v 35.63574 56.6929 21.43109
v 35.46316 56.6929 21.45192
v 35.28802 56.6929 21.47962
vn 0.5348294 -0.1242597 -0.8357733
vn -0.4426929 0.02891928 0.8962069
vn 0.4972442 -0.1218691 -0.8590087
vn -0.5003836 0.03021313 0.8652765
vn 0.4603989 -0.1193569 -0.8796515
vn -0.4640991 0.02468319 0.8854393
vn 0.4295953 -0.1161713 -0.8955178
vn -0.4295826 0.01784349 0.9028512
vn 0.397378 -0.1097259 -0.9110713
vn -0.3913758 0.007083774 0.9202037
vn 0.3392929 -0.1042736 -0.9348837
vn -0.3428127 -0.0006782984 0.9394036
vn 0.3110912 -0.09977105 -0.9451286
vn -0.3063152 -0.006778654 0.951906
vn 0.273077 -0.09606015 -0.9571841
vn -0.2626695 -0.01886773 0.9647014
vn 0.2011752 -0.1001565 -0.9744215
vn -0.2027487 -0.02405563 0.9789352
vn 0.1579219 -0.1031992 -0.982044
vn -0.1625108 -0.02414917 0.9864112
vn 0.1191255 -0.09993164 -0.9878375
vn -0.117377 -0.02787219 0.9926962
vn 0.07912867 -0.0993188 -0.9919044
vn -0.07315741 -0.02968326 0.9968786
vn 0.04247997 -0.09934121 -0.9941462
vn -0.03373109 -0.0304132 0.9989681
vn 0.000958684 -0.09555139 -0.995424
vn 0.002370054 -0.0354664 0.9993681
vn -0.07125042 -0.09802401 -0.9926302
vn 0.05554698 -0.03405884 0.9978751
vn -0.08666978 -0.10598 -0.990584
vn 0.08881295 -0.0281494 0.9956504
vn -0.1182335 -0.1095688 -0.9869223
vn 0.1272238 -0.02613796 0.9915296
vn -0.1661185 -0.1077294 -0.9802035
vn 0.1672649 -0.02375693 0.9856257
vn -0.2109912 -0.1055357 -0.971774
vn 0.2088478 -0.01964483 0.9777508
vn -0.2537963 -0.1076532 -0.9612483
vn 0.2515704 -0.01257792 0.9677572
vn -0.269843 -0.1135158 -0.9561898
vn 0.2873656 -0.007048371 0.957795
vn -0.3070037 -0.1166789 -0.9445288
vn 0.329217 -0.004259766 0.9442446
vn -0.3827327 -0.1218774 -0.9157847
vn 0.3801123 0.004732025 0.9249283
vn -0.4512112 -0.1251958 -0.8835918
vn 0.4229375 0.01763716 0.9059872
vn -0.4700973 -0.1233868 -0.8739474
vn 0.4647676 0.02948508 0.8849416
vn -0.488162 -0.1249179 -0.8637669
vn 0.5024703 0.03812492 0.8637535
vn -0.531018 -0.133958 -0.836705
vn 0.5405045 0.04636909 0.8400623
vn -0.5838603 -0.1326949 -0.8009365
vn 0.5721475 0.04997412 0.8186268
vn -0.6081383 -0.130042 -0.7831072
vn 0.6155296 0.05856807 0.7859346
vn -0.6373234 -0.1420318 -0.7573941
vn 0.6487026 0.07167398 0.7576593
vn -0.6671282 -0.1520278 -0.7292652
vn 0.5957255 0.06800875 0.8003036
vn 0.871437 -0.1335752 -0.4719696
vn -0.8460076 0.06780347 0.5288419
vn 0.8545367 -0.1288723 -0.5031492
vn -0.8660278 0.07904167 0.4937087
vn 0.8367224 -0.1312581 -0.5316643
vn -0.8428714 0.07159749 0.5333307
vn 0.8117766 -0.1296085 -0.5694035
vn -0.8198382 0.06282975 0.5691376
vn 0.7844349 -0.126272 -0.607221
vn -0.7901103 0.05527744 0.610467
vn 0.7613441 -0.1226332 -0.6366447
vn -0.7645289 0.04935347 0.6426972
vn 0.7324129 -0.1188132 -0.6704139
vn -0.7301691 0.03658285 0.6822865
vn 0.6927548 -0.1142085 -0.7120725
vn -0.6958267 0.02580893 0.7177458
vn 0.658052 -0.1142454 -0.7442551
vn -0.6560384 0.01808294 0.7545109
vn 0.6217325 -0.1160715 -0.7745812
vn -0.6262713 0.01446595 0.7794709
vn 0.5793293 -0.1096928 -0.8076788
vn -0.5922061 0.005224558 0.8057697
vn 0.5612532 -0.1106716 -0.8202114
vn -0.5104015 0.02280526 0.8596338
vn 0.515714 -0.1080782 -0.8499166
vn -0.516701 0.05366533 0.8544823
vn 0.4812227 -0.1033098 -0.8704894
vn -0.4817443 0.05249685 0.874738
vn 0.4510301 -0.1074548 -0.8860165
vn -0.4457831 0.051736 0.8936447
vn 0.412519 -0.1094234 -0.9043532
vn -0.4051911 0.05014206 0.9128559
vn 0.3532701 -0.09907025 -0.9302609
vn -0.3625766 0.0475396 0.9307406
vn 0.3190053 -0.09281111 -0.9431977
vn -0.3191725 0.04379457 0.9466842
vn 0.2988662 -0.09343226 -0.9497102
vn -0.2728088 0.03869843 0.9612896
vn 0.2526183 -0.09381299 -0.9630073
vn -0.2254074 0.03243731 0.9737245
vn 0.1882765 -0.09353101 -0.9776523
vn -0.1791561 0.02583372 0.9834815
vn 0.1367402 -0.09335468 -0.9861982
vn -0.134748 0.01997299 0.9906786
vn 0.1010964 -0.09510145 -0.9903208
vn -0.09094711 0.01480433 0.9957457
vn 0.05416024 -0.09344728 -0.99415
vn -0.04965075 0.00913248 0.9987248
vn 0.0190925 -0.08798049 -0.9959392
vn -0.009409877 0.003538293 0.9999495
vn -0.02190979 -0.08884245 -0.9958047
vn 0.02933231 -0.0009901538 0.9995692
vn -0.06234755 -0.09338405 -0.9936761
vn 0.06428333 -0.003325755 0.9979262
vn -0.08842143 -0.0943988 -0.9916
vn 0.1009301 -0.003405194 0.9948877
vn -0.143954 -0.09421589 -0.9850891
vn 0.1366739 -0.0009684017 0.9906156
vn -0.1974943 -0.0893429 -0.9762243
vn 0.1732262 0.003571712 0.9848756
vn -0.2272422 -0.08763426 -0.9698872
vn 0.2103767 0.01067832 0.9775621
vn -0.2411757 -0.09584279 -0.9657372
vn 0.2481159 0.01959508 0.9685322
vn -0.2763615 -0.1011502 -0.9557159
vn 0.289048 0.02878295 0.9568818
vn -0.3241595 -0.1038009 -0.9402903
vn 0.3300324 0.03905352 0.9431614
vn -0.4095713 -0.1051849 -0.906194
vn 0.3733319 0.0499003 0.9263548
vn -0.4580848 -0.1107968 -0.8819765
vn 0.4185323 0.06022618 0.9062028
vn -0.4763049 -0.1154244 -0.8716713
vn 0.4627154 0.0698982 0.883747
vn -0.4877321 -0.1202152 -0.8646767
vn 0.5046542 0.07812294 0.8597795
vn -0.5473083 -0.1261058 -0.8273758
vn 0.5443418 0.0836506 0.8346823
vn -0.6053852 -0.1263216 -0.7858445
vn 0.5820572 0.0878051 0.8083932
vn -0.6058305 -0.1246122 -0.7857743
vn 0.6160769 0.09211925 0.7822808
vn -0.6315019 -0.1294413 -0.7644936
vn 0.6510305 0.09501322 0.7530816
vn -0.6650623 -0.1394615 -0.7336502
vn 0.6514957 0.07262309 0.7551683
vn -0.712269 -0.1408268 -0.6876342
vn 0.7216146 0.05396565 0.6901885
vn -0.7480156 -0.1409051 -0.6485511
vn 0.7505243 0.06012779 0.6581019
vn -0.7764196 -0.1465727 -0.6129348
vn 0.7809709 0.06704243 0.6209589
vn -0.7965974 -0.1473094 -0.586287
vn 0.8031785 0.07099545 0.591493
vn -0.8249286 -0.1479095 -0.5455416
vn 0.8342137 0.0794032 0.5456946
vn -0.8549103 -0.1548184 -0.4951361
vn 0.8573414 0.09196954 0.5064654
vn -0.8741895 -0.1577041 -0.4592624
vn 0.877268 0.1019078 0.4690583
vn -0.8863194 -0.1583251 -0.435168
vn 0.8947705 0.1092835 0.4329466
vn -0.9057885 -0.1600082 -0.3923577
vn 0.9108698 0.1154551 0.3962149
vn -0.9224654 -0.1592501 -0.3517057
vn 0.9234506 0.1179278 0.3651466
vn -0.9289221 -0.1544186 -0.3365393
vn 0.9345956 0.1202934 0.3347545
vn -0.9330204 -0.1531069 -0.3256243
vn 0.9447017 0.1258735 0.3028111
vn -0.9421661 -0.1549601 -0.2971705
vn 0.9506325 0.1296978 0.2819158
vn -0.9588629 -0.1566521 -0.2367323
vn 0.9575223 0.1361349 0.2542012
vn -0.9693076 -0.1601589 -0.1865258
vn 0.9599723 0.1426119 0.2410707
vn 0.9201514 -0.1175217 -0.3735107
vn -0.8386244 0.0590484 0.5415001
vn 0.9396045 -0.1267098 -0.3179437
vn -0.9655132 0.1127498 0.2346736
vn 0.9603899 -0.1314524 -0.2457058
vn -0.9668913 0.1255953 0.2221421
vn 0.9682755 -0.1338709 -0.2109999
vn -0.9640665 0.1273764 0.2331334
vn 0.9680725 -0.1437473 -0.2053588
vn -0.9604627 0.1261997 0.2481631
vn 0.9632306 -0.1512625 -0.2220502
vn -0.9551857 0.1218123 0.2697817
vn 0.9519367 -0.1496273 -0.2672604
vn -0.9505402 0.1187006 0.2870248
vn 0.9431332 -0.1403472 -0.3013346
vn -0.9440587 0.1102559 0.3108
vn 0.9261847 -0.1326638 -0.3529619
vn -0.9329383 0.0953525 0.34718
vn 0.9121919 -0.1313026 -0.3881566
vn -0.9239004 0.08367418 0.3733722
vn 0.9136594 -0.1248082 -0.3868454
vn -0.9133656 0.07900823 0.3994008
vn 0.8873394 -0.1237329 -0.4442061
vn -0.8774557 0.0814741 0.4726874
vn 0.8631311 -0.1212186 -0.4902151
vn -0.8742923 0.09739833 0.4755277
vn 0.857997 -0.1257345 -0.498028
vn -0.8526138 0.09257387 0.5142758
vn 0.8283561 -0.1298244 -0.5449513
vn -0.8290178 0.08852789 0.5521705
vn 0.7941316 -0.1240805 -0.5949446
vn -0.8053222 0.08557552 0.5866285
vn 0.7716903 -0.1174242 -0.6250645
vn -0.7762176 0.08269469 0.6250182
vn 0.7465011 -0.1142028 -0.6555104
vn -0.7433585 0.07887939 0.664226
vn 0.7148041 -0.1099449 -0.6906282
vn -0.7100878 0.07557445 0.7000455
vn 0.6757544 -0.1066105 -0.7293765
vn -0.6761894 0.07310609 0.7330915
vn 0.6511398 -0.1029546 -0.7519424
vn -0.6423852 0.07149009 0.7630401
vn 0.6008922 -0.09945483 -0.7931187
vn -0.607672 0.06988877 0.7911069
vn 0.5768176 -0.1003715 -0.8106831
vn -0.5718599 0.06808152 0.8175213
vn 0.5438437 -0.1004008 -0.8331589
vn -0.5378864 0.06698398 0.8403519
vn 0.4892254 -0.1001769 -0.866385
vn -0.5049158 0.06806343 0.8604808
vn 0.4754971 -0.09600256 -0.8744634
vn -0.4693829 0.06955893 0.8802506
vn 0.4376916 -0.08885271 -0.8947242
vn -0.4288771 0.0690774 0.9007179
vn 0.3763501 -0.08197833 -0.9228435
vn -0.3853804 0.06701625 0.920321
vn 0.3312144 -0.08219695 -0.9399684
vn -0.338552 0.06324665 0.9388196
vn 0.3127687 -0.08476201 -0.9460397
vn -0.2917506 0.05731548 0.9547757
vn 0.2812618 -0.08157073 -0.9561579
vn -0.2413785 0.05060566 0.9691107
vn 0.2205186 -0.07592969 -0.9724228
vn -0.1914061 0.04229677 0.9805992
vn 0.1735775 -0.07333869 -0.9820857
vn -0.1469042 0.03306997 0.9885978
vn 0.1306609 -0.07556907 -0.9885429
vn -0.1030141 0.02373878 0.9943966
vn 0.08873351 -0.0746286 -0.9932557
vn -0.05884589 0.013665 0.9981735
vn 0.03198716 -0.0734699 -0.9967843
vn -0.0184433 0.003913436 0.9998223
vn 0.009006261 -0.07253472 -0.9973252
vn 0.01988188 -0.005093242 0.9997893
vn -0.02966637 -0.07637032 -0.9966381
vn 0.05125609 -0.01229905 0.9986098
vn -0.07403832 -0.08007904 -0.9940351
vn 0.07943913 -0.01639202 0.9967049
vn -0.1041731 -0.07775508 -0.9915151
vn 0.109593 -0.01693261 0.9938323
vn -0.1631793 -0.08098596 -0.9832669
vn 0.1387421 -0.015061 0.990214
vn -0.20898 -0.08664499 -0.9740739
vn 0.1688614 -0.01001466 0.985589
vn -0.2175688 -0.08979357 -0.9719058
vn 0.2000952 -0.002092139 0.9797742
vn -0.2425862 -0.09085137 -0.9658664
vn 0.2371664 0.008928169 0.971428
vn -0.2845249 -0.0896422 -0.9544684
vn 0.2778119 0.02156019 0.9603935
vn -0.352239 -0.09111091 -0.9314647
vn 0.317713 0.03446363 0.9475604
vn -0.4140355 -0.09448102 -0.9053441
vn 0.3632094 0.04760153 0.9304908
vn -0.445729 -0.1068076 -0.8887731
vn 0.4086775 0.06053516 0.9106691
vn -0.467593 -0.113982 -0.8765643
vn 0.455567 0.0732671 0.8871812
vn -0.4945822 -0.113895 -0.8616359
vn 0.5028319 0.08402514 0.8602906
vn -0.5668651 -0.1166793 -0.8155059
vn 0.5460461 0.09226245 0.8326592
vn -0.6026966 -0.1279002 -0.7876537
vn 0.5836851 0.09882391 0.8059439
vn -0.6188308 -0.127434 -0.7751187
vn 0.6218928 0.1036134 0.7762176
vn -0.6352347 -0.1182426 -0.763214
vn 0.6563477 0.1067988 0.7468613
vn -0.6788557 -0.1202778 -0.7243537
vn 0.6911251 0.1095769 0.7143801
vn -0.7196117 -0.1292284 -0.6822456
vn 0.7255381 0.1109699 0.6791761
vn -0.7502937 -0.1358415 -0.646998
vn 0.7557958 0.1115188 0.6452412
vn -0.7766674 -0.1401749 -0.6141162
vn 0.7826029 0.1125463 0.6122631
vn -0.8086568 -0.1410592 -0.5711186
vn 0.8088266 0.1135183 0.5769863
vn -0.8257558 -0.1431306 -0.5455648
vn 0.8333613 0.115307 0.5405675
vn -0.8616272 -0.1480049 -0.4854823
vn 0.8562111 0.118441 0.502866
vn -0.8762145 -0.1511017 -0.4576204
vn 0.8773634 0.1225039 0.4639248
vn -0.8908639 -0.153501 -0.4275499
vn 0.8961043 0.1258226 0.4256359
vn -0.9094636 -0.1558593 -0.3854658
vn 0.9116168 0.1291538 0.390223
vn -0.926734 -0.1587354 -0.3405394
vn 0.9241072 0.1323742 0.3584732
vn -0.9344633 -0.1592676 -0.3184526
vn 0.9344459 0.1350612 0.3294986
vn -0.9387841 -0.1535752 -0.3083811
vn 0.9432856 0.1379073 0.3019834
vn -0.9464357 -0.1501143 -0.2858763
vn 0.9506927 0.1402988 0.2765856
vn -0.9603318 -0.1528233 -0.2332548
vn 0.9562168 0.1420823 0.2558556
vn -0.9663877 -0.1567353 -0.2037865
vn 0.9603047 0.1420816 0.2400573
vn -0.9670714 -0.1569729 -0.2003307
vn 0.965023 0.1444837 0.2187581
vn -0.9587411 -0.1503014 -0.2412981
vn 0.9649708 0.1368776 0.2238215
vn -0.9223138 -0.1362014 -0.3616441
vn 0.7546375 0.0489128 0.6543163
vn 0.9286719 -0.1083046 -0.3547373
vn -0.7669703 0.001867749 0.6416798
vn 0.937021 -0.1229362 -0.3269224
vn -0.9498038 0.1047082 0.2948032
vn 0.9510574 -0.1348695 -0.2780288
vn -0.9700162 0.1233573 0.209408
vn 0.959607 -0.1437037 -0.2418752
vn -0.968036 0.1224925 0.2188652
vn 0.9691528 -0.1428031 -0.2008735
vn -0.964399 0.1217798 0.2347431
vn 0.9677238 -0.1365451 -0.2118165
vn -0.9593208 0.120132 0.2554839
vn 0.9603913 -0.1247071 -0.2491921
vn -0.9541258 0.1187086 0.2748678
vn 0.9526442 -0.1198874 -0.2794566
vn -0.9468361 0.1171864 0.2996144
vn 0.9419511 -0.1247888 -0.3116984
vn -0.9384087 0.115296 0.3257236
vn 0.9235597 -0.1256149 -0.362296
vn -0.9299381 0.1133677 0.3498041
vn 0.9125881 -0.119045 -0.3911664
vn -0.9178451 0.1102612 0.3813176
vn 0.9130791 -0.1136052 -0.3916381
vn -0.9020711 0.1072348 0.418053
vn 0.8943371 -0.1079274 -0.4341807
vn -0.8876106 0.1061725 0.4481906
vn 0.8703884 -0.1203089 -0.4774407
vn -0.8726266 0.1036374 0.4772651
vn 0.8600446 -0.1238717 -0.4949536
vn -0.8538344 0.09937459 0.5109712
vn 0.8385308 -0.1147756 -0.5326281
vn -0.8310351 0.09570831 0.5479239
vn 0.7983508 -0.1122907 -0.5916306
vn -0.8082028 0.09254279 0.5815874
vn 0.7719437 -0.1117012 -0.6258002
vn -0.7802718 0.08889671 0.6190908
vn 0.745371 -0.1049579 -0.6583358
vn -0.7482683 0.085695 0.657838
vn 0.719258 -0.09499137 -0.6882185
vn -0.7158683 0.08343594 0.6932323
vn 0.6842383 -0.09273364 -0.7233385
vn -0.6835702 0.08189171 0.7252762
vn 0.6482279 -0.09111153 -0.7559757
vn -0.6505394 0.0811612 0.7551234
vn 0.6108262 -0.08448408 -0.7872444
vn -0.6158836 0.08058519 0.7837049
vn 0.5759884 -0.08068959 -0.8134658
vn -0.580248 0.08016124 0.8104852
vn 0.5626664 -0.07426778 -0.8233413
vn -0.5472432 0.08002824 0.8331389
vn 0.5168766 -0.07875521 -0.8524296
vn -0.518723 0.08087371 0.8511087
vn 0.4634115 -0.0844736 -0.8821076
vn -0.4843792 0.08318884 0.870894
vn 0.4216856 -0.07242591 -0.903845
vn -0.4403871 0.08495721 0.8937793
vn 0.3892857 -0.059625 -0.9191852
vn -0.3928945 0.08393275 0.9157451
vn 0.3563935 -0.06299438 -0.93221
vn -0.3414417 0.08015621 0.9364789
vn 0.3267229 -0.07067367 -0.9424741
vn -0.2893118 0.07342947 0.9544144
vn 0.2902713 -0.07526623 -0.9539798
vn -0.2382396 0.06431974 0.9690742
vn 0.2233336 -0.07325806 -0.9719853
vn -0.1826495 0.05372611 0.981709
vn 0.1824787 -0.0643233 -0.9811035
vn -0.1335669 0.04064437 0.9902059
vn 0.1408731 -0.06281635 -0.9880328
vn -0.08729849 0.02593101 0.9958446
vn 0.09753237 -0.06158331 -0.9933252
vn -0.04144329 0.01013224 0.9990895
vn 0.04448713 -0.0610797 -0.997141
vn -0.001555548 -0.005384538 0.9999843
vn 0.01275167 -0.06088761 -0.9980631
vn 0.03232921 -0.01865556 0.9993031
vn -0.003092837 -0.05889756 -0.9982593
vn 0.06240078 -0.02884233 0.9976343
vn -0.05005874 -0.0618846 -0.9968272
vn 0.08306068 -0.03711336 0.9958532
vn -0.09560454 -0.06674268 -0.9931794
vn 0.1066695 -0.04272964 0.9933759
vn -0.1315164 -0.06654857 -0.9890777
vn 0.1276891 -0.04521019 0.9907833
vn -0.1779113 -0.0747736 -0.9812015
vn 0.1492055 -0.04291116 0.9878747
vn -0.2161258 -0.08192302 -0.9729224
vn 0.172059 -0.03675304 0.9844008
vn -0.2389609 -0.07747956 -0.9679332
vn 0.1979517 -0.02772944 0.9798195
vn -0.2751598 -0.07743479 -0.9582749
vn 0.2342304 -0.01302098 0.9720939
vn -0.3177781 -0.08229097 -0.9445874
vn 0.2733361 0.003419376 0.9619125
vn -0.3878732 -0.09154345 -0.9171554
vn 0.3153754 0.02056572 0.9487442
vn -0.4215798 -0.09258584 -0.9020523
vn 0.363027 0.03850847 0.9309826
vn -0.4565872 -0.09433298 -0.8846635
vn 0.4134519 0.05420448 0.9089112
vn -0.4875166 -0.09758278 -0.8676435
vn 0.4638761 0.06787488 0.8832961
vn -0.5400113 -0.09447083 -0.8363391
vn 0.5132743 0.08162382 0.8543344
vn -0.5740506 -0.09467103 -0.8133286
vn 0.557596 0.09309329 0.824876
vn -0.6098698 -0.1091972 -0.7849424
vn 0.597839 0.1020145 0.7950985
vn -0.6453677 -0.1171057 -0.7548422
vn 0.6383538 0.1099396 0.7618514
vn -0.6593481 -0.1117974 -0.7434793
vn 0.6739584 0.1148798 0.7297828
vn -0.6918404 -0.1136132 -0.713056
vn 0.7128472 0.1187096 0.6911996
vn -0.7362792 -0.120129 -0.6659293
vn 0.7453481 0.1203121 0.6557295
vn -0.7670378 -0.1203715 -0.6302092
vn 0.7741364 0.1205071 0.6214426
vn -0.7991238 -0.1252609 -0.5879719
vn 0.8005471 0.1194424 0.5872462
vn -0.8190516 -0.127425 -0.5593901
vn 0.8248033 0.1186302 0.5528347
vn -0.8479002 -0.1283741 -0.5143787
vn 0.8460416 0.1192815 0.5196013
vn -0.8734616 -0.1299655 -0.4692269
vn 0.8675389 0.1212891 0.4823537
vn -0.8833187 -0.1329769 -0.4495166
vn 0.8873316 0.1242102 0.4440883
vn -0.9044735 -0.1387969 -0.4033152
vn 0.9034763 0.1272853 0.4093032
vn -0.9198849 -0.1407082 -0.3660781
vn 0.917607 0.1303762 0.3754991
vn -0.9298403 -0.1478313 -0.3369612
vn 0.9287895 0.1329912 0.345924
vn -0.9409137 -0.1516134 -0.3028114
vn 0.9385158 0.1350205 0.3177383
vn -0.9460729 -0.14932 -0.2874886
vn 0.9467075 0.1369659 0.2915224
vn -0.9536588 -0.1500869 -0.2607854
vn 0.9532023 0.1389149 0.2685291
vn -0.9658087 -0.1527598 -0.2094706
vn 0.9591141 0.1399978 0.245969
vn -0.9677817 -0.1527577 -0.2001591
vn 0.9631977 0.1405551 0.2291166
vn -0.9668357 -0.1531967 -0.2043513
vn 0.9671239 0.1412568 0.2114657
vn -0.950783 -0.1443096 -0.2742013
vn 0.9578543 0.1304823 0.2559094
vn -0.9212968 -0.1338796 -0.3650871
vn 0.7855442 0.02523077 0.6182911
vn 0.9296815 -0.1090614 -0.3518491
vn -0.4934756 0.0245501 0.8694131
vn 0.958427 -0.1185822 -0.25953
vn -0.972715 0.1205742 0.1982107
vn 0.9614897 -0.1301979 -0.2420454
vn -0.971108 0.1205648 0.2059449
vn 0.966056 -0.1347173 -0.2204247
vn -0.9686992 0.1195829 0.2175359
vn 0.966787 -0.1399632 -0.2138529
vn -0.9658955 0.1189948 0.2299698
vn 0.9613597 -0.1360615 -0.2393214
vn -0.9609698 0.1183212 0.2500743
vn 0.9538893 -0.1279442 -0.2715244
vn -0.9559638 0.1175607 0.26891
vn 0.9516388 -0.1235839 -0.281266
vn -0.9492164 0.1163729 0.2923105
vn 0.9517035 -0.1210007 -0.2821688
vn -0.9411569 0.1151752 0.3177398
vn 0.9355982 -0.1263274 -0.3296927
vn -0.9309375 0.1135999 0.3470598
vn 0.9079506 -0.1298086 -0.3984663
vn -0.9197142 0.1119588 0.3762859
vn 0.8974608 -0.1241174 -0.4232715
vn -0.9058978 0.1099055 0.4089864
vn 0.8976413 -0.1150702 -0.4254396
vn -0.8917863 0.1076677 0.4394596
vn 0.8856975 -0.1109177 -0.4508185
vn -0.8753866 0.1065948 0.471525
vn 0.8671498 -0.1110697 -0.4855044
vn -0.8558697 0.1046766 0.5064881
vn 0.8331592 -0.1013416 -0.5436687
vn -0.8336641 0.1019381 0.5427826
vn 0.8100278 -0.09535381 -0.5785866
vn -0.8109442 0.09979787 0.5765501
vn 0.7787549 -0.09308105 -0.6203843
vn -0.7830094 0.09600908 0.6145557
vn 0.7449262 -0.08730321 -0.6614099
vn -0.7527966 0.09212769 0.6517743
vn 0.7151799 -0.08510674 -0.6937397
vn -0.7219225 0.08944975 0.6861681
vn 0.6940453 -0.08431678 -0.7149768
vn -0.6903399 0.08716024 0.7182158
vn 0.6556392 -0.08028609 -0.7507939
vn -0.6582063 0.08448736 0.7480817
vn 0.6133704 -0.0740279 -0.7863185
vn -0.6246179 0.08200095 0.7766134
vn 0.5837048 -0.07432513 -0.808557
vn -0.5905929 0.08064452 0.8029299
vn 0.5552934 -0.07626228 -0.8281505
vn -0.5570138 0.08058939 0.8265839
vn 0.5341161 -0.07075078 -0.8424453
vn -0.5282977 0.08052167 0.8452324
vn 0.4803937 -0.06444792 -0.8746818
vn -0.4979108 0.07969275 0.8635589
vn 0.4242494 -0.06441805 -0.9032512
vn -0.4548145 0.07757437 0.8872012
vn 0.3816346 -0.06494477 -0.9220288
vn -0.404221 0.07532189 0.9115548
vn 0.3681529 -0.06194321 -0.9276996
vn -0.3487876 0.07189717 0.93444
vn 0.3438647 -0.057445 -0.9372603
vn -0.2884882 0.06595153 0.9552094
vn 0.3149608 -0.05892298 -0.9472738
vn -0.2299326 0.05556677 0.971619
vn 0.2438416 -0.05988622 -0.9679644
vn -0.1699933 0.0412805 0.9845802
vn 0.1644114 -0.05335209 -0.9849479
vn -0.1116958 0.02518743 0.9934233
vn 0.1503719 -0.04514814 -0.987598
vn -0.06150069 0.007395905 0.9980796
vn 0.1120463 -0.04442533 -0.9927095
vn -0.013338 -0.01084881 0.9998522
vn 0.06997646 -0.04910208 -0.9963394
vn 0.02724695 -0.02877172 0.9992145
vn 0.01939777 -0.05256863 -0.9984288
vn 0.05707581 -0.04583499 0.9973171
vn -0.002896017 -0.05371212 -0.9985523
vn 0.08056627 -0.06074425 0.9948965
vn -0.03274405 -0.05333408 -0.9980397
vn 0.09944698 -0.07260872 0.9923902
vn -0.0719859 -0.05903207 -0.9956572
vn 0.115582 -0.08198059 0.9899091
vn -0.12411 -0.05952616 -0.9904814
vn 0.1307702 -0.08712157 0.9875773
vn -0.1518243 -0.05554256 -0.9868457
vn 0.1371422 -0.08812876 0.9866232
vn -0.1951553 -0.05897122 -0.9789978
vn 0.1506154 -0.08398755 0.9850184
vn -0.2372489 -0.06182468 -0.9694796
vn 0.1684101 -0.07688154 0.9827143
vn -0.2568948 -0.06589342 -0.9641903
vn 0.1920325 -0.06579794 0.9791803
vn -0.2816651 -0.07106552 -0.9568775
vn 0.2253844 -0.05025835 0.9729728
vn -0.347257 -0.08018184 -0.9343359
vn 0.2613999 -0.03254751 0.9646817
vn -0.4191428 -0.08146361 -0.9042583
vn 0.3066578 -0.01387771 0.9517187
vn -0.4487936 -0.07891443 -0.8901443
vn 0.363658 0.006405291 0.9315105
vn -0.470345 -0.0792409 -0.8789178
vn 0.4178347 0.02373521 0.908213
vn -0.5287695 -0.07992616 -0.8449939
vn 0.4681724 0.04223858 0.8826271
vn -0.5745525 -0.07837054 -0.814707
vn 0.5189072 0.06020108 0.8527082
vn -0.5761005 -0.07940156 -0.8135131
vn 0.5658602 0.07551631 0.8210356
vn -0.6123325 -0.09265163 -0.7851526
vn 0.6102199 0.08838006 0.7872869
vn -0.654611 -0.103078 -0.7489054
vn 0.6526171 0.09857502 0.7512481
vn -0.6826889 -0.1052485 -0.7230898
vn 0.6923962 0.1069771 0.7135428
vn -0.7257971 -0.1011183 -0.6804365
vn 0.7319309 0.1133602 0.6718829
vn -0.7584187 -0.102152 -0.6437126
vn 0.7642449 0.116986 0.6342272
vn -0.7785965 -0.1094664 -0.6179034
vn 0.7936288 0.1185975 0.5967312
vn -0.8158909 -0.1122389 -0.5672076
vn 0.8181748 0.119424 0.5624304
vn -0.8393804 -0.1085905 -0.5325868
vn 0.8382582 0.1209157 0.5316979
vn -0.8676013 -0.1122299 -0.48443
vn 0.8585435 0.122816 0.4978145
vn -0.8773107 -0.1187791 -0.4649919
vn 0.8789293 0.1244549 0.4604282
vn -0.8943544 -0.1203532 -0.4308658
vn 0.8955963 0.1265483 0.4264887
vn -0.9133087 -0.1232051 -0.3881851
vn 0.9101503 0.1290252 0.3936734
vn -0.9207411 -0.1283772 -0.3684495
vn 0.9228196 0.1310405 0.3622602
vn -0.936198 -0.1345775 -0.3246879
vn 0.9338343 0.1327324 0.332168
vn -0.9472861 -0.1377731 -0.2892535
vn 0.9431273 0.1341797 0.304149
vn -0.9491274 -0.1377802 -0.2831498
vn 0.9503022 0.1351847 0.2804474
vn -0.9584807 -0.1415342 -0.2475537
vn 0.956905 0.1359795 0.2565978
vn -0.9664205 -0.1471886 -0.2106344
vn 0.9620913 0.1364291 0.2361513
vn -0.967367 -0.1503543 -0.203948
vn 0.9660231 0.136399 0.2195327
vn -0.9689564 -0.14653 -0.1991299
vn 0.9698465 0.136306 0.2020352
vn -0.9552251 -0.1339224 -0.2638369
vn 0.9725645 0.1359548 0.1887718
vn -0.9233716 -0.116557 -0.3657861
vn 0.4655527 0.0007323122 0.8850198
vn 0.9048596 -0.08911357 -0.4162785
vn -0.08095061 -0.03497393 0.9961044
vn 0.9374919 -0.09815359 -0.3338783
vn -0.9458556 0.08883868 0.3121937
vn 0.964224 -0.1033 -0.2441337
vn -0.9734513 0.115261 0.1977561
vn 0.9721902 -0.1085312 -0.2075263
vn -0.9708874 0.1155853 0.2098046
vn 0.9734769 -0.1105709 -0.2002917
vn -0.9680308 0.1148495 0.2229932
vn 0.9695183 -0.1125171 -0.2176563
vn -0.9641348 0.114211 0.2395831
vn 0.9599184 -0.1180887 -0.2541886
vn -0.9590856 0.113458 0.2593879
vn 0.9505986 -0.1204291 -0.2861104
vn -0.9534182 0.1126343 0.2798344
vn 0.9494507 -0.1162402 -0.2916017
vn -0.9456163 0.1112802 0.3056577
vn 0.9484833 -0.1115064 -0.2965565
vn -0.936618 0.1098651 0.3326807
vn 0.9299812 -0.1091284 -0.3510356
vn -0.9258988 0.1081064 0.3619729
vn 0.9053986 -0.1130916 -0.4092233
vn -0.9132295 0.1060746 0.3933955
vn 0.8950327 -0.1157535 -0.4307176
vn -0.8985274 0.1041803 0.4263743
vn 0.8812174 -0.109225 -0.4599193
vn -0.8852364 0.1025521 0.4536952
vn 0.8705202 -0.09328716 -0.4832103
vn -0.8662513 0.09988566 0.4895218
vn 0.8471298 -0.08054274 -0.5252466
vn -0.8452874 0.09692292 0.5254475
vn 0.8190028 -0.07720079 -0.5685723
vn -0.8236469 0.09456866 0.5591626
vn 0.7969024 -0.0745236 -0.5994938
vn -0.7969096 0.09102888 0.5972009
vn 0.7622685 -0.07479379 -0.6429251
vn -0.7666599 0.08666968 0.6361769
vn 0.7380618 -0.08019811 -0.6699501
vn -0.7375517 0.08296261 0.670175
vn 0.7110777 -0.08394051 -0.6980849
vn -0.7060285 0.07911996 0.7037498
vn 0.6720202 -0.07877576 -0.7363309
vn -0.673238 0.0750991 0.7356023
vn 0.6294009 -0.07438169 -0.7735127
vn -0.6405625 0.07109136 0.7646081
vn 0.5990679 -0.07269677 -0.7973913
vn -0.6089889 0.06821173 0.7902402
vn 0.5790755 -0.06921311 -0.8123307
vn -0.5773286 0.06656639 0.8137939
vn 0.5416201 -0.06559308 -0.8380604
vn -0.5460877 0.06596842 0.8351266
vn 0.4952357 -0.05563382 -0.8669754
vn -0.5154378 0.06504859 0.8544545
vn 0.4591595 -0.04839545 -0.8870347
vn -0.4745147 0.06069122 0.8781528
vn 0.4163503 -0.05495487 -0.9075419
vn -0.4278105 0.05396536 0.902256
vn 0.37191 -0.0582311 -0.9264406
vn -0.3766899 0.04823159 0.9250829
vn 0.3439299 -0.05159008 -0.9375771
vn -0.3127704 0.04156076 0.9489191
vn 0.3278567 -0.04636204 -0.9435892
vn -0.2427335 0.03108659 0.9695948
vn 0.2902907 -0.04094596 -0.9560621
vn -0.1741722 0.01705015 0.9845675
vn 0.191384 -0.03291797 -0.9809631
vn -0.1092594 0.000786108 0.994013
vn 0.1519268 -0.03211069 -0.9878701
vn -0.05186221 -0.01627358 0.9985217
vn 0.1346855 -0.03420151 -0.990298
vn -0.001710967 -0.03379503 0.9994273
vn 0.1074506 -0.03664293 -0.9935349
vn 0.04347144 -0.05071537 0.9977665
vn 0.05752328 -0.03889197 -0.9975864
vn 0.07859224 -0.0669887 0.9946536
vn 0.01715243 -0.04240703 -0.9989531
vn 0.1027694 -0.08249232 0.9912786
vn -0.002709063 -0.04595499 -0.9989398
vn 0.1212892 -0.09780488 0.987787
vn -0.0316099 -0.05140764 -0.9981773
vn 0.1283964 -0.1113597 0.9854508
vn -0.09444328 -0.0494449 -0.9943016
vn 0.1346471 -0.1189499 0.9837282
vn -0.1476569 -0.04638394 -0.9879504
vn 0.1366071 -0.1219181 0.9830945
vn -0.1634178 -0.046859 -0.9854435
vn 0.1342933 -0.1216256 0.9834494
vn -0.2064568 -0.04649084 -0.9773507
vn 0.1416757 -0.1163774 0.9830484
vn -0.2354428 -0.04849213 -0.9706776
vn 0.1543588 -0.1071547 0.9821869
vn -0.2541715 -0.05143607 -0.9657905
vn 0.1735501 -0.09525193 0.9802078
vn -0.2974328 -0.05277292 -0.9532831
vn 0.2016157 -0.08100358 0.9761094
vn -0.369995 -0.05361672 -0.9274852
vn 0.2398528 -0.06601582 0.968562
vn -0.4284332 -0.06383555 -0.9013156
vn 0.2880361 -0.04952336 0.9563382
vn -0.4572305 -0.06846397 -0.886709
vn 0.3431255 -0.03136695 0.9387657
vn -0.4871104 -0.06794754 -0.8706932
vn 0.3941424 -0.01015436 0.9189932
vn -0.5432249 -0.07563792 -0.8361732
vn 0.4474452 0.01108415 0.8942427
vn -0.5689653 -0.0849297 -0.8179643
vn 0.5017135 0.03099123 0.8644785
vn -0.5786589 -0.08237137 -0.8113994
vn 0.5538446 0.05014592 0.8311086
vn -0.6151876 -0.08361901 -0.7839337
vn 0.6049855 0.06604333 0.7934929
vn -0.6574885 -0.09025114 -0.7480397
vn 0.6508038 0.07887474 0.7551378
vn -0.6993421 -0.09192411 -0.7088516
vn 0.6957501 0.08887428 0.7127646
vn -0.7384619 -0.09308401 -0.6678393
vn 0.7366699 0.09730538 0.6692153
vn -0.7542872 -0.09884197 -0.6490618
vn 0.7709283 0.1039216 0.6283866
vn -0.7936708 -0.09954357 -0.6001481
vn 0.8004007 0.1087833 0.5895125
vn -0.828024 -0.09899709 -0.5518839
vn 0.8233522 0.1122445 0.5563204
vn -0.8447129 -0.1044663 -0.5249256
vn 0.8434105 0.1143905 0.5249509
vn -0.8643306 -0.1109646 -0.4905297
vn 0.8647454 0.1167218 0.4884582
vn -0.8821028 -0.1110536 -0.4577792
vn 0.8848793 0.1184861 0.4504995
vn -0.9069622 -0.107008 -0.4073929
vn 0.8995991 0.1199358 0.4199249
vn -0.913254 -0.107271 -0.393014
vn 0.9141977 0.1216332 0.3865851
vn -0.9191355 -0.1141863 -0.3770297
vn 0.9270679 0.1227696 0.3542212
vn -0.9356526 -0.1263852 -0.3295162
vn 0.937207 0.1241055 0.3259458
vn -0.9467365 -0.1367943 -0.2915088
vn 0.9463338 0.1256687 0.297758
vn -0.9530183 -0.1373886 -0.2699641
vn 0.9536573 0.1260664 0.2732122
vn -0.9610689 -0.1342873 -0.241482
vn 0.9603263 0.126919 0.2483244
vn -0.9693698 -0.1317323 -0.2072891
vn 0.9651763 0.1272101 0.2285877
vn -0.9759164 -0.1243028 -0.1792646
vn 0.9694721 0.127057 0.2097152
vn -0.9804583 -0.1172757 -0.1579487
vn 0.9731337 0.1262966 0.1925097
vn -0.965963 -0.1065982 -0.2356957
vn 0.9751933 0.127744 0.180775
vn -0.9469624 -0.09095692 -0.3082029
vn 0.5667832 0.04768493 0.8224859
vn 0.9407304 -0.08088391 -0.3293692
vn -0.8764234 0.1102421 0.4687523
vn 0.9618028 -0.08899512 -0.2588729
vn -0.9758205 0.1024247 0.1930895
vn 0.9751136 -0.09261406 -0.2014354
vn -0.9738416 0.1026335 0.2027288
vn 0.9758114 -0.09316893 -0.1977668
vn -0.9707671 0.1027329 0.2169266
vn 0.9754411 -0.09343731 -0.1994593
vn -0.9672081 0.1023551 0.2324478
vn 0.9732336 -0.09795827 -0.2078948
vn -0.9627612 0.103372 0.2498098
vn 0.9616138 -0.1007977 -0.2552229
vn -0.9574924 0.09930959 0.2708245
vn 0.9464088 -0.1004314 -0.3069592
vn -0.9496097 0.09849381 0.2975571
vn 0.9472475 -0.09766699 -0.3052592
vn -0.9420539 0.09952535 0.3203579
vn 0.9401062 -0.09101937 -0.3285054
vn -0.9311731 0.09492033 0.3520039
vn 0.9221866 -0.08664498 -0.3769145
vn -0.9180636 0.09416695 0.3850867
vn 0.9025382 -0.09062255 -0.4209659
vn -0.9045643 0.09178635 0.4163397
vn 0.8805159 -0.08832876 -0.4657142
vn -0.8898547 0.0899623 0.4472866
vn 0.8611864 -0.08201283 -0.5016295
vn -0.8725166 0.08686561 0.4808006
vn 0.852024 -0.07853784 -0.5175781
vn -0.8523141 0.08363202 0.5163007
vn 0.8243645 -0.07745712 -0.5607348
vn -0.8305084 0.08068708 0.5511311
vn 0.8081412 -0.07526645 -0.5841599
vn -0.8046625 0.07656323 0.5887753
vn 0.7828885 -0.07529502 -0.617589
vn -0.7743732 0.07186632 0.6286346
vn 0.751619 -0.07330627 -0.6555113
vn -0.7450662 0.06740276 0.6635761
vn 0.7188105 -0.06403232 -0.6922509
vn -0.7144259 0.06314841 0.6968558
vn 0.6860619 -0.05836701 -0.7251981
vn -0.681797 0.05930805 0.7291334
vn 0.6451141 -0.05707763 -0.7619514
vn -0.6501769 0.05623114 0.7576992
vn 0.6043525 -0.05249742 -0.7949855
vn -0.6196159 0.05471553 0.7829957
vn 0.5768059 -0.0466528 -0.8155479
vn -0.5885465 0.05334425 0.8067015
vn 0.5499338 -0.04302764 -0.8340991
vn -0.558318 0.05155712 0.8280234
vn 0.4970114 -0.0394886 -0.866845
vn -0.5262026 0.04924704 0.8489321
vn 0.4662704 -0.03375555 -0.883998
vn -0.4838823 0.04494776 0.873978
vn 0.4543345 -0.0355237 -0.8901227
vn -0.4345368 0.03904122 0.8998075
vn 0.3894652 -0.0401226 -0.9201669
vn -0.3845291 0.03115733 0.922587
vn 0.3437137 -0.03722368 -0.9383365
vn -0.3240301 0.02136138 0.9458056
vn 0.3273825 -0.03350752 -0.9442976
vn -0.2493414 0.0115428 0.9683469
vn 0.2950725 -0.02765133 -0.9550747
vn -0.1746277 0.0009527925 0.9846341
vn 0.2281234 -0.02147817 -0.9733953
vn -0.1030836 -0.01078069 0.9946142
vn 0.1656438 -0.02612684 -0.9858395
vn -0.03900815 -0.02460893 0.9989358
vn 0.1508892 -0.0288408 -0.9881299
vn 0.0169927 -0.0399052 0.999059
vn 0.1204605 -0.02599627 -0.9923776
vn 0.06279034 -0.05591197 0.9964593
vn 0.08751704 -0.02417264 -0.9958697
vn 0.100087 -0.07034931 0.9924886
vn 0.03445245 -0.0263019 -0.9990602
vn 0.1276229 -0.08406333 0.9882539
vn 0.01820274 -0.02967103 -0.9993939
vn 0.1508375 -0.09926689 0.9835619
vn -0.02166672 -0.03193968 -0.9992549
vn 0.1546015 -0.1134074 0.9814465
vn -0.07358366 -0.02494537 -0.996977
vn 0.1483558 -0.122387 0.9813317
vn -0.1257161 -0.02518597 -0.9917465
vn 0.1444804 -0.1276012 0.9812458
vn -0.1473337 -0.03243953 -0.9885547
vn 0.1318932 -0.1288733 0.9828509
vn -0.1880885 -0.03629756 -0.9814811
vn 0.1249014 -0.1264914 0.9840729
vn -0.2308867 -0.03578124 -0.9723225
vn 0.1270477 -0.1205752 0.9845408
vn -0.2452697 -0.03189271 -0.9689301
vn 0.1373652 -0.1107898 0.984305
vn -0.2729145 -0.02980324 -0.9615765
vn 0.1608097 -0.1001376 0.9818925
vn -0.3277822 -0.03220454 -0.9442043
vn 0.1939315 -0.0894843 0.9769254
vn -0.3853531 -0.03696725 -0.9220284
vn 0.2352873 -0.07637575 0.9689204
vn -0.4335586 -0.04515924 -0.8999932
vn 0.2860083 -0.06056819 0.9563109
vn -0.4636408 -0.05235033 -0.8844754
vn 0.3338372 -0.04394846 0.9416057
vn -0.4957063 -0.06067363 -0.8663683
vn 0.3859459 -0.02568758 0.9221637
vn -0.5511048 -0.07004499 -0.8314909
vn 0.4393792 -0.007908298 0.8982669
vn -0.5844625 -0.07161126 -0.8082546
vn 0.4936025 0.0115649 0.8696107
vn -0.5941099 -0.06683531 -0.8016024
vn 0.552488 0.0308705 0.8329489
vn -0.6320156 -0.07050116 -0.7717421
vn 0.6094194 0.04695962 0.7914561
vn -0.6800686 -0.07442717 -0.7293609
vn 0.6595272 0.05965411 0.7493099
vn -0.7219928 -0.07665035 -0.6876417
vn 0.7054068 0.07114658 0.705223
vn -0.7413703 -0.08135888 -0.6661462
vn 0.7461483 0.08166406 0.6607524
vn -0.7730793 -0.08538926 -0.6285357
vn 0.7812873 0.08965622 0.6176988
vn -0.8109438 -0.0916632 -0.5778996
vn 0.810426 0.0957822 0.577958
vn -0.8280596 -0.1002831 -0.5515983
vn 0.8336684 0.09940805 0.543245
vn -0.8558248 -0.1035702 -0.506791
vn 0.8545814 0.1007219 0.5094564
vn -0.8802893 -0.09755932 -0.4642984
vn 0.8757225 0.1025968 0.4717883
vn -0.8979181 -0.0958698 -0.4295953
vn 0.8930584 0.105054 0.4375046
vn -0.9075841 -0.1037882 -0.4068404
vn 0.9067031 0.105908 0.4082559
vn -0.9097434 -0.1086825 -0.4006931
vn 0.9206363 0.1081579 0.3751407
vn -0.9184756 -0.1069906 -0.3807304
vn 0.9322783 0.1102855 0.3445203
vn -0.9331097 -0.1111241 -0.3419909
vn 0.9419579 0.1119469 0.3165174
vn -0.952598 -0.1175466 -0.2806063
vn 0.9511883 0.1134939 0.2869843
vn -0.9625493 -0.1160484 -0.2450135
vn 0.9584522 0.1144596 0.2612825
vn -0.9744278 -0.1135041 -0.1939264
vn 0.9645503 0.1152448 0.2374054
vn -0.9800677 -0.1098082 -0.1655586
vn 0.9691705 0.1158014 0.2174824
vn -0.9815897 -0.1110007 -0.1554363
vn 0.9734234 0.1160165 0.1974517
vn -0.9782054 -0.1110472 -0.1754505
vn 0.976566 0.116567 0.1809168
vn -0.9481028 -0.1052431 -0.3000418
vn 0.7270243 0.08026151 0.6819046
vn 0.92616 -0.06582294 -0.3713421
vn -0.8199685 -0.0230619 0.5719439
vn 0.9523098 -0.07465398 -0.2958594
vn -0.9572676 0.0659961 0.2815728
vn 0.9709952 -0.08613858 -0.2230434
vn -0.9779265 0.0881413 0.189449
vn 0.9757019 -0.0893246 -0.2000671
vn -0.9756243 0.08827912 0.2009084
vn 0.976486 -0.08901336 -0.1963458
vn -0.9726287 0.08787484 0.2151076
vn 0.9767385 -0.08933058 -0.1949411
vn -0.9688295 0.08813559 0.2315197
vn 0.976132 -0.0896635 -0.1978053
vn -0.9636204 0.08826618 0.252279
vn 0.9656324 -0.08915985 -0.2441403
vn -0.9575747 0.0858607 0.2750972
vn 0.9470244 -0.0940134 -0.3070931
vn -0.950927 0.08602091 0.2972176
vn 0.9445103 -0.09245736 -0.3152014
vn -0.9417607 0.08497974 0.3253695
vn 0.9325003 -0.08571509 -0.3508504
vn -0.9308992 0.08127075 0.3561206
vn 0.9197044 -0.07689723 -0.3850074
vn -0.9196391 0.08086662 0.3843496
vn 0.9081994 -0.06839116 -0.4129121
vn -0.9055356 0.0790541 0.4168402
vn 0.8856533 -0.06905373 -0.4591838
vn -0.8902663 0.07672424 0.4489315
vn 0.8630074 -0.07213924 -0.5000141
vn -0.8737807 0.07397748 0.4806606
vn 0.8557395 -0.07329001 -0.5121899
vn -0.8541937 0.0712603 0.5150486
vn 0.8374872 -0.07486717 -0.5413042
vn -0.833875 0.06842816 0.5476952
vn 0.8064055 -0.07387593 -0.5867305
vn -0.8070441 0.06452071 0.5869554
vn 0.7835785 -0.06419601 -0.6179672
vn -0.7770745 0.05995253 0.6265468
vn 0.7468722 -0.05469009 -0.6627148
vn -0.7470493 0.05575845 0.6624261
vn 0.7125805 -0.049557 -0.6998379
vn -0.7171767 0.05150929 0.6949851
vn 0.6871603 -0.04379796 -0.7251846
vn -0.6859971 0.04801831 0.726018
vn 0.6502718 -0.03773953 -0.7587637
vn -0.6551896 0.0458543 0.7540716
vn 0.6040138 -0.03156047 -0.7963487
vn -0.6258035 0.04386301 0.7787464
vn 0.5767601 -0.02918465 -0.8163921
vn -0.5946988 0.04171157 0.8028657
vn 0.5610581 -0.02849085 -0.827286
vn -0.56276 0.03968173 0.8256674
vn 0.5145405 -0.02932249 -0.8569645
vn -0.5275342 0.03610392 0.8487663
vn 0.4652662 -0.03348029 -0.8845375
vn -0.4850661 0.03004899 0.873961
vn 0.4560421 -0.02779082 -0.8895242
vn -0.4363871 0.02435989 0.8994293
vn 0.415861 -0.02156535 -0.9091725
vn -0.3808866 0.01855951 0.9244355
vn 0.3530855 -0.02712148 -0.9351979
vn -0.3189908 0.009060712 0.9477145
vn 0.3215491 -0.03037855 -0.9464055
vn -0.2476584 -0.002025609 0.9688452
vn 0.292091 -0.02539378 -0.9560533
vn -0.1732854 -0.01175206 0.9848015
vn 0.2417651 -0.0190522 -0.9701477
vn -0.09736241 -0.02078223 0.995032
vn 0.1904528 -0.01781034 -0.9815348
vn -0.0262689 -0.03153419 0.9991574
vn 0.1575508 -0.02116054 -0.9872841
vn 0.03369819 -0.04221265 0.9985402
vn 0.1169841 -0.0222495 -0.9928846
vn 0.08470969 -0.05315137 0.994987
vn 0.09139727 -0.01931407 -0.9956271
vn 0.120135 -0.06420258 0.9906793
vn 0.05294515 -0.01817469 -0.998432
vn 0.1504446 -0.07422688 0.985828
vn 0.02756324 -0.01967775 -0.9994264
vn 0.1770777 -0.08395833 0.9806092
vn -0.01557765 -0.01506962 -0.999765
vn 0.1806993 -0.09197449 0.9792285
vn -0.06812324 -0.008494101 -0.9976408
vn 0.1667533 -0.09942468 0.980973
vn -0.101098 -0.01445531 -0.9947714
vn 0.153654 -0.104556 0.9825775
vn -0.1315406 -0.0197434 -0.9911141
vn 0.137004 -0.1064697 0.984832
vn -0.1687665 -0.01874404 -0.9854778
vn 0.1193717 -0.1061093 0.9871631
vn -0.2130381 -0.02195865 -0.976797
vn 0.1139675 -0.1029128 0.9881399
vn -0.2477515 -0.02910426 -0.9683864
vn 0.1154983 -0.09873427 0.9883885
vn -0.2690313 -0.02780213 -0.9627301
vn 0.1342178 -0.09230693 0.9866433
vn -0.3116265 -0.02480872 -0.9498808
vn 0.163408 -0.08390039 0.9829845
vn -0.3679024 -0.02330238 -0.9295723
vn 0.1997505 -0.07501785 0.9769709
vn -0.4091808 -0.02457581 -0.9121223
vn 0.2413631 -0.06385001 0.9683321
vn -0.4400131 -0.03426137 -0.8973374
vn 0.2906204 -0.05065315 0.9554967
vn -0.4746198 -0.04043605 -0.8792617
vn 0.339872 -0.03746065 0.9397254
vn -0.5254424 -0.04116743 -0.8498327
vn 0.3954821 -0.02371088 0.9181676
vn -0.5733777 -0.04712717 -0.8179347
vn 0.4437606 -0.009672747 0.8960932
vn -0.5955819 -0.0525797 -0.801572
vn 0.5041061 0.005717429 0.8636229
vn -0.6157767 -0.0511489 -0.7862588
vn 0.5672668 0.02136262 0.823257
vn -0.6606418 -0.05273831 -0.7488465
vn 0.6240137 0.03664165 0.7805538
vn -0.7046201 -0.0601273 -0.7070326
vn 0.674856 0.05038199 0.7362276
vn -0.7306912 -0.06616246 -0.6794946
vn 0.720889 0.061462 0.6903198
vn -0.7555701 -0.06940469 -0.6513808
vn 0.7621069 0.07059485 0.6435911
vn -0.78903 -0.07806226 -0.6093752
vn 0.7947906 0.07868941 0.6017609
vn -0.8147591 -0.0889121 -0.5729418
vn 0.8243157 0.08483931 0.5597374
vn -0.8485744 -0.09133916 -0.5211322
vn 0.8485542 0.08759639 0.5218071
vn -0.8802335 -0.09112352 -0.4657096
vn 0.868971 0.0892927 0.4867404
vn -0.8886122 -0.0936233 -0.4490023
vn 0.8868403 0.09260308 0.4527019
vn -0.8920763 -0.1031157 -0.4399626
vn 0.902486 0.09439679 0.4202478
vn -0.9037899 -0.1124567 -0.4129376
vn 0.9146312 0.09556548 0.3928318
vn -0.924455 -0.1084378 -0.3655467
vn 0.9273582 0.09821792 0.3610542
vn -0.9329394 -0.09739724 -0.3466088
vn 0.9383417 0.1005552 0.3307618
vn -0.9488666 -0.09060131 -0.3023963
vn 0.948186 0.1018856 0.3009362
vn -0.9618263 -0.0915511 -0.2578926
vn 0.9562539 0.1033834 0.2736608
vn -0.9680129 -0.09885392 -0.2306055
vn 0.9629439 0.103967 0.2488571
vn -0.9763529 -0.1084865 -0.1869913
vn 0.9681287 0.1046775 0.2275284
vn -0.9781429 -0.1135313 -0.1742043
vn 0.9728485 0.1051132 0.2061966
vn -0.9812055 -0.1115443 -0.1574603
vn 0.9765192 0.1052707 0.1879588
vn -0.9755911 -0.1055307 -0.1925756
vn 0.9795513 0.1052118 0.1714926
vn -0.9396228 -0.09359396 -0.3291644
vn 0.7127745 0.01922935 0.7011297
vn 0.9312246 -0.06615873 -0.3583906
vn -0.5958135 0.003966009 0.8031131
vn 0.9533322 -0.07195365 -0.2932239
vn -0.9813514 0.07785395 0.17575
vn 0.9752243 -0.07253052 -0.2089897
vn -0.9797372 0.07815903 0.1844076
vn 0.9773523 -0.0734276 -0.1984712
vn -0.9774179 0.07833363 0.1962599
vn 0.9783638 -0.07787873 -0.1916747
vn -0.9743779 0.07800353 0.2109579
vn 0.9774352 -0.08278265 -0.1943387
vn -0.9707263 0.07823114 0.2270909
vn 0.9763413 -0.08463481 -0.1989841
vn -0.9660068 0.07900723 0.2461476
vn 0.9710799 -0.07959036 -0.2250982
vn -0.9601974 0.076713 0.2685815
vn 0.9581931 -0.08105161 -0.2744026
vn -0.9537103 0.07745983 0.2905797
vn 0.9461408 -0.082895 -0.3129632
vn -0.9459322 0.07567997 0.3154122
vn 0.9369529 -0.08277767 -0.3395099
vn -0.9356235 0.07408279 0.3451382
vn 0.9138446 -0.07375327 -0.3993101
vn -0.9241173 0.07159264 0.3753422
vn 0.9038159 -0.06425837 -0.4230697
vn -0.9102551 0.06877718 0.4082958
vn 0.8971263 -0.06044359 -0.4376198
vn -0.8956185 0.06631923 0.4398515
vn 0.8804953 -0.06661634 -0.4693509
vn -0.8790779 0.06395559 0.4723683
vn 0.8566987 -0.06589167 -0.5115912
vn -0.8601277 0.0613263 0.5063789
vn 0.8453314 -0.05662749 -0.5312327
vn -0.8405086 0.05815656 0.5386679
vn 0.8172358 -0.05432787 -0.5737369
vn -0.8147877 0.05403966 0.5772355
vn 0.7805302 -0.05016465 -0.623102
vn -0.7844071 0.04936979 0.6182784
vn 0.7502915 -0.03869437 -0.6599739
vn -0.7548702 0.04520291 0.6543146
vn 0.7303321 -0.03555405 -0.6821663
vn -0.7243752 0.04130149 0.6881677
vn 0.69574 -0.03876172 -0.7172472
vn -0.6947387 0.03766573 0.7182753
vn 0.6576412 -0.03432463 -0.7525489
vn -0.6647539 0.03465607 0.7462583
vn 0.6135957 -0.02803725 -0.7891225
vn -0.634815 0.03186439 0.7720069
vn 0.5868654 -0.02716507 -0.8092287
vn -0.6031933 0.02852346 0.7970849
vn 0.5699056 -0.03039734 -0.8211478
vn -0.5714223 0.02496689 0.8202763
vn 0.5314594 -0.02529313 -0.8467061
vn -0.5367029 0.02142226 0.8434992
vn 0.4893258 -0.02245523 -0.871812
vn -0.4922898 0.0155686 0.8702922
vn 0.4500724 -0.02420493 -0.892664
vn -0.4478932 0.01052724 0.8940251
vn 0.4201328 -0.01696771 -0.907304
vn -0.3951624 0.005874803 0.9185925
vn 0.3859781 -0.01252358 -0.9224229
vn -0.3294715 0.0002275236 0.9441655
vn 0.3428497 -0.01413749 -0.9392838
vn -0.2575384 -0.007252359 0.9662408
vn 0.3058757 -0.01523367 -0.9519495
vn -0.1834967 -0.01622516 0.9828864
vn 0.2492194 -0.01238681 -0.9683679
vn -0.1102113 -0.02544413 0.9935824
vn 0.2040651 -0.00910209 -0.978915
vn -0.03324388 -0.03429845 0.9988586
vn 0.1709336 -0.006637456 -0.9852602
vn 0.0278024 -0.04133394 0.9987586
vn 0.1488217 -0.01088008 -0.9888042
vn 0.08215018 -0.04651871 0.9955337
vn 0.09706227 -0.0114121 -0.9952129
vn 0.1252408 -0.0513463 0.9907969
vn 0.06790689 -0.005925971 -0.997674
vn 0.1559271 -0.05668307 0.9861409
vn 0.03405286 -0.005347568 -0.9994057
vn 0.1824036 -0.06249423 0.9812357
vn 0.0004058572 -0.006597918 -0.9999781
vn 0.1887999 -0.06255417 0.9800212
vn -0.06307141 -0.005991043 -0.997991
vn 0.1816427 -0.06179612 0.9814209
vn -0.07164913 -0.009685507 -0.9973829
vn 0.1691979 -0.06357889 0.9835292
vn -0.1100613 -0.01152867 -0.9938579
vn 0.1474277 -0.06316677 0.9870538
vn -0.1587204 -0.008618112 -0.9872859
vn 0.1253427 -0.06250893 0.9901423
vn -0.1944007 -0.006349808 -0.9809016
vn 0.1097509 -0.06141209 0.9920601
vn -0.2179129 -0.008284528 -0.9759331
vn 0.1068834 -0.059492 0.9924902
vn -0.2507491 -0.0153364 -0.9679307
vn 0.1153357 -0.05836105 0.9916106
vn -0.2964663 -0.01698614 -0.9548923
vn 0.1362266 -0.05505279 0.9891469
vn -0.345508 -0.0176239 -0.9382503
vn 0.1661809 -0.04965591 0.9848443
vn -0.3845579 -0.0241602 -0.9227847
vn 0.2063511 -0.04413825 0.977482
vn -0.4134882 -0.02734751 -0.9100987
vn 0.2491139 -0.03837203 0.9677138
vn -0.452294 -0.02523786 -0.8915117
vn 0.2989243 -0.03213866 0.9537355
vn -0.5001246 -0.02705786 -0.8655307
vn 0.3496789 -0.02403335 0.9365612
vn -0.5421387 -0.03455662 -0.8395782
vn 0.3996829 -0.01448797 0.916539
vn -0.5748389 -0.04434373 -0.8170642
vn 0.4551918 -0.005308464 0.8903776
vn -0.6083205 -0.04516307 -0.7924055
vn 0.5160192 0.005169285 0.8565615
vn -0.640453 -0.04168234 -0.7668654
vn 0.5749596 0.01696879 0.8180057
vn -0.6751043 -0.04605983 -0.7362831
vn 0.6307729 0.02960276 0.7754026
vn -0.7077291 -0.05814034 -0.7040875
vn 0.6849408 0.04077636 0.7274568
vn -0.7414346 -0.06264075 -0.6680949
vn 0.7325614 0.05034813 0.6788363
vn -0.768038 -0.06261587 -0.6373358
vn 0.7708017 0.05890672 0.6343458
vn -0.7953096 -0.0648383 -0.602726
vn 0.8049904 0.06588733 0.5896179
vn -0.8333508 -0.06314901 -0.5491253
vn 0.8363472 0.06989874 0.5437256
vn -0.8658138 -0.06784222 -0.4957459
vn 0.8580148 0.07416807 0.5082418
vn -0.8823703 -0.07575231 -0.464418
vn 0.8752877 0.07876568 0.477145
vn -0.8796503 -0.08403972 -0.4681375
vn 0.8942336 0.08167811 0.4400853
vn -0.8868212 -0.09300131 -0.4526576
vn 0.9076731 0.08377506 0.4112314
vn -0.9180682 -0.09738167 -0.3842754
vn 0.9198269 0.08558314 0.3828758
vn -0.9365746 -0.09869123 -0.3362855
vn 0.9320163 0.08736442 0.3517289
vn -0.9474037 -0.09111407 -0.3067973
vn 0.94332 0.08899458 0.3197301
vn -0.9568743 -0.08540083 -0.2776662
vn 0.9522116 0.09044519 0.2917409
vn -0.9566395 -0.08872306 -0.2774329
vn 0.9598285 0.09159461 0.2652166
vn -0.9653038 -0.09354005 -0.243801
vn 0.9658075 0.09208253 0.2423563
vn -0.9784114 -0.09329503 -0.1844102
vn 0.9710779 0.09232551 0.2201903
vn -0.9849459 -0.08809301 -0.1487326
vn 0.9757302 0.09255219 0.1984559
vn -0.9873548 -0.08678621 -0.1326594
vn 0.9792545 0.09212662 0.1804805
vn -0.9733851 -0.08827731 -0.2114914
vn 0.9821894 0.09246174 0.163569
vn -0.9411898 -0.08257339 -0.3276331
vn 0.7445595 0.02285315 0.6671647
vn 0.9204577 -0.06224208 -0.3858544
vn 0.03493736 0.05357034 0.9979527
vn 0.950822 -0.06340983 -0.3031776
vn -0.9829702 0.06892374 0.1703505
vn 0.9658875 -0.06110819 -0.2516487
vn -0.9808824 0.06944875 0.1817871
vn 0.9818985 -0.06017769 -0.1795939
vn -0.9786018 0.06915207 0.1937951
vn 0.9852647 -0.06244186 -0.1592307
vn -0.9753626 0.07053361 0.2090281
vn 0.9821957 -0.06830163 -0.1750045
vn -0.971854 0.06874538 0.2253305
vn 0.9769842 -0.07085533 -0.2011997
vn -0.9656579 0.06953692 0.2503383
vn 0.9659636 -0.06605674 -0.2501013
vn -0.9592814 0.06712408 0.2743606
vn 0.9560871 -0.06078706 -0.2867097
vn -0.9518194 0.06734972 0.2991717
vn 0.9478542 -0.0570303 -0.3135599
vn -0.9414406 0.06527185 0.3308006
vn 0.9238955 -0.05956391 -0.3779805
vn -0.9293842 0.06335414 0.363636
vn 0.9009086 -0.05717507 -0.4302265
vn -0.9160302 0.06097469 0.3964479
vn 0.8998176 -0.05345953 -0.4329784
vn -0.9018667 0.05806608 0.4280945
vn 0.8952521 -0.05017991 -0.4427252
vn -0.88602 0.05512914 0.4603578
vn 0.8680561 -0.04661286 -0.4942731
vn -0.8687317 0.05184368 0.4925621
vn 0.8443897 -0.04810682 -0.5335652
vn -0.8481537 0.04829165 0.5275444
vn 0.8320987 -0.04662229 -0.5526646
vn -0.8263552 0.04408249 0.5614212
vn 0.8037018 -0.04260803 -0.5935048
vn -0.7970206 0.03951631 0.602658
vn 0.7539889 -0.04200716 -0.6555428
vn -0.7673438 0.03521587 0.6402681
vn 0.7324368 -0.0341315 -0.679979
vn -0.7373622 0.03125132 0.6747744
vn 0.7153036 -0.02690235 -0.6982959
vn -0.7074857 0.02764399 0.7061867
vn 0.6784012 -0.02175726 -0.7343693
vn -0.6774299 0.02435345 0.7351841
vn 0.631077 -0.02058462 -0.775447
vn -0.6475019 0.02061536 0.7617849
vn 0.5967519 -0.01728755 -0.8022396
vn -0.616454 0.01689251 0.7872096
vn 0.5814943 -0.01319616 -0.8134434
vn -0.584689 0.0136767 0.8111422
vn 0.5551777 -0.01091197 -0.8316603
vn -0.5558097 0.01200397 0.8312228
vn 0.5119674 -0.006229877 -0.8589823
vn -0.517311 0.007728199 0.8557626
vn 0.4792783 -0.006016996 -0.8776423
vn -0.4686049 0.00298272 0.8834028
vn 0.4372555 -0.009323568 -0.899289
vn -0.4255993 -2.849924E-06 0.9049118
vn 0.4013251 -0.006380072 -0.9159135
vn -0.3706315 -0.003737835 0.9287724
vn 0.3694068 -0.003698704 -0.9292604
vn -0.2940804 -0.008932013 0.955739
vn 0.3181914 -0.001160603 -0.9480258
vn -0.2114328 -0.01487218 0.9772795
vn 0.2853209 0.005966259 -0.9584135
vn -0.1443473 -0.02081469 0.9893081
vn 0.2308194 0.01266114 -0.9729143
vn -0.07392976 -0.0262472 0.996918
vn 0.1983951 0.009340575 -0.9800776
vn -0.004840849 -0.03105516 0.9995059
vn 0.1732225 0.006162512 -0.9848635
vn 0.05009198 -0.03445214 0.9981502
vn 0.1316522 0.007389633 -0.9912684
vn 0.1023437 -0.03793848 0.9940253
vn 0.07858007 0.009557564 -0.9968621
vn 0.1394018 -0.03920227 0.9894596
vn 0.05402682 0.003119622 -0.9985346
vn 0.1724696 -0.03661139 0.9843342
vn 0.03248753 0.008780379 -0.9994335
vn 0.1845641 -0.03613019 0.9821562
vn -0.01410668 0.007363737 -0.9998734
vn 0.1818772 -0.03572949 0.9826719
vn -0.05200086 0.00360316 -0.9986405
vn 0.17101 -0.02433279 0.9849688
vn -0.08794057 -0.002108677 -0.9961235
vn 0.1518353 -0.01899183 0.9882234
vn -0.1373307 0.001307506 -0.9905244
vn 0.1334103 -0.0133535 0.9909709
vn -0.1789638 0.002450923 -0.9838526
vn 0.1157353 -0.0112576 0.9932163
vn -0.2029796 0.004503164 -0.9791726
vn 0.1070241 -0.01140162 0.9941911
vn -0.2172745 0.002824884 -0.9761065
vn 0.1094883 -0.01285106 0.9939051
vn -0.2626512 -0.001816748 -0.9648892
vn 0.1208384 -0.01400376 0.9925734
vn -0.3082055 -0.004334063 -0.95131
vn 0.1404406 -0.01417801 0.9899876
vn -0.3488925 -0.007330637 -0.9371341
vn 0.17555 -0.01266449 0.984389
vn -0.3929577 -0.01152564 -0.9194843
vn 0.2165624 -0.0116312 0.9761995
vn -0.4367961 -0.01175332 -0.8994837
vn 0.2597601 -0.01369734 0.9655761
vn -0.4620692 -0.009041226 -0.8867977
vn 0.3020159 -0.008548889 0.9532646
vn -0.4929104 -0.01661644 -0.8699214
vn 0.3509327 -0.00523701 0.9363859
vn -0.5324026 -0.0243612 -0.8461406
vn 0.403261 -0.002397517 0.9150819
vn -0.581575 -0.02525291 -0.8131007
vn 0.4561352 0.001716724 0.8899089
vn -0.6194009 -0.02672311 -0.7846199
vn 0.5165862 0.00732389 0.8562039
vn -0.6453653 -0.02896121 -0.7633249
vn 0.5714536 0.01432968 0.8205093
vn -0.6627668 -0.03790078 -0.7478661
vn 0.6275833 0.02153994 0.7782515
vn -0.7086681 -0.04204028 -0.7042884
vn 0.6824532 0.02951158 0.7303333
vn -0.7471901 -0.04564463 -0.6630409
vn 0.7302886 0.03741955 0.6821132
vn -0.7748991 -0.04975748 -0.6301235
vn 0.7695985 0.04451615 0.6369745
vn -0.8079278 -0.04926215 -0.5872187
vn 0.8080021 0.0494037 0.5871047
vn -0.8413782 -0.04822505 -0.5382909
vn 0.8363034 0.05532153 0.5454689
vn -0.8609444 -0.05651116 -0.5055504
vn 0.857015 0.06166513 0.5115885
vn -0.8728411 -0.06582031 -0.4835452
vn 0.87695 0.06503998 0.4761603
vn -0.8680246 -0.07567783 -0.4907202
vn 0.8958007 0.0685211 0.4391423
vn -0.8883212 -0.08019722 -0.4521658
vn 0.9093193 0.07143776 0.4099208
vn -0.9254972 -0.07658083 -0.3709318
vn 0.9221315 0.07353953 0.3798231
vn -0.9429495 -0.07558607 -0.3242424
vn 0.9347432 0.07495438 0.3473283
vn -0.9556487 -0.07681718 -0.2843145
vn 0.9453886 0.07662546 0.3168106
vn -0.9547734 -0.08390649 -0.2852496
vn 0.9540492 0.07775736 0.2893856
vn -0.9600825 -0.0833319 -0.2670159
vn 0.9620697 0.07913921 0.2610725
vn -0.9749894 -0.07851364 -0.2079214
vn 0.96843 0.07936155 0.2363155
vn -0.9846447 -0.07261536 -0.1587512
vn 0.9736229 0.08190525 0.2129556
vn -0.9832852 -0.08120938 -0.1629578
vn 0.9777567 0.08114146 0.1934111
vn -0.9781153 -0.09069946 -0.187254
vn 0.9812341 0.08117329 0.1749015
vn -0.9598194 -0.09122435 -0.2653768
vn 0.9843915 0.08163859 0.1559117
vn -0.9373801 -0.07924953 -0.3391728
vn 0.6376427 0.00661378 0.7703037
vn 0.9453928 -0.0588816 -0.3205705
vn -0.9175134 0.05674534 0.3936359
vn 0.962934 -0.06467091 -0.2618695
vn -0.9828006 0.05998064 0.1746578
vn 0.9778991 -0.07221254 -0.1962111
vn -0.9800738 0.06015705 0.1893057
vn 0.9844752 -0.07115823 -0.1604523
vn -0.9763366 0.06048851 0.2076245
vn 0.9819395 -0.0673324 -0.1768079
vn -0.971863 0.05856638 0.2281498
vn 0.976887 -0.06498455 -0.2036383
vn -0.9669071 0.05878042 0.248265
vn 0.9662206 -0.06137476 -0.2503016
vn -0.9604998 0.05786556 0.2721978
vn 0.9519057 -0.06158471 -0.3001381
vn -0.9527101 0.05682098 0.2985212
vn 0.9445773 -0.05574992 -0.3235207
vn -0.9432643 0.05518605 0.3274247
vn 0.9337989 -0.04680482 -0.3547236
vn -0.9311627 0.05319328 0.360703
vn 0.9076533 -0.05153466 -0.4165449
vn -0.9176642 0.05097467 0.3940737
vn 0.894942 -0.054059 -0.4428954
vn -0.9029511 0.04883343 0.4269596
vn 0.8888299 -0.05150106 -0.4553339
vn -0.8865848 0.04587562 0.4602857
vn 0.873136 -0.04426115 -0.4854631
vn -0.8694013 0.04296491 0.4922352
vn 0.8522763 -0.03863459 -0.5216632
vn -0.849153 0.03996008 0.526633
vn 0.83492 -0.03608006 -0.5491873
vn -0.8281113 0.03617654 0.5593951
vn 0.8067199 -0.02843597 -0.5902495
vn -0.7998914 0.03163491 0.5993104
vn 0.7647667 -0.02235002 -0.6439196
vn -0.769282 0.02713159 0.6383329
vn 0.7292713 -0.02424799 -0.6837949
vn -0.7399281 0.02279661 0.6722996
vn 0.7092759 -0.01937843 -0.7046646
vn -0.7098477 0.01882282 0.7041038
vn 0.6812289 -0.01167925 -0.7319773
vn -0.6799253 0.01482219 0.7331316
vn 0.6413832 -0.008837028 -0.7671698
vn -0.6492265 0.01108014 0.7605144
vn 0.6066423 -0.01392324 -0.794853
vn -0.6185781 0.00740492 0.7856884
vn 0.5711281 -0.01547777 -0.820715
vn -0.5878456 0.004183065 0.8089624
vn 0.5479899 -0.005439912 -0.8364673
vn -0.5534075 0.001758935 0.8329088
vn 0.5101371 -0.001674219 -0.8600916
vn -0.5085559 -0.001738291 0.8610272
vn 0.4811046 0.005260505 -0.8766475
vn -0.4675593 -0.003159106 0.8839561
vn 0.4331619 0.01132462 -0.9012451
vn -0.4222523 -0.005006377 0.9064646
vn 0.3962045 0.01835242 -0.9179789
vn -0.3592201 -0.009009979 0.9332094
vn 0.3860142 0.0180311 -0.9223166
vn -0.2928573 -0.01102719 0.9560925
vn 0.3195582 0.01442972 -0.9474568
vn -0.2226836 -0.01248874 0.9748108
vn 0.2642575 0.01874187 -0.9642701
vn -0.1400334 -0.01586992 0.9900195
vn 0.2335108 0.01806224 -0.9721865
vn -0.06004737 -0.01786206 0.9980357
vn 0.203213 0.01513631 -0.9790176
vn 0.005067182 -0.01846023 0.9998168
vn 0.1754166 0.01294968 -0.9844092
vn 0.06194305 -0.01957848 0.9978877
vn 0.1242693 0.0164779 -0.9921117
vn 0.1068214 -0.01950603 0.9940869
vn 0.09733608 0.01210428 -0.9951779
vn 0.1356409 -0.01580344 0.9906321
vn 0.06021043 0.01516524 -0.9980705
vn 0.1608444 -0.008558303 0.9869426
vn 0.01869007 0.01043206 -0.9997709
vn 0.1762808 -0.005705116 0.9843234
vn -0.01529092 0.01686282 -0.9997408
vn 0.1700043 -0.002265038 0.9854407
vn -0.03350814 0.01610448 -0.9993086
vn 0.1530658 0.009380718 0.9881715
vn -0.07201334 0.01533167 -0.9972858
vn 0.1395575 0.01340004 0.9901232
vn -0.1273373 0.01764717 -0.9917024
vn 0.1230275 0.02102714 0.9921805
vn -0.1731648 0.01923816 -0.9847049
vn 0.112701 0.02770091 0.9932427
vn -0.1989979 0.01722769 -0.9798484
vn 0.1090429 0.03062164 0.9935653
vn -0.207781 0.01402528 -0.9780749
vn 0.112144 0.02980668 0.9932448
vn -0.2338193 0.01061582 -0.9722221
vn 0.1204171 0.02828199 0.9923205
vn -0.2966346 0.006346916 -0.9549699
vn 0.1366665 0.0260254 0.9902752
vn -0.3333433 0.002008515 -0.9428034
vn 0.1668333 0.02253625 0.9857275
vn -0.3766414 0.001409542 -0.9263581
vn 0.2081921 0.0188911 0.9779055
vn -0.4290299 0.0004559556 -0.9032902
vn 0.2567258 0.01356882 0.966389
vn -0.4543872 -0.002328823 -0.8908013
vn 0.305773 0.0127486 0.9520192
vn -0.4878389 -0.003994776 -0.8729246
vn 0.3533036 0.01162759 0.9354364
vn -0.5322324 -0.005150163 -0.8465826
vn 0.4064107 0.01080724 0.9136266
vn -0.5788757 -0.008186076 -0.8153747
vn 0.4596296 0.0099719 0.8880547
vn -0.6095833 -0.01880195 -0.792499
vn 0.512346 0.01067125 0.8587128
vn -0.6385828 -0.02481601 -0.7691528
vn 0.5687394 0.01297522 0.8224155
vn -0.6610066 -0.02617069 -0.7499235
vn 0.6232098 0.01575734 0.7818959
vn -0.7075732 -0.02685017 -0.7061297
vn 0.6757402 0.01989563 0.7368714
vn -0.743845 -0.02604432 -0.6678445
vn 0.7231028 0.02567606 0.690263
vn -0.7697816 -0.02763865 -0.6377087
vn 0.7651764 0.03152969 0.6430482
vn -0.804096 -0.04296571 -0.5929449
vn 0.8031257 0.03753482 0.5946261
vn -0.8346227 -0.05561322 -0.5480072
vn 0.8304371 0.04414328 0.5553608
vn -0.8553959 -0.05842071 -0.5146697
vn 0.853783 0.04910932 0.5183077
vn -0.8625192 -0.06157475 -0.5022641
vn 0.8752182 0.05313314 0.4808015
vn -0.8707998 -0.05500815 -0.4885509
vn 0.89296 0.05638005 0.4465913
vn -0.9056866 -0.03969359 -0.4220855
vn 0.9080331 0.05858981 0.4147809
vn -0.9304654 -0.03349575 -0.3648454
vn 0.9214646 0.06087667 0.3836626
vn -0.9384565 -0.04546823 -0.3423914
vn 0.934532 0.06266102 0.3503191
vn -0.9427299 -0.06731675 -0.3266936
vn 0.9452852 0.06449702 0.3198062
vn -0.9552051 -0.07050958 -0.2874227
vn 0.9539597 0.06609996 0.2925607
vn -0.967056 -0.06465712 -0.246216
vn 0.9620925 0.0681161 0.26408
vn -0.9747902 -0.06087494 -0.2146585
vn 0.9674298 0.06842267 0.2437169
vn -0.979874 -0.07606534 -0.1845562
vn 0.9733375 0.0713561 0.2179966
vn -0.9805708 -0.07829522 -0.1798631
vn 0.9782304 0.07198144 0.1946382
vn -0.9800873 -0.07360017 -0.1844228
vn 0.9817982 0.07256614 0.1755176
vn -0.9785097 -0.06316171 -0.1962892
vn 0.9849955 0.07357554 0.1561105
vn -0.9569452 -0.05123429 -0.285711
vn 0.9633005 0.04918566 0.2638805
vn -0.9243331 -0.04343301 -0.3791068
vn 0.2710604 0.007773347 0.962531
vn 0.9090413 -0.03753032 -0.4150125
vn 0.2907099 -0.1034363 0.9512039
vn 0.9405147 -0.04490863 -0.3367718
vn -0.9712982 0.02434296 0.2366162
vn 0.9640902 -0.05093148 -0.2606458
vn -0.9848075 0.05027601 0.1662124
vn 0.9783026 -0.05478892 -0.1998055
vn -0.9822924 0.05024537 0.1804911
vn 0.9834551 -0.05845695 -0.1714606
vn -0.9790609 0.05039731 0.197231
vn 0.9830487 -0.05535151 -0.1747902
vn -0.9746792 0.04879762 0.2182185
vn 0.9777807 -0.05652209 -0.2018671
vn -0.969112 0.04808139 0.241889
vn 0.9697887 -0.05265576 -0.2381958
vn -0.963008 0.04679593 0.2653782
vn 0.9594213 -0.04899669 -0.2776872
vn -0.9561273 0.04546845 0.2894014
vn 0.9464031 -0.04761875 -0.3194584
vn -0.946933 0.04363774 0.3184552
vn 0.9343453 -0.04642268 -0.3533325
vn -0.9360178 0.0414677 0.3495012
vn 0.9230686 -0.04488831 -0.3820073
vn -0.9229847 0.03914096 0.3828411
vn 0.9012759 -0.04586869 -0.4308105
vn -0.9084529 0.03697279 0.4163487
vn 0.8923683 -0.04065676 -0.4494728
vn -0.8920927 0.03425781 0.4505519
vn 0.8804287 -0.03892344 -0.4725784
vn -0.8753871 0.0312996 0.4824082
vn 0.8462918 -0.03907264 -0.5312848
vn -0.8566201 0.02884551 0.5151407
vn 0.831863 -0.02628225 -0.5543583
vn -0.835425 0.02569873 0.5490035
vn 0.8158358 -0.01765301 -0.5780143
vn -0.8111725 0.02124532 0.584421
vn 0.783138 -0.01651333 -0.6216286
vn -0.7804223 0.01678032 0.6250275
vn 0.7461956 -0.01215845 -0.6656157
vn -0.7508084 0.01259778 0.6604
vn 0.7148772 -0.007651181 -0.6992081
vn -0.7206302 0.00856322 0.6932668
vn 0.6864054 0.001165016 -0.7272182
vn -0.6904211 0.004347938 0.7233946
vn 0.6588092 0.008228506 -0.752265
vn -0.6600619 0.0001723811 0.7512112
vn 0.6367353 0.01055955 -0.7710102
vn -0.6298731 -0.003492705 0.7766902
vn 0.5972393 0.00561388 -0.8020434
vn -0.5999684 -0.006648595 0.799996
vn 0.5548743 0.006471026 -0.831909
vn -0.5696687 -0.008928247 0.8218259
vn 0.5230267 0.007497745 -0.8522833
vn -0.5362716 -0.01103622 0.8439733
vn 0.4817718 0.01308403 -0.876199
vn -0.495133 -0.01241205 0.8687285
vn 0.4498979 0.01941613 -0.8928689
vn -0.4470729 -0.01371819 0.8943924
vn 0.4058728 0.01950298 -0.9137215
vn -0.3988401 -0.01597581 0.9168814
vn 0.3936036 0.02210402 -0.9190146
vn -0.3382156 -0.01656822 0.9409228
vn 0.3625546 0.02548919 -0.9316139
vn -0.2640341 -0.0167219 0.9643684
vn 0.2988297 0.02227036 -0.9540466
vn -0.1861673 -0.01651823 0.9823791
vn 0.2654169 0.01438446 -0.9640265
vn -0.112297 -0.01601757 0.9935457
vn 0.2228573 0.0174121 -0.9746956
vn -0.04422192 -0.01446549 0.9989169
vn 0.1919396 0.02868057 -0.9809875
vn 0.01888607 -0.01161622 0.9997543
vn 0.1588253 0.02940955 -0.9868687
vn 0.07148852 -0.008449295 0.9974057
vn 0.110112 0.02746377 -0.9935397
vn 0.1053414 -0.0037733 0.9944289
vn 0.08624349 0.02876127 -0.9958588
vn 0.130335 0.00225515 0.9914674
vn 0.04755261 0.02984302 -0.9984229
vn 0.1527923 0.01084903 0.9881988
vn 0.005520042 0.0289335 -0.9995661
vn 0.1606044 0.01981795 0.9868199
vn -0.0207224 0.03000081 -0.9993351
vn 0.1511891 0.0261723 0.9881583
vn -0.05087656 0.029848 -0.9982588
vn 0.1325814 0.03468946 0.9905649
vn -0.1060832 0.0331099 -0.9938059
vn 0.1159807 0.04156962 0.9923812
vn -0.1450253 0.02923623 -0.9889959
vn 0.1021186 0.0471547 0.993654
vn -0.1776868 0.02224964 -0.9838355
vn 0.09982485 0.05344542 0.9935687
vn -0.1976574 0.02058656 -0.9800549
vn 0.1074138 0.0567822 0.9925917
vn -0.2098067 0.02423331 -0.9774424
vn 0.1156305 0.0586567 0.9915588
vn -0.2569708 0.02623792 -0.9660629
vn 0.1316036 0.05737668 0.9896405
vn -0.2971691 0.02373262 -0.9545298
vn 0.1581917 0.0533178 0.9859679
vn -0.3437669 0.01826893 -0.9388772
vn 0.1938878 0.04754856 0.9798707
vn -0.4016722 0.01575067 -0.915648
vn 0.2396437 0.04127178 0.9699832
vn -0.4360509 0.0136782 -0.8998181
vn 0.2807412 0.03531703 0.9591335
vn -0.4581711 0.009437648 -0.8888139
vn 0.3241135 0.02931825 0.9455638
vn -0.4969064 0.009190534 -0.8677554
vn 0.3742109 0.02368039 0.9270412
vn -0.5389832 0.006283499 -0.8422931
vn 0.42364 0.01957382 0.9056191
vn -0.5715103 0.002326524 -0.8205916
vn 0.4810196 0.01615452 0.8765611
vn -0.6054478 -0.002956883 -0.7958795
vn 0.5292259 0.01309498 0.8483799
vn -0.6390137 -0.01024581 -0.7691271
vn 0.5824516 0.01145854 0.8127847
vn -0.6717328 -0.01189979 -0.740698
vn 0.6348384 0.01160516 0.7725578
vn -0.7236472 -0.01752241 -0.6899477
vn 0.6822035 0.01398349 0.7310286
vn -0.7512589 -0.02004966 -0.659703
vn 0.7270012 0.01730347 0.6864181
vn -0.7559262 -0.02391503 -0.6542199
vn 0.7675998 0.02218826 0.6405452
vn -0.7936425 -0.03238961 -0.6075218
vn 0.8040157 0.02827481 0.5939355
vn -0.8391292 -0.04272958 -0.5422511
vn 0.8310494 0.03320424 0.5552066
vn -0.8614666 -0.0424631 -0.5060357
vn 0.8541768 0.03805251 0.5185884
vn -0.8746211 -0.04053558 -0.4831096
vn 0.8747173 0.04145329 0.4828573
vn -0.8920866 -0.03359982 -0.4506136
vn 0.8924477 0.04531441 0.4488694
vn -0.91388 -0.03157873 -0.4047543
vn 0.9075795 0.04847692 0.4170724
vn -0.9181706 -0.04312091 -0.3938316
vn 0.9218643 0.05036564 0.3842259
vn -0.921514 -0.05216967 -0.3848249
vn 0.9342962 0.05270201 0.3525806
vn -0.9402942 -0.05803107 -0.335379
vn 0.9452632 0.05514894 0.3216148
vn -0.9605106 -0.06133488 -0.2713989
vn 0.9539461 0.05719949 0.2944744
vn -0.9686667 -0.06390273 -0.2400023
vn 0.9617681 0.05894653 0.2674463
vn -0.9720102 -0.06232494 -0.2265209
vn 0.9681103 0.06069135 0.2430619
vn -0.9787197 -0.06240582 -0.1954822
vn 0.9735556 0.0624201 0.2197572
vn -0.9837933 -0.05962002 -0.169104
vn 0.9783721 0.06413203 0.1966596
vn -0.9855442 -0.05562942 -0.1600247
vn 0.9819063 0.06560355 0.1776403
vn -0.9853061 -0.05072362 -0.1630924
vn 0.9847234 0.06691553 0.1607548
vn -0.9639479 -0.04452172 -0.2623399
vn 0.9548619 0.07388427 0.2877147
vn 0.9278426 -0.01437768 -0.3726948
vn -0.6876451 0.1101505 0.7176429
vn 0.9609287 -0.01635809 -0.2763122
vn -0.9859218 0.04279252 0.1616384
vn 0.9777173 -0.02314556 -0.2086454
vn -0.9837263 0.04234637 0.1746121
vn 0.9852502 -0.02911695 -0.1686245
vn -0.9810408 0.04182972 0.1892329
vn 0.9853078 -0.0329161 -0.1675862
vn -0.9777404 0.04103958 0.2057657
vn 0.9854183 -0.03265278 -0.1669869
vn -0.9733689 0.03915162 0.2258765
vn 0.9806471 -0.03666563 -0.1923198
vn -0.969097 0.03904356 0.2435708
vn 0.968277 -0.03837837 -0.2469148
vn -0.9628252 0.03746868 0.2675139
vn 0.9551802 -0.03534771 -0.2939068
vn -0.9558302 0.03585313 0.2917247
vn 0.9464943 -0.02942799 -0.3213759
vn -0.9462994 0.03382869 0.3215167
vn 0.9387754 -0.0303736 -0.343188
vn -0.9356663 0.03172426 0.3514571
vn 0.9242719 -0.0326382 -0.3803369
vn -0.9226904 0.02901304 0.3844487
vn 0.9010964 -0.02731893 -0.4327573
vn -0.9081357 0.02658126 0.4178312
vn 0.8815368 -0.0220318 -0.471601
vn -0.8909324 0.02397503 0.4535027
vn 0.880758 -0.01293374 -0.4733899
vn -0.8736904 0.02079739 0.4860376
vn 0.8538186 -0.01053406 -0.5204639
vn -0.8554205 0.01752895 0.5176376
vn 0.8238667 -0.01515473 -0.5665809
vn -0.8374542 0.01637178 0.5462623
vn 0.8192853 -0.0089978 -0.5733154
vn -0.815877 0.01224449 0.5780957
vn 0.7978829 -0.00703455 -0.6027715
vn -0.7870177 0.007837387 0.6168805
vn 0.7504559 -0.001745807 -0.6609184
vn -0.7567616 0.003342682 0.6536825
vn 0.7196217 0.002091368 -0.6943632
vn -0.7268674 -0.000753991 0.6867774
vn 0.6860971 0.001902757 -0.7275074
vn -0.6958639 -0.004841274 0.7181573
vn 0.6562531 0.005759243 -0.7545188
vn -0.665431 -0.00886548 0.7464069
vn 0.6359978 0.01091099 -0.7716138
vn -0.6352044 -0.01306583 0.7722335
vn 0.612155 0.02039743 -0.7904746
vn -0.6057681 -0.01702433 0.7954592
vn 0.5681166 0.02373606 -0.8226056
vn -0.5773915 -0.02045779 0.816211
vn 0.5346858 0.02907404 -0.8445507
vn -0.5462429 -0.0226806 0.8373198
vn 0.4959362 0.0294921 -0.867858
vn -0.5109624 -0.02346851 0.8592826
vn 0.4643318 0.02838425 -0.8852064
vn -0.4641379 -0.02373872 0.8854448
vn 0.4267927 0.02823323 -0.9039087
vn -0.4153806 -0.02380495 0.9093362
vn 0.3924239 0.02642131 -0.9194049
vn -0.3629904 -0.02475971 0.9314638
vn 0.3741871 0.030338 -0.9268569
vn -0.2948534 -0.02504898 0.9552141
vn 0.3307726 0.0309132 -0.943204
vn -0.2188441 -0.02345238 0.9754779
vn 0.2804695 0.03325608 -0.9592867
vn -0.1436148 -0.02082273 0.9894146
vn 0.2228675 0.03454532 -0.9742365
vn -0.07463375 -0.01771528 0.9970537
vn 0.1731554 0.04028555 -0.9840702
vn -0.01226672 -0.01437524 0.9998214
vn 0.1742284 0.04622994 -0.9836195
vn 0.04359137 -0.009920322 0.9990001
vn 0.1443077 0.04133906 -0.988669
vn 0.08107072 -0.003982054 0.9967003
vn 0.1024072 0.03410581 -0.9941577
vn 0.1051779 0.002541207 0.9944502
vn 0.05923592 0.03242748 -0.9977172
vn 0.125167 0.009172647 0.9920932
vn 0.01401065 0.03752406 -0.9991975
vn 0.1383494 0.01759696 0.9902271
vn -0.01574142 0.03640855 -0.999213
vn 0.1367267 0.02803631 0.990212
vn -0.03850393 0.03717475 -0.9985667
vn 0.119868 0.03715501 0.9920943
vn -0.08275263 0.04037899 -0.9957517
vn 0.1075817 0.04375098 0.9932331
vn -0.1175003 0.04086101 -0.9922319
vn 0.0932941 0.05071637 0.9943461
vn -0.1490491 0.03686251 -0.9881424
vn 0.08448245 0.05716638 0.9947837
vn -0.1905034 0.03106261 -0.9811949
vn 0.09287025 0.06290992 0.9936889
vn -0.2140567 0.02709025 -0.9764456
vn 0.1052222 0.06720083 0.9921756
vn -0.2376241 0.02649768 -0.9709957
vn 0.1234663 0.06965091 0.9899014
vn -0.2834079 0.02448281 -0.9586868
vn 0.1527889 0.06834214 0.9858929
vn -0.323417 0.02998088 -0.9457815
vn 0.1878621 0.06471121 0.9800615
vn -0.3755929 0.0363368 -0.9260722
vn 0.2309951 0.05949866 0.9711339
vn -0.4121526 0.03256883 -0.9105325
vn 0.2759776 0.05386849 0.9596534
vn -0.4366164 0.02680628 -0.8992483
vn 0.3223637 0.04566928 0.9455135
vn -0.4751078 0.0201782 -0.8796962
vn 0.3673505 0.03696065 0.9293479
vn -0.5128399 0.01407995 -0.8583688
vn 0.4160141 0.02872531 0.9089044
vn -0.566674 0.01727948 -0.8237609
vn 0.4676772 0.02230955 0.8836178
vn -0.5802311 0.01946929 -0.8142191
vn 0.5165504 0.0172674 0.8560827
vn -0.611345 0.00641971 -0.7913383
vn 0.5673718 0.01273267 0.8233634
vn -0.6517349 0.0002073359 -0.7584468
vn 0.6157115 0.009557668 0.7879137
vn -0.68626 -0.002254314 -0.7273527
vn 0.6619201 0.008990562 0.7495205
vn -0.728461 -0.01589403 -0.684903
vn 0.7075032 0.009120776 0.7066513
vn -0.7542429 -0.02386473 -0.6561617
vn 0.7466457 0.01075175 0.6651349
vn -0.7762284 -0.01775414 -0.6302018
vn 0.783623 0.01411809 0.6210762
vn -0.8170727 -0.01560131 -0.5763236
vn 0.8151902 0.01954678 0.5788633
vn -0.8500208 -0.01987334 -0.5263742
vn 0.8396025 0.02395812 0.5426728
vn -0.8644705 -0.02469621 -0.5020764
vn 0.8616372 0.02798628 0.5067526
vn -0.878229 -0.0356626 -0.4769087
vn 0.8797455 0.03120564 0.4744197
vn -0.896675 -0.04644692 -0.4402461
vn 0.8969477 0.03520055 0.4407332
vn -0.9074695 -0.05486462 -0.4165201
vn 0.9134935 0.03857967 0.40502
vn -0.9166105 -0.05830743 -0.3955065
vn 0.9269962 0.0411482 0.3728067
vn -0.929276 -0.05301794 -0.3655614
vn 0.9383847 0.04445714 0.3427211
vn -0.9461116 -0.05382891 -0.3193361
vn 0.9485477 0.04707157 0.3131158
vn -0.9619012 -0.06178863 -0.2663237
vn 0.9572046 0.04904816 0.2852255
vn -0.9739947 -0.0640635 -0.2173257
vn 0.9638302 0.05093526 0.2616049
vn -0.9772654 -0.06154136 -0.2028913
vn 0.9700235 0.05280639 0.2372041
vn -0.9831543 -0.06109326 -0.1722648
vn 0.9751185 0.05474727 0.2148178
vn -0.986841 -0.06075261 -0.1498463
vn 0.9792462 0.05671096 0.1945782
vn -0.9898283 -0.05877341 -0.1295597
vn 0.9824806 0.05860723 0.1769098
vn -0.9833255 -0.05930633 -0.1719123
vn 0.9849163 0.06018916 0.1622252
vn -0.9533094 -0.06039498 -0.2958947
vn 0.2237451 0.01858306 0.9744705
vn 0.9512066 -0.0293368 -0.3071571
vn -0.9581819 0.04203302 0.2830562
vn 0.9798931 -0.02974239 -0.1972942
vn -0.9843835 0.03589457 0.1723392
vn 0.98926 -0.03449062 -0.1420394
vn -0.9816404 0.03489735 0.1875217
vn 0.987636 -0.03655208 -0.1524439
vn -0.9778529 0.03323 0.2066387
vn 0.9851866 -0.03541033 -0.1677895
vn -0.9735292 0.03184053 0.2263341
vn 0.9795794 -0.02902183 -0.1989519
vn -0.9680561 0.03049605 0.2488726
vn 0.9686564 -0.02263969 -0.2473709
vn -0.9613097 0.02877181 0.2739628
vn 0.9555457 -0.02309747 -0.2939371
vn -0.9542322 0.02674471 0.2978685
vn 0.9453558 -0.02673207 -0.3249428
vn -0.9444005 0.02419604 0.3279057
vn 0.9384585 -0.02442025 -0.3445278
vn -0.9333774 0.02181123 0.3582329
vn 0.9224237 -0.01961452 -0.385681
vn -0.9199041 0.0188628 0.3916894
vn 0.8933814 -0.01633748 -0.4490021
vn -0.9052558 0.01566047 0.4245782
vn 0.8769741 -0.01186843 -0.4803911
vn -0.8875593 0.01250309 0.4605238
vn 0.8692687 -0.007862153 -0.4942774
vn -0.8697948 0.009707816 0.4933181
vn 0.8558756 -0.0005902684 -0.5171815
vn -0.8541052 0.008528189 0.5200304
vn 0.8222408 0.001776361 -0.5691369
vn -0.8311526 0.004556627 0.5560258
vn 0.8093138 0.002520327 -0.5873711
vn -0.8003982 -0.002292157 0.5994641
vn 0.7730461 0.01129397 -0.6342493
vn -0.7704853 -0.005366536 0.6374351
vn 0.7423724 0.008352221 -0.6699355
vn -0.7425508 -0.01005992 0.6697142
vn 0.7129108 0.007187739 -0.7012179
vn -0.7121106 -0.01429127 0.7019218
vn 0.6751838 0.01473919 -0.7375023
vn -0.6811951 -0.01810585 0.731878
vn 0.6481281 0.01553528 -0.7613729
vn -0.650004 -0.02215797 0.7596077
vn 0.6204825 0.01707879 -0.7840343
vn -0.619225 -0.02668466 0.78476
vn 0.5855258 0.02456171 -0.8102816
vn -0.5914835 -0.03021781 0.8057507
vn 0.5426942 0.03368586 -0.8392545
vn -0.5636035 -0.03338189 0.8253706
vn 0.5172321 0.03842714 -0.8549821
vn -0.5352849 -0.03529551 0.8439338
vn 0.4840618 0.03989458 -0.8741239
vn -0.4978059 -0.03714105 0.8664928
vn 0.450785 0.04146085 -0.8916692
vn -0.4507129 -0.0380908 0.8918559
vn 0.4146573 0.04324486 -0.9089495
vn -0.4017803 -0.03778033 0.9149564
vn 0.3838402 0.04367838 -0.9223659
vn -0.3438098 -0.037925 0.9382732
vn 0.3531809 0.04991163 -0.9342227
vn -0.2776588 -0.03666655 0.9599797
vn 0.3054933 0.05729572 -0.9504688
vn -0.2039745 -0.03436804 0.9783728
vn 0.2673256 0.05788984 -0.9618658
vn -0.1320825 -0.0310971 0.9907509
vn 0.2113472 0.05399196 -0.9759187
vn -0.06621796 -0.02640234 0.9974558
vn 0.1724187 0.04864712 -0.9838217
vn -0.005189065 -0.02155178 0.9997543
vn 0.1683783 0.04951406 -0.9844781
vn 0.04105778 -0.01538001 0.9990384
vn 0.1399338 0.05209501 -0.9887894
vn 0.07308077 -0.009871509 0.9972772
vn 0.09141988 0.04661107 -0.994721
vn 0.1028499 0.0001919367 0.9946969
vn 0.04247355 0.0496705 -0.9978621
vn 0.1129959 0.003034099 0.9935907
vn 0.008315215 0.04521511 -0.9989427
vn 0.1134128 0.01254571 0.9934688
vn -0.01549513 0.04070152 -0.9990512
vn 0.1147154 0.02578403 0.9930637
vn -0.06374621 0.04871061 -0.9967767
vn 0.09721689 0.02968363 0.9948204
vn -0.1068483 0.04361526 -0.9933183
vn 0.08530911 0.03979365 0.9955596
vn -0.1354296 0.04556547 -0.9897386
vn 0.07003672 0.04711689 0.9964311
vn -0.1526091 0.04955031 -0.9870436
vn 0.07403936 0.05349471 0.9958196
vn -0.1845436 0.0448763 -0.9817993
vn 0.08652473 0.05898938 0.9945017
vn -0.2058176 0.04007157 -0.9777696
vn 0.1050654 0.06278472 0.9924814
vn -0.2498583 0.03463239 -0.9676628
vn 0.1339965 0.06453625 0.9888781
vn -0.3103958 0.03360342 -0.9500133
vn 0.1725826 0.06366614 0.9829354
vn -0.3638102 0.03854423 -0.9306753
vn 0.2145124 0.05990005 0.9748828
vn -0.3916242 0.03871767 -0.9193103
vn 0.2610002 0.05418644 0.9638167
vn -0.4157559 0.03607639 -0.9087605
vn 0.3110373 0.04643114 0.9492629
vn -0.437479 0.0350579 -0.898545
vn 0.3561151 0.03871762 0.9336396
vn -0.4756693 0.02837251 -0.8791664
vn 0.4047103 0.02990516 0.9139559
vn -0.5399482 0.02225501 -0.841404
vn 0.4508927 0.02154758 0.8923181
vn -0.5783091 0.02041425 -0.8155622
vn 0.4994057 0.01411166 0.8662532
vn -0.5701913 0.01969962 -0.8212758
vn 0.5483289 0.007302603 0.8362309
vn -0.6178727 0.01583319 -0.7861187
vn 0.5950984 0.003244778 0.8036462
vn -0.6628526 0.0095273 -0.7486893
vn 0.6384817 0.0002646282 0.7696369
vn -0.6923463 0.003194744 -0.7215583
vn 0.6837748 -0.001059989 0.7296923
vn -0.7321088 -0.003879532 -0.6811766
vn 0.7221052 0.0002080522 0.6917832
vn -0.7617411 -0.005114194 -0.6478613
vn 0.7586672 0.003198784 0.6514704
vn -0.7927838 -0.009952376 -0.6094216
vn 0.7905795 0.007598071 0.6123123
vn -0.8291662 -0.005586954 -0.5589741
vn 0.8160309 0.01073953 0.5779086
vn -0.8500663 -0.007727425 -0.526619
vn 0.8405735 0.01474161 0.5414968
vn -0.8547847 -0.01485445 -0.51877
vn 0.8629863 0.0190333 0.5048687
vn -0.8686501 -0.0245231 -0.4948188
vn 0.8812595 0.02217329 0.4721124
vn -0.893503 -0.02868241 -0.4481404
vn 0.8982553 0.02544242 0.438737
vn -0.9048805 -0.03370366 -0.4243294
vn 0.9146223 0.02906471 0.4032634
vn -0.9219029 -0.03817669 -0.3855354
vn 0.9271672 0.03298844 0.3731929
vn -0.9408771 -0.0344048 -0.3369966
vn 0.9391795 0.03648271 0.3414831
vn -0.9483782 -0.03167887 -0.3155553
vn 0.9494873 0.03901037 0.3113715
vn -0.9633222 -0.03654546 -0.2658471
vn 0.9579557 0.04156348 0.2838898
vn -0.9708613 -0.04793125 -0.2348001
vn 0.9645791 0.04375878 0.2601391
vn -0.9787856 -0.05378289 -0.1977022
vn 0.9704568 0.04610077 0.2368295
vn -0.9848515 -0.05353379 -0.1649283
vn 0.975587 0.04828539 0.2142397
vn -0.9873537 -0.05472182 -0.1487895
vn 0.9790969 0.05023518 0.1970929
vn -0.9841251 -0.06111554 -0.1666213
vn 0.9823816 0.05258667 0.1793346
vn -0.9665755 -0.0664387 -0.2476238
vn 0.9458404 0.05920654 0.3191876
vn 0.9509491 -0.04844104 -0.3055309
vn -0.832976 0.01770731 0.5530256
vn 0.9749443 -0.05011932 -0.2167297
vn -0.9835916 0.02857582 0.178132
vn 0.9865874 -0.04509738 -0.1568801
vn -0.9809971 0.02695158 0.1921414
vn 0.9855161 -0.0405256 -0.1646687
vn -0.9768606 0.02495994 0.2124158
vn 0.9829848 -0.03786392 -0.1797418
vn -0.9726276 0.02319555 0.2312089
vn 0.970946 -0.03333495 -0.2369657
vn -0.9665983 0.02104832 0.2554304
vn 0.9623181 -0.02257876 -0.2709876
vn -0.9597175 0.01896691 0.2803259
vn 0.9568407 -0.01777279 -0.2900689
vn -0.9520263 0.01677076 0.3055565
vn 0.9470934 -0.01574114 -0.3205718
vn -0.9419646 0.01378218 0.3354291
vn 0.9348978 -0.01552643 -0.3545773
vn -0.9325587 0.01290681 0.3607877
vn 0.9178517 -0.003126381 -0.3969112
vn -0.9190869 0.009075504 0.3939503
vn 0.895682 0.00280147 -0.4446863
vn -0.9046573 0.006603684 0.4260888
vn 0.8770646 0.000776372 -0.4803719
vn -0.8864338 0.003123019 0.4628448
vn 0.8650331 0.0015139 -0.5017126
vn -0.8687216 -0.0004575921 0.4953004
vn 0.8434457 0.002598736 -0.5372082
vn -0.8465145 -0.004764269 0.5323443
vn 0.8252073 0.002746559 -0.5648234
vn -0.8214965 -0.008273982 0.5701535
vn 0.8064039 0.00629646 -0.5913315
vn -0.7981495 -0.01372644 0.6023031
vn 0.7725114 0.01352168 -0.6348569
vn -0.7679297 -0.01618782 0.6403294
vn 0.7406831 0.01859877 -0.671597
vn -0.7349676 -0.02190196 0.6777485
vn 0.6932118 0.02829585 -0.7201783
vn -0.7046996 -0.0259383 0.7090315
vn 0.6651297 0.03292485 -0.7460017
vn -0.6734504 -0.02990781 0.7386271
vn 0.6488869 0.03318169 -0.7601611
vn -0.6412361 -0.03387735 0.7665955
vn 0.6100966 0.03602323 -0.7915077
vn -0.6117967 -0.03732243 0.7901341
vn 0.5706413 0.04086024 -0.8201822
vn -0.583963 -0.04100785 0.8107439
vn 0.5308707 0.04797396 -0.8460938
vn -0.5574751 -0.04401504 0.829026
vn 0.5170221 0.04603475 -0.8547332
vn -0.5281981 -0.04681998 0.8478294
vn 0.4872715 0.04184331 -0.8722475
vn -0.4901883 -0.05008943 0.870176
vn 0.4430003 0.04289855 -0.8954945
vn -0.4489132 -0.05088345 0.8921254
vn 0.4088274 0.04948904 -0.9112688
vn -0.3997217 -0.05063353 0.9152369
vn 0.3745815 0.05199366 -0.925735
vn -0.3422976 -0.05047558 0.9382348
vn 0.3385452 0.0531131 -0.9394499
vn -0.2754941 -0.05073049 0.9599632
vn 0.297404 0.05754523 -0.953016
vn -0.2042565 -0.04993538 0.977643
vn 0.2702608 0.0565608 -0.9611244
vn -0.1392534 -0.0448711 0.9892396
vn 0.2120153 0.05878104 -0.9754969
vn -0.07261197 -0.03989793 0.996562
vn 0.177255 0.05705509 -0.9825098
vn -0.01448006 -0.03556946 0.9992623
vn 0.1586448 0.05903792 -0.985569
vn 0.02970096 -0.03042247 0.9990957
vn 0.1387795 0.06537797 -0.9881629
vn 0.05529237 -0.0268701 0.9981086
vn 0.100054 0.06547152 -0.9928256
vn 0.08421857 -0.0187326 0.9962712
vn 0.05444628 0.0605461 -0.9966794
vn 0.09176736 -0.01144996 0.9957147
vn 0.01156121 0.05468051 -0.998437
vn 0.09403189 -0.004246838 0.9955601
vn -0.0296368 0.06050111 -0.997728
vn 0.09584311 0.003513745 0.9953902
vn -0.05508777 0.06517922 -0.9963518
vn 0.07452843 0.007426637 0.9971912
vn -0.08243259 0.06070794 -0.9947459
vn 0.07031848 0.01879 0.9973477
vn -0.1302526 0.0520358 -0.9901143
vn 0.05797051 0.02495106 0.9980065
vn -0.1626432 0.05063611 -0.9853848
vn 0.05833281 0.029847 0.9978509
vn -0.1841446 0.05761473 -0.981209
vn 0.06964568 0.03507777 0.9969549
vn -0.2018995 0.06110759 -0.9774981
vn 0.09349921 0.04112732 0.9947695
vn -0.2340676 0.06027013 -0.9703504
vn 0.1232882 0.0438377 0.9914022
vn -0.3016591 0.05843211 -0.9516236
vn 0.1669497 0.04482899 0.9849458
vn -0.3544736 0.05764895 -0.9332873
vn 0.2161334 0.04242091 0.9754418
vn -0.3751531 0.05350808 -0.9254172
vn 0.2640296 0.03744141 0.9637877
vn -0.4070724 0.04626405 -0.9122235
vn 0.3171723 0.03138486 0.9478486
vn -0.4338777 0.04425956 -0.8998841
vn 0.3623045 0.02499505 0.9317247
vn -0.4618864 0.04459234 -0.8858174
vn 0.4118373 0.01700192 0.9110988
vn -0.5106094 0.04239808 -0.8587668
vn 0.4584054 0.009230589 0.8886952
vn -0.5679529 0.03046021 -0.8224972
vn 0.5037056 0.002611639 0.8638714
vn -0.581497 0.02813452 -0.813062
vn 0.5532669 -0.003947241 0.8329947
vn -0.5988901 0.03116181 -0.8002246
vn 0.5928226 -0.008815901 0.8052847
vn -0.6528748 0.02619479 -0.7570127
vn 0.6366062 -0.01102938 0.7711102
vn -0.6737204 0.02926316 -0.7384067
vn 0.6769707 -0.01275088 0.7358994
vn -0.7148229 0.02072339 -0.6989984
vn 0.7134515 -0.01171011 0.7006066
vn -0.7546068 0.01055843 -0.6560923
vn 0.7487682 -0.008906194 0.6627719
vn -0.7892948 0.002988749 -0.6140071
vn 0.7846544 -0.003688731 0.6199225
vn -0.8307523 -0.004999426 -0.5566197
vn 0.8155451 0.0008351816 0.578693
vn -0.8409633 -0.01364589 -0.5409201
vn 0.8355579 0.002802795 0.5493952
vn -0.8496229 -0.01601105 -0.5271475
vn 0.8586258 0.007532816 0.5125476
vn -0.8707558 -0.0109088 -0.4915947
vn 0.8774002 0.01173315 0.4796157
vn -0.8900231 -0.0102724 -0.4557998
vn 0.8952356 0.01514611 0.4453355
vn -0.9029346 -0.009897432 -0.4296641
vn 0.9110503 0.01968903 0.4118248
vn -0.9276562 -0.008559631 -0.3733373
vn 0.926381 0.02536556 0.3757325
vn -0.9438189 -0.01376869 -0.330176
vn 0.938926 0.02908473 0.3428875
vn -0.9450187 -0.0170962 -0.3265691
vn 0.9473242 0.03061997 0.3188091
vn -0.9548874 -0.02530333 -0.2958879
vn 0.9561794 0.03398741 0.2908017
vn -0.9644116 -0.03405425 -0.2622033
vn 0.9628832 0.03666901 0.267416
vn -0.978434 -0.03895455 -0.2028532
vn 0.9691116 0.03914026 0.243497
vn -0.9843512 -0.04424967 -0.1705713
vn 0.974305 0.04149149 0.2213784
vn -0.9858615 -0.0468545 -0.160878
vn 0.9777779 0.04330802 0.2051217
vn -0.9816066 -0.04698639 -0.1850425
vn 0.981453 0.04523668 0.1862892
vn -0.9617115 -0.04573423 -0.270221
vn 0.9729867 0.03380356 0.2283728
vn -0.9262292 -0.04233994 -0.3745756
vn 0.8112586 -0.03371033 0.5837149
vn 0.9550849 -0.03164949 -0.2946375
vn -0.7763433 0.0147956 0.6301366
vn 0.9719578 -0.02906643 -0.233352
vn -0.9822128 0.02234499 0.1864362
vn 0.9822934 -0.02364582 -0.1858515
vn -0.9794779 0.02059543 0.2004968
vn 0.9833967 -0.01469716 -0.1808728
vn -0.9752133 0.01852083 0.2204904
vn 0.9828521 -0.01461362 -0.1838161
vn -0.9717134 0.01744454 0.2355182
vn 0.9715848 -0.00751229 -0.2365725
vn -0.9657481 0.01486978 0.2590545
vn 0.9604484 -0.01374118 -0.2781186
vn -0.9576842 0.01148408 0.2875921
vn 0.9521589 -0.01531655 -0.3052194
vn -0.9494498 0.008905387 0.3137923
vn 0.9408449 -0.006986619 -0.3387657
vn -0.9394957 0.006360758 0.3425016
vn 0.9246284 0.001089835 -0.3808691
vn -0.927371 0.002978652 0.3741313
vn 0.9077806 0.001914454 -0.4194409
vn -0.9123852 -0.001291088 0.4093305
vn 0.8866282 0.002212133 -0.4624775
vn -0.8956303 -0.004802783 0.4447733
vn 0.8739227 0.006886045 -0.4860162
vn -0.8758085 -0.008699128 0.4825803
vn 0.8639038 0.0106207 -0.5035449
vn -0.8588493 -0.01261821 0.5120729
vn 0.8412672 0.01261003 -0.5404724
vn -0.8383002 -0.01753954 0.5449266
vn 0.816956 0.01364791 -0.5765386
vn -0.8160974 -0.02009753 0.5775648
vn 0.783007 0.02394495 -0.6215519
vn -0.7856977 -0.02578634 0.618073
vn 0.7563199 0.03330927 -0.6533534
vn -0.7542781 -0.02991973 0.6558729
vn 0.7305937 0.03914321 -0.6816894
vn -0.7241507 -0.03420047 0.6887934
vn 0.6870632 0.03367656 -0.7258168
vn -0.6936105 -0.03844256 0.7193237
vn 0.6578199 0.03380723 -0.7524161
vn -0.6622485 -0.0423908 0.7480842
vn 0.6310605 0.04742462 -0.7742825
vn -0.6303045 -0.04593696 0.7749879
vn 0.5972886 0.05757584 -0.7999571
vn -0.600167 -0.04957939 0.7983367
vn 0.5537952 0.05940835 -0.8305309
vn -0.5734136 -0.05357221 0.8175126
vn 0.5304694 0.05634764 -0.8458294
vn -0.5482497 -0.0569726 0.8343718
vn 0.5238431 0.05619413 -0.8499592
vn -0.5166272 -0.06077117 0.854051
vn 0.4752181 0.05565009 -0.8781064
vn -0.4821152 -0.06327666 0.8738198
vn 0.4180042 0.06376664 -0.9062043
vn -0.4428673 -0.06366594 0.8943238
vn 0.4030825 0.06794012 -0.9126382
vn -0.3907241 -0.06312207 0.918341
vn 0.3711616 0.06705642 -0.9261439
vn -0.3322609 -0.06332976 0.941059
vn 0.3189201 0.07030884 -0.9451701
vn -0.266531 -0.06232198 0.9618094
vn 0.2941188 0.0744047 -0.9528683
vn -0.2042367 -0.05986894 0.977089
vn 0.2584853 0.07407078 -0.9631713
vn -0.1388047 -0.05705659 0.9886748
vn 0.2095758 0.07281498 -0.9750774
vn -0.07032429 -0.05429133 0.9960457
vn 0.1754572 0.06728784 -0.9821849
vn -0.01842837 -0.05002282 0.998578
vn 0.1426811 0.06666014 -0.9875215
vn 0.02234972 -0.04479472 0.9987462
vn 0.1221416 0.07264623 -0.9898505
vn 0.05025252 -0.03902572 0.9979738
vn 0.09990095 0.07470109 -0.9921892
vn 0.07201154 -0.03309246 0.9968546
vn 0.05795478 0.07681979 -0.9953592
vn 0.07633531 -0.02956421 0.9966438
vn 0.01081325 0.07597095 -0.9970513
vn 0.08200774 -0.02040715 0.9964228
vn -0.03719105 0.07131307 -0.9967604
vn 0.07539756 -0.01432867 0.9970506
vn -0.05992913 0.06893079 -0.9958197
vn 0.06345043 -0.01262806 0.9979051
vn -0.08097871 0.07344618 -0.9940061
vn 0.054147 -0.007267375 0.9985065
vn -0.111731 0.07440022 -0.9909494
vn 0.04638796 -0.001943512 0.9989216
vn -0.1627492 0.06878123 -0.9842671
vn 0.04756876 0.002139762 0.9988656
vn -0.1902247 0.0691957 -0.979299
vn 0.05936496 0.005373319 0.9982219
vn -0.2022647 0.06881491 -0.9769102
vn 0.07957056 0.008124411 0.9967961
vn -0.2254506 0.06744549 -0.9719172
vn 0.1170783 0.01034413 0.9930689
vn -0.3009767 0.06834739 -0.9511791
vn 0.1622739 0.01001336 0.9866951
vn -0.3484166 0.06928564 -0.9347756
vn 0.2162635 0.009880472 0.9762851
vn -0.3654775 0.06414512 -0.9286074
vn 0.2697821 0.007674509 0.9628907
vn -0.3906585 0.05945267 -0.9186138
vn 0.3220429 0.002880344 0.9467207
vn -0.4323039 0.05565955 -0.9000085
vn 0.3715328 -0.001711276 0.9284183
vn -0.4572245 0.05640054 -0.8875611
vn 0.4195691 -0.008039741 0.9076878
vn -0.5036979 0.05545861 -0.8620979
vn 0.4662653 -0.01290163 0.8845509
vn -0.5455303 0.04996394 -0.8366004
vn 0.5104124 -0.01871069 0.8597263
vn -0.5810006 0.04235736 -0.8128002
vn 0.5570652 -0.02272166 0.8301579
vn -0.5935065 0.04458663 -0.8035932
vn 0.5968075 -0.02467298 0.8020051
vn -0.6364369 0.0367116 -0.7704546
vn 0.6362159 -0.02683401 0.7710442
vn -0.6869346 0.02795818 -0.7261813
vn 0.6732513 -0.02630527 0.7389458
vn -0.7044183 0.03676382 -0.7088324
vn 0.7092788 -0.02430684 0.7045089
vn -0.7365606 0.03259442 -0.6755858
vn 0.7425976 -0.02216815 0.6693708
vn -0.766855 0.02164522 -0.6414552
vn 0.7747924 -0.01833577 0.6319498
vn -0.8095281 0.003883234 -0.5870684
vn 0.8085029 -0.01242845 0.5883609
vn -0.8387561 -0.006704348 -0.544466
vn 0.8331912 -0.009061583 0.5529109
vn -0.857639 -0.006847587 -0.5142066
vn 0.8548844 -0.00510606 0.5187935
vn -0.8776174 -0.005305001 -0.4793325
vn 0.8747863 -0.0004084627 0.4845089
vn -0.8882722 -0.008594717 -0.4592372
vn 0.8916442 0.004298193 0.4527164
vn -0.9113482 -0.008907991 -0.41154
vn 0.9051583 0.007006228 0.4250166
vn -0.9246541 -0.0008813453 -0.3808071
vn 0.9199306 0.01216377 0.3918925
vn -0.9341674 -0.003029404 -0.3568222
vn 0.9346159 0.01759036 0.3552238
vn -0.9389682 -0.01216978 -0.3437886
vn 0.9455371 0.02085188 0.3248456
vn -0.9511017 -0.01417921 -0.3085524
vn 0.9543493 0.02371457 0.2977501
vn -0.961356 -0.01299489 -0.2750013
vn 0.9615934 0.02627359 0.2732171
vn -0.9742581 -0.01970432 -0.2245726
vn 0.9681743 0.02867786 0.2486287
vn -0.9822239 -0.02759496 -0.1856736
vn 0.9734443 0.03104759 0.2268087
vn -0.9853109 -0.03371248 -0.1674092
vn 0.9774152 0.03288978 0.2087534
vn -0.9811453 -0.03908271 -0.1892791
vn 0.9809233 0.03419305 0.1913645
vn -0.961489 -0.03958616 -0.2719775
vn 0.9833851 0.03569156 0.1779882
vn -0.9293245 -0.0319455 -0.3678799
vn 0.6495158 0.004231947 0.7603364
vn 0.9558387 -0.02025625 -0.2931924
vn -0.7271484 0.01004359 0.6864069
vn 0.9661549 -0.02276585 -0.256956
vn -0.9805786 0.01690663 0.1953965
vn 0.9748725 -0.01866347 -0.2219803
vn -0.9776827 0.01489112 0.2095589
vn 0.9754125 -0.01273495 -0.2200188
vn -0.973306 0.01248298 0.2291717
vn 0.9764708 -0.001769543 -0.2156423
vn -0.9685305 0.01050889 0.2486733
vn 0.9703109 0.002138738 -0.2418512
vn -0.9610309 0.006772469 0.2763579
vn 0.9701954 0.0009558512 -0.242322
vn -0.9546843 0.004869482 0.2975806
vn 0.9501916 0.002009801 -0.3116597
vn -0.9480033 0.00304039 0.3182462
vn 0.9331425 0.008576269 -0.3594044
vn -0.9387378 5.85989E-05 0.3446321
vn 0.9238894 0.01520496 -0.3823574
vn -0.9274634 -0.003002307 0.3739018
vn 0.9183395 0.01695416 -0.3954302
vn -0.9146352 -0.007137055 0.4042172
vn 0.8985696 0.01549796 -0.4385573
vn -0.8996505 -0.01194926 0.4364473
vn 0.8694146 0.01965924 -0.4936919
vn -0.8806359 -0.01617022 0.4735178
vn 0.8612444 0.02108033 -0.5077537
vn -0.8613248 -0.02008521 0.5076575
vn 0.8495592 0.02403603 -0.5269454
vn -0.8424278 -0.02427674 0.5382621
vn 0.8200805 0.02642246 -0.5716379
vn -0.8181343 -0.02864444 0.5743133
vn 0.7945859 0.03009086 -0.6064055
vn -0.7937418 -0.03298027 0.60736
vn 0.754687 0.03397383 -0.6552049
vn -0.7624034 -0.03741946 0.6460192
vn 0.7315934 0.04498975 -0.6802552
vn -0.7309284 -0.04192188 0.6811653
vn 0.7123919 0.05218134 -0.6998393
vn -0.7006489 -0.04627441 0.7120042
vn 0.6635113 0.05377663 -0.746231
vn -0.6697815 -0.05030596 0.7408524
vn 0.6222897 0.05706716 -0.7807041
vn -0.638171 -0.05423946 0.7679816
vn 0.5964787 0.05980517 -0.8003978
vn -0.6067578 -0.05788616 0.7927762
vn 0.5707347 0.06610774 -0.8184692
vn -0.5777557 -0.06139651 0.8138974
vn 0.5435585 0.06632721 -0.8367466
vn -0.5514415 -0.06558073 0.8316317
vn 0.5277601 0.0626289 -0.8470814
vn -0.5226634 -0.07035842 0.8496309
vn 0.4911007 0.07209282 -0.8681145
vn -0.4926245 -0.07293695 0.8671801
vn 0.4303585 0.07667208 -0.8993959
vn -0.4601325 -0.07473958 0.8846989
vn 0.4087331 0.06988656 -0.9099743
vn -0.4159559 -0.07593301 0.9062091
vn 0.3799644 0.0742384 -0.9220173
vn -0.3599882 -0.07607061 0.9298504
vn 0.3337732 0.08010031 -0.939244
vn -0.2990003 -0.07552855 0.9512594
vn 0.2986393 0.07859537 -0.9511242
vn -0.2343555 -0.0736582 0.9693565
vn 0.278714 0.07950299 -0.9570778
vn -0.1703418 -0.07315934 0.9826655
vn 0.2311316 0.08433406 -0.9692605
vn -0.1044837 -0.07140554 0.9919598
vn 0.2036868 0.08540818 -0.9753036
vn -0.04938826 -0.06738255 0.9965041
vn 0.1605129 0.08448671 -0.9834113
vn -0.005905578 -0.06277787 0.99801
vn 0.1258009 0.0809359 -0.9887485
vn 0.02670186 -0.05822076 0.9979466
vn 0.103631 0.08237619 -0.9911986
vn 0.04900841 -0.05375359 0.9973509
vn 0.06449115 0.08243041 -0.994508
vn 0.06565169 -0.04637912 0.9967642
vn 0.0192451 0.08651182 -0.9960648
vn 0.06356812 -0.04336289 0.9970349
vn -0.005478993 0.08733837 -0.9961636
vn 0.06382291 -0.03547043 0.9973307
vn -0.05030426 0.0802138 -0.9955075
vn 0.05848679 -0.03007029 0.9978352
vn -0.08646149 0.07794145 -0.9932016
vn 0.0490018 -0.02636885 0.9984506
vn -0.1107243 0.08020966 -0.9906092
vn 0.03895558 -0.02440076 0.998943
vn -0.1430088 0.08140356 -0.9863681
vn 0.03886928 -0.02275446 0.9989852
vn -0.1877789 0.07784232 -0.9791219
vn 0.05145959 -0.02062527 0.998462
vn -0.2007993 0.07751483 -0.9765608
vn 0.07280564 -0.02026261 0.9971403
vn -0.2211826 0.08202498 -0.9717768
vn 0.108715 -0.02155259 0.9938393
vn -0.284113 0.08094067 -0.9553682
vn 0.1553598 -0.02235536 0.9876049
vn -0.3449332 0.073942 -0.9357103
vn 0.205109 -0.02387126 0.978448
vn -0.3511975 0.07339016 -0.9334207
vn 0.2625954 -0.02515336 0.9645782
vn -0.3808179 0.0743439 -0.9216565
vn 0.3189096 -0.02789254 0.9473746
vn -0.4221472 0.07608581 -0.9033287
vn 0.3727706 -0.03153104 0.9273877
vn -0.4502653 0.07230911 -0.8899621
vn 0.4213329 -0.0361417 0.9061856
vn -0.4947106 0.06761584 -0.8664234
vn 0.4657412 -0.03981763 0.8840247
vn -0.5244701 0.06628201 -0.8488449
vn 0.5110745 -0.0428023 0.8584701
vn -0.5650494 0.05908245 -0.822939
vn 0.5522013 -0.04602319 0.8324395
vn -0.6003936 0.05619274 -0.7977279
vn 0.5917622 -0.04590166 0.8048046
vn -0.6118735 0.06040575 -0.7886457
vn 0.6305671 -0.04487782 0.7748362
vn -0.660531 0.04976796 -0.7491475
vn 0.6654634 -0.04409075 0.7451271
vn -0.7072404 0.03684852 -0.7060122
vn 0.6992012 -0.04172818 0.713706
vn -0.7301053 0.03816288 -0.6822682
vn 0.7329526 -0.03752207 0.679244
vn -0.7503552 0.0379858 -0.6599425
vn 0.7637923 -0.03305351 0.6446152
vn -0.7872432 0.03233634 -0.6157942
vn 0.7951484 -0.02807835 0.6057646
vn -0.8185744 0.02875867 -0.5736802
vn 0.8210438 -0.02304234 0.5703999
vn -0.8443405 0.01883801 -0.5354758
vn 0.8421785 -0.01932526 0.5388523
vn -0.8642539 0.007033319 -0.5030068
vn 0.8616022 -0.01529252 0.5073538
vn -0.8795111 0.0004449237 -0.4758782
vn 0.8805798 -0.0106091 0.4737791
vn -0.9007035 -0.005293838 -0.4344019
vn 0.8964196 -0.006140511 0.4431638
vn -0.9233311 -0.006695207 -0.3839466
vn 0.9102309 -0.00374723 0.4140842
vn -0.9298345 -0.01074378 -0.3678211
vn 0.9249993 0.0003780032 0.3799685
vn -0.9301684 -0.01363359 -0.3668799
vn 0.936904 0.004330588 0.34956
vn -0.9456955 -0.01576742 -0.3246716
vn 0.9472739 0.007706864 0.3203324
vn -0.9590615 -0.01340097 -0.282881
vn 0.9551734 0.01041748 0.2958638
vn -0.9644814 -0.01293076 -0.2638344
vn 0.9624428 0.01317534 0.2711646
vn -0.9734464 -0.01526787 -0.2284051
vn 0.9687046 0.01600854 0.2476992
vn -0.9795573 -0.01671834 -0.2004695
vn 0.9733893 0.01876243 0.2283882
vn -0.9798869 -0.01424508 -0.1990448
vn 0.9774323 0.02073046 0.2102293
vn -0.9709265 -0.01822553 -0.2386828
vn 0.9807472 0.02402653 0.193798
vn -0.959172 -0.0242017 -0.281786
vn 0.9833222 0.02683123 0.1798818
vn -0.9355252 -0.01526302 -0.3529302
vn 0.6288494 -0.02757754 0.7770379
vn 0.9311938 0.000805048 -0.3645234
vn 0.5947511 -0.08806881 0.7990713
vn 0.9608172 0.0029796 -0.2771669
vn -0.9604904 -0.005481164 0.2782591
vn 0.9699329 0.001043526 -0.2433703
vn -0.978799 0.01012582 0.2045728
vn 0.9736137 -0.001869304 -0.2281949
vn -0.9757819 0.007590348 0.2186143
vn 0.9734886 -0.003138411 -0.2287138
vn -0.9711943 0.003932354 0.2382567
vn 0.9727085 -0.005671874 -0.2319618
vn -0.9663574 0.001436837 0.2571996
vn 0.9647189 -0.002654249 -0.2632684
vn -0.9596966 -0.001835621 0.2810323
vn 0.9598313 0.01024314 -0.2803907
vn -0.951901 -0.00446845 0.306373
vn 0.9390253 0.01837591 -0.3433569
vn -0.9416956 -0.00889558 0.3363484
vn 0.9228512 0.02182637 -0.3845378
vn -0.9318889 -0.01216155 0.3625402
vn 0.9176694 0.02378016 -0.3966323
vn -0.9194541 -0.01577513 0.3928807
vn 0.9112974 0.0280971 -0.4107892
vn -0.905822 -0.01983214 0.423194
vn 0.8880216 0.03207648 -0.4586815
vn -0.8892613 -0.0243943 0.4567487
vn 0.870791 0.0268798 -0.4909182
vn -0.8701733 -0.02847897 0.491922
vn 0.8617091 0.02483888 -0.5067943
vn -0.8507609 -0.03233379 0.5245573
vn 0.8308169 0.03326023 -0.5555509
vn -0.8303193 -0.03639605 0.5560983
vn 0.8062245 0.04541088 -0.5898643
vn -0.8064227 -0.0396725 0.5900072
vn 0.7796571 0.05079673 -0.6241432
vn -0.779783 -0.04399387 0.6245023
vn 0.7346828 0.05268477 -0.6763619
vn -0.7470713 -0.04881033 0.6629495
vn 0.7130376 0.0593138 -0.6986125
vn -0.7160342 -0.05372266 0.6959949
vn 0.6895154 0.06856831 -0.721018
vn -0.6860135 -0.0580479 0.7252695
vn 0.6533284 0.07169441 -0.7536721
vn -0.6542931 -0.06237973 0.7536639
vn 0.626919 0.06362153 -0.7764824
vn -0.6229578 -0.06671982 0.779405
vn 0.5810921 0.06277432 -0.8114132
vn -0.5918489 -0.07052632 0.8029577
vn 0.5546191 0.06920413 -0.8292216
vn -0.5631269 -0.0742994 0.8230236
vn 0.5385613 0.07327908 -0.8393938
vn -0.5358669 -0.07837685 0.8406567
vn 0.5098188 0.07915436 -0.8566326
vn -0.5107938 -0.08096412 0.8558822
vn 0.4592514 0.08582101 -0.884151
vn -0.4809881 -0.08288267 0.8728006
vn 0.439727 0.08212732 -0.8943686
vn -0.4458947 -0.08543506 0.8909988
vn 0.4059347 0.07715742 -0.9106392
vn -0.3998634 -0.08721016 0.9124164
vn 0.3555449 0.07922945 -0.931295
vn -0.344895 -0.08730786 0.934572
vn 0.3243052 0.08029079 -0.942539
vn -0.2847436 -0.08723173 0.9546265
vn 0.2977971 0.07964178 -0.9513013
vn -0.2220323 -0.08584367 0.971253
vn 0.2440361 0.08729117 -0.9658294
vn -0.1576712 -0.0831788 0.9839823
vn 0.2088471 0.09606426 -0.9732187
vn -0.0980944 -0.07917823 0.9920223
vn 0.1871208 0.1006237 -0.9771698
vn -0.04832283 -0.07401422 0.9960858
vn 0.159445 0.09932319 -0.9821976
vn -0.006141796 -0.06904491 0.9975947
vn 0.1256123 0.09487393 -0.9875325
vn 0.02314045 -0.06428955 0.9976629
vn 0.103905 0.09481846 -0.9900572
vn 0.03982121 -0.06048584 0.9973744
vn 0.06498187 0.09085285 -0.9937419
vn 0.05420274 -0.05525931 0.9969997
vn 0.01097747 0.08940621 -0.9959348
vn 0.05077779 -0.05134311 0.9973894
vn -0.0123063 0.09439583 -0.9954587
vn 0.05052251 -0.04687617 0.9976222
vn -0.03858838 0.1020639 -0.9940292
vn 0.04791664 -0.04243571 0.9979495
vn -0.07127615 0.09929392 -0.9925022
vn 0.04273659 -0.03879811 0.9983327
vn -0.1071468 0.0907922 -0.9900891
vn 0.03627102 -0.03716418 0.9986507
vn -0.1431872 0.09199566 -0.9854106
vn 0.03873302 -0.03796557 0.9985282
vn -0.1733951 0.09100755 -0.9806384
vn 0.04778064 -0.04024491 0.9980468
vn -0.2034408 0.08746648 -0.9751725
vn 0.07303916 -0.04223141 0.9964345
vn -0.2333978 0.09103903 -0.9681101
vn 0.1065731 -0.0449535 0.9932882
vn -0.2638393 0.09620713 -0.9597567
vn 0.1489781 -0.04712194 0.9877171
vn -0.3179695 0.08728104 -0.9440749
vn 0.2018919 -0.04875626 0.9781934
vn -0.3517505 0.08045538 -0.9326299
vn 0.2593931 -0.05210496 0.9643653
vn -0.3872217 0.08179372 -0.9183513
vn 0.3174094 -0.05523574 0.9466786
vn -0.422854 0.08519133 -0.9021845
vn 0.3719644 -0.05824183 0.926418
vn -0.4339977 0.08409994 -0.89698
vn 0.4213418 -0.06080806 0.904861
vn -0.4702082 0.07591857 -0.8792841
vn 0.4654388 -0.06295435 0.8828383
vn -0.5241455 0.07093697 -0.8486692
vn 0.5094611 -0.06478734 0.8580512
vn -0.5478165 0.07223608 -0.8334741
vn 0.5485847 -0.06555796 0.8335208
vn -0.594316 0.06843482 -0.8013146
vn 0.5847788 -0.06558187 0.8085374
vn -0.6112618 0.06507339 -0.7887487
vn 0.6216742 -0.06372232 0.7806796
vn -0.6345096 0.06166999 -0.7704509
vn 0.6574235 -0.06004507 0.7511252
vn -0.68783 0.05395766 -0.7238636
vn 0.6897317 -0.05650527 0.7218568
vn -0.7271094 0.04598193 -0.68498
vn 0.7206869 -0.05200101 0.6913076
vn -0.744673 0.04482483 -0.6659225
vn 0.752245 -0.04577981 0.6572912
vn -0.7776666 0.0424271 -0.6272436
vn 0.7841279 -0.04010938 0.6193019
vn -0.8154446 0.04076305 -0.577398
vn 0.8116848 -0.03498656 0.5830469
vn -0.8267205 0.04057024 -0.5611482
vn 0.8347578 -0.03024479 0.549786
vn -0.8417453 0.02948592 -0.5390691
vn 0.853763 -0.02647876 0.5199881
vn -0.8713428 0.01720853 -0.490373
vn 0.8733063 -0.02196148 0.4866763
vn -0.8954573 0.01080093 -0.4450162
vn 0.8930788 -0.01659863 0.449594
vn -0.9208309 0.003896653 -0.3899425
vn 0.9095542 -0.01286559 0.4153862
vn -0.9271669 0.004413209 -0.3746227
vn 0.9242875 -0.008775423 0.381596
vn -0.9300299 0.005888016 -0.3674366
vn 0.9358146 -0.005241795 0.3524537
vn -0.9484451 0.004891875 -0.3169037
vn 0.9458745 -0.002323504 0.3245246
vn -0.9568983 -0.002192777 -0.2904145
vn 0.9539893 0.0006763487 0.2998396
vn -0.9658762 -0.00633043 -0.2589267
vn 0.961266 0.00369283 0.2755975
vn -0.9780698 -0.00569716 -0.2081992
vn 0.9674729 0.00670816 0.2528859
vn -0.9832144 -0.003313878 -0.1824237
vn 0.9719654 0.009258165 0.2349413
vn -0.9835331 -0.004851428 -0.1806631
vn 0.974887 0.0100055 0.2224753
vn -0.9726046 -0.003402285 -0.2324408
vn 0.9781052 0.01276417 0.207719
vn -0.9534068 -0.004866824 -0.3016483
vn 0.9811271 0.01616851 0.1926866
vn -0.9259407 -0.01170775 -0.3774874
vn 0.6452441 -0.0104483 0.763905
vn 0.9291716 -0.006635631 -0.369589
vn -0.8594841 0.002581453 0.5111558
vn 0.9584149 0.004828884 -0.2853375
vn -0.9776296 0.002477367 0.2103197
vn 0.9732711 0.0101664 -0.2294342
vn -0.9755069 0.0007174237 0.2199678
vn 0.9758342 0.008968451 -0.2183283
vn -0.9720811 -0.002296436 0.2346337
vn 0.9751514 0.01271342 -0.2211739
vn -0.9683092 -0.005252633 0.249699
vn 0.9732466 0.01353162 -0.2293647
vn -0.9648591 -0.006701393 0.2626823
vn 0.9685005 0.01290375 -0.2486769
vn -0.9589581 -0.01027808 0.2833613
vn 0.9576694 0.007833246 -0.2877636
vn -0.9516186 -0.01371422 0.3069755
vn 0.942659 0.01210496 -0.333538
vn -0.9429458 -0.01725218 0.3324987
vn 0.9271122 0.01683767 -0.3744054
vn -0.9331528 -0.02048798 0.3588958
vn 0.9206124 0.01468531 -0.3902014
vn -0.9215311 -0.02387661 0.3875698
vn 0.9126219 0.01474187 -0.4085389
vn -0.9083393 -0.02762266 0.417321
vn 0.8972669 0.02157852 -0.4409608
vn -0.8919679 -0.03208423 0.4509588
vn 0.8805471 0.02348452 -0.4733764
vn -0.8743674 -0.03655448 0.4838856
vn 0.8654744 0.02298168 -0.5004256
vn -0.8545147 -0.04026253 0.5178646
vn 0.8273764 0.03303185 -0.5606756
vn -0.8344581 -0.04426611 0.5492907
vn 0.7952413 0.04585151 -0.6045569
vn -0.8132256 -0.04809944 0.5799574
vn 0.7901466 0.05152857 -0.6107481
vn -0.7886856 -0.05178338 0.6126122
vn 0.7591539 0.05647018 -0.648457
vn -0.7593786 -0.05633065 0.648206
vn 0.7137313 0.06196789 -0.697673
vn -0.7257318 -0.06115573 0.6852542
vn 0.6984066 0.06301983 -0.7129213
vn -0.6957877 -0.06589103 0.7152188
vn 0.6709507 0.06393227 -0.7387407
vn -0.6645356 -0.07067659 0.7439067
vn 0.6405675 0.07109044 -0.7646042
vn -0.6324956 -0.07541573 0.7708838
vn 0.5997524 0.08279222 -0.795891
vn -0.6025541 -0.07929926 0.7941285
vn 0.5578283 0.08704365 -0.8253793
vn -0.5721364 -0.08278147 0.8159701
vn 0.5391469 0.08792217 -0.8376099
vn -0.543601 -0.08646657 0.8348781
vn 0.5130576 0.09616993 -0.8529498
vn -0.5187472 -0.08966456 0.8502127
vn 0.4806899 0.09852849 -0.8713377
vn -0.4923602 -0.09341457 0.8653642
vn 0.4546525 0.09450573 -0.8856409
vn -0.4609705 -0.09632292 0.8821723
vn 0.4369038 0.09247976 -0.8947417
vn -0.4238508 -0.0988106 0.9003261
vn 0.375142 0.09761427 -0.9218135
vn -0.3760825 -0.1008824 0.921078
vn 0.3404528 0.09991928 -0.9349374
vn -0.3187118 -0.1015631 0.9423947
vn 0.3012561 0.1074422 -0.9474708
vn -0.2600436 -0.1014102 0.9602569
vn 0.2650533 0.1124036 -0.9576598
vn -0.1989604 -0.09988315 0.9749042
vn 0.2143047 0.111817 -0.9703456
vn -0.1409666 -0.09587922 0.9853606
vn 0.200536 0.1079697 -0.9737186
vn -0.08758176 -0.09076026 0.9920141
vn 0.1832702 0.1026857 -0.9776848
vn -0.04124456 -0.08548641 0.9954853
vn 0.1556946 0.09898546 -0.9828331
vn -0.006724403 -0.07922347 0.9968343
vn 0.1110777 0.1004262 -0.9887246
vn 0.01775991 -0.07226222 0.9972275
vn 0.08543448 0.1063237 -0.9906545
vn 0.03366844 -0.06525452 0.9973005
vn 0.0380378 0.1051708 -0.9937264
vn 0.04222805 -0.05771092 0.9974399
vn -0.01859378 0.09952761 -0.9948611
vn 0.04156936 -0.05278096 0.9977406
vn -0.04319686 0.09838618 -0.9942104
vn 0.03912612 -0.05060358 0.997952
vn -0.05892509 0.1024712 -0.9929892
vn 0.03854926 -0.04706607 0.9981477
vn -0.08259986 0.1029243 -0.9912537
vn 0.03891704 -0.04699697 0.9981366
vn -0.1359822 0.1036459 -0.9852748
vn 0.04197784 -0.04916551 0.9979081
vn -0.1618705 0.1057342 -0.9811311
vn 0.05308524 -0.05191538 0.9972395
vn -0.1845632 0.1034527 -0.9773607
vn 0.07165586 -0.05610438 0.9958502
vn -0.2264672 0.0986863 -0.9690065
vn 0.1032225 -0.06009285 0.9928413
vn -0.2655995 0.09949289 -0.9589359
vn 0.14182 -0.06431863 0.9878007
vn -0.2889068 0.1043834 -0.9516497
vn 0.1906215 -0.06962871 0.9791911
vn -0.3295543 0.09996384 -0.9388297
vn 0.2481762 -0.074049 0.9658806
vn -0.3725879 0.09426986 -0.9231963
vn 0.3058699 -0.07718462 0.9489394
vn -0.4093823 0.09200779 -0.9077118
vn 0.3618358 -0.08016558 0.9287886
vn -0.42728 0.08612347 -0.900008
vn 0.4106658 -0.08272892 0.908025
vn -0.4430318 0.08625043 -0.8923473
vn 0.4545029 -0.08409331 0.8867669
vn -0.5050724 0.08119667 -0.8592491
vn 0.4969347 -0.08410006 0.8637031
vn -0.5357009 0.07620163 -0.8409625
vn 0.536889 -0.08326163 0.8395342
vn -0.5731298 0.06953313 -0.8165092
vn 0.5724563 -0.08220037 0.8158044
vn -0.6081237 0.06668386 -0.7910365
vn 0.605831 -0.08031453 0.7915292
vn -0.6210849 0.07387076 -0.7802541
vn 0.638918 -0.076469 0.7654648
vn -0.6581998 0.07367909 -0.7492291
vn 0.6718767 -0.07082235 0.7372692
vn -0.7054881 0.0641048 -0.7058167
vn 0.7030968 -0.06475057 0.70814
vn -0.7353303 0.05459028 -0.6755067
vn 0.7338821 -0.05894709 0.6767142
vn -0.7581256 0.04708136 -0.6504067
vn 0.7666982 -0.05318041 0.6398013
vn -0.806742 0.04038937 -0.5895219
vn 0.7981918 -0.04718773 0.6005524
vn -0.8257354 0.04197169 -0.5624937
vn 0.8225615 -0.04191221 0.5671294
vn -0.8266022 0.04539897 -0.5609524
vn 0.8451387 -0.03744485 0.5332339
vn -0.8556483 0.04322623 -0.5157495
vn 0.8630681 -0.03390774 0.5039482
vn -0.8797377 0.03782057 -0.4739527
vn 0.8827483 -0.02922332 0.4689364
vn -0.9063526 0.02594511 -0.4217251
vn 0.8995935 -0.0250004 0.4360122
vn -0.9278713 0.01383954 -0.3726437
vn 0.914983 -0.02095033 0.4029481
vn -0.931771 0.01612219 -0.3626886
vn 0.9276571 -0.01646831 0.3730699
vn -0.9348046 0.012582 -0.3549398
vn 0.9373041 -0.01482883 0.3481969
vn -0.9450793 0.00623775 -0.3267817
vn 0.9459247 -0.01158238 0.3241792
vn -0.9556424 0.002190309 -0.2945211
vn 0.9541297 -0.008557988 0.2992715
vn -0.9700162 0.001705142 -0.2430339
vn 0.961219 -0.005480614 0.275732
vn -0.9784954 -0.001822349 -0.2062608
vn 0.9666674 -0.002490958 0.2560233
vn -0.9796872 -0.005653488 -0.2004518
vn 0.9712911 -8.337665E-05 0.2378941
vn -0.9784036 -0.005328822 -0.2066344
vn 0.9744037 0.001382292 0.2248013
vn -0.9578711 -0.00454098 -0.2871627
vn 0.967822 0.01413352 0.2512389
vn -0.9377201 -0.00711378 -0.3473189
vn 0.9803596 0.02123839 0.1960718
vn -0.9149305 -0.009771752 -0.4034932
vn -0.2353965 0.1237466 0.9639892
vn 0.8887367 -0.01496238 -0.4581739
vn 0.7223353 0.03726703 0.6905382
vn 0.9320384 -0.006232324 -0.362306
vn -0.9746171 -0.003621695 0.2238488
vn 0.9634209 0.005312858 -0.2679403
vn -0.9721085 -0.006936479 0.2344287
vn 0.9698226 0.01458975 -0.2433749
vn -0.968177 -0.01098441 0.2500253
vn 0.9691557 0.01755574 -0.2458228
vn -0.9646866 -0.01378151 0.2630395
vn 0.9737976 0.01879431 -0.2266389
vn -0.9599673 -0.0164629 0.2796278
vn 0.9712508 0.01723765 -0.2374334
vn -0.9537869 -0.02018964 0.2998045
vn 0.9535545 0.02044623 -0.3005257
vn -0.9458594 -0.02408325 0.3236819
vn 0.9323944 0.0272602 -0.3604132
vn -0.9367852 -0.02789713 0.3487913
vn 0.928595 0.02541701 -0.3702231
vn -0.9270417 -0.03132442 0.3736475
vn 0.9203511 0.02382282 -0.3903671
vn -0.9141154 -0.03525196 0.4039187
vn 0.8980932 0.03128389 -0.4386914
vn -0.8994012 -0.03950606 0.4353353
vn 0.8858556 0.04122548 -0.4621259
vn -0.8824613 -0.0437667 0.4683444
vn 0.8771611 0.04514712 -0.4780693
vn -0.8641857 -0.04798444 0.5008796
vn 0.846983 0.05185274 -0.529085
vn -0.8438721 -0.05247207 0.5339724
vn 0.80839 0.05470396 -0.5860999
vn -0.8233185 -0.05635874 0.5647745
vn 0.7897295 0.04949608 -0.6114553
vn -0.8012239 -0.06050966 0.595297
vn 0.7744387 0.05616809 -0.6301505
vn -0.7758646 -0.06492611 0.6275497
vn 0.7332197 0.06661038 -0.6767215
vn -0.7441667 -0.06916142 0.6644039
vn 0.7088779 0.06940477 -0.7019082
vn -0.7110887 -0.07361387 0.6992381
vn 0.6942825 0.06962503 -0.7163268
vn -0.6807831 -0.07813148 0.7283061
vn 0.6476622 0.07363479 -0.758361
vn -0.6486386 -0.08256263 0.7566052
vn 0.6072611 0.08672262 -0.7897551
vn -0.6181851 -0.08648792 0.7812598
vn 0.5782724 0.09260106 -0.8105714
vn -0.5884925 -0.09019959 0.8034554
vn 0.5519225 0.09165516 -0.8288431
vn -0.5577263 -0.0937237 0.8247164
vn 0.523567 0.09618294 -0.8465379
vn -0.5305316 -0.09708957 0.8420866
vn 0.5001214 0.09825201 -0.8603634
vn -0.5058692 -0.1004897 0.856737
vn 0.479055 0.1011172 -0.8719413
vn -0.4786305 -0.1037719 0.8718625
vn 0.4535317 0.1040756 -0.8851425
vn -0.4471801 -0.1067024 0.8880566
vn 0.4084678 0.1108828 -0.9060127
vn -0.4078708 -0.1094968 0.9064502
vn 0.3570581 0.1130444 -0.9272165
vn -0.3604633 -0.1111254 0.9261304
vn 0.3177082 0.1127834 -0.941457
vn -0.3056931 -0.1112926 0.9456033
vn 0.2859087 0.114167 -0.9514316
vn -0.2484733 -0.1101689 0.9623532
vn 0.2568825 0.1131472 -0.9597964
vn -0.1928757 -0.1079587 0.9752661
vn 0.2281296 0.1069583 -0.9677379
vn -0.1390784 -0.1040982 0.9847947
vn 0.2083455 0.1026613 -0.9726524
vn -0.08772057 -0.09933521 0.9911799
vn 0.1825879 0.1059226 -0.9774672
vn -0.0498949 -0.09225177 0.9944848
vn 0.134902 0.1139615 -0.9842836
vn -0.01623483 -0.0844031 0.9962994
vn 0.09904493 0.1163631 -0.9882559
vn 0.004849953 -0.07828879 0.9969189
vn 0.06947561 0.1149523 -0.9909384
vn 0.01987515 -0.07244498 0.9971744
vn 0.05339732 0.1191618 -0.9914379
vn 0.02612487 -0.0676486 0.9973671
vn 0.005939907 0.1141688 -0.9934435
vn 0.03295272 -0.06233032 0.9975114
vn -0.03201636 0.1122816 -0.9931605
vn 0.03188143 -0.06219407 0.9975548
vn -0.06433614 0.1049645 -0.9923928
vn 0.03371792 -0.05851342 0.9977171
vn -0.09084377 0.1088587 -0.9898975
vn 0.04075558 -0.05650698 0.99757
vn -0.1341559 0.110823 -0.9847438
vn 0.04557131 -0.05644374 0.9973652
vn -0.167395 0.1146968 -0.9791954
vn 0.05703056 -0.06027537 0.9965512
vn -0.1727479 0.1164506 -0.978058
vn 0.07536173 -0.06447887 0.9950694
vn -0.2018903 0.1128197 -0.9728885
vn 0.1053462 -0.06992561 0.9919741
vn -0.2580022 0.1077336 -0.9601189
vn 0.1433424 -0.07541078 0.9867959
vn -0.2995427 0.1110881 -0.9475936
vn 0.1917513 -0.08133246 0.9780678
vn -0.3052196 0.1116826 -0.9457103
vn 0.2431475 -0.08632679 0.9661403
vn -0.3505061 0.1050237 -0.9306533
vn 0.2997371 -0.09027614 0.9497408
vn -0.3934469 0.09859263 -0.9140454
vn 0.3558987 -0.09392834 0.9297922
vn -0.4176619 0.09511506 -0.9036103
vn 0.4049364 -0.09672377 0.9092146
vn -0.4408312 0.09729706 -0.892301
vn 0.446903 -0.09868091 0.8891231
vn -0.476577 0.09934684 -0.8735013
vn 0.4853219 -0.09893088 0.8687206
vn -0.520579 0.09421707 -0.8485993
vn 0.5251085 -0.09767269 0.8454117
vn -0.5487545 0.0937702 -0.8307079
vn 0.560285 -0.09543262 0.8227839
vn -0.5985323 0.0894727 -0.7960865
vn 0.5926428 -0.09211109 0.8001813
vn -0.6303797 0.08558777 -0.7715544
vn 0.6230513 -0.08798203 0.777217
vn -0.6461489 0.08429866 -0.7585416
vn 0.654291 -0.08316133 0.7516565
vn -0.6736692 0.07217693 -0.7355
vn 0.6858301 -0.07745011 0.7236288
vn -0.7200217 0.06765281 -0.6906459
vn 0.7173949 -0.07158688 0.692979
vn -0.7399737 0.06827763 -0.6691616
vn 0.750659 -0.06606076 0.6573789
vn -0.7839593 0.06256406 -0.6176516
vn 0.7831676 -0.06028556 0.6188815
vn -0.8265431 0.05498139 -0.5601817
vn 0.8095067 -0.05454085 0.5845718
vn -0.8309805 0.05118151 -0.553942
vn 0.8348601 -0.04913753 0.5482646
vn -0.8490627 0.05433864 -0.52549
vn 0.8542857 -0.04478643 0.5178708
vn -0.8694983 0.0522946 -0.4911598
vn 0.8730504 -0.04059367 0.4859375
vn -0.8825681 0.04646743 -0.4678829
vn 0.8916374 -0.03639523 0.4512851
vn -0.9073697 0.03260038 -0.4190674
vn 0.9073331 -0.03219555 0.4191778
vn -0.9228327 0.01475854 -0.3849183
vn 0.9227256 -0.02683392 0.3845223
vn -0.9293243 0.006698941 -0.369204
vn 0.9346182 -0.02288496 0.3549155
vn -0.9435738 0.003662689 -0.331142
vn 0.9437717 -0.01975887 0.3300066
vn -0.9611331 0.007466877 -0.2759846
vn 0.9520308 -0.01652732 0.3055556
vn -0.972519 0.01130038 -0.232549
vn 0.9591372 -0.01324718 0.282631
vn -0.9775996 0.01301816 -0.2100703
vn 0.9644689 -0.01087979 0.2639726
vn -0.9807114 0.01091607 -0.1951557
vn 0.9693762 -0.008204938 0.2454434
vn -0.9794264 0.01089486 -0.2015074
vn 0.9720277 -0.007381915 0.23475
vn -0.959883 0.00216977 -0.2803923
vn 0.8438116 0.01854401 0.536319
vn 0.8991177 -0.003906695 -0.4376895
vn -0.3656176 0.1055854 0.9247569
vn 0.9383771 0.005876634 -0.3455634
vn -0.9697051 -0.01274436 0.2439456
vn 0.9553137 0.015238 -0.2952009
vn -0.9658107 -0.01654276 0.2587197
vn 0.9682162 0.01976678 -0.2493324
vn -0.9626685 -0.01990978 0.2699499
vn 0.9681629 0.02220352 -0.2493343
vn -0.9588345 -0.02323765 0.2830133
vn 0.9698873 0.02748846 -0.2419975
vn -0.9539321 -0.02647452 0.2988523
vn 0.9609187 0.03790049 -0.2742241
vn -0.9471374 -0.03083306 0.3193432
vn 0.9385003 0.04478049 -0.3423618
vn -0.9386866 -0.03507546 0.3429828
vn 0.9307111 0.04651306 -0.3627856
vn -0.929517 -0.03894724 0.366717
vn 0.9266734 0.04974171 -0.3725616
vn -0.9163547 -0.04445308 0.3978921
vn 0.9024781 0.04970573 -0.4278581
vn -0.9023156 -0.0487043 0.4283158
vn 0.8790725 0.05396827 -0.473623
vn -0.8859531 -0.0530841 0.4607268
vn 0.8727153 0.06116198 -0.4843833
vn -0.8673901 -0.05729754 0.4943191
vn 0.8546075 0.07057505 -0.5144562
vn -0.8472282 -0.06202991 0.5275952
vn 0.8277493 0.07480809 -0.556089
vn -0.8276296 -0.066358 0.5573382
vn 0.8034877 0.07294308 -0.5908357
vn -0.8051472 -0.07026356 0.5888981
vn 0.7754824 0.07102017 -0.6273621
vn -0.7801414 -0.07557733 0.6210214
vn 0.7391757 0.07561228 -0.669255
vn -0.7528834 -0.07990272 0.6532856
vn 0.7033141 0.08798011 -0.7054139
vn -0.7176725 -0.08378572 0.691322
vn 0.693848 0.1016263 -0.7129144
vn -0.6860919 -0.08806109 0.7221656
vn 0.6658084 0.1075685 -0.738328
vn -0.6553569 -0.0922527 0.7496646
vn 0.6138856 0.1008074 -0.782932
vn -0.6236141 -0.09570025 0.7758524
vn 0.5876171 0.09758556 -0.8032329
vn -0.5942793 -0.09925312 0.7981108
vn 0.5577191 0.1019183 -0.8237488
vn -0.5643006 -0.1024338 0.81919
vn 0.5307414 0.1060711 -0.84087
vn -0.5345719 -0.1053695 0.8385285
vn 0.5017378 0.1068155 -0.8583995
vn -0.5088425 -0.1091183 0.853916
vn 0.4763241 0.1105899 -0.8722875
vn -0.4828568 -0.1130552 0.8683708
vn 0.4460581 0.1169302 -0.8873327
vn -0.4546354 -0.1168327 0.8829817
vn 0.4215716 0.12439 -0.898223
vn -0.4203633 -0.1197353 0.899421
vn 0.3836434 0.123621 -0.9151697
vn -0.3787141 -0.1217958 0.9174646
vn 0.3482898 0.1184174 -0.9298771
vn -0.3296252 -0.123056 0.936058
vn 0.3003545 0.1129756 -0.9471134
vn -0.2760727 -0.1224045 0.9533105
vn 0.2703784 0.1130666 -0.9560918
vn -0.2197418 -0.1207397 0.9680576
vn 0.246796 0.1131828 -0.9624352
vn -0.1716355 -0.1171734 0.9781675
vn 0.2123956 0.1228934 -0.9694253
vn -0.1269843 -0.1147008 0.9852506
vn 0.1791834 0.1302341 -0.9751576
vn -0.08765957 -0.1078971 0.9902899
vn 0.1427219 0.1331814 -0.9807615
vn -0.04939282 -0.09971558 0.9937893
vn 0.1131453 0.1310203 -0.9849019
vn -0.01812121 -0.09120993 0.9956669
vn 0.07409103 0.1273535 -0.9890863
vn 0.003628729 -0.08224954 0.9966052
vn 0.03119297 0.1293936 -0.9911026
vn 0.01779489 -0.07603761 0.9969461
vn -0.005071518 0.1329429 -0.9911107
vn 0.02700279 -0.07106695 0.997106
vn -0.04231595 0.1300935 -0.9905983
vn 0.02910797 -0.06901198 0.9971911
vn -0.09188179 0.1298502 -0.9872673
vn 0.03516852 -0.06961624 0.9969538
vn -0.1393297 0.1317514 -0.9814422
vn 0.05249192 -0.06987762 0.9961734
vn -0.1595327 0.1254674 -0.979187
vn 0.0738582 -0.07562625 0.9943971
vn -0.1786017 0.1203553 -0.9765326
vn 0.1011854 -0.08181708 0.9914976
vn -0.2185624 0.1223933 -0.9681169
vn 0.1324975 -0.08791371 0.9872768
vn -0.2773449 0.120839 -0.953141
vn 0.1754136 -0.09274311 0.9801166
vn -0.2977362 0.1143903 -0.9477701
vn 0.223685 -0.09816861 0.9697051
vn -0.3113997 0.113083 -0.9435266
vn 0.276128 -0.1036414 0.9555165
vn -0.3654867 0.115615 -0.9236085
vn 0.3311959 -0.1078808 0.9373746
vn -0.39698 0.1181626 -0.9101893
vn 0.3834147 -0.1104968 0.9169425
vn -0.4286079 0.1176203 -0.8958018
vn 0.4260965 -0.1123843 0.8976701
vn -0.4533704 0.1134608 -0.8840712
vn 0.4630449 -0.1127974 0.8791281
vn -0.4952568 0.1088864 -0.8618958
vn 0.4982535 -0.1115108 0.8598306
vn -0.5308057 0.1064983 -0.8407754
vn 0.5342149 -0.1080667 0.8384129
vn -0.5675471 0.104945 -0.8166253
vn 0.5664773 -0.103779 0.8175166
vn -0.5960795 0.09971885 -0.7967091
vn 0.5968996 -0.09917596 0.7961627
vn -0.6206794 0.08912583 -0.7789825
vn 0.6276106 -0.09440434 0.7727825
vn -0.6332684 0.08173885 -0.7696037
vn 0.6589182 -0.08945972 0.746876
vn -0.6914521 0.07495891 -0.7185229
vn 0.6903397 -0.08458246 0.7185239
vn -0.7379918 0.07323549 -0.6708239
vn 0.723297 -0.07963325 0.6859301
vn -0.7535967 0.07528178 -0.653012
vn 0.7566934 -0.07429616 0.6495348
vn -0.7966669 0.07312038 -0.5999793
vn 0.787387 -0.06812402 0.6126832
vn -0.8154324 0.06413437 -0.5752883
vn 0.8135604 -0.06272565 0.5780874
vn -0.8352349 0.05915823 -0.5467018
vn 0.8369747 -0.05816079 0.5441421
vn -0.8546681 0.05415878 -0.5163422
vn 0.8560503 -0.05294491 0.5141739
vn -0.87103 0.04766257 -0.488912
vn 0.876548 -0.04805305 0.4789097
vn -0.8870625 0.0478752 -0.4591601
vn 0.8938879 -0.04347644 0.4461772
vn -0.9050599 0.04457465 -0.4229415
vn 0.9094907 -0.03874925 0.4139144
vn -0.9175849 0.04273304 -0.3952364
vn 0.9225496 -0.03457688 0.3843262
vn -0.9295305 0.04471149 -0.3660243
vn 0.9338589 -0.0309246 0.356302
vn -0.9505504 0.04123032 -0.3078215
vn 0.942912 -0.02755473 0.3319002
vn -0.9672568 0.03581015 -0.2512605
vn 0.9509138 -0.0239592 0.3085267
vn -0.9722444 0.03079762 -0.2319322
vn 0.9583179 -0.02050763 0.284967
vn -0.9739662 0.02281066 -0.2255426
vn 0.9636281 -0.01766939 0.2666622
vn -0.9760401 0.01649727 -0.2169647
vn 0.9686498 -0.01484472 0.2479865
vn -0.9500321 -0.005045315 -0.3121116
vn 0.922368 -0.008067131 0.3862283
vn 0.912457 0.00157767 -0.4091696
vn -0.845202 0.0664684 0.5302976
vn 0.9413416 0.01319038 -0.3371974
vn -0.9289867 -0.003820872 0.3700935
vn 0.9582028 0.02527774 -0.2849709
vn -0.956594 -0.02795474 0.2900797
vn 0.9598583 0.03410416 -0.2784044
vn -0.9529027 -0.03170222 0.3016146
vn 0.9607323 0.0418458 -0.2743035
vn -0.9475966 -0.03559081 0.3174804
vn 0.9506348 0.04891713 -0.306432
vn -0.94079 -0.04020425 0.3365976
vn 0.936247 0.05012676 -0.3477482
vn -0.9324473 -0.0445819 0.3585449
vn 0.9274237 0.04970606 -0.3706949
vn -0.9226836 -0.04891008 0.3824434
vn 0.9240406 0.0507549 -0.37891
vn -0.9114333 -0.05348957 0.407956
vn 0.9089532 0.06032826 -0.4125103
vn -0.9011248 -0.05622765 0.4298984
vn 0.885196 0.06003981 -0.4613278
vn -0.8862618 -0.06125392 0.4591168
vn 0.8657686 0.06257661 -0.4965167
vn -0.86842 -0.06627084 0.4913807
vn 0.8490573 0.0745352 -0.5230163
vn -0.8475738 -0.07135376 0.5258588
vn 0.8298402 0.08062613 -0.5521454
vn -0.8277763 -0.07607797 0.5558764
vn 0.8059623 0.08958794 -0.5851485
vn -0.8065193 -0.08087146 0.5856506
vn 0.78468 0.09501894 -0.6125755
vn -0.7802346 -0.0856242 0.6195987
vn 0.7490829 0.09283452 -0.6559395
vn -0.7556984 -0.09039804 0.6486511
vn 0.6982787 0.08978598 -0.7101728
vn -0.7226822 -0.09470436 0.6846617
vn 0.6701877 0.09304573 -0.7363362
vn -0.68884 -0.09795219 0.7182651
vn 0.6689345 0.1020857 -0.7362779
vn -0.6577107 -0.1014575 0.7464067
vn 0.6429282 0.1050879 -0.7586829
vn -0.6269594 -0.10507 0.7719342
vn 0.5969942 0.1062549 -0.7951779
vn -0.5969528 -0.1081484 0.7949536
vn 0.555573 0.1136104 -0.8236694
vn -0.5678217 -0.1111869 0.8156078
vn 0.5297427 0.1161833 -0.8401631
vn -0.5375611 -0.114073 0.8354732
vn 0.5114651 0.1169663 -0.8513063
vn -0.5084448 -0.1172283 0.8530777
vn 0.4795487 0.1169627 -0.8696854
vn -0.4825985 -0.1208714 0.8674611
vn 0.4487773 0.1199191 -0.885561
vn -0.4558914 -0.1244206 0.8812959
vn 0.4201051 0.1217894 -0.8992658
vn -0.4258016 -0.1272802 0.8958195
vn 0.3949367 0.1264417 -0.9099656
vn -0.3863173 -0.1309156 0.9130279
vn 0.356697 0.1355507 -0.9243339
vn -0.3422464 -0.1337281 0.9300453
vn 0.3194901 0.1411174 -0.9370229
vn -0.2955232 -0.134018 0.9458885
vn 0.2772883 0.1383377 -0.9507754
vn -0.2387093 -0.1316836 0.9621212
vn 0.2243744 0.1387405 -0.9645761
vn -0.1799458 -0.1267745 0.975473
vn 0.1851865 0.1466867 -0.9716938
vn -0.1265128 -0.1208338 0.9845778
vn 0.167943 0.1470101 -0.9747734
vn -0.08778942 -0.1149732 0.9894818
vn 0.1379206 0.1425904 -0.9801255
vn -0.04929087 -0.1079236 0.9929366
vn 0.09961098 0.1418912 -0.9848576
vn -0.0228109 -0.1001193 0.994714
vn 0.0534195 0.1415371 -0.9884906
vn -0.003269636 -0.09454359 0.9955154
vn 0.01094008 0.1395378 -0.9901563
vn 0.008623035 -0.08750135 0.9961271
vn -0.01856984 0.1388952 -0.990133
vn 0.02427863 -0.08308245 0.9962469
vn -0.0663723 0.1384849 -0.988138
vn 0.03475082 -0.08356645 0.9958962
vn -0.1175363 0.1358456 -0.9837334
vn 0.04832076 -0.08636054 0.9950914
vn -0.1368965 0.1315302 -0.9818143
vn 0.06926877 -0.08992045 0.9935372
vn -0.1539557 0.1258765 -0.980027
vn 0.0962781 -0.09394113 0.9909115
vn -0.2109894 0.1296056 -0.968858
vn 0.1297836 -0.0982326 0.9866644
vn -0.2514616 0.1350532 -0.9583985
vn 0.1712864 -0.1047436 0.9796375
vn -0.2795217 0.1277134 -0.9516076
vn 0.2258364 -0.1116979 0.9677405
vn -0.3080547 0.1239687 -0.9432571
vn 0.2751215 -0.1164539 0.9543304
vn -0.3650993 0.1263812 -0.9223505
vn 0.3262116 -0.1206928 0.9375603
vn -0.4055386 0.1311383 -0.9046221
vn 0.3757173 -0.1234467 0.9184756
vn -0.4119169 0.1332205 -0.9014304
vn 0.4187245 -0.1248829 0.8994854
vn -0.429687 0.128078 -0.8938485
vn 0.4535454 -0.1248605 0.8824435
vn -0.4699913 0.1234802 -0.8739913
vn 0.4841868 -0.1235951 0.8661914
vn -0.5138407 0.1216218 -0.8492207
vn 0.5168176 -0.1203399 0.8475954
vn -0.5469281 0.1168841 -0.82898
vn 0.5495229 -0.1161387 0.8273672
vn -0.5744988 0.107742 -0.8113833
vn 0.580421 -0.111718 0.8066168
vn -0.6098278 0.1023241 -0.7859006
vn 0.610461 -0.1067831 0.7848151
vn -0.6286277 0.101729 -0.7710242
vn 0.6425248 -0.1019118 0.7594576
vn -0.6597915 0.102842 -0.7443781
vn 0.6741363 -0.09715471 0.7321894
vn -0.7170902 0.09148947 -0.6909495
vn 0.7070875 -0.09226474 0.7010809
vn -0.7435382 0.07974038 -0.663922
vn 0.7404798 -0.08744161 0.666366
vn -0.7807655 0.07467722 -0.6203456
vn 0.7712546 -0.08200508 0.6312222
vn -0.8055414 0.06722987 -0.5887133
vn 0.799114 -0.07581408 0.5963799
vn -0.8246332 0.06151607 -0.562313
vn 0.8242707 -0.07025392 0.5618206
vn -0.8436633 0.05990576 -0.5335201
vn 0.8437678 -0.06511104 0.5327442
vn -0.8591753 0.05668765 -0.5085316
vn 0.8643231 -0.05988656 0.4993587
vn -0.8820808 0.05148798 -0.4682761
vn 0.8839747 -0.05473318 0.4643199
vn -0.897283 0.04797243 -0.4388418
vn 0.8999832 -0.05009831 0.433036
vn -0.9157257 0.04291854 -0.3995051
vn 0.914311 -0.04535883 0.402465
vn -0.9337811 0.04584666 -0.3548955
vn 0.9264799 -0.04154671 0.3740439
vn -0.940312 0.05194788 -0.3363255
vn 0.936031 -0.03771108 0.3498912
vn -0.9539536 0.04686996 -0.2962695
vn 0.9445429 -0.03398838 0.3266244
vn -0.9637624 0.03809906 -0.2640274
vn 0.9524661 -0.03014511 0.3031495
vn -0.9645016 0.03294731 -0.2620137
vn 0.9588409 -0.02630506 0.2827227
vn -0.9437696 0.01812195 -0.3301067
vn 0.9512034 -0.01025147 0.3083941
vn -0.9042458 -0.005746839 -0.4269735
vn 0.3559571 0.08300771 0.9308083
vn 0.9234826 0.01519848 -0.383339
vn -0.7720222 0.04239421 0.6341801
vn 0.939553 0.02657114 -0.341371
vn -0.9196837 -0.01608492 0.3923304
vn 0.9501789 0.03292936 -0.3099608
vn -0.9461381 -0.03822367 0.321499
vn 0.948881 0.04078117 -0.3129885
vn -0.9395617 -0.04395014 0.339547
vn 0.9467415 0.04848264 -0.3183236
vn -0.9339111 -0.04874732 0.3541662
vn 0.9356484 0.05159651 -0.3491417
vn -0.9250793 -0.05398394 0.3759174
vn 0.9223534 0.05675947 -0.3821549
vn -0.9146197 -0.05901948 0.3999844
vn 0.9074283 0.06791193 -0.4146827
vn -0.9038956 -0.06346606 0.423019
vn 0.8944899 0.07665582 -0.4404675
vn -0.8905908 -0.06790742 0.4497072
vn 0.8797518 0.07862917 -0.4688862
vn -0.8752696 -0.07355838 0.4780087
vn 0.8460905 0.08436983 -0.5263199
vn -0.8560454 -0.07922941 0.5107926
vn 0.8341566 0.08914477 -0.5442756
vn -0.8348253 -0.08446757 0.5439964
vn 0.8106558 0.09609725 -0.5775833
vn -0.814624 -0.08981772 0.5729926
vn 0.7872285 0.1030545 -0.6079893
vn -0.7922159 -0.09483448 0.602827
vn 0.7788687 0.1051803 -0.6183047
vn -0.7672847 -0.09882206 0.6336469
vn 0.7462094 0.1045084 -0.6574568
vn -0.7410563 -0.1038038 0.6633705
vn 0.7028438 0.09670552 -0.7047401
vn -0.7094382 -0.1078182 0.6964716
vn 0.6669414 0.09463678 -0.7390757
vn -0.677114 -0.1101256 0.7275912
vn 0.6523911 0.09984646 -0.7512766
vn -0.6445408 -0.1128457 0.7561963
vn 0.616809 0.1095179 -0.7794566
vn -0.6135583 -0.1161694 0.7810575
vn 0.5668789 0.1208809 -0.8148841
vn -0.5844951 -0.1190864 0.8026107
vn 0.5460991 0.1222425 -0.8287537
vn -0.5543889 -0.1222126 0.8232356
vn 0.5353703 0.1149467 -0.8367592
vn -0.5242322 -0.1253394 0.8423008
vn 0.499794 0.115165 -0.8584538
vn -0.4959334 -0.1281323 0.8588552
vn 0.4659826 0.1201379 -0.8765997
vn -0.4699366 -0.1308445 0.8729486
vn 0.4354237 0.1233357 -0.8917367
vn -0.4432018 -0.1338244 0.8863764
vn 0.3992483 0.1305842 -0.9074957
vn -0.4098315 -0.1373137 0.9017667
vn 0.3624838 0.139735 -0.9214551
vn -0.3692109 -0.1405062 0.9186628
vn 0.3266806 0.1441506 -0.9340773
vn -0.3262057 -0.1417163 0.9346155
vn 0.3058526 0.1465309 -0.9407353
vn -0.2764545 -0.1424094 0.950417
vn 0.2593594 0.1480851 -0.9543603
vn -0.2199502 -0.1410295 0.9652629
vn 0.2032879 0.146236 -0.9681368
vn -0.1682971 -0.1372683 0.9761319
vn 0.1742938 0.1460827 -0.9737974
vn -0.1222888 -0.1318606 0.9836962
vn 0.1574078 0.1491321 -0.9762083
vn -0.08296563 -0.12627 0.9885204
vn 0.119717 0.1517463 -0.9811427
vn -0.05232122 -0.1207297 0.9913056
vn 0.08062159 0.1542193 -0.9847419
vn -0.02627205 -0.1143854 0.993089
vn 0.04321882 0.1531197 -0.987262
vn -0.01046935 -0.1093144 0.9939521
vn 0.005673855 0.1480613 -0.9889618
vn 0.006784429 -0.1065471 0.9942845
vn -0.03605257 0.1490095 -0.9881783
vn 0.02765413 -0.1042258 0.994169
vn -0.0785091 0.1512516 -0.9853727
vn 0.04308572 -0.1040152 0.993642
vn -0.1136645 0.1424205 -0.9832582
vn 0.06334503 -0.1068506 0.9922552
vn -0.1333915 0.1361132 -0.981672
vn 0.08583709 -0.1108333 0.9901252
vn -0.1882399 0.1412546 -0.9719119
vn 0.1183408 -0.1162049 0.98615
vn -0.2407018 0.1466499 -0.9594563
vn 0.160751 -0.1240458 0.979169
vn -0.2527793 0.1432838 -0.9568555
vn 0.2116131 -0.1313682 0.9684845
vn -0.286535 0.1398774 -0.9478039
vn 0.2603127 -0.1341662 0.9561573
vn -0.3407677 0.13836 -0.9299107
vn 0.3138708 -0.1360471 0.9396682
vn -0.3942415 0.1333434 -0.9092816
vn 0.363308 -0.137575 0.9214556
vn -0.4090496 0.1300586 -0.9031962
vn 0.4062363 -0.1372224 0.9034058
vn -0.4192077 0.1305678 -0.8984525
vn 0.4401487 -0.1357952 0.8875971
vn -0.4545771 0.1325388 -0.8807912
vn 0.470026 -0.1339444 0.8724301
vn -0.498847 0.1306333 -0.8567886
vn 0.4986296 -0.1314155 0.8567955
vn -0.5343614 0.1271093 -0.8356442
vn 0.5302814 -0.1277392 0.8381433
vn -0.5504867 0.1287803 -0.8248515
vn 0.5613647 -0.1231599 0.8183528
vn -0.5840068 0.1237184 -0.8022655
vn 0.5908294 -0.1184709 0.7980509
vn -0.6199318 0.1190257 -0.7755756
vn 0.6228694 -0.1135586 0.7740402
vn -0.6383723 0.1161194 -0.7609186
vn 0.6555574 -0.1086908 0.7472823
vn -0.6856955 0.1079141 -0.7198446
vn 0.6882383 -0.1042533 0.717955
vn -0.7216191 0.1012528 -0.6848457
vn 0.7220469 -0.0995553 0.6846436
vn -0.7586724 0.09722802 -0.6441762
vn 0.7536591 -0.09413403 0.6504897
vn -0.7831314 0.09061756 -0.6152183
vn 0.7806861 -0.0885557 0.6186171
vn -0.8010285 0.08160296 -0.5930383
vn 0.8066527 -0.08332785 0.5851222
vn -0.8370349 0.07342392 -0.5422004
vn 0.8278162 -0.07786678 0.5555691
vn -0.8482675 0.07196211 -0.5246559
vn 0.8487802 -0.07274123 0.5237184
vn -0.8632834 0.06508684 -0.5005053
vn 0.8699788 -0.06735901 0.4884667
vn -0.8852038 0.0540298 -0.4620553
vn 0.8882259 -0.06178907 0.4552328
vn -0.8996185 0.05122587 -0.4336616
vn 0.9028134 -0.05669935 0.426278
vn -0.9274784 0.04998334 -0.3705206
vn 0.9155803 -0.05249822 0.3986939
vn -0.9428353 0.04918237 -0.3296098
vn 0.9260201 -0.0484008 0.3743584
vn -0.9449092 0.04845947 -0.3237257
vn 0.9354734 -0.04439032 0.3505979
vn -0.9539472 0.04233811 -0.2969717
vn 0.9439749 -0.04020997 0.3275587
vn -0.9598187 0.03431001 -0.2785159
vn 0.9506705 -0.03672214 0.3080213
vn -0.9540316 0.01753088 -0.299193
vn 0.9104624 0.00193443 0.4135875
vn -0.9413144 0.01596526 -0.3371532
vn 0.853643 0.04082076 0.5192564
vn 0.9327175 0.02306797 -0.3598694
vn -0.7686373 0.05028986 0.6377051
vn 0.9290668 0.03733394 -0.3680231
vn -0.8964713 -0.01177699 0.4429453
vn 0.9347215 0.05611879 -0.3509221
vn -0.9310996 -0.04795256 0.3615995
vn 0.9379658 0.057205 -0.3419764
vn -0.9296139 -0.05159181 0.3649058
vn 0.9329413 0.06576429 -0.3539712
vn -0.9224073 -0.05679665 0.3820195
vn 0.9209043 0.07227205 -0.3830299
vn -0.9138225 -0.06236826 0.4012963
vn 0.9013819 0.07801329 -0.4259396
vn -0.9034725 -0.06788319 0.4232367
vn 0.8879461 0.08410669 -0.4521922
vn -0.8923008 -0.07285897 0.445523
vn 0.8897616 0.08833209 -0.4477966
vn -0.877913 -0.07806633 0.4724132
vn 0.8667796 0.09099202 -0.4903198
vn -0.8622676 -0.08396979 0.4994434
vn 0.8404576 0.08888665 -0.5345374
vn -0.8422347 -0.08970589 0.5315953
vn 0.820589 0.09200004 -0.5640654
vn -0.8206176 -0.09510424 0.5635085
vn 0.7949063 0.09693174 -0.5989392
vn -0.8002526 -0.1001423 0.5912423
vn 0.7821853 0.09833732 -0.6152366
vn -0.7784032 -0.104483 0.6190088
vn 0.762469 0.1072777 -0.6380695
vn -0.7520844 -0.1093518 0.6499318
vn 0.7344301 0.116726 -0.6685713
vn -0.7254855 -0.1144284 0.6786582
vn 0.6797224 0.1269367 -0.7224019
vn -0.6954974 -0.1190814 0.7085922
vn 0.65265 0.1346812 -0.745593
vn -0.6641262 -0.1219819 0.7376021
vn 0.635599 0.1376022 -0.7596576
vn -0.6300507 -0.1240135 0.7665878
vn 0.5866237 0.1413239 -0.7974336
vn -0.5996438 -0.1269427 0.7901348
vn 0.5587903 0.1406759 -0.8172906
vn -0.5699962 -0.1300706 0.8112867
vn 0.5608722 0.1333776 -0.817088
vn -0.5395269 -0.1332714 0.831354
vn 0.5279972 0.1293725 -0.8393341
vn -0.5101438 -0.1363524 0.8492122
vn 0.4786806 0.1323792 -0.867952
vn -0.4826134 -0.1392805 0.8646879
vn 0.4450242 0.1395835 -0.8845733
vn -0.4558985 -0.1423567 0.8785735
vn 0.4140355 0.144343 -0.8987434
vn -0.4272707 -0.1459114 0.8922721
vn 0.3759175 0.1452571 -0.9151975
vn -0.3899178 -0.1487476 0.9087564
vn 0.3459958 0.1454452 -0.926894
vn -0.3483512 -0.1504688 0.9252084
vn 0.3108947 0.1465219 -0.9390824
vn -0.2989652 -0.1522762 0.9420359
vn 0.2753356 0.1520894 -0.9492413
vn -0.2459836 -0.1535796 0.9570295
vn 0.2252738 0.1557338 -0.9617685
vn -0.1977378 -0.1524505 0.9683277
vn 0.1881799 0.1533752 -0.9700847
vn -0.1525569 -0.1492503 0.9769599
vn 0.1639425 0.1497723 -0.9750339
vn -0.11167 -0.1449282 0.9831203
vn 0.1312237 0.1530086 -0.9794738
vn -0.07789395 -0.1396872 0.9871272
vn 0.09013135 0.1593632 -0.983097
vn -0.05188198 -0.1342326 0.9895908
vn 0.062847 0.1629441 -0.9846317
vn -0.02669208 -0.1292078 0.9912583
vn 0.03390344 0.1620464 -0.9862006
vn -0.008618561 -0.1263436 0.9919491
vn -0.01522656 0.1581935 -0.9872907
vn 0.01390127 -0.1248921 0.9920729
vn -0.06633657 0.1570541 -0.9853595
vn 0.03514547 -0.1246045 0.9915838
vn -0.08865535 0.1621601 -0.9827738
vn 0.05701043 -0.1257334 0.9904246
vn -0.1126267 0.1658043 -0.9797062
vn 0.08189214 -0.1281311 0.9883704
vn -0.1564173 0.1657697 -0.9736806
vn 0.1122139 -0.1331394 0.9847242
vn -0.219228 0.161816 -0.9621615
vn 0.1517274 -0.1392706 0.9785614
vn -0.2358525 0.1533121 -0.9596192
vn 0.1935347 -0.1445576 0.9703853
vn -0.2646361 0.1523035 -0.9522454
vn 0.2395608 -0.1477741 0.9595694
vn -0.3081448 0.1526577 -0.9390115
vn 0.2931352 -0.1500792 0.9442182
vn -0.3663448 0.1457804 -0.9189883
vn 0.3481828 -0.149843 0.9253733
vn -0.4038561 0.1396969 -0.9040934
vn 0.3938375 -0.1483402 0.9071313
vn -0.4174201 0.1371525 -0.8983037
vn 0.430385 -0.1458612 0.8907824
vn -0.4490695 0.1367102 -0.8829762
vn 0.4603629 -0.143369 0.8760772
vn -0.4838796 0.1388129 -0.8640553
vn 0.4879532 -0.1409655 0.8614118
vn -0.5186273 0.1367195 -0.8439985
vn 0.5158063 -0.1377115 0.8455645
vn -0.5486573 0.1288323 -0.8260614
vn 0.5464583 -0.1332714 0.8268144
vn -0.5743521 0.1288381 -0.808406
vn 0.5767249 -0.1287513 0.8067288
vn -0.610446 0.1281081 -0.7816291
vn 0.6080204 -0.124619 0.78408
vn -0.6276776 0.1264642 -0.7681324
vn 0.6417972 -0.1204641 0.7573538
vn -0.6558715 0.1184782 -0.7455168
vn 0.6749145 -0.1163134 0.7286712
vn -0.7134807 0.1085171 -0.6922206
vn 0.7081568 -0.1114662 0.6972009
vn -0.7472076 0.1086652 -0.6556467
vn 0.7398289 -0.1058839 0.6644108
vn -0.7761327 0.1043634 -0.6218732
vn 0.7676895 -0.1003949 0.6329089
vn -0.783635 0.1027604 -0.6126636
vn 0.7935723 -0.09598046 0.6008583
vn -0.8131152 0.09278291 -0.5746607
vn 0.8154058 -0.09106022 0.5716828
vn -0.8438099 0.08338264 -0.5301246
vn 0.8371979 -0.08594177 0.5401053
vn -0.8459539 0.08362348 -0.5266584
vn 0.8578895 -0.0808629 0.5074316
vn -0.8659014 0.07510421 -0.4945442
vn 0.877351 -0.07487359 0.4739718
vn -0.8986824 0.06540335 -0.4336961
vn 0.8929495 -0.06896356 0.444843
vn -0.9218472 0.06951475 -0.3812681
vn 0.9064674 -0.06447414 0.4173246
vn -0.9366313 0.06819393 -0.3436152
vn 0.9175555 -0.06017048 0.3930286
vn -0.937301 0.06201716 -0.3429587
vn 0.9277113 -0.05578322 0.3691069
vn -0.9381804 0.05580759 -0.3416179
vn 0.9359158 -0.05135994 0.3484591
vn -0.939725 0.04427981 -0.3390521
vn 0.9432015 -0.04750089 0.3288081
vn -0.9212154 0.02353332 -0.3883406
vn 0.5612847 0.02490986 0.8272478
vn 0.8963302 0.0307305 -0.4423208
vn -0.7020057 0.06081714 0.7095698
vn 0.9164169 0.04204214 -0.3980109
vn -0.8582449 -0.02487534 0.5126373
vn 0.9146909 0.06317785 -0.3991852
vn -0.9160318 -0.05850066 0.3968166
vn 0.9182631 0.07805903 -0.3882008
vn -0.90826 -0.06484547 0.4133508
vn 0.9078284 0.08552472 -0.4105277
vn -0.8997138 -0.07124444 0.4306265
vn 0.8904703 0.08604251 -0.4468326
vn -0.8895358 -0.07744635 0.4502534
vn 0.886153 0.08359209 -0.4557907
vn -0.8772837 -0.0831024 0.4727233
vn 0.8766934 0.08814218 -0.4729054
vn -0.8630161 -0.08842275 0.4973777
vn 0.856759 0.09395225 -0.5070868
vn -0.8465005 -0.09471797 0.5238944
vn 0.8266042 0.09792605 -0.5541985
vn -0.8257858 -0.10058 0.5549427
vn 0.805091 0.1032764 -0.5840911
vn -0.8044038 -0.1057632 0.5845926
vn 0.7856691 0.1034608 -0.6099343
vn -0.7845091 -0.1109094 0.6101185
vn 0.7563629 0.111209 -0.6446299
vn -0.7595716 -0.1157863 0.6400346
vn 0.735341 0.1220154 -0.6666226
vn -0.7329158 -0.1205181 0.6695595
vn 0.6970791 0.1276591 -0.705538
vn -0.7036931 -0.1257972 0.699279
vn 0.6453016 0.1335227 -0.7521687
vn -0.6753028 -0.1308602 0.7258385
vn 0.6385339 0.1414868 -0.7564759
vn -0.6442558 -0.1349003 0.7528191
vn 0.6096861 0.1473995 -0.7788171
vn -0.6104142 -0.1375858 0.7800415
vn 0.5739893 0.1464687 -0.805657
vn -0.5810707 -0.1395492 0.8017998
vn 0.5713646 0.1423086 -0.808264
vn -0.549661 -0.1418377 0.8232587
vn 0.5510949 0.1463053 -0.8215164
vn -0.519574 -0.1448151 0.8420637
vn 0.4971721 0.1524749 -0.8541496
vn -0.4900948 -0.1483583 0.8589511
vn 0.4481938 0.1519145 -0.8809338
vn -0.4618983 -0.151946 0.8738205
vn 0.4207905 0.1546635 -0.8938761
vn -0.4329257 -0.1555557 0.8879064
vn 0.3882147 0.1581938 -0.90789
vn -0.3998537 -0.158434 0.9027822
vn 0.3526335 0.1600971 -0.9219645
vn -0.3583536 -0.1603675 0.9197091
vn 0.3090236 0.1638808 -0.9368284
vn -0.3101978 -0.1620319 0.936762
vn 0.2814588 0.1670885 -0.9449139
vn -0.2608298 -0.1624956 0.9516108
vn 0.2341517 0.1670373 -0.9577428
vn -0.2146191 -0.1611989 0.9633034
vn 0.2053665 0.1707668 -0.9636717
vn -0.1719829 -0.1591064 0.9721661
vn 0.1776318 0.1691363 -0.9694534
vn -0.1326041 -0.1559591 0.9788222
vn 0.1404715 0.1654431 -0.976164
vn -0.09803893 -0.151776 0.9835408
vn 0.08844401 0.1638957 -0.9825049
vn -0.069999 -0.1479697 0.9865116
vn 0.06708238 0.1650446 -0.9840022
vn -0.04455302 -0.1446653 0.9884771
vn 0.03909529 0.1666803 -0.9852356
vn -0.01956327 -0.1420584 0.989665
vn 0.01359016 0.1724513 -0.9849243
vn 0.003693212 -0.1411136 0.9899865
vn -0.04014887 0.1682162 -0.9849321
vn 0.02923863 -0.1410372 0.9895724
vn -0.0912661 0.1607796 -0.9827616
vn 0.05197581 -0.1420238 0.9884977
vn -0.1208802 0.1612568 -0.9794816
vn 0.07767007 -0.1440621 0.9865158
vn -0.1470731 0.1694149 -0.9745092
vn 0.1087769 -0.1470645 0.9831274
vn -0.181765 0.1733249 -0.9679463
vn 0.1448673 -0.1507636 0.9778976
vn -0.2129352 0.1669742 -0.9626932
vn 0.1863814 -0.1542333 0.9702958
vn -0.2496608 0.1632766 -0.9544685
vn 0.2282514 -0.1584816 0.9606169
vn -0.2905447 0.1625588 -0.942952
vn 0.2750464 -0.1617563 0.9477259
vn -0.3336393 0.1617389 -0.9287224
vn 0.3255849 -0.1619074 0.9315473
vn -0.3793757 0.1560633 -0.911986
vn 0.3755552 -0.1594382 0.9129828
vn -0.4038315 0.1485456 -0.9026929
vn 0.4153685 -0.1566264 0.8960676
vn -0.4351625 0.1438645 -0.8887838
vn 0.4467046 -0.1531672 0.8814731
vn -0.4799621 0.1457379 -0.8650993
vn 0.4708195 -0.151281 0.8691623
vn -0.5069138 0.1469263 -0.8493828
vn 0.4978176 -0.1473122 0.8546793
vn -0.5221395 0.1408847 -0.8411431
vn 0.5267578 -0.1437491 0.8377723
vn -0.5564626 0.1350187 -0.8198287
vn 0.5577214 -0.1403442 0.8180772
vn -0.5981273 0.1342678 -0.7900733
vn 0.5896194 -0.1376186 0.7958707
vn -0.6188826 0.1313756 -0.774419
vn 0.6226628 -0.1345999 0.7708268
vn -0.6263905 0.124214 -0.7695491
vn 0.6558151 -0.1308405 0.7434967
vn -0.6816159 0.1184144 -0.7220649
vn 0.6878971 -0.1262667 0.7147406
vn -0.7331117 0.1113862 -0.670925
vn 0.7197147 -0.1211082 0.6836254
vn -0.7596987 0.1032247 -0.64203
vn 0.7486799 -0.1153922 0.6528117
vn -0.7757117 0.09797666 -0.6234356
vn 0.7763797 -0.1098707 0.6206151
vn -0.7885404 0.09809811 -0.6071085
vn 0.7985847 -0.1048011 0.5926881
vn -0.8237193 0.09478588 -0.559019
vn 0.8203694 -0.0996565 0.5630832
vn -0.8457167 0.08740482 -0.5264255
vn 0.8425621 -0.09442373 0.5302578
vn -0.851788 0.0877016 -0.5164936
vn 0.8622671 -0.08887988 0.4985939
vn -0.8792021 0.09004637 -0.4678628
vn 0.8793445 -0.08316335 0.4688679
vn -0.9141582 0.08541451 -0.3962565
vn 0.8953072 -0.07710166 0.4387257
vn -0.9278245 0.07873917 -0.3646118
vn 0.906977 -0.07245144 0.4149017
vn -0.9298407 0.07114749 -0.3610186
vn 0.9176401 -0.06728046 0.391676
vn -0.9275776 0.06391232 -0.3681237
vn 0.9257442 -0.06262199 0.3729291
vn -0.9158999 0.04835379 -0.3984835
vn 0.8845912 -0.02084321 0.4659013
vn -0.8985984 0.03325126 -0.4375104
vn 0.6983411 0.08020444 0.7112573
vn 0.8597808 0.04175625 -0.5089532
vn -0.5915385 0.08488751 0.8017957
vn 0.8805979 0.05934596 -0.4701334
vn -0.9069525 -0.02687419 0.4203749
vn 0.884336 0.07015578 -0.4615496
vn -0.827428 -0.0388312 0.5602276
vn 0.8996816 0.08305035 -0.4285738
vn -0.8895285 -0.07539565 0.4506155
vn 0.893839 0.08900958 -0.4394647
vn -0.8825855 -0.08206303 0.4629346
vn 0.8856135 0.09400748 -0.4548092
vn -0.8709549 -0.08857252 0.4833141
vn 0.8715413 0.1009274 -0.4798223
vn -0.8582323 -0.09456291 0.5044752
vn 0.855952 0.1060036 -0.5060725
vn -0.8442826 -0.1002851 0.5264312
vn 0.8309613 0.1143225 -0.5444573
vn -0.8274937 -0.1062431 0.5513317
vn 0.8042547 0.1215032 -0.5817315
vn -0.8064458 -0.1124453 0.5805181
vn 0.7965932 0.1221682 -0.5920422
vn -0.7849926 -0.1182533 0.6081142
vn 0.7606459 0.1254518 -0.6369298
vn -0.7645444 -0.1239153 0.6325479
vn 0.7303036 0.1274026 -0.6711372
vn -0.7361066 -0.1302222 0.6642207
vn 0.7151314 0.1359301 -0.6856458
vn -0.7082918 -0.1353941 0.692814
vn 0.663576 0.1359282 -0.7356564
vn -0.6785665 -0.1400588 0.7210624
vn 0.6254941 0.135261 -0.768415
vn -0.6499301 -0.1449495 0.7460433
vn 0.6169307 0.1431859 -0.7738826
vn -0.6183711 -0.1494356 0.7715479
vn 0.5896184 0.1446745 -0.7946191
vn -0.5891846 -0.152827 0.7934138
vn 0.5662852 0.1470099 -0.8109927
vn -0.5596339 -0.1553646 0.8140466
vn 0.5465069 0.1565539 -0.8226913
vn -0.5257832 -0.1573506 0.8359383
vn 0.5032317 0.165639 -0.8481283
vn -0.4947361 -0.160279 0.8541351
vn 0.4680343 0.1699239 -0.8672196
vn -0.4626735 -0.1622876 0.8715481
vn 0.4245836 0.1644758 -0.8903237
vn -0.4319793 -0.1653554 0.8865954
vn 0.3836641 0.1640575 -0.9087833
vn -0.3994491 -0.1684257 0.901151
vn 0.3522417 0.1676747 -0.9207665
vn -0.3596246 -0.1715415 0.9171934
vn 0.3088936 0.1672139 -0.9362822
vn -0.3143014 -0.1739304 0.9332539
vn 0.2817159 0.1709794 -0.944141
vn -0.2683722 -0.1746038 0.9473594
vn 0.2410248 0.1729098 -0.9549918
vn -0.225451 -0.1733745 0.9587039
vn 0.1958127 0.1739264 -0.9650943
vn -0.1837997 -0.1707986 0.9680111
vn 0.1783089 0.1789575 -0.9675641
vn -0.1460243 -0.1678271 0.9749416
vn 0.1565879 0.1830736 -0.9705484
vn -0.1120777 -0.1642319 0.9800339
vn 0.1079326 0.1793771 -0.9778418
vn -0.0813247 -0.1607185 0.9836441
vn 0.07429513 0.1756874 -0.9816385
vn -0.05446699 -0.1584224 0.985868
vn 0.03938886 0.174981 -0.9837836
vn -0.02769937 -0.1570775 0.9871978
vn 0.002770191 0.1783899 -0.983956
vn -0.00220864 -0.1565344 0.9876699
vn -0.01993546 0.1819047 -0.9831141
vn 0.02340708 -0.1561176 0.9874611
vn -0.06222949 0.1782047 -0.9820237
vn 0.04967283 -0.1559467 0.9865158
vn -0.1020349 0.1703008 -0.9800951
vn 0.07640458 -0.1574957 0.9845595
vn -0.1460765 0.1625536 -0.9758268
vn 0.107901 -0.1601472 0.981178
vn -0.1851769 0.1619268 -0.9692725
vn 0.1427615 -0.1632328 0.976204
vn -0.2023729 0.1630785 -0.9656348
vn 0.1823398 -0.1660314 0.969116
vn -0.2393221 0.1643574 -0.9569282
vn 0.2251178 -0.1685235 0.9596466
vn -0.2772204 0.1652605 -0.946487
vn 0.2660694 -0.1707706 0.9487067
vn -0.3214262 0.1650398 -0.9324415
vn 0.3105035 -0.170754 0.93511
vn -0.3611982 0.1661916 -0.9175599
vn 0.3567041 -0.1688192 0.9188375
vn -0.3861082 0.1628047 -0.9079731
vn 0.4003006 -0.1652853 0.9013546
vn -0.4336768 0.1582704 -0.8870597
vn 0.4393069 -0.1607231 0.8838425
vn -0.4844541 0.1553177 -0.8609186
vn 0.4714539 -0.1574882 0.8677146
vn -0.4976423 0.1496495 -0.8543754
vn 0.5004213 -0.1551175 0.8517729
vn -0.5216565 0.1448315 -0.8407724
vn 0.5307776 -0.1526304 0.833654
vn -0.5755701 0.1440057 -0.8049729
vn 0.5632085 -0.1496812 0.8126449
vn -0.5974075 0.1421573 -0.7892373
vn 0.594707 -0.146801 0.7904259
vn -0.6101156 0.1378412 -0.7802299
vn 0.6264539 -0.1430214 0.7662248
vn -0.6341197 0.1390441 -0.7606305
vn 0.6587349 -0.1384373 0.7395292
vn -0.6897211 0.1370198 -0.7109926
vn 0.6908884 -0.133842 0.7104643
vn -0.7228087 0.1215127 -0.680281
vn 0.7211708 -0.1287053 0.6806964
vn -0.7560211 0.1109555 -0.6450745
vn 0.7478205 -0.1241069 0.6521978
vn -0.7844414 0.107862 -0.6107516
vn 0.7741832 -0.1187553 0.6217214
vn -0.797106 0.1096263 -0.5938046
vn 0.7966469 -0.1135095 0.5936913
vn -0.8221782 0.1050205 -0.5594585
vn 0.8193569 -0.1080952 0.5630008
vn -0.8423628 0.1007611 -0.5294073
vn 0.8407912 -0.1021071 0.5316429
vn -0.862622 0.1051936 -0.4947903
vn 0.8581194 -0.09678676 0.5042452
vn -0.8813357 0.1121926 -0.4589774
vn 0.8698293 -0.09368431 0.4843762
vn -0.8987709 0.1067238 -0.4252304
vn 0.8836823 -0.08876635 0.4595937
vn -0.9112626 0.09802951 -0.3999883
vn 0.8953058 -0.08302727 0.4376461
vn -0.9069542 0.08088103 -0.4133914
vn 0.8665743 -0.04953498 0.4965836
vn -0.9147348 0.06562816 -0.3986894
vn 0.9180773 -0.03680168 0.3946894
vn -0.8876557 0.04670808 -0.4581327
vn 0.6537141 0.106933 0.7491484
vn 0.8694009 0.0476085 -0.4918084
vn -0.6131985 0.08531368 0.7853084
vn 0.8922004 0.05039678 -0.4488188
vn -0.878249 -0.001859258 0.4781999
vn 0.8774226 0.06438968 -0.4753771
vn -0.775434 -0.04617163 0.6297382
vn 0.8516906 0.09208586 -0.5158907
vn -0.8611315 -0.08969058 0.500408
vn 0.8612783 0.1135716 -0.4952789
vn -0.8528823 -0.09678882 0.5130533
vn 0.8528808 0.1192835 -0.508297
vn -0.8411523 -0.1024804 0.5309997
vn 0.8394215 0.1241019 -0.529122
vn -0.8277334 -0.1083393 0.5505635
vn 0.807517 0.1302123 -0.5752921
vn -0.8074092 -0.1165139 0.5783727
vn 0.8023487 0.1301217 -0.5824989
vn -0.7885558 -0.1241807 0.6022946
vn 0.7783926 0.1343047 -0.613243
vn -0.7673736 -0.1300374 0.6278759
vn 0.7519811 0.1387246 -0.6444221
vn -0.7464122 -0.1360695 0.6514245
vn 0.7270496 0.1376038 -0.6726544
vn -0.7238598 -0.1415237 0.6752763
vn 0.6970806 0.1372073 -0.703742
vn -0.7020679 -0.1448013 0.6972325
vn 0.6740433 0.1470891 -0.7238995
vn -0.6749653 -0.1501898 0.7224022
vn 0.6248609 0.1485106 -0.7664812
vn -0.6460982 -0.1547972 0.7473922
vn 0.6069236 0.1517249 -0.780143
vn -0.6157778 -0.1588223 0.7717468
vn 0.5908049 0.1574153 -0.7913091
vn -0.584991 -0.1626889 0.7945551
vn 0.5538326 0.1619491 -0.8167263
vn -0.5577859 -0.1669616 0.8130183
vn 0.5306233 0.1701737 -0.8303492
vn -0.5246564 -0.1703414 0.834098
vn 0.5030789 0.1733997 -0.8466665
vn -0.4975824 -0.1711622 0.8503619
vn 0.4695809 0.1780874 -0.8647419
vn -0.4673114 -0.1744763 0.8667053
vn 0.4379078 0.1833188 -0.8801311
vn -0.4329706 -0.1775146 0.8837562
vn 0.3975206 0.1810554 -0.8995534
vn -0.4012059 -0.1801454 0.8980988
vn 0.356999 0.1791443 -0.9167656
vn -0.3623861 -0.1830894 0.913868
vn 0.3230999 0.1806044 -0.9289717
vn -0.3200771 -0.1855156 0.9290504
vn 0.2772125 0.1799256 -0.9438114
vn -0.2772657 -0.1865914 0.9425007
vn 0.2513425 0.180795 -0.9508628
vn -0.2382827 -0.1861563 0.9531879
vn 0.2036446 0.1792994 -0.9624866
vn -0.1993446 -0.1845294 0.9623984
vn 0.1729054 0.1820997 -0.9679585
vn -0.1616467 -0.1820042 0.96992
vn 0.1564762 0.1835506 -0.9704764
vn -0.1284039 -0.1792126 0.9753949
vn 0.1222795 0.1871448 -0.974692
vn -0.09681163 -0.1762693 0.9795697
vn 0.08375868 0.1860206 -0.9789693
vn -0.06686155 -0.1738489 0.9824999
vn 0.05362207 0.1843521 -0.9813964
vn -0.03900888 -0.1723776 0.9842583
vn -0.001816489 0.1900771 -0.9817675
vn -0.009700815 -0.1720816 0.9850349
vn -0.01389084 0.1925267 -0.9811934
vn 0.01918094 -0.1706268 0.985149
vn -0.04188557 0.1889499 -0.981093
vn 0.04629555 -0.171058 0.9841727
vn -0.0892907 0.1844997 -0.9787681
vn 0.07548215 -0.1720406 0.9821937
vn -0.1228519 0.1850763 -0.975015
vn 0.1073575 -0.173627 0.9789424
vn -0.169733 0.1783797 -0.9692117
vn 0.1422597 -0.1757695 0.9740981
vn -0.1945125 0.1751023 -0.9651445
vn 0.1787844 -0.1780924 0.9676359
vn -0.2310159 0.1749557 -0.9570904
vn 0.2195018 -0.1793098 0.9589927
vn -0.2757263 0.1745117 -0.9452623
vn 0.2606222 -0.1799695 0.9485184
vn -0.3138411 0.1774388 -0.9327481
vn 0.2988831 -0.1805911 0.9370463
vn -0.3532086 0.1753464 -0.9189654
vn 0.3412319 -0.1790584 0.922767
vn -0.3737464 0.1717634 -0.9114884
vn 0.3840834 -0.1761401 0.9063414
vn -0.4141878 0.1702906 -0.8941195
vn 0.4214729 -0.173035 0.8901795
vn -0.4668941 0.1701229 -0.867795
vn 0.4566495 -0.1693732 0.8733749
vn -0.4962901 0.1732542 -0.8506933
vn 0.4885503 -0.1666274 0.8564776
vn -0.5005459 0.1754566 -0.8477433
vn 0.5162612 -0.1636312 0.8406541
vn -0.547451 0.1763163 -0.8180526
vn 0.543509 -0.161948 0.8236327
vn -0.5769578 0.1640452 -0.8001306
vn 0.5756601 -0.1582572 0.8022282
vn -0.5979595 0.1511335 -0.7871488
vn 0.6066908 -0.1546536 0.779749
vn -0.6276758 0.1505137 -0.7637857
vn 0.6383584 -0.1507074 0.7548416
vn -0.6650733 0.1528013 -0.7309783
vn 0.6702494 -0.1460687 0.7276192
vn -0.6919614 0.1535407 -0.7054181
vn 0.6998954 -0.1411123 0.700167
vn -0.7173966 0.1460011 -0.6811945
vn 0.7281719 -0.1361699 0.6717318
vn -0.7584903 0.1381852 -0.6368651
vn 0.7519693 -0.1320191 0.645843
vn -0.7809883 0.1288455 -0.6111105
vn 0.774732 -0.126335 0.61954
vn -0.8005198 0.1216091 -0.5868384
vn 0.7974424 -0.1203542 0.5912703
vn -0.8332096 0.1234937 -0.5389908
vn 0.8183118 -0.1138701 0.563382
vn -0.8586728 0.1258739 -0.4968267
vn 0.838995 -0.1067941 0.5335562
vn -0.866404 0.1266339 -0.4830196
vn 0.8531637 -0.1015013 0.5116729
vn -0.873978 0.1181196 -0.4713919
vn 0.8315027 -0.07393269 0.550579
vn -0.8953275 0.108775 -0.431922
vn 0.8814774 -0.05731482 0.468735
vn -0.8971534 0.1066141 -0.4286596
vn 0.8875566 -0.04986941 0.4579915
vn -0.8757853 0.08467448 -0.4752161
vn 0.6710911 0.09202193 0.7356418
vn 0.7791682 0.04031306 -0.6255173
vn -0.1852343 0.260974 0.9474074
vn 0.7757865 0.05673068 -0.6284401
vn -0.8482676 -0.02260093 0.5290854
vn 0.8329353 0.08664479 -0.546545
vn -0.8484025 -0.04252608 0.5276407
vn 0.8532591 0.09657243 -0.5124673
vn -0.8397167 -0.04529982 0.541132
vn 0.8178506 0.1089419 -0.5650238
vn -0.7493649 -0.08100099 0.6571841
vn 0.8160886 0.1306427 -0.562967
vn -0.8101266 -0.1137677 0.5751103
vn 0.8081558 0.1368644 -0.5728458
vn -0.7919574 -0.1191306 0.5988417
vn 0.795272 0.1396497 -0.5899494
vn -0.7814093 -0.1244931 0.6114745
vn 0.7763119 0.149229 -0.61243
vn -0.7636322 -0.1308261 0.6322582
vn 0.7472752 0.1579726 -0.6454645
vn -0.7391993 -0.1381406 0.6591673
vn 0.7388644 0.1568067 -0.6553558
vn -0.718471 -0.1448972 0.6802971
vn 0.6931866 0.1538293 -0.7041512
vn -0.6943564 -0.1505898 0.7036986
vn 0.6666438 0.1582267 -0.728389
vn -0.6684615 -0.1561477 0.7271707
vn 0.6352857 0.1573688 -0.7560734
vn -0.641031 -0.1624745 0.7501209
vn 0.5949799 0.1556226 -0.7885306
vn -0.6120508 -0.1674135 0.7728949
vn 0.5807408 0.1625458 -0.7976961
vn -0.5812697 -0.1714909 0.7954347
vn 0.5461651 0.1711318 -0.8200107
vn -0.5536463 -0.1748046 0.8141984
vn 0.5178178 0.1773015 -0.8369163
vn -0.5220517 -0.1783653 0.8340551
vn 0.4929039 0.1813927 -0.8509656
vn -0.4871348 -0.1816541 0.8542256
vn 0.4518018 0.1831927 -0.8731068
vn -0.447301 -0.1873125 0.8745489
vn 0.4247549 0.1865995 -0.8858691
vn -0.4170133 -0.1917604 0.8884411
vn 0.3820165 0.1909519 -0.9042128
vn -0.3827364 -0.1964906 0.9027206
vn 0.3416178 0.1959192 -0.9191915
vn -0.3453883 -0.2002302 0.9168504
vn 0.3104947 0.1962998 -0.9300858
vn -0.3050075 -0.2020891 0.9306613
vn 0.2787997 0.1915958 -0.941043
vn -0.2672386 -0.2023913 0.9421365
vn 0.2387688 0.1929542 -0.9517133
vn -0.2302267 -0.2016009 0.9520255
vn 0.1866817 0.1972121 -0.9624227
vn -0.1929962 -0.200805 0.9604322
vn 0.1667627 0.1982339 -0.9658641
vn -0.1583571 -0.1992305 0.9670731
vn 0.1511981 0.1953574 -0.9690071
vn -0.1260554 -0.1972114 0.972223
vn 0.1053477 0.1993363 -0.974252
vn -0.09442522 -0.1954345 0.9761604
vn 0.08536435 0.2030135 -0.9754478
vn -0.0648497 -0.1936062 0.9789338
vn 0.03452516 0.204502 -0.9782571
vn -0.03626202 -0.192335 0.9806591
vn -0.01292118 0.2049109 -0.9786953
vn -0.01146866 -0.1947952 0.9807769
vn -0.0159086 0.2020136 -0.9792535
vn 0.01530927 -0.1915408 0.9813651
vn -0.02874351 0.203965 -0.9785562
vn 0.04415611 -0.1918575 0.9804289
vn -0.07048171 0.2016237 -0.9769238
vn 0.07299761 -0.1928589 0.9785074
vn -0.1139033 0.1964736 -0.9738707
vn 0.1038085 -0.1935293 0.9755871
vn -0.1519213 0.1963682 -0.9686895
vn 0.1384565 -0.1941248 0.9711568
vn -0.1927556 0.1958137 -0.9615104
vn 0.1745876 -0.1947132 0.9651974
vn -0.2222268 0.198093 -0.9546593
vn 0.2115781 -0.1950525 0.9576999
vn -0.2654867 0.1965051 -0.9438763
vn 0.2516704 -0.1940251 0.9481646
vn -0.3010875 0.1933437 -0.9337904
vn 0.2896527 -0.1925722 0.9375592
vn -0.3378905 0.1892564 -0.921961
vn 0.3283266 -0.1914466 0.9249594
vn -0.3594361 0.1866628 -0.9143099
vn 0.3681062 -0.1889345 0.9103853
vn -0.3969896 0.1831211 -0.8993698
vn 0.4067847 -0.1849608 0.8946037
vn -0.4555942 0.1797813 -0.8718444
vn 0.4406209 -0.1813056 0.8791937
vn -0.4981592 0.1743876 -0.8493682
vn 0.4753303 -0.1775322 0.8617096
vn -0.5160821 0.176122 -0.8382363
vn 0.5100818 -0.1728447 0.8425801
vn -0.53711 0.1708813 -0.826022
vn 0.5437518 -0.1701673 0.8218132
vn -0.547425 0.1621168 -0.8210018
vn 0.5747723 -0.1667829 0.8011368
vn -0.5931987 0.1608436 -0.7888248
vn 0.6059049 -0.1627255 0.7787167
vn -0.6362398 0.1589024 -0.7549496
vn 0.6361901 -0.1574449 0.7552969
vn -0.6758426 0.1570023 -0.72013
vn 0.6681437 -0.1517828 0.7283859
vn -0.6928333 0.1531258 -0.7046521
vn 0.696625 -0.1457756 0.7024693
vn -0.7247643 0.1522679 -0.6719607
vn 0.7265123 -0.1388207 0.6729849
vn -0.7537265 0.1532292 -0.6390753
vn 0.7487265 -0.1332068 0.6493572
vn -0.7715557 0.1489983 -0.6184669
vn 0.7712919 -0.1271663 0.6236486
vn -0.807559 0.1515608 -0.5699805
vn 0.7921622 -0.1214437 0.5981058
vn -0.8214388 0.1497465 -0.5502856
vn 0.8057656 -0.1168627 0.58059
vn -0.8455651 0.1326811 -0.5171221
vn 0.7718394 -0.07751854 0.6310743
vn -0.8638219 0.1273899 -0.4874255
vn 0.8424476 -0.06600726 0.5347197
vn -0.8510694 0.1202047 -0.5111084
vn 0.6853467 0.02769842 0.7276899
vn 0.7346115 0.06844849 -0.6750265
vn -0.1221694 0.334762 0.9343495
vn 0.7824529 0.1025086 -0.6142145
vn -0.8038333 -0.06744725 0.5910186
vn 0.7951821 0.1233432 -0.5936933
vn -0.7925305 -0.06560296 0.6062932
vn 0.7884322 0.1298226 -0.6012659
vn -0.7804364 -0.06384019 0.6219675
vn 0.7545895 0.1397465 -0.641144
vn -0.6878502 -0.08232354 0.7211691
vn 0.7461074 0.1558492 -0.6473289
vn -0.7435946 -0.1316679 0.6555384
vn 0.7426725 0.1545744 -0.6515707
vn -0.7203187 -0.1370605 0.6799672
vn 0.7405047 0.1648892 -0.6515093
vn -0.7084901 -0.1445284 0.6907629
vn 0.7033285 0.1688157 -0.690529
vn -0.6861497 -0.1510236 0.7116113
vn 0.6627461 0.1679856 -0.729759
vn -0.6627195 -0.1570226 0.7322204
vn 0.653561 0.1673966 -0.7381305
vn -0.6373109 -0.1628951 0.7531933
vn 0.6104169 0.1693884 -0.7737564
vn -0.6130938 -0.1689439 0.7717345
vn 0.5767698 0.1723467 -0.7985194
vn -0.5843666 -0.1743405 0.7925408
vn 0.5424137 0.1777506 -0.8210921
vn -0.5555777 -0.1791158 0.8119426
vn 0.5107481 0.1850268 -0.839584
vn -0.5260512 -0.1846658 0.8301618
vn 0.5016754 0.1899929 -0.8439339
vn -0.494326 -0.1897476 0.8483146
vn 0.474661 0.1910271 -0.859189
vn -0.4586748 -0.1939816 0.8671728
vn 0.4313274 0.1914075 -0.8816574
vn -0.4236703 -0.1983021 0.8838438
vn 0.4010414 0.1949119 -0.8950838
vn -0.3918832 -0.2025882 0.8974329
vn 0.3491426 0.1995285 -0.9155805
vn -0.3571941 -0.207018 0.9107996
vn 0.3315139 0.2034216 -0.921259
vn -0.3235078 -0.2101977 0.9225831
vn 0.3018168 0.2048177 -0.9311049
vn -0.2866788 -0.2119199 0.934294
vn 0.2559744 0.2067873 -0.9443072
vn -0.2526833 -0.2130053 0.9438114
vn 0.2081473 0.2106066 -0.9551542
vn -0.2170436 -0.2127096 0.952705
vn 0.1774227 0.2092692 -0.9616277
vn -0.1815962 -0.211714 0.9603125
vn 0.1682667 0.2088055 -0.9633725
vn -0.1486405 -0.2113519 0.9660416
vn 0.1194933 0.2122375 -0.9698849
vn -0.1160949 -0.2111195 0.9705414
vn 0.07773214 0.21505 -0.9735046
vn -0.08581161 -0.2106283 0.9737927
vn 0.07255524 0.2213955 -0.9724812
vn -0.05738807 -0.209181 0.9761915
vn 0.03098549 0.2178607 -0.9754879
vn -0.03021592 -0.2095987 0.9773205
vn -0.001576995 0.2096094 -0.9777839
vn -0.002620219 -0.2087065 0.9779748
vn -0.02849009 0.210021 -0.9772817
vn 0.02809001 -0.2073931 0.9778543
vn -0.04595642 0.2155501 -0.9754108
vn 0.05937622 -0.2072107 0.9764928
vn -0.0827092 0.2167078 -0.9727266
vn 0.08831446 -0.2076369 0.9742113
vn -0.1282723 0.2143034 -0.968308
vn 0.1208322 -0.2077275 0.970695
vn -0.1724087 0.2132601 -0.9616629
vn 0.1550265 -0.2075542 0.9658613
vn -0.2042867 0.2120153 -0.955676
vn 0.190257 -0.2066558 0.9597373
vn -0.2342451 0.2081974 -0.9496227
vn 0.2263068 -0.2056616 0.9520969
vn -0.2708052 0.2035514 -0.9408674
vn 0.2644722 -0.2043783 0.9424881
vn -0.3084005 0.1978504 -0.9304538
vn 0.3022882 -0.2025645 0.9314448
vn -0.34861 0.1962166 -0.9164989
vn 0.3396887 -0.200143 0.9189964
vn -0.3671195 0.1989636 -0.9086456
vn 0.3766807 -0.1968586 0.9051842
vn -0.409853 0.1959168 -0.8908631
vn 0.4122725 -0.1925327 0.8904845
vn -0.457081 0.1876079 -0.8694137
vn 0.4479616 -0.1877992 0.8741063
vn -0.4865558 0.1777562 -0.8553748
vn 0.4803493 -0.1833113 0.8577071
vn -0.517918 0.1676305 -0.8388451
vn 0.5116083 -0.1783703 0.8405005
vn -0.5422236 0.1669413 -0.823483
vn 0.5430269 -0.1737703 0.8215386
vn -0.5642913 0.1748832 -0.8068402
vn 0.5724915 -0.1693836 0.8022235
vn -0.5965947 0.176824 -0.7828206
vn 0.6015967 -0.1640236 0.7817786
vn -0.6289657 0.1686385 -0.7589223
vn 0.6319918 -0.1584759 0.7585984
vn -0.6736044 0.1612838 -0.7212799
vn 0.6612739 -0.1529179 0.7343929
vn -0.6821519 0.1634859 -0.7127
vn 0.6822526 -0.1477624 0.7160292
vn -0.7118611 0.159782 -0.6839032
vn 0.7061554 -0.1422134 0.6936281
vn -0.7438716 0.1559441 -0.649874
vn 0.729462 -0.1339874 0.6707702
vn -0.7602206 0.1449415 -0.6332902
vn 0.6838825 -0.09807876 0.7229698
vn -0.7980187 0.1469819 -0.5844334
vn 0.7780275 -0.06901122 0.6244282
vn -0.8029959 0.1419026 -0.5788447
vn 0.7940472 -0.06601534 0.6042607
vn -0.7916311 0.1233836 -0.5984118
vn 0.5712851 0.0871379 0.816113
vn 0.7071142 0.1055074 -0.6991835
vn -0.3096021 0.2002676 0.9295372
vn 0.7346855 0.1306005 -0.665718
vn -0.7293368 -0.06903203 0.6806633
vn 0.7294482 0.1304716 -0.6714778
vn -0.7121263 -0.04511342 0.7006004
vn 0.7247965 0.1378133 -0.6750389
vn -0.7028018 -0.06791872 0.708136
vn 0.6902778 0.1536567 -0.7070404
vn -0.5867175 -0.1028197 0.8032376
vn 0.6681535 0.1669872 -0.7250422
vn -0.6550518 -0.1443318 0.7416708
vn 0.6552711 0.173239 -0.7352605
vn -0.6352838 -0.1529412 0.756983
vn 0.6167717 0.1828995 -0.7655981
vn -0.6119677 -0.1590926 0.7747161
vn 0.5807804 0.1872856 -0.7922236
vn -0.5877563 -0.1657329 0.7918807
vn 0.5514049 0.1874214 -0.812912
vn -0.5539306 -0.1734077 0.8143038
vn 0.5087069 0.1896529 -0.8397912
vn -0.5245115 -0.1812438 0.8318885
vn 0.4976582 0.190913 -0.8461019
vn -0.4945524 -0.1868274 0.8488306
vn 0.4816075 0.1945378 -0.8545229
vn -0.4641924 -0.1921755 0.8646352
vn 0.4420701 0.2005001 -0.8742846
vn -0.428546 -0.1964675 0.8819007
vn 0.4053948 0.2066954 -0.8904673
vn -0.3983162 -0.1996516 0.895256
vn 0.3709371 0.2077834 -0.9051142
vn -0.3637544 -0.2025369 0.9092094
vn 0.3211596 0.2052549 -0.9245144
vn -0.3328651 -0.2054024 0.9203318
vn 0.3053802 0.2133847 -0.9280139
vn -0.2985651 -0.2071844 0.9316295
vn 0.271748 0.2189139 -0.9371392
vn -0.2637713 -0.2083558 0.9418134
vn 0.2245161 0.2183215 -0.949699
vn -0.2306018 -0.2097477 0.950173
vn 0.1930208 0.2166678 -0.9569734
vn -0.20102 -0.2102376 0.9567608
vn 0.1715141 0.2161171 -0.9611849
vn -0.1658191 -0.2091728 0.9637172
vn 0.1329151 0.2234865 -0.965602
vn -0.1289686 -0.2093924 0.9692894
vn 0.09221539 0.2235152 -0.9703285
vn -0.09574029 -0.2098997 0.9730241
vn 0.06721721 0.2183719 -0.9735479
vn -0.06050123 -0.2100623 0.9758143
vn 0.03689775 0.2171694 -0.9754363
vn -0.0281068 -0.2080321 0.9777181
vn -0.009486601 0.2167692 -0.9761769
vn 0.004418438 -0.2080548 0.9781072
vn -0.04687929 0.2191788 -0.9745579
vn 0.03964809 -0.2090162 0.9771082
vn -0.07135028 0.2230975 -0.9721814
vn 0.07384471 -0.2091391 0.9750937
vn -0.101991 0.2251611 -0.9689688
vn 0.1052269 -0.2091502 0.9722055
vn -0.1478322 0.2212066 -0.963957
vn 0.1395136 -0.2085406 0.9680117
vn -0.1836911 0.2158713 -0.9589875
vn 0.1743028 -0.2078509 0.9625053
vn -0.2155417 0.2137429 -0.9528147
vn 0.2114669 -0.2073541 0.9551367
vn -0.2461654 0.211772 -0.9458093
vn 0.2490212 -0.2064846 0.9462306
vn -0.2823831 0.2090143 -0.9362547
vn 0.2841735 -0.2050146 0.9365972
vn -0.3266313 0.2027023 -0.9231597
vn 0.3206584 -0.2023913 0.9253195
vn -0.3665289 0.1976106 -0.9091791
vn 0.3558376 -0.1993553 0.9130373
vn -0.3850002 0.1996354 -0.9010663
vn 0.3901312 -0.1955814 0.8997474
vn -0.4336211 0.2006469 -0.8784723
vn 0.4230475 -0.1906264 0.8858286
vn -0.4634674 0.2001732 -0.8632083
vn 0.4579256 -0.1847569 0.8695798
vn -0.4826679 0.1954004 -0.8537273
vn 0.4881859 -0.1795654 0.8540671
vn -0.5272735 0.1863381 -0.8290119
vn 0.5206108 -0.1736392 0.8359509
vn -0.5580142 0.1814016 -0.8097615
vn 0.5519502 -0.1672768 0.8169268
vn -0.5851823 0.1796889 -0.7907423
vn 0.5811285 -0.1612278 0.7976812
vn -0.6017184 0.1814184 -0.7778319
vn 0.6082518 -0.1556431 0.7783347
vn -0.6341199 0.175027 -0.753165
vn 0.6340589 -0.1464772 0.759285
vn -0.6770006 0.1567719 -0.7190915
vn 0.5881407 -0.1029377 0.8021809
vn -0.69124 0.1552922 -0.7057418
vn 0.6877983 -0.07261077 0.7222612
vn -0.7295142 0.1577159 -0.6655334
vn 0.7085671 -0.07397793 0.7017549
vn -0.713148 0.1433159 -0.6862073
vn 0.7222574 -0.05949228 0.6890608
vn -0.708219 0.126157 -0.6946297
vn 0.4344185 0.1252285 0.8919632
vn 0.6311096 0.1363533 -0.7636153
vn -0.2750493 0.2445521 0.9298077
vn 0.6356664 0.1647778 -0.7541727
vn -0.6404266 -0.06778939 0.7650218
vn 0.6375964 0.1654973 -0.7523839
vn -0.632179 -0.07984218 0.7706977
vn 0.6162615 0.1717043 -0.7685958
vn -0.6139066 -0.07562549 0.7857478
vn 0.5981689 0.17222 -0.7826457
vn -0.5957868 -0.07726488 0.7994174
vn 0.5855922 0.1675518 -0.7931002
vn -0.5720437 -0.07849159 0.8164589
vn 0.5361651 0.168225 -0.8271804
vn -0.4317667 -0.1018667 0.8962147
vn 0.5093976 0.1821168 -0.8410396
vn -0.5167549 -0.1534831 0.8422633
vn 0.4960492 0.1857018 -0.848204
vn -0.4889431 -0.1631499 0.8569228
vn 0.4764931 0.1894654 -0.8585203
vn -0.4605341 -0.1700264 0.8712057
vn 0.4335435 0.1993942 -0.8787958
vn -0.4288531 -0.175644 0.8861344
vn 0.3959695 0.2080605 -0.8943819
vn -0.3985672 -0.1807633 0.8991489
vn 0.3834836 0.2113134 -0.8990478
vn -0.3655783 -0.1854668 0.9121155
vn 0.3365838 0.2095206 -0.9180483
vn -0.3332026 -0.1896331 0.9235883
vn 0.2918201 0.2104735 -0.9330283
vn -0.3026647 -0.1934763 0.9332529
vn 0.2684543 0.2168353 -0.9385705
vn -0.2677114 -0.1965159 0.9432455
vn 0.2284647 0.2218334 -0.9479419
vn -0.2320117 -0.1981523 0.9523163
vn 0.1926764 0.2238773 -0.955382
vn -0.195491 -0.2014618 0.9597897
vn 0.1448426 0.2259247 -0.9633165
vn -0.1528317 -0.2012574 0.9675422
vn 0.1105651 0.229043 -0.9671168
vn -0.115593 -0.2011485 0.9727165
vn 0.09549364 0.2280264 -0.9689608
vn -0.08412348 -0.2006559 0.9760433
vn 0.06358775 0.2229977 -0.9727429
vn -0.0525004 -0.2006756 0.97825
vn 0.01839219 0.2271185 -0.9736934
vn -0.01906128 -0.2006101 0.9794857
vn -0.02374373 0.2311946 -0.9726178
vn 0.0184078 -0.2011584 0.9793859
vn -0.05179313 0.2261683 -0.9727104
vn 0.05075813 -0.2015705 0.9781579
vn -0.08259279 0.2238698 -0.9711131
vn 0.08365681 -0.2013226 0.975946
vn -0.1113161 0.2223842 -0.9685835
vn 0.1167891 -0.2012375 0.9725552
vn -0.1537518 0.2207066 -0.9631454
vn 0.1530435 -0.2005437 0.9676569
vn -0.1920902 0.215556 -0.9574116
vn 0.1927719 -0.1993079 0.960789
vn -0.2357569 0.2122716 -0.9483456
vn 0.2304513 -0.1972083 0.9528909
vn -0.2659772 0.214268 -0.9398645
vn 0.2661364 -0.1942087 0.9441686
vn -0.2909363 0.2120255 -0.9329529
vn 0.3001037 -0.1902325 0.9347456
vn -0.3358903 0.2024143 -0.9198946
vn 0.3346986 -0.1854963 0.9238874
vn -0.379795 0.194494 -0.9043936
vn 0.3686528 -0.1798829 0.9119963
vn -0.4193148 0.1947458 -0.8867069
vn 0.4005094 -0.1743336 0.8995555
vn -0.4523814 0.1920032 -0.870911
vn 0.4335684 -0.1685708 0.8852132
vn -0.4660018 0.1878263 -0.8646176
vn 0.4654807 -0.1618714 0.8701296
vn -0.4964978 0.1879233 -0.8474519
vn 0.4337924 -0.1203047 0.8929451
vn -0.5348608 0.1887093 -0.8235974
vn 0.5309535 -0.09582834 0.8419652
vn -0.5635464 0.1886421 -0.8042572
vn 0.5578182 -0.09810945 0.8241441
vn -0.5979333 0.2004675 -0.7760725
vn 0.5846804 -0.104423 0.8045151
vn -0.6064434 0.2081306 -0.7674035
vn 0.6064522 -0.1088538 0.7876335
vn -0.5939369 0.2011689 -0.7789546
vn 0.6163782 -0.1119129 0.7794572
vn -0.6146816 0.1782533 -0.7683698
vn 0.3342797 0.2061893 0.9196429
vn 0.491122 0.1744424 -0.8534454
vn -0.2597219 0.1672164 0.9510958
vn 0.4892519 0.1919105 -0.8507661
vn -0.5027102 -0.09040119 0.8597151
vn 0.4919275 0.1918929 -0.8492257
vn -0.4832449 -0.08634941 0.8712165
vn 0.4709244 0.1848382 -0.862592
vn -0.456867 -0.07902821 0.8860175
vn 0.4219802 0.1795692 -0.8886437
vn -0.4285589 -0.07717345 0.9002119
vn 0.3876138 0.1799189 -0.9040933
vn -0.3364727 -0.08485886 0.937862
vn 0.3791961 0.1887891 -0.9058526
vn -0.3627552 -0.1367288 0.9217992
vn 0.3487734 0.198137 -0.9160233
vn -0.3306572 -0.1429462 0.9328624
vn 0.2916909 0.2034075 -0.9346346
vn -0.3009596 -0.148256 0.9420422
vn 0.2586065 0.2067778 -0.9435918
vn -0.2665313 -0.1524154 0.9516988
vn 0.2260955 0.2128716 -0.9505611
vn -0.2326722 -0.1584025 0.9595689
vn 0.1876279 0.2164423 -0.9580963
vn -0.1968991 -0.1617043 0.9669966
vn 0.1606818 0.2193006 -0.962335
vn -0.1628888 -0.1639007 0.9729357
vn 0.1132425 0.2162672 -0.9697446
vn -0.1260365 -0.1641699 0.978347
vn 0.09983827 0.2186951 -0.9706724
vn -0.09346835 -0.1641438 0.9819982
vn 0.07708675 0.2229429 -0.9717788
vn -0.05889928 -0.1651235 0.9845126
vn 0.01471475 0.2285774 -0.9734145
vn -0.02944101 -0.1671058 0.9854993
vn -0.0137049 0.2335518 -0.9722478
vn 0.004627875 -0.1663561 0.986055
vn -0.02733503 0.2303187 -0.9727312
vn 0.03904466 -0.1649577 0.9855275
vn -0.06399053 0.2244994 -0.972371
vn 0.07298104 -0.1648949 0.9836074
vn -0.09671287 0.2224707 -0.9701307
vn 0.1062105 -0.1652289 0.9805197
vn -0.1352405 0.2201969 -0.9660348
vn 0.1391353 -0.1651597 0.9764035
vn -0.1683296 0.2182361 -0.961269
vn 0.1759969 -0.1634655 0.9707236
vn -0.2148982 0.21464 -0.9527583
vn 0.2137793 -0.1599336 0.963701
vn -0.2593988 0.2112093 -0.9423921
vn 0.2498847 -0.1548363 0.9558156
vn -0.2797188 0.2082541 -0.9372234
vn 0.283082 -0.1507775 0.9471699
vn -0.2957474 0.2007894 -0.9339256
vn 0.3155118 -0.1448326 0.9378037
vn -0.3488087 0.1845558 -0.9188426
vn 0.2839621 -0.0990944 0.9537012
vn -0.4044058 0.179692 -0.8967534
vn 0.3881274 -0.07630412 0.9184415
vn -0.4332927 0.1774502 -0.8836113
vn 0.4163055 -0.0796186 0.905732
vn -0.4539238 0.1792462 -0.8728253
vn 0.4453084 -0.08654028 0.8911853
vn -0.4869351 0.2030302 -0.8495133
vn 0.2904086 0.06301887 0.9548253
vn 0.356442 0.147792 -0.9225543
vn -0.1952091 0.1315689 0.9718966
vn 0.336212 0.1538695 -0.9291316
vn -0.3296784 -0.02895634 0.9436491
vn 0.297159 0.1583407 -0.9416076
vn -0.3032755 -0.02580212 0.9525536
vn 0.2540535 0.152956 -0.9550189
vn -0.2615382 -0.005556108 0.9651771
vn 0.2251991 0.1691064 -0.9595251
vn -0.2305869 -0.02008159 0.9728444
vn 0.1900356 0.1786163 -0.9653925
vn -0.1995463 -0.03182591 0.9793714
vn 0.168193 0.184831 -0.968271
vn -0.1701294 -0.03917835 0.9846426
vn 0.129376 0.1904361 -0.9731372
vn -0.1335821 -0.04528473 0.9900026
vn 0.0946594 0.194378 -0.9763487
vn -0.1026669 -0.05263108 0.9933224
vn 0.07412741 0.2017865 -0.9766204
vn -0.06717148 -0.0562719 0.9961534
vn 0.02286312 0.2100389 -0.9774257
vn -0.03357761 -0.06069371 0.9975915
vn -0.01429618 0.2094734 -0.9777098
vn -0.009558813 -0.0638566 0.9979132
vn -0.01054666 0.2049988 -0.9787054
vn 0.02236934 -0.05979984 0.9979597
vn -0.04249235 0.204039 -0.9780402
vn 0.06102716 -0.05598661 0.9965647
vn -0.08151911 0.2054777 -0.9752607
vn 0.09373578 -0.05545598 0.9940514
vn -0.1093173 0.2015658 -0.9733555
vn 0.1225614 -0.04978729 0.9912113
vn -0.1474341 0.1900607 -0.970639
vn 0.1539881 -0.03860898 0.9873182
vn -0.1837176 0.1771198 -0.9668901
vn 0.1888917 -0.02480466 0.9816846
vn -0.2392014 0.1796165 -0.9542121
vn 0.2295292 -0.04425428 0.9722952
vn -0.2640654 0.1760321 -0.9483048
vn 0.2629518 -0.04466833 0.9637743
vn -0.2692736 0.1687387 -0.9481661
vn 0.2939574 -0.05364248 0.9543121
vn -0.2905935 0.1700681 -0.9416115
vn 0.1533596 0.1111385 0.9819008
vn 0.8513908 -0.4140933 -0.3219631
vn 0.8061717 -0.5174186 -0.286993
vn 0.01562685 -0.9988971 -0.04427629
vn 0.03489766 -0.9991392 -0.02242635
vn -0.01152465 -0.9990242 -0.04263695
vn 0.05051317 -0.9986967 -0.007298691
vn 0.01962272 -0.9997043 -0.0143575
vn 0.0009219228 -0.9998326 -0.01827238
vn 0.03474858 -0.9993871 -0.004233622
vn -0.0008474351 -0.9999417 -0.01077364
vn -0.02102232 -0.9996944 -0.01300071
vn -0.0005787045 -0.999919 -0.0127172
vn 0.0229589 -0.9997268 -0.004381961
vn 0.00536349 -0.9999727 -0.005076237
vn 0.05068611 -0.9987102 -0.002969313
vn -0.04532041 -0.9989714 -0.001489882
vn -0.04893132 -0.9987999 -0.002146791
vn 0.03630289 -0.9992758 -0.01140655
vn 0.01105247 -0.9998702 -0.01172171
vn 0.01770902 -0.999738 -0.01450269
vn -0.02277914 -0.9997308 -0.004415323
vn 0.008328667 -0.9998423 -0.015682
vn 0.05170061 -0.9981343 -0.0324815
vn 0.05867525 -0.9975657 -0.03767837
vn -0.102816 -0.9943367 0.02689039
vn -0.06416661 -0.9979358 -0.0025845
vn 0.02134635 -0.9982457 -0.05522568
vn 0.01531496 -0.9983254 -0.05578236
vn -0.05931487 -0.9982095 -0.007714815
vn -0.06365705 -0.9977401 -0.02150407
vn 0.02840075 -0.9942085 -0.1036472
vn -0.09203717 -0.9957437 -0.004864394
vn -0.8581381 -0.4020199 -0.3193415
vn -0.8265263 -0.4745164 -0.3028009
vn 0.9324032 -0.3219742 -0.1641855
vn 0.9348128 -0.3253233 -0.142442
vn 0.0009305442 -0.9922383 -0.1243472
vn 0.02861927 -0.9960597 -0.08394073
vn 0.03372812 -0.9967149 -0.07363198
vn 0.05045589 -0.9981985 -0.03246464
vn 0.04114928 -0.998976 -0.01880852
vn 0.03444834 -0.9993346 -0.01197752
vn 0.04445344 -0.9989778 0.008202857
vn 0.003261996 -0.9995634 -0.02936903
vn 0.04969909 -0.9985366 0.02131821
vn -0.04435019 -0.9973263 -0.05807996
vn 0.006636455 -0.999315 -0.03640644
vn -0.07620943 -0.9958053 0.0506346
vn -0.01604342 -0.9989339 -0.0432868
vn -0.02975745 -0.9989912 -0.03363077
vn -0.03233693 -0.9986929 -0.03958362
vn -0.1177913 -0.9900404 0.07710553
vn -0.02699019 -0.9931682 -0.1135273
vn -0.06224773 -0.9969559 -0.0469479
vn -0.1418794 -0.9872298 0.07244058
vn -0.1694788 -0.9852574 0.0233387
vn 0.01475528 -0.9299762 -0.3673236
vn 0.01997175 -0.9568161 -0.2900071
vn -0.07603437 -0.9958357 -0.05029907
vn -0.3895573 -0.6473908 0.6550803
vn -0.9716613 -0.1622644 -0.1718855
vn -0.9690424 -0.1851688 -0.1633079
vn 0.974494 -0.2061291 -0.08872585
vn 0.9825518 -0.1614102 -0.09240478
vn -0.1425244 -0.8233122 -0.5494031
vn -0.1570639 -0.4943075 -0.8549801
vn 0.9074871 -0.4184206 -0.03730208
vn 0.5607049 -0.4307244 0.7071679
vn 0.2744155 -0.9589472 -0.07152711
vn 0.2751274 -0.824241 0.4949056
vn 0.1602462 -0.946257 0.2809249
vn 0.04190401 -0.9988593 0.02289407
vn 0.05562699 -0.9945098 0.08863383
vn -0.04684609 -0.9873601 -0.1514117
vn 0.01113139 -0.9992626 -0.03674891
vn -0.2184197 -0.9471796 0.234827
vn 0.08858851 -0.8821545 -0.4625534
vn -0.9715766 -0.2181954 -0.09181277
vn -0.9798729 -0.1727781 -0.0999846
vn 0.9880146 -0.1543584 -0.0007270642
vn -0.9835991 -0.1802336 -0.006968618
vn 0.9848087 -0.1736268 0.002331655
vn -0.9897907 -0.1399136 0.02717879
vn 0.9900038 -0.1177916 0.07757417
vn -0.9921561 -0.1042832 -0.06893161
vn 0.9960897 -0.08548865 -0.02229227
vn -0.9869955 -0.1251833 -0.100842
vn 0.9931043 -0.1164072 0.01390363
vn -0.991672 -0.1126617 -0.06240174
vn 0.9959872 -0.08521052 0.02736188
vn -0.9921815 -0.1189578 -0.03774767
vn 0.9989509 -0.04545342 0.005561344
vn -0.9907923 -0.1350368 0.009785869
vn 0.9957779 -0.08893391 -0.02273948
vn -0.9927175 -0.04229193 0.1127982
vn 0.9826541 -0.09901547 0.1568024
vn -0.9978249 -0.01714623 -0.0636515
vn 0.9968569 0.006105011 0.07898763
vn -0.9839395 -0.0623441 -0.1672607
vn 0.9944411 -0.01242153 -0.1045594
vn -0.9882903 -0.09274662 -0.1211625
vn 0.9975405 -0.04007296 -0.05750875
vn -0.997392 -0.07171029 0.008190232
vn 0.9991806 -0.03221788 -0.024498
vn -0.9985558 -0.05245697 0.01159755
vn 0.9989715 -0.0433223 -0.01338439
vn -0.9990579 -0.030082 0.03127622
vn 0.9995005 -0.02339775 0.02124676
vn -0.9993305 -0.02699541 0.0246944
vn 0.9997755 -0.01297538 0.01674619
vn -0.9943442 0.06612521 0.08310921
vn 0.9980404 0.008580877 0.06198284
vn -0.9864625 0.07851659 -0.1439683
vn 0.9986631 0.042167 0.02989973
vn -0.9936996 -0.01192987 -0.1114396
vn 0.9971751 0.06339168 -0.04028965
vn -0.9988023 0.04430987 0.02075292
vn 0.9916519 0.07688766 -0.1035131
vn -0.9841356 0.0971145 -0.1484783
vn 0.9905161 0.092027 -0.1020241
vn -0.9939042 0.05615788 -0.09487213
vn 0.9866915 0.1033196 -0.1255578
vn -0.9933997 0.09404787 -0.06566501
vn 0.98858 0.1335698 -0.06977484
vn -0.9808035 0.1773269 -0.08111561
vn 0.9666579 0.2144814 -0.1398935
vn -0.9566894 0.267026 -0.1159417
vn 0.9619319 0.2689235 -0.04865395
vn -0.9336377 0.335236 -0.1262434
vn 0.8895975 0.446642 -0.09553638
vn -0.9176272 0.3766943 -0.1267347
vn 0.8310155 0.543389 -0.1189195
vn -0.8626249 0.4955978 -0.1012963
vn 0.7572562 0.6477656 -0.08344364
vn -0.6959386 0.7107043 -0.1028054
vn 0.5687131 0.8194628 -0.07103641
vn -0.5408462 0.834895 -0.1021555
vn 0.4352825 0.8941737 -0.1047975
vn -0.4786325 0.8671149 -0.1379224
vn 0.2290593 0.9615653 -0.1514067
vn 0.01983361 0.9906628 -0.1348852
vn 0.0260043 0.9895266 -0.1419888
vn 0.01906733 0.988744 -0.1483973
vn 0.0246947 0.9891896 -0.1445481
vn 0.009753935 0.9897418 -0.1425344
vn 0.001120794 0.9888479 -0.1489249
vn 0.01913063 0.9896206 -0.1424257
vn -0.06061749 0.9827731 -0.1745928
vn 0.001039808 0.9813346 -0.1923059
vn 0.02903051 0.9842544 -0.1743577
vn 0.004717086 0.9882063 -0.1530553
vn 0.0005903903 0.9898295 -0.1422581
vn 0.002057007 0.9913557 -0.1311857
vn -0.01810543 0.9922873 -0.1226305
vn -0.1911151 0.9658511 -0.1749476
f 1//1 4564//4564 4563//4563
f 2//2 4563//4563 4564//4564
f 4565//4565 1//1 4563//4563
f 4565//4565 4563//4563 2//2
f 3//3 1//1 4565//4565
f 4//4 4565//4565 2//2
f 4566//4566 3//3 4565//4565
f 4566//4566 4565//4565 4//4
f 5//5 3//3 4566//4566
f 6//6 4566//4566 4//4
f 4567//4567 5//5 4566//4566
f 4567//4567 4566//4566 6//6
f 7//7 5//5 4567//4567
f 8//8 4567//4567 6//6
f 4568//4568 7//7 4567//4567
f 4568//4568 4567//4567 8//8
f 9//9 7//7 4568//4568
f 10//10 4568//4568 8//8
f 4569//4569 9//9 4568//4568
f 4569//4569 4568//4568 10//10
f 11//11 9//9 4569//4569
f 12//12 4569//4569 10//10
f 4570//4570 11//11 4569//4569
f 4570//4570 4569//4569 12//12
f 13//13 11//11 4570//4570
f 14//14 4570//4570 12//12
f 4571//4571 13//13 4570//4570
f 4571//4571 4570//4570 14//14
f 15//15 13//13 4571//4571
f 16//16 4571//4571 14//14
f 4572//4572 15//15 4571//4571
f 4572//4572 4571//4571 16//16
f 17//17 15//15 4572//4572
f 18//18 4572//4572 16//16
f 4573//4573 17//17 4572//4572
f 4573//4573 4572//4572 18//18
f 19//19 17//17 4573//4573
f 20//20 4573//4573 18//18
f 4574//4574 19//19 4573//4573
f 4574//4574 4573//4573 20//20
f 21//21 19//19 4574//4574
f 22//22 4574//4574 20//20
f 4575//4575 21//21 4574//4574
f 4575//4575 4574//4574 22//22
f 23//23 21//21 4575//4575
f 24//24 4575//4575 22//22
f 4576//4576 23//23 4575//4575
f 4576//4576 4575//4575 24//24
f 25//25 23//23 4576//4576
f 26//26 4576//4576 24//24
f 4577//4577 25//25 4576//4576
f 4577//4577 4576//4576 26//26
f 27//27 25//25 4577//4577
f 28//28 4577//4577 26//26
f 4578//4578 27//27 4577//4577
f 4578//4578 4577//4577 28//28
f 29//29 27//27 4578//4578
f 30//30 4578//4578 28//28
f 4579//4579 29//29 4578//4578
f 4579//4579 4578//4578 30//30
f 31//31 29//29 4579//4579
f 32//32 4579//4579 30//30
f 4580//4580 31//31 4579//4579
f 4580//4580 4579//4579 32//32
f 33//33 31//31 4580//4580
f 34//34 4580//4580 32//32
f 4581//4581 33//33 4580//4580
f 4581//4581 4580//4580 34//34
f 35//35 33//33 4581//4581
f 36//36 4581//4581 34//34
f 4582//4582 35//35 4581//4581
f 4582//4582 4581//4581 36//36
f 37//37 35//35 4582//4582
f 38//38 4582//4582 36//36
f 4583//4583 37//37 4582//4582
f 4583//4583 4582//4582 38//38
f 39//39 37//37 4583//4583
f 40//40 4583//4583 38//38
f 4584//4584 39//39 4583//4583
f 4584//4584 4583//4583 40//40
f 41//41 39//39 4584//4584
f 42//42 4584//4584 40//40
f 4585//4585 41//41 4584//4584
f 4585//4585 4584//4584 42//42
f 43//43 41//41 4585//4585
f 44//44 4585//4585 42//42
f 4586//4586 43//43 4585//4585
f 4586//4586 4585//4585 44//44
f 45//45 43//43 4586//4586
f 46//46 4586//4586 44//44
f 4587//4587 45//45 4586//4586
f 4587//4587 4586//4586 46//46
f 47//47 45//45 4587//4587
f 48//48 4587//4587 46//46
f 4588//4588 47//47 4587//4587
f 4588//4588 4587//4587 48//48
f 49//49 47//47 4588//4588
f 50//50 4588//4588 48//48
f 4589//4589 49//49 4588//4588
f 4589//4589 4588//4588 50//50
f 51//51 49//49 4589//4589
f 52//52 4589//4589 50//50
f 4590//4590 51//51 4589//4589
f 4590//4590 4589//4589 52//52
f 53//53 51//51 4590//4590
f 54//54 4590//4590 52//52
f 4591//4591 53//53 4590//4590
f 4591//4591 4590//4590 54//54
f 55//55 53//53 4591//4591
f 56//56 4591//4591 54//54
f 4592//4592 55//55 4591//4591
f 4592//4592 4591//4591 56//56
f 57//57 55//55 4592//4592
f 58//58 4592//4592 56//56
f 4593//4593 57//57 4592//4592
f 4593//4593 4592//4592 58//58
f 59//59 57//57 4593//4593
f 60//60 4593//4593 58//58
f 4594//4594 59//59 4593//4593
f 4594//4594 4593//4593 60//60
f 61//61 59//59 4594//4594
f 62//62 4594//4594 60//60
f 4595//4595 61//61 4594//4594
f 4595//4595 4594//4594 62//62
f 4596//4596 61//61 4595//4595
f 4596//4596 4595//4595 62//62
f 63//63 4598//4598 4597//4597
f 64//64 4597//4597 4598//4598
f 4599//4599 63//63 4597//4597
f 4599//4599 4597//4597 64//64
f 65//65 63//63 4599//4599
f 66//66 4599//4599 64//64
f 4600//4600 65//65 4599//4599
f 4600//4600 4599//4599 66//66
f 67//67 65//65 4600//4600
f 68//68 4600//4600 66//66
f 4601//4601 67//67 4600//4600
f 4601//4601 4600//4600 68//68
f 69//69 67//67 4601//4601
f 70//70 4601//4601 68//68
f 4602//4602 69//69 4601//4601
f 4602//4602 4601//4601 70//70
f 71//71 69//69 4602//4602
f 72//72 4602//4602 70//70
f 4603//4603 71//71 4602//4602
f 4603//4603 4602//4602 72//72
f 73//73 71//71 4603//4603
f 74//74 4603//4603 72//72
f 4604//4604 73//73 4603//4603
f 4604//4604 4603//4603 74//74
f 75//75 73//73 4604//4604
f 76//76 4604//4604 74//74
f 4605//4605 75//75 4604//4604
f 4605//4605 4604//4604 76//76
f 77//77 75//75 4605//4605
f 78//78 4605//4605 76//76
f 4606//4606 77//77 4605//4605
f 4606//4606 4605//4605 78//78
f 79//79 77//77 4606//4606
f 80//80 4606//4606 78//78
f 4607//4607 79//79 4606//4606
f 4607//4607 4606//4606 80//80
f 81//81 79//79 4607//4607
f 82//82 4607//4607 80//80
f 4608//4608 81//81 4607//4607
f 4608//4608 4607//4607 82//82
f 83//83 81//81 4608//4608
f 84//84 4608//4608 82//82
f 4564//4564 83//83 4608//4608
f 4564//4564 4608//4608 84//84
f 85//85 83//83 4564//4564
f 86//86 4564//4564 84//84
f 1//1 85//85 4564//4564
f 2//2 4564//4564 86//86
f 87//87 85//85 1//1
f 88//88 2//2 86//86
f 3//3 87//87 1//1
f 4//4 2//2 88//88
f 89//89 87//87 3//3
f 90//90 4//4 88//88
f 5//5 89//89 3//3
f 6//6 4//4 90//90
f 91//91 89//89 5//5
f 92//92 6//6 90//90
f 7//7 91//91 5//5
f 8//8 6//6 92//92
f 93//93 91//91 7//7
f 94//94 8//8 92//92
f 9//9 93//93 7//7
f 10//10 8//8 94//94
f 95//95 93//93 9//9
f 96//96 10//10 94//94
f 11//11 95//95 9//9
f 12//12 10//10 96//96
f 97//97 95//95 11//11
f 98//98 12//12 96//96
f 13//13 97//97 11//11
f 14//14 12//12 98//98
f 99//99 97//97 13//13
f 100//100 14//14 98//98
f 15//15 99//99 13//13
f 16//16 14//14 100//100
f 101//101 99//99 15//15
f 102//102 16//16 100//100
f 17//17 101//101 15//15
f 18//18 16//16 102//102
f 103//103 101//101 17//17
f 104//104 18//18 102//102
f 19//19 103//103 17//17
f 20//20 18//18 104//104
f 105//105 103//103 19//19
f 106//106 20//20 104//104
f 21//21 105//105 19//19
f 22//22 20//20 106//106
f 107//107 105//105 21//21
f 108//108 22//22 106//106
f 23//23 107//107 21//21
f 24//24 22//22 108//108
f 109//109 107//107 23//23
f 110//110 24//24 108//108
f 25//25 109//109 23//23
f 26//26 24//24 110//110
f 111//111 109//109 25//25
f 112//112 26//26 110//110
f 27//27 111//111 25//25
f 28//28 26//26 112//112
f 113//113 111//111 27//27
f 114//114 28//28 112//112
f 29//29 113//113 27//27
f 30//30 28//28 114//114
f 115//115 113//113 29//29
f 116//116 30//30 114//114
f 31//31 115//115 29//29
f 32//32 30//30 116//116
f 117//117 115//115 31//31
f 118//118 32//32 116//116
f 33//33 117//117 31//31
f 34//34 32//32 118//118
f 119//119 117//117 33//33
f 120//120 34//34 118//118
f 35//35 119//119 33//33
f 36//36 34//34 120//120
f 121//121 119//119 35//35
f 122//122 36//36 120//120
f 37//37 121//121 35//35
f 38//38 36//36 122//122
f 123//123 121//121 37//37
f 124//124 38//38 122//122
f 39//39 123//123 37//37
f 40//40 38//38 124//124
f 125//125 123//123 39//39
f 126//126 40//40 124//124
f 41//41 125//125 39//39
f 42//42 40//40 126//126
f 127//127 125//125 41//41
f 128//128 42//42 126//126
f 43//43 127//127 41//41
f 44//44 42//42 128//128
f 129//129 127//127 43//43
f 130//130 44//44 128//128
f 45//45 129//129 43//43
f 46//46 44//44 130//130
f 131//131 129//129 45//45
f 132//132 46//46 130//130
f 47//47 131//131 45//45
f 48//48 46//46 132//132
f 133//133 131//131 47//47
f 134//134 48//48 132//132
f 49//49 133//133 47//47
f 50//50 48//48 134//134
f 135//135 133//133 49//49
f 136//136 50//50 134//134
f 51//51 135//135 49//49
f 52//52 50//50 136//136
f 137//137 135//135 51//51
f 138//138 52//52 136//136
f 53//53 137//137 51//51
f 54//54 52//52 138//138
f 139//139 137//137 53//53
f 140//140 54//54 138//138
f 55//55 139//139 53//53
f 56//56 54//54 140//140
f 141//141 139//139 55//55
f 142//142 56//56 140//140
f 57//57 141//141 55//55
f 58//58 56//56 142//142
f 143//143 141//141 57//57
f 144//144 58//58 142//142
f 59//59 143//143 57//57
f 60//60 58//58 144//144
f 145//145 143//143 59//59
f 146//146 60//60 144//144
f 61//61 145//145 59//59
f 62//62 60//60 146//146
f 147//147 145//145 61//61
f 148//148 62//62 146//146
f 4596//4596 147//147 61//61
f 4596//4596 62//62 148//148
f 149//149 147//147 4596//4596
f 150//150 4596//4596 148//148
f 4609//4609 149//149 4596//4596
f 4609//4609 4596//4596 150//150
f 151//151 149//149 4609//4609
f 152//152 4609//4609 150//150
f 4610//4610 151//151 4609//4609
f 4610//4610 4609//4609 152//152
f 153//153 151//151 4610//4610
f 154//154 4610//4610 152//152
f 4611//4611 153//153 4610//4610
f 4611//4611 4610//4610 154//154
f 155//155 153//153 4611//4611
f 156//156 4611//4611 154//154
f 4612//4612 155//155 4611//4611
f 4612//4612 4611//4611 156//156
f 157//157 155//155 4612//4612
f 158//158 4612//4612 156//156
f 4613//4613 157//157 4612//4612
f 4613//4613 4612//4612 158//158
f 159//159 157//157 4613//4613
f 160//160 4613//4613 158//158
f 4614//4614 159//159 4613//4613
f 4614//4614 4613//4613 160//160
f 161//161 159//159 4614//4614
f 162//162 4614//4614 160//160
f 4615//4615 161//161 4614//4614
f 4615//4615 4614//4614 162//162
f 163//163 161//161 4615//4615
f 164//164 4615//4615 162//162
f 4616//4616 163//163 4615//4615
f 4616//4616 4615//4615 164//164
f 165//165 163//163 4616//4616
f 166//166 4616//4616 164//164
f 4617//4617 165//165 4616//4616
f 4617//4617 4616//4616 166//166
f 167//167 165//165 4617//4617
f 168//168 4617//4617 166//166
f 4618//4618 167//167 4617//4617
f 4618//4618 4617//4617 168//168
f 169//169 167//167 4618//4618
f 170//170 4618//4618 168//168
f 4619//4619 169//169 4618//4618
f 4619//4619 4618//4618 170//170
f 171//171 169//169 4619//4619
f 172//172 4619//4619 170//170
f 4620//4620 171//171 4619//4619
f 4620//4620 4619//4619 172//172
f 173//173 171//171 4620//4620
f 174//174 4620//4620 172//172
f 4621//4621 173//173 4620//4620
f 4621//4621 4620//4620 174//174
f 175//175 173//173 4621//4621
f 176//176 4621//4621 174//174
f 4622//4622 175//175 4621//4621
f 4622//4622 4621//4621 176//176
f 177//177 175//175 4622//4622
f 178//178 4622//4622 176//176
f 4623//4623 177//177 4622//4622
f 4623//4623 4622//4622 178//178
f 4624//4624 177//177 4623//4623
f 4624//4624 4623//4623 178//178
f 179//179 4626//4626 4625//4625
f 180//180 4625//4625 4626//4626
f 4627//4627 179//179 4625//4625
f 4627//4627 4625//4625 180//180
f 181//181 179//179 4627//4627
f 182//182 4627//4627 180//180
f 4628//4628 181//181 4627//4627
f 4628//4628 4627//4627 182//182
f 183//183 181//181 4628//4628
f 184//184 4628//4628 182//182
f 4629//4629 183//183 4628//4628
f 4629//4629 4628//4628 184//184
f 185//185 183//183 4629//4629
f 186//186 4629//4629 184//184
f 4630//4630 185//185 4629//4629
f 4630//4630 4629//4629 186//186
f 187//187 185//185 4630//4630
f 188//188 4630//4630 186//186
f 4631//4631 187//187 4630//4630
f 4631//4631 4630//4630 188//188
f 4632//4632 187//187 4631//4631
f 4632//4632 4631//4631 188//188
f 189//189 187//187 4632//4632
f 190//190 4632//4632 188//188
f 4633//4633 189//189 4632//4632
f 4633//4633 4632//4632 190//190
f 191//191 189//189 4633//4633
f 192//192 4633//4633 190//190
f 4634//4634 191//191 4633//4633
f 4634//4634 4633//4633 192//192
f 193//193 191//191 4634//4634
f 194//194 4634//4634 192//192
f 4635//4635 193//193 4634//4634
f 4635//4635 4634//4634 194//194
f 195//195 193//193 4635//4635
f 196//196 4635//4635 194//194
f 4636//4636 195//195 4635//4635
f 4636//4636 4635//4635 196//196
f 197//197 195//195 4636//4636
f 198//198 4636//4636 196//196
f 4637//4637 197//197 4636//4636
f 4637//4637 4636//4636 198//198
f 199//199 197//197 4637//4637
f 200//200 4637//4637 198//198
f 4598//4598 199//199 4637//4637
f 4598//4598 4637//4637 200//200
f 201//201 199//199 4598//4598
f 202//202 4598//4598 200//200
f 63//63 201//201 4598//4598
f 64//64 4598//4598 202//202
f 203//203 201//201 63//63
f 204//204 64//64 202//202
f 65//65 203//203 63//63
f 66//66 64//64 204//204
f 205//205 203//203 65//65
f 206//206 66//66 204//204
f 67//67 205//205 65//65
f 68//68 66//66 206//206
f 207//207 205//205 67//67
f 208//208 68//68 206//206
f 69//69 207//207 67//67
f 70//70 68//68 208//208
f 209//209 207//207 69//69
f 210//210 70//70 208//208
f 71//71 209//209 69//69
f 72//72 70//70 210//210
f 211//211 209//209 71//71
f 212//212 72//72 210//210
f 73//73 211//211 71//71
f 74//74 72//72 212//212
f 213//213 211//211 73//73
f 214//214 74//74 212//212
f 75//75 213//213 73//73
f 76//76 74//74 214//214
f 215//215 213//213 75//75
f 216//216 76//76 214//214
f 77//77 215//215 75//75
f 78//78 76//76 216//216
f 217//217 215//215 77//77
f 218//218 78//78 216//216
f 79//79 217//217 77//77
f 80//80 78//78 218//218
f 219//219 217//217 79//79
f 220//220 80//80 218//218
f 81//81 219//219 79//79
f 82//82 80//80 220//220
f 221//221 219//219 81//81
f 222//222 82//82 220//220
f 83//83 221//221 81//81
f 84//84 82//82 222//222
f 223//223 221//221 83//83
f 224//224 84//84 222//222
f 85//85 223//223 83//83
f 86//86 84//84 224//224
f 225//225 223//223 85//85
f 226//226 86//86 224//224
f 87//87 225//225 85//85
f 88//88 86//86 226//226
f 227//227 225//225 87//87
f 228//228 88//88 226//226
f 89//89 227//227 87//87
f 90//90 88//88 228//228
f 229//229 227//227 89//89
f 230//230 90//90 228//228
f 91//91 229//229 89//89
f 92//92 90//90 230//230
f 231//231 229//229 91//91
f 232//232 92//92 230//230
f 93//93 231//231 91//91
f 94//94 92//92 232//232
f 233//233 231//231 93//93
f 234//234 94//94 232//232
f 95//95 233//233 93//93
f 96//96 94//94 234//234
f 235//235 233//233 95//95
f 236//236 96//96 234//234
f 97//97 235//235 95//95
f 98//98 96//96 236//236
f 237//237 235//235 97//97
f 238//238 98//98 236//236
f 99//99 237//237 97//97
f 100//100 98//98 238//238
f 239//239 237//237 99//99
f 240//240 100//100 238//238
f 101//101 239//239 99//99
f 102//102 100//100 240//240
f 241//241 239//239 101//101
f 242//242 102//102 240//240
f 103//103 241//241 101//101
f 104//104 102//102 242//242
f 243//243 241//241 103//103
f 244//244 104//104 242//242
f 105//105 243//243 103//103
f 106//106 104//104 244//244
f 245//245 243//243 105//105
f 246//246 106//106 244//244
f 107//107 245//245 105//105
f 108//108 106//106 246//246
f 247//247 245//245 107//107
f 248//248 108//108 246//246
f 109//109 247//247 107//107
f 110//110 108//108 248//248
f 249//249 247//247 109//109
f 250//250 110//110 248//248
f 111//111 249//249 109//109
f 112//112 110//110 250//250
f 251//251 249//249 111//111
f 252//252 112//112 250//250
f 113//113 251//251 111//111
f 114//114 112//112 252//252
f 253//253 251//251 113//113
f 254//254 114//114 252//252
f 115//115 253//253 113//113
f 116//116 114//114 254//254
f 255//255 253//253 115//115
f 256//256 116//116 254//254
f 117//117 255//255 115//115
f 118//118 116//116 256//256
f 257//257 255//255 117//117
f 258//258 118//118 256//256
f 119//119 257//257 117//117
f 120//120 118//118 258//258
f 259//259 257//257 119//119
f 260//260 120//120 258//258
f 121//121 259//259 119//119
f 122//122 120//120 260//260
f 261//261 259//259 121//121
f 262//262 122//122 260//260
f 123//123 261//261 121//121
f 124//124 122//122 262//262
f 263//263 261//261 123//123
f 264//264 124//124 262//262
f 125//125 263//263 123//123
f 126//126 124//124 264//264
f 265//265 263//263 125//125
f 266//266 126//126 264//264
f 127//127 265//265 125//125
f 128//128 126//126 266//266
f 267//267 265//265 127//127
f 268//268 128//128 266//266
f 129//129 267//267 127//127
f 130//130 128//128 268//268
f 269//269 267//267 129//129
f 270//270 130//130 268//268
f 131//131 269//269 129//129
f 132//132 130//130 270//270
f 271//271 269//269 131//131
f 272//272 132//132 270//270
f 133//133 271//271 131//131
f 134//134 132//132 272//272
f 273//273 271//271 133//133
f 274//274 134//134 272//272
f 135//135 273//273 133//133
f 136//136 134//134 274//274
f 275//275 273//273 135//135
f 276//276 136//136 274//274
f 137//137 275//275 135//135
f 138//138 136//136 276//276
f 277//277 275//275 137//137
f 278//278 138//138 276//276
f 139//139 277//277 137//137
f 140//140 138//138 278//278
f 279//279 277//277 139//139
f 280//280 140//140 278//278
f 141//141 279//279 139//139
f 142//142 140//140 280//280
f 281//281 279//279 141//141
f 282//282 142//142 280//280
f 143//143 281//281 141//141
f 144//144 142//142 282//282
f 283//283 281//281 143//143
f 284//284 144//144 282//282
f 145//145 283//283 143//143
f 146//146 144//144 284//284
f 285//285 283//283 145//145
f 286//286 146//146 284//284
f 147//147 285//285 145//145
f 148//148 146//146 286//286
f 287//287 285//285 147//147
f 288//288 148//148 286//286
f 149//149 287//287 147//147
f 150//150 148//148 288//288
f 289//289 287//287 149//149
f 290//290 150//150 288//288
f 151//151 289//289 149//149
f 152//152 150//150 290//290
f 291//291 289//289 151//151
f 292//292 152//152 290//290
f 153//153 291//291 151//151
f 154//154 152//152 292//292
f 293//293 291//291 153//153
f 294//294 154//154 292//292
f 155//155 293//293 153//153
f 156//156 154//154 294//294
f 295//295 293//293 155//155
f 296//296 156//156 294//294
f 157//157 295//295 155//155
f 158//158 156//156 296//296
f 297//297 295//295 157//157
f 298//298 158//158 296//296
f 159//159 297//297 157//157
f 160//160 158//158 298//298
f 299//299 297//297 159//159
f 300//300 160//160 298//298
f 161//161 299//299 159//159
f 162//162 160//160 300//300
f 301//301 299//299 161//161
f 302//302 162//162 300//300
f 163//163 301//301 161//161
f 164//164 162//162 302//302
f 303//303 301//301 163//163
f 304//304 164//164 302//302
f 165//165 303//303 163//163
f 166//166 164//164 304//304
f 305//305 303//303 165//165
f 306//306 166//166 304//304
f 167//167 305//305 165//165
f 168//168 166//166 306//306
f 307//307 305//305 167//167
f 308//308 168//168 306//306
f 169//169 307//307 167//167
f 170//170 168//168 308//308
f 309//309 307//307 169//169
f 310//310 170//170 308//308
f 171//171 309//309 169//169
f 172//172 170//170 310//310
f 311//311 309//309 171//171
f 312//312 172//172 310//310
f 173//173 311//311 171//171
f 174//174 172//172 312//312
f 313//313 311//311 173//173
f 314//314 174//174 312//312
f 175//175 313//313 173//173
f 176//176 174//174 314//314
f 315//315 313//313 175//175
f 316//316 176//176 314//314
f 177//177 315//315 175//175
f 178//178 176//176 316//316
f 317//317 315//315 177//177
f 318//318 178//178 316//316
f 4624//4624 317//317 177//177
f 4624//4624 178//178 318//318
f 319//319 317//317 4624//4624
f 320//320 4624//4624 318//318
f 4638//4638 319//319 4624//4624
f 4638//4638 4624//4624 320//320
f 321//321 319//319 4638//4638
f 322//322 4638//4638 320//320
f 4639//4639 321//321 4638//4638
f 4639//4639 4638//4638 322//322
f 323//323 321//321 4639//4639
f 324//324 4639//4639 322//322
f 4640//4640 323//323 4639//4639
f 4640//4640 4639//4639 324//324
f 4641//4641 323//323 4640//4640
f 4641//4641 4640//4640 324//324
f 325//325 4642//4642 4626//4626
f 326//326 4626//4626 4642//4642
f 327//327 325//325 4626//4626
f 328//328 4626//4626 326//326
f 179//179 327//327 4626//4626
f 180//180 4626//4626 328//328
f 329//329 327//327 179//179
f 330//330 180//180 328//328
f 181//181 329//329 179//179
f 182//182 180//180 330//330
f 331//331 329//329 181//181
f 332//332 182//182 330//330
f 183//183 331//331 181//181
f 184//184 182//182 332//332
f 333//333 331//331 183//183
f 334//334 184//184 332//332
f 185//185 333//333 183//183
f 186//186 184//184 334//334
f 187//187 333//333 185//185
f 188//188 186//186 334//334
f 335//335 333//333 187//187
f 336//336 188//188 334//334
f 189//189 335//335 187//187
f 190//190 188//188 336//336
f 337//337 335//335 189//189
f 338//338 190//190 336//336
f 191//191 337//337 189//189
f 192//192 190//190 338//338
f 339//339 337//337 191//191
f 340//340 192//192 338//338
f 193//193 339//339 191//191
f 194//194 192//192 340//340
f 341//341 339//339 193//193
f 342//342 194//194 340//340
f 343//343 341//341 193//193
f 344//344 194//194 342//342
f 195//195 343//343 193//193
f 196//196 194//194 344//344
f 345//345 343//343 195//195
f 346//346 196//196 344//344
f 197//197 345//345 195//195
f 198//198 196//196 346//346
f 199//199 345//345 197//197
f 200//200 198//198 346//346
f 347//347 345//345 199//199
f 348//348 200//200 346//346
f 201//201 347//347 199//199
f 202//202 200//200 348//348
f 349//349 347//347 201//201
f 350//350 202//202 348//348
f 351//351 349//349 201//201
f 352//352 202//202 350//350
f 203//203 351//351 201//201
f 204//204 202//202 352//352
f 353//353 351//351 203//203
f 354//354 204//204 352//352
f 205//205 353//353 203//203
f 206//206 204//204 354//354
f 355//355 353//353 205//205
f 356//356 206//206 354//354
f 207//207 355//355 205//205
f 208//208 206//206 356//356
f 357//357 355//355 207//207
f 358//358 208//208 356//356
f 209//209 357//357 207//207
f 210//210 208//208 358//358
f 359//359 357//357 209//209
f 360//360 210//210 358//358
f 211//211 359//359 209//209
f 212//212 210//210 360//360
f 361//361 359//359 211//211
f 362//362 212//212 360//360
f 213//213 361//361 211//211
f 214//214 212//212 362//362
f 363//363 361//361 213//213
f 364//364 214//214 362//362
f 215//215 363//363 213//213
f 216//216 214//214 364//364
f 365//365 363//363 215//215
f 366//366 216//216 364//364
f 217//217 365//365 215//215
f 218//218 216//216 366//366
f 367//367 365//365 217//217
f 368//368 218//218 366//366
f 219//219 367//367 217//217
f 220//220 218//218 368//368
f 369//369 367//367 219//219
f 370//370 220//220 368//368
f 221//221 369//369 219//219
f 222//222 220//220 370//370
f 371//371 369//369 221//221
f 372//372 222//222 370//370
f 223//223 371//371 221//221
f 224//224 222//222 372//372
f 373//373 371//371 223//223
f 374//374 224//224 372//372
f 225//225 373//373 223//223
f 226//226 224//224 374//374
f 375//375 373//373 225//225
f 376//376 226//226 374//374
f 227//227 375//375 225//225
f 228//228 226//226 376//376
f 377//377 375//375 227//227
f 378//378 228//228 376//376
f 229//229 377//377 227//227
f 230//230 228//228 378//378
f 379//379 377//377 229//229
f 380//380 230//230 378//378
f 231//231 379//379 229//229
f 232//232 230//230 380//380
f 381//381 379//379 231//231
f 382//382 232//232 380//380
f 233//233 381//381 231//231
f 234//234 232//232 382//382
f 383//383 381//381 233//233
f 384//384 234//234 382//382
f 235//235 383//383 233//233
f 236//236 234//234 384//384
f 385//385 383//383 235//235
f 386//386 236//236 384//384
f 237//237 385//385 235//235
f 238//238 236//236 386//386
f 387//387 385//385 237//237
f 388//388 238//238 386//386
f 239//239 387//387 237//237
f 240//240 238//238 388//388
f 389//389 387//387 239//239
f 390//390 240//240 388//388
f 241//241 389//389 239//239
f 242//242 240//240 390//390
f 391//391 389//389 241//241
f 392//392 242//242 390//390
f 243//243 391//391 241//241
f 244//244 242//242 392//392
f 393//393 391//391 243//243
f 394//394 244//244 392//392
f 245//245 393//393 243//243
f 246//246 244//244 394//394
f 395//395 393//393 245//245
f 396//396 246//246 394//394
f 247//247 395//395 245//245
f 248//248 246//246 396//396
f 397//397 395//395 247//247
f 398//398 248//248 396//396
f 249//249 397//397 247//247
f 250//250 248//248 398//398
f 399//399 397//397 249//249
f 400//400 250//250 398//398
f 251//251 399//399 249//249
f 252//252 250//250 400//400
f 401//401 399//399 251//251
f 402//402 252//252 400//400
f 253//253 401//401 251//251
f 254//254 252//252 402//402
f 403//403 401//401 253//253
f 404//404 254//254 402//402
f 255//255 403//403 253//253
f 256//256 254//254 404//404
f 405//405 403//403 255//255
f 406//406 256//256 404//404
f 257//257 405//405 255//255
f 258//258 256//256 406//406
f 407//407 405//405 257//257
f 408//408 258//258 406//406
f 259//259 407//407 257//257
f 260//260 258//258 408//408
f 409//409 407//407 259//259
f 410//410 260//260 408//408
f 261//261 409//409 259//259
f 262//262 260//260 410//410
f 411//411 409//409 261//261
f 412//412 262//262 410//410
f 263//263 411//411 261//261
f 264//264 262//262 412//412
f 413//413 411//411 263//263
f 414//414 264//264 412//412
f 265//265 413//413 263//263
f 266//266 264//264 414//414
f 415//415 413//413 265//265
f 416//416 266//266 414//414
f 267//267 415//415 265//265
f 268//268 266//266 416//416
f 417//417 415//415 267//267
f 418//418 268//268 416//416
f 269//269 417//417 267//267
f 270//270 268//268 418//418
f 419//419 417//417 269//269
f 420//420 270//270 418//418
f 271//271 419//419 269//269
f 272//272 270//270 420//420
f 421//421 419//419 271//271
f 422//422 272//272 420//420
f 273//273 421//421 271//271
f 274//274 272//272 422//422
f 423//423 421//421 273//273
f 424//424 274//274 422//422
f 275//275 423//423 273//273
f 276//276 274//274 424//424
f 425//425 423//423 275//275
f 426//426 276//276 424//424
f 277//277 425//425 275//275
f 278//278 276//276 426//426
f 427//427 425//425 277//277
f 428//428 278//278 426//426
f 279//279 427//427 277//277
f 280//280 278//278 428//428
f 429//429 427//427 279//279
f 430//430 280//280 428//428
f 281//281 429//429 279//279
f 282//282 280//280 430//430
f 431//431 429//429 281//281
f 432//432 282//282 430//430
f 283//283 431//431 281//281
f 284//284 282//282 432//432
f 433//433 431//431 283//283
f 434//434 284//284 432//432
f 285//285 433//433 283//283
f 286//286 284//284 434//434
f 435//435 433//433 285//285
f 436//436 286//286 434//434
f 287//287 435//435 285//285
f 288//288 286//286 436//436
f 437//437 435//435 287//287
f 438//438 288//288 436//436
f 289//289 437//437 287//287
f 290//290 288//288 438//438
f 439//439 437//437 289//289
f 440//440 290//290 438//438
f 291//291 439//439 289//289
f 292//292 290//290 440//440
f 441//441 439//439 291//291
f 442//442 292//292 440//440
f 293//293 441//441 291//291
f 294//294 292//292 442//442
f 443//443 441//441 293//293
f 444//444 294//294 442//442
f 295//295 443//443 293//293
f 296//296 294//294 444//444
f 445//445 443//443 295//295
f 446//446 296//296 444//444
f 297//297 445//445 295//295
f 298//298 296//296 446//446
f 447//447 445//445 297//297
f 448//448 298//298 446//446
f 299//299 447//447 297//297
f 300//300 298//298 448//448
f 449//449 447//447 299//299
f 450//450 300//300 448//448
f 301//301 449//449 299//299
f 302//302 300//300 450//450
f 451//451 449//449 301//301
f 452//452 302//302 450//450
f 303//303 451//451 301//301
f 304//304 302//302 452//452
f 453//453 451//451 303//303
f 454//454 304//304 452//452
f 305//305 453//453 303//303
f 306//306 304//304 454//454
f 455//455 453//453 305//305
f 456//456 306//306 454//454
f 307//307 455//455 305//305
f 308//308 306//306 456//456
f 457//457 455//455 307//307
f 458//458 308//308 456//456
f 309//309 457//457 307//307
f 310//310 308//308 458//458
f 459//459 457//457 309//309
f 460//460 310//310 458//458
f 311//311 459//459 309//309
f 312//312 310//310 460//460
f 461//461 459//459 311//311
f 462//462 312//312 460//460
f 313//313 461//461 311//311
f 314//314 312//312 462//462
f 463//463 461//461 313//313
f 464//464 314//314 462//462
f 315//315 463//463 313//313
f 316//316 314//314 464//464
f 465//465 463//463 315//315
f 466//466 316//316 464//464
f 317//317 465//465 315//315
f 318//318 316//316 466//466
f 467//467 465//465 317//317
f 468//468 318//318 466//466
f 319//319 467//467 317//317
f 320//320 318//318 468//468
f 469//469 467//467 319//319
f 470//470 320//320 468//468
f 321//321 469//469 319//319
f 322//322 320//320 470//470
f 471//471 469//469 321//321
f 472//472 322//322 470//470
f 323//323 471//471 321//321
f 324//324 322//322 472//472
f 4641//4641 471//471 323//323
f 4641//4641 324//324 472//472
f 473//473 471//471 4641//4641
f 474//474 4641//4641 472//472
f 4643//4643 473//473 4641//4641
f 4643//4643 4641//4641 474//474
f 475//475 4644//4644 4642//4642
f 476//476 4642//4642 4644//4644
f 325//325 475//475 4642//4642
f 326//326 4642//4642 476//476
f 477//477 475//475 325//325
f 478//478 326//326 476//476
f 327//327 477//477 325//325
f 328//328 326//326 478//478
f 479//479 477//477 327//327
f 480//480 328//328 478//478
f 329//329 479//479 327//327
f 330//330 328//328 480//480
f 481//481 479//479 329//329
f 482//482 330//330 480//480
f 331//331 481//481 329//329
f 332//332 330//330 482//482
f 483//483 481//481 331//331
f 484//484 332//332 482//482
f 333//333 483//483 331//331
f 334//334 332//332 484//484
f 485//485 483//483 333//333
f 486//486 334//334 484//484
f 335//335 485//485 333//333
f 336//336 334//334 486//486
f 487//487 485//485 335//335
f 488//488 336//336 486//486
f 337//337 487//487 335//335
f 338//338 336//336 488//488
f 489//489 487//487 337//337
f 490//490 338//338 488//488
f 339//339 489//489 337//337
f 340//340 338//338 490//490
f 491//491 489//489 339//339
f 492//492 340//340 490//490
f 341//341 491//491 339//339
f 342//342 340//340 492//492
f 493//493 491//491 341//341
f 494//494 342//342 492//492
f 343//343 493//493 341//341
f 344//344 342//342 494//494
f 495//495 493//493 343//343
f 496//496 344//344 494//494
f 345//345 495//495 343//343
f 346//346 344//344 496//496
f 497//497 495//495 345//345
f 498//498 346//346 496//496
f 347//347 497//497 345//345
f 348//348 346//346 498//498
f 499//499 497//497 347//347
f 500//500 348//348 498//498
f 349//349 499//499 347//347
f 350//350 348//348 500//500
f 501//501 499//499 349//349
f 502//502 350//350 500//500
f 351//351 501//501 349//349
f 352//352 350//350 502//502
f 503//503 501//501 351//351
f 504//504 352//352 502//502
f 353//353 503//503 351//351
f 354//354 352//352 504//504
f 505//505 503//503 353//353
f 506//506 354//354 504//504
f 355//355 505//505 353//353
f 356//356 354//354 506//506
f 507//507 505//505 355//355
f 508//508 356//356 506//506
f 357//357 507//507 355//355
f 358//358 356//356 508//508
f 509//509 507//507 357//357
f 510//510 358//358 508//508
f 359//359 509//509 357//357
f 360//360 358//358 510//510
f 511//511 509//509 359//359
f 512//512 360//360 510//510
f 361//361 511//511 359//359
f 362//362 360//360 512//512
f 513//513 511//511 361//361
f 514//514 362//362 512//512
f 363//363 513//513 361//361
f 364//364 362//362 514//514
f 515//515 513//513 363//363
f 516//516 364//364 514//514
f 365//365 515//515 363//363
f 366//366 364//364 516//516
f 517//517 515//515 365//365
f 518//518 366//366 516//516
f 367//367 517//517 365//365
f 368//368 366//366 518//518
f 519//519 517//517 367//367
f 520//520 368//368 518//518
f 369//369 519//519 367//367
f 370//370 368//368 520//520
f 521//521 519//519 369//369
f 522//522 370//370 520//520
f 371//371 521//521 369//369
f 372//372 370//370 522//522
f 523//523 521//521 371//371
f 524//524 372//372 522//522
f 373//373 523//523 371//371
f 374//374 372//372 524//524
f 525//525 523//523 373//373
f 526//526 374//374 524//524
f 375//375 525//525 373//373
f 376//376 374//374 526//526
f 527//527 525//525 375//375
f 528//528 376//376 526//526
f 377//377 527//527 375//375
f 378//378 376//376 528//528
f 529//529 527//527 377//377
f 530//530 378//378 528//528
f 379//379 529//529 377//377
f 380//380 378//378 530//530
f 531//531 529//529 379//379
f 532//532 380//380 530//530
f 381//381 531//531 379//379
f 382//382 380//380 532//532
f 533//533 531//531 381//381
f 534//534 382//382 532//532
f 383//383 533//533 381//381
f 384//384 382//382 534//534
f 535//535 533//533 383//383
f 536//536 384//384 534//534
f 385//385 535//535 383//383
f 386//386 384//384 536//536
f 537//537 535//535 385//385
f 538//538 386//386 536//536
f 387//387 537//537 385//385
f 388//388 386//386 538//538
f 539//539 537//537 387//387
f 540//540 388//388 538//538
f 389//389 539//539 387//387
f 390//390 388//388 540//540
f 541//541 539//539 389//389
f 542//542 390//390 540//540
f 391//391 541//541 389//389
f 392//392 390//390 542//542
f 543//543 541//541 391//391
f 544//544 392//392 542//542
f 393//393 543//543 391//391
f 394//394 392//392 544//544
f 545//545 543//543 393//393
f 546//546 394//394 544//544
f 395//395 545//545 393//393
f 396//396 394//394 546//546
f 547//547 545//545 395//395
f 548//548 396//396 546//546
f 397//397 547//547 395//395
f 398//398 396//396 548//548
f 549//549 547//547 397//397
f 550//550 398//398 548//548
f 399//399 549//549 397//397
f 400//400 398//398 550//550
f 551//551 549//549 399//399
f 552//552 400//400 550//550
f 401//401 551//551 399//399
f 402//402 400//400 552//552
f 553//553 551//551 401//401
f 554//554 402//402 552//552
f 403//403 553//553 401//401
f 404//404 402//402 554//554
f 555//555 553//553 403//403
f 556//556 404//404 554//554
f 405//405 555//555 403//403
f 406//406 404//404 556//556
f 557//557 555//555 405//405
f 558//558 406//406 556//556
f 407//407 557//557 405//405
f 408//408 406//406 558//558
f 559//559 557//557 407//407
f 560//560 408//408 558//558
f 409//409 559//559 407//407
f 410//410 408//408 560//560
f 561//561 559//559 409//409
f 562//562 410//410 560//560
f 411//411 561//561 409//409
f 412//412 410//410 562//562
f 563//563 561//561 411//411
f 564//564 412//412 562//562
f 413//413 563//563 411//411
f 414//414 412//412 564//564
f 565//565 563//563 413//413
f 566//566 414//414 564//564
f 415//415 565//565 413//413
f 416//416 414//414 566//566
f 567//567 565//565 415//415
f 568//568 416//416 566//566
f 417//417 567//567 415//415
f 418//418 416//416 568//568
f 569//569 567//567 417//417
f 570//570 418//418 568//568
f 419//419 569//569 417//417
f 420//420 418//418 570//570
f 571//571 569//569 419//419
f 572//572 420//420 570//570
f 421//421 571//571 419//419
f 422//422 420//420 572//572
f 573//573 571//571 421//421
f 574//574 422//422 572//572
f 423//423 573//573 421//421
f 424//424 422//422 574//574
f 575//575 573//573 423//423
f 576//576 424//424 574//574
f 425//425 575//575 423//423
f 426//426 424//424 576//576
f 577//577 575//575 425//425
f 578//578 426//426 576//576
f 427//427 577//577 425//425
f 428//428 426//426 578//578
f 579//579 577//577 427//427
f 580//580 428//428 578//578
f 429//429 579//579 427//427
f 430//430 428//428 580//580
f 581//581 579//579 429//429
f 582//582 430//430 580//580
f 431//431 581//581 429//429
f 432//432 430//430 582//582
f 583//583 581//581 431//431
f 584//584 432//432 582//582
f 433//433 583//583 431//431
f 434//434 432//432 584//584
f 585//585 583//583 433//433
f 586//586 434//434 584//584
f 435//435 585//585 433//433
f 436//436 434//434 586//586
f 587//587 585//585 435//435
f 588//588 436//436 586//586
f 437//437 587//587 435//435
f 438//438 436//436 588//588
f 589//589 587//587 437//437
f 590//590 438//438 588//588
f 439//439 589//589 437//437
f 440//440 438//438 590//590
f 591//591 589//589 439//439
f 592//592 440//440 590//590
f 441//441 591//591 439//439
f 442//442 440//440 592//592
f 593//593 591//591 441//441
f 594//594 442//442 592//592
f 443//443 593//593 441//441
f 444//444 442//442 594//594
f 595//595 593//593 443//443
f 596//596 444//444 594//594
f 445//445 595//595 443//443
f 446//446 444//444 596//596
f 597//597 595//595 445//445
f 598//598 446//446 596//596
f 447//447 597//597 445//445
f 448//448 446//446 598//598
f 599//599 597//597 447//447
f 600//600 448//448 598//598
f 449//449 599//599 447//447
f 450//450 448//448 600//600
f 601//601 599//599 449//449
f 602//602 450//450 600//600
f 451//451 601//601 449//449
f 452//452 450//450 602//602
f 603//603 601//601 451//451
f 604//604 452//452 602//602
f 453//453 603//603 451//451
f 454//454 452//452 604//604
f 605//605 603//603 453//453
f 606//606 454//454 604//604
f 455//455 605//605 453//453
f 456//456 454//454 606//606
f 607//607 605//605 455//455
f 608//608 456//456 606//606
f 457//457 607//607 455//455
f 458//458 456//456 608//608
f 609//609 607//607 457//457
f 610//610 458//458 608//608
f 459//459 609//609 457//457
f 460//460 458//458 610//610
f 611//611 609//609 459//459
f 612//612 460//460 610//610
f 461//461 611//611 459//459
f 462//462 460//460 612//612
f 613//613 611//611 461//461
f 614//614 462//462 612//612
f 463//463 613//613 461//461
f 464//464 462//462 614//614
f 615//615 613//613 463//463
f 616//616 464//464 614//614
f 465//465 615//615 463//463
f 466//466 464//464 616//616
f 617//617 615//615 465//465
f 618//618 466//466 616//616
f 467//467 617//617 465//465
f 468//468 466//466 618//618
f 619//619 617//617 467//467
f 620//620 468//468 618//618
f 469//469 619//619 467//467
f 470//470 468//468 620//620
f 621//621 619//619 469//469
f 622//622 470//470 620//620
f 471//471 621//621 469//469
f 472//472 470//470 622//622
f 623//623 621//621 471//471
f 624//624 472//472 622//622
f 473//473 623//623 471//471
f 474//474 472//472 624//624
f 625//625 623//623 473//473
f 626//626 474//474 624//624
f 4643//4643 625//625 473//473
f 4643//4643 474//474 626//626
f 4645//4645 625//625 4643//4643
f 4645//4645 4643//4643 626//626
f 627//627 4646//4646 4644//4644
f 628//628 4644//4644 4646//4646
f 629//629 627//627 4644//4644
f 630//630 4644//4644 628//628
f 475//475 629//629 4644//4644
f 476//476 4644//4644 630//630
f 631//631 629//629 475//475
f 632//632 476//476 630//630
f 477//477 631//631 475//475
f 478//478 476//476 632//632
f 633//633 631//631 477//477
f 634//634 478//478 632//632
f 479//479 633//633 477//477
f 480//480 478//478 634//634
f 481//481 633//633 479//479
f 482//482 480//480 634//634
f 635//635 633//633 481//481
f 636//636 482//482 634//634
f 483//483 635//635 481//481
f 484//484 482//482 636//636
f 637//637 635//635 483//483
f 638//638 484//484 636//636
f 485//485 637//637 483//483
f 486//486 484//484 638//638
f 639//639 637//637 485//485
f 640//640 486//486 638//638
f 487//487 639//639 485//485
f 488//488 486//486 640//640
f 641//641 639//639 487//487
f 642//642 488//488 640//640
f 489//489 641//641 487//487
f 490//490 488//488 642//642
f 643//643 641//641 489//489
f 644//644 490//490 642//642
f 491//491 643//643 489//489
f 492//492 490//490 644//644
f 645//645 643//643 491//491
f 646//646 492//492 644//644
f 493//493 645//645 491//491
f 494//494 492//492 646//646
f 647//647 645//645 493//493
f 648//648 494//494 646//646
f 495//495 647//647 493//493
f 496//496 494//494 648//648
f 649//649 647//647 495//495
f 650//650 496//496 648//648
f 497//497 649//649 495//495
f 498//498 496//496 650//650
f 651//651 649//649 497//497
f 652//652 498//498 650//650
f 499//499 651//651 497//497
f 500//500 498//498 652//652
f 653//653 651//651 499//499
f 654//654 500//500 652//652
f 501//501 653//653 499//499
f 502//502 500//500 654//654
f 655//655 653//653 501//501
f 656//656 502//502 654//654
f 503//503 655//655 501//501
f 504//504 502//502 656//656
f 657//657 655//655 503//503
f 658//658 504//504 656//656
f 505//505 657//657 503//503
f 506//506 504//504 658//658
f 659//659 657//657 505//505
f 660//660 506//506 658//658
f 507//507 659//659 505//505
f 508//508 506//506 660//660
f 661//661 659//659 507//507
f 662//662 508//508 660//660
f 509//509 661//661 507//507
f 510//510 508//508 662//662
f 663//663 661//661 509//509
f 664//664 510//510 662//662
f 511//511 663//663 509//509
f 512//512 510//510 664//664
f 665//665 663//663 511//511
f 666//666 512//512 664//664
f 513//513 665//665 511//511
f 514//514 512//512 666//666
f 667//667 665//665 513//513
f 668//668 514//514 666//666
f 515//515 667//667 513//513
f 516//516 514//514 668//668
f 669//669 667//667 515//515
f 670//670 516//516 668//668
f 517//517 669//669 515//515
f 518//518 516//516 670//670
f 671//671 669//669 517//517
f 672//672 518//518 670//670
f 519//519 671//671 517//517
f 520//520 518//518 672//672
f 673//673 671//671 519//519
f 674//674 520//520 672//672
f 521//521 673//673 519//519
f 522//522 520//520 674//674
f 675//675 673//673 521//521
f 676//676 522//522 674//674
f 523//523 675//675 521//521
f 524//524 522//522 676//676
f 677//677 675//675 523//523
f 678//678 524//524 676//676
f 525//525 677//677 523//523
f 526//526 524//524 678//678
f 679//679 677//677 525//525
f 680//680 526//526 678//678
f 527//527 679//679 525//525
f 528//528 526//526 680//680
f 681//681 679//679 527//527
f 682//682 528//528 680//680
f 529//529 681//681 527//527
f 530//530 528//528 682//682
f 683//683 681//681 529//529
f 684//684 530//530 682//682
f 531//531 683//683 529//529
f 532//532 530//530 684//684
f 685//685 683//683 531//531
f 686//686 532//532 684//684
f 533//533 685//685 531//531
f 534//534 532//532 686//686
f 687//687 685//685 533//533
f 688//688 534//534 686//686
f 535//535 687//687 533//533
f 536//536 534//534 688//688
f 689//689 687//687 535//535
f 690//690 536//536 688//688
f 537//537 689//689 535//535
f 538//538 536//536 690//690
f 691//691 689//689 537//537
f 692//692 538//538 690//690
f 539//539 691//691 537//537
f 540//540 538//538 692//692
f 693//693 691//691 539//539
f 694//694 540//540 692//692
f 541//541 693//693 539//539
f 542//542 540//540 694//694
f 695//695 693//693 541//541
f 696//696 542//542 694//694
f 543//543 695//695 541//541
f 544//544 542//542 696//696
f 697//697 695//695 543//543
f 698//698 544//544 696//696
f 545//545 697//697 543//543
f 546//546 544//544 698//698
f 699//699 697//697 545//545
f 700//700 546//546 698//698
f 547//547 699//699 545//545
f 548//548 546//546 700//700
f 701//701 699//699 547//547
f 702//702 548//548 700//700
f 549//549 701//701 547//547
f 550//550 548//548 702//702
f 703//703 701//701 549//549
f 704//704 550//550 702//702
f 551//551 703//703 549//549
f 552//552 550//550 704//704
f 705//705 703//703 551//551
f 706//706 552//552 704//704
f 553//553 705//705 551//551
f 554//554 552//552 706//706
f 707//707 705//705 553//553
f 708//708 554//554 706//706
f 555//555 707//707 553//553
f 556//556 554//554 708//708
f 709//709 707//707 555//555
f 710//710 556//556 708//708
f 557//557 709//709 555//555
f 558//558 556//556 710//710
f 711//711 709//709 557//557
f 712//712 558//558 710//710
f 559//559 711//711 557//557
f 560//560 558//558 712//712
f 713//713 711//711 559//559
f 714//714 560//560 712//712
f 561//561 713//713 559//559
f 562//562 560//560 714//714
f 715//715 713//713 561//561
f 716//716 562//562 714//714
f 563//563 715//715 561//561
f 564//564 562//562 716//716
f 717//717 715//715 563//563
f 718//718 564//564 716//716
f 565//565 717//717 563//563
f 566//566 564//564 718//718
f 719//719 717//717 565//565
f 720//720 566//566 718//718
f 567//567 719//719 565//565
f 568//568 566//566 720//720
f 721//721 719//719 567//567
f 722//722 568//568 720//720
f 569//569 721//721 567//567
f 570//570 568//568 722//722
f 723//723 721//721 569//569
f 724//724 570//570 722//722
f 571//571 723//723 569//569
f 572//572 570//570 724//724
f 725//725 723//723 571//571
f 726//726 572//572 724//724
f 573//573 725//725 571//571
f 574//574 572//572 726//726
f 727//727 725//725 573//573
f 728//728 574//574 726//726
f 575//575 727//727 573//573
f 576//576 574//574 728//728
f 729//729 727//727 575//575
f 730//730 576//576 728//728
f 577//577 729//729 575//575
f 578//578 576//576 730//730
f 731//731 729//729 577//577
f 732//732 578//578 730//730
f 579//579 731//731 577//577
f 580//580 578//578 732//732
f 733//733 731//731 579//579
f 734//734 580//580 732//732
f 581//581 733//733 579//579
f 582//582 580//580 734//734
f 735//735 733//733 581//581
f 736//736 582//582 734//734
f 583//583 735//735 581//581
f 584//584 582//582 736//736
f 737//737 735//735 583//583
f 738//738 584//584 736//736
f 585//585 737//737 583//583
f 586//586 584//584 738//738
f 739//739 737//737 585//585
f 740//740 586//586 738//738
f 587//587 739//739 585//585
f 588//588 586//586 740//740
f 741//741 739//739 587//587
f 742//742 588//588 740//740
f 589//589 741//741 587//587
f 590//590 588//588 742//742
f 743//743 741//741 589//589
f 744//744 590//590 742//742
f 591//591 743//743 589//589
f 592//592 590//590 744//744
f 745//745 743//743 591//591
f 746//746 592//592 744//744
f 593//593 745//745 591//591
f 594//594 592//592 746//746
f 747//747 745//745 593//593
f 748//748 594//594 746//746
f 595//595 747//747 593//593
f 596//596 594//594 748//748
f 749//749 747//747 595//595
f 750//750 596//596 748//748
f 597//597 749//749 595//595
f 598//598 596//596 750//750
f 751//751 749//749 597//597
f 752//752 598//598 750//750
f 599//599 751//751 597//597
f 600//600 598//598 752//752
f 753//753 751//751 599//599
f 754//754 600//600 752//752
f 601//601 753//753 599//599
f 602//602 600//600 754//754
f 755//755 753//753 601//601
f 756//756 602//602 754//754
f 603//603 755//755 601//601
f 604//604 602//602 756//756
f 757//757 755//755 603//603
f 758//758 604//604 756//756
f 605//605 757//757 603//603
f 606//606 604//604 758//758
f 759//759 757//757 605//605
f 760//760 606//606 758//758
f 607//607 759//759 605//605
f 608//608 606//606 760//760
f 761//761 759//759 607//607
f 762//762 608//608 760//760
f 609//609 761//761 607//607
f 610//610 608//608 762//762
f 763//763 761//761 609//609
f 764//764 610//610 762//762
f 611//611 763//763 609//609
f 612//612 610//610 764//764
f 765//765 763//763 611//611
f 766//766 612//612 764//764
f 613//613 765//765 611//611
f 614//614 612//612 766//766
f 767//767 765//765 613//613
f 768//768 614//614 766//766
f 615//615 767//767 613//613
f 616//616 614//614 768//768
f 769//769 767//767 615//615
f 770//770 616//616 768//768
f 617//617 769//769 615//615
f 618//618 616//616 770//770
f 771//771 769//769 617//617
f 772//772 618//618 770//770
f 619//619 771//771 617//617
f 620//620 618//618 772//772
f 773//773 771//771 619//619
f 774//774 620//620 772//772
f 621//621 773//773 619//619
f 622//622 620//620 774//774
f 775//775 773//773 621//621
f 776//776 622//622 774//774
f 623//623 775//775 621//621
f 624//624 622//622 776//776
f 777//777 775//775 623//623
f 778//778 624//624 776//776
f 625//625 777//777 623//623
f 626//626 624//624 778//778
f 779//779 777//777 625//625
f 780//780 626//626 778//778
f 4645//4645 779//779 625//625
f 4645//4645 626//626 780//780
f 4647//4647 779//779 4645//4645
f 4647//4647 4645//4645 780//780
f 627//627 4648//4648 4646//4646
f 628//628 4646//4646 4648//4648
f 781//781 4648//4648 627//627
f 782//782 628//628 4648//4648
f 629//629 781//781 627//627
f 630//630 628//628 782//782
f 783//783 781//781 629//629
f 784//784 630//630 782//782
f 631//631 783//783 629//629
f 632//632 630//630 784//784
f 785//785 783//783 631//631
f 786//786 632//632 784//784
f 633//633 785//785 631//631
f 634//634 632//632 786//786
f 787//787 785//785 633//633
f 788//788 634//634 786//786
f 635//635 787//787 633//633
f 636//636 634//634 788//788
f 789//789 787//787 635//635
f 790//790 636//636 788//788
f 637//637 789//789 635//635
f 638//638 636//636 790//790
f 791//791 789//789 637//637
f 792//792 638//638 790//790
f 639//639 791//791 637//637
f 640//640 638//638 792//792
f 793//793 791//791 639//639
f 794//794 640//640 792//792
f 641//641 793//793 639//639
f 642//642 640//640 794//794
f 795//795 793//793 641//641
f 796//796 642//642 794//794
f 643//643 795//795 641//641
f 644//644 642//642 796//796
f 797//797 795//795 643//643
f 798//798 644//644 796//796
f 645//645 797//797 643//643
f 646//646 644//644 798//798
f 799//799 797//797 645//645
f 800//800 646//646 798//798
f 647//647 799//799 645//645
f 648//648 646//646 800//800
f 801//801 799//799 647//647
f 802//802 648//648 800//800
f 649//649 801//801 647//647
f 650//650 648//648 802//802
f 803//803 801//801 649//649
f 804//804 650//650 802//802
f 651//651 803//803 649//649
f 652//652 650//650 804//804
f 805//805 803//803 651//651
f 806//806 652//652 804//804
f 653//653 805//805 651//651
f 654//654 652//652 806//806
f 807//807 805//805 653//653
f 808//808 654//654 806//806
f 655//655 807//807 653//653
f 656//656 654//654 808//808
f 809//809 807//807 655//655
f 810//810 656//656 808//808
f 657//657 809//809 655//655
f 658//658 656//656 810//810
f 811//811 809//809 657//657
f 812//812 658//658 810//810
f 659//659 811//811 657//657
f 660//660 658//658 812//812
f 813//813 811//811 659//659
f 814//814 660//660 812//812
f 661//661 813//813 659//659
f 662//662 660//660 814//814
f 815//815 813//813 661//661
f 816//816 662//662 814//814
f 663//663 815//815 661//661
f 664//664 662//662 816//816
f 817//817 815//815 663//663
f 818//818 664//664 816//816
f 665//665 817//817 663//663
f 666//666 664//664 818//818
f 819//819 817//817 665//665
f 820//820 666//666 818//818
f 667//667 819//819 665//665
f 668//668 666//666 820//820
f 821//821 819//819 667//667
f 822//822 668//668 820//820
f 669//669 821//821 667//667
f 670//670 668//668 822//822
f 823//823 821//821 669//669
f 824//824 670//670 822//822
f 671//671 823//823 669//669
f 672//672 670//670 824//824
f 825//825 823//823 671//671
f 826//826 672//672 824//824
f 673//673 825//825 671//671
f 674//674 672//672 826//826
f 827//827 825//825 673//673
f 828//828 674//674 826//826
f 675//675 827//827 673//673
f 676//676 674//674 828//828
f 829//829 827//827 675//675
f 830//830 676//676 828//828
f 677//677 829//829 675//675
f 678//678 676//676 830//830
f 831//831 829//829 677//677
f 832//832 678//678 830//830
f 679//679 831//831 677//677
f 680//680 678//678 832//832
f 833//833 831//831 679//679
f 834//834 680//680 832//832
f 681//681 833//833 679//679
f 682//682 680//680 834//834
f 835//835 833//833 681//681
f 836//836 682//682 834//834
f 683//683 835//835 681//681
f 684//684 682//682 836//836
f 837//837 835//835 683//683
f 838//838 684//684 836//836
f 685//685 837//837 683//683
f 686//686 684//684 838//838
f 839//839 837//837 685//685
f 840//840 686//686 838//838
f 687//687 839//839 685//685
f 688//688 686//686 840//840
f 841//841 839//839 687//687
f 842//842 688//688 840//840
f 689//689 841//841 687//687
f 690//690 688//688 842//842
f 843//843 841//841 689//689
f 844//844 690//690 842//842
f 691//691 843//843 689//689
f 692//692 690//690 844//844
f 845//845 843//843 691//691
f 846//846 692//692 844//844
f 693//693 845//845 691//691
f 694//694 692//692 846//846
f 847//847 845//845 693//693
f 848//848 694//694 846//846
f 695//695 847//847 693//693
f 696//696 694//694 848//848
f 849//849 847//847 695//695
f 850//850 696//696 848//848
f 697//697 849//849 695//695
f 698//698 696//696 850//850
f 851//851 849//849 697//697
f 852//852 698//698 850//850
f 699//699 851//851 697//697
f 700//700 698//698 852//852
f 853//853 851//851 699//699
f 854//854 700//700 852//852
f 701//701 853//853 699//699
f 702//702 700//700 854//854
f 855//855 853//853 701//701
f 856//856 702//702 854//854
f 703//703 855//855 701//701
f 704//704 702//702 856//856
f 857//857 855//855 703//703
f 858//858 704//704 856//856
f 705//705 857//857 703//703
f 706//706 704//704 858//858
f 859//859 857//857 705//705
f 860//860 706//706 858//858
f 707//707 859//859 705//705
f 708//708 706//706 860//860
f 861//861 859//859 707//707
f 862//862 708//708 860//860
f 709//709 861//861 707//707
f 710//710 708//708 862//862
f 863//863 861//861 709//709
f 864//864 710//710 862//862
f 711//711 863//863 709//709
f 712//712 710//710 864//864
f 865//865 863//863 711//711
f 866//866 712//712 864//864
f 713//713 865//865 711//711
f 714//714 712//712 866//866
f 867//867 865//865 713//713
f 868//868 714//714 866//866
f 715//715 867//867 713//713
f 716//716 714//714 868//868
f 869//869 867//867 715//715
f 870//870 716//716 868//868
f 717//717 869//869 715//715
f 718//718 716//716 870//870
f 871//871 869//869 717//717
f 872//872 718//718 870//870
f 719//719 871//871 717//717
f 720//720 718//718 872//872
f 873//873 871//871 719//719
f 874//874 720//720 872//872
f 721//721 873//873 719//719
f 722//722 720//720 874//874
f 875//875 873//873 721//721
f 876//876 722//722 874//874
f 723//723 875//875 721//721
f 724//724 722//722 876//876
f 877//877 875//875 723//723
f 878//878 724//724 876//876
f 725//725 877//877 723//723
f 726//726 724//724 878//878
f 879//879 877//877 725//725
f 880//880 726//726 878//878
f 727//727 879//879 725//725
f 728//728 726//726 880//880
f 881//881 879//879 727//727
f 882//882 728//728 880//880
f 729//729 881//881 727//727
f 730//730 728//728 882//882
f 883//883 881//881 729//729
f 884//884 730//730 882//882
f 731//731 883//883 729//729
f 732//732 730//730 884//884
f 885//885 883//883 731//731
f 886//886 732//732 884//884
f 733//733 885//885 731//731
f 734//734 732//732 886//886
f 887//887 885//885 733//733
f 888//888 734//734 886//886
f 735//735 887//887 733//733
f 736//736 734//734 888//888
f 889//889 887//887 735//735
f 890//890 736//736 888//888
f 737//737 889//889 735//735
f 738//738 736//736 890//890
f 891//891 889//889 737//737
f 892//892 738//738 890//890
f 739//739 891//891 737//737
f 740//740 738//738 892//892
f 893//893 891//891 739//739
f 894//894 740//740 892//892
f 741//741 893//893 739//739
f 742//742 740//740 894//894
f 895//895 893//893 741//741
f 896//896 742//742 894//894
f 743//743 895//895 741//741
f 744//744 742//742 896//896
f 897//897 895//895 743//743
f 898//898 744//744 896//896
f 745//745 897//897 743//743
f 746//746 744//744 898//898
f 899//899 897//897 745//745
f 900//900 746//746 898//898
f 747//747 899//899 745//745
f 748//748 746//746 900//900
f 901//901 899//899 747//747
f 902//902 748//748 900//900
f 749//749 901//901 747//747
f 750//750 748//748 902//902
f 903//903 901//901 749//749
f 904//904 750//750 902//902
f 751//751 903//903 749//749
f 752//752 750//750 904//904
f 905//905 903//903 751//751
f 906//906 752//752 904//904
f 753//753 905//905 751//751
f 754//754 752//752 906//906
f 907//907 905//905 753//753
f 908//908 754//754 906//906
f 755//755 907//907 753//753
f 756//756 754//754 908//908
f 909//909 907//907 755//755
f 910//910 756//756 908//908
f 757//757 909//909 755//755
f 758//758 756//756 910//910
f 911//911 909//909 757//757
f 912//912 758//758 910//910
f 759//759 911//911 757//757
f 760//760 758//758 912//912
f 913//913 911//911 759//759
f 914//914 760//760 912//912
f 761//761 913//913 759//759
f 762//762 760//760 914//914
f 915//915 913//913 761//761
f 916//916 762//762 914//914
f 763//763 915//915 761//761
f 764//764 762//762 916//916
f 917//917 915//915 763//763
f 918//918 764//764 916//916
f 765//765 917//917 763//763
f 766//766 764//764 918//918
f 919//919 917//917 765//765
f 920//920 766//766 918//918
f 767//767 919//919 765//765
f 768//768 766//766 920//920
f 921//921 919//919 767//767
f 922//922 768//768 920//920
f 769//769 921//921 767//767
f 770//770 768//768 922//922
f 923//923 921//921 769//769
f 924//924 770//770 922//922
f 771//771 923//923 769//769
f 772//772 770//770 924//924
f 925//925 923//923 771//771
f 926//926 772//772 924//924
f 773//773 925//925 771//771
f 774//774 772//772 926//926
f 927//927 925//925 773//773
f 928//928 774//774 926//926
f 775//775 927//927 773//773
f 776//776 774//774 928//928
f 929//929 927//927 775//775
f 930//930 776//776 928//928
f 777//777 929//929 775//775
f 778//778 776//776 930//930
f 779//779 929//929 777//777
f 780//780 778//778 930//930
f 931//931 929//929 779//779
f 932//932 780//780 930//930
f 4647//4647 931//931 779//779
f 4647//4647 780//780 932//932
f 4649//4649 931//931 4647//4647
f 4649//4649 4647//4647 932//932
f 933//933 4650//4650 4648//4648
f 934//934 4648//4648 4650//4650
f 935//935 933//933 4648//4648
f 936//936 4648//4648 934//934
f 781//781 935//935 4648//4648
f 782//782 4648//4648 936//936
f 937//937 935//935 781//781
f 938//938 782//782 936//936
f 783//783 937//937 781//781
f 784//784 782//782 938//938
f 939//939 937//937 783//783
f 940//940 784//784 938//938
f 785//785 939//939 783//783
f 786//786 784//784 940//940
f 941//941 939//939 785//785
f 942//942 786//786 940//940
f 787//787 941//941 785//785
f 788//788 786//786 942//942
f 943//943 941//941 787//787
f 944//944 788//788 942//942
f 789//789 943//943 787//787
f 790//790 788//788 944//944
f 945//945 943//943 789//789
f 946//946 790//790 944//944
f 791//791 945//945 789//789
f 792//792 790//790 946//946
f 793//793 945//945 791//791
f 794//794 792//792 946//946
f 947//947 945//945 793//793
f 948//948 794//794 946//946
f 949//949 947//947 793//793
f 950//950 794//794 948//948
f 795//795 949//949 793//793
f 796//796 794//794 950//950
f 951//951 949//949 795//795
f 952//952 796//796 950//950
f 797//797 951//951 795//795
f 798//798 796//796 952//952
f 799//799 951//951 797//797
f 800//800 798//798 952//952
f 953//953 951//951 799//799
f 954//954 800//800 952//952
f 955//955 953//953 799//799
f 956//956 800//800 954//954
f 801//801 955//955 799//799
f 802//802 800//800 956//956
f 957//957 955//955 801//801
f 958//958 802//802 956//956
f 803//803 957//957 801//801
f 804//804 802//802 958//958
f 959//959 957//957 803//803
f 960//960 804//804 958//958
f 805//805 959//959 803//803
f 806//806 804//804 960//960
f 961//961 959//959 805//805
f 962//962 806//806 960//960
f 807//807 961//961 805//805
f 808//808 806//806 962//962
f 963//963 961//961 807//807
f 964//964 808//808 962//962
f 809//809 963//963 807//807
f 810//810 808//808 964//964
f 965//965 963//963 809//809
f 966//966 810//810 964//964
f 811//811 965//965 809//809
f 812//812 810//810 966//966
f 967//967 965//965 811//811
f 968//968 812//812 966//966
f 813//813 967//967 811//811
f 814//814 812//812 968//968
f 969//969 967//967 813//813
f 970//970 814//814 968//968
f 815//815 969//969 813//813
f 816//816 814//814 970//970
f 971//971 969//969 815//815
f 972//972 816//816 970//970
f 817//817 971//971 815//815
f 818//818 816//816 972//972
f 973//973 971//971 817//817
f 974//974 818//818 972//972
f 819//819 973//973 817//817
f 820//820 818//818 974//974
f 975//975 973//973 819//819
f 976//976 820//820 974//974
f 821//821 975//975 819//819
f 822//822 820//820 976//976
f 977//977 975//975 821//821
f 978//978 822//822 976//976
f 823//823 977//977 821//821
f 824//824 822//822 978//978
f 979//979 977//977 823//823
f 980//980 824//824 978//978
f 825//825 979//979 823//823
f 826//826 824//824 980//980
f 981//981 979//979 825//825
f 982//982 826//826 980//980
f 827//827 981//981 825//825
f 828//828 826//826 982//982
f 983//983 981//981 827//827
f 984//984 828//828 982//982
f 829//829 983//983 827//827
f 830//830 828//828 984//984
f 985//985 983//983 829//829
f 986//986 830//830 984//984
f 831//831 985//985 829//829
f 832//832 830//830 986//986
f 987//987 985//985 831//831
f 988//988 832//832 986//986
f 833//833 987//987 831//831
f 834//834 832//832 988//988
f 989//989 987//987 833//833
f 990//990 834//834 988//988
f 835//835 989//989 833//833
f 836//836 834//834 990//990
f 991//991 989//989 835//835
f 992//992 836//836 990//990
f 837//837 991//991 835//835
f 838//838 836//836 992//992
f 993//993 991//991 837//837
f 994//994 838//838 992//992
f 839//839 993//993 837//837
f 840//840 838//838 994//994
f 995//995 993//993 839//839
f 996//996 840//840 994//994
f 841//841 995//995 839//839
f 842//842 840//840 996//996
f 997//997 995//995 841//841
f 998//998 842//842 996//996
f 843//843 997//997 841//841
f 844//844 842//842 998//998
f 999//999 997//997 843//843
f 1000//1000 844//844 998//998
f 845//845 999//999 843//843
f 846//846 844//844 1000//1000
f 1001//1001 999//999 845//845
f 1002//1002 846//846 1000//1000
f 847//847 1001//1001 845//845
f 848//848 846//846 1002//1002
f 1003//1003 1001//1001 847//847
f 1004//1004 848//848 1002//1002
f 849//849 1003//1003 847//847
f 850//850 848//848 1004//1004
f 1005//1005 1003//1003 849//849
f 1006//1006 850//850 1004//1004
f 851//851 1005//1005 849//849
f 852//852 850//850 1006//1006
f 1007//1007 1005//1005 851//851
f 1008//1008 852//852 1006//1006
f 853//853 1007//1007 851//851
f 854//854 852//852 1008//1008
f 1009//1009 1007//1007 853//853
f 1010//1010 854//854 1008//1008
f 855//855 1009//1009 853//853
f 856//856 854//854 1010//1010
f 1011//1011 1009//1009 855//855
f 1012//1012 856//856 1010//1010
f 857//857 1011//1011 855//855
f 858//858 856//856 1012//1012
f 1013//1013 1011//1011 857//857
f 1014//1014 858//858 1012//1012
f 859//859 1013//1013 857//857
f 860//860 858//858 1014//1014
f 1015//1015 1013//1013 859//859
f 1016//1016 860//860 1014//1014
f 861//861 1015//1015 859//859
f 862//862 860//860 1016//1016
f 1017//1017 1015//1015 861//861
f 1018//1018 862//862 1016//1016
f 863//863 1017//1017 861//861
f 864//864 862//862 1018//1018
f 1019//1019 1017//1017 863//863
f 1020//1020 864//864 1018//1018
f 865//865 1019//1019 863//863
f 866//866 864//864 1020//1020
f 1021//1021 1019//1019 865//865
f 1022//1022 866//866 1020//1020
f 867//867 1021//1021 865//865
f 868//868 866//866 1022//1022
f 1023//1023 1021//1021 867//867
f 1024//1024 868//868 1022//1022
f 869//869 1023//1023 867//867
f 870//870 868//868 1024//1024
f 1025//1025 1023//1023 869//869
f 1026//1026 870//870 1024//1024
f 871//871 1025//1025 869//869
f 872//872 870//870 1026//1026
f 1027//1027 1025//1025 871//871
f 1028//1028 872//872 1026//1026
f 873//873 1027//1027 871//871
f 874//874 872//872 1028//1028
f 1029//1029 1027//1027 873//873
f 1030//1030 874//874 1028//1028
f 875//875 1029//1029 873//873
f 876//876 874//874 1030//1030
f 1031//1031 1029//1029 875//875
f 1032//1032 876//876 1030//1030
f 877//877 1031//1031 875//875
f 878//878 876//876 1032//1032
f 1033//1033 1031//1031 877//877
f 1034//1034 878//878 1032//1032
f 879//879 1033//1033 877//877
f 880//880 878//878 1034//1034
f 1035//1035 1033//1033 879//879
f 1036//1036 880//880 1034//1034
f 881//881 1035//1035 879//879
f 882//882 880//880 1036//1036
f 1037//1037 1035//1035 881//881
f 1038//1038 882//882 1036//1036
f 883//883 1037//1037 881//881
f 884//884 882//882 1038//1038
f 1039//1039 1037//1037 883//883
f 1040//1040 884//884 1038//1038
f 885//885 1039//1039 883//883
f 886//886 884//884 1040//1040
f 1041//1041 1039//1039 885//885
f 1042//1042 886//886 1040//1040
f 887//887 1041//1041 885//885
f 888//888 886//886 1042//1042
f 1043//1043 1041//1041 887//887
f 1044//1044 888//888 1042//1042
f 889//889 1043//1043 887//887
f 890//890 888//888 1044//1044
f 1045//1045 1043//1043 889//889
f 1046//1046 890//890 1044//1044
f 891//891 1045//1045 889//889
f 892//892 890//890 1046//1046
f 1047//1047 1045//1045 891//891
f 1048//1048 892//892 1046//1046
f 893//893 1047//1047 891//891
f 894//894 892//892 1048//1048
f 1049//1049 1047//1047 893//893
f 1050//1050 894//894 1048//1048
f 895//895 1049//1049 893//893
f 896//896 894//894 1050//1050
f 1051//1051 1049//1049 895//895
f 1052//1052 896//896 1050//1050
f 897//897 1051//1051 895//895
f 898//898 896//896 1052//1052
f 1053//1053 1051//1051 897//897
f 1054//1054 898//898 1052//1052
f 899//899 1053//1053 897//897
f 900//900 898//898 1054//1054
f 1055//1055 1053//1053 899//899
f 1056//1056 900//900 1054//1054
f 901//901 1055//1055 899//899
f 902//902 900//900 1056//1056
f 1057//1057 1055//1055 901//901
f 1058//1058 902//902 1056//1056
f 903//903 1057//1057 901//901
f 904//904 902//902 1058//1058
f 1059//1059 1057//1057 903//903
f 1060//1060 904//904 1058//1058
f 905//905 1059//1059 903//903
f 906//906 904//904 1060//1060
f 1061//1061 1059//1059 905//905
f 1062//1062 906//906 1060//1060
f 907//907 1061//1061 905//905
f 908//908 906//906 1062//1062
f 1063//1063 1061//1061 907//907
f 1064//1064 908//908 1062//1062
f 909//909 1063//1063 907//907
f 910//910 908//908 1064//1064
f 1065//1065 1063//1063 909//909
f 1066//1066 910//910 1064//1064
f 911//911 1065//1065 909//909
f 912//912 910//910 1066//1066
f 1067//1067 1065//1065 911//911
f 1068//1068 912//912 1066//1066
f 913//913 1067//1067 911//911
f 914//914 912//912 1068//1068
f 1069//1069 1067//1067 913//913
f 1070//1070 914//914 1068//1068
f 915//915 1069//1069 913//913
f 916//916 914//914 1070//1070
f 1071//1071 1069//1069 915//915
f 1072//1072 916//916 1070//1070
f 917//917 1071//1071 915//915
f 918//918 916//916 1072//1072
f 1073//1073 1071//1071 917//917
f 1074//1074 918//918 1072//1072
f 919//919 1073//1073 917//917
f 920//920 918//918 1074//1074
f 1075//1075 1073//1073 919//919
f 1076//1076 920//920 1074//1074
f 921//921 1075//1075 919//919
f 922//922 920//920 1076//1076
f 1077//1077 1075//1075 921//921
f 1078//1078 922//922 1076//1076
f 923//923 1077//1077 921//921
f 924//924 922//922 1078//1078
f 1079//1079 1077//1077 923//923
f 1080//1080 924//924 1078//1078
f 925//925 1079//1079 923//923
f 926//926 924//924 1080//1080
f 1081//1081 1079//1079 925//925
f 1082//1082 926//926 1080//1080
f 927//927 1081//1081 925//925
f 928//928 926//926 1082//1082
f 1083//1083 1081//1081 927//927
f 1084//1084 928//928 1082//1082
f 929//929 1083//1083 927//927
f 930//930 928//928 1084//1084
f 1085//1085 1083//1083 929//929
f 1086//1086 930//930 1084//1084
f 931//931 1085//1085 929//929
f 932//932 930//930 1086//1086
f 1087//1087 1085//1085 931//931
f 1088//1088 932//932 1086//1086
f 4649//4649 1087//1087 931//931
f 4649//4649 932//932 1088//1088
f 4651//4651 1087//1087 4649//4649
f 4651//4651 4649//4649 1088//1088
f 1089//1089 4652//4652 4650//4650
f 1090//1090 4650//4650 4652//4652
f 933//933 1089//1089 4650//4650
f 934//934 4650//4650 1090//1090
f 1091//1091 1089//1089 933//933
f 1092//1092 934//934 1090//1090
f 935//935 1091//1091 933//933
f 936//936 934//934 1092//1092
f 1093//1093 1091//1091 935//935
f 1094//1094 936//936 1092//1092
f 937//937 1093//1093 935//935
f 938//938 936//936 1094//1094
f 1095//1095 1093//1093 937//937
f 1096//1096 938//938 1094//1094
f 939//939 1095//1095 937//937
f 940//940 938//938 1096//1096
f 1097//1097 1095//1095 939//939
f 1098//1098 940//940 1096//1096
f 941//941 1097//1097 939//939
f 942//942 940//940 1098//1098
f 1099//1099 1097//1097 941//941
f 1100//1100 942//942 1098//1098
f 943//943 1099//1099 941//941
f 944//944 942//942 1100//1100
f 1101//1101 1099//1099 943//943
f 1102//1102 944//944 1100//1100
f 945//945 1101//1101 943//943
f 946//946 944//944 1102//1102
f 1103//1103 1101//1101 945//945
f 1104//1104 946//946 1102//1102
f 947//947 1103//1103 945//945
f 948//948 946//946 1104//1104
f 1105//1105 1103//1103 947//947
f 1106//1106 948//948 1104//1104
f 949//949 1105//1105 947//947
f 950//950 948//948 1106//1106
f 1107//1107 1105//1105 949//949
f 1108//1108 950//950 1106//1106
f 951//951 1107//1107 949//949
f 952//952 950//950 1108//1108
f 1109//1109 1107//1107 951//951
f 1110//1110 952//952 1108//1108
f 953//953 1109//1109 951//951
f 954//954 952//952 1110//1110
f 1111//1111 1109//1109 953//953
f 1112//1112 954//954 1110//1110
f 955//955 1111//1111 953//953
f 956//956 954//954 1112//1112
f 1113//1113 1111//1111 955//955
f 1114//1114 956//956 1112//1112
f 957//957 1113//1113 955//955
f 958//958 956//956 1114//1114
f 1115//1115 1113//1113 957//957
f 1116//1116 958//958 1114//1114
f 959//959 1115//1115 957//957
f 960//960 958//958 1116//1116
f 1117//1117 1115//1115 959//959
f 1118//1118 960//960 1116//1116
f 961//961 1117//1117 959//959
f 962//962 960//960 1118//1118
f 1119//1119 1117//1117 961//961
f 1120//1120 962//962 1118//1118
f 963//963 1119//1119 961//961
f 964//964 962//962 1120//1120
f 1121//1121 1119//1119 963//963
f 1122//1122 964//964 1120//1120
f 965//965 1121//1121 963//963
f 966//966 964//964 1122//1122
f 1123//1123 1121//1121 965//965
f 1124//1124 966//966 1122//1122
f 967//967 1123//1123 965//965
f 968//968 966//966 1124//1124
f 1125//1125 1123//1123 967//967
f 1126//1126 968//968 1124//1124
f 969//969 1125//1125 967//967
f 970//970 968//968 1126//1126
f 1127//1127 1125//1125 969//969
f 1128//1128 970//970 1126//1126
f 971//971 1127//1127 969//969
f 972//972 970//970 1128//1128
f 1129//1129 1127//1127 971//971
f 1130//1130 972//972 1128//1128
f 973//973 1129//1129 971//971
f 974//974 972//972 1130//1130
f 1131//1131 1129//1129 973//973
f 1132//1132 974//974 1130//1130
f 975//975 1131//1131 973//973
f 976//976 974//974 1132//1132
f 1133//1133 1131//1131 975//975
f 1134//1134 976//976 1132//1132
f 977//977 1133//1133 975//975
f 978//978 976//976 1134//1134
f 1135//1135 1133//1133 977//977
f 1136//1136 978//978 1134//1134
f 979//979 1135//1135 977//977
f 980//980 978//978 1136//1136
f 1137//1137 1135//1135 979//979
f 1138//1138 980//980 1136//1136
f 981//981 1137//1137 979//979
f 982//982 980//980 1138//1138
f 1139//1139 1137//1137 981//981
f 1140//1140 982//982 1138//1138
f 983//983 1139//1139 981//981
f 984//984 982//982 1140//1140
f 1141//1141 1139//1139 983//983
f 1142//1142 984//984 1140//1140
f 985//985 1141//1141 983//983
f 986//986 984//984 1142//1142
f 1143//1143 1141//1141 985//985
f 1144//1144 986//986 1142//1142
f 987//987 1143//1143 985//985
f 988//988 986//986 1144//1144
f 1145//1145 1143//1143 987//987
f 1146//1146 988//988 1144//1144
f 989//989 1145//1145 987//987
f 990//990 988//988 1146//1146
f 1147//1147 1145//1145 989//989
f 1148//1148 990//990 1146//1146
f 991//991 1147//1147 989//989
f 992//992 990//990 1148//1148
f 1149//1149 1147//1147 991//991
f 1150//1150 992//992 1148//1148
f 993//993 1149//1149 991//991
f 994//994 992//992 1150//1150
f 1151//1151 1149//1149 993//993
f 1152//1152 994//994 1150//1150
f 995//995 1151//1151 993//993
f 996//996 994//994 1152//1152
f 1153//1153 1151//1151 995//995
f 1154//1154 996//996 1152//1152
f 997//997 1153//1153 995//995
f 998//998 996//996 1154//1154
f 1155//1155 1153//1153 997//997
f 1156//1156 998//998 1154//1154
f 999//999 1155//1155 997//997
f 1000//1000 998//998 1156//1156
f 1157//1157 1155//1155 999//999
f 1158//1158 1000//1000 1156//1156
f 1001//1001 1157//1157 999//999
f 1002//1002 1000//1000 1158//1158
f 1159//1159 1157//1157 1001//1001
f 1160//1160 1002//1002 1158//1158
f 1003//1003 1159//1159 1001//1001
f 1004//1004 1002//1002 1160//1160
f 1161//1161 1159//1159 1003//1003
f 1162//1162 1004//1004 1160//1160
f 1005//1005 1161//1161 1003//1003
f 1006//1006 1004//1004 1162//1162
f 1163//1163 1161//1161 1005//1005
f 1164//1164 1006//1006 1162//1162
f 1007//1007 1163//1163 1005//1005
f 1008//1008 1006//1006 1164//1164
f 1165//1165 1163//1163 1007//1007
f 1166//1166 1008//1008 1164//1164
f 1009//1009 1165//1165 1007//1007
f 1010//1010 1008//1008 1166//1166
f 1167//1167 1165//1165 1009//1009
f 1168//1168 1010//1010 1166//1166
f 1011//1011 1167//1167 1009//1009
f 1012//1012 1010//1010 1168//1168
f 1169//1169 1167//1167 1011//1011
f 1170//1170 1012//1012 1168//1168
f 1013//1013 1169//1169 1011//1011
f 1014//1014 1012//1012 1170//1170
f 1171//1171 1169//1169 1013//1013
f 1172//1172 1014//1014 1170//1170
f 1015//1015 1171//1171 1013//1013
f 1016//1016 1014//1014 1172//1172
f 1173//1173 1171//1171 1015//1015
f 1174//1174 1016//1016 1172//1172
f 1017//1017 1173//1173 1015//1015
f 1018//1018 1016//1016 1174//1174
f 1175//1175 1173//1173 1017//1017
f 1176//1176 1018//1018 1174//1174
f 1019//1019 1175//1175 1017//1017
f 1020//1020 1018//1018 1176//1176
f 1177//1177 1175//1175 1019//1019
f 1178//1178 1020//1020 1176//1176
f 1021//1021 1177//1177 1019//1019
f 1022//1022 1020//1020 1178//1178
f 1179//1179 1177//1177 1021//1021
f 1180//1180 1022//1022 1178//1178
f 1023//1023 1179//1179 1021//1021
f 1024//1024 1022//1022 1180//1180
f 1181//1181 1179//1179 1023//1023
f 1182//1182 1024//1024 1180//1180
f 1025//1025 1181//1181 1023//1023
f 1026//1026 1024//1024 1182//1182
f 1183//1183 1181//1181 1025//1025
f 1184//1184 1026//1026 1182//1182
f 1027//1027 1183//1183 1025//1025
f 1028//1028 1026//1026 1184//1184
f 1185//1185 1183//1183 1027//1027
f 1186//1186 1028//1028 1184//1184
f 1029//1029 1185//1185 1027//1027
f 1030//1030 1028//1028 1186//1186
f 1187//1187 1185//1185 1029//1029
f 1188//1188 1030//1030 1186//1186
f 1031//1031 1187//1187 1029//1029
f 1032//1032 1030//1030 1188//1188
f 1189//1189 1187//1187 1031//1031
f 1190//1190 1032//1032 1188//1188
f 1033//1033 1189//1189 1031//1031
f 1034//1034 1032//1032 1190//1190
f 1191//1191 1189//1189 1033//1033
f 1192//1192 1034//1034 1190//1190
f 1035//1035 1191//1191 1033//1033
f 1036//1036 1034//1034 1192//1192
f 1193//1193 1191//1191 1035//1035
f 1194//1194 1036//1036 1192//1192
f 1037//1037 1193//1193 1035//1035
f 1038//1038 1036//1036 1194//1194
f 1195//1195 1193//1193 1037//1037
f 1196//1196 1038//1038 1194//1194
f 1039//1039 1195//1195 1037//1037
f 1040//1040 1038//1038 1196//1196
f 1197//1197 1195//1195 1039//1039
f 1198//1198 1040//1040 1196//1196
f 1041//1041 1197//1197 1039//1039
f 1042//1042 1040//1040 1198//1198
f 1199//1199 1197//1197 1041//1041
f 1200//1200 1042//1042 1198//1198
f 1043//1043 1199//1199 1041//1041
f 1044//1044 1042//1042 1200//1200
f 1201//1201 1199//1199 1043//1043
f 1202//1202 1044//1044 1200//1200
f 1045//1045 1201//1201 1043//1043
f 1046//1046 1044//1044 1202//1202
f 1203//1203 1201//1201 1045//1045
f 1204//1204 1046//1046 1202//1202
f 1047//1047 1203//1203 1045//1045
f 1048//1048 1046//1046 1204//1204
f 1205//1205 1203//1203 1047//1047
f 1206//1206 1048//1048 1204//1204
f 1049//1049 1205//1205 1047//1047
f 1050//1050 1048//1048 1206//1206
f 1207//1207 1205//1205 1049//1049
f 1208//1208 1050//1050 1206//1206
f 1051//1051 1207//1207 1049//1049
f 1052//1052 1050//1050 1208//1208
f 1209//1209 1207//1207 1051//1051
f 1210//1210 1052//1052 1208//1208
f 1053//1053 1209//1209 1051//1051
f 1054//1054 1052//1052 1210//1210
f 1211//1211 1209//1209 1053//1053
f 1212//1212 1054//1054 1210//1210
f 1055//1055 1211//1211 1053//1053
f 1056//1056 1054//1054 1212//1212
f 1213//1213 1211//1211 1055//1055
f 1214//1214 1056//1056 1212//1212
f 1057//1057 1213//1213 1055//1055
f 1058//1058 1056//1056 1214//1214
f 1215//1215 1213//1213 1057//1057
f 1216//1216 1058//1058 1214//1214
f 1059//1059 1215//1215 1057//1057
f 1060//1060 1058//1058 1216//1216
f 1217//1217 1215//1215 1059//1059
f 1218//1218 1060//1060 1216//1216
f 1061//1061 1217//1217 1059//1059
f 1062//1062 1060//1060 1218//1218
f 1219//1219 1217//1217 1061//1061
f 1220//1220 1062//1062 1218//1218
f 1063//1063 1219//1219 1061//1061
f 1064//1064 1062//1062 1220//1220
f 1221//1221 1219//1219 1063//1063
f 1222//1222 1064//1064 1220//1220
f 1065//1065 1221//1221 1063//1063
f 1066//1066 1064//1064 1222//1222
f 1223//1223 1221//1221 1065//1065
f 1224//1224 1066//1066 1222//1222
f 1067//1067 1223//1223 1065//1065
f 1068//1068 1066//1066 1224//1224
f 1225//1225 1223//1223 1067//1067
f 1226//1226 1068//1068 1224//1224
f 1069//1069 1225//1225 1067//1067
f 1070//1070 1068//1068 1226//1226
f 1227//1227 1225//1225 1069//1069
f 1228//1228 1070//1070 1226//1226
f 1071//1071 1227//1227 1069//1069
f 1072//1072 1070//1070 1228//1228
f 1229//1229 1227//1227 1071//1071
f 1230//1230 1072//1072 1228//1228
f 1073//1073 1229//1229 1071//1071
f 1074//1074 1072//1072 1230//1230
f 1231//1231 1229//1229 1073//1073
f 1232//1232 1074//1074 1230//1230
f 1075//1075 1231//1231 1073//1073
f 1076//1076 1074//1074 1232//1232
f 1233//1233 1231//1231 1075//1075
f 1234//1234 1076//1076 1232//1232
f 1077//1077 1233//1233 1075//1075
f 1078//1078 1076//1076 1234//1234
f 1235//1235 1233//1233 1077//1077
f 1236//1236 1078//1078 1234//1234
f 1079//1079 1235//1235 1077//1077
f 1080//1080 1078//1078 1236//1236
f 1237//1237 1235//1235 1079//1079
f 1238//1238 1080//1080 1236//1236
f 1081//1081 1237//1237 1079//1079
f 1082//1082 1080//1080 1238//1238
f 1239//1239 1237//1237 1081//1081
f 1240//1240 1082//1082 1238//1238
f 1083//1083 1239//1239 1081//1081
f 1084//1084 1082//1082 1240//1240
f 1241//1241 1239//1239 1083//1083
f 1242//1242 1084//1084 1240//1240
f 1085//1085 1241//1241 1083//1083
f 1086//1086 1084//1084 1242//1242
f 1243//1243 1241//1241 1085//1085
f 1244//1244 1086//1086 1242//1242
f 1087//1087 1243//1243 1085//1085
f 1088//1088 1086//1086 1244//1244
f 1245//1245 1243//1243 1087//1087
f 1246//1246 1088//1088 1244//1244
f 4651//4651 1245//1245 1087//1087
f 4651//4651 1088//1088 1246//1246
f 4653//4653 1245//1245 4651//4651
f 4653//4653 4651//4651 1246//1246
f 1247//1247 4654//4654 4652//4652
f 1248//1248 4652//4652 4654//4654
f 1089//1089 1247//1247 4652//4652
f 1090//1090 4652//4652 1248//1248
f 1249//1249 1247//1247 1089//1089
f 1250//1250 1090//1090 1248//1248
f 1091//1091 1249//1249 1089//1089
f 1092//1092 1090//1090 1250//1250
f 1251//1251 1249//1249 1091//1091
f 1252//1252 1092//1092 1250//1250
f 1093//1093 1251//1251 1091//1091
f 1094//1094 1092//1092 1252//1252
f 1253//1253 1251//1251 1093//1093
f 1254//1254 1094//1094 1252//1252
f 1095//1095 1253//1253 1093//1093
f 1096//1096 1094//1094 1254//1254
f 1255//1255 1253//1253 1095//1095
f 1256//1256 1096//1096 1254//1254
f 1097//1097 1255//1255 1095//1095
f 1098//1098 1096//1096 1256//1256
f 1257//1257 1255//1255 1097//1097
f 1258//1258 1098//1098 1256//1256
f 1099//1099 1257//1257 1097//1097
f 1100//1100 1098//1098 1258//1258
f 1259//1259 1257//1257 1099//1099
f 1260//1260 1100//1100 1258//1258
f 1101//1101 1259//1259 1099//1099
f 1102//1102 1100//1100 1260//1260
f 1103//1103 1259//1259 1101//1101
f 1104//1104 1102//1102 1260//1260
f 1261//1261 1259//1259 1103//1103
f 1262//1262 1104//1104 1260//1260
f 1263//1263 1261//1261 1103//1103
f 1264//1264 1104//1104 1262//1262
f 1105//1105 1263//1263 1103//1103
f 1106//1106 1104//1104 1264//1264
f 1107//1107 1263//1263 1105//1105
f 1108//1108 1106//1106 1264//1264
f 1265//1265 1263//1263 1107//1107
f 1266//1266 1108//1108 1264//1264
f 1109//1109 1265//1265 1107//1107
f 1110//1110 1108//1108 1266//1266
f 1267//1267 1265//1265 1109//1109
f 1268//1268 1110//1110 1266//1266
f 1111//1111 1267//1267 1109//1109
f 1112//1112 1110//1110 1268//1268
f 1269//1269 1267//1267 1111//1111
f 1270//1270 1112//1112 1268//1268
f 1113//1113 1269//1269 1111//1111
f 1114//1114 1112//1112 1270//1270
f 1271//1271 1269//1269 1113//1113
f 1272//1272 1114//1114 1270//1270
f 1115//1115 1271//1271 1113//1113
f 1116//1116 1114//1114 1272//1272
f 1273//1273 1271//1271 1115//1115
f 1274//1274 1116//1116 1272//1272
f 1117//1117 1273//1273 1115//1115
f 1118//1118 1116//1116 1274//1274
f 1275//1275 1273//1273 1117//1117
f 1276//1276 1118//1118 1274//1274
f 1119//1119 1275//1275 1117//1117
f 1120//1120 1118//1118 1276//1276
f 1277//1277 1275//1275 1119//1119
f 1278//1278 1120//1120 1276//1276
f 1121//1121 1277//1277 1119//1119
f 1122//1122 1120//1120 1278//1278
f 1279//1279 1277//1277 1121//1121
f 1280//1280 1122//1122 1278//1278
f 1123//1123 1279//1279 1121//1121
f 1124//1124 1122//1122 1280//1280
f 1281//1281 1279//1279 1123//1123
f 1282//1282 1124//1124 1280//1280
f 1125//1125 1281//1281 1123//1123
f 1126//1126 1124//1124 1282//1282
f 1283//1283 1281//1281 1125//1125
f 1284//1284 1126//1126 1282//1282
f 1127//1127 1283//1283 1125//1125
f 1128//1128 1126//1126 1284//1284
f 1285//1285 1283//1283 1127//1127
f 1286//1286 1128//1128 1284//1284
f 1129//1129 1285//1285 1127//1127
f 1130//1130 1128//1128 1286//1286
f 1287//1287 1285//1285 1129//1129
f 1288//1288 1130//1130 1286//1286
f 1131//1131 1287//1287 1129//1129
f 1132//1132 1130//1130 1288//1288
f 1289//1289 1287//1287 1131//1131
f 1290//1290 1132//1132 1288//1288
f 1133//1133 1289//1289 1131//1131
f 1134//1134 1132//1132 1290//1290
f 1291//1291 1289//1289 1133//1133
f 1292//1292 1134//1134 1290//1290
f 1135//1135 1291//1291 1133//1133
f 1136//1136 1134//1134 1292//1292
f 1293//1293 1291//1291 1135//1135
f 1294//1294 1136//1136 1292//1292
f 1137//1137 1293//1293 1135//1135
f 1138//1138 1136//1136 1294//1294
f 1295//1295 1293//1293 1137//1137
f 1296//1296 1138//1138 1294//1294
f 1139//1139 1295//1295 1137//1137
f 1140//1140 1138//1138 1296//1296
f 1297//1297 1295//1295 1139//1139
f 1298//1298 1140//1140 1296//1296
f 1141//1141 1297//1297 1139//1139
f 1142//1142 1140//1140 1298//1298
f 1299//1299 1297//1297 1141//1141
f 1300//1300 1142//1142 1298//1298
f 1143//1143 1299//1299 1141//1141
f 1144//1144 1142//1142 1300//1300
f 1301//1301 1299//1299 1143//1143
f 1302//1302 1144//1144 1300//1300
f 1145//1145 1301//1301 1143//1143
f 1146//1146 1144//1144 1302//1302
f 1303//1303 1301//1301 1145//1145
f 1304//1304 1146//1146 1302//1302
f 1147//1147 1303//1303 1145//1145
f 1148//1148 1146//1146 1304//1304
f 1305//1305 1303//1303 1147//1147
f 1306//1306 1148//1148 1304//1304
f 1149//1149 1305//1305 1147//1147
f 1150//1150 1148//1148 1306//1306
f 1307//1307 1305//1305 1149//1149
f 1308//1308 1150//1150 1306//1306
f 1151//1151 1307//1307 1149//1149
f 1152//1152 1150//1150 1308//1308
f 1309//1309 1307//1307 1151//1151
f 1310//1310 1152//1152 1308//1308
f 1153//1153 1309//1309 1151//1151
f 1154//1154 1152//1152 1310//1310
f 1311//1311 1309//1309 1153//1153
f 1312//1312 1154//1154 1310//1310
f 1155//1155 1311//1311 1153//1153
f 1156//1156 1154//1154 1312//1312
f 1313//1313 1311//1311 1155//1155
f 1314//1314 1156//1156 1312//1312
f 1157//1157 1313//1313 1155//1155
f 1158//1158 1156//1156 1314//1314
f 1315//1315 1313//1313 1157//1157
f 1316//1316 1158//1158 1314//1314
f 1159//1159 1315//1315 1157//1157
f 1160//1160 1158//1158 1316//1316
f 1317//1317 1315//1315 1159//1159
f 1318//1318 1160//1160 1316//1316
f 1161//1161 1317//1317 1159//1159
f 1162//1162 1160//1160 1318//1318
f 1319//1319 1317//1317 1161//1161
f 1320//1320 1162//1162 1318//1318
f 1163//1163 1319//1319 1161//1161
f 1164//1164 1162//1162 1320//1320
f 1321//1321 1319//1319 1163//1163
f 1322//1322 1164//1164 1320//1320
f 1165//1165 1321//1321 1163//1163
f 1166//1166 1164//1164 1322//1322
f 1323//1323 1321//1321 1165//1165
f 1324//1324 1166//1166 1322//1322
f 1167//1167 1323//1323 1165//1165
f 1168//1168 1166//1166 1324//1324
f 1325//1325 1323//1323 1167//1167
f 1326//1326 1168//1168 1324//1324
f 1169//1169 1325//1325 1167//1167
f 1170//1170 1168//1168 1326//1326
f 1327//1327 1325//1325 1169//1169
f 1328//1328 1170//1170 1326//1326
f 1171//1171 1327//1327 1169//1169
f 1172//1172 1170//1170 1328//1328
f 1329//1329 1327//1327 1171//1171
f 1330//1330 1172//1172 1328//1328
f 1173//1173 1329//1329 1171//1171
f 1174//1174 1172//1172 1330//1330
f 1331//1331 1329//1329 1173//1173
f 1332//1332 1174//1174 1330//1330
f 1175//1175 1331//1331 1173//1173
f 1176//1176 1174//1174 1332//1332
f 1333//1333 1331//1331 1175//1175
f 1334//1334 1176//1176 1332//1332
f 1177//1177 1333//1333 1175//1175
f 1178//1178 1176//1176 1334//1334
f 1335//1335 1333//1333 1177//1177
f 1336//1336 1178//1178 1334//1334
f 1179//1179 1335//1335 1177//1177
f 1180//1180 1178//1178 1336//1336
f 1337//1337 1335//1335 1179//1179
f 1338//1338 1180//1180 1336//1336
f 1181//1181 1337//1337 1179//1179
f 1182//1182 1180//1180 1338//1338
f 1339//1339 1337//1337 1181//1181
f 1340//1340 1182//1182 1338//1338
f 1183//1183 1339//1339 1181//1181
f 1184//1184 1182//1182 1340//1340
f 1341//1341 1339//1339 1183//1183
f 1342//1342 1184//1184 1340//1340
f 1185//1185 1341//1341 1183//1183
f 1186//1186 1184//1184 1342//1342
f 1343//1343 1341//1341 1185//1185
f 1344//1344 1186//1186 1342//1342
f 1187//1187 1343//1343 1185//1185
f 1188//1188 1186//1186 1344//1344
f 1345//1345 1343//1343 1187//1187
f 1346//1346 1188//1188 1344//1344
f 1189//1189 1345//1345 1187//1187
f 1190//1190 1188//1188 1346//1346
f 1347//1347 1345//1345 1189//1189
f 1348//1348 1190//1190 1346//1346
f 1191//1191 1347//1347 1189//1189
f 1192//1192 1190//1190 1348//1348
f 1349//1349 1347//1347 1191//1191
f 1350//1350 1192//1192 1348//1348
f 1193//1193 1349//1349 1191//1191
f 1194//1194 1192//1192 1350//1350
f 1351//1351 1349//1349 1193//1193
f 1352//1352 1194//1194 1350//1350
f 1195//1195 1351//1351 1193//1193
f 1196//1196 1194//1194 1352//1352
f 1353//1353 1351//1351 1195//1195
f 1354//1354 1196//1196 1352//1352
f 1197//1197 1353//1353 1195//1195
f 1198//1198 1196//1196 1354//1354
f 1355//1355 1353//1353 1197//1197
f 1356//1356 1198//1198 1354//1354
f 1199//1199 1355//1355 1197//1197
f 1200//1200 1198//1198 1356//1356
f 1357//1357 1355//1355 1199//1199
f 1358//1358 1200//1200 1356//1356
f 1201//1201 1357//1357 1199//1199
f 1202//1202 1200//1200 1358//1358
f 1359//1359 1357//1357 1201//1201
f 1360//1360 1202//1202 1358//1358
f 1203//1203 1359//1359 1201//1201
f 1204//1204 1202//1202 1360//1360
f 1361//1361 1359//1359 1203//1203
f 1362//1362 1204//1204 1360//1360
f 1205//1205 1361//1361 1203//1203
f 1206//1206 1204//1204 1362//1362
f 1363//1363 1361//1361 1205//1205
f 1364//1364 1206//1206 1362//1362
f 1207//1207 1363//1363 1205//1205
f 1208//1208 1206//1206 1364//1364
f 1365//1365 1363//1363 1207//1207
f 1366//1366 1208//1208 1364//1364
f 1209//1209 1365//1365 1207//1207
f 1210//1210 1208//1208 1366//1366
f 1367//1367 1365//1365 1209//1209
f 1368//1368 1210//1210 1366//1366
f 1211//1211 1367//1367 1209//1209
f 1212//1212 1210//1210 1368//1368
f 1369//1369 1367//1367 1211//1211
f 1370//1370 1212//1212 1368//1368
f 1213//1213 1369//1369 1211//1211
f 1214//1214 1212//1212 1370//1370
f 1371//1371 1369//1369 1213//1213
f 1372//1372 1214//1214 1370//1370
f 1215//1215 1371//1371 1213//1213
f 1216//1216 1214//1214 1372//1372
f 1373//1373 1371//1371 1215//1215
f 1374//1374 1216//1216 1372//1372
f 1217//1217 1373//1373 1215//1215
f 1218//1218 1216//1216 1374//1374
f 1375//1375 1373//1373 1217//1217
f 1376//1376 1218//1218 1374//1374
f 1219//1219 1375//1375 1217//1217
f 1220//1220 1218//1218 1376//1376
f 1377//1377 1375//1375 1219//1219
f 1378//1378 1220//1220 1376//1376
f 1221//1221 1377//1377 1219//1219
f 1222//1222 1220//1220 1378//1378
f 1379//1379 1377//1377 1221//1221
f 1380//1380 1222//1222 1378//1378
f 1223//1223 1379//1379 1221//1221
f 1224//1224 1222//1222 1380//1380
f 1381//1381 1379//1379 1223//1223
f 1382//1382 1224//1224 1380//1380
f 1225//1225 1381//1381 1223//1223
f 1226//1226 1224//1224 1382//1382
f 1383//1383 1381//1381 1225//1225
f 1384//1384 1226//1226 1382//1382
f 1227//1227 1383//1383 1225//1225
f 1228//1228 1226//1226 1384//1384
f 1385//1385 1383//1383 1227//1227
f 1386//1386 1228//1228 1384//1384
f 1229//1229 1385//1385 1227//1227
f 1230//1230 1228//1228 1386//1386
f 1387//1387 1385//1385 1229//1229
f 1388//1388 1230//1230 1386//1386
f 1231//1231 1387//1387 1229//1229
f 1232//1232 1230//1230 1388//1388
f 1389//1389 1387//1387 1231//1231
f 1390//1390 1232//1232 1388//1388
f 1233//1233 1389//1389 1231//1231
f 1234//1234 1232//1232 1390//1390
f 1391//1391 1389//1389 1233//1233
f 1392//1392 1234//1234 1390//1390
f 1235//1235 1391//1391 1233//1233
f 1236//1236 1234//1234 1392//1392
f 1393//1393 1391//1391 1235//1235
f 1394//1394 1236//1236 1392//1392
f 1237//1237 1393//1393 1235//1235
f 1238//1238 1236//1236 1394//1394
f 1395//1395 1393//1393 1237//1237
f 1396//1396 1238//1238 1394//1394
f 1239//1239 1395//1395 1237//1237
f 1240//1240 1238//1238 1396//1396
f 1397//1397 1395//1395 1239//1239
f 1398//1398 1240//1240 1396//1396
f 1241//1241 1397//1397 1239//1239
f 1242//1242 1240//1240 1398//1398
f 1399//1399 1397//1397 1241//1241
f 1400//1400 1242//1242 1398//1398
f 1243//1243 1399//1399 1241//1241
f 1244//1244 1242//1242 1400//1400
f 1401//1401 1399//1399 1243//1243
f 1402//1402 1244//1244 1400//1400
f 1245//1245 1401//1401 1243//1243
f 1246//1246 1244//1244 1402//1402
f 1403//1403 1401//1401 1245//1245
f 1404//1404 1246//1246 1402//1402
f 4653//4653 1403//1403 1245//1245
f 4653//4653 1246//1246 1404//1404
f 4655//4655 1403//1403 4653//4653
f 4655//4655 4653//4653 1404//1404
f 1247//1247 4656//4656 4654//4654
f 1248//1248 4654//4654 4656//4656
f 1405//1405 4656//4656 1247//1247
f 1406//1406 1248//1248 4656//4656
f 1249//1249 1405//1405 1247//1247
f 1250//1250 1248//1248 1406//1406
f 1407//1407 1405//1405 1249//1249
f 1408//1408 1250//1250 1406//1406
f 1251//1251 1407//1407 1249//1249
f 1252//1252 1250//1250 1408//1408
f 1409//1409 1407//1407 1251//1251
f 1410//1410 1252//1252 1408//1408
f 1253//1253 1409//1409 1251//1251
f 1254//1254 1252//1252 1410//1410
f 1411//1411 1409//1409 1253//1253
f 1412//1412 1254//1254 1410//1410
f 1255//1255 1411//1411 1253//1253
f 1256//1256 1254//1254 1412//1412
f 1257//1257 1411//1411 1255//1255
f 1258//1258 1256//1256 1412//1412
f 1413//1413 1411//1411 1257//1257
f 1414//1414 1258//1258 1412//1412
f 1415//1415 1413//1413 1257//1257
f 1416//1416 1258//1258 1414//1414
f 1259//1259 1415//1415 1257//1257
f 1260//1260 1258//1258 1416//1416
f 1417//1417 1415//1415 1259//1259
f 1418//1418 1260//1260 1416//1416
f 1261//1261 1417//1417 1259//1259
f 1262//1262 1260//1260 1418//1418
f 1419//1419 1417//1417 1261//1261
f 1420//1420 1262//1262 1418//1418
f 1263//1263 1419//1419 1261//1261
f 1264//1264 1262//1262 1420//1420
f 1421//1421 1419//1419 1263//1263
f 1422//1422 1264//1264 1420//1420
f 1265//1265 1421//1421 1263//1263
f 1266//1266 1264//1264 1422//1422
f 1423//1423 1421//1421 1265//1265
f 1424//1424 1266//1266 1422//1422
f 1267//1267 1423//1423 1265//1265
f 1268//1268 1266//1266 1424//1424
f 1425//1425 1423//1423 1267//1267
f 1426//1426 1268//1268 1424//1424
f 1269//1269 1425//1425 1267//1267
f 1270//1270 1268//1268 1426//1426
f 1427//1427 1425//1425 1269//1269
f 1428//1428 1270//1270 1426//1426
f 1271//1271 1427//1427 1269//1269
f 1272//1272 1270//1270 1428//1428
f 1429//1429 1427//1427 1271//1271
f 1430//1430 1272//1272 1428//1428
f 1273//1273 1429//1429 1271//1271
f 1274//1274 1272//1272 1430//1430
f 1431//1431 1429//1429 1273//1273
f 1432//1432 1274//1274 1430//1430
f 1275//1275 1431//1431 1273//1273
f 1276//1276 1274//1274 1432//1432
f 1433//1433 1431//1431 1275//1275
f 1434//1434 1276//1276 1432//1432
f 1277//1277 1433//1433 1275//1275
f 1278//1278 1276//1276 1434//1434
f 1435//1435 1433//1433 1277//1277
f 1436//1436 1278//1278 1434//1434
f 1279//1279 1435//1435 1277//1277
f 1280//1280 1278//1278 1436//1436
f 1437//1437 1435//1435 1279//1279
f 1438//1438 1280//1280 1436//1436
f 1281//1281 1437//1437 1279//1279
f 1282//1282 1280//1280 1438//1438
f 1439//1439 1437//1437 1281//1281
f 1440//1440 1282//1282 1438//1438
f 1283//1283 1439//1439 1281//1281
f 1284//1284 1282//1282 1440//1440
f 1441//1441 1439//1439 1283//1283
f 1442//1442 1284//1284 1440//1440
f 1285//1285 1441//1441 1283//1283
f 1286//1286 1284//1284 1442//1442
f 1443//1443 1441//1441 1285//1285
f 1444//1444 1286//1286 1442//1442
f 1287//1287 1443//1443 1285//1285
f 1288//1288 1286//1286 1444//1444
f 1445//1445 1443//1443 1287//1287
f 1446//1446 1288//1288 1444//1444
f 1289//1289 1445//1445 1287//1287
f 1290//1290 1288//1288 1446//1446
f 1447//1447 1445//1445 1289//1289
f 1448//1448 1290//1290 1446//1446
f 1291//1291 1447//1447 1289//1289
f 1292//1292 1290//1290 1448//1448
f 1449//1449 1447//1447 1291//1291
f 1450//1450 1292//1292 1448//1448
f 1293//1293 1449//1449 1291//1291
f 1294//1294 1292//1292 1450//1450
f 1451//1451 1449//1449 1293//1293
f 1452//1452 1294//1294 1450//1450
f 1295//1295 1451//1451 1293//1293
f 1296//1296 1294//1294 1452//1452
f 1453//1453 1451//1451 1295//1295
f 1454//1454 1296//1296 1452//1452
f 1297//1297 1453//1453 1295//1295
f 1298//1298 1296//1296 1454//1454
f 1299//1299 1453//1453 1297//1297
f 1300//1300 1298//1298 1454//1454
f 1455//1455 1453//1453 1299//1299
f 1456//1456 1300//1300 1454//1454
f 1301//1301 1455//1455 1299//1299
f 1302//1302 1300//1300 1456//1456
f 1457//1457 1455//1455 1301//1301
f 1458//1458 1302//1302 1456//1456
f 1459//1459 1457//1457 1301//1301
f 1460//1460 1302//1302 1458//1458
f 1303//1303 1459//1459 1301//1301
f 1304//1304 1302//1302 1460//1460
f 1305//1305 1459//1459 1303//1303
f 1306//1306 1304//1304 1460//1460
f 1461//1461 1459//1459 1305//1305
f 1462//1462 1306//1306 1460//1460
f 1307//1307 1461//1461 1305//1305
f 1308//1308 1306//1306 1462//1462
f 1463//1463 1461//1461 1307//1307
f 1464//1464 1308//1308 1462//1462
f 1465//1465 1463//1463 1307//1307
f 1466//1466 1308//1308 1464//1464
f 1309//1309 1465//1465 1307//1307
f 1310//1310 1308//1308 1466//1466
f 1467//1467 1465//1465 1309//1309
f 1468//1468 1310//1310 1466//1466
f 1311//1311 1467//1467 1309//1309
f 1312//1312 1310//1310 1468//1468
f 1313//1313 1467//1467 1311//1311
f 1314//1314 1312//1312 1468//1468
f 1469//1469 1467//1467 1313//1313
f 1470//1470 1314//1314 1468//1468
f 1315//1315 1469//1469 1313//1313
f 1316//1316 1314//1314 1470//1470
f 1471//1471 1469//1469 1315//1315
f 1472//1472 1316//1316 1470//1470
f 1317//1317 1471//1471 1315//1315
f 1318//1318 1316//1316 1472//1472
f 1473//1473 1471//1471 1317//1317
f 1474//1474 1318//1318 1472//1472
f 1319//1319 1473//1473 1317//1317
f 1320//1320 1318//1318 1474//1474
f 1475//1475 1473//1473 1319//1319
f 1476//1476 1320//1320 1474//1474
f 1321//1321 1475//1475 1319//1319
f 1322//1322 1320//1320 1476//1476
f 1477//1477 1475//1475 1321//1321
f 1478//1478 1322//1322 1476//1476
f 1323//1323 1477//1477 1321//1321
f 1324//1324 1322//1322 1478//1478
f 1479//1479 1477//1477 1323//1323
f 1480//1480 1324//1324 1478//1478
f 1481//1481 1479//1479 1323//1323
f 1482//1482 1324//1324 1480//1480
f 1325//1325 1481//1481 1323//1323
f 1326//1326 1324//1324 1482//1482
f 1483//1483 1481//1481 1325//1325
f 1484//1484 1326//1326 1482//1482
f 1327//1327 1483//1483 1325//1325
f 1328//1328 1326//1326 1484//1484
f 1329//1329 1483//1483 1327//1327
f 1330//1330 1328//1328 1484//1484
f 1485//1485 1483//1483 1329//1329
f 1486//1486 1330//1330 1484//1484
f 1487//1487 1485//1485 1329//1329
f 1488//1488 1330//1330 1486//1486
f 1331//1331 1487//1487 1329//1329
f 1332//1332 1330//1330 1488//1488
f 1489//1489 1487//1487 1331//1331
f 1490//1490 1332//1332 1488//1488
f 1333//1333 1489//1489 1331//1331
f 1334//1334 1332//1332 1490//1490
f 1491//1491 1489//1489 1333//1333
f 1492//1492 1334//1334 1490//1490
f 1335//1335 1491//1491 1333//1333
f 1336//1336 1334//1334 1492//1492
f 1493//1493 1491//1491 1335//1335
f 1494//1494 1336//1336 1492//1492
f 1337//1337 1493//1493 1335//1335
f 1338//1338 1336//1336 1494//1494
f 1495//1495 1493//1493 1337//1337
f 1496//1496 1338//1338 1494//1494
f 1339//1339 1495//1495 1337//1337
f 1340//1340 1338//1338 1496//1496
f 1497//1497 1495//1495 1339//1339
f 1498//1498 1340//1340 1496//1496
f 1341//1341 1497//1497 1339//1339
f 1342//1342 1340//1340 1498//1498
f 1499//1499 1497//1497 1341//1341
f 1500//1500 1342//1342 1498//1498
f 1343//1343 1499//1499 1341//1341
f 1344//1344 1342//1342 1500//1500
f 1501//1501 1499//1499 1343//1343
f 1502//1502 1344//1344 1500//1500
f 1345//1345 1501//1501 1343//1343
f 1346//1346 1344//1344 1502//1502
f 1503//1503 1501//1501 1345//1345
f 1504//1504 1346//1346 1502//1502
f 1347//1347 1503//1503 1345//1345
f 1348//1348 1346//1346 1504//1504
f 1505//1505 1503//1503 1347//1347
f 1506//1506 1348//1348 1504//1504
f 1349//1349 1505//1505 1347//1347
f 1350//1350 1348//1348 1506//1506
f 1351//1351 1505//1505 1349//1349
f 1352//1352 1350//1350 1506//1506
f 1507//1507 1505//1505 1351//1351
f 1508//1508 1352//1352 1506//1506
f 1353//1353 1507//1507 1351//1351
f 1354//1354 1352//1352 1508//1508
f 1509//1509 1507//1507 1353//1353
f 1510//1510 1354//1354 1508//1508
f 1355//1355 1509//1509 1353//1353
f 1356//1356 1354//1354 1510//1510
f 1511//1511 1509//1509 1355//1355
f 1512//1512 1356//1356 1510//1510
f 1357//1357 1511//1511 1355//1355
f 1358//1358 1356//1356 1512//1512
f 1513//1513 1511//1511 1357//1357
f 1514//1514 1358//1358 1512//1512
f 1359//1359 1513//1513 1357//1357
f 1360//1360 1358//1358 1514//1514
f 1515//1515 1513//1513 1359//1359
f 1516//1516 1360//1360 1514//1514
f 1361//1361 1515//1515 1359//1359
f 1362//1362 1360//1360 1516//1516
f 1517//1517 1515//1515 1361//1361
f 1518//1518 1362//1362 1516//1516
f 1363//1363 1517//1517 1361//1361
f 1364//1364 1362//1362 1518//1518
f 1519//1519 1517//1517 1363//1363
f 1520//1520 1364//1364 1518//1518
f 1365//1365 1519//1519 1363//1363
f 1366//1366 1364//1364 1520//1520
f 1521//1521 1519//1519 1365//1365
f 1522//1522 1366//1366 1520//1520
f 1367//1367 1521//1521 1365//1365
f 1368//1368 1366//1366 1522//1522
f 1523//1523 1521//1521 1367//1367
f 1524//1524 1368//1368 1522//1522
f 1369//1369 1523//1523 1367//1367
f 1370//1370 1368//1368 1524//1524
f 1525//1525 1523//1523 1369//1369
f 1526//1526 1370//1370 1524//1524
f 1371//1371 1525//1525 1369//1369
f 1372//1372 1370//1370 1526//1526
f 1527//1527 1525//1525 1371//1371
f 1528//1528 1372//1372 1526//1526
f 1373//1373 1527//1527 1371//1371
f 1374//1374 1372//1372 1528//1528
f 1529//1529 1527//1527 1373//1373
f 1530//1530 1374//1374 1528//1528
f 1375//1375 1529//1529 1373//1373
f 1376//1376 1374//1374 1530//1530
f 1531//1531 1529//1529 1375//1375
f 1532//1532 1376//1376 1530//1530
f 1377//1377 1531//1531 1375//1375
f 1378//1378 1376//1376 1532//1532
f 1533//1533 1531//1531 1377//1377
f 1534//1534 1378//1378 1532//1532
f 1379//1379 1533//1533 1377//1377
f 1380//1380 1378//1378 1534//1534
f 1535//1535 1533//1533 1379//1379
f 1536//1536 1380//1380 1534//1534
f 1381//1381 1535//1535 1379//1379
f 1382//1382 1380//1380 1536//1536
f 1537//1537 1535//1535 1381//1381
f 1538//1538 1382//1382 1536//1536
f 1383//1383 1537//1537 1381//1381
f 1384//1384 1382//1382 1538//1538
f 1539//1539 1537//1537 1383//1383
f 1540//1540 1384//1384 1538//1538
f 1385//1385 1539//1539 1383//1383
f 1386//1386 1384//1384 1540//1540
f 1541//1541 1539//1539 1385//1385
f 1542//1542 1386//1386 1540//1540
f 1387//1387 1541//1541 1385//1385
f 1388//1388 1386//1386 1542//1542
f 1543//1543 1541//1541 1387//1387
f 1544//1544 1388//1388 1542//1542
f 1389//1389 1543//1543 1387//1387
f 1390//1390 1388//1388 1544//1544
f 1545//1545 1543//1543 1389//1389
f 1546//1546 1390//1390 1544//1544
f 1391//1391 1545//1545 1389//1389
f 1392//1392 1390//1390 1546//1546
f 1547//1547 1545//1545 1391//1391
f 1548//1548 1392//1392 1546//1546
f 1393//1393 1547//1547 1391//1391
f 1394//1394 1392//1392 1548//1548
f 1549//1549 1547//1547 1393//1393
f 1550//1550 1394//1394 1548//1548
f 1551//1551 1549//1549 1393//1393
f 1552//1552 1394//1394 1550//1550
f 1395//1395 1551//1551 1393//1393
f 1396//1396 1394//1394 1552//1552
f 1397//1397 1551//1551 1395//1395
f 1398//1398 1396//1396 1552//1552
f 1553//1553 1551//1551 1397//1397
f 1554//1554 1398//1398 1552//1552
f 1399//1399 1553//1553 1397//1397
f 1400//1400 1398//1398 1554//1554
f 1555//1555 1553//1553 1399//1399
f 1556//1556 1400//1400 1554//1554
f 1401//1401 1555//1555 1399//1399
f 1402//1402 1400//1400 1556//1556
f 1557//1557 1555//1555 1401//1401
f 1558//1558 1402//1402 1556//1556
f 1403//1403 1557//1557 1401//1401
f 1404//1404 1402//1402 1558//1558
f 1559//1559 1557//1557 1403//1403
f 1560//1560 1404//1404 1558//1558
f 4655//4655 1559//1559 1403//1403
f 4655//4655 1404//1404 1560//1560
f 1561//1561 1559//1559 4655//4655
f 1562//1562 4655//4655 1560//1560
f 4657//4657 1561//1561 4655//4655
f 4657//4657 4655//4655 1562//1562
f 1563//1563 4658//4658 4656//4656
f 1564//1564 4656//4656 4658//4658
f 1565//1565 1563//1563 4656//4656
f 1566//1566 4656//4656 1564//1564
f 1405//1405 1565//1565 4656//4656
f 1406//1406 4656//4656 1566//1566
f 1567//1567 1565//1565 1405//1405
f 1568//1568 1406//1406 1566//1566
f 1407//1407 1567//1567 1405//1405
f 1408//1408 1406//1406 1568//1568
f 1569//1569 1567//1567 1407//1407
f 1570//1570 1408//1408 1568//1568
f 1409//1409 1569//1569 1407//1407
f 1410//1410 1408//1408 1570//1570
f 1571//1571 1569//1569 1409//1409
f 1572//1572 1410//1410 1570//1570
f 1411//1411 1571//1571 1409//1409
f 1412//1412 1410//1410 1572//1572
f 1573//1573 1571//1571 1411//1411
f 1574//1574 1412//1412 1572//1572
f 1413//1413 1573//1573 1411//1411
f 1414//1414 1412//1412 1574//1574
f 1575//1575 1573//1573 1413//1413
f 1576//1576 1414//1414 1574//1574
f 1415//1415 1575//1575 1413//1413
f 1416//1416 1414//1414 1576//1576
f 1577//1577 1575//1575 1415//1415
f 1578//1578 1416//1416 1576//1576
f 1417//1417 1577//1577 1415//1415
f 1418//1418 1416//1416 1578//1578
f 1579//1579 1577//1577 1417//1417
f 1580//1580 1418//1418 1578//1578
f 1419//1419 1579//1579 1417//1417
f 1420//1420 1418//1418 1580//1580
f 1581//1581 1579//1579 1419//1419
f 1582//1582 1420//1420 1580//1580
f 1421//1421 1581//1581 1419//1419
f 1422//1422 1420//1420 1582//1582
f 1583//1583 1581//1581 1421//1421
f 1584//1584 1422//1422 1582//1582
f 1423//1423 1583//1583 1421//1421
f 1424//1424 1422//1422 1584//1584
f 1585//1585 1583//1583 1423//1423
f 1586//1586 1424//1424 1584//1584
f 1425//1425 1585//1585 1423//1423
f 1426//1426 1424//1424 1586//1586
f 1587//1587 1585//1585 1425//1425
f 1588//1588 1426//1426 1586//1586
f 1427//1427 1587//1587 1425//1425
f 1428//1428 1426//1426 1588//1588
f 1589//1589 1587//1587 1427//1427
f 1590//1590 1428//1428 1588//1588
f 1429//1429 1589//1589 1427//1427
f 1430//1430 1428//1428 1590//1590
f 1591//1591 1589//1589 1429//1429
f 1592//1592 1430//1430 1590//1590
f 1431//1431 1591//1591 1429//1429
f 1432//1432 1430//1430 1592//1592
f 1593//1593 1591//1591 1431//1431
f 1594//1594 1432//1432 1592//1592
f 1433//1433 1593//1593 1431//1431
f 1434//1434 1432//1432 1594//1594
f 1595//1595 1593//1593 1433//1433
f 1596//1596 1434//1434 1594//1594
f 1435//1435 1595//1595 1433//1433
f 1436//1436 1434//1434 1596//1596
f 1597//1597 1595//1595 1435//1435
f 1598//1598 1436//1436 1596//1596
f 1437//1437 1597//1597 1435//1435
f 1438//1438 1436//1436 1598//1598
f 1599//1599 1597//1597 1437//1437
f 1600//1600 1438//1438 1598//1598
f 1439//1439 1599//1599 1437//1437
f 1440//1440 1438//1438 1600//1600
f 1601//1601 1599//1599 1439//1439
f 1602//1602 1440//1440 1600//1600
f 1441//1441 1601//1601 1439//1439
f 1442//1442 1440//1440 1602//1602
f 1603//1603 1601//1601 1441//1441
f 1604//1604 1442//1442 1602//1602
f 1443//1443 1603//1603 1441//1441
f 1444//1444 1442//1442 1604//1604
f 1605//1605 1603//1603 1443//1443
f 1606//1606 1444//1444 1604//1604
f 1445//1445 1605//1605 1443//1443
f 1446//1446 1444//1444 1606//1606
f 1607//1607 1605//1605 1445//1445
f 1608//1608 1446//1446 1606//1606
f 1447//1447 1607//1607 1445//1445
f 1448//1448 1446//1446 1608//1608
f 1609//1609 1607//1607 1447//1447
f 1610//1610 1448//1448 1608//1608
f 1449//1449 1609//1609 1447//1447
f 1450//1450 1448//1448 1610//1610
f 1611//1611 1609//1609 1449//1449
f 1612//1612 1450//1450 1610//1610
f 1451//1451 1611//1611 1449//1449
f 1452//1452 1450//1450 1612//1612
f 1613//1613 1611//1611 1451//1451
f 1614//1614 1452//1452 1612//1612
f 1453//1453 1613//1613 1451//1451
f 1454//1454 1452//1452 1614//1614
f 1615//1615 1613//1613 1453//1453
f 1616//1616 1454//1454 1614//1614
f 1455//1455 1615//1615 1453//1453
f 1456//1456 1454//1454 1616//1616
f 1617//1617 1615//1615 1455//1455
f 1618//1618 1456//1456 1616//1616
f 1457//1457 1617//1617 1455//1455
f 1458//1458 1456//1456 1618//1618
f 1619//1619 1617//1617 1457//1457
f 1620//1620 1458//1458 1618//1618
f 1459//1459 1619//1619 1457//1457
f 1460//1460 1458//1458 1620//1620
f 1621//1621 1619//1619 1459//1459
f 1622//1622 1460//1460 1620//1620
f 1461//1461 1621//1621 1459//1459
f 1462//1462 1460//1460 1622//1622
f 1623//1623 1621//1621 1461//1461
f 1624//1624 1462//1462 1622//1622
f 1463//1463 1623//1623 1461//1461
f 1464//1464 1462//1462 1624//1624
f 1625//1625 1623//1623 1463//1463
f 1626//1626 1464//1464 1624//1624
f 1465//1465 1625//1625 1463//1463
f 1466//1466 1464//1464 1626//1626
f 1627//1627 1625//1625 1465//1465
f 1628//1628 1466//1466 1626//1626
f 1467//1467 1627//1627 1465//1465
f 1468//1468 1466//1466 1628//1628
f 1629//1629 1627//1627 1467//1467
f 1630//1630 1468//1468 1628//1628
f 1469//1469 1629//1629 1467//1467
f 1470//1470 1468//1468 1630//1630
f 1631//1631 1629//1629 1469//1469
f 1632//1632 1470//1470 1630//1630
f 1471//1471 1631//1631 1469//1469
f 1472//1472 1470//1470 1632//1632
f 1633//1633 1631//1631 1471//1471
f 1634//1634 1472//1472 1632//1632
f 1473//1473 1633//1633 1471//1471
f 1474//1474 1472//1472 1634//1634
f 1635//1635 1633//1633 1473//1473
f 1636//1636 1474//1474 1634//1634
f 1475//1475 1635//1635 1473//1473
f 1476//1476 1474//1474 1636//1636
f 1637//1637 1635//1635 1475//1475
f 1638//1638 1476//1476 1636//1636
f 1477//1477 1637//1637 1475//1475
f 1478//1478 1476//1476 1638//1638
f 1639//1639 1637//1637 1477//1477
f 1640//1640 1478//1478 1638//1638
f 1479//1479 1639//1639 1477//1477
f 1480//1480 1478//1478 1640//1640
f 1641//1641 1639//1639 1479//1479
f 1642//1642 1480//1480 1640//1640
f 1481//1481 1641//1641 1479//1479
f 1482//1482 1480//1480 1642//1642
f 1643//1643 1641//1641 1481//1481
f 1644//1644 1482//1482 1642//1642
f 1483//1483 1643//1643 1481//1481
f 1484//1484 1482//1482 1644//1644
f 1645//1645 1643//1643 1483//1483
f 1646//1646 1484//1484 1644//1644
f 1485//1485 1645//1645 1483//1483
f 1486//1486 1484//1484 1646//1646
f 1647//1647 1645//1645 1485//1485
f 1648//1648 1486//1486 1646//1646
f 1487//1487 1647//1647 1485//1485
f 1488//1488 1486//1486 1648//1648
f 1649//1649 1647//1647 1487//1487
f 1650//1650 1488//1488 1648//1648
f 1489//1489 1649//1649 1487//1487
f 1490//1490 1488//1488 1650//1650
f 1651//1651 1649//1649 1489//1489
f 1652//1652 1490//1490 1650//1650
f 1491//1491 1651//1651 1489//1489
f 1492//1492 1490//1490 1652//1652
f 1653//1653 1651//1651 1491//1491
f 1654//1654 1492//1492 1652//1652
f 1493//1493 1653//1653 1491//1491
f 1494//1494 1492//1492 1654//1654
f 1655//1655 1653//1653 1493//1493
f 1656//1656 1494//1494 1654//1654
f 1495//1495 1655//1655 1493//1493
f 1496//1496 1494//1494 1656//1656
f 1657//1657 1655//1655 1495//1495
f 1658//1658 1496//1496 1656//1656
f 1497//1497 1657//1657 1495//1495
f 1498//1498 1496//1496 1658//1658
f 1659//1659 1657//1657 1497//1497
f 1660//1660 1498//1498 1658//1658
f 1499//1499 1659//1659 1497//1497
f 1500//1500 1498//1498 1660//1660
f 1661//1661 1659//1659 1499//1499
f 1662//1662 1500//1500 1660//1660
f 1501//1501 1661//1661 1499//1499
f 1502//1502 1500//1500 1662//1662
f 1663//1663 1661//1661 1501//1501
f 1664//1664 1502//1502 1662//1662
f 1503//1503 1663//1663 1501//1501
f 1504//1504 1502//1502 1664//1664
f 1665//1665 1663//1663 1503//1503
f 1666//1666 1504//1504 1664//1664
f 1505//1505 1665//1665 1503//1503
f 1506//1506 1504//1504 1666//1666
f 1667//1667 1665//1665 1505//1505
f 1668//1668 1506//1506 1666//1666
f 1507//1507 1667//1667 1505//1505
f 1508//1508 1506//1506 1668//1668
f 1669//1669 1667//1667 1507//1507
f 1670//1670 1508//1508 1668//1668
f 1509//1509 1669//1669 1507//1507
f 1510//1510 1508//1508 1670//1670
f 1671//1671 1669//1669 1509//1509
f 1672//1672 1510//1510 1670//1670
f 1511//1511 1671//1671 1509//1509
f 1512//1512 1510//1510 1672//1672
f 1673//1673 1671//1671 1511//1511
f 1674//1674 1512//1512 1672//1672
f 1513//1513 1673//1673 1511//1511
f 1514//1514 1512//1512 1674//1674
f 1675//1675 1673//1673 1513//1513
f 1676//1676 1514//1514 1674//1674
f 1515//1515 1675//1675 1513//1513
f 1516//1516 1514//1514 1676//1676
f 1677//1677 1675//1675 1515//1515
f 1678//1678 1516//1516 1676//1676
f 1517//1517 1677//1677 1515//1515
f 1518//1518 1516//1516 1678//1678
f 1679//1679 1677//1677 1517//1517
f 1680//1680 1518//1518 1678//1678
f 1519//1519 1679//1679 1517//1517
f 1520//1520 1518//1518 1680//1680
f 1681//1681 1679//1679 1519//1519
f 1682//1682 1520//1520 1680//1680
f 1521//1521 1681//1681 1519//1519
f 1522//1522 1520//1520 1682//1682
f 1683//1683 1681//1681 1521//1521
f 1684//1684 1522//1522 1682//1682
f 1523//1523 1683//1683 1521//1521
f 1524//1524 1522//1522 1684//1684
f 1685//1685 1683//1683 1523//1523
f 1686//1686 1524//1524 1684//1684
f 1525//1525 1685//1685 1523//1523
f 1526//1526 1524//1524 1686//1686
f 1687//1687 1685//1685 1525//1525
f 1688//1688 1526//1526 1686//1686
f 1527//1527 1687//1687 1525//1525
f 1528//1528 1526//1526 1688//1688
f 1689//1689 1687//1687 1527//1527
f 1690//1690 1528//1528 1688//1688
f 1529//1529 1689//1689 1527//1527
f 1530//1530 1528//1528 1690//1690
f 1691//1691 1689//1689 1529//1529
f 1692//1692 1530//1530 1690//1690
f 1531//1531 1691//1691 1529//1529
f 1532//1532 1530//1530 1692//1692
f 1693//1693 1691//1691 1531//1531
f 1694//1694 1532//1532 1692//1692
f 1533//1533 1693//1693 1531//1531
f 1534//1534 1532//1532 1694//1694
f 1695//1695 1693//1693 1533//1533
f 1696//1696 1534//1534 1694//1694
f 1535//1535 1695//1695 1533//1533
f 1536//1536 1534//1534 1696//1696
f 1697//1697 1695//1695 1535//1535
f 1698//1698 1536//1536 1696//1696
f 1537//1537 1697//1697 1535//1535
f 1538//1538 1536//1536 1698//1698
f 1699//1699 1697//1697 1537//1537
f 1700//1700 1538//1538 1698//1698
f 1539//1539 1699//1699 1537//1537
f 1540//1540 1538//1538 1700//1700
f 1701//1701 1699//1699 1539//1539
f 1702//1702 1540//1540 1700//1700
f 1541//1541 1701//1701 1539//1539
f 1542//1542 1540//1540 1702//1702
f 1703//1703 1701//1701 1541//1541
f 1704//1704 1542//1542 1702//1702
f 1543//1543 1703//1703 1541//1541
f 1544//1544 1542//1542 1704//1704
f 1705//1705 1703//1703 1543//1543
f 1706//1706 1544//1544 1704//1704
f 1545//1545 1705//1705 1543//1543
f 1546//1546 1544//1544 1706//1706
f 1707//1707 1705//1705 1545//1545
f 1708//1708 1546//1546 1706//1706
f 1547//1547 1707//1707 1545//1545
f 1548//1548 1546//1546 1708//1708
f 1709//1709 1707//1707 1547//1547
f 1710//1710 1548//1548 1708//1708
f 1549//1549 1709//1709 1547//1547
f 1550//1550 1548//1548 1710//1710
f 1711//1711 1709//1709 1549//1549
f 1712//1712 1550//1550 1710//1710
f 1551//1551 1711//1711 1549//1549
f 1552//1552 1550//1550 1712//1712
f 1713//1713 1711//1711 1551//1551
f 1714//1714 1552//1552 1712//1712
f 1553//1553 1713//1713 1551//1551
f 1554//1554 1552//1552 1714//1714
f 1715//1715 1713//1713 1553//1553
f 1716//1716 1554//1554 1714//1714
f 1555//1555 1715//1715 1553//1553
f 1556//1556 1554//1554 1716//1716
f 1717//1717 1715//1715 1555//1555
f 1718//1718 1556//1556 1716//1716
f 1557//1557 1717//1717 1555//1555
f 1558//1558 1556//1556 1718//1718
f 1719//1719 1717//1717 1557//1557
f 1720//1720 1558//1558 1718//1718
f 1559//1559 1719//1719 1557//1557
f 1560//1560 1558//1558 1720//1720
f 1721//1721 1719//1719 1559//1559
f 1722//1722 1560//1560 1720//1720
f 1561//1561 1721//1721 1559//1559
f 1562//1562 1560//1560 1722//1722
f 4659//4659 1721//1721 1561//1561
f 4659//4659 1562//1562 1722//1722
f 4657//4657 4659//4659 1561//1561
f 4657//4657 1562//1562 4659//4659
f 1563//1563 4660//4660 4658//4658
f 1564//1564 4658//4658 4660//4660
f 1723//1723 4660//4660 1563//1563
f 1724//1724 1564//1564 4660//4660
f 1565//1565 1723//1723 1563//1563
f 1566//1566 1564//1564 1724//1724
f 1725//1725 1723//1723 1565//1565
f 1726//1726 1566//1566 1724//1724
f 1567//1567 1725//1725 1565//1565
f 1568//1568 1566//1566 1726//1726
f 1727//1727 1725//1725 1567//1567
f 1728//1728 1568//1568 1726//1726
f 1569//1569 1727//1727 1567//1567
f 1570//1570 1568//1568 1728//1728
f 1729//1729 1727//1727 1569//1569
f 1730//1730 1570//1570 1728//1728
f 1571//1571 1729//1729 1569//1569
f 1572//1572 1570//1570 1730//1730
f 1731//1731 1729//1729 1571//1571
f 1732//1732 1572//1572 1730//1730
f 1573//1573 1731//1731 1571//1571
f 1574//1574 1572//1572 1732//1732
f 1733//1733 1731//1731 1573//1573
f 1734//1734 1574//1574 1732//1732
f 1735//1735 1733//1733 1573//1573
f 1736//1736 1574//1574 1734//1734
f 1575//1575 1735//1735 1573//1573
f 1576//1576 1574//1574 1736//1736
f 1737//1737 1735//1735 1575//1575
f 1738//1738 1576//1576 1736//1736
f 1577//1577 1737//1737 1575//1575
f 1578//1578 1576//1576 1738//1738
f 1739//1739 1737//1737 1577//1577
f 1740//1740 1578//1578 1738//1738
f 1579//1579 1739//1739 1577//1577
f 1580//1580 1578//1578 1740//1740
f 1741//1741 1739//1739 1579//1579
f 1742//1742 1580//1580 1740//1740
f 1581//1581 1741//1741 1579//1579
f 1582//1582 1580//1580 1742//1742
f 1743//1743 1741//1741 1581//1581
f 1744//1744 1582//1582 1742//1742
f 1583//1583 1743//1743 1581//1581
f 1584//1584 1582//1582 1744//1744
f 1745//1745 1743//1743 1583//1583
f 1746//1746 1584//1584 1744//1744
f 1585//1585 1745//1745 1583//1583
f 1586//1586 1584//1584 1746//1746
f 1747//1747 1745//1745 1585//1585
f 1748//1748 1586//1586 1746//1746
f 1587//1587 1747//1747 1585//1585
f 1588//1588 1586//1586 1748//1748
f 1749//1749 1747//1747 1587//1587
f 1750//1750 1588//1588 1748//1748
f 1589//1589 1749//1749 1587//1587
f 1590//1590 1588//1588 1750//1750
f 1751//1751 1749//1749 1589//1589
f 1752//1752 1590//1590 1750//1750
f 1591//1591 1751//1751 1589//1589
f 1592//1592 1590//1590 1752//1752
f 1753//1753 1751//1751 1591//1591
f 1754//1754 1592//1592 1752//1752
f 1593//1593 1753//1753 1591//1591
f 1594//1594 1592//1592 1754//1754
f 1755//1755 1753//1753 1593//1593
f 1756//1756 1594//1594 1754//1754
f 1595//1595 1755//1755 1593//1593
f 1596//1596 1594//1594 1756//1756
f 1757//1757 1755//1755 1595//1595
f 1758//1758 1596//1596 1756//1756
f 1597//1597 1757//1757 1595//1595
f 1598//1598 1596//1596 1758//1758
f 1759//1759 1757//1757 1597//1597
f 1760//1760 1598//1598 1758//1758
f 1599//1599 1759//1759 1597//1597
f 1600//1600 1598//1598 1760//1760
f 1761//1761 1759//1759 1599//1599
f 1762//1762 1600//1600 1760//1760
f 1601//1601 1761//1761 1599//1599
f 1602//1602 1600//1600 1762//1762
f 1763//1763 1761//1761 1601//1601
f 1764//1764 1602//1602 1762//1762
f 1603//1603 1763//1763 1601//1601
f 1604//1604 1602//1602 1764//1764
f 1765//1765 1763//1763 1603//1603
f 1766//1766 1604//1604 1764//1764
f 1605//1605 1765//1765 1603//1603
f 1606//1606 1604//1604 1766//1766
f 1767//1767 1765//1765 1605//1605
f 1768//1768 1606//1606 1766//1766
f 1607//1607 1767//1767 1605//1605
f 1608//1608 1606//1606 1768//1768
f 1769//1769 1767//1767 1607//1607
f 1770//1770 1608//1608 1768//1768
f 1609//1609 1769//1769 1607//1607
f 1610//1610 1608//1608 1770//1770
f 1771//1771 1769//1769 1609//1609
f 1772//1772 1610//1610 1770//1770
f 1611//1611 1771//1771 1609//1609
f 1612//1612 1610//1610 1772//1772
f 1773//1773 1771//1771 1611//1611
f 1774//1774 1612//1612 1772//1772
f 1613//1613 1773//1773 1611//1611
f 1614//1614 1612//1612 1774//1774
f 1775//1775 1773//1773 1613//1613
f 1776//1776 1614//1614 1774//1774
f 1615//1615 1775//1775 1613//1613
f 1616//1616 1614//1614 1776//1776
f 1777//1777 1775//1775 1615//1615
f 1778//1778 1616//1616 1776//1776
f 1617//1617 1777//1777 1615//1615
f 1618//1618 1616//1616 1778//1778
f 1779//1779 1777//1777 1617//1617
f 1780//1780 1618//1618 1778//1778
f 1619//1619 1779//1779 1617//1617
f 1620//1620 1618//1618 1780//1780
f 1781//1781 1779//1779 1619//1619
f 1782//1782 1620//1620 1780//1780
f 1621//1621 1781//1781 1619//1619
f 1622//1622 1620//1620 1782//1782
f 1783//1783 1781//1781 1621//1621
f 1784//1784 1622//1622 1782//1782
f 1623//1623 1783//1783 1621//1621
f 1624//1624 1622//1622 1784//1784
f 1785//1785 1783//1783 1623//1623
f 1786//1786 1624//1624 1784//1784
f 1625//1625 1785//1785 1623//1623
f 1626//1626 1624//1624 1786//1786
f 1787//1787 1785//1785 1625//1625
f 1788//1788 1626//1626 1786//1786
f 1627//1627 1787//1787 1625//1625
f 1628//1628 1626//1626 1788//1788
f 1789//1789 1787//1787 1627//1627
f 1790//1790 1628//1628 1788//1788
f 1629//1629 1789//1789 1627//1627
f 1630//1630 1628//1628 1790//1790
f 1791//1791 1789//1789 1629//1629
f 1792//1792 1630//1630 1790//1790
f 1631//1631 1791//1791 1629//1629
f 1632//1632 1630//1630 1792//1792
f 1793//1793 1791//1791 1631//1631
f 1794//1794 1632//1632 1792//1792
f 1633//1633 1793//1793 1631//1631
f 1634//1634 1632//1632 1794//1794
f 1795//1795 1793//1793 1633//1633
f 1796//1796 1634//1634 1794//1794
f 1635//1635 1795//1795 1633//1633
f 1636//1636 1634//1634 1796//1796
f 1797//1797 1795//1795 1635//1635
f 1798//1798 1636//1636 1796//1796
f 1637//1637 1797//1797 1635//1635
f 1638//1638 1636//1636 1798//1798
f 1799//1799 1797//1797 1637//1637
f 1800//1800 1638//1638 1798//1798
f 1639//1639 1799//1799 1637//1637
f 1640//1640 1638//1638 1800//1800
f 1801//1801 1799//1799 1639//1639
f 1802//1802 1640//1640 1800//1800
f 1641//1641 1801//1801 1639//1639
f 1642//1642 1640//1640 1802//1802
f 1803//1803 1801//1801 1641//1641
f 1804//1804 1642//1642 1802//1802
f 1643//1643 1803//1803 1641//1641
f 1644//1644 1642//1642 1804//1804
f 1805//1805 1803//1803 1643//1643
f 1806//1806 1644//1644 1804//1804
f 1645//1645 1805//1805 1643//1643
f 1646//1646 1644//1644 1806//1806
f 1807//1807 1805//1805 1645//1645
f 1808//1808 1646//1646 1806//1806
f 1647//1647 1807//1807 1645//1645
f 1648//1648 1646//1646 1808//1808
f 1809//1809 1807//1807 1647//1647
f 1810//1810 1648//1648 1808//1808
f 1649//1649 1809//1809 1647//1647
f 1650//1650 1648//1648 1810//1810
f 1811//1811 1809//1809 1649//1649
f 1812//1812 1650//1650 1810//1810
f 1651//1651 1811//1811 1649//1649
f 1652//1652 1650//1650 1812//1812
f 1813//1813 1811//1811 1651//1651
f 1814//1814 1652//1652 1812//1812
f 1653//1653 1813//1813 1651//1651
f 1654//1654 1652//1652 1814//1814
f 1815//1815 1813//1813 1653//1653
f 1816//1816 1654//1654 1814//1814
f 1655//1655 1815//1815 1653//1653
f 1656//1656 1654//1654 1816//1816
f 1817//1817 1815//1815 1655//1655
f 1818//1818 1656//1656 1816//1816
f 1657//1657 1817//1817 1655//1655
f 1658//1658 1656//1656 1818//1818
f 1819//1819 1817//1817 1657//1657
f 1820//1820 1658//1658 1818//1818
f 1659//1659 1819//1819 1657//1657
f 1660//1660 1658//1658 1820//1820
f 1821//1821 1819//1819 1659//1659
f 1822//1822 1660//1660 1820//1820
f 1661//1661 1821//1821 1659//1659
f 1662//1662 1660//1660 1822//1822
f 1823//1823 1821//1821 1661//1661
f 1824//1824 1662//1662 1822//1822
f 1663//1663 1823//1823 1661//1661
f 1664//1664 1662//1662 1824//1824
f 1825//1825 1823//1823 1663//1663
f 1826//1826 1664//1664 1824//1824
f 1665//1665 1825//1825 1663//1663
f 1666//1666 1664//1664 1826//1826
f 1827//1827 1825//1825 1665//1665
f 1828//1828 1666//1666 1826//1826
f 1667//1667 1827//1827 1665//1665
f 1668//1668 1666//1666 1828//1828
f 1829//1829 1827//1827 1667//1667
f 1830//1830 1668//1668 1828//1828
f 1669//1669 1829//1829 1667//1667
f 1670//1670 1668//1668 1830//1830
f 1831//1831 1829//1829 1669//1669
f 1832//1832 1670//1670 1830//1830
f 1671//1671 1831//1831 1669//1669
f 1672//1672 1670//1670 1832//1832
f 1833//1833 1831//1831 1671//1671
f 1834//1834 1672//1672 1832//1832
f 1673//1673 1833//1833 1671//1671
f 1674//1674 1672//1672 1834//1834
f 1835//1835 1833//1833 1673//1673
f 1836//1836 1674//1674 1834//1834
f 1675//1675 1835//1835 1673//1673
f 1676//1676 1674//1674 1836//1836
f 1837//1837 1835//1835 1675//1675
f 1838//1838 1676//1676 1836//1836
f 1677//1677 1837//1837 1675//1675
f 1678//1678 1676//1676 1838//1838
f 1839//1839 1837//1837 1677//1677
f 1840//1840 1678//1678 1838//1838
f 1679//1679 1839//1839 1677//1677
f 1680//1680 1678//1678 1840//1840
f 1841//1841 1839//1839 1679//1679
f 1842//1842 1680//1680 1840//1840
f 1681//1681 1841//1841 1679//1679
f 1682//1682 1680//1680 1842//1842
f 1843//1843 1841//1841 1681//1681
f 1844//1844 1682//1682 1842//1842
f 1683//1683 1843//1843 1681//1681
f 1684//1684 1682//1682 1844//1844
f 1845//1845 1843//1843 1683//1683
f 1846//1846 1684//1684 1844//1844
f 1685//1685 1845//1845 1683//1683
f 1686//1686 1684//1684 1846//1846
f 1847//1847 1845//1845 1685//1685
f 1848//1848 1686//1686 1846//1846
f 1687//1687 1847//1847 1685//1685
f 1688//1688 1686//1686 1848//1848
f 1849//1849 1847//1847 1687//1687
f 1850//1850 1688//1688 1848//1848
f 1689//1689 1849//1849 1687//1687
f 1690//1690 1688//1688 1850//1850
f 1851//1851 1849//1849 1689//1689
f 1852//1852 1690//1690 1850//1850
f 1691//1691 1851//1851 1689//1689
f 1692//1692 1690//1690 1852//1852
f 1853//1853 1851//1851 1691//1691
f 1854//1854 1692//1692 1852//1852
f 1693//1693 1853//1853 1691//1691
f 1694//1694 1692//1692 1854//1854
f 1855//1855 1853//1853 1693//1693
f 1856//1856 1694//1694 1854//1854
f 1695//1695 1855//1855 1693//1693
f 1696//1696 1694//1694 1856//1856
f 1857//1857 1855//1855 1695//1695
f 1858//1858 1696//1696 1856//1856
f 1697//1697 1857//1857 1695//1695
f 1698//1698 1696//1696 1858//1858
f 1859//1859 1857//1857 1697//1697
f 1860//1860 1698//1698 1858//1858
f 1699//1699 1859//1859 1697//1697
f 1700//1700 1698//1698 1860//1860
f 1861//1861 1859//1859 1699//1699
f 1862//1862 1700//1700 1860//1860
f 1701//1701 1861//1861 1699//1699
f 1702//1702 1700//1700 1862//1862
f 1863//1863 1861//1861 1701//1701
f 1864//1864 1702//1702 1862//1862
f 1703//1703 1863//1863 1701//1701
f 1704//1704 1702//1702 1864//1864
f 1865//1865 1863//1863 1703//1703
f 1866//1866 1704//1704 1864//1864
f 1705//1705 1865//1865 1703//1703
f 1706//1706 1704//1704 1866//1866
f 1867//1867 1865//1865 1705//1705
f 1868//1868 1706//1706 1866//1866
f 1707//1707 1867//1867 1705//1705
f 1708//1708 1706//1706 1868//1868
f 1869//1869 1867//1867 1707//1707
f 1870//1870 1708//1708 1868//1868
f 1709//1709 1869//1869 1707//1707
f 1710//1710 1708//1708 1870//1870
f 1871//1871 1869//1869 1709//1709
f 1872//1872 1710//1710 1870//1870
f 1711//1711 1871//1871 1709//1709
f 1712//1712 1710//1710 1872//1872
f 1873//1873 1871//1871 1711//1711
f 1874//1874 1712//1712 1872//1872
f 1713//1713 1873//1873 1711//1711
f 1714//1714 1712//1712 1874//1874
f 1875//1875 1873//1873 1713//1713
f 1876//1876 1714//1714 1874//1874
f 1715//1715 1875//1875 1713//1713
f 1716//1716 1714//1714 1876//1876
f 1877//1877 1875//1875 1715//1715
f 1878//1878 1716//1716 1876//1876
f 1717//1717 1877//1877 1715//1715
f 1718//1718 1716//1716 1878//1878
f 1879//1879 1877//1877 1717//1717
f 1880//1880 1718//1718 1878//1878
f 1719//1719 1879//1879 1717//1717
f 1720//1720 1718//1718 1880//1880
f 1881//1881 1879//1879 1719//1719
f 1882//1882 1720//1720 1880//1880
f 1721//1721 1881//1881 1719//1719
f 1722//1722 1720//1720 1882//1882
f 1883//1883 1881//1881 1721//1721
f 1884//1884 1722//1722 1882//1882
f 4659//4659 1883//1883 1721//1721
f 4659//4659 1722//1722 1884//1884
f 4661//4661 1883//1883 4659//4659
f 4661//4661 4659//4659 1884//1884
f 1723//1723 4662//4662 4660//4660
f 1724//1724 4660//4660 4662//4662
f 1885//1885 4662//4662 1723//1723
f 1886//1886 1724//1724 4662//4662
f 1725//1725 1885//1885 1723//1723
f 1726//1726 1724//1724 1886//1886
f 1887//1887 1885//1885 1725//1725
f 1888//1888 1726//1726 1886//1886
f 1727//1727 1887//1887 1725//1725
f 1728//1728 1726//1726 1888//1888
f 1889//1889 1887//1887 1727//1727
f 1890//1890 1728//1728 1888//1888
f 1729//1729 1889//1889 1727//1727
f 1730//1730 1728//1728 1890//1890
f 1891//1891 1889//1889 1729//1729
f 1892//1892 1730//1730 1890//1890
f 1731//1731 1891//1891 1729//1729
f 1732//1732 1730//1730 1892//1892
f 1893//1893 1891//1891 1731//1731
f 1894//1894 1732//1732 1892//1892
f 1733//1733 1893//1893 1731//1731
f 1734//1734 1732//1732 1894//1894
f 1895//1895 1893//1893 1733//1733
f 1896//1896 1734//1734 1894//1894
f 1735//1735 1895//1895 1733//1733
f 1736//1736 1734//1734 1896//1896
f 1897//1897 1895//1895 1735//1735
f 1898//1898 1736//1736 1896//1896
f 1737//1737 1897//1897 1735//1735
f 1738//1738 1736//1736 1898//1898
f 1899//1899 1897//1897 1737//1737
f 1900//1900 1738//1738 1898//1898
f 1739//1739 1899//1899 1737//1737
f 1740//1740 1738//1738 1900//1900
f 1901//1901 1899//1899 1739//1739
f 1902//1902 1740//1740 1900//1900
f 1741//1741 1901//1901 1739//1739
f 1742//1742 1740//1740 1902//1902
f 1903//1903 1901//1901 1741//1741
f 1904//1904 1742//1742 1902//1902
f 1743//1743 1903//1903 1741//1741
f 1744//1744 1742//1742 1904//1904
f 1905//1905 1903//1903 1743//1743
f 1906//1906 1744//1744 1904//1904
f 1745//1745 1905//1905 1743//1743
f 1746//1746 1744//1744 1906//1906
f 1907//1907 1905//1905 1745//1745
f 1908//1908 1746//1746 1906//1906
f 1747//1747 1907//1907 1745//1745
f 1748//1748 1746//1746 1908//1908
f 1909//1909 1907//1907 1747//1747
f 1910//1910 1748//1748 1908//1908
f 1749//1749 1909//1909 1747//1747
f 1750//1750 1748//1748 1910//1910
f 1911//1911 1909//1909 1749//1749
f 1912//1912 1750//1750 1910//1910
f 1751//1751 1911//1911 1749//1749
f 1752//1752 1750//1750 1912//1912
f 1913//1913 1911//1911 1751//1751
f 1914//1914 1752//1752 1912//1912
f 1753//1753 1913//1913 1751//1751
f 1754//1754 1752//1752 1914//1914
f 1915//1915 1913//1913 1753//1753
f 1916//1916 1754//1754 1914//1914
f 1755//1755 1915//1915 1753//1753
f 1756//1756 1754//1754 1916//1916
f 1757//1757 1915//1915 1755//1755
f 1758//1758 1756//1756 1916//1916
f 1917//1917 1915//1915 1757//1757
f 1918//1918 1758//1758 1916//1916
f 1759//1759 1917//1917 1757//1757
f 1760//1760 1758//1758 1918//1918
f 1919//1919 1917//1917 1759//1759
f 1920//1920 1760//1760 1918//1918
f 1761//1761 1919//1919 1759//1759
f 1762//1762 1760//1760 1920//1920
f 1921//1921 1919//1919 1761//1761
f 1922//1922 1762//1762 1920//1920
f 1763//1763 1921//1921 1761//1761
f 1764//1764 1762//1762 1922//1922
f 1923//1923 1921//1921 1763//1763
f 1924//1924 1764//1764 1922//1922
f 1765//1765 1923//1923 1763//1763
f 1766//1766 1764//1764 1924//1924
f 1925//1925 1923//1923 1765//1765
f 1926//1926 1766//1766 1924//1924
f 1767//1767 1925//1925 1765//1765
f 1768//1768 1766//1766 1926//1926
f 1927//1927 1925//1925 1767//1767
f 1928//1928 1768//1768 1926//1926
f 1769//1769 1927//1927 1767//1767
f 1770//1770 1768//1768 1928//1928
f 1929//1929 1927//1927 1769//1769
f 1930//1930 1770//1770 1928//1928
f 1771//1771 1929//1929 1769//1769
f 1772//1772 1770//1770 1930//1930
f 1931//1931 1929//1929 1771//1771
f 1932//1932 1772//1772 1930//1930
f 1773//1773 1931//1931 1771//1771
f 1774//1774 1772//1772 1932//1932
f 1933//1933 1931//1931 1773//1773
f 1934//1934 1774//1774 1932//1932
f 1775//1775 1933//1933 1773//1773
f 1776//1776 1774//1774 1934//1934
f 1935//1935 1933//1933 1775//1775
f 1936//1936 1776//1776 1934//1934
f 1777//1777 1935//1935 1775//1775
f 1778//1778 1776//1776 1936//1936
f 1937//1937 1935//1935 1777//1777
f 1938//1938 1778//1778 1936//1936
f 1779//1779 1937//1937 1777//1777
f 1780//1780 1778//1778 1938//1938
f 1939//1939 1937//1937 1779//1779
f 1940//1940 1780//1780 1938//1938
f 1781//1781 1939//1939 1779//1779
f 1782//1782 1780//1780 1940//1940
f 1941//1941 1939//1939 1781//1781
f 1942//1942 1782//1782 1940//1940
f 1783//1783 1941//1941 1781//1781
f 1784//1784 1782//1782 1942//1942
f 1943//1943 1941//1941 1783//1783
f 1944//1944 1784//1784 1942//1942
f 1785//1785 1943//1943 1783//1783
f 1786//1786 1784//1784 1944//1944
f 1945//1945 1943//1943 1785//1785
f 1946//1946 1786//1786 1944//1944
f 1787//1787 1945//1945 1785//1785
f 1788//1788 1786//1786 1946//1946
f 1947//1947 1945//1945 1787//1787
f 1948//1948 1788//1788 1946//1946
f 1789//1789 1947//1947 1787//1787
f 1790//1790 1788//1788 1948//1948
f 1949//1949 1947//1947 1789//1789
f 1950//1950 1790//1790 1948//1948
f 1791//1791 1949//1949 1789//1789
f 1792//1792 1790//1790 1950//1950
f 1951//1951 1949//1949 1791//1791
f 1952//1952 1792//1792 1950//1950
f 1793//1793 1951//1951 1791//1791
f 1794//1794 1792//1792 1952//1952
f 1953//1953 1951//1951 1793//1793
f 1954//1954 1794//1794 1952//1952
f 1795//1795 1953//1953 1793//1793
f 1796//1796 1794//1794 1954//1954
f 1955//1955 1953//1953 1795//1795
f 1956//1956 1796//1796 1954//1954
f 1797//1797 1955//1955 1795//1795
f 1798//1798 1796//1796 1956//1956
f 1957//1957 1955//1955 1797//1797
f 1958//1958 1798//1798 1956//1956
f 1799//1799 1957//1957 1797//1797
f 1800//1800 1798//1798 1958//1958
f 1959//1959 1957//1957 1799//1799
f 1960//1960 1800//1800 1958//1958
f 1801//1801 1959//1959 1799//1799
f 1802//1802 1800//1800 1960//1960
f 1961//1961 1959//1959 1801//1801
f 1962//1962 1802//1802 1960//1960
f 1803//1803 1961//1961 1801//1801
f 1804//1804 1802//1802 1962//1962
f 1963//1963 1961//1961 1803//1803
f 1964//1964 1804//1804 1962//1962
f 1805//1805 1963//1963 1803//1803
f 1806//1806 1804//1804 1964//1964
f 1965//1965 1963//1963 1805//1805
f 1966//1966 1806//1806 1964//1964
f 1807//1807 1965//1965 1805//1805
f 1808//1808 1806//1806 1966//1966
f 1967//1967 1965//1965 1807//1807
f 1968//1968 1808//1808 1966//1966
f 1809//1809 1967//1967 1807//1807
f 1810//1810 1808//1808 1968//1968
f 1969//1969 1967//1967 1809//1809
f 1970//1970 1810//1810 1968//1968
f 1811//1811 1969//1969 1809//1809
f 1812//1812 1810//1810 1970//1970
f 1971//1971 1969//1969 1811//1811
f 1972//1972 1812//1812 1970//1970
f 1813//1813 1971//1971 1811//1811
f 1814//1814 1812//1812 1972//1972
f 1973//1973 1971//1971 1813//1813
f 1974//1974 1814//1814 1972//1972
f 1815//1815 1973//1973 1813//1813
f 1816//1816 1814//1814 1974//1974
f 1975//1975 1973//1973 1815//1815
f 1976//1976 1816//1816 1974//1974
f 1817//1817 1975//1975 1815//1815
f 1818//1818 1816//1816 1976//1976
f 1977//1977 1975//1975 1817//1817
f 1978//1978 1818//1818 1976//1976
f 1819//1819 1977//1977 1817//1817
f 1820//1820 1818//1818 1978//1978
f 1979//1979 1977//1977 1819//1819
f 1980//1980 1820//1820 1978//1978
f 1821//1821 1979//1979 1819//1819
f 1822//1822 1820//1820 1980//1980
f 1981//1981 1979//1979 1821//1821
f 1982//1982 1822//1822 1980//1980
f 1823//1823 1981//1981 1821//1821
f 1824//1824 1822//1822 1982//1982
f 1983//1983 1981//1981 1823//1823
f 1984//1984 1824//1824 1982//1982
f 1825//1825 1983//1983 1823//1823
f 1826//1826 1824//1824 1984//1984
f 1985//1985 1983//1983 1825//1825
f 1986//1986 1826//1826 1984//1984
f 1827//1827 1985//1985 1825//1825
f 1828//1828 1826//1826 1986//1986
f 1987//1987 1985//1985 1827//1827
f 1988//1988 1828//1828 1986//1986
f 1829//1829 1987//1987 1827//1827
f 1830//1830 1828//1828 1988//1988
f 1989//1989 1987//1987 1829//1829
f 1990//1990 1830//1830 1988//1988
f 1831//1831 1989//1989 1829//1829
f 1832//1832 1830//1830 1990//1990
f 1991//1991 1989//1989 1831//1831
f 1992//1992 1832//1832 1990//1990
f 1833//1833 1991//1991 1831//1831
f 1834//1834 1832//1832 1992//1992
f 1993//1993 1991//1991 1833//1833
f 1994//1994 1834//1834 1992//1992
f 1835//1835 1993//1993 1833//1833
f 1836//1836 1834//1834 1994//1994
f 1995//1995 1993//1993 1835//1835
f 1996//1996 1836//1836 1994//1994
f 1837//1837 1995//1995 1835//1835
f 1838//1838 1836//1836 1996//1996
f 1997//1997 1995//1995 1837//1837
f 1998//1998 1838//1838 1996//1996
f 1839//1839 1997//1997 1837//1837
f 1840//1840 1838//1838 1998//1998
f 1999//1999 1997//1997 1839//1839
f 2000//2000 1840//1840 1998//1998
f 1841//1841 1999//1999 1839//1839
f 1842//1842 1840//1840 2000//2000
f 2001//2001 1999//1999 1841//1841
f 2002//2002 1842//1842 2000//2000
f 1843//1843 2001//2001 1841//1841
f 1844//1844 1842//1842 2002//2002
f 2003//2003 2001//2001 1843//1843
f 2004//2004 1844//1844 2002//2002
f 1845//1845 2003//2003 1843//1843
f 1846//1846 1844//1844 2004//2004
f 2005//2005 2003//2003 1845//1845
f 2006//2006 1846//1846 2004//2004
f 1847//1847 2005//2005 1845//1845
f 1848//1848 1846//1846 2006//2006
f 2007//2007 2005//2005 1847//1847
f 2008//2008 1848//1848 2006//2006
f 1849//1849 2007//2007 1847//1847
f 1850//1850 1848//1848 2008//2008
f 2009//2009 2007//2007 1849//1849
f 2010//2010 1850//1850 2008//2008
f 1851//1851 2009//2009 1849//1849
f 1852//1852 1850//1850 2010//2010
f 2011//2011 2009//2009 1851//1851
f 2012//2012 1852//1852 2010//2010
f 1853//1853 2011//2011 1851//1851
f 1854//1854 1852//1852 2012//2012
f 2013//2013 2011//2011 1853//1853
f 2014//2014 1854//1854 2012//2012
f 1855//1855 2013//2013 1853//1853
f 1856//1856 1854//1854 2014//2014
f 2015//2015 2013//2013 1855//1855
f 2016//2016 1856//1856 2014//2014
f 1857//1857 2015//2015 1855//1855
f 1858//1858 1856//1856 2016//2016
f 2017//2017 2015//2015 1857//1857
f 2018//2018 1858//1858 2016//2016
f 1859//1859 2017//2017 1857//1857
f 1860//1860 1858//1858 2018//2018
f 2019//2019 2017//2017 1859//1859
f 2020//2020 1860//1860 2018//2018
f 1861//1861 2019//2019 1859//1859
f 1862//1862 1860//1860 2020//2020
f 2021//2021 2019//2019 1861//1861
f 2022//2022 1862//1862 2020//2020
f 1863//1863 2021//2021 1861//1861
f 1864//1864 1862//1862 2022//2022
f 2023//2023 2021//2021 1863//1863
f 2024//2024 1864//1864 2022//2022
f 1865//1865 2023//2023 1863//1863
f 1866//1866 1864//1864 2024//2024
f 2025//2025 2023//2023 1865//1865
f 2026//2026 1866//1866 2024//2024
f 1867//1867 2025//2025 1865//1865
f 1868//1868 1866//1866 2026//2026
f 2027//2027 2025//2025 1867//1867
f 2028//2028 1868//1868 2026//2026
f 1869//1869 2027//2027 1867//1867
f 1870//1870 1868//1868 2028//2028
f 2029//2029 2027//2027 1869//1869
f 2030//2030 1870//1870 2028//2028
f 1871//1871 2029//2029 1869//1869
f 1872//1872 1870//1870 2030//2030
f 2031//2031 2029//2029 1871//1871
f 2032//2032 1872//1872 2030//2030
f 1873//1873 2031//2031 1871//1871
f 1874//1874 1872//1872 2032//2032
f 2033//2033 2031//2031 1873//1873
f 2034//2034 1874//1874 2032//2032
f 1875//1875 2033//2033 1873//1873
f 1876//1876 1874//1874 2034//2034
f 2035//2035 2033//2033 1875//1875
f 2036//2036 1876//1876 2034//2034
f 1877//1877 2035//2035 1875//1875
f 1878//1878 1876//1876 2036//2036
f 2037//2037 2035//2035 1877//1877
f 2038//2038 1878//1878 2036//2036
f 1879//1879 2037//2037 1877//1877
f 1880//1880 1878//1878 2038//2038
f 2039//2039 2037//2037 1879//1879
f 2040//2040 1880//1880 2038//2038
f 1881//1881 2039//2039 1879//1879
f 1882//1882 1880//1880 2040//2040
f 2041//2041 2039//2039 1881//1881
f 2042//2042 1882//1882 2040//2040
f 1883//1883 2041//2041 1881//1881
f 1884//1884 1882//1882 2042//2042
f 4663//4663 2041//2041 1883//1883
f 4663//4663 1884//1884 2042//2042
f 4661//4661 4663//4663 1883//1883
f 4661//4661 1884//1884 4663//4663
f 2043//2043 4664//4664 4662//4662
f 2044//2044 4662//4662 4664//4664
f 1885//1885 2043//2043 4662//4662
f 1886//1886 4662//4662 2044//2044
f 2045//2045 2043//2043 1885//1885
f 2046//2046 1886//1886 2044//2044
f 1887//1887 2045//2045 1885//1885
f 1888//1888 1886//1886 2046//2046
f 2047//2047 2045//2045 1887//1887
f 2048//2048 1888//1888 2046//2046
f 1889//1889 2047//2047 1887//1887
f 1890//1890 1888//1888 2048//2048
f 2049//2049 2047//2047 1889//1889
f 2050//2050 1890//1890 2048//2048
f 1891//1891 2049//2049 1889//1889
f 1892//1892 1890//1890 2050//2050
f 2051//2051 2049//2049 1891//1891
f 2052//2052 1892//1892 2050//2050
f 1893//1893 2051//2051 1891//1891
f 1894//1894 1892//1892 2052//2052
f 2053//2053 2051//2051 1893//1893
f 2054//2054 1894//1894 2052//2052
f 1895//1895 2053//2053 1893//1893
f 1896//1896 1894//1894 2054//2054
f 2055//2055 2053//2053 1895//1895
f 2056//2056 1896//1896 2054//2054
f 1897//1897 2055//2055 1895//1895
f 1898//1898 1896//1896 2056//2056
f 2057//2057 2055//2055 1897//1897
f 2058//2058 1898//1898 2056//2056
f 1899//1899 2057//2057 1897//1897
f 1900//1900 1898//1898 2058//2058
f 2059//2059 2057//2057 1899//1899
f 2060//2060 1900//1900 2058//2058
f 1901//1901 2059//2059 1899//1899
f 1902//1902 1900//1900 2060//2060
f 2061//2061 2059//2059 1901//1901
f 2062//2062 1902//1902 2060//2060
f 1903//1903 2061//2061 1901//1901
f 1904//1904 1902//1902 2062//2062
f 2063//2063 2061//2061 1903//1903
f 2064//2064 1904//1904 2062//2062
f 1905//1905 2063//2063 1903//1903
f 1906//1906 1904//1904 2064//2064
f 2065//2065 2063//2063 1905//1905
f 2066//2066 1906//1906 2064//2064
f 1907//1907 2065//2065 1905//1905
f 1908//1908 1906//1906 2066//2066
f 2067//2067 2065//2065 1907//1907
f 2068//2068 1908//1908 2066//2066
f 1909//1909 2067//2067 1907//1907
f 1910//1910 1908//1908 2068//2068
f 2069//2069 2067//2067 1909//1909
f 2070//2070 1910//1910 2068//2068
f 1911//1911 2069//2069 1909//1909
f 1912//1912 1910//1910 2070//2070
f 2071//2071 2069//2069 1911//1911
f 2072//2072 1912//1912 2070//2070
f 1913//1913 2071//2071 1911//1911
f 1914//1914 1912//1912 2072//2072
f 1915//1915 2071//2071 1913//1913
f 1916//1916 1914//1914 2072//2072
f 2073//2073 2071//2071 1915//1915
f 2074//2074 1916//1916 2072//2072
f 1917//1917 2073//2073 1915//1915
f 1918//1918 1916//1916 2074//2074
f 2075//2075 2073//2073 1917//1917
f 2076//2076 1918//1918 2074//2074
f 2077//2077 2075//2075 1917//1917
f 2078//2078 1918//1918 2076//2076
f 1919//1919 2077//2077 1917//1917
f 1920//1920 1918//1918 2078//2078
f 1921//1921 2077//2077 1919//1919
f 1922//1922 1920//1920 2078//2078
f 2079//2079 2077//2077 1921//1921
f 2080//2080 1922//1922 2078//2078
f 1923//1923 2079//2079 1921//1921
f 1924//1924 1922//1922 2080//2080
f 2081//2081 2079//2079 1923//1923
f 2082//2082 1924//1924 2080//2080
f 1925//1925 2081//2081 1923//1923
f 1926//1926 1924//1924 2082//2082
f 2083//2083 2081//2081 1925//1925
f 2084//2084 1926//1926 2082//2082
f 1927//1927 2083//2083 1925//1925
f 1928//1928 1926//1926 2084//2084
f 2085//2085 2083//2083 1927//1927
f 2086//2086 1928//1928 2084//2084
f 1929//1929 2085//2085 1927//1927
f 1930//1930 1928//1928 2086//2086
f 2087//2087 2085//2085 1929//1929
f 2088//2088 1930//1930 2086//2086
f 1931//1931 2087//2087 1929//1929
f 1932//1932 1930//1930 2088//2088
f 2089//2089 2087//2087 1931//1931
f 2090//2090 1932//1932 2088//2088
f 1933//1933 2089//2089 1931//1931
f 1934//1934 1932//1932 2090//2090
f 2091//2091 2089//2089 1933//1933
f 2092//2092 1934//1934 2090//2090
f 1935//1935 2091//2091 1933//1933
f 1936//1936 1934//1934 2092//2092
f 2093//2093 2091//2091 1935//1935
f 2094//2094 1936//1936 2092//2092
f 1937//1937 2093//2093 1935//1935
f 1938//1938 1936//1936 2094//2094
f 2095//2095 2093//2093 1937//1937
f 2096//2096 1938//1938 2094//2094
f 1939//1939 2095//2095 1937//1937
f 1940//1940 1938//1938 2096//2096
f 2097//2097 2095//2095 1939//1939
f 2098//2098 1940//1940 2096//2096
f 1941//1941 2097//2097 1939//1939
f 1942//1942 1940//1940 2098//2098
f 2099//2099 2097//2097 1941//1941
f 2100//2100 1942//1942 2098//2098
f 1943//1943 2099//2099 1941//1941
f 1944//1944 1942//1942 2100//2100
f 2101//2101 2099//2099 1943//1943
f 2102//2102 1944//1944 2100//2100
f 1945//1945 2101//2101 1943//1943
f 1946//1946 1944//1944 2102//2102
f 2103//2103 2101//2101 1945//1945
f 2104//2104 1946//1946 2102//2102
f 1947//1947 2103//2103 1945//1945
f 1948//1948 1946//1946 2104//2104
f 2105//2105 2103//2103 1947//1947
f 2106//2106 1948//1948 2104//2104
f 1949//1949 2105//2105 1947//1947
f 1950//1950 1948//1948 2106//2106
f 2107//2107 2105//2105 1949//1949
f 2108//2108 1950//1950 2106//2106
f 1951//1951 2107//2107 1949//1949
f 1952//1952 1950//1950 2108//2108
f 2109//2109 2107//2107 1951//1951
f 2110//2110 1952//1952 2108//2108
f 1953//1953 2109//2109 1951//1951
f 1954//1954 1952//1952 2110//2110
f 2111//2111 2109//2109 1953//1953
f 2112//2112 1954//1954 2110//2110
f 1955//1955 2111//2111 1953//1953
f 1956//1956 1954//1954 2112//2112
f 2113//2113 2111//2111 1955//1955
f 2114//2114 1956//1956 2112//2112
f 1957//1957 2113//2113 1955//1955
f 1958//1958 1956//1956 2114//2114
f 2115//2115 2113//2113 1957//1957
f 2116//2116 1958//1958 2114//2114
f 2117//2117 2115//2115 1957//1957
f 2118//2118 1958//1958 2116//2116
f 1959//1959 2117//2117 1957//1957
f 1960//1960 1958//1958 2118//2118
f 1961//1961 2117//2117 1959//1959
f 1962//1962 1960//1960 2118//2118
f 2119//2119 2117//2117 1961//1961
f 2120//2120 1962//1962 2118//2118
f 1963//1963 2119//2119 1961//1961
f 1964//1964 1962//1962 2120//2120
f 2121//2121 2119//2119 1963//1963
f 2122//2122 1964//1964 2120//2120
f 2123//2123 2121//2121 1963//1963
f 2124//2124 1964//1964 2122//2122
f 1965//1965 2123//2123 1963//1963
f 1966//1966 1964//1964 2124//2124
f 1967//1967 2123//2123 1965//1965
f 1968//1968 1966//1966 2124//2124
f 2125//2125 2123//2123 1967//1967
f 2126//2126 1968//1968 2124//2124
f 2127//2127 2125//2125 1967//1967
f 2128//2128 1968//1968 2126//2126
f 1969//1969 2127//2127 1967//1967
f 1970//1970 1968//1968 2128//2128
f 2129//2129 2127//2127 1969//1969
f 2130//2130 1970//1970 2128//2128
f 1971//1971 2129//2129 1969//1969
f 1972//1972 1970//1970 2130//2130
f 2131//2131 2129//2129 1971//1971
f 2132//2132 1972//1972 2130//2130
f 1973//1973 2131//2131 1971//1971
f 1974//1974 1972//1972 2132//2132
f 2133//2133 2131//2131 1973//1973
f 2134//2134 1974//1974 2132//2132
f 1975//1975 2133//2133 1973//1973
f 1976//1976 1974//1974 2134//2134
f 2135//2135 2133//2133 1975//1975
f 2136//2136 1976//1976 2134//2134
f 1977//1977 2135//2135 1975//1975
f 1978//1978 1976//1976 2136//2136
f 2137//2137 2135//2135 1977//1977
f 2138//2138 1978//1978 2136//2136
f 1979//1979 2137//2137 1977//1977
f 1980//1980 1978//1978 2138//2138
f 2139//2139 2137//2137 1979//1979
f 2140//2140 1980//1980 2138//2138
f 1981//1981 2139//2139 1979//1979
f 1982//1982 1980//1980 2140//2140
f 2141//2141 2139//2139 1981//1981
f 2142//2142 1982//1982 2140//2140
f 1983//1983 2141//2141 1981//1981
f 1984//1984 1982//1982 2142//2142
f 2143//2143 2141//2141 1983//1983
f 2144//2144 1984//1984 2142//2142
f 1985//1985 2143//2143 1983//1983
f 1986//1986 1984//1984 2144//2144
f 2145//2145 2143//2143 1985//1985
f 2146//2146 1986//1986 2144//2144
f 1987//1987 2145//2145 1985//1985
f 1988//1988 1986//1986 2146//2146
f 2147//2147 2145//2145 1987//1987
f 2148//2148 1988//1988 2146//2146
f 1989//1989 2147//2147 1987//1987
f 1990//1990 1988//1988 2148//2148
f 2149//2149 2147//2147 1989//1989
f 2150//2150 1990//1990 2148//2148
f 1991//1991 2149//2149 1989//1989
f 1992//1992 1990//1990 2150//2150
f 2151//2151 2149//2149 1991//1991
f 2152//2152 1992//1992 2150//2150
f 1993//1993 2151//2151 1991//1991
f 1994//1994 1992//1992 2152//2152
f 2153//2153 2151//2151 1993//1993
f 2154//2154 1994//1994 2152//2152
f 1995//1995 2153//2153 1993//1993
f 1996//1996 1994//1994 2154//2154
f 2155//2155 2153//2153 1995//1995
f 2156//2156 1996//1996 2154//2154
f 1997//1997 2155//2155 1995//1995
f 1998//1998 1996//1996 2156//2156
f 2157//2157 2155//2155 1997//1997
f 2158//2158 1998//1998 2156//2156
f 1999//1999 2157//2157 1997//1997
f 2000//2000 1998//1998 2158//2158
f 2159//2159 2157//2157 1999//1999
f 2160//2160 2000//2000 2158//2158
f 2001//2001 2159//2159 1999//1999
f 2002//2002 2000//2000 2160//2160
f 2161//2161 2159//2159 2001//2001
f 2162//2162 2002//2002 2160//2160
f 2003//2003 2161//2161 2001//2001
f 2004//2004 2002//2002 2162//2162
f 2163//2163 2161//2161 2003//2003
f 2164//2164 2004//2004 2162//2162
f 2005//2005 2163//2163 2003//2003
f 2006//2006 2004//2004 2164//2164
f 2165//2165 2163//2163 2005//2005
f 2166//2166 2006//2006 2164//2164
f 2007//2007 2165//2165 2005//2005
f 2008//2008 2006//2006 2166//2166
f 2167//2167 2165//2165 2007//2007
f 2168//2168 2008//2008 2166//2166
f 2009//2009 2167//2167 2007//2007
f 2010//2010 2008//2008 2168//2168
f 2011//2011 2167//2167 2009//2009
f 2012//2012 2010//2010 2168//2168
f 2169//2169 2167//2167 2011//2011
f 2170//2170 2012//2012 2168//2168
f 2013//2013 2169//2169 2011//2011
f 2014//2014 2012//2012 2170//2170
f 2171//2171 2169//2169 2013//2013
f 2172//2172 2014//2014 2170//2170
f 2015//2015 2171//2171 2013//2013
f 2016//2016 2014//2014 2172//2172
f 2173//2173 2171//2171 2015//2015
f 2174//2174 2016//2016 2172//2172
f 2017//2017 2173//2173 2015//2015
f 2018//2018 2016//2016 2174//2174
f 2175//2175 2173//2173 2017//2017
f 2176//2176 2018//2018 2174//2174
f 2019//2019 2175//2175 2017//2017
f 2020//2020 2018//2018 2176//2176
f 2177//2177 2175//2175 2019//2019
f 2178//2178 2020//2020 2176//2176
f 2021//2021 2177//2177 2019//2019
f 2022//2022 2020//2020 2178//2178
f 2179//2179 2177//2177 2021//2021
f 2180//2180 2022//2022 2178//2178
f 2023//2023 2179//2179 2021//2021
f 2024//2024 2022//2022 2180//2180
f 2181//2181 2179//2179 2023//2023
f 2182//2182 2024//2024 2180//2180
f 2025//2025 2181//2181 2023//2023
f 2026//2026 2024//2024 2182//2182
f 2183//2183 2181//2181 2025//2025
f 2184//2184 2026//2026 2182//2182
f 2027//2027 2183//2183 2025//2025
f 2028//2028 2026//2026 2184//2184
f 2185//2185 2183//2183 2027//2027
f 2186//2186 2028//2028 2184//2184
f 2029//2029 2185//2185 2027//2027
f 2030//2030 2028//2028 2186//2186
f 2187//2187 2185//2185 2029//2029
f 2188//2188 2030//2030 2186//2186
f 2031//2031 2187//2187 2029//2029
f 2032//2032 2030//2030 2188//2188
f 2189//2189 2187//2187 2031//2031
f 2190//2190 2032//2032 2188//2188
f 2033//2033 2189//2189 2031//2031
f 2034//2034 2032//2032 2190//2190
f 2191//2191 2189//2189 2033//2033
f 2192//2192 2034//2034 2190//2190
f 2035//2035 2191//2191 2033//2033
f 2036//2036 2034//2034 2192//2192
f 2193//2193 2191//2191 2035//2035
f 2194//2194 2036//2036 2192//2192
f 2037//2037 2193//2193 2035//2035
f 2038//2038 2036//2036 2194//2194
f 2195//2195 2193//2193 2037//2037
f 2196//2196 2038//2038 2194//2194
f 2039//2039 2195//2195 2037//2037
f 2040//2040 2038//2038 2196//2196
f 2197//2197 2195//2195 2039//2039
f 2198//2198 2040//2040 2196//2196
f 2041//2041 2197//2197 2039//2039
f 2042//2042 2040//2040 2198//2198
f 2199//2199 2197//2197 2041//2041
f 2200//2200 2042//2042 2198//2198
f 4663//4663 2199//2199 2041//2041
f 4663//4663 2042//2042 2200//2200
f 2201//2201 2199//2199 4663//4663
f 2202//2202 4663//4663 2200//2200
f 4665//4665 2201//2201 4663//4663
f 4665//4665 4663//4663 2202//2202
f 2203//2203 4666//4666 4664//4664
f 2204//2204 4664//4664 4666//4666
f 2043//2043 2203//2203 4664//4664
f 2044//2044 4664//4664 2204//2204
f 2205//2205 2203//2203 2043//2043
f 2206//2206 2044//2044 2204//2204
f 2045//2045 2205//2205 2043//2043
f 2046//2046 2044//2044 2206//2206
f 2207//2207 2205//2205 2045//2045
f 2208//2208 2046//2046 2206//2206
f 2047//2047 2207//2207 2045//2045
f 2048//2048 2046//2046 2208//2208
f 2209//2209 2207//2207 2047//2047
f 2210//2210 2048//2048 2208//2208
f 2049//2049 2209//2209 2047//2047
f 2050//2050 2048//2048 2210//2210
f 2211//2211 2209//2209 2049//2049
f 2212//2212 2050//2050 2210//2210
f 2051//2051 2211//2211 2049//2049
f 2052//2052 2050//2050 2212//2212
f 2213//2213 2211//2211 2051//2051
f 2214//2214 2052//2052 2212//2212
f 2053//2053 2213//2213 2051//2051
f 2054//2054 2052//2052 2214//2214
f 2215//2215 2213//2213 2053//2053
f 2216//2216 2054//2054 2214//2214
f 2055//2055 2215//2215 2053//2053
f 2056//2056 2054//2054 2216//2216
f 2217//2217 2215//2215 2055//2055
f 2218//2218 2056//2056 2216//2216
f 2057//2057 2217//2217 2055//2055
f 2058//2058 2056//2056 2218//2218
f 2219//2219 2217//2217 2057//2057
f 2220//2220 2058//2058 2218//2218
f 2059//2059 2219//2219 2057//2057
f 2060//2060 2058//2058 2220//2220
f 2221//2221 2219//2219 2059//2059
f 2222//2222 2060//2060 2220//2220
f 2061//2061 2221//2221 2059//2059
f 2062//2062 2060//2060 2222//2222
f 2063//2063 2221//2221 2061//2061
f 2064//2064 2062//2062 2222//2222
f 2223//2223 2221//2221 2063//2063
f 2224//2224 2064//2064 2222//2222
f 2065//2065 2223//2223 2063//2063
f 2066//2066 2064//2064 2224//2224
f 2225//2225 2223//2223 2065//2065
f 2226//2226 2066//2066 2224//2224
f 2067//2067 2225//2225 2065//2065
f 2068//2068 2066//2066 2226//2226
f 2227//2227 2225//2225 2067//2067
f 2228//2228 2068//2068 2226//2226
f 2069//2069 2227//2227 2067//2067
f 2070//2070 2068//2068 2228//2228
f 2229//2229 2227//2227 2069//2069
f 2230//2230 2070//2070 2228//2228
f 2071//2071 2229//2229 2069//2069
f 2072//2072 2070//2070 2230//2230
f 2231//2231 2229//2229 2071//2071
f 2232//2232 2072//2072 2230//2230
f 2233//2233 2231//2231 2071//2071
f 2234//2234 2072//2072 2232//2232
f 2073//2073 2233//2233 2071//2071
f 2074//2074 2072//2072 2234//2234
f 2075//2075 2233//2233 2073//2073
f 2076//2076 2074//2074 2234//2234
f 2235//2235 2233//2233 2075//2075
f 2236//2236 2076//2076 2234//2234
f 2077//2077 2235//2235 2075//2075
f 2078//2078 2076//2076 2236//2236
f 2237//2237 2235//2235 2077//2077
f 2238//2238 2078//2078 2236//2236
f 2079//2079 2237//2237 2077//2077
f 2080//2080 2078//2078 2238//2238
f 2239//2239 2237//2237 2079//2079
f 2240//2240 2080//2080 2238//2238
f 2081//2081 2239//2239 2079//2079
f 2082//2082 2080//2080 2240//2240
f 2241//2241 2239//2239 2081//2081
f 2242//2242 2082//2082 2240//2240
f 2083//2083 2241//2241 2081//2081
f 2084//2084 2082//2082 2242//2242
f 2243//2243 2241//2241 2083//2083
f 2244//2244 2084//2084 2242//2242
f 2085//2085 2243//2243 2083//2083
f 2086//2086 2084//2084 2244//2244
f 2245//2245 2243//2243 2085//2085
f 2246//2246 2086//2086 2244//2244
f 2087//2087 2245//2245 2085//2085
f 2088//2088 2086//2086 2246//2246
f 2247//2247 2245//2245 2087//2087
f 2248//2248 2088//2088 2246//2246
f 2089//2089 2247//2247 2087//2087
f 2090//2090 2088//2088 2248//2248
f 2249//2249 2247//2247 2089//2089
f 2250//2250 2090//2090 2248//2248
f 2091//2091 2249//2249 2089//2089
f 2092//2092 2090//2090 2250//2250
f 2251//2251 2249//2249 2091//2091
f 2252//2252 2092//2092 2250//2250
f 2093//2093 2251//2251 2091//2091
f 2094//2094 2092//2092 2252//2252
f 2253//2253 2251//2251 2093//2093
f 2254//2254 2094//2094 2252//2252
f 2095//2095 2253//2253 2093//2093
f 2096//2096 2094//2094 2254//2254
f 2255//2255 2253//2253 2095//2095
f 2256//2256 2096//2096 2254//2254
f 2097//2097 2255//2255 2095//2095
f 2098//2098 2096//2096 2256//2256
f 2257//2257 2255//2255 2097//2097
f 2258//2258 2098//2098 2256//2256
f 2099//2099 2257//2257 2097//2097
f 2100//2100 2098//2098 2258//2258
f 2259//2259 2257//2257 2099//2099
f 2260//2260 2100//2100 2258//2258
f 2101//2101 2259//2259 2099//2099
f 2102//2102 2100//2100 2260//2260
f 2261//2261 2259//2259 2101//2101
f 2262//2262 2102//2102 2260//2260
f 2103//2103 2261//2261 2101//2101
f 2104//2104 2102//2102 2262//2262
f 2263//2263 2261//2261 2103//2103
f 2264//2264 2104//2104 2262//2262
f 2105//2105 2263//2263 2103//2103
f 2106//2106 2104//2104 2264//2264
f 2265//2265 2263//2263 2105//2105
f 2266//2266 2106//2106 2264//2264
f 2107//2107 2265//2265 2105//2105
f 2108//2108 2106//2106 2266//2266
f 2267//2267 2265//2265 2107//2107
f 2268//2268 2108//2108 2266//2266
f 2109//2109 2267//2267 2107//2107
f 2110//2110 2108//2108 2268//2268
f 2269//2269 2267//2267 2109//2109
f 2270//2270 2110//2110 2268//2268
f 2111//2111 2269//2269 2109//2109
f 2112//2112 2110//2110 2270//2270
f 2271//2271 2269//2269 2111//2111
f 2272//2272 2112//2112 2270//2270
f 2113//2113 2271//2271 2111//2111
f 2114//2114 2112//2112 2272//2272
f 2273//2273 2271//2271 2113//2113
f 2274//2274 2114//2114 2272//2272
f 2115//2115 2273//2273 2113//2113
f 2116//2116 2114//2114 2274//2274
f 2275//2275 2273//2273 2115//2115
f 2276//2276 2116//2116 2274//2274
f 2117//2117 2275//2275 2115//2115
f 2118//2118 2116//2116 2276//2276
f 2277//2277 2275//2275 2117//2117
f 2278//2278 2118//2118 2276//2276
f 2119//2119 2277//2277 2117//2117
f 2120//2120 2118//2118 2278//2278
f 2279//2279 2277//2277 2119//2119
f 2280//2280 2120//2120 2278//2278
f 2281//2281 2279//2279 2119//2119
f 2282//2282 2120//2120 2280//2280
f 2121//2121 2281//2281 2119//2119
f 2122//2122 2120//2120 2282//2282
f 2123//2123 2281//2281 2121//2121
f 2124//2124 2122//2122 2282//2282
f 2283//2283 2281//2281 2123//2123
f 2284//2284 2124//2124 2282//2282
f 2125//2125 2283//2283 2123//2123
f 2126//2126 2124//2124 2284//2284
f 2285//2285 2283//2283 2125//2125
f 2286//2286 2126//2126 2284//2284
f 2287//2287 2285//2285 2125//2125
f 2288//2288 2126//2126 2286//2286
f 2127//2127 2287//2287 2125//2125
f 2128//2128 2126//2126 2288//2288
f 2289//2289 2287//2287 2127//2127
f 2290//2290 2128//2128 2288//2288
f 2129//2129 2289//2289 2127//2127
f 2130//2130 2128//2128 2290//2290
f 2291//2291 2289//2289 2129//2129
f 2292//2292 2130//2130 2290//2290
f 2131//2131 2291//2291 2129//2129
f 2132//2132 2130//2130 2292//2292
f 2293//2293 2291//2291 2131//2131
f 2294//2294 2132//2132 2292//2292
f 2133//2133 2293//2293 2131//2131
f 2134//2134 2132//2132 2294//2294
f 2295//2295 2293//2293 2133//2133
f 2296//2296 2134//2134 2294//2294
f 2135//2135 2295//2295 2133//2133
f 2136//2136 2134//2134 2296//2296
f 2297//2297 2295//2295 2135//2135
f 2298//2298 2136//2136 2296//2296
f 2137//2137 2297//2297 2135//2135
f 2138//2138 2136//2136 2298//2298
f 2299//2299 2297//2297 2137//2137
f 2300//2300 2138//2138 2298//2298
f 2139//2139 2299//2299 2137//2137
f 2140//2140 2138//2138 2300//2300
f 2301//2301 2299//2299 2139//2139
f 2302//2302 2140//2140 2300//2300
f 2141//2141 2301//2301 2139//2139
f 2142//2142 2140//2140 2302//2302
f 2303//2303 2301//2301 2141//2141
f 2304//2304 2142//2142 2302//2302
f 2143//2143 2303//2303 2141//2141
f 2144//2144 2142//2142 2304//2304
f 2305//2305 2303//2303 2143//2143
f 2306//2306 2144//2144 2304//2304
f 2145//2145 2305//2305 2143//2143
f 2146//2146 2144//2144 2306//2306
f 2307//2307 2305//2305 2145//2145
f 2308//2308 2146//2146 2306//2306
f 2147//2147 2307//2307 2145//2145
f 2148//2148 2146//2146 2308//2308
f 2309//2309 2307//2307 2147//2147
f 2310//2310 2148//2148 2308//2308
f 2149//2149 2309//2309 2147//2147
f 2150//2150 2148//2148 2310//2310
f 2311//2311 2309//2309 2149//2149
f 2312//2312 2150//2150 2310//2310
f 2151//2151 2311//2311 2149//2149
f 2152//2152 2150//2150 2312//2312
f 2313//2313 2311//2311 2151//2151
f 2314//2314 2152//2152 2312//2312
f 2153//2153 2313//2313 2151//2151
f 2154//2154 2152//2152 2314//2314
f 2315//2315 2313//2313 2153//2153
f 2316//2316 2154//2154 2314//2314
f 2155//2155 2315//2315 2153//2153
f 2156//2156 2154//2154 2316//2316
f 2317//2317 2315//2315 2155//2155
f 2318//2318 2156//2156 2316//2316
f 2157//2157 2317//2317 2155//2155
f 2158//2158 2156//2156 2318//2318
f 2319//2319 2317//2317 2157//2157
f 2320//2320 2158//2158 2318//2318
f 2159//2159 2319//2319 2157//2157
f 2160//2160 2158//2158 2320//2320
f 2321//2321 2319//2319 2159//2159
f 2322//2322 2160//2160 2320//2320
f 2161//2161 2321//2321 2159//2159
f 2162//2162 2160//2160 2322//2322
f 2323//2323 2321//2321 2161//2161
f 2324//2324 2162//2162 2322//2322
f 2163//2163 2323//2323 2161//2161
f 2164//2164 2162//2162 2324//2324
f 2325//2325 2323//2323 2163//2163
f 2326//2326 2164//2164 2324//2324
f 2165//2165 2325//2325 2163//2163
f 2166//2166 2164//2164 2326//2326
f 2327//2327 2325//2325 2165//2165
f 2328//2328 2166//2166 2326//2326
f 2167//2167 2327//2327 2165//2165
f 2168//2168 2166//2166 2328//2328
f 2329//2329 2327//2327 2167//2167
f 2330//2330 2168//2168 2328//2328
f 2169//2169 2329//2329 2167//2167
f 2170//2170 2168//2168 2330//2330
f 2171//2171 2329//2329 2169//2169
f 2172//2172 2170//2170 2330//2330
f 2331//2331 2329//2329 2171//2171
f 2332//2332 2172//2172 2330//2330
f 2173//2173 2331//2331 2171//2171
f 2174//2174 2172//2172 2332//2332
f 2333//2333 2331//2331 2173//2173
f 2334//2334 2174//2174 2332//2332
f 2175//2175 2333//2333 2173//2173
f 2176//2176 2174//2174 2334//2334
f 2335//2335 2333//2333 2175//2175
f 2336//2336 2176//2176 2334//2334
f 2177//2177 2335//2335 2175//2175
f 2178//2178 2176//2176 2336//2336
f 2337//2337 2335//2335 2177//2177
f 2338//2338 2178//2178 2336//2336
f 2179//2179 2337//2337 2177//2177
f 2180//2180 2178//2178 2338//2338
f 2339//2339 2337//2337 2179//2179
f 2340//2340 2180//2180 2338//2338
f 2341//2341 2339//2339 2179//2179
f 2342//2342 2180//2180 2340//2340
f 2181//2181 2341//2341 2179//2179
f 2182//2182 2180//2180 2342//2342
f 2343//2343 2341//2341 2181//2181
f 2344//2344 2182//2182 2342//2342
f 2183//2183 2343//2343 2181//2181
f 2184//2184 2182//2182 2344//2344
f 2185//2185 2343//2343 2183//2183
f 2186//2186 2184//2184 2344//2344
f 2345//2345 2343//2343 2185//2185
f 2346//2346 2186//2186 2344//2344
f 2187//2187 2345//2345 2185//2185
f 2188//2188 2186//2186 2346//2346
f 2347//2347 2345//2345 2187//2187
f 2348//2348 2188//2188 2346//2346
f 2189//2189 2347//2347 2187//2187
f 2190//2190 2188//2188 2348//2348
f 2349//2349 2347//2347 2189//2189
f 2350//2350 2190//2190 2348//2348
f 2191//2191 2349//2349 2189//2189
f 2192//2192 2190//2190 2350//2350
f 2351//2351 2349//2349 2191//2191
f 2352//2352 2192//2192 2350//2350
f 2193//2193 2351//2351 2191//2191
f 2194//2194 2192//2192 2352//2352
f 2353//2353 2351//2351 2193//2193
f 2354//2354 2194//2194 2352//2352
f 2195//2195 2353//2353 2193//2193
f 2196//2196 2194//2194 2354//2354
f 2355//2355 2353//2353 2195//2195
f 2356//2356 2196//2196 2354//2354
f 2197//2197 2355//2355 2195//2195
f 2198//2198 2196//2196 2356//2356
f 2357//2357 2355//2355 2197//2197
f 2358//2358 2198//2198 2356//2356
f 2199//2199 2357//2357 2197//2197
f 2200//2200 2198//2198 2358//2358
f 2359//2359 2357//2357 2199//2199
f 2360//2360 2200//2200 2358//2358
f 2201//2201 2359//2359 2199//2199
f 2202//2202 2200//2200 2360//2360
f 2361//2361 2359//2359 2201//2201
f 2362//2362 2202//2202 2360//2360
f 4665//4665 2361//2361 2201//2201
f 4665//4665 2202//2202 2362//2362
f 4667//4667 2361//2361 4665//4665
f 4667//4667 4665//4665 2362//2362
f 2363//2363 4668//4668 4666//4666
f 2364//2364 4666//4666 4668//4668
f 2203//2203 2363//2363 4666//4666
f 2204//2204 4666//4666 2364//2364
f 2365//2365 2363//2363 2203//2203
f 2366//2366 2204//2204 2364//2364
f 2205//2205 2365//2365 2203//2203
f 2206//2206 2204//2204 2366//2366
f 2367//2367 2365//2365 2205//2205
f 2368//2368 2206//2206 2366//2366
f 2207//2207 2367//2367 2205//2205
f 2208//2208 2206//2206 2368//2368
f 2369//2369 2367//2367 2207//2207
f 2370//2370 2208//2208 2368//2368
f 2209//2209 2369//2369 2207//2207
f 2210//2210 2208//2208 2370//2370
f 2371//2371 2369//2369 2209//2209
f 2372//2372 2210//2210 2370//2370
f 2211//2211 2371//2371 2209//2209
f 2212//2212 2210//2210 2372//2372
f 2213//2213 2371//2371 2211//2211
f 2214//2214 2212//2212 2372//2372
f 2373//2373 2371//2371 2213//2213
f 2374//2374 2214//2214 2372//2372
f 2215//2215 2373//2373 2213//2213
f 2216//2216 2214//2214 2374//2374
f 2375//2375 2373//2373 2215//2215
f 2376//2376 2216//2216 2374//2374
f 2377//2377 2375//2375 2215//2215
f 2378//2378 2216//2216 2376//2376
f 2217//2217 2377//2377 2215//2215
f 2218//2218 2216//2216 2378//2378
f 2379//2379 2377//2377 2217//2217
f 2380//2380 2218//2218 2378//2378
f 2219//2219 2379//2379 2217//2217
f 2220//2220 2218//2218 2380//2380
f 2381//2381 2379//2379 2219//2219
f 2382//2382 2220//2220 2380//2380
f 2221//2221 2381//2381 2219//2219
f 2222//2222 2220//2220 2382//2382
f 2383//2383 2381//2381 2221//2221
f 2384//2384 2222//2222 2382//2382
f 2223//2223 2383//2383 2221//2221
f 2224//2224 2222//2222 2384//2384
f 2385//2385 2383//2383 2223//2223
f 2386//2386 2224//2224 2384//2384
f 2225//2225 2385//2385 2223//2223
f 2226//2226 2224//2224 2386//2386
f 2387//2387 2385//2385 2225//2225
f 2388//2388 2226//2226 2386//2386
f 2227//2227 2387//2387 2225//2225
f 2228//2228 2226//2226 2388//2388
f 2389//2389 2387//2387 2227//2227
f 2390//2390 2228//2228 2388//2388
f 2229//2229 2389//2389 2227//2227
f 2230//2230 2228//2228 2390//2390
f 2391//2391 2389//2389 2229//2229
f 2392//2392 2230//2230 2390//2390
f 2231//2231 2391//2391 2229//2229
f 2232//2232 2230//2230 2392//2392
f 2393//2393 2391//2391 2231//2231
f 2394//2394 2232//2232 2392//2392
f 2233//2233 2393//2393 2231//2231
f 2234//2234 2232//2232 2394//2394
f 2395//2395 2393//2393 2233//2233
f 2396//2396 2234//2234 2394//2394
f 2235//2235 2395//2395 2233//2233
f 2236//2236 2234//2234 2396//2396
f 2397//2397 2395//2395 2235//2235
f 2398//2398 2236//2236 2396//2396
f 2237//2237 2397//2397 2235//2235
f 2238//2238 2236//2236 2398//2398
f 2399//2399 2397//2397 2237//2237
f 2400//2400 2238//2238 2398//2398
f 2239//2239 2399//2399 2237//2237
f 2240//2240 2238//2238 2400//2400
f 2401//2401 2399//2399 2239//2239
f 2402//2402 2240//2240 2400//2400
f 2241//2241 2401//2401 2239//2239
f 2242//2242 2240//2240 2402//2402
f 2403//2403 2401//2401 2241//2241
f 2404//2404 2242//2242 2402//2402
f 2243//2243 2403//2403 2241//2241
f 2244//2244 2242//2242 2404//2404
f 2405//2405 2403//2403 2243//2243
f 2406//2406 2244//2244 2404//2404
f 2245//2245 2405//2405 2243//2243
f 2246//2246 2244//2244 2406//2406
f 2407//2407 2405//2405 2245//2245
f 2408//2408 2246//2246 2406//2406
f 2247//2247 2407//2407 2245//2245
f 2248//2248 2246//2246 2408//2408
f 2409//2409 2407//2407 2247//2247
f 2410//2410 2248//2248 2408//2408
f 2249//2249 2409//2409 2247//2247
f 2250//2250 2248//2248 2410//2410
f 2411//2411 2409//2409 2249//2249
f 2412//2412 2250//2250 2410//2410
f 2251//2251 2411//2411 2249//2249
f 2252//2252 2250//2250 2412//2412
f 2413//2413 2411//2411 2251//2251
f 2414//2414 2252//2252 2412//2412
f 2253//2253 2413//2413 2251//2251
f 2254//2254 2252//2252 2414//2414
f 2415//2415 2413//2413 2253//2253
f 2416//2416 2254//2254 2414//2414
f 2255//2255 2415//2415 2253//2253
f 2256//2256 2254//2254 2416//2416
f 2417//2417 2415//2415 2255//2255
f 2418//2418 2256//2256 2416//2416
f 2257//2257 2417//2417 2255//2255
f 2258//2258 2256//2256 2418//2418
f 2419//2419 2417//2417 2257//2257
f 2420//2420 2258//2258 2418//2418
f 2259//2259 2419//2419 2257//2257
f 2260//2260 2258//2258 2420//2420
f 2421//2421 2419//2419 2259//2259
f 2422//2422 2260//2260 2420//2420
f 2261//2261 2421//2421 2259//2259
f 2262//2262 2260//2260 2422//2422
f 2423//2423 2421//2421 2261//2261
f 2424//2424 2262//2262 2422//2422
f 2263//2263 2423//2423 2261//2261
f 2264//2264 2262//2262 2424//2424
f 2425//2425 2423//2423 2263//2263
f 2426//2426 2264//2264 2424//2424
f 2265//2265 2425//2425 2263//2263
f 2266//2266 2264//2264 2426//2426
f 2427//2427 2425//2425 2265//2265
f 2428//2428 2266//2266 2426//2426
f 2267//2267 2427//2427 2265//2265
f 2268//2268 2266//2266 2428//2428
f 2429//2429 2427//2427 2267//2267
f 2430//2430 2268//2268 2428//2428
f 2269//2269 2429//2429 2267//2267
f 2270//2270 2268//2268 2430//2430
f 2431//2431 2429//2429 2269//2269
f 2432//2432 2270//2270 2430//2430
f 2271//2271 2431//2431 2269//2269
f 2272//2272 2270//2270 2432//2432
f 2433//2433 2431//2431 2271//2271
f 2434//2434 2272//2272 2432//2432
f 2273//2273 2433//2433 2271//2271
f 2274//2274 2272//2272 2434//2434
f 2435//2435 2433//2433 2273//2273
f 2436//2436 2274//2274 2434//2434
f 2275//2275 2435//2435 2273//2273
f 2276//2276 2274//2274 2436//2436
f 2437//2437 2435//2435 2275//2275
f 2438//2438 2276//2276 2436//2436
f 2277//2277 2437//2437 2275//2275
f 2278//2278 2276//2276 2438//2438
f 2439//2439 2437//2437 2277//2277
f 2440//2440 2278//2278 2438//2438
f 2279//2279 2439//2439 2277//2277
f 2280//2280 2278//2278 2440//2440
f 2441//2441 2439//2439 2279//2279
f 2442//2442 2280//2280 2440//2440
f 2281//2281 2441//2441 2279//2279
f 2282//2282 2280//2280 2442//2442
f 2443//2443 2441//2441 2281//2281
f 2444//2444 2282//2282 2442//2442
f 2283//2283 2443//2443 2281//2281
f 2284//2284 2282//2282 2444//2444
f 2445//2445 2443//2443 2283//2283
f 2446//2446 2284//2284 2444//2444
f 2285//2285 2445//2445 2283//2283
f 2286//2286 2284//2284 2446//2446
f 2447//2447 2445//2445 2285//2285
f 2448//2448 2286//2286 2446//2446
f 2287//2287 2447//2447 2285//2285
f 2288//2288 2286//2286 2448//2448
f 2449//2449 2447//2447 2287//2287
f 2450//2450 2288//2288 2448//2448
f 2289//2289 2449//2449 2287//2287
f 2290//2290 2288//2288 2450//2450
f 2451//2451 2449//2449 2289//2289
f 2452//2452 2290//2290 2450//2450
f 2291//2291 2451//2451 2289//2289
f 2292//2292 2290//2290 2452//2452
f 2453//2453 2451//2451 2291//2291
f 2454//2454 2292//2292 2452//2452
f 2293//2293 2453//2453 2291//2291
f 2294//2294 2292//2292 2454//2454
f 2455//2455 2453//2453 2293//2293
f 2456//2456 2294//2294 2454//2454
f 2295//2295 2455//2455 2293//2293
f 2296//2296 2294//2294 2456//2456
f 2457//2457 2455//2455 2295//2295
f 2458//2458 2296//2296 2456//2456
f 2297//2297 2457//2457 2295//2295
f 2298//2298 2296//2296 2458//2458
f 2459//2459 2457//2457 2297//2297
f 2460//2460 2298//2298 2458//2458
f 2299//2299 2459//2459 2297//2297
f 2300//2300 2298//2298 2460//2460
f 2461//2461 2459//2459 2299//2299
f 2462//2462 2300//2300 2460//2460
f 2301//2301 2461//2461 2299//2299
f 2302//2302 2300//2300 2462//2462
f 2463//2463 2461//2461 2301//2301
f 2464//2464 2302//2302 2462//2462
f 2303//2303 2463//2463 2301//2301
f 2304//2304 2302//2302 2464//2464
f 2465//2465 2463//2463 2303//2303
f 2466//2466 2304//2304 2464//2464
f 2305//2305 2465//2465 2303//2303
f 2306//2306 2304//2304 2466//2466
f 2467//2467 2465//2465 2305//2305
f 2468//2468 2306//2306 2466//2466
f 2307//2307 2467//2467 2305//2305
f 2308//2308 2306//2306 2468//2468
f 2469//2469 2467//2467 2307//2307
f 2470//2470 2308//2308 2468//2468
f 2309//2309 2469//2469 2307//2307
f 2310//2310 2308//2308 2470//2470
f 2471//2471 2469//2469 2309//2309
f 2472//2472 2310//2310 2470//2470
f 2311//2311 2471//2471 2309//2309
f 2312//2312 2310//2310 2472//2472
f 2473//2473 2471//2471 2311//2311
f 2474//2474 2312//2312 2472//2472
f 2313//2313 2473//2473 2311//2311
f 2314//2314 2312//2312 2474//2474
f 2475//2475 2473//2473 2313//2313
f 2476//2476 2314//2314 2474//2474
f 2315//2315 2475//2475 2313//2313
f 2316//2316 2314//2314 2476//2476
f 2477//2477 2475//2475 2315//2315
f 2478//2478 2316//2316 2476//2476
f 2317//2317 2477//2477 2315//2315
f 2318//2318 2316//2316 2478//2478
f 2479//2479 2477//2477 2317//2317
f 2480//2480 2318//2318 2478//2478
f 2319//2319 2479//2479 2317//2317
f 2320//2320 2318//2318 2480//2480
f 2481//2481 2479//2479 2319//2319
f 2482//2482 2320//2320 2480//2480
f 2321//2321 2481//2481 2319//2319
f 2322//2322 2320//2320 2482//2482
f 2483//2483 2481//2481 2321//2321
f 2484//2484 2322//2322 2482//2482
f 2323//2323 2483//2483 2321//2321
f 2324//2324 2322//2322 2484//2484
f 2485//2485 2483//2483 2323//2323
f 2486//2486 2324//2324 2484//2484
f 2325//2325 2485//2485 2323//2323
f 2326//2326 2324//2324 2486//2486
f 2487//2487 2485//2485 2325//2325
f 2488//2488 2326//2326 2486//2486
f 2327//2327 2487//2487 2325//2325
f 2328//2328 2326//2326 2488//2488
f 2489//2489 2487//2487 2327//2327
f 2490//2490 2328//2328 2488//2488
f 2329//2329 2489//2489 2327//2327
f 2330//2330 2328//2328 2490//2490
f 2491//2491 2489//2489 2329//2329
f 2492//2492 2330//2330 2490//2490
f 2331//2331 2491//2491 2329//2329
f 2332//2332 2330//2330 2492//2492
f 2493//2493 2491//2491 2331//2331
f 2494//2494 2332//2332 2492//2492
f 2333//2333 2493//2493 2331//2331
f 2334//2334 2332//2332 2494//2494
f 2495//2495 2493//2493 2333//2333
f 2496//2496 2334//2334 2494//2494
f 2335//2335 2495//2495 2333//2333
f 2336//2336 2334//2334 2496//2496
f 2497//2497 2495//2495 2335//2335
f 2498//2498 2336//2336 2496//2496
f 2337//2337 2497//2497 2335//2335
f 2338//2338 2336//2336 2498//2498
f 2499//2499 2497//2497 2337//2337
f 2500//2500 2338//2338 2498//2498
f 2339//2339 2499//2499 2337//2337
f 2340//2340 2338//2338 2500//2500
f 2501//2501 2499//2499 2339//2339
f 2502//2502 2340//2340 2500//2500
f 2341//2341 2501//2501 2339//2339
f 2342//2342 2340//2340 2502//2502
f 2503//2503 2501//2501 2341//2341
f 2504//2504 2342//2342 2502//2502
f 2343//2343 2503//2503 2341//2341
f 2344//2344 2342//2342 2504//2504
f 2505//2505 2503//2503 2343//2343
f 2506//2506 2344//2344 2504//2504
f 2345//2345 2505//2505 2343//2343
f 2346//2346 2344//2344 2506//2506
f 2507//2507 2505//2505 2345//2345
f 2508//2508 2346//2346 2506//2506
f 2347//2347 2507//2507 2345//2345
f 2348//2348 2346//2346 2508//2508
f 2509//2509 2507//2507 2347//2347
f 2510//2510 2348//2348 2508//2508
f 2349//2349 2509//2509 2347//2347
f 2350//2350 2348//2348 2510//2510
f 2511//2511 2509//2509 2349//2349
f 2512//2512 2350//2350 2510//2510
f 2351//2351 2511//2511 2349//2349
f 2352//2352 2350//2350 2512//2512
f 2513//2513 2511//2511 2351//2351
f 2514//2514 2352//2352 2512//2512
f 2353//2353 2513//2513 2351//2351
f 2354//2354 2352//2352 2514//2514
f 2515//2515 2513//2513 2353//2353
f 2516//2516 2354//2354 2514//2514
f 2355//2355 2515//2515 2353//2353
f 2356//2356 2354//2354 2516//2516
f 2517//2517 2515//2515 2355//2355
f 2518//2518 2356//2356 2516//2516
f 2357//2357 2517//2517 2355//2355
f 2358//2358 2356//2356 2518//2518
f 2519//2519 2517//2517 2357//2357
f 2520//2520 2358//2358 2518//2518
f 2359//2359 2519//2519 2357//2357
f 2360//2360 2358//2358 2520//2520
f 2521//2521 2519//2519 2359//2359
f 2522//2522 2360//2360 2520//2520
f 2361//2361 2521//2521 2359//2359
f 2362//2362 2360//2360 2522//2522
f 2523//2523 2521//2521 2361//2361
f 2524//2524 2362//2362 2522//2522
f 4667//4667 2523//2523 2361//2361
f 4667//4667 2362//2362 2524//2524
f 4669//4669 2523//2523 4667//4667
f 4669//4669 4667//4667 2524//2524
f 2525//2525 4670//4670 4668//4668
f 2526//2526 4668//4668 4670//4670
f 2527//2527 2525//2525 4668//4668
f 2528//2528 4668//4668 2526//2526
f 2363//2363 2527//2527 4668//4668
f 2364//2364 4668//4668 2528//2528
f 2529//2529 2527//2527 2363//2363
f 2530//2530 2364//2364 2528//2528
f 2365//2365 2529//2529 2363//2363
f 2366//2366 2364//2364 2530//2530
f 2531//2531 2529//2529 2365//2365
f 2532//2532 2366//2366 2530//2530
f 2367//2367 2531//2531 2365//2365
f 2368//2368 2366//2366 2532//2532
f 2533//2533 2531//2531 2367//2367
f 2534//2534 2368//2368 2532//2532
f 2369//2369 2533//2533 2367//2367
f 2370//2370 2368//2368 2534//2534
f 2535//2535 2533//2533 2369//2369
f 2536//2536 2370//2370 2534//2534
f 2371//2371 2535//2535 2369//2369
f 2372//2372 2370//2370 2536//2536
f 2537//2537 2535//2535 2371//2371
f 2538//2538 2372//2372 2536//2536
f 2373//2373 2537//2537 2371//2371
f 2374//2374 2372//2372 2538//2538
f 2539//2539 2537//2537 2373//2373
f 2540//2540 2374//2374 2538//2538
f 2375//2375 2539//2539 2373//2373
f 2376//2376 2374//2374 2540//2540
f 2377//2377 2539//2539 2375//2375
f 2378//2378 2376//2376 2540//2540
f 2541//2541 2539//2539 2377//2377
f 2542//2542 2378//2378 2540//2540
f 2379//2379 2541//2541 2377//2377
f 2380//2380 2378//2378 2542//2542
f 2543//2543 2541//2541 2379//2379
f 2544//2544 2380//2380 2542//2542
f 2381//2381 2543//2543 2379//2379
f 2382//2382 2380//2380 2544//2544
f 2545//2545 2543//2543 2381//2381
f 2546//2546 2382//2382 2544//2544
f 2383//2383 2545//2545 2381//2381
f 2384//2384 2382//2382 2546//2546
f 2547//2547 2545//2545 2383//2383
f 2548//2548 2384//2384 2546//2546
f 2385//2385 2547//2547 2383//2383
f 2386//2386 2384//2384 2548//2548
f 2549//2549 2547//2547 2385//2385
f 2550//2550 2386//2386 2548//2548
f 2387//2387 2549//2549 2385//2385
f 2388//2388 2386//2386 2550//2550
f 2551//2551 2549//2549 2387//2387
f 2552//2552 2388//2388 2550//2550
f 2389//2389 2551//2551 2387//2387
f 2390//2390 2388//2388 2552//2552
f 2553//2553 2551//2551 2389//2389
f 2554//2554 2390//2390 2552//2552
f 2391//2391 2553//2553 2389//2389
f 2392//2392 2390//2390 2554//2554
f 2555//2555 2553//2553 2391//2391
f 2556//2556 2392//2392 2554//2554
f 2393//2393 2555//2555 2391//2391
f 2394//2394 2392//2392 2556//2556
f 2557//2557 2555//2555 2393//2393
f 2558//2558 2394//2394 2556//2556
f 2395//2395 2557//2557 2393//2393
f 2396//2396 2394//2394 2558//2558
f 2559//2559 2557//2557 2395//2395
f 2560//2560 2396//2396 2558//2558
f 2397//2397 2559//2559 2395//2395
f 2398//2398 2396//2396 2560//2560
f 2561//2561 2559//2559 2397//2397
f 2562//2562 2398//2398 2560//2560
f 2399//2399 2561//2561 2397//2397
f 2400//2400 2398//2398 2562//2562
f 2563//2563 2561//2561 2399//2399
f 2564//2564 2400//2400 2562//2562
f 2401//2401 2563//2563 2399//2399
f 2402//2402 2400//2400 2564//2564
f 2565//2565 2563//2563 2401//2401
f 2566//2566 2402//2402 2564//2564
f 2403//2403 2565//2565 2401//2401
f 2404//2404 2402//2402 2566//2566
f 2567//2567 2565//2565 2403//2403
f 2568//2568 2404//2404 2566//2566
f 2405//2405 2567//2567 2403//2403
f 2406//2406 2404//2404 2568//2568
f 2569//2569 2567//2567 2405//2405
f 2570//2570 2406//2406 2568//2568
f 2407//2407 2569//2569 2405//2405
f 2408//2408 2406//2406 2570//2570
f 2571//2571 2569//2569 2407//2407
f 2572//2572 2408//2408 2570//2570
f 2409//2409 2571//2571 2407//2407
f 2410//2410 2408//2408 2572//2572
f 2573//2573 2571//2571 2409//2409
f 2574//2574 2410//2410 2572//2572
f 2411//2411 2573//2573 2409//2409
f 2412//2412 2410//2410 2574//2574
f 2575//2575 2573//2573 2411//2411
f 2576//2576 2412//2412 2574//2574
f 2413//2413 2575//2575 2411//2411
f 2414//2414 2412//2412 2576//2576
f 2577//2577 2575//2575 2413//2413
f 2578//2578 2414//2414 2576//2576
f 2415//2415 2577//2577 2413//2413
f 2416//2416 2414//2414 2578//2578
f 2579//2579 2577//2577 2415//2415
f 2580//2580 2416//2416 2578//2578
f 2417//2417 2579//2579 2415//2415
f 2418//2418 2416//2416 2580//2580
f 2581//2581 2579//2579 2417//2417
f 2582//2582 2418//2418 2580//2580
f 2419//2419 2581//2581 2417//2417
f 2420//2420 2418//2418 2582//2582
f 2583//2583 2581//2581 2419//2419
f 2584//2584 2420//2420 2582//2582
f 2421//2421 2583//2583 2419//2419
f 2422//2422 2420//2420 2584//2584
f 2585//2585 2583//2583 2421//2421
f 2586//2586 2422//2422 2584//2584
f 2423//2423 2585//2585 2421//2421
f 2424//2424 2422//2422 2586//2586
f 2587//2587 2585//2585 2423//2423
f 2588//2588 2424//2424 2586//2586
f 2425//2425 2587//2587 2423//2423
f 2426//2426 2424//2424 2588//2588
f 2589//2589 2587//2587 2425//2425
f 2590//2590 2426//2426 2588//2588
f 2427//2427 2589//2589 2425//2425
f 2428//2428 2426//2426 2590//2590
f 2591//2591 2589//2589 2427//2427
f 2592//2592 2428//2428 2590//2590
f 2429//2429 2591//2591 2427//2427
f 2430//2430 2428//2428 2592//2592
f 2593//2593 2591//2591 2429//2429
f 2594//2594 2430//2430 2592//2592
f 2431//2431 2593//2593 2429//2429
f 2432//2432 2430//2430 2594//2594
f 2595//2595 2593//2593 2431//2431
f 2596//2596 2432//2432 2594//2594
f 2433//2433 2595//2595 2431//2431
f 2434//2434 2432//2432 2596//2596
f 2597//2597 2595//2595 2433//2433
f 2598//2598 2434//2434 2596//2596
f 2435//2435 2597//2597 2433//2433
f 2436//2436 2434//2434 2598//2598
f 2599//2599 2597//2597 2435//2435
f 2600//2600 2436//2436 2598//2598
f 2437//2437 2599//2599 2435//2435
f 2438//2438 2436//2436 2600//2600
f 2601//2601 2599//2599 2437//2437
f 2602//2602 2438//2438 2600//2600
f 2603//2603 2601//2601 2437//2437
f 2604//2604 2438//2438 2602//2602
f 2439//2439 2603//2603 2437//2437
f 2440//2440 2438//2438 2604//2604
f 2441//2441 2603//2603 2439//2439
f 2442//2442 2440//2440 2604//2604
f 2605//2605 2603//2603 2441//2441
f 2606//2606 2442//2442 2604//2604
f 2607//2607 2605//2605 2441//2441
f 2608//2608 2442//2442 2606//2606
f 2443//2443 2607//2607 2441//2441
f 2444//2444 2442//2442 2608//2608
f 2609//2609 2607//2607 2443//2443
f 2610//2610 2444//2444 2608//2608
f 2445//2445 2609//2609 2443//2443
f 2446//2446 2444//2444 2610//2610
f 2611//2611 2609//2609 2445//2445
f 2612//2612 2446//2446 2610//2610
f 2447//2447 2611//2611 2445//2445
f 2448//2448 2446//2446 2612//2612
f 2613//2613 2611//2611 2447//2447
f 2614//2614 2448//2448 2612//2612
f 2449//2449 2613//2613 2447//2447
f 2450//2450 2448//2448 2614//2614
f 2615//2615 2613//2613 2449//2449
f 2616//2616 2450//2450 2614//2614
f 2451//2451 2615//2615 2449//2449
f 2452//2452 2450//2450 2616//2616
f 2617//2617 2615//2615 2451//2451
f 2618//2618 2452//2452 2616//2616
f 2453//2453 2617//2617 2451//2451
f 2454//2454 2452//2452 2618//2618
f 2619//2619 2617//2617 2453//2453
f 2620//2620 2454//2454 2618//2618
f 2455//2455 2619//2619 2453//2453
f 2456//2456 2454//2454 2620//2620
f 2621//2621 2619//2619 2455//2455
f 2622//2622 2456//2456 2620//2620
f 2457//2457 2621//2621 2455//2455
f 2458//2458 2456//2456 2622//2622
f 2623//2623 2621//2621 2457//2457
f 2624//2624 2458//2458 2622//2622
f 2459//2459 2623//2623 2457//2457
f 2460//2460 2458//2458 2624//2624
f 2625//2625 2623//2623 2459//2459
f 2626//2626 2460//2460 2624//2624
f 2461//2461 2625//2625 2459//2459
f 2462//2462 2460//2460 2626//2626
f 2627//2627 2625//2625 2461//2461
f 2628//2628 2462//2462 2626//2626
f 2463//2463 2627//2627 2461//2461
f 2464//2464 2462//2462 2628//2628
f 2629//2629 2627//2627 2463//2463
f 2630//2630 2464//2464 2628//2628
f 2465//2465 2629//2629 2463//2463
f 2466//2466 2464//2464 2630//2630
f 2631//2631 2629//2629 2465//2465
f 2632//2632 2466//2466 2630//2630
f 2467//2467 2631//2631 2465//2465
f 2468//2468 2466//2466 2632//2632
f 2633//2633 2631//2631 2467//2467
f 2634//2634 2468//2468 2632//2632
f 2469//2469 2633//2633 2467//2467
f 2470//2470 2468//2468 2634//2634
f 2635//2635 2633//2633 2469//2469
f 2636//2636 2470//2470 2634//2634
f 2471//2471 2635//2635 2469//2469
f 2472//2472 2470//2470 2636//2636
f 2637//2637 2635//2635 2471//2471
f 2638//2638 2472//2472 2636//2636
f 2473//2473 2637//2637 2471//2471
f 2474//2474 2472//2472 2638//2638
f 2639//2639 2637//2637 2473//2473
f 2640//2640 2474//2474 2638//2638
f 2475//2475 2639//2639 2473//2473
f 2476//2476 2474//2474 2640//2640
f 2641//2641 2639//2639 2475//2475
f 2642//2642 2476//2476 2640//2640
f 2477//2477 2641//2641 2475//2475
f 2478//2478 2476//2476 2642//2642
f 2643//2643 2641//2641 2477//2477
f 2644//2644 2478//2478 2642//2642
f 2479//2479 2643//2643 2477//2477
f 2480//2480 2478//2478 2644//2644
f 2645//2645 2643//2643 2479//2479
f 2646//2646 2480//2480 2644//2644
f 2481//2481 2645//2645 2479//2479
f 2482//2482 2480//2480 2646//2646
f 2647//2647 2645//2645 2481//2481
f 2648//2648 2482//2482 2646//2646
f 2483//2483 2647//2647 2481//2481
f 2484//2484 2482//2482 2648//2648
f 2649//2649 2647//2647 2483//2483
f 2650//2650 2484//2484 2648//2648
f 2485//2485 2649//2649 2483//2483
f 2486//2486 2484//2484 2650//2650
f 2651//2651 2649//2649 2485//2485
f 2652//2652 2486//2486 2650//2650
f 2487//2487 2651//2651 2485//2485
f 2488//2488 2486//2486 2652//2652
f 2653//2653 2651//2651 2487//2487
f 2654//2654 2488//2488 2652//2652
f 2489//2489 2653//2653 2487//2487
f 2490//2490 2488//2488 2654//2654
f 2655//2655 2653//2653 2489//2489
f 2656//2656 2490//2490 2654//2654
f 2491//2491 2655//2655 2489//2489
f 2492//2492 2490//2490 2656//2656
f 2657//2657 2655//2655 2491//2491
f 2658//2658 2492//2492 2656//2656
f 2493//2493 2657//2657 2491//2491
f 2494//2494 2492//2492 2658//2658
f 2659//2659 2657//2657 2493//2493
f 2660//2660 2494//2494 2658//2658
f 2495//2495 2659//2659 2493//2493
f 2496//2496 2494//2494 2660//2660
f 2661//2661 2659//2659 2495//2495
f 2662//2662 2496//2496 2660//2660
f 2497//2497 2661//2661 2495//2495
f 2498//2498 2496//2496 2662//2662
f 2663//2663 2661//2661 2497//2497
f 2664//2664 2498//2498 2662//2662
f 2499//2499 2663//2663 2497//2497
f 2500//2500 2498//2498 2664//2664
f 2501//2501 2663//2663 2499//2499
f 2502//2502 2500//2500 2664//2664
f 2665//2665 2663//2663 2501//2501
f 2666//2666 2502//2502 2664//2664
f 2503//2503 2665//2665 2501//2501
f 2504//2504 2502//2502 2666//2666
f 2667//2667 2665//2665 2503//2503
f 2668//2668 2504//2504 2666//2666
f 2505//2505 2667//2667 2503//2503
f 2506//2506 2504//2504 2668//2668
f 2669//2669 2667//2667 2505//2505
f 2670//2670 2506//2506 2668//2668
f 2507//2507 2669//2669 2505//2505
f 2508//2508 2506//2506 2670//2670
f 2671//2671 2669//2669 2507//2507
f 2672//2672 2508//2508 2670//2670
f 2509//2509 2671//2671 2507//2507
f 2510//2510 2508//2508 2672//2672
f 2673//2673 2671//2671 2509//2509
f 2674//2674 2510//2510 2672//2672
f 2511//2511 2673//2673 2509//2509
f 2512//2512 2510//2510 2674//2674
f 2675//2675 2673//2673 2511//2511
f 2676//2676 2512//2512 2674//2674
f 2513//2513 2675//2675 2511//2511
f 2514//2514 2512//2512 2676//2676
f 2677//2677 2675//2675 2513//2513
f 2678//2678 2514//2514 2676//2676
f 2515//2515 2677//2677 2513//2513
f 2516//2516 2514//2514 2678//2678
f 2679//2679 2677//2677 2515//2515
f 2680//2680 2516//2516 2678//2678
f 2517//2517 2679//2679 2515//2515
f 2518//2518 2516//2516 2680//2680
f 2681//2681 2679//2679 2517//2517
f 2682//2682 2518//2518 2680//2680
f 2683//2683 2681//2681 2517//2517
f 2684//2684 2518//2518 2682//2682
f 2519//2519 2683//2683 2517//2517
f 2520//2520 2518//2518 2684//2684
f 2685//2685 2683//2683 2519//2519
f 2686//2686 2520//2520 2684//2684
f 2521//2521 2685//2685 2519//2519
f 2522//2522 2520//2520 2686//2686
f 2523//2523 2685//2685 2521//2521
f 2524//2524 2522//2522 2686//2686
f 2687//2687 2685//2685 2523//2523
f 2688//2688 2524//2524 2686//2686
f 4669//4669 2687//2687 2523//2523
f 4669//4669 2524//2524 2688//2688
f 4671//4671 2687//2687 4669//4669
f 4671//4671 4669//4669 2688//2688
f 2525//2525 4672//4672 4670//4670
f 2526//2526 4670//4670 4672//4672
f 2689//2689 4672//4672 2525//2525
f 2690//2690 2526//2526 4672//4672
f 2527//2527 2689//2689 2525//2525
f 2528//2528 2526//2526 2690//2690
f 2691//2691 2689//2689 2527//2527
f 2692//2692 2528//2528 2690//2690
f 2529//2529 2691//2691 2527//2527
f 2530//2530 2528//2528 2692//2692
f 2693//2693 2691//2691 2529//2529
f 2694//2694 2530//2530 2692//2692
f 2531//2531 2693//2693 2529//2529
f 2532//2532 2530//2530 2694//2694
f 2695//2695 2693//2693 2531//2531
f 2696//2696 2532//2532 2694//2694
f 2533//2533 2695//2695 2531//2531
f 2534//2534 2532//2532 2696//2696
f 2697//2697 2695//2695 2533//2533
f 2698//2698 2534//2534 2696//2696
f 2699//2699 2697//2697 2533//2533
f 2700//2700 2534//2534 2698//2698
f 2535//2535 2699//2699 2533//2533
f 2536//2536 2534//2534 2700//2700
f 2701//2701 2699//2699 2535//2535
f 2702//2702 2536//2536 2700//2700
f 2537//2537 2701//2701 2535//2535
f 2538//2538 2536//2536 2702//2702
f 2703//2703 2701//2701 2537//2537
f 2704//2704 2538//2538 2702//2702
f 2539//2539 2703//2703 2537//2537
f 2540//2540 2538//2538 2704//2704
f 2705//2705 2703//2703 2539//2539
f 2706//2706 2540//2540 2704//2704
f 2541//2541 2705//2705 2539//2539
f 2542//2542 2540//2540 2706//2706
f 2707//2707 2705//2705 2541//2541
f 2708//2708 2542//2542 2706//2706
f 2543//2543 2707//2707 2541//2541
f 2544//2544 2542//2542 2708//2708
f 2709//2709 2707//2707 2543//2543
f 2710//2710 2544//2544 2708//2708
f 2545//2545 2709//2709 2543//2543
f 2546//2546 2544//2544 2710//2710
f 2711//2711 2709//2709 2545//2545
f 2712//2712 2546//2546 2710//2710
f 2547//2547 2711//2711 2545//2545
f 2548//2548 2546//2546 2712//2712
f 2713//2713 2711//2711 2547//2547
f 2714//2714 2548//2548 2712//2712
f 2549//2549 2713//2713 2547//2547
f 2550//2550 2548//2548 2714//2714
f 2715//2715 2713//2713 2549//2549
f 2716//2716 2550//2550 2714//2714
f 2551//2551 2715//2715 2549//2549
f 2552//2552 2550//2550 2716//2716
f 2717//2717 2715//2715 2551//2551
f 2718//2718 2552//2552 2716//2716
f 2553//2553 2717//2717 2551//2551
f 2554//2554 2552//2552 2718//2718
f 2719//2719 2717//2717 2553//2553
f 2720//2720 2554//2554 2718//2718
f 2555//2555 2719//2719 2553//2553
f 2556//2556 2554//2554 2720//2720
f 2721//2721 2719//2719 2555//2555
f 2722//2722 2556//2556 2720//2720
f 2557//2557 2721//2721 2555//2555
f 2558//2558 2556//2556 2722//2722
f 2723//2723 2721//2721 2557//2557
f 2724//2724 2558//2558 2722//2722
f 2559//2559 2723//2723 2557//2557
f 2560//2560 2558//2558 2724//2724
f 2725//2725 2723//2723 2559//2559
f 2726//2726 2560//2560 2724//2724
f 2561//2561 2725//2725 2559//2559
f 2562//2562 2560//2560 2726//2726
f 2727//2727 2725//2725 2561//2561
f 2728//2728 2562//2562 2726//2726
f 2563//2563 2727//2727 2561//2561
f 2564//2564 2562//2562 2728//2728
f 2729//2729 2727//2727 2563//2563
f 2730//2730 2564//2564 2728//2728
f 2565//2565 2729//2729 2563//2563
f 2566//2566 2564//2564 2730//2730
f 2731//2731 2729//2729 2565//2565
f 2732//2732 2566//2566 2730//2730
f 2567//2567 2731//2731 2565//2565
f 2568//2568 2566//2566 2732//2732
f 2733//2733 2731//2731 2567//2567
f 2734//2734 2568//2568 2732//2732
f 2569//2569 2733//2733 2567//2567
f 2570//2570 2568//2568 2734//2734
f 2735//2735 2733//2733 2569//2569
f 2736//2736 2570//2570 2734//2734
f 2571//2571 2735//2735 2569//2569
f 2572//2572 2570//2570 2736//2736
f 2737//2737 2735//2735 2571//2571
f 2738//2738 2572//2572 2736//2736
f 2573//2573 2737//2737 2571//2571
f 2574//2574 2572//2572 2738//2738
f 2739//2739 2737//2737 2573//2573
f 2740//2740 2574//2574 2738//2738
f 2575//2575 2739//2739 2573//2573
f 2576//2576 2574//2574 2740//2740
f 2741//2741 2739//2739 2575//2575
f 2742//2742 2576//2576 2740//2740
f 2577//2577 2741//2741 2575//2575
f 2578//2578 2576//2576 2742//2742
f 2743//2743 2741//2741 2577//2577
f 2744//2744 2578//2578 2742//2742
f 2579//2579 2743//2743 2577//2577
f 2580//2580 2578//2578 2744//2744
f 2745//2745 2743//2743 2579//2579
f 2746//2746 2580//2580 2744//2744
f 2581//2581 2745//2745 2579//2579
f 2582//2582 2580//2580 2746//2746
f 2747//2747 2745//2745 2581//2581
f 2748//2748 2582//2582 2746//2746
f 2583//2583 2747//2747 2581//2581
f 2584//2584 2582//2582 2748//2748
f 2749//2749 2747//2747 2583//2583
f 2750//2750 2584//2584 2748//2748
f 2585//2585 2749//2749 2583//2583
f 2586//2586 2584//2584 2750//2750
f 2751//2751 2749//2749 2585//2585
f 2752//2752 2586//2586 2750//2750
f 2587//2587 2751//2751 2585//2585
f 2588//2588 2586//2586 2752//2752
f 2753//2753 2751//2751 2587//2587
f 2754//2754 2588//2588 2752//2752
f 2589//2589 2753//2753 2587//2587
f 2590//2590 2588//2588 2754//2754
f 2755//2755 2753//2753 2589//2589
f 2756//2756 2590//2590 2754//2754
f 2591//2591 2755//2755 2589//2589
f 2592//2592 2590//2590 2756//2756
f 2757//2757 2755//2755 2591//2591
f 2758//2758 2592//2592 2756//2756
f 2593//2593 2757//2757 2591//2591
f 2594//2594 2592//2592 2758//2758
f 2759//2759 2757//2757 2593//2593
f 2760//2760 2594//2594 2758//2758
f 2595//2595 2759//2759 2593//2593
f 2596//2596 2594//2594 2760//2760
f 2761//2761 2759//2759 2595//2595
f 2762//2762 2596//2596 2760//2760
f 2597//2597 2761//2761 2595//2595
f 2598//2598 2596//2596 2762//2762
f 2763//2763 2761//2761 2597//2597
f 2764//2764 2598//2598 2762//2762
f 2599//2599 2763//2763 2597//2597
f 2600//2600 2598//2598 2764//2764
f 2765//2765 2763//2763 2599//2599
f 2766//2766 2600//2600 2764//2764
f 2601//2601 2765//2765 2599//2599
f 2602//2602 2600//2600 2766//2766
f 2767//2767 2765//2765 2601//2601
f 2768//2768 2602//2602 2766//2766
f 2603//2603 2767//2767 2601//2601
f 2604//2604 2602//2602 2768//2768
f 2769//2769 2767//2767 2603//2603
f 2770//2770 2604//2604 2768//2768
f 2605//2605 2769//2769 2603//2603
f 2606//2606 2604//2604 2770//2770
f 2771//2771 2769//2769 2605//2605
f 2772//2772 2606//2606 2770//2770
f 2607//2607 2771//2771 2605//2605
f 2608//2608 2606//2606 2772//2772
f 2773//2773 2771//2771 2607//2607
f 2774//2774 2608//2608 2772//2772
f 2609//2609 2773//2773 2607//2607
f 2610//2610 2608//2608 2774//2774
f 2775//2775 2773//2773 2609//2609
f 2776//2776 2610//2610 2774//2774
f 2611//2611 2775//2775 2609//2609
f 2612//2612 2610//2610 2776//2776
f 2777//2777 2775//2775 2611//2611
f 2778//2778 2612//2612 2776//2776
f 2613//2613 2777//2777 2611//2611
f 2614//2614 2612//2612 2778//2778
f 2779//2779 2777//2777 2613//2613
f 2780//2780 2614//2614 2778//2778
f 2615//2615 2779//2779 2613//2613
f 2616//2616 2614//2614 2780//2780
f 2781//2781 2779//2779 2615//2615
f 2782//2782 2616//2616 2780//2780
f 2617//2617 2781//2781 2615//2615
f 2618//2618 2616//2616 2782//2782
f 2783//2783 2781//2781 2617//2617
f 2784//2784 2618//2618 2782//2782
f 2619//2619 2783//2783 2617//2617
f 2620//2620 2618//2618 2784//2784
f 2785//2785 2783//2783 2619//2619
f 2786//2786 2620//2620 2784//2784
f 2621//2621 2785//2785 2619//2619
f 2622//2622 2620//2620 2786//2786
f 2787//2787 2785//2785 2621//2621
f 2788//2788 2622//2622 2786//2786
f 2623//2623 2787//2787 2621//2621
f 2624//2624 2622//2622 2788//2788
f 2789//2789 2787//2787 2623//2623
f 2790//2790 2624//2624 2788//2788
f 2625//2625 2789//2789 2623//2623
f 2626//2626 2624//2624 2790//2790
f 2791//2791 2789//2789 2625//2625
f 2792//2792 2626//2626 2790//2790
f 2627//2627 2791//2791 2625//2625
f 2628//2628 2626//2626 2792//2792
f 2793//2793 2791//2791 2627//2627
f 2794//2794 2628//2628 2792//2792
f 2629//2629 2793//2793 2627//2627
f 2630//2630 2628//2628 2794//2794
f 2795//2795 2793//2793 2629//2629
f 2796//2796 2630//2630 2794//2794
f 2631//2631 2795//2795 2629//2629
f 2632//2632 2630//2630 2796//2796
f 2797//2797 2795//2795 2631//2631
f 2798//2798 2632//2632 2796//2796
f 2633//2633 2797//2797 2631//2631
f 2634//2634 2632//2632 2798//2798
f 2799//2799 2797//2797 2633//2633
f 2800//2800 2634//2634 2798//2798
f 2635//2635 2799//2799 2633//2633
f 2636//2636 2634//2634 2800//2800
f 2801//2801 2799//2799 2635//2635
f 2802//2802 2636//2636 2800//2800
f 2637//2637 2801//2801 2635//2635
f 2638//2638 2636//2636 2802//2802
f 2803//2803 2801//2801 2637//2637
f 2804//2804 2638//2638 2802//2802
f 2639//2639 2803//2803 2637//2637
f 2640//2640 2638//2638 2804//2804
f 2805//2805 2803//2803 2639//2639
f 2806//2806 2640//2640 2804//2804
f 2641//2641 2805//2805 2639//2639
f 2642//2642 2640//2640 2806//2806
f 2807//2807 2805//2805 2641//2641
f 2808//2808 2642//2642 2806//2806
f 2643//2643 2807//2807 2641//2641
f 2644//2644 2642//2642 2808//2808
f 2809//2809 2807//2807 2643//2643
f 2810//2810 2644//2644 2808//2808
f 2645//2645 2809//2809 2643//2643
f 2646//2646 2644//2644 2810//2810
f 2811//2811 2809//2809 2645//2645
f 2812//2812 2646//2646 2810//2810
f 2647//2647 2811//2811 2645//2645
f 2648//2648 2646//2646 2812//2812
f 2813//2813 2811//2811 2647//2647
f 2814//2814 2648//2648 2812//2812
f 2649//2649 2813//2813 2647//2647
f 2650//2650 2648//2648 2814//2814
f 2815//2815 2813//2813 2649//2649
f 2816//2816 2650//2650 2814//2814
f 2651//2651 2815//2815 2649//2649
f 2652//2652 2650//2650 2816//2816
f 2817//2817 2815//2815 2651//2651
f 2818//2818 2652//2652 2816//2816
f 2653//2653 2817//2817 2651//2651
f 2654//2654 2652//2652 2818//2818
f 2819//2819 2817//2817 2653//2653
f 2820//2820 2654//2654 2818//2818
f 2655//2655 2819//2819 2653//2653
f 2656//2656 2654//2654 2820//2820
f 2821//2821 2819//2819 2655//2655
f 2822//2822 2656//2656 2820//2820
f 2657//2657 2821//2821 2655//2655
f 2658//2658 2656//2656 2822//2822
f 2823//2823 2821//2821 2657//2657
f 2824//2824 2658//2658 2822//2822
f 2659//2659 2823//2823 2657//2657
f 2660//2660 2658//2658 2824//2824
f 2825//2825 2823//2823 2659//2659
f 2826//2826 2660//2660 2824//2824
f 2661//2661 2825//2825 2659//2659
f 2662//2662 2660//2660 2826//2826
f 2827//2827 2825//2825 2661//2661
f 2828//2828 2662//2662 2826//2826
f 2663//2663 2827//2827 2661//2661
f 2664//2664 2662//2662 2828//2828
f 2829//2829 2827//2827 2663//2663
f 2830//2830 2664//2664 2828//2828
f 2665//2665 2829//2829 2663//2663
f 2666//2666 2664//2664 2830//2830
f 2831//2831 2829//2829 2665//2665
f 2832//2832 2666//2666 2830//2830
f 2667//2667 2831//2831 2665//2665
f 2668//2668 2666//2666 2832//2832
f 2833//2833 2831//2831 2667//2667
f 2834//2834 2668//2668 2832//2832
f 2669//2669 2833//2833 2667//2667
f 2670//2670 2668//2668 2834//2834
f 2835//2835 2833//2833 2669//2669
f 2836//2836 2670//2670 2834//2834
f 2671//2671 2835//2835 2669//2669
f 2672//2672 2670//2670 2836//2836
f 2837//2837 2835//2835 2671//2671
f 2838//2838 2672//2672 2836//2836
f 2673//2673 2837//2837 2671//2671
f 2674//2674 2672//2672 2838//2838
f 2839//2839 2837//2837 2673//2673
f 2840//2840 2674//2674 2838//2838
f 2675//2675 2839//2839 2673//2673
f 2676//2676 2674//2674 2840//2840
f 2841//2841 2839//2839 2675//2675
f 2842//2842 2676//2676 2840//2840
f 2677//2677 2841//2841 2675//2675
f 2678//2678 2676//2676 2842//2842
f 2843//2843 2841//2841 2677//2677
f 2844//2844 2678//2678 2842//2842
f 2679//2679 2843//2843 2677//2677
f 2680//2680 2678//2678 2844//2844
f 2845//2845 2843//2843 2679//2679
f 2846//2846 2680//2680 2844//2844
f 2681//2681 2845//2845 2679//2679
f 2682//2682 2680//2680 2846//2846
f 2847//2847 2845//2845 2681//2681
f 2848//2848 2682//2682 2846//2846
f 2683//2683 2847//2847 2681//2681
f 2684//2684 2682//2682 2848//2848
f 2849//2849 2847//2847 2683//2683
f 2850//2850 2684//2684 2848//2848
f 2685//2685 2849//2849 2683//2683
f 2686//2686 2684//2684 2850//2850
f 2851//2851 2849//2849 2685//2685
f 2852//2852 2686//2686 2850//2850
f 2687//2687 2851//2851 2685//2685
f 2688//2688 2686//2686 2852//2852
f 2853//2853 2851//2851 2687//2687
f 2854//2854 2688//2688 2852//2852
f 4671//4671 2853//2853 2687//2687
f 4671//4671 2688//2688 2854//2854
f 4673//4673 2853//2853 4671//4671
f 4673//4673 4671//4671 2854//2854
f 2855//2855 4674//4674 4672//4672
f 2856//2856 4672//4672 4674//4674
f 2689//2689 2855//2855 4672//4672
f 2690//2690 4672//4672 2856//2856
f 2857//2857 2855//2855 2689//2689
f 2858//2858 2690//2690 2856//2856
f 2691//2691 2857//2857 2689//2689
f 2692//2692 2690//2690 2858//2858
f 2859//2859 2857//2857 2691//2691
f 2860//2860 2692//2692 2858//2858
f 2693//2693 2859//2859 2691//2691
f 2694//2694 2692//2692 2860//2860
f 2695//2695 2859//2859 2693//2693
f 2696//2696 2694//2694 2860//2860
f 2861//2861 2859//2859 2695//2695
f 2862//2862 2696//2696 2860//2860
f 2697//2697 2861//2861 2695//2695
f 2698//2698 2696//2696 2862//2862
f 2863//2863 2861//2861 2697//2697
f 2864//2864 2698//2698 2862//2862
f 2699//2699 2863//2863 2697//2697
f 2700//2700 2698//2698 2864//2864
f 2865//2865 2863//2863 2699//2699
f 2866//2866 2700//2700 2864//2864
f 2701//2701 2865//2865 2699//2699
f 2702//2702 2700//2700 2866//2866
f 2867//2867 2865//2865 2701//2701
f 2868//2868 2702//2702 2866//2866
f 2703//2703 2867//2867 2701//2701
f 2704//2704 2702//2702 2868//2868
f 2869//2869 2867//2867 2703//2703
f 2870//2870 2704//2704 2868//2868
f 2705//2705 2869//2869 2703//2703
f 2706//2706 2704//2704 2870//2870
f 2871//2871 2869//2869 2705//2705
f 2872//2872 2706//2706 2870//2870
f 2707//2707 2871//2871 2705//2705
f 2708//2708 2706//2706 2872//2872
f 2873//2873 2871//2871 2707//2707
f 2874//2874 2708//2708 2872//2872
f 2709//2709 2873//2873 2707//2707
f 2710//2710 2708//2708 2874//2874
f 2875//2875 2873//2873 2709//2709
f 2876//2876 2710//2710 2874//2874
f 2711//2711 2875//2875 2709//2709
f 2712//2712 2710//2710 2876//2876
f 2877//2877 2875//2875 2711//2711
f 2878//2878 2712//2712 2876//2876
f 2713//2713 2877//2877 2711//2711
f 2714//2714 2712//2712 2878//2878
f 2879//2879 2877//2877 2713//2713
f 2880//2880 2714//2714 2878//2878
f 2715//2715 2879//2879 2713//2713
f 2716//2716 2714//2714 2880//2880
f 2881//2881 2879//2879 2715//2715
f 2882//2882 2716//2716 2880//2880
f 2717//2717 2881//2881 2715//2715
f 2718//2718 2716//2716 2882//2882
f 2883//2883 2881//2881 2717//2717
f 2884//2884 2718//2718 2882//2882
f 2719//2719 2883//2883 2717//2717
f 2720//2720 2718//2718 2884//2884
f 2885//2885 2883//2883 2719//2719
f 2886//2886 2720//2720 2884//2884
f 2721//2721 2885//2885 2719//2719
f 2722//2722 2720//2720 2886//2886
f 2887//2887 2885//2885 2721//2721
f 2888//2888 2722//2722 2886//2886
f 2723//2723 2887//2887 2721//2721
f 2724//2724 2722//2722 2888//2888
f 2889//2889 2887//2887 2723//2723
f 2890//2890 2724//2724 2888//2888
f 2725//2725 2889//2889 2723//2723
f 2726//2726 2724//2724 2890//2890
f 2891//2891 2889//2889 2725//2725
f 2892//2892 2726//2726 2890//2890
f 2727//2727 2891//2891 2725//2725
f 2728//2728 2726//2726 2892//2892
f 2893//2893 2891//2891 2727//2727
f 2894//2894 2728//2728 2892//2892
f 2729//2729 2893//2893 2727//2727
f 2730//2730 2728//2728 2894//2894
f 2895//2895 2893//2893 2729//2729
f 2896//2896 2730//2730 2894//2894
f 2731//2731 2895//2895 2729//2729
f 2732//2732 2730//2730 2896//2896
f 2897//2897 2895//2895 2731//2731
f 2898//2898 2732//2732 2896//2896
f 2733//2733 2897//2897 2731//2731
f 2734//2734 2732//2732 2898//2898
f 2899//2899 2897//2897 2733//2733
f 2900//2900 2734//2734 2898//2898
f 2735//2735 2899//2899 2733//2733
f 2736//2736 2734//2734 2900//2900
f 2901//2901 2899//2899 2735//2735
f 2902//2902 2736//2736 2900//2900
f 2737//2737 2901//2901 2735//2735
f 2738//2738 2736//2736 2902//2902
f 2903//2903 2901//2901 2737//2737
f 2904//2904 2738//2738 2902//2902
f 2739//2739 2903//2903 2737//2737
f 2740//2740 2738//2738 2904//2904
f 2905//2905 2903//2903 2739//2739
f 2906//2906 2740//2740 2904//2904
f 2741//2741 2905//2905 2739//2739
f 2742//2742 2740//2740 2906//2906
f 2907//2907 2905//2905 2741//2741
f 2908//2908 2742//2742 2906//2906
f 2743//2743 2907//2907 2741//2741
f 2744//2744 2742//2742 2908//2908
f 2909//2909 2907//2907 2743//2743
f 2910//2910 2744//2744 2908//2908
f 2745//2745 2909//2909 2743//2743
f 2746//2746 2744//2744 2910//2910
f 2911//2911 2909//2909 2745//2745
f 2912//2912 2746//2746 2910//2910
f 2747//2747 2911//2911 2745//2745
f 2748//2748 2746//2746 2912//2912
f 2913//2913 2911//2911 2747//2747
f 2914//2914 2748//2748 2912//2912
f 2749//2749 2913//2913 2747//2747
f 2750//2750 2748//2748 2914//2914
f 2915//2915 2913//2913 2749//2749
f 2916//2916 2750//2750 2914//2914
f 2751//2751 2915//2915 2749//2749
f 2752//2752 2750//2750 2916//2916
f 2917//2917 2915//2915 2751//2751
f 2918//2918 2752//2752 2916//2916
f 2753//2753 2917//2917 2751//2751
f 2754//2754 2752//2752 2918//2918
f 2919//2919 2917//2917 2753//2753
f 2920//2920 2754//2754 2918//2918
f 2755//2755 2919//2919 2753//2753
f 2756//2756 2754//2754 2920//2920
f 2921//2921 2919//2919 2755//2755
f 2922//2922 2756//2756 2920//2920
f 2757//2757 2921//2921 2755//2755
f 2758//2758 2756//2756 2922//2922
f 2923//2923 2921//2921 2757//2757
f 2924//2924 2758//2758 2922//2922
f 2759//2759 2923//2923 2757//2757
f 2760//2760 2758//2758 2924//2924
f 2925//2925 2923//2923 2759//2759
f 2926//2926 2760//2760 2924//2924
f 2761//2761 2925//2925 2759//2759
f 2762//2762 2760//2760 2926//2926
f 2927//2927 2925//2925 2761//2761
f 2928//2928 2762//2762 2926//2926
f 2763//2763 2927//2927 2761//2761
f 2764//2764 2762//2762 2928//2928
f 2929//2929 2927//2927 2763//2763
f 2930//2930 2764//2764 2928//2928
f 2765//2765 2929//2929 2763//2763
f 2766//2766 2764//2764 2930//2930
f 2931//2931 2929//2929 2765//2765
f 2932//2932 2766//2766 2930//2930
f 2767//2767 2931//2931 2765//2765
f 2768//2768 2766//2766 2932//2932
f 2933//2933 2931//2931 2767//2767
f 2934//2934 2768//2768 2932//2932
f 2935//2935 2933//2933 2767//2767
f 2936//2936 2768//2768 2934//2934
f 2769//2769 2935//2935 2767//2767
f 2770//2770 2768//2768 2936//2936
f 2937//2937 2935//2935 2769//2769
f 2938//2938 2770//2770 2936//2936
f 2771//2771 2937//2937 2769//2769
f 2772//2772 2770//2770 2938//2938
f 2773//2773 2937//2937 2771//2771
f 2774//2774 2772//2772 2938//2938
f 2939//2939 2937//2937 2773//2773
f 2940//2940 2774//2774 2938//2938
f 2941//2941 2939//2939 2773//2773
f 2942//2942 2774//2774 2940//2940
f 2775//2775 2941//2941 2773//2773
f 2776//2776 2774//2774 2942//2942
f 2943//2943 2941//2941 2775//2775
f 2944//2944 2776//2776 2942//2942
f 2777//2777 2943//2943 2775//2775
f 2778//2778 2776//2776 2944//2944
f 2945//2945 2943//2943 2777//2777
f 2946//2946 2778//2778 2944//2944
f 2779//2779 2945//2945 2777//2777
f 2780//2780 2778//2778 2946//2946
f 2947//2947 2945//2945 2779//2779
f 2948//2948 2780//2780 2946//2946
f 2781//2781 2947//2947 2779//2779
f 2782//2782 2780//2780 2948//2948
f 2949//2949 2947//2947 2781//2781
f 2950//2950 2782//2782 2948//2948
f 2783//2783 2949//2949 2781//2781
f 2784//2784 2782//2782 2950//2950
f 2951//2951 2949//2949 2783//2783
f 2952//2952 2784//2784 2950//2950
f 2785//2785 2951//2951 2783//2783
f 2786//2786 2784//2784 2952//2952
f 2953//2953 2951//2951 2785//2785
f 2954//2954 2786//2786 2952//2952
f 2787//2787 2953//2953 2785//2785
f 2788//2788 2786//2786 2954//2954
f 2955//2955 2953//2953 2787//2787
f 2956//2956 2788//2788 2954//2954
f 2789//2789 2955//2955 2787//2787
f 2790//2790 2788//2788 2956//2956
f 2957//2957 2955//2955 2789//2789
f 2958//2958 2790//2790 2956//2956
f 2791//2791 2957//2957 2789//2789
f 2792//2792 2790//2790 2958//2958
f 2959//2959 2957//2957 2791//2791
f 2960//2960 2792//2792 2958//2958
f 2793//2793 2959//2959 2791//2791
f 2794//2794 2792//2792 2960//2960
f 2961//2961 2959//2959 2793//2793
f 2962//2962 2794//2794 2960//2960
f 2795//2795 2961//2961 2793//2793
f 2796//2796 2794//2794 2962//2962
f 2963//2963 2961//2961 2795//2795
f 2964//2964 2796//2796 2962//2962
f 2797//2797 2963//2963 2795//2795
f 2798//2798 2796//2796 2964//2964
f 2965//2965 2963//2963 2797//2797
f 2966//2966 2798//2798 2964//2964
f 2799//2799 2965//2965 2797//2797
f 2800//2800 2798//2798 2966//2966
f 2967//2967 2965//2965 2799//2799
f 2968//2968 2800//2800 2966//2966
f 2801//2801 2967//2967 2799//2799
f 2802//2802 2800//2800 2968//2968
f 2969//2969 2967//2967 2801//2801
f 2970//2970 2802//2802 2968//2968
f 2803//2803 2969//2969 2801//2801
f 2804//2804 2802//2802 2970//2970
f 2971//2971 2969//2969 2803//2803
f 2972//2972 2804//2804 2970//2970
f 2805//2805 2971//2971 2803//2803
f 2806//2806 2804//2804 2972//2972
f 2973//2973 2971//2971 2805//2805
f 2974//2974 2806//2806 2972//2972
f 2807//2807 2973//2973 2805//2805
f 2808//2808 2806//2806 2974//2974
f 2975//2975 2973//2973 2807//2807
f 2976//2976 2808//2808 2974//2974
f 2809//2809 2975//2975 2807//2807
f 2810//2810 2808//2808 2976//2976
f 2977//2977 2975//2975 2809//2809
f 2978//2978 2810//2810 2976//2976
f 2811//2811 2977//2977 2809//2809
f 2812//2812 2810//2810 2978//2978
f 2979//2979 2977//2977 2811//2811
f 2980//2980 2812//2812 2978//2978
f 2813//2813 2979//2979 2811//2811
f 2814//2814 2812//2812 2980//2980
f 2981//2981 2979//2979 2813//2813
f 2982//2982 2814//2814 2980//2980
f 2815//2815 2981//2981 2813//2813
f 2816//2816 2814//2814 2982//2982
f 2983//2983 2981//2981 2815//2815
f 2984//2984 2816//2816 2982//2982
f 2817//2817 2983//2983 2815//2815
f 2818//2818 2816//2816 2984//2984
f 2985//2985 2983//2983 2817//2817
f 2986//2986 2818//2818 2984//2984
f 2819//2819 2985//2985 2817//2817
f 2820//2820 2818//2818 2986//2986
f 2987//2987 2985//2985 2819//2819
f 2988//2988 2820//2820 2986//2986
f 2821//2821 2987//2987 2819//2819
f 2822//2822 2820//2820 2988//2988
f 2989//2989 2987//2987 2821//2821
f 2990//2990 2822//2822 2988//2988
f 2823//2823 2989//2989 2821//2821
f 2824//2824 2822//2822 2990//2990
f 2991//2991 2989//2989 2823//2823
f 2992//2992 2824//2824 2990//2990
f 2825//2825 2991//2991 2823//2823
f 2826//2826 2824//2824 2992//2992
f 2993//2993 2991//2991 2825//2825
f 2994//2994 2826//2826 2992//2992
f 2827//2827 2993//2993 2825//2825
f 2828//2828 2826//2826 2994//2994
f 2995//2995 2993//2993 2827//2827
f 2996//2996 2828//2828 2994//2994
f 2829//2829 2995//2995 2827//2827
f 2830//2830 2828//2828 2996//2996
f 2997//2997 2995//2995 2829//2829
f 2998//2998 2830//2830 2996//2996
f 2831//2831 2997//2997 2829//2829
f 2832//2832 2830//2830 2998//2998
f 2999//2999 2997//2997 2831//2831
f 3000//3000 2832//2832 2998//2998
f 2833//2833 2999//2999 2831//2831
f 2834//2834 2832//2832 3000//3000
f 2835//2835 2999//2999 2833//2833
f 2836//2836 2834//2834 3000//3000
f 3001//3001 2999//2999 2835//2835
f 3002//3002 2836//2836 3000//3000
f 2837//2837 3001//3001 2835//2835
f 2838//2838 2836//2836 3002//3002
f 3003//3003 3001//3001 2837//2837
f 3004//3004 2838//2838 3002//3002
f 2839//2839 3003//3003 2837//2837
f 2840//2840 2838//2838 3004//3004
f 3005//3005 3003//3003 2839//2839
f 3006//3006 2840//2840 3004//3004
f 2841//2841 3005//3005 2839//2839
f 2842//2842 2840//2840 3006//3006
f 3007//3007 3005//3005 2841//2841
f 3008//3008 2842//2842 3006//3006
f 2843//2843 3007//3007 2841//2841
f 2844//2844 2842//2842 3008//3008
f 3009//3009 3007//3007 2843//2843
f 3010//3010 2844//2844 3008//3008
f 2845//2845 3009//3009 2843//2843
f 2846//2846 2844//2844 3010//3010
f 3011//3011 3009//3009 2845//2845
f 3012//3012 2846//2846 3010//3010
f 2847//2847 3011//3011 2845//2845
f 2848//2848 2846//2846 3012//3012
f 3013//3013 3011//3011 2847//2847
f 3014//3014 2848//2848 3012//3012
f 3015//3015 3013//3013 2847//2847
f 3016//3016 2848//2848 3014//3014
f 2849//2849 3015//3015 2847//2847
f 2850//2850 2848//2848 3016//3016
f 4675//4675 3015//3015 2849//2849
f 4675//4675 2850//2850 3016//3016
f 2851//2851 4675//4675 2849//2849
f 2852//2852 2850//2850 4675//4675
f 2853//2853 4675//4675 2851//2851
f 2854//2854 2852//2852 4675//4675
f 4673//4673 4675//4675 2853//2853
f 4673//4673 2854//2854 4675//4675
f 2855//2855 4676//4676 4674//4674
f 2856//2856 4674//4674 4676//4676
f 3017//3017 4676//4676 2855//2855
f 3018//3018 2856//2856 4676//4676
f 2857//2857 3017//3017 2855//2855
f 2858//2858 2856//2856 3018//3018
f 3019//3019 3017//3017 2857//2857
f 3020//3020 2858//2858 3018//3018
f 2859//2859 3019//3019 2857//2857
f 2860//2860 2858//2858 3020//3020
f 3021//3021 3019//3019 2859//2859
f 3022//3022 2860//2860 3020//3020
f 2861//2861 3021//3021 2859//2859
f 2862//2862 2860//2860 3022//3022
f 3023//3023 3021//3021 2861//2861
f 3024//3024 2862//2862 3022//3022
f 2863//2863 3023//3023 2861//2861
f 2864//2864 2862//2862 3024//3024
f 3025//3025 3023//3023 2863//2863
f 3026//3026 2864//2864 3024//3024
f 2865//2865 3025//3025 2863//2863
f 2866//2866 2864//2864 3026//3026
f 3027//3027 3025//3025 2865//2865
f 3028//3028 2866//2866 3026//3026
f 2867//2867 3027//3027 2865//2865
f 2868//2868 2866//2866 3028//3028
f 3029//3029 3027//3027 2867//2867
f 3030//3030 2868//2868 3028//3028
f 2869//2869 3029//3029 2867//2867
f 2870//2870 2868//2868 3030//3030
f 3031//3031 3029//3029 2869//2869
f 3032//3032 2870//2870 3030//3030
f 2871//2871 3031//3031 2869//2869
f 2872//2872 2870//2870 3032//3032
f 3033//3033 3031//3031 2871//2871
f 3034//3034 2872//2872 3032//3032
f 2873//2873 3033//3033 2871//2871
f 2874//2874 2872//2872 3034//3034
f 3035//3035 3033//3033 2873//2873
f 3036//3036 2874//2874 3034//3034
f 2875//2875 3035//3035 2873//2873
f 2876//2876 2874//2874 3036//3036
f 3037//3037 3035//3035 2875//2875
f 3038//3038 2876//2876 3036//3036
f 2877//2877 3037//3037 2875//2875
f 2878//2878 2876//2876 3038//3038
f 3039//3039 3037//3037 2877//2877
f 3040//3040 2878//2878 3038//3038
f 2879//2879 3039//3039 2877//2877
f 2880//2880 2878//2878 3040//3040
f 3041//3041 3039//3039 2879//2879
f 3042//3042 2880//2880 3040//3040
f 2881//2881 3041//3041 2879//2879
f 2882//2882 2880//2880 3042//3042
f 3043//3043 3041//3041 2881//2881
f 3044//3044 2882//2882 3042//3042
f 2883//2883 3043//3043 2881//2881
f 2884//2884 2882//2882 3044//3044
f 3045//3045 3043//3043 2883//2883
f 3046//3046 2884//2884 3044//3044
f 2885//2885 3045//3045 2883//2883
f 2886//2886 2884//2884 3046//3046
f 3047//3047 3045//3045 2885//2885
f 3048//3048 2886//2886 3046//3046
f 2887//2887 3047//3047 2885//2885
f 2888//2888 2886//2886 3048//3048
f 3049//3049 3047//3047 2887//2887
f 3050//3050 2888//2888 3048//3048
f 2889//2889 3049//3049 2887//2887
f 2890//2890 2888//2888 3050//3050
f 3051//3051 3049//3049 2889//2889
f 3052//3052 2890//2890 3050//3050
f 2891//2891 3051//3051 2889//2889
f 2892//2892 2890//2890 3052//3052
f 3053//3053 3051//3051 2891//2891
f 3054//3054 2892//2892 3052//3052
f 2893//2893 3053//3053 2891//2891
f 2894//2894 2892//2892 3054//3054
f 3055//3055 3053//3053 2893//2893
f 3056//3056 2894//2894 3054//3054
f 2895//2895 3055//3055 2893//2893
f 2896//2896 2894//2894 3056//3056
f 3057//3057 3055//3055 2895//2895
f 3058//3058 2896//2896 3056//3056
f 2897//2897 3057//3057 2895//2895
f 2898//2898 2896//2896 3058//3058
f 3059//3059 3057//3057 2897//2897
f 3060//3060 2898//2898 3058//3058
f 2899//2899 3059//3059 2897//2897
f 2900//2900 2898//2898 3060//3060
f 3061//3061 3059//3059 2899//2899
f 3062//3062 2900//2900 3060//3060
f 2901//2901 3061//3061 2899//2899
f 2902//2902 2900//2900 3062//3062
f 3063//3063 3061//3061 2901//2901
f 3064//3064 2902//2902 3062//3062
f 2903//2903 3063//3063 2901//2901
f 2904//2904 2902//2902 3064//3064
f 3065//3065 3063//3063 2903//2903
f 3066//3066 2904//2904 3064//3064
f 2905//2905 3065//3065 2903//2903
f 2906//2906 2904//2904 3066//3066
f 3067//3067 3065//3065 2905//2905
f 3068//3068 2906//2906 3066//3066
f 2907//2907 3067//3067 2905//2905
f 2908//2908 2906//2906 3068//3068
f 3069//3069 3067//3067 2907//2907
f 3070//3070 2908//2908 3068//3068
f 2909//2909 3069//3069 2907//2907
f 2910//2910 2908//2908 3070//3070
f 3071//3071 3069//3069 2909//2909
f 3072//3072 2910//2910 3070//3070
f 2911//2911 3071//3071 2909//2909
f 2912//2912 2910//2910 3072//3072
f 3073//3073 3071//3071 2911//2911
f 3074//3074 2912//2912 3072//3072
f 2913//2913 3073//3073 2911//2911
f 2914//2914 2912//2912 3074//3074
f 3075//3075 3073//3073 2913//2913
f 3076//3076 2914//2914 3074//3074
f 2915//2915 3075//3075 2913//2913
f 2916//2916 2914//2914 3076//3076
f 3077//3077 3075//3075 2915//2915
f 3078//3078 2916//2916 3076//3076
f 2917//2917 3077//3077 2915//2915
f 2918//2918 2916//2916 3078//3078
f 3079//3079 3077//3077 2917//2917
f 3080//3080 2918//2918 3078//3078
f 2919//2919 3079//3079 2917//2917
f 2920//2920 2918//2918 3080//3080
f 3081//3081 3079//3079 2919//2919
f 3082//3082 2920//2920 3080//3080
f 2921//2921 3081//3081 2919//2919
f 2922//2922 2920//2920 3082//3082
f 3083//3083 3081//3081 2921//2921
f 3084//3084 2922//2922 3082//3082
f 2923//2923 3083//3083 2921//2921
f 2924//2924 2922//2922 3084//3084
f 3085//3085 3083//3083 2923//2923
f 3086//3086 2924//2924 3084//3084
f 2925//2925 3085//3085 2923//2923
f 2926//2926 2924//2924 3086//3086
f 3087//3087 3085//3085 2925//2925
f 3088//3088 2926//2926 3086//3086
f 2927//2927 3087//3087 2925//2925
f 2928//2928 2926//2926 3088//3088
f 3089//3089 3087//3087 2927//2927
f 3090//3090 2928//2928 3088//3088
f 2929//2929 3089//3089 2927//2927
f 2930//2930 2928//2928 3090//3090
f 3091//3091 3089//3089 2929//2929
f 3092//3092 2930//2930 3090//3090
f 2931//2931 3091//3091 2929//2929
f 2932//2932 2930//2930 3092//3092
f 3093//3093 3091//3091 2931//2931
f 3094//3094 2932//2932 3092//3092
f 2933//2933 3093//3093 2931//2931
f 2934//2934 2932//2932 3094//3094
f 2935//2935 3093//3093 2933//2933
f 2936//2936 2934//2934 3094//3094
f 3095//3095 3093//3093 2935//2935
f 3096//3096 2936//2936 3094//3094
f 2937//2937 3095//3095 2935//2935
f 2938//2938 2936//2936 3096//3096
f 3097//3097 3095//3095 2937//2937
f 3098//3098 2938//2938 3096//3096
f 2939//2939 3097//3097 2937//2937
f 2940//2940 2938//2938 3098//3098
f 3099//3099 3097//3097 2939//2939
f 3100//3100 2940//2940 3098//3098
f 2941//2941 3099//3099 2939//2939
f 2942//2942 2940//2940 3100//3100
f 3101//3101 3099//3099 2941//2941
f 3102//3102 2942//2942 3100//3100
f 2943//2943 3101//3101 2941//2941
f 2944//2944 2942//2942 3102//3102
f 3103//3103 3101//3101 2943//2943
f 3104//3104 2944//2944 3102//3102
f 2945//2945 3103//3103 2943//2943
f 2946//2946 2944//2944 3104//3104
f 2947//2947 3103//3103 2945//2945
f 2948//2948 2946//2946 3104//3104
f 3105//3105 3103//3103 2947//2947
f 3106//3106 2948//2948 3104//3104
f 2949//2949 3105//3105 2947//2947
f 2950//2950 2948//2948 3106//3106
f 3107//3107 3105//3105 2949//2949
f 3108//3108 2950//2950 3106//3106
f 2951//2951 3107//3107 2949//2949
f 2952//2952 2950//2950 3108//3108
f 3109//3109 3107//3107 2951//2951
f 3110//3110 2952//2952 3108//3108
f 2953//2953 3109//3109 2951//2951
f 2954//2954 2952//2952 3110//3110
f 3111//3111 3109//3109 2953//2953
f 3112//3112 2954//2954 3110//3110
f 2955//2955 3111//3111 2953//2953
f 2956//2956 2954//2954 3112//3112
f 3113//3113 3111//3111 2955//2955
f 3114//3114 2956//2956 3112//3112
f 2957//2957 3113//3113 2955//2955
f 2958//2958 2956//2956 3114//3114
f 3115//3115 3113//3113 2957//2957
f 3116//3116 2958//2958 3114//3114
f 2959//2959 3115//3115 2957//2957
f 2960//2960 2958//2958 3116//3116
f 3117//3117 3115//3115 2959//2959
f 3118//3118 2960//2960 3116//3116
f 2961//2961 3117//3117 2959//2959
f 2962//2962 2960//2960 3118//3118
f 3119//3119 3117//3117 2961//2961
f 3120//3120 2962//2962 3118//3118
f 2963//2963 3119//3119 2961//2961
f 2964//2964 2962//2962 3120//3120
f 3121//3121 3119//3119 2963//2963
f 3122//3122 2964//2964 3120//3120
f 2965//2965 3121//3121 2963//2963
f 2966//2966 2964//2964 3122//3122
f 3123//3123 3121//3121 2965//2965
f 3124//3124 2966//2966 3122//3122
f 2967//2967 3123//3123 2965//2965
f 2968//2968 2966//2966 3124//3124
f 3125//3125 3123//3123 2967//2967
f 3126//3126 2968//2968 3124//3124
f 2969//2969 3125//3125 2967//2967
f 2970//2970 2968//2968 3126//3126
f 3127//3127 3125//3125 2969//2969
f 3128//3128 2970//2970 3126//3126
f 2971//2971 3127//3127 2969//2969
f 2972//2972 2970//2970 3128//3128
f 3129//3129 3127//3127 2971//2971
f 3130//3130 2972//2972 3128//3128
f 2973//2973 3129//3129 2971//2971
f 2974//2974 2972//2972 3130//3130
f 3131//3131 3129//3129 2973//2973
f 3132//3132 2974//2974 3130//3130
f 2975//2975 3131//3131 2973//2973
f 2976//2976 2974//2974 3132//3132
f 3133//3133 3131//3131 2975//2975
f 3134//3134 2976//2976 3132//3132
f 2977//2977 3133//3133 2975//2975
f 2978//2978 2976//2976 3134//3134
f 3135//3135 3133//3133 2977//2977
f 3136//3136 2978//2978 3134//3134
f 2979//2979 3135//3135 2977//2977
f 2980//2980 2978//2978 3136//3136
f 3137//3137 3135//3135 2979//2979
f 3138//3138 2980//2980 3136//3136
f 2981//2981 3137//3137 2979//2979
f 2982//2982 2980//2980 3138//3138
f 3139//3139 3137//3137 2981//2981
f 3140//3140 2982//2982 3138//3138
f 2983//2983 3139//3139 2981//2981
f 2984//2984 2982//2982 3140//3140
f 3141//3141 3139//3139 2983//2983
f 3142//3142 2984//2984 3140//3140
f 2985//2985 3141//3141 2983//2983
f 2986//2986 2984//2984 3142//3142
f 3143//3143 3141//3141 2985//2985
f 3144//3144 2986//2986 3142//3142
f 2987//2987 3143//3143 2985//2985
f 2988//2988 2986//2986 3144//3144
f 3145//3145 3143//3143 2987//2987
f 3146//3146 2988//2988 3144//3144
f 2989//2989 3145//3145 2987//2987
f 2990//2990 2988//2988 3146//3146
f 3147//3147 3145//3145 2989//2989
f 3148//3148 2990//2990 3146//3146
f 2991//2991 3147//3147 2989//2989
f 2992//2992 2990//2990 3148//3148
f 3149//3149 3147//3147 2991//2991
f 3150//3150 2992//2992 3148//3148
f 2993//2993 3149//3149 2991//2991
f 2994//2994 2992//2992 3150//3150
f 3151//3151 3149//3149 2993//2993
f 3152//3152 2994//2994 3150//3150
f 2995//2995 3151//3151 2993//2993
f 2996//2996 2994//2994 3152//3152
f 3153//3153 3151//3151 2995//2995
f 3154//3154 2996//2996 3152//3152
f 2997//2997 3153//3153 2995//2995
f 2998//2998 2996//2996 3154//3154
f 3155//3155 3153//3153 2997//2997
f 3156//3156 2998//2998 3154//3154
f 2999//2999 3155//3155 2997//2997
f 3000//3000 2998//2998 3156//3156
f 3157//3157 3155//3155 2999//2999
f 3158//3158 3000//3000 3156//3156
f 3001//3001 3157//3157 2999//2999
f 3002//3002 3000//3000 3158//3158
f 3159//3159 3157//3157 3001//3001
f 3160//3160 3002//3002 3158//3158
f 3003//3003 3159//3159 3001//3001
f 3004//3004 3002//3002 3160//3160
f 3161//3161 3159//3159 3003//3003
f 3162//3162 3004//3004 3160//3160
f 3005//3005 3161//3161 3003//3003
f 3006//3006 3004//3004 3162//3162
f 3163//3163 3161//3161 3005//3005
f 3164//3164 3006//3006 3162//3162
f 3007//3007 3163//3163 3005//3005
f 3008//3008 3006//3006 3164//3164
f 3165//3165 3163//3163 3007//3007
f 3166//3166 3008//3008 3164//3164
f 3009//3009 3165//3165 3007//3007
f 3010//3010 3008//3008 3166//3166
f 3167//3167 3165//3165 3009//3009
f 3168//3168 3010//3010 3166//3166
f 3011//3011 3167//3167 3009//3009
f 3012//3012 3010//3010 3168//3168
f 3169//3169 3167//3167 3011//3011
f 3170//3170 3012//3012 3168//3168
f 3013//3013 3169//3169 3011//3011
f 3014//3014 3012//3012 3170//3170
f 3171//3171 3169//3169 3013//3013
f 3172//3172 3014//3014 3170//3170
f 3015//3015 3171//3171 3013//3013
f 3016//3016 3014//3014 3172//3172
f 4677//4677 3171//3171 3015//3015
f 4677//4677 3016//3016 3172//3172
f 4675//4675 4677//4677 3015//3015
f 4675//4675 3016//3016 4677//4677
f 3017//3017 4678//4678 4676//4676
f 3018//3018 4676//4676 4678//4678
f 3173//3173 4678//4678 3017//3017
f 3174//3174 3018//3018 4678//4678
f 3019//3019 3173//3173 3017//3017
f 3020//3020 3018//3018 3174//3174
f 3021//3021 3173//3173 3019//3019
f 3022//3022 3020//3020 3174//3174
f 3175//3175 3173//3173 3021//3021
f 3176//3176 3022//3022 3174//3174
f 3023//3023 3175//3175 3021//3021
f 3024//3024 3022//3022 3176//3176
f 3177//3177 3175//3175 3023//3023
f 3178//3178 3024//3024 3176//3176
f 3025//3025 3177//3177 3023//3023
f 3026//3026 3024//3024 3178//3178
f 3179//3179 3177//3177 3025//3025
f 3180//3180 3026//3026 3178//3178
f 3027//3027 3179//3179 3025//3025
f 3028//3028 3026//3026 3180//3180
f 3181//3181 3179//3179 3027//3027
f 3182//3182 3028//3028 3180//3180
f 3029//3029 3181//3181 3027//3027
f 3030//3030 3028//3028 3182//3182
f 3183//3183 3181//3181 3029//3029
f 3184//3184 3030//3030 3182//3182
f 3031//3031 3183//3183 3029//3029
f 3032//3032 3030//3030 3184//3184
f 3185//3185 3183//3183 3031//3031
f 3186//3186 3032//3032 3184//3184
f 3033//3033 3185//3185 3031//3031
f 3034//3034 3032//3032 3186//3186
f 3187//3187 3185//3185 3033//3033
f 3188//3188 3034//3034 3186//3186
f 3035//3035 3187//3187 3033//3033
f 3036//3036 3034//3034 3188//3188
f 3189//3189 3187//3187 3035//3035
f 3190//3190 3036//3036 3188//3188
f 3191//3191 3189//3189 3035//3035
f 3192//3192 3036//3036 3190//3190
f 3037//3037 3191//3191 3035//3035
f 3038//3038 3036//3036 3192//3192
f 3193//3193 3191//3191 3037//3037
f 3194//3194 3038//3038 3192//3192
f 3039//3039 3193//3193 3037//3037
f 3040//3040 3038//3038 3194//3194
f 3195//3195 3193//3193 3039//3039
f 3196//3196 3040//3040 3194//3194
f 3041//3041 3195//3195 3039//3039
f 3042//3042 3040//3040 3196//3196
f 3197//3197 3195//3195 3041//3041
f 3198//3198 3042//3042 3196//3196
f 3043//3043 3197//3197 3041//3041
f 3044//3044 3042//3042 3198//3198
f 3199//3199 3197//3197 3043//3043
f 3200//3200 3044//3044 3198//3198
f 3045//3045 3199//3199 3043//3043
f 3046//3046 3044//3044 3200//3200
f 3201//3201 3199//3199 3045//3045
f 3202//3202 3046//3046 3200//3200
f 3047//3047 3201//3201 3045//3045
f 3048//3048 3046//3046 3202//3202
f 3203//3203 3201//3201 3047//3047
f 3204//3204 3048//3048 3202//3202
f 3049//3049 3203//3203 3047//3047
f 3050//3050 3048//3048 3204//3204
f 3205//3205 3203//3203 3049//3049
f 3206//3206 3050//3050 3204//3204
f 3051//3051 3205//3205 3049//3049
f 3052//3052 3050//3050 3206//3206
f 3207//3207 3205//3205 3051//3051
f 3208//3208 3052//3052 3206//3206
f 3053//3053 3207//3207 3051//3051
f 3054//3054 3052//3052 3208//3208
f 3209//3209 3207//3207 3053//3053
f 3210//3210 3054//3054 3208//3208
f 3055//3055 3209//3209 3053//3053
f 3056//3056 3054//3054 3210//3210
f 3211//3211 3209//3209 3055//3055
f 3212//3212 3056//3056 3210//3210
f 3057//3057 3211//3211 3055//3055
f 3058//3058 3056//3056 3212//3212
f 3213//3213 3211//3211 3057//3057
f 3214//3214 3058//3058 3212//3212
f 3059//3059 3213//3213 3057//3057
f 3060//3060 3058//3058 3214//3214
f 3215//3215 3213//3213 3059//3059
f 3216//3216 3060//3060 3214//3214
f 3061//3061 3215//3215 3059//3059
f 3062//3062 3060//3060 3216//3216
f 3217//3217 3215//3215 3061//3061
f 3218//3218 3062//3062 3216//3216
f 3063//3063 3217//3217 3061//3061
f 3064//3064 3062//3062 3218//3218
f 3219//3219 3217//3217 3063//3063
f 3220//3220 3064//3064 3218//3218
f 3065//3065 3219//3219 3063//3063
f 3066//3066 3064//3064 3220//3220
f 3221//3221 3219//3219 3065//3065
f 3222//3222 3066//3066 3220//3220
f 3067//3067 3221//3221 3065//3065
f 3068//3068 3066//3066 3222//3222
f 3223//3223 3221//3221 3067//3067
f 3224//3224 3068//3068 3222//3222
f 3069//3069 3223//3223 3067//3067
f 3070//3070 3068//3068 3224//3224
f 3225//3225 3223//3223 3069//3069
f 3226//3226 3070//3070 3224//3224
f 3071//3071 3225//3225 3069//3069
f 3072//3072 3070//3070 3226//3226
f 3227//3227 3225//3225 3071//3071
f 3228//3228 3072//3072 3226//3226
f 3073//3073 3227//3227 3071//3071
f 3074//3074 3072//3072 3228//3228
f 3229//3229 3227//3227 3073//3073
f 3230//3230 3074//3074 3228//3228
f 3075//3075 3229//3229 3073//3073
f 3076//3076 3074//3074 3230//3230
f 3231//3231 3229//3229 3075//3075
f 3232//3232 3076//3076 3230//3230
f 3077//3077 3231//3231 3075//3075
f 3078//3078 3076//3076 3232//3232
f 3233//3233 3231//3231 3077//3077
f 3234//3234 3078//3078 3232//3232
f 3079//3079 3233//3233 3077//3077
f 3080//3080 3078//3078 3234//3234
f 3235//3235 3233//3233 3079//3079
f 3236//3236 3080//3080 3234//3234
f 3081//3081 3235//3235 3079//3079
f 3082//3082 3080//3080 3236//3236
f 3237//3237 3235//3235 3081//3081
f 3238//3238 3082//3082 3236//3236
f 3083//3083 3237//3237 3081//3081
f 3084//3084 3082//3082 3238//3238
f 3085//3085 3237//3237 3083//3083
f 3086//3086 3084//3084 3238//3238
f 3239//3239 3237//3237 3085//3085
f 3240//3240 3086//3086 3238//3238
f 3087//3087 3239//3239 3085//3085
f 3088//3088 3086//3086 3240//3240
f 3241//3241 3239//3239 3087//3087
f 3242//3242 3088//3088 3240//3240
f 3089//3089 3241//3241 3087//3087
f 3090//3090 3088//3088 3242//3242
f 3243//3243 3241//3241 3089//3089
f 3244//3244 3090//3090 3242//3242
f 3091//3091 3243//3243 3089//3089
f 3092//3092 3090//3090 3244//3244
f 3245//3245 3243//3243 3091//3091
f 3246//3246 3092//3092 3244//3244
f 3093//3093 3245//3245 3091//3091
f 3094//3094 3092//3092 3246//3246
f 3247//3247 3245//3245 3093//3093
f 3248//3248 3094//3094 3246//3246
f 3095//3095 3247//3247 3093//3093
f 3096//3096 3094//3094 3248//3248
f 3249//3249 3247//3247 3095//3095
f 3250//3250 3096//3096 3248//3248
f 3097//3097 3249//3249 3095//3095
f 3098//3098 3096//3096 3250//3250
f 3251//3251 3249//3249 3097//3097
f 3252//3252 3098//3098 3250//3250
f 3099//3099 3251//3251 3097//3097
f 3100//3100 3098//3098 3252//3252
f 3253//3253 3251//3251 3099//3099
f 3254//3254 3100//3100 3252//3252
f 3101//3101 3253//3253 3099//3099
f 3102//3102 3100//3100 3254//3254
f 3255//3255 3253//3253 3101//3101
f 3256//3256 3102//3102 3254//3254
f 3103//3103 3255//3255 3101//3101
f 3104//3104 3102//3102 3256//3256
f 3257//3257 3255//3255 3103//3103
f 3258//3258 3104//3104 3256//3256
f 3105//3105 3257//3257 3103//3103
f 3106//3106 3104//3104 3258//3258
f 3259//3259 3257//3257 3105//3105
f 3260//3260 3106//3106 3258//3258
f 3107//3107 3259//3259 3105//3105
f 3108//3108 3106//3106 3260//3260
f 3261//3261 3259//3259 3107//3107
f 3262//3262 3108//3108 3260//3260
f 3109//3109 3261//3261 3107//3107
f 3110//3110 3108//3108 3262//3262
f 3263//3263 3261//3261 3109//3109
f 3264//3264 3110//3110 3262//3262
f 3111//3111 3263//3263 3109//3109
f 3112//3112 3110//3110 3264//3264
f 3265//3265 3263//3263 3111//3111
f 3266//3266 3112//3112 3264//3264
f 3113//3113 3265//3265 3111//3111
f 3114//3114 3112//3112 3266//3266
f 3267//3267 3265//3265 3113//3113
f 3268//3268 3114//3114 3266//3266
f 3115//3115 3267//3267 3113//3113
f 3116//3116 3114//3114 3268//3268
f 3269//3269 3267//3267 3115//3115
f 3270//3270 3116//3116 3268//3268
f 3117//3117 3269//3269 3115//3115
f 3118//3118 3116//3116 3270//3270
f 3271//3271 3269//3269 3117//3117
f 3272//3272 3118//3118 3270//3270
f 3119//3119 3271//3271 3117//3117
f 3120//3120 3118//3118 3272//3272
f 3273//3273 3271//3271 3119//3119
f 3274//3274 3120//3120 3272//3272
f 3121//3121 3273//3273 3119//3119
f 3122//3122 3120//3120 3274//3274
f 3275//3275 3273//3273 3121//3121
f 3276//3276 3122//3122 3274//3274
f 3123//3123 3275//3275 3121//3121
f 3124//3124 3122//3122 3276//3276
f 3277//3277 3275//3275 3123//3123
f 3278//3278 3124//3124 3276//3276
f 3125//3125 3277//3277 3123//3123
f 3126//3126 3124//3124 3278//3278
f 3279//3279 3277//3277 3125//3125
f 3280//3280 3126//3126 3278//3278
f 3127//3127 3279//3279 3125//3125
f 3128//3128 3126//3126 3280//3280
f 3281//3281 3279//3279 3127//3127
f 3282//3282 3128//3128 3280//3280
f 3129//3129 3281//3281 3127//3127
f 3130//3130 3128//3128 3282//3282
f 3283//3283 3281//3281 3129//3129
f 3284//3284 3130//3130 3282//3282
f 3131//3131 3283//3283 3129//3129
f 3132//3132 3130//3130 3284//3284
f 3285//3285 3283//3283 3131//3131
f 3286//3286 3132//3132 3284//3284
f 3133//3133 3285//3285 3131//3131
f 3134//3134 3132//3132 3286//3286
f 3287//3287 3285//3285 3133//3133
f 3288//3288 3134//3134 3286//3286
f 3135//3135 3287//3287 3133//3133
f 3136//3136 3134//3134 3288//3288
f 3289//3289 3287//3287 3135//3135
f 3290//3290 3136//3136 3288//3288
f 3137//3137 3289//3289 3135//3135
f 3138//3138 3136//3136 3290//3290
f 3291//3291 3289//3289 3137//3137
f 3292//3292 3138//3138 3290//3290
f 3139//3139 3291//3291 3137//3137
f 3140//3140 3138//3138 3292//3292
f 3293//3293 3291//3291 3139//3139
f 3294//3294 3140//3140 3292//3292
f 3141//3141 3293//3293 3139//3139
f 3142//3142 3140//3140 3294//3294
f 3295//3295 3293//3293 3141//3141
f 3296//3296 3142//3142 3294//3294
f 3143//3143 3295//3295 3141//3141
f 3144//3144 3142//3142 3296//3296
f 3297//3297 3295//3295 3143//3143
f 3298//3298 3144//3144 3296//3296
f 3145//3145 3297//3297 3143//3143
f 3146//3146 3144//3144 3298//3298
f 3299//3299 3297//3297 3145//3145
f 3300//3300 3146//3146 3298//3298
f 3147//3147 3299//3299 3145//3145
f 3148//3148 3146//3146 3300//3300
f 3301//3301 3299//3299 3147//3147
f 3302//3302 3148//3148 3300//3300
f 3149//3149 3301//3301 3147//3147
f 3150//3150 3148//3148 3302//3302
f 3303//3303 3301//3301 3149//3149
f 3304//3304 3150//3150 3302//3302
f 3151//3151 3303//3303 3149//3149
f 3152//3152 3150//3150 3304//3304
f 3305//3305 3303//3303 3151//3151
f 3306//3306 3152//3152 3304//3304
f 3153//3153 3305//3305 3151//3151
f 3154//3154 3152//3152 3306//3306
f 3307//3307 3305//3305 3153//3153
f 3308//3308 3154//3154 3306//3306
f 3155//3155 3307//3307 3153//3153
f 3156//3156 3154//3154 3308//3308
f 3309//3309 3307//3307 3155//3155
f 3310//3310 3156//3156 3308//3308
f 3157//3157 3309//3309 3155//3155
f 3158//3158 3156//3156 3310//3310
f 3311//3311 3309//3309 3157//3157
f 3312//3312 3158//3158 3310//3310
f 3159//3159 3311//3311 3157//3157
f 3160//3160 3158//3158 3312//3312
f 3313//3313 3311//3311 3159//3159
f 3314//3314 3160//3160 3312//3312
f 3161//3161 3313//3313 3159//3159
f 3162//3162 3160//3160 3314//3314
f 3315//3315 3313//3313 3161//3161
f 3316//3316 3162//3162 3314//3314
f 3163//3163 3315//3315 3161//3161
f 3164//3164 3162//3162 3316//3316
f 3317//3317 3315//3315 3163//3163
f 3318//3318 3164//3164 3316//3316
f 3165//3165 3317//3317 3163//3163
f 3166//3166 3164//3164 3318//3318
f 3319//3319 3317//3317 3165//3165
f 3320//3320 3166//3166 3318//3318
f 3167//3167 3319//3319 3165//3165
f 3168//3168 3166//3166 3320//3320
f 3321//3321 3319//3319 3167//3167
f 3322//3322 3168//3168 3320//3320
f 3169//3169 3321//3321 3167//3167
f 3170//3170 3168//3168 3322//3322
f 3171//3171 3321//3321 3169//3169
f 3172//3172 3170//3170 3322//3322
f 3323//3323 3321//3321 3171//3171
f 3324//3324 3172//3172 3322//3322
f 4677//4677 3323//3323 3171//3171
f 4677//4677 3172//3172 3324//3324
f 4679//4679 3323//3323 4677//4677
f 4679//4679 4677//4677 3324//3324
f 3173//3173 4680//4680 4678//4678
f 3174//3174 4678//4678 4680//4680
f 3175//3175 4680//4680 3173//3173
f 3176//3176 3174//3174 4680//4680
f 3325//3325 4680//4680 3175//3175
f 3326//3326 3176//3176 4680//4680
f 3177//3177 3325//3325 3175//3175
f 3178//3178 3176//3176 3326//3326
f 3327//3327 3325//3325 3177//3177
f 3328//3328 3178//3178 3326//3326
f 3179//3179 3327//3327 3177//3177
f 3180//3180 3178//3178 3328//3328
f 3329//3329 3327//3327 3179//3179
f 3330//3330 3180//3180 3328//3328
f 3181//3181 3329//3329 3179//3179
f 3182//3182 3180//3180 3330//3330
f 3331//3331 3329//3329 3181//3181
f 3332//3332 3182//3182 3330//3330
f 3183//3183 3331//3331 3181//3181
f 3184//3184 3182//3182 3332//3332
f 3333//3333 3331//3331 3183//3183
f 3334//3334 3184//3184 3332//3332
f 3185//3185 3333//3333 3183//3183
f 3186//3186 3184//3184 3334//3334
f 3335//3335 3333//3333 3185//3185
f 3336//3336 3186//3186 3334//3334
f 3187//3187 3335//3335 3185//3185
f 3188//3188 3186//3186 3336//3336
f 3337//3337 3335//3335 3187//3187
f 3338//3338 3188//3188 3336//3336
f 3189//3189 3337//3337 3187//3187
f 3190//3190 3188//3188 3338//3338
f 3339//3339 3337//3337 3189//3189
f 3340//3340 3190//3190 3338//3338
f 3191//3191 3339//3339 3189//3189
f 3192//3192 3190//3190 3340//3340
f 3341//3341 3339//3339 3191//3191
f 3342//3342 3192//3192 3340//3340
f 3193//3193 3341//3341 3191//3191
f 3194//3194 3192//3192 3342//3342
f 3343//3343 3341//3341 3193//3193
f 3344//3344 3194//3194 3342//3342
f 3195//3195 3343//3343 3193//3193
f 3196//3196 3194//3194 3344//3344
f 3345//3345 3343//3343 3195//3195
f 3346//3346 3196//3196 3344//3344
f 3197//3197 3345//3345 3195//3195
f 3198//3198 3196//3196 3346//3346
f 3347//3347 3345//3345 3197//3197
f 3348//3348 3198//3198 3346//3346
f 3199//3199 3347//3347 3197//3197
f 3200//3200 3198//3198 3348//3348
f 3349//3349 3347//3347 3199//3199
f 3350//3350 3200//3200 3348//3348
f 3201//3201 3349//3349 3199//3199
f 3202//3202 3200//3200 3350//3350
f 3351//3351 3349//3349 3201//3201
f 3352//3352 3202//3202 3350//3350
f 3203//3203 3351//3351 3201//3201
f 3204//3204 3202//3202 3352//3352
f 3353//3353 3351//3351 3203//3203
f 3354//3354 3204//3204 3352//3352
f 3205//3205 3353//3353 3203//3203
f 3206//3206 3204//3204 3354//3354
f 3355//3355 3353//3353 3205//3205
f 3356//3356 3206//3206 3354//3354
f 3207//3207 3355//3355 3205//3205
f 3208//3208 3206//3206 3356//3356
f 3357//3357 3355//3355 3207//3207
f 3358//3358 3208//3208 3356//3356
f 3209//3209 3357//3357 3207//3207
f 3210//3210 3208//3208 3358//3358
f 3359//3359 3357//3357 3209//3209
f 3360//3360 3210//3210 3358//3358
f 3211//3211 3359//3359 3209//3209
f 3212//3212 3210//3210 3360//3360
f 3361//3361 3359//3359 3211//3211
f 3362//3362 3212//3212 3360//3360
f 3213//3213 3361//3361 3211//3211
f 3214//3214 3212//3212 3362//3362
f 3363//3363 3361//3361 3213//3213
f 3364//3364 3214//3214 3362//3362
f 3215//3215 3363//3363 3213//3213
f 3216//3216 3214//3214 3364//3364
f 3365//3365 3363//3363 3215//3215
f 3366//3366 3216//3216 3364//3364
f 3217//3217 3365//3365 3215//3215
f 3218//3218 3216//3216 3366//3366
f 3367//3367 3365//3365 3217//3217
f 3368//3368 3218//3218 3366//3366
f 3219//3219 3367//3367 3217//3217
f 3220//3220 3218//3218 3368//3368
f 3369//3369 3367//3367 3219//3219
f 3370//3370 3220//3220 3368//3368
f 3221//3221 3369//3369 3219//3219
f 3222//3222 3220//3220 3370//3370
f 3371//3371 3369//3369 3221//3221
f 3372//3372 3222//3222 3370//3370
f 3223//3223 3371//3371 3221//3221
f 3224//3224 3222//3222 3372//3372
f 3373//3373 3371//3371 3223//3223
f 3374//3374 3224//3224 3372//3372
f 3225//3225 3373//3373 3223//3223
f 3226//3226 3224//3224 3374//3374
f 3375//3375 3373//3373 3225//3225
f 3376//3376 3226//3226 3374//3374
f 3227//3227 3375//3375 3225//3225
f 3228//3228 3226//3226 3376//3376
f 3377//3377 3375//3375 3227//3227
f 3378//3378 3228//3228 3376//3376
f 3229//3229 3377//3377 3227//3227
f 3230//3230 3228//3228 3378//3378
f 3379//3379 3377//3377 3229//3229
f 3380//3380 3230//3230 3378//3378
f 3231//3231 3379//3379 3229//3229
f 3232//3232 3230//3230 3380//3380
f 3381//3381 3379//3379 3231//3231
f 3382//3382 3232//3232 3380//3380
f 3233//3233 3381//3381 3231//3231
f 3234//3234 3232//3232 3382//3382
f 3383//3383 3381//3381 3233//3233
f 3384//3384 3234//3234 3382//3382
f 3235//3235 3383//3383 3233//3233
f 3236//3236 3234//3234 3384//3384
f 3385//3385 3383//3383 3235//3235
f 3386//3386 3236//3236 3384//3384
f 3237//3237 3385//3385 3235//3235
f 3238//3238 3236//3236 3386//3386
f 3387//3387 3385//3385 3237//3237
f 3388//3388 3238//3238 3386//3386
f 3239//3239 3387//3387 3237//3237
f 3240//3240 3238//3238 3388//3388
f 3389//3389 3387//3387 3239//3239
f 3390//3390 3240//3240 3388//3388
f 3241//3241 3389//3389 3239//3239
f 3242//3242 3240//3240 3390//3390
f 3391//3391 3389//3389 3241//3241
f 3392//3392 3242//3242 3390//3390
f 3243//3243 3391//3391 3241//3241
f 3244//3244 3242//3242 3392//3392
f 3393//3393 3391//3391 3243//3243
f 3394//3394 3244//3244 3392//3392
f 3245//3245 3393//3393 3243//3243
f 3246//3246 3244//3244 3394//3394
f 3395//3395 3393//3393 3245//3245
f 3396//3396 3246//3246 3394//3394
f 3247//3247 3395//3395 3245//3245
f 3248//3248 3246//3246 3396//3396
f 3397//3397 3395//3395 3247//3247
f 3398//3398 3248//3248 3396//3396
f 3249//3249 3397//3397 3247//3247
f 3250//3250 3248//3248 3398//3398
f 3399//3399 3397//3397 3249//3249
f 3400//3400 3250//3250 3398//3398
f 3251//3251 3399//3399 3249//3249
f 3252//3252 3250//3250 3400//3400
f 3401//3401 3399//3399 3251//3251
f 3402//3402 3252//3252 3400//3400
f 3253//3253 3401//3401 3251//3251
f 3254//3254 3252//3252 3402//3402
f 3403//3403 3401//3401 3253//3253
f 3404//3404 3254//3254 3402//3402
f 3255//3255 3403//3403 3253//3253
f 3256//3256 3254//3254 3404//3404
f 3405//3405 3403//3403 3255//3255
f 3406//3406 3256//3256 3404//3404
f 3257//3257 3405//3405 3255//3255
f 3258//3258 3256//3256 3406//3406
f 3407//3407 3405//3405 3257//3257
f 3408//3408 3258//3258 3406//3406
f 3259//3259 3407//3407 3257//3257
f 3260//3260 3258//3258 3408//3408
f 3409//3409 3407//3407 3259//3259
f 3410//3410 3260//3260 3408//3408
f 3261//3261 3409//3409 3259//3259
f 3262//3262 3260//3260 3410//3410
f 3411//3411 3409//3409 3261//3261
f 3412//3412 3262//3262 3410//3410
f 3263//3263 3411//3411 3261//3261
f 3264//3264 3262//3262 3412//3412
f 3413//3413 3411//3411 3263//3263
f 3414//3414 3264//3264 3412//3412
f 3265//3265 3413//3413 3263//3263
f 3266//3266 3264//3264 3414//3414
f 3415//3415 3413//3413 3265//3265
f 3416//3416 3266//3266 3414//3414
f 3267//3267 3415//3415 3265//3265
f 3268//3268 3266//3266 3416//3416
f 3417//3417 3415//3415 3267//3267
f 3418//3418 3268//3268 3416//3416
f 3269//3269 3417//3417 3267//3267
f 3270//3270 3268//3268 3418//3418
f 3419//3419 3417//3417 3269//3269
f 3420//3420 3270//3270 3418//3418
f 3271//3271 3419//3419 3269//3269
f 3272//3272 3270//3270 3420//3420
f 3421//3421 3419//3419 3271//3271
f 3422//3422 3272//3272 3420//3420
f 3273//3273 3421//3421 3271//3271
f 3274//3274 3272//3272 3422//3422
f 3423//3423 3421//3421 3273//3273
f 3424//3424 3274//3274 3422//3422
f 3275//3275 3423//3423 3273//3273
f 3276//3276 3274//3274 3424//3424
f 3425//3425 3423//3423 3275//3275
f 3426//3426 3276//3276 3424//3424
f 3277//3277 3425//3425 3275//3275
f 3278//3278 3276//3276 3426//3426
f 3427//3427 3425//3425 3277//3277
f 3428//3428 3278//3278 3426//3426
f 3279//3279 3427//3427 3277//3277
f 3280//3280 3278//3278 3428//3428
f 3429//3429 3427//3427 3279//3279
f 3430//3430 3280//3280 3428//3428
f 3281//3281 3429//3429 3279//3279
f 3282//3282 3280//3280 3430//3430
f 3431//3431 3429//3429 3281//3281
f 3432//3432 3282//3282 3430//3430
f 3283//3283 3431//3431 3281//3281
f 3284//3284 3282//3282 3432//3432
f 3433//3433 3431//3431 3283//3283
f 3434//3434 3284//3284 3432//3432
f 3285//3285 3433//3433 3283//3283
f 3286//3286 3284//3284 3434//3434
f 3435//3435 3433//3433 3285//3285
f 3436//3436 3286//3286 3434//3434
f 3287//3287 3435//3435 3285//3285
f 3288//3288 3286//3286 3436//3436
f 3437//3437 3435//3435 3287//3287
f 3438//3438 3288//3288 3436//3436
f 3289//3289 3437//3437 3287//3287
f 3290//3290 3288//3288 3438//3438
f 3439//3439 3437//3437 3289//3289
f 3440//3440 3290//3290 3438//3438
f 3291//3291 3439//3439 3289//3289
f 3292//3292 3290//3290 3440//3440
f 3441//3441 3439//3439 3291//3291
f 3442//3442 3292//3292 3440//3440
f 3293//3293 3441//3441 3291//3291
f 3294//3294 3292//3292 3442//3442
f 3443//3443 3441//3441 3293//3293
f 3444//3444 3294//3294 3442//3442
f 3295//3295 3443//3443 3293//3293
f 3296//3296 3294//3294 3444//3444
f 3445//3445 3443//3443 3295//3295
f 3446//3446 3296//3296 3444//3444
f 3297//3297 3445//3445 3295//3295
f 3298//3298 3296//3296 3446//3446
f 3447//3447 3445//3445 3297//3297
f 3448//3448 3298//3298 3446//3446
f 3299//3299 3447//3447 3297//3297
f 3300//3300 3298//3298 3448//3448
f 3449//3449 3447//3447 3299//3299
f 3450//3450 3300//3300 3448//3448
f 3301//3301 3449//3449 3299//3299
f 3302//3302 3300//3300 3450//3450
f 3451//3451 3449//3449 3301//3301
f 3452//3452 3302//3302 3450//3450
f 3303//3303 3451//3451 3301//3301
f 3304//3304 3302//3302 3452//3452
f 3453//3453 3451//3451 3303//3303
f 3454//3454 3304//3304 3452//3452
f 3305//3305 3453//3453 3303//3303
f 3306//3306 3304//3304 3454//3454
f 3455//3455 3453//3453 3305//3305
f 3456//3456 3306//3306 3454//3454
f 3307//3307 3455//3455 3305//3305
f 3308//3308 3306//3306 3456//3456
f 3457//3457 3455//3455 3307//3307
f 3458//3458 3308//3308 3456//3456
f 3309//3309 3457//3457 3307//3307
f 3310//3310 3308//3308 3458//3458
f 3459//3459 3457//3457 3309//3309
f 3460//3460 3310//3310 3458//3458
f 3311//3311 3459//3459 3309//3309
f 3312//3312 3310//3310 3460//3460
f 3461//3461 3459//3459 3311//3311
f 3462//3462 3312//3312 3460//3460
f 3313//3313 3461//3461 3311//3311
f 3314//3314 3312//3312 3462//3462
f 3463//3463 3461//3461 3313//3313
f 3464//3464 3314//3314 3462//3462
f 3315//3315 3463//3463 3313//3313
f 3316//3316 3314//3314 3464//3464
f 3465//3465 3463//3463 3315//3315
f 3466//3466 3316//3316 3464//3464
f 3317//3317 3465//3465 3315//3315
f 3318//3318 3316//3316 3466//3466
f 3467//3467 3465//3465 3317//3317
f 3468//3468 3318//3318 3466//3466
f 3319//3319 3467//3467 3317//3317
f 3320//3320 3318//3318 3468//3468
f 3469//3469 3467//3467 3319//3319
f 3470//3470 3320//3320 3468//3468
f 3471//3471 3469//3469 3319//3319
f 3472//3472 3320//3320 3470//3470
f 3321//3321 3471//3471 3319//3319
f 3322//3322 3320//3320 3472//3472
f 4681//4681 3471//3471 3321//3321
f 4681//4681 3322//3322 3472//3472
f 3323//3323 4681//4681 3321//3321
f 3324//3324 3322//3322 4681//4681
f 4679//4679 4681//4681 3323//3323
f 4679//4679 3324//3324 4681//4681
f 3325//3325 4682//4682 4680//4680
f 3326//3326 4680//4680 4682//4682
f 3327//3327 4682//4682 3325//3325
f 3328//3328 3326//3326 4682//4682
f 3473//3473 4682//4682 3327//3327
f 3474//3474 3328//3328 4682//4682
f 3329//3329 3473//3473 3327//3327
f 3330//3330 3328//3328 3474//3474
f 3475//3475 3473//3473 3329//3329
f 3476//3476 3330//3330 3474//3474
f 3331//3331 3475//3475 3329//3329
f 3332//3332 3330//3330 3476//3476
f 3477//3477 3475//3475 3331//3331
f 3478//3478 3332//3332 3476//3476
f 3479//3479 3477//3477 3331//3331
f 3480//3480 3332//3332 3478//3478
f 3333//3333 3479//3479 3331//3331
f 3334//3334 3332//3332 3480//3480
f 3481//3481 3479//3479 3333//3333
f 3482//3482 3334//3334 3480//3480
f 3335//3335 3481//3481 3333//3333
f 3336//3336 3334//3334 3482//3482
f 3483//3483 3481//3481 3335//3335
f 3484//3484 3336//3336 3482//3482
f 3337//3337 3483//3483 3335//3335
f 3338//3338 3336//3336 3484//3484
f 3485//3485 3483//3483 3337//3337
f 3486//3486 3338//3338 3484//3484
f 3339//3339 3485//3485 3337//3337
f 3340//3340 3338//3338 3486//3486
f 3487//3487 3485//3485 3339//3339
f 3488//3488 3340//3340 3486//3486
f 3341//3341 3487//3487 3339//3339
f 3342//3342 3340//3340 3488//3488
f 3489//3489 3487//3487 3341//3341
f 3490//3490 3342//3342 3488//3488
f 3343//3343 3489//3489 3341//3341
f 3344//3344 3342//3342 3490//3490
f 3491//3491 3489//3489 3343//3343
f 3492//3492 3344//3344 3490//3490
f 3345//3345 3491//3491 3343//3343
f 3346//3346 3344//3344 3492//3492
f 3493//3493 3491//3491 3345//3345
f 3494//3494 3346//3346 3492//3492
f 3347//3347 3493//3493 3345//3345
f 3348//3348 3346//3346 3494//3494
f 3495//3495 3493//3493 3347//3347
f 3496//3496 3348//3348 3494//3494
f 3349//3349 3495//3495 3347//3347
f 3350//3350 3348//3348 3496//3496
f 3497//3497 3495//3495 3349//3349
f 3498//3498 3350//3350 3496//3496
f 3351//3351 3497//3497 3349//3349
f 3352//3352 3350//3350 3498//3498
f 3499//3499 3497//3497 3351//3351
f 3500//3500 3352//3352 3498//3498
f 3353//3353 3499//3499 3351//3351
f 3354//3354 3352//3352 3500//3500
f 3501//3501 3499//3499 3353//3353
f 3502//3502 3354//3354 3500//3500
f 3355//3355 3501//3501 3353//3353
f 3356//3356 3354//3354 3502//3502
f 3503//3503 3501//3501 3355//3355
f 3504//3504 3356//3356 3502//3502
f 3357//3357 3503//3503 3355//3355
f 3358//3358 3356//3356 3504//3504
f 3505//3505 3503//3503 3357//3357
f 3506//3506 3358//3358 3504//3504
f 3359//3359 3505//3505 3357//3357
f 3360//3360 3358//3358 3506//3506
f 3507//3507 3505//3505 3359//3359
f 3508//3508 3360//3360 3506//3506
f 3361//3361 3507//3507 3359//3359
f 3362//3362 3360//3360 3508//3508
f 3509//3509 3507//3507 3361//3361
f 3510//3510 3362//3362 3508//3508
f 3363//3363 3509//3509 3361//3361
f 3364//3364 3362//3362 3510//3510
f 3511//3511 3509//3509 3363//3363
f 3512//3512 3364//3364 3510//3510
f 3365//3365 3511//3511 3363//3363
f 3366//3366 3364//3364 3512//3512
f 3513//3513 3511//3511 3365//3365
f 3514//3514 3366//3366 3512//3512
f 3367//3367 3513//3513 3365//3365
f 3368//3368 3366//3366 3514//3514
f 3515//3515 3513//3513 3367//3367
f 3516//3516 3368//3368 3514//3514
f 3369//3369 3515//3515 3367//3367
f 3370//3370 3368//3368 3516//3516
f 3517//3517 3515//3515 3369//3369
f 3518//3518 3370//3370 3516//3516
f 3371//3371 3517//3517 3369//3369
f 3372//3372 3370//3370 3518//3518
f 3519//3519 3517//3517 3371//3371
f 3520//3520 3372//3372 3518//3518
f 3373//3373 3519//3519 3371//3371
f 3374//3374 3372//3372 3520//3520
f 3521//3521 3519//3519 3373//3373
f 3522//3522 3374//3374 3520//3520
f 3375//3375 3521//3521 3373//3373
f 3376//3376 3374//3374 3522//3522
f 3523//3523 3521//3521 3375//3375
f 3524//3524 3376//3376 3522//3522
f 3377//3377 3523//3523 3375//3375
f 3378//3378 3376//3376 3524//3524
f 3525//3525 3523//3523 3377//3377
f 3526//3526 3378//3378 3524//3524
f 3379//3379 3525//3525 3377//3377
f 3380//3380 3378//3378 3526//3526
f 3527//3527 3525//3525 3379//3379
f 3528//3528 3380//3380 3526//3526
f 3381//3381 3527//3527 3379//3379
f 3382//3382 3380//3380 3528//3528
f 3529//3529 3527//3527 3381//3381
f 3530//3530 3382//3382 3528//3528
f 3383//3383 3529//3529 3381//3381
f 3384//3384 3382//3382 3530//3530
f 3531//3531 3529//3529 3383//3383
f 3532//3532 3384//3384 3530//3530
f 3385//3385 3531//3531 3383//3383
f 3386//3386 3384//3384 3532//3532
f 3533//3533 3531//3531 3385//3385
f 3534//3534 3386//3386 3532//3532
f 3387//3387 3533//3533 3385//3385
f 3388//3388 3386//3386 3534//3534
f 3535//3535 3533//3533 3387//3387
f 3536//3536 3388//3388 3534//3534
f 3389//3389 3535//3535 3387//3387
f 3390//3390 3388//3388 3536//3536
f 3537//3537 3535//3535 3389//3389
f 3538//3538 3390//3390 3536//3536
f 3391//3391 3537//3537 3389//3389
f 3392//3392 3390//3390 3538//3538
f 3539//3539 3537//3537 3391//3391
f 3540//3540 3392//3392 3538//3538
f 3393//3393 3539//3539 3391//3391
f 3394//3394 3392//3392 3540//3540
f 3541//3541 3539//3539 3393//3393
f 3542//3542 3394//3394 3540//3540
f 3395//3395 3541//3541 3393//3393
f 3396//3396 3394//3394 3542//3542
f 3543//3543 3541//3541 3395//3395
f 3544//3544 3396//3396 3542//3542
f 3397//3397 3543//3543 3395//3395
f 3398//3398 3396//3396 3544//3544
f 3545//3545 3543//3543 3397//3397
f 3546//3546 3398//3398 3544//3544
f 3399//3399 3545//3545 3397//3397
f 3400//3400 3398//3398 3546//3546
f 3547//3547 3545//3545 3399//3399
f 3548//3548 3400//3400 3546//3546
f 3401//3401 3547//3547 3399//3399
f 3402//3402 3400//3400 3548//3548
f 3549//3549 3547//3547 3401//3401
f 3550//3550 3402//3402 3548//3548
f 3403//3403 3549//3549 3401//3401
f 3404//3404 3402//3402 3550//3550
f 3551//3551 3549//3549 3403//3403
f 3552//3552 3404//3404 3550//3550
f 3405//3405 3551//3551 3403//3403
f 3406//3406 3404//3404 3552//3552
f 3553//3553 3551//3551 3405//3405
f 3554//3554 3406//3406 3552//3552
f 3407//3407 3553//3553 3405//3405
f 3408//3408 3406//3406 3554//3554
f 3555//3555 3553//3553 3407//3407
f 3556//3556 3408//3408 3554//3554
f 3409//3409 3555//3555 3407//3407
f 3410//3410 3408//3408 3556//3556
f 3557//3557 3555//3555 3409//3409
f 3558//3558 3410//3410 3556//3556
f 3411//3411 3557//3557 3409//3409
f 3412//3412 3410//3410 3558//3558
f 3559//3559 3557//3557 3411//3411
f 3560//3560 3412//3412 3558//3558
f 3413//3413 3559//3559 3411//3411
f 3414//3414 3412//3412 3560//3560
f 3561//3561 3559//3559 3413//3413
f 3562//3562 3414//3414 3560//3560
f 3415//3415 3561//3561 3413//3413
f 3416//3416 3414//3414 3562//3562
f 3563//3563 3561//3561 3415//3415
f 3564//3564 3416//3416 3562//3562
f 3417//3417 3563//3563 3415//3415
f 3418//3418 3416//3416 3564//3564
f 3565//3565 3563//3563 3417//3417
f 3566//3566 3418//3418 3564//3564
f 3419//3419 3565//3565 3417//3417
f 3420//3420 3418//3418 3566//3566
f 3567//3567 3565//3565 3419//3419
f 3568//3568 3420//3420 3566//3566
f 3421//3421 3567//3567 3419//3419
f 3422//3422 3420//3420 3568//3568
f 3569//3569 3567//3567 3421//3421
f 3570//3570 3422//3422 3568//3568
f 3423//3423 3569//3569 3421//3421
f 3424//3424 3422//3422 3570//3570
f 3571//3571 3569//3569 3423//3423
f 3572//3572 3424//3424 3570//3570
f 3425//3425 3571//3571 3423//3423
f 3426//3426 3424//3424 3572//3572
f 3573//3573 3571//3571 3425//3425
f 3574//3574 3426//3426 3572//3572
f 3427//3427 3573//3573 3425//3425
f 3428//3428 3426//3426 3574//3574
f 3575//3575 3573//3573 3427//3427
f 3576//3576 3428//3428 3574//3574
f 3429//3429 3575//3575 3427//3427
f 3430//3430 3428//3428 3576//3576
f 3577//3577 3575//3575 3429//3429
f 3578//3578 3430//3430 3576//3576
f 3431//3431 3577//3577 3429//3429
f 3432//3432 3430//3430 3578//3578
f 3579//3579 3577//3577 3431//3431
f 3580//3580 3432//3432 3578//3578
f 3433//3433 3579//3579 3431//3431
f 3434//3434 3432//3432 3580//3580
f 3581//3581 3579//3579 3433//3433
f 3582//3582 3434//3434 3580//3580
f 3435//3435 3581//3581 3433//3433
f 3436//3436 3434//3434 3582//3582
f 3583//3583 3581//3581 3435//3435
f 3584//3584 3436//3436 3582//3582
f 3437//3437 3583//3583 3435//3435
f 3438//3438 3436//3436 3584//3584
f 3585//3585 3583//3583 3437//3437
f 3586//3586 3438//3438 3584//3584
f 3439//3439 3585//3585 3437//3437
f 3440//3440 3438//3438 3586//3586
f 3587//3587 3585//3585 3439//3439
f 3588//3588 3440//3440 3586//3586
f 3441//3441 3587//3587 3439//3439
f 3442//3442 3440//3440 3588//3588
f 3589//3589 3587//3587 3441//3441
f 3590//3590 3442//3442 3588//3588
f 3443//3443 3589//3589 3441//3441
f 3444//3444 3442//3442 3590//3590
f 3591//3591 3589//3589 3443//3443
f 3592//3592 3444//3444 3590//3590
f 3445//3445 3591//3591 3443//3443
f 3446//3446 3444//3444 3592//3592
f 3593//3593 3591//3591 3445//3445
f 3594//3594 3446//3446 3592//3592
f 3447//3447 3593//3593 3445//3445
f 3448//3448 3446//3446 3594//3594
f 3595//3595 3593//3593 3447//3447
f 3596//3596 3448//3448 3594//3594
f 3449//3449 3595//3595 3447//3447
f 3450//3450 3448//3448 3596//3596
f 3597//3597 3595//3595 3449//3449
f 3598//3598 3450//3450 3596//3596
f 3451//3451 3597//3597 3449//3449
f 3452//3452 3450//3450 3598//3598
f 3599//3599 3597//3597 3451//3451
f 3600//3600 3452//3452 3598//3598
f 3453//3453 3599//3599 3451//3451
f 3454//3454 3452//3452 3600//3600
f 3601//3601 3599//3599 3453//3453
f 3602//3602 3454//3454 3600//3600
f 3455//3455 3601//3601 3453//3453
f 3456//3456 3454//3454 3602//3602
f 3603//3603 3601//3601 3455//3455
f 3604//3604 3456//3456 3602//3602
f 3457//3457 3603//3603 3455//3455
f 3458//3458 3456//3456 3604//3604
f 3605//3605 3603//3603 3457//3457
f 3606//3606 3458//3458 3604//3604
f 3459//3459 3605//3605 3457//3457
f 3460//3460 3458//3458 3606//3606
f 3607//3607 3605//3605 3459//3459
f 3608//3608 3460//3460 3606//3606
f 3461//3461 3607//3607 3459//3459
f 3462//3462 3460//3460 3608//3608
f 3609//3609 3607//3607 3461//3461
f 3610//3610 3462//3462 3608//3608
f 3463//3463 3609//3609 3461//3461
f 3464//3464 3462//3462 3610//3610
f 3611//3611 3609//3609 3463//3463
f 3612//3612 3464//3464 3610//3610
f 3465//3465 3611//3611 3463//3463
f 3466//3466 3464//3464 3612//3612
f 3613//3613 3611//3611 3465//3465
f 3614//3614 3466//3466 3612//3612
f 3467//3467 3613//3613 3465//3465
f 3468//3468 3466//3466 3614//3614
f 3615//3615 3613//3613 3467//3467
f 3616//3616 3468//3468 3614//3614
f 3469//3469 3615//3615 3467//3467
f 3470//3470 3468//3468 3616//3616
f 4683//4683 3615//3615 3469//3469
f 4683//4683 3470//3470 3616//3616
f 3471//3471 4683//4683 3469//3469
f 3472//3472 3470//3470 4683//4683
f 4681//4681 4683//4683 3471//3471
f 4681//4681 3472//3472 4683//4683
f 3473//3473 4684//4684 4682//4682
f 3474//3474 4682//4682 4684//4684
f 3475//3475 4684//4684 3473//3473
f 3476//3476 3474//3474 4684//4684
f 3617//3617 4684//4684 3475//3475
f 3618//3618 3476//3476 4684//4684
f 3477//3477 3617//3617 3475//3475
f 3478//3478 3476//3476 3618//3618
f 3619//3619 3617//3617 3477//3477
f 3620//3620 3478//3478 3618//3618
f 3479//3479 3619//3619 3477//3477
f 3480//3480 3478//3478 3620//3620
f 3621//3621 3619//3619 3479//3479
f 3622//3622 3480//3480 3620//3620
f 3481//3481 3621//3621 3479//3479
f 3482//3482 3480//3480 3622//3622
f 3623//3623 3621//3621 3481//3481
f 3624//3624 3482//3482 3622//3622
f 3483//3483 3623//3623 3481//3481
f 3484//3484 3482//3482 3624//3624
f 3625//3625 3623//3623 3483//3483
f 3626//3626 3484//3484 3624//3624
f 3485//3485 3625//3625 3483//3483
f 3486//3486 3484//3484 3626//3626
f 3627//3627 3625//3625 3485//3485
f 3628//3628 3486//3486 3626//3626
f 3487//3487 3627//3627 3485//3485
f 3488//3488 3486//3486 3628//3628
f 3629//3629 3627//3627 3487//3487
f 3630//3630 3488//3488 3628//3628
f 3489//3489 3629//3629 3487//3487
f 3490//3490 3488//3488 3630//3630
f 3631//3631 3629//3629 3489//3489
f 3632//3632 3490//3490 3630//3630
f 3491//3491 3631//3631 3489//3489
f 3492//3492 3490//3490 3632//3632
f 3633//3633 3631//3631 3491//3491
f 3634//3634 3492//3492 3632//3632
f 3493//3493 3633//3633 3491//3491
f 3494//3494 3492//3492 3634//3634
f 3635//3635 3633//3633 3493//3493
f 3636//3636 3494//3494 3634//3634
f 3495//3495 3635//3635 3493//3493
f 3496//3496 3494//3494 3636//3636
f 3637//3637 3635//3635 3495//3495
f 3638//3638 3496//3496 3636//3636
f 3497//3497 3637//3637 3495//3495
f 3498//3498 3496//3496 3638//3638
f 3639//3639 3637//3637 3497//3497
f 3640//3640 3498//3498 3638//3638
f 3499//3499 3639//3639 3497//3497
f 3500//3500 3498//3498 3640//3640
f 3641//3641 3639//3639 3499//3499
f 3642//3642 3500//3500 3640//3640
f 3501//3501 3641//3641 3499//3499
f 3502//3502 3500//3500 3642//3642
f 3643//3643 3641//3641 3501//3501
f 3644//3644 3502//3502 3642//3642
f 3503//3503 3643//3643 3501//3501
f 3504//3504 3502//3502 3644//3644
f 3645//3645 3643//3643 3503//3503
f 3646//3646 3504//3504 3644//3644
f 3505//3505 3645//3645 3503//3503
f 3506//3506 3504//3504 3646//3646
f 3647//3647 3645//3645 3505//3505
f 3648//3648 3506//3506 3646//3646
f 3507//3507 3647//3647 3505//3505
f 3508//3508 3506//3506 3648//3648
f 3649//3649 3647//3647 3507//3507
f 3650//3650 3508//3508 3648//3648
f 3509//3509 3649//3649 3507//3507
f 3510//3510 3508//3508 3650//3650
f 3651//3651 3649//3649 3509//3509
f 3652//3652 3510//3510 3650//3650
f 3511//3511 3651//3651 3509//3509
f 3512//3512 3510//3510 3652//3652
f 3653//3653 3651//3651 3511//3511
f 3654//3654 3512//3512 3652//3652
f 3513//3513 3653//3653 3511//3511
f 3514//3514 3512//3512 3654//3654
f 3655//3655 3653//3653 3513//3513
f 3656//3656 3514//3514 3654//3654
f 3515//3515 3655//3655 3513//3513
f 3516//3516 3514//3514 3656//3656
f 3657//3657 3655//3655 3515//3515
f 3658//3658 3516//3516 3656//3656
f 3517//3517 3657//3657 3515//3515
f 3518//3518 3516//3516 3658//3658
f 3659//3659 3657//3657 3517//3517
f 3660//3660 3518//3518 3658//3658
f 3519//3519 3659//3659 3517//3517
f 3520//3520 3518//3518 3660//3660
f 3661//3661 3659//3659 3519//3519
f 3662//3662 3520//3520 3660//3660
f 3521//3521 3661//3661 3519//3519
f 3522//3522 3520//3520 3662//3662
f 3663//3663 3661//3661 3521//3521
f 3664//3664 3522//3522 3662//3662
f 3523//3523 3663//3663 3521//3521
f 3524//3524 3522//3522 3664//3664
f 3665//3665 3663//3663 3523//3523
f 3666//3666 3524//3524 3664//3664
f 3525//3525 3665//3665 3523//3523
f 3526//3526 3524//3524 3666//3666
f 3667//3667 3665//3665 3525//3525
f 3668//3668 3526//3526 3666//3666
f 3527//3527 3667//3667 3525//3525
f 3528//3528 3526//3526 3668//3668
f 3669//3669 3667//3667 3527//3527
f 3670//3670 3528//3528 3668//3668
f 3529//3529 3669//3669 3527//3527
f 3530//3530 3528//3528 3670//3670
f 3671//3671 3669//3669 3529//3529
f 3672//3672 3530//3530 3670//3670
f 3531//3531 3671//3671 3529//3529
f 3532//3532 3530//3530 3672//3672
f 3673//3673 3671//3671 3531//3531
f 3674//3674 3532//3532 3672//3672
f 3533//3533 3673//3673 3531//3531
f 3534//3534 3532//3532 3674//3674
f 3675//3675 3673//3673 3533//3533
f 3676//3676 3534//3534 3674//3674
f 3535//3535 3675//3675 3533//3533
f 3536//3536 3534//3534 3676//3676
f 3677//3677 3675//3675 3535//3535
f 3678//3678 3536//3536 3676//3676
f 3537//3537 3677//3677 3535//3535
f 3538//3538 3536//3536 3678//3678
f 3679//3679 3677//3677 3537//3537
f 3680//3680 3538//3538 3678//3678
f 3539//3539 3679//3679 3537//3537
f 3540//3540 3538//3538 3680//3680
f 3681//3681 3679//3679 3539//3539
f 3682//3682 3540//3540 3680//3680
f 3541//3541 3681//3681 3539//3539
f 3542//3542 3540//3540 3682//3682
f 3683//3683 3681//3681 3541//3541
f 3684//3684 3542//3542 3682//3682
f 3543//3543 3683//3683 3541//3541
f 3544//3544 3542//3542 3684//3684
f 3685//3685 3683//3683 3543//3543
f 3686//3686 3544//3544 3684//3684
f 3545//3545 3685//3685 3543//3543
f 3546//3546 3544//3544 3686//3686
f 3687//3687 3685//3685 3545//3545
f 3688//3688 3546//3546 3686//3686
f 3547//3547 3687//3687 3545//3545
f 3548//3548 3546//3546 3688//3688
f 3689//3689 3687//3687 3547//3547
f 3690//3690 3548//3548 3688//3688
f 3549//3549 3689//3689 3547//3547
f 3550//3550 3548//3548 3690//3690
f 3691//3691 3689//3689 3549//3549
f 3692//3692 3550//3550 3690//3690
f 3551//3551 3691//3691 3549//3549
f 3552//3552 3550//3550 3692//3692
f 3693//3693 3691//3691 3551//3551
f 3694//3694 3552//3552 3692//3692
f 3553//3553 3693//3693 3551//3551
f 3554//3554 3552//3552 3694//3694
f 3695//3695 3693//3693 3553//3553
f 3696//3696 3554//3554 3694//3694
f 3555//3555 3695//3695 3553//3553
f 3556//3556 3554//3554 3696//3696
f 3697//3697 3695//3695 3555//3555
f 3698//3698 3556//3556 3696//3696
f 3557//3557 3697//3697 3555//3555
f 3558//3558 3556//3556 3698//3698
f 3699//3699 3697//3697 3557//3557
f 3700//3700 3558//3558 3698//3698
f 3559//3559 3699//3699 3557//3557
f 3560//3560 3558//3558 3700//3700
f 3701//3701 3699//3699 3559//3559
f 3702//3702 3560//3560 3700//3700
f 3561//3561 3701//3701 3559//3559
f 3562//3562 3560//3560 3702//3702
f 3703//3703 3701//3701 3561//3561
f 3704//3704 3562//3562 3702//3702
f 3563//3563 3703//3703 3561//3561
f 3564//3564 3562//3562 3704//3704
f 3705//3705 3703//3703 3563//3563
f 3706//3706 3564//3564 3704//3704
f 3565//3565 3705//3705 3563//3563
f 3566//3566 3564//3564 3706//3706
f 3707//3707 3705//3705 3565//3565
f 3708//3708 3566//3566 3706//3706
f 3567//3567 3707//3707 3565//3565
f 3568//3568 3566//3566 3708//3708
f 3709//3709 3707//3707 3567//3567
f 3710//3710 3568//3568 3708//3708
f 3569//3569 3709//3709 3567//3567
f 3570//3570 3568//3568 3710//3710
f 3711//3711 3709//3709 3569//3569
f 3712//3712 3570//3570 3710//3710
f 3571//3571 3711//3711 3569//3569
f 3572//3572 3570//3570 3712//3712
f 3713//3713 3711//3711 3571//3571
f 3714//3714 3572//3572 3712//3712
f 3573//3573 3713//3713 3571//3571
f 3574//3574 3572//3572 3714//3714
f 3715//3715 3713//3713 3573//3573
f 3716//3716 3574//3574 3714//3714
f 3575//3575 3715//3715 3573//3573
f 3576//3576 3574//3574 3716//3716
f 3717//3717 3715//3715 3575//3575
f 3718//3718 3576//3576 3716//3716
f 3577//3577 3717//3717 3575//3575
f 3578//3578 3576//3576 3718//3718
f 3719//3719 3717//3717 3577//3577
f 3720//3720 3578//3578 3718//3718
f 3579//3579 3719//3719 3577//3577
f 3580//3580 3578//3578 3720//3720
f 3721//3721 3719//3719 3579//3579
f 3722//3722 3580//3580 3720//3720
f 3581//3581 3721//3721 3579//3579
f 3582//3582 3580//3580 3722//3722
f 3723//3723 3721//3721 3581//3581
f 3724//3724 3582//3582 3722//3722
f 3583//3583 3723//3723 3581//3581
f 3584//3584 3582//3582 3724//3724
f 3725//3725 3723//3723 3583//3583
f 3726//3726 3584//3584 3724//3724
f 3585//3585 3725//3725 3583//3583
f 3586//3586 3584//3584 3726//3726
f 3727//3727 3725//3725 3585//3585
f 3728//3728 3586//3586 3726//3726
f 3587//3587 3727//3727 3585//3585
f 3588//3588 3586//3586 3728//3728
f 3729//3729 3727//3727 3587//3587
f 3730//3730 3588//3588 3728//3728
f 3589//3589 3729//3729 3587//3587
f 3590//3590 3588//3588 3730//3730
f 3731//3731 3729//3729 3589//3589
f 3732//3732 3590//3590 3730//3730
f 3591//3591 3731//3731 3589//3589
f 3592//3592 3590//3590 3732//3732
f 3733//3733 3731//3731 3591//3591
f 3734//3734 3592//3592 3732//3732
f 3593//3593 3733//3733 3591//3591
f 3594//3594 3592//3592 3734//3734
f 3735//3735 3733//3733 3593//3593
f 3736//3736 3594//3594 3734//3734
f 3595//3595 3735//3735 3593//3593
f 3596//3596 3594//3594 3736//3736
f 3737//3737 3735//3735 3595//3595
f 3738//3738 3596//3596 3736//3736
f 3597//3597 3737//3737 3595//3595
f 3598//3598 3596//3596 3738//3738
f 3739//3739 3737//3737 3597//3597
f 3740//3740 3598//3598 3738//3738
f 3599//3599 3739//3739 3597//3597
f 3600//3600 3598//3598 3740//3740
f 3741//3741 3739//3739 3599//3599
f 3742//3742 3600//3600 3740//3740
f 3601//3601 3741//3741 3599//3599
f 3602//3602 3600//3600 3742//3742
f 3743//3743 3741//3741 3601//3601
f 3744//3744 3602//3602 3742//3742
f 3603//3603 3743//3743 3601//3601
f 3604//3604 3602//3602 3744//3744
f 3745//3745 3743//3743 3603//3603
f 3746//3746 3604//3604 3744//3744
f 3605//3605 3745//3745 3603//3603
f 3606//3606 3604//3604 3746//3746
f 3747//3747 3745//3745 3605//3605
f 3748//3748 3606//3606 3746//3746
f 3607//3607 3747//3747 3605//3605
f 3608//3608 3606//3606 3748//3748
f 3749//3749 3747//3747 3607//3607
f 3750//3750 3608//3608 3748//3748
f 3609//3609 3749//3749 3607//3607
f 3610//3610 3608//3608 3750//3750
f 3751//3751 3749//3749 3609//3609
f 3752//3752 3610//3610 3750//3750
f 3611//3611 3751//3751 3609//3609
f 3612//3612 3610//3610 3752//3752
f 3753//3753 3751//3751 3611//3611
f 3754//3754 3612//3612 3752//3752
f 3613//3613 3753//3753 3611//3611
f 3614//3614 3612//3612 3754//3754
f 3755//3755 3753//3753 3613//3613
f 3756//3756 3614//3614 3754//3754
f 3615//3615 3755//3755 3613//3613
f 3616//3616 3614//3614 3756//3756
f 4685//4685 3755//3755 3615//3615
f 4685//4685 3616//3616 3756//3756
f 4683//4683 4685//4685 3615//3615
f 4683//4683 3616//3616 4685//4685
f 3617//3617 4686//4686 4684//4684
f 3618//3618 4684//4684 4686//4686
f 3619//3619 4686//4686 3617//3617
f 3620//3620 3618//3618 4686//4686
f 3757//3757 4686//4686 3619//3619
f 3758//3758 3620//3620 4686//4686
f 3621//3621 3757//3757 3619//3619
f 3622//3622 3620//3620 3758//3758
f 3759//3759 3757//3757 3621//3621
f 3760//3760 3622//3622 3758//3758
f 3623//3623 3759//3759 3621//3621
f 3624//3624 3622//3622 3760//3760
f 3761//3761 3759//3759 3623//3623
f 3762//3762 3624//3624 3760//3760
f 3763//3763 3761//3761 3623//3623
f 3764//3764 3624//3624 3762//3762
f 3625//3625 3763//3763 3623//3623
f 3626//3626 3624//3624 3764//3764
f 3765//3765 3763//3763 3625//3625
f 3766//3766 3626//3626 3764//3764
f 3627//3627 3765//3765 3625//3625
f 3628//3628 3626//3626 3766//3766
f 3767//3767 3765//3765 3627//3627
f 3768//3768 3628//3628 3766//3766
f 3629//3629 3767//3767 3627//3627
f 3630//3630 3628//3628 3768//3768
f 3769//3769 3767//3767 3629//3629
f 3770//3770 3630//3630 3768//3768
f 3631//3631 3769//3769 3629//3629
f 3632//3632 3630//3630 3770//3770
f 3771//3771 3769//3769 3631//3631
f 3772//3772 3632//3632 3770//3770
f 3633//3633 3771//3771 3631//3631
f 3634//3634 3632//3632 3772//3772
f 3773//3773 3771//3771 3633//3633
f 3774//3774 3634//3634 3772//3772
f 3635//3635 3773//3773 3633//3633
f 3636//3636 3634//3634 3774//3774
f 3775//3775 3773//3773 3635//3635
f 3776//3776 3636//3636 3774//3774
f 3637//3637 3775//3775 3635//3635
f 3638//3638 3636//3636 3776//3776
f 3777//3777 3775//3775 3637//3637
f 3778//3778 3638//3638 3776//3776
f 3639//3639 3777//3777 3637//3637
f 3640//3640 3638//3638 3778//3778
f 3779//3779 3777//3777 3639//3639
f 3780//3780 3640//3640 3778//3778
f 3641//3641 3779//3779 3639//3639
f 3642//3642 3640//3640 3780//3780
f 3781//3781 3779//3779 3641//3641
f 3782//3782 3642//3642 3780//3780
f 3643//3643 3781//3781 3641//3641
f 3644//3644 3642//3642 3782//3782
f 3783//3783 3781//3781 3643//3643
f 3784//3784 3644//3644 3782//3782
f 3645//3645 3783//3783 3643//3643
f 3646//3646 3644//3644 3784//3784
f 3785//3785 3783//3783 3645//3645
f 3786//3786 3646//3646 3784//3784
f 3647//3647 3785//3785 3645//3645
f 3648//3648 3646//3646 3786//3786
f 3787//3787 3785//3785 3647//3647
f 3788//3788 3648//3648 3786//3786
f 3649//3649 3787//3787 3647//3647
f 3650//3650 3648//3648 3788//3788
f 3789//3789 3787//3787 3649//3649
f 3790//3790 3650//3650 3788//3788
f 3651//3651 3789//3789 3649//3649
f 3652//3652 3650//3650 3790//3790
f 3791//3791 3789//3789 3651//3651
f 3792//3792 3652//3652 3790//3790
f 3653//3653 3791//3791 3651//3651
f 3654//3654 3652//3652 3792//3792
f 3793//3793 3791//3791 3653//3653
f 3794//3794 3654//3654 3792//3792
f 3655//3655 3793//3793 3653//3653
f 3656//3656 3654//3654 3794//3794
f 3795//3795 3793//3793 3655//3655
f 3796//3796 3656//3656 3794//3794
f 3657//3657 3795//3795 3655//3655
f 3658//3658 3656//3656 3796//3796
f 3797//3797 3795//3795 3657//3657
f 3798//3798 3658//3658 3796//3796
f 3659//3659 3797//3797 3657//3657
f 3660//3660 3658//3658 3798//3798
f 3799//3799 3797//3797 3659//3659
f 3800//3800 3660//3660 3798//3798
f 3661//3661 3799//3799 3659//3659
f 3662//3662 3660//3660 3800//3800
f 3801//3801 3799//3799 3661//3661
f 3802//3802 3662//3662 3800//3800
f 3663//3663 3801//3801 3661//3661
f 3664//3664 3662//3662 3802//3802
f 3803//3803 3801//3801 3663//3663
f 3804//3804 3664//3664 3802//3802
f 3665//3665 3803//3803 3663//3663
f 3666//3666 3664//3664 3804//3804
f 3805//3805 3803//3803 3665//3665
f 3806//3806 3666//3666 3804//3804
f 3667//3667 3805//3805 3665//3665
f 3668//3668 3666//3666 3806//3806
f 3807//3807 3805//3805 3667//3667
f 3808//3808 3668//3668 3806//3806
f 3669//3669 3807//3807 3667//3667
f 3670//3670 3668//3668 3808//3808
f 3809//3809 3807//3807 3669//3669
f 3810//3810 3670//3670 3808//3808
f 3671//3671 3809//3809 3669//3669
f 3672//3672 3670//3670 3810//3810
f 3811//3811 3809//3809 3671//3671
f 3812//3812 3672//3672 3810//3810
f 3673//3673 3811//3811 3671//3671
f 3674//3674 3672//3672 3812//3812
f 3813//3813 3811//3811 3673//3673
f 3814//3814 3674//3674 3812//3812
f 3675//3675 3813//3813 3673//3673
f 3676//3676 3674//3674 3814//3814
f 3815//3815 3813//3813 3675//3675
f 3816//3816 3676//3676 3814//3814
f 3677//3677 3815//3815 3675//3675
f 3678//3678 3676//3676 3816//3816
f 3817//3817 3815//3815 3677//3677
f 3818//3818 3678//3678 3816//3816
f 3679//3679 3817//3817 3677//3677
f 3680//3680 3678//3678 3818//3818
f 3819//3819 3817//3817 3679//3679
f 3820//3820 3680//3680 3818//3818
f 3681//3681 3819//3819 3679//3679
f 3682//3682 3680//3680 3820//3820
f 3821//3821 3819//3819 3681//3681
f 3822//3822 3682//3682 3820//3820
f 3683//3683 3821//3821 3681//3681
f 3684//3684 3682//3682 3822//3822
f 3823//3823 3821//3821 3683//3683
f 3824//3824 3684//3684 3822//3822
f 3685//3685 3823//3823 3683//3683
f 3686//3686 3684//3684 3824//3824
f 3825//3825 3823//3823 3685//3685
f 3826//3826 3686//3686 3824//3824
f 3687//3687 3825//3825 3685//3685
f 3688//3688 3686//3686 3826//3826
f 3827//3827 3825//3825 3687//3687
f 3828//3828 3688//3688 3826//3826
f 3689//3689 3827//3827 3687//3687
f 3690//3690 3688//3688 3828//3828
f 3829//3829 3827//3827 3689//3689
f 3830//3830 3690//3690 3828//3828
f 3691//3691 3829//3829 3689//3689
f 3692//3692 3690//3690 3830//3830
f 3831//3831 3829//3829 3691//3691
f 3832//3832 3692//3692 3830//3830
f 3693//3693 3831//3831 3691//3691
f 3694//3694 3692//3692 3832//3832
f 3833//3833 3831//3831 3693//3693
f 3834//3834 3694//3694 3832//3832
f 3695//3695 3833//3833 3693//3693
f 3696//3696 3694//3694 3834//3834
f 3835//3835 3833//3833 3695//3695
f 3836//3836 3696//3696 3834//3834
f 3697//3697 3835//3835 3695//3695
f 3698//3698 3696//3696 3836//3836
f 3837//3837 3835//3835 3697//3697
f 3838//3838 3698//3698 3836//3836
f 3699//3699 3837//3837 3697//3697
f 3700//3700 3698//3698 3838//3838
f 3839//3839 3837//3837 3699//3699
f 3840//3840 3700//3700 3838//3838
f 3701//3701 3839//3839 3699//3699
f 3702//3702 3700//3700 3840//3840
f 3841//3841 3839//3839 3701//3701
f 3842//3842 3702//3702 3840//3840
f 3703//3703 3841//3841 3701//3701
f 3704//3704 3702//3702 3842//3842
f 3843//3843 3841//3841 3703//3703
f 3844//3844 3704//3704 3842//3842
f 3705//3705 3843//3843 3703//3703
f 3706//3706 3704//3704 3844//3844
f 3845//3845 3843//3843 3705//3705
f 3846//3846 3706//3706 3844//3844
f 3707//3707 3845//3845 3705//3705
f 3708//3708 3706//3706 3846//3846
f 3847//3847 3845//3845 3707//3707
f 3848//3848 3708//3708 3846//3846
f 3709//3709 3847//3847 3707//3707
f 3710//3710 3708//3708 3848//3848
f 3849//3849 3847//3847 3709//3709
f 3850//3850 3710//3710 3848//3848
f 3711//3711 3849//3849 3709//3709
f 3712//3712 3710//3710 3850//3850
f 3713//3713 3849//3849 3711//3711
f 3714//3714 3712//3712 3850//3850
f 3851//3851 3849//3849 3713//3713
f 3852//3852 3714//3714 3850//3850
f 3715//3715 3851//3851 3713//3713
f 3716//3716 3714//3714 3852//3852
f 3853//3853 3851//3851 3715//3715
f 3854//3854 3716//3716 3852//3852
f 3717//3717 3853//3853 3715//3715
f 3718//3718 3716//3716 3854//3854
f 3855//3855 3853//3853 3717//3717
f 3856//3856 3718//3718 3854//3854
f 3719//3719 3855//3855 3717//3717
f 3720//3720 3718//3718 3856//3856
f 3857//3857 3855//3855 3719//3719
f 3858//3858 3720//3720 3856//3856
f 3721//3721 3857//3857 3719//3719
f 3722//3722 3720//3720 3858//3858
f 3859//3859 3857//3857 3721//3721
f 3860//3860 3722//3722 3858//3858
f 3723//3723 3859//3859 3721//3721
f 3724//3724 3722//3722 3860//3860
f 3861//3861 3859//3859 3723//3723
f 3862//3862 3724//3724 3860//3860
f 3725//3725 3861//3861 3723//3723
f 3726//3726 3724//3724 3862//3862
f 3863//3863 3861//3861 3725//3725
f 3864//3864 3726//3726 3862//3862
f 3727//3727 3863//3863 3725//3725
f 3728//3728 3726//3726 3864//3864
f 3865//3865 3863//3863 3727//3727
f 3866//3866 3728//3728 3864//3864
f 3729//3729 3865//3865 3727//3727
f 3730//3730 3728//3728 3866//3866
f 3867//3867 3865//3865 3729//3729
f 3868//3868 3730//3730 3866//3866
f 3731//3731 3867//3867 3729//3729
f 3732//3732 3730//3730 3868//3868
f 3869//3869 3867//3867 3731//3731
f 3870//3870 3732//3732 3868//3868
f 3733//3733 3869//3869 3731//3731
f 3734//3734 3732//3732 3870//3870
f 3871//3871 3869//3869 3733//3733
f 3872//3872 3734//3734 3870//3870
f 3735//3735 3871//3871 3733//3733
f 3736//3736 3734//3734 3872//3872
f 3873//3873 3871//3871 3735//3735
f 3874//3874 3736//3736 3872//3872
f 3737//3737 3873//3873 3735//3735
f 3738//3738 3736//3736 3874//3874
f 3875//3875 3873//3873 3737//3737
f 3876//3876 3738//3738 3874//3874
f 3739//3739 3875//3875 3737//3737
f 3740//3740 3738//3738 3876//3876
f 3877//3877 3875//3875 3739//3739
f 3878//3878 3740//3740 3876//3876
f 3741//3741 3877//3877 3739//3739
f 3742//3742 3740//3740 3878//3878
f 3879//3879 3877//3877 3741//3741
f 3880//3880 3742//3742 3878//3878
f 3743//3743 3879//3879 3741//3741
f 3744//3744 3742//3742 3880//3880
f 3881//3881 3879//3879 3743//3743
f 3882//3882 3744//3744 3880//3880
f 3883//3883 3881//3881 3743//3743
f 3884//3884 3744//3744 3882//3882
f 3745//3745 3883//3883 3743//3743
f 3746//3746 3744//3744 3884//3884
f 3885//3885 3883//3883 3745//3745
f 3886//3886 3746//3746 3884//3884
f 3747//3747 3885//3885 3745//3745
f 3748//3748 3746//3746 3886//3886
f 3887//3887 3885//3885 3747//3747
f 3888//3888 3748//3748 3886//3886
f 3749//3749 3887//3887 3747//3747
f 3750//3750 3748//3748 3888//3888
f 3889//3889 3887//3887 3749//3749
f 3890//3890 3750//3750 3888//3888
f 3751//3751 3889//3889 3749//3749
f 3752//3752 3750//3750 3890//3890
f 3891//3891 3889//3889 3751//3751
f 3892//3892 3752//3752 3890//3890
f 3753//3753 3891//3891 3751//3751
f 3754//3754 3752//3752 3892//3892
f 4687//4687 3891//3891 3753//3753
f 4687//4687 3754//3754 3892//3892
f 3755//3755 4687//4687 3753//3753
f 3756//3756 3754//3754 4687//4687
f 4685//4685 4687//4687 3755//3755
f 4685//4685 3756//3756 4687//4687
f 3757//3757 4688//4688 4686//4686
f 3758//3758 4686//4686 4688//4688
f 3759//3759 4688//4688 3757//3757
f 3760//3760 3758//3758 4688//4688
f 3761//3761 4688//4688 3759//3759
f 3762//3762 3760//3760 4688//4688
f 3893//3893 4688//4688 3761//3761
f 3894//3894 3762//3762 4688//4688
f 3763//3763 3893//3893 3761//3761
f 3764//3764 3762//3762 3894//3894
f 3895//3895 3893//3893 3763//3763
f 3896//3896 3764//3764 3894//3894
f 3897//3897 3895//3895 3763//3763
f 3898//3898 3764//3764 3896//3896
f 3765//3765 3897//3897 3763//3763
f 3766//3766 3764//3764 3898//3898
f 3899//3899 3897//3897 3765//3765
f 3900//3900 3766//3766 3898//3898
f 3767//3767 3899//3899 3765//3765
f 3768//3768 3766//3766 3900//3900
f 3901//3901 3899//3899 3767//3767
f 3902//3902 3768//3768 3900//3900
f 3769//3769 3901//3901 3767//3767
f 3770//3770 3768//3768 3902//3902
f 3903//3903 3901//3901 3769//3769
f 3904//3904 3770//3770 3902//3902
f 3771//3771 3903//3903 3769//3769
f 3772//3772 3770//3770 3904//3904
f 3905//3905 3903//3903 3771//3771
f 3906//3906 3772//3772 3904//3904
f 3773//3773 3905//3905 3771//3771
f 3774//3774 3772//3772 3906//3906
f 3907//3907 3905//3905 3773//3773
f 3908//3908 3774//3774 3906//3906
f 3775//3775 3907//3907 3773//3773
f 3776//3776 3774//3774 3908//3908
f 3909//3909 3907//3907 3775//3775
f 3910//3910 3776//3776 3908//3908
f 3777//3777 3909//3909 3775//3775
f 3778//3778 3776//3776 3910//3910
f 3911//3911 3909//3909 3777//3777
f 3912//3912 3778//3778 3910//3910
f 3779//3779 3911//3911 3777//3777
f 3780//3780 3778//3778 3912//3912
f 3913//3913 3911//3911 3779//3779
f 3914//3914 3780//3780 3912//3912
f 3781//3781 3913//3913 3779//3779
f 3782//3782 3780//3780 3914//3914
f 3915//3915 3913//3913 3781//3781
f 3916//3916 3782//3782 3914//3914
f 3917//3917 3915//3915 3781//3781
f 3918//3918 3782//3782 3916//3916
f 3783//3783 3917//3917 3781//3781
f 3784//3784 3782//3782 3918//3918
f 3919//3919 3917//3917 3783//3783
f 3920//3920 3784//3784 3918//3918
f 3785//3785 3919//3919 3783//3783
f 3786//3786 3784//3784 3920//3920
f 3921//3921 3919//3919 3785//3785
f 3922//3922 3786//3786 3920//3920
f 3787//3787 3921//3921 3785//3785
f 3788//3788 3786//3786 3922//3922
f 3923//3923 3921//3921 3787//3787
f 3924//3924 3788//3788 3922//3922
f 3789//3789 3923//3923 3787//3787
f 3790//3790 3788//3788 3924//3924
f 3925//3925 3923//3923 3789//3789
f 3926//3926 3790//3790 3924//3924
f 3791//3791 3925//3925 3789//3789
f 3792//3792 3790//3790 3926//3926
f 3927//3927 3925//3925 3791//3791
f 3928//3928 3792//3792 3926//3926
f 3793//3793 3927//3927 3791//3791
f 3794//3794 3792//3792 3928//3928
f 3929//3929 3927//3927 3793//3793
f 3930//3930 3794//3794 3928//3928
f 3795//3795 3929//3929 3793//3793
f 3796//3796 3794//3794 3930//3930
f 3931//3931 3929//3929 3795//3795
f 3932//3932 3796//3796 3930//3930
f 3797//3797 3931//3931 3795//3795
f 3798//3798 3796//3796 3932//3932
f 3933//3933 3931//3931 3797//3797
f 3934//3934 3798//3798 3932//3932
f 3799//3799 3933//3933 3797//3797
f 3800//3800 3798//3798 3934//3934
f 3935//3935 3933//3933 3799//3799
f 3936//3936 3800//3800 3934//3934
f 3801//3801 3935//3935 3799//3799
f 3802//3802 3800//3800 3936//3936
f 3937//3937 3935//3935 3801//3801
f 3938//3938 3802//3802 3936//3936
f 3803//3803 3937//3937 3801//3801
f 3804//3804 3802//3802 3938//3938
f 3939//3939 3937//3937 3803//3803
f 3940//3940 3804//3804 3938//3938
f 3805//3805 3939//3939 3803//3803
f 3806//3806 3804//3804 3940//3940
f 3941//3941 3939//3939 3805//3805
f 3942//3942 3806//3806 3940//3940
f 3807//3807 3941//3941 3805//3805
f 3808//3808 3806//3806 3942//3942
f 3943//3943 3941//3941 3807//3807
f 3944//3944 3808//3808 3942//3942
f 3809//3809 3943//3943 3807//3807
f 3810//3810 3808//3808 3944//3944
f 3945//3945 3943//3943 3809//3809
f 3946//3946 3810//3810 3944//3944
f 3811//3811 3945//3945 3809//3809
f 3812//3812 3810//3810 3946//3946
f 3947//3947 3945//3945 3811//3811
f 3948//3948 3812//3812 3946//3946
f 3813//3813 3947//3947 3811//3811
f 3814//3814 3812//3812 3948//3948
f 3949//3949 3947//3947 3813//3813
f 3950//3950 3814//3814 3948//3948
f 3815//3815 3949//3949 3813//3813
f 3816//3816 3814//3814 3950//3950
f 3951//3951 3949//3949 3815//3815
f 3952//3952 3816//3816 3950//3950
f 3817//3817 3951//3951 3815//3815
f 3818//3818 3816//3816 3952//3952
f 3953//3953 3951//3951 3817//3817
f 3954//3954 3818//3818 3952//3952
f 3819//3819 3953//3953 3817//3817
f 3820//3820 3818//3818 3954//3954
f 3955//3955 3953//3953 3819//3819
f 3956//3956 3820//3820 3954//3954
f 3821//3821 3955//3955 3819//3819
f 3822//3822 3820//3820 3956//3956
f 3957//3957 3955//3955 3821//3821
f 3958//3958 3822//3822 3956//3956
f 3823//3823 3957//3957 3821//3821
f 3824//3824 3822//3822 3958//3958
f 3959//3959 3957//3957 3823//3823
f 3960//3960 3824//3824 3958//3958
f 3825//3825 3959//3959 3823//3823
f 3826//3826 3824//3824 3960//3960
f 3961//3961 3959//3959 3825//3825
f 3962//3962 3826//3826 3960//3960
f 3827//3827 3961//3961 3825//3825
f 3828//3828 3826//3826 3962//3962
f 3963//3963 3961//3961 3827//3827
f 3964//3964 3828//3828 3962//3962
f 3829//3829 3963//3963 3827//3827
f 3830//3830 3828//3828 3964//3964
f 3965//3965 3963//3963 3829//3829
f 3966//3966 3830//3830 3964//3964
f 3831//3831 3965//3965 3829//3829
f 3832//3832 3830//3830 3966//3966
f 3967//3967 3965//3965 3831//3831
f 3968//3968 3832//3832 3966//3966
f 3833//3833 3967//3967 3831//3831
f 3834//3834 3832//3832 3968//3968
f 3969//3969 3967//3967 3833//3833
f 3970//3970 3834//3834 3968//3968
f 3835//3835 3969//3969 3833//3833
f 3836//3836 3834//3834 3970//3970
f 3971//3971 3969//3969 3835//3835
f 3972//3972 3836//3836 3970//3970
f 3837//3837 3971//3971 3835//3835
f 3838//3838 3836//3836 3972//3972
f 3973//3973 3971//3971 3837//3837
f 3974//3974 3838//3838 3972//3972
f 3839//3839 3973//3973 3837//3837
f 3840//3840 3838//3838 3974//3974
f 3975//3975 3973//3973 3839//3839
f 3976//3976 3840//3840 3974//3974
f 3841//3841 3975//3975 3839//3839
f 3842//3842 3840//3840 3976//3976
f 3977//3977 3975//3975 3841//3841
f 3978//3978 3842//3842 3976//3976
f 3843//3843 3977//3977 3841//3841
f 3844//3844 3842//3842 3978//3978
f 3979//3979 3977//3977 3843//3843
f 3980//3980 3844//3844 3978//3978
f 3845//3845 3979//3979 3843//3843
f 3846//3846 3844//3844 3980//3980
f 3981//3981 3979//3979 3845//3845
f 3982//3982 3846//3846 3980//3980
f 3847//3847 3981//3981 3845//3845
f 3848//3848 3846//3846 3982//3982
f 3983//3983 3981//3981 3847//3847
f 3984//3984 3848//3848 3982//3982
f 3849//3849 3983//3983 3847//3847
f 3850//3850 3848//3848 3984//3984
f 3985//3985 3983//3983 3849//3849
f 3986//3986 3850//3850 3984//3984
f 3851//3851 3985//3985 3849//3849
f 3852//3852 3850//3850 3986//3986
f 3987//3987 3985//3985 3851//3851
f 3988//3988 3852//3852 3986//3986
f 3853//3853 3987//3987 3851//3851
f 3854//3854 3852//3852 3988//3988
f 3989//3989 3987//3987 3853//3853
f 3990//3990 3854//3854 3988//3988
f 3855//3855 3989//3989 3853//3853
f 3856//3856 3854//3854 3990//3990
f 3991//3991 3989//3989 3855//3855
f 3992//3992 3856//3856 3990//3990
f 3857//3857 3991//3991 3855//3855
f 3858//3858 3856//3856 3992//3992
f 3993//3993 3991//3991 3857//3857
f 3994//3994 3858//3858 3992//3992
f 3859//3859 3993//3993 3857//3857
f 3860//3860 3858//3858 3994//3994
f 3995//3995 3993//3993 3859//3859
f 3996//3996 3860//3860 3994//3994
f 3861//3861 3995//3995 3859//3859
f 3862//3862 3860//3860 3996//3996
f 3997//3997 3995//3995 3861//3861
f 3998//3998 3862//3862 3996//3996
f 3863//3863 3997//3997 3861//3861
f 3864//3864 3862//3862 3998//3998
f 3999//3999 3997//3997 3863//3863
f 4000//4000 3864//3864 3998//3998
f 3865//3865 3999//3999 3863//3863
f 3866//3866 3864//3864 4000//4000
f 4001//4001 3999//3999 3865//3865
f 4002//4002 3866//3866 4000//4000
f 3867//3867 4001//4001 3865//3865
f 3868//3868 3866//3866 4002//4002
f 4003//4003 4001//4001 3867//3867
f 4004//4004 3868//3868 4002//4002
f 3869//3869 4003//4003 3867//3867
f 3870//3870 3868//3868 4004//4004
f 4005//4005 4003//4003 3869//3869
f 4006//4006 3870//3870 4004//4004
f 3871//3871 4005//4005 3869//3869
f 3872//3872 3870//3870 4006//4006
f 4007//4007 4005//4005 3871//3871
f 4008//4008 3872//3872 4006//4006
f 3873//3873 4007//4007 3871//3871
f 3874//3874 3872//3872 4008//4008
f 4009//4009 4007//4007 3873//3873
f 4010//4010 3874//3874 4008//4008
f 3875//3875 4009//4009 3873//3873
f 3876//3876 3874//3874 4010//4010
f 4011//4011 4009//4009 3875//3875
f 4012//4012 3876//3876 4010//4010
f 3877//3877 4011//4011 3875//3875
f 3878//3878 3876//3876 4012//4012
f 4013//4013 4011//4011 3877//3877
f 4014//4014 3878//3878 4012//4012
f 3879//3879 4013//4013 3877//3877
f 3880//3880 3878//3878 4014//4014
f 4015//4015 4013//4013 3879//3879
f 4016//4016 3880//3880 4014//4014
f 3881//3881 4015//4015 3879//3879
f 3882//3882 3880//3880 4016//4016
f 4017//4017 4015//4015 3881//3881
f 4018//4018 3882//3882 4016//4016
f 3883//3883 4017//4017 3881//3881
f 3884//3884 3882//3882 4018//4018
f 4019//4019 4017//4017 3883//3883
f 4020//4020 3884//3884 4018//4018
f 3885//3885 4019//4019 3883//3883
f 3886//3886 3884//3884 4020//4020
f 4021//4021 4019//4019 3885//3885
f 4022//4022 3886//3886 4020//4020
f 4023//4023 4021//4021 3885//3885
f 4024//4024 3886//3886 4022//4022
f 3887//3887 4023//4023 3885//3885
f 3888//3888 3886//3886 4024//4024
f 4689//4689 4023//4023 3887//3887
f 4689//4689 3888//3888 4024//4024
f 3889//3889 4689//4689 3887//3887
f 3890//3890 3888//3888 4689//4689
f 3891//3891 4689//4689 3889//3889
f 3892//3892 3890//3890 4689//4689
f 4687//4687 4689//4689 3891//3891
f 4687//4687 3892//3892 4689//4689
f 3893//3893 4690//4690 4688//4688
f 3894//3894 4688//4688 4690//4690
f 3895//3895 4690//4690 3893//3893
f 3896//3896 3894//3894 4690//4690
f 3897//3897 4690//4690 3895//3895
f 3898//3898 3896//3896 4690//4690
f 4025//4025 4690//4690 3897//3897
f 4026//4026 3898//3898 4690//4690
f 3899//3899 4025//4025 3897//3897
f 3900//3900 3898//3898 4026//4026
f 4027//4027 4025//4025 3899//3899
f 4028//4028 3900//3900 4026//4026
f 4029//4029 4027//4027 3899//3899
f 4030//4030 3900//3900 4028//4028
f 3901//3901 4029//4029 3899//3899
f 3902//3902 3900//3900 4030//4030
f 4031//4031 4029//4029 3901//3901
f 4032//4032 3902//3902 4030//4030
f 3903//3903 4031//4031 3901//3901
f 3904//3904 3902//3902 4032//4032
f 4033//4033 4031//4031 3903//3903
f 4034//4034 3904//3904 4032//4032
f 3905//3905 4033//4033 3903//3903
f 3906//3906 3904//3904 4034//4034
f 4035//4035 4033//4033 3905//3905
f 4036//4036 3906//3906 4034//4034
f 3907//3907 4035//4035 3905//3905
f 3908//3908 3906//3906 4036//4036
f 4037//4037 4035//4035 3907//3907
f 4038//4038 3908//3908 4036//4036
f 4039//4039 4037//4037 3907//3907
f 4040//4040 3908//3908 4038//4038
f 3909//3909 4039//4039 3907//3907
f 3910//3910 3908//3908 4040//4040
f 4041//4041 4039//4039 3909//3909
f 4042//4042 3910//3910 4040//4040
f 3911//3911 4041//4041 3909//3909
f 3912//3912 3910//3910 4042//4042
f 4043//4043 4041//4041 3911//3911
f 4044//4044 3912//3912 4042//4042
f 3913//3913 4043//4043 3911//3911
f 3914//3914 3912//3912 4044//4044
f 4045//4045 4043//4043 3913//3913
f 4046//4046 3914//3914 4044//4044
f 3915//3915 4045//4045 3913//3913
f 3916//3916 3914//3914 4046//4046
f 4047//4047 4045//4045 3915//3915
f 4048//4048 3916//3916 4046//4046
f 3917//3917 4047//4047 3915//3915
f 3918//3918 3916//3916 4048//4048
f 4049//4049 4047//4047 3917//3917
f 4050//4050 3918//3918 4048//4048
f 3919//3919 4049//4049 3917//3917
f 3920//3920 3918//3918 4050//4050
f 4051//4051 4049//4049 3919//3919
f 4052//4052 3920//3920 4050//4050
f 3921//3921 4051//4051 3919//3919
f 3922//3922 3920//3920 4052//4052
f 4053//4053 4051//4051 3921//3921
f 4054//4054 3922//3922 4052//4052
f 3923//3923 4053//4053 3921//3921
f 3924//3924 3922//3922 4054//4054
f 4055//4055 4053//4053 3923//3923
f 4056//4056 3924//3924 4054//4054
f 3925//3925 4055//4055 3923//3923
f 3926//3926 3924//3924 4056//4056
f 4057//4057 4055//4055 3925//3925
f 4058//4058 3926//3926 4056//4056
f 3927//3927 4057//4057 3925//3925
f 3928//3928 3926//3926 4058//4058
f 4059//4059 4057//4057 3927//3927
f 4060//4060 3928//3928 4058//4058
f 3929//3929 4059//4059 3927//3927
f 3930//3930 3928//3928 4060//4060
f 4061//4061 4059//4059 3929//3929
f 4062//4062 3930//3930 4060//4060
f 3931//3931 4061//4061 3929//3929
f 3932//3932 3930//3930 4062//4062
f 3933//3933 4061//4061 3931//3931
f 3934//3934 3932//3932 4062//4062
f 4063//4063 4061//4061 3933//3933
f 4064//4064 3934//3934 4062//4062
f 3935//3935 4063//4063 3933//3933
f 3936//3936 3934//3934 4064//4064
f 4065//4065 4063//4063 3935//3935
f 4066//4066 3936//3936 4064//4064
f 3937//3937 4065//4065 3935//3935
f 3938//3938 3936//3936 4066//4066
f 4067//4067 4065//4065 3937//3937
f 4068//4068 3938//3938 4066//4066
f 3939//3939 4067//4067 3937//3937
f 3940//3940 3938//3938 4068//4068
f 4069//4069 4067//4067 3939//3939
f 4070//4070 3940//3940 4068//4068
f 3941//3941 4069//4069 3939//3939
f 3942//3942 3940//3940 4070//4070
f 4071//4071 4069//4069 3941//3941
f 4072//4072 3942//3942 4070//4070
f 3943//3943 4071//4071 3941//3941
f 3944//3944 3942//3942 4072//4072
f 4073//4073 4071//4071 3943//3943
f 4074//4074 3944//3944 4072//4072
f 3945//3945 4073//4073 3943//3943
f 3946//3946 3944//3944 4074//4074
f 4075//4075 4073//4073 3945//3945
f 4076//4076 3946//3946 4074//4074
f 3947//3947 4075//4075 3945//3945
f 3948//3948 3946//3946 4076//4076
f 4077//4077 4075//4075 3947//3947
f 4078//4078 3948//3948 4076//4076
f 3949//3949 4077//4077 3947//3947
f 3950//3950 3948//3948 4078//4078
f 4079//4079 4077//4077 3949//3949
f 4080//4080 3950//3950 4078//4078
f 3951//3951 4079//4079 3949//3949
f 3952//3952 3950//3950 4080//4080
f 4081//4081 4079//4079 3951//3951
f 4082//4082 3952//3952 4080//4080
f 3953//3953 4081//4081 3951//3951
f 3954//3954 3952//3952 4082//4082
f 4083//4083 4081//4081 3953//3953
f 4084//4084 3954//3954 4082//4082
f 3955//3955 4083//4083 3953//3953
f 3956//3956 3954//3954 4084//4084
f 4085//4085 4083//4083 3955//3955
f 4086//4086 3956//3956 4084//4084
f 3957//3957 4085//4085 3955//3955
f 3958//3958 3956//3956 4086//4086
f 4087//4087 4085//4085 3957//3957
f 4088//4088 3958//3958 4086//4086
f 3959//3959 4087//4087 3957//3957
f 3960//3960 3958//3958 4088//4088
f 4089//4089 4087//4087 3959//3959
f 4090//4090 3960//3960 4088//4088
f 4091//4091 4089//4089 3959//3959
f 4092//4092 3960//3960 4090//4090
f 3961//3961 4091//4091 3959//3959
f 3962//3962 3960//3960 4092//4092
f 4093//4093 4091//4091 3961//3961
f 4094//4094 3962//3962 4092//4092
f 3963//3963 4093//4093 3961//3961
f 3964//3964 3962//3962 4094//4094
f 4095//4095 4093//4093 3963//3963
f 4096//4096 3964//3964 4094//4094
f 3965//3965 4095//4095 3963//3963
f 3966//3966 3964//3964 4096//4096
f 4097//4097 4095//4095 3965//3965
f 4098//4098 3966//3966 4096//4096
f 3967//3967 4097//4097 3965//3965
f 3968//3968 3966//3966 4098//4098
f 4099//4099 4097//4097 3967//3967
f 4100//4100 3968//3968 4098//4098
f 3969//3969 4099//4099 3967//3967
f 3970//3970 3968//3968 4100//4100
f 4101//4101 4099//4099 3969//3969
f 4102//4102 3970//3970 4100//4100
f 3971//3971 4101//4101 3969//3969
f 3972//3972 3970//3970 4102//4102
f 4103//4103 4101//4101 3971//3971
f 4104//4104 3972//3972 4102//4102
f 3973//3973 4103//4103 3971//3971
f 3974//3974 3972//3972 4104//4104
f 4105//4105 4103//4103 3973//3973
f 4106//4106 3974//3974 4104//4104
f 3975//3975 4105//4105 3973//3973
f 3976//3976 3974//3974 4106//4106
f 4107//4107 4105//4105 3975//3975
f 4108//4108 3976//3976 4106//4106
f 3977//3977 4107//4107 3975//3975
f 3978//3978 3976//3976 4108//4108
f 4109//4109 4107//4107 3977//3977
f 4110//4110 3978//3978 4108//4108
f 3979//3979 4109//4109 3977//3977
f 3980//3980 3978//3978 4110//4110
f 4111//4111 4109//4109 3979//3979
f 4112//4112 3980//3980 4110//4110
f 3981//3981 4111//4111 3979//3979
f 3982//3982 3980//3980 4112//4112
f 4113//4113 4111//4111 3981//3981
f 4114//4114 3982//3982 4112//4112
f 3983//3983 4113//4113 3981//3981
f 3984//3984 3982//3982 4114//4114
f 4115//4115 4113//4113 3983//3983
f 4116//4116 3984//3984 4114//4114
f 3985//3985 4115//4115 3983//3983
f 3986//3986 3984//3984 4116//4116
f 4117//4117 4115//4115 3985//3985
f 4118//4118 3986//3986 4116//4116
f 3987//3987 4117//4117 3985//3985
f 3988//3988 3986//3986 4118//4118
f 4119//4119 4117//4117 3987//3987
f 4120//4120 3988//3988 4118//4118
f 3989//3989 4119//4119 3987//3987
f 3990//3990 3988//3988 4120//4120
f 3991//3991 4119//4119 3989//3989
f 3992//3992 3990//3990 4120//4120
f 4121//4121 4119//4119 3991//3991
f 4122//4122 3992//3992 4120//4120
f 3993//3993 4121//4121 3991//3991
f 3994//3994 3992//3992 4122//4122
f 4123//4123 4121//4121 3993//3993
f 4124//4124 3994//3994 4122//4122
f 3995//3995 4123//4123 3993//3993
f 3996//3996 3994//3994 4124//4124
f 4125//4125 4123//4123 3995//3995
f 4126//4126 3996//3996 4124//4124
f 3997//3997 4125//4125 3995//3995
f 3998//3998 3996//3996 4126//4126
f 4127//4127 4125//4125 3997//3997
f 4128//4128 3998//3998 4126//4126
f 3999//3999 4127//4127 3997//3997
f 4000//4000 3998//3998 4128//4128
f 4129//4129 4127//4127 3999//3999
f 4130//4130 4000//4000 4128//4128
f 4001//4001 4129//4129 3999//3999
f 4002//4002 4000//4000 4130//4130
f 4131//4131 4129//4129 4001//4001
f 4132//4132 4002//4002 4130//4130
f 4003//4003 4131//4131 4001//4001
f 4004//4004 4002//4002 4132//4132
f 4133//4133 4131//4131 4003//4003
f 4134//4134 4004//4004 4132//4132
f 4005//4005 4133//4133 4003//4003
f 4006//4006 4004//4004 4134//4134
f 4135//4135 4133//4133 4005//4005
f 4136//4136 4006//4006 4134//4134
f 4007//4007 4135//4135 4005//4005
f 4008//4008 4006//4006 4136//4136
f 4137//4137 4135//4135 4007//4007
f 4138//4138 4008//4008 4136//4136
f 4009//4009 4137//4137 4007//4007
f 4010//4010 4008//4008 4138//4138
f 4139//4139 4137//4137 4009//4009
f 4140//4140 4010//4010 4138//4138
f 4011//4011 4139//4139 4009//4009
f 4012//4012 4010//4010 4140//4140
f 4141//4141 4139//4139 4011//4011
f 4142//4142 4012//4012 4140//4140
f 4143//4143 4141//4141 4011//4011
f 4144//4144 4012//4012 4142//4142
f 4013//4013 4143//4143 4011//4011
f 4014//4014 4012//4012 4144//4144
f 4145//4145 4143//4143 4013//4013
f 4146//4146 4014//4014 4144//4144
f 4015//4015 4145//4145 4013//4013
f 4016//4016 4014//4014 4146//4146
f 4147//4147 4145//4145 4015//4015
f 4148//4148 4016//4016 4146//4146
f 4017//4017 4147//4147 4015//4015
f 4018//4018 4016//4016 4148//4148
f 4691//4691 4147//4147 4017//4017
f 4691//4691 4018//4018 4148//4148
f 4019//4019 4691//4691 4017//4017
f 4020//4020 4018//4018 4691//4691
f 4021//4021 4691//4691 4019//4019
f 4022//4022 4020//4020 4691//4691
f 4023//4023 4691//4691 4021//4021
f 4024//4024 4022//4022 4691//4691
f 4689//4689 4691//4691 4023//4023
f 4689//4689 4024//4024 4691//4691
f 4025//4025 4692//4692 4690//4690
f 4026//4026 4690//4690 4692//4692
f 4027//4027 4692//4692 4025//4025
f 4028//4028 4026//4026 4692//4692
f 4029//4029 4692//4692 4027//4027
f 4030//4030 4028//4028 4692//4692
f 4031//4031 4692//4692 4029//4029
f 4032//4032 4030//4030 4692//4692
f 4033//4033 4692//4692 4031//4031
f 4034//4034 4032//4032 4692//4692
f 4149//4149 4692//4692 4033//4033
f 4150//4150 4034//4034 4692//4692
f 4151//4151 4149//4149 4033//4033
f 4152//4152 4034//4034 4150//4150
f 4035//4035 4151//4151 4033//4033
f 4036//4036 4034//4034 4152//4152
f 4153//4153 4151//4151 4035//4035
f 4154//4154 4036//4036 4152//4152
f 4037//4037 4153//4153 4035//4035
f 4038//4038 4036//4036 4154//4154
f 4155//4155 4153//4153 4037//4037
f 4156//4156 4038//4038 4154//4154
f 4039//4039 4155//4155 4037//4037
f 4040//4040 4038//4038 4156//4156
f 4157//4157 4155//4155 4039//4039
f 4158//4158 4040//4040 4156//4156
f 4041//4041 4157//4157 4039//4039
f 4042//4042 4040//4040 4158//4158
f 4159//4159 4157//4157 4041//4041
f 4160//4160 4042//4042 4158//4158
f 4043//4043 4159//4159 4041//4041
f 4044//4044 4042//4042 4160//4160
f 4161//4161 4159//4159 4043//4043
f 4162//4162 4044//4044 4160//4160
f 4163//4163 4161//4161 4043//4043
f 4164//4164 4044//4044 4162//4162
f 4045//4045 4163//4163 4043//4043
f 4046//4046 4044//4044 4164//4164
f 4165//4165 4163//4163 4045//4045
f 4166//4166 4046//4046 4164//4164
f 4047//4047 4165//4165 4045//4045
f 4048//4048 4046//4046 4166//4166
f 4167//4167 4165//4165 4047//4047
f 4168//4168 4048//4048 4166//4166
f 4049//4049 4167//4167 4047//4047
f 4050//4050 4048//4048 4168//4168
f 4169//4169 4167//4167 4049//4049
f 4170//4170 4050//4050 4168//4168
f 4051//4051 4169//4169 4049//4049
f 4052//4052 4050//4050 4170//4170
f 4171//4171 4169//4169 4051//4051
f 4172//4172 4052//4052 4170//4170
f 4053//4053 4171//4171 4051//4051
f 4054//4054 4052//4052 4172//4172
f 4173//4173 4171//4171 4053//4053
f 4174//4174 4054//4054 4172//4172
f 4055//4055 4173//4173 4053//4053
f 4056//4056 4054//4054 4174//4174
f 4175//4175 4173//4173 4055//4055
f 4176//4176 4056//4056 4174//4174
f 4057//4057 4175//4175 4055//4055
f 4058//4058 4056//4056 4176//4176
f 4177//4177 4175//4175 4057//4057
f 4178//4178 4058//4058 4176//4176
f 4059//4059 4177//4177 4057//4057
f 4060//4060 4058//4058 4178//4178
f 4179//4179 4177//4177 4059//4059
f 4180//4180 4060//4060 4178//4178
f 4061//4061 4179//4179 4059//4059
f 4062//4062 4060//4060 4180//4180
f 4181//4181 4179//4179 4061//4061
f 4182//4182 4062//4062 4180//4180
f 4063//4063 4181//4181 4061//4061
f 4064//4064 4062//4062 4182//4182
f 4183//4183 4181//4181 4063//4063
f 4184//4184 4064//4064 4182//4182
f 4065//4065 4183//4183 4063//4063
f 4066//4066 4064//4064 4184//4184
f 4185//4185 4183//4183 4065//4065
f 4186//4186 4066//4066 4184//4184
f 4067//4067 4185//4185 4065//4065
f 4068//4068 4066//4066 4186//4186
f 4187//4187 4185//4185 4067//4067
f 4188//4188 4068//4068 4186//4186
f 4069//4069 4187//4187 4067//4067
f 4070//4070 4068//4068 4188//4188
f 4189//4189 4187//4187 4069//4069
f 4190//4190 4070//4070 4188//4188
f 4071//4071 4189//4189 4069//4069
f 4072//4072 4070//4070 4190//4190
f 4191//4191 4189//4189 4071//4071
f 4192//4192 4072//4072 4190//4190
f 4073//4073 4191//4191 4071//4071
f 4074//4074 4072//4072 4192//4192
f 4193//4193 4191//4191 4073//4073
f 4194//4194 4074//4074 4192//4192
f 4075//4075 4193//4193 4073//4073
f 4076//4076 4074//4074 4194//4194
f 4195//4195 4193//4193 4075//4075
f 4196//4196 4076//4076 4194//4194
f 4077//4077 4195//4195 4075//4075
f 4078//4078 4076//4076 4196//4196
f 4197//4197 4195//4195 4077//4077
f 4198//4198 4078//4078 4196//4196
f 4079//4079 4197//4197 4077//4077
f 4080//4080 4078//4078 4198//4198
f 4199//4199 4197//4197 4079//4079
f 4200//4200 4080//4080 4198//4198
f 4081//4081 4199//4199 4079//4079
f 4082//4082 4080//4080 4200//4200
f 4201//4201 4199//4199 4081//4081
f 4202//4202 4082//4082 4200//4200
f 4083//4083 4201//4201 4081//4081
f 4084//4084 4082//4082 4202//4202
f 4203//4203 4201//4201 4083//4083
f 4204//4204 4084//4084 4202//4202
f 4085//4085 4203//4203 4083//4083
f 4086//4086 4084//4084 4204//4204
f 4205//4205 4203//4203 4085//4085
f 4206//4206 4086//4086 4204//4204
f 4087//4087 4205//4205 4085//4085
f 4088//4088 4086//4086 4206//4206
f 4207//4207 4205//4205 4087//4087
f 4208//4208 4088//4088 4206//4206
f 4089//4089 4207//4207 4087//4087
f 4090//4090 4088//4088 4208//4208
f 4209//4209 4207//4207 4089//4089
f 4210//4210 4090//4090 4208//4208
f 4091//4091 4209//4209 4089//4089
f 4092//4092 4090//4090 4210//4210
f 4211//4211 4209//4209 4091//4091
f 4212//4212 4092//4092 4210//4210
f 4093//4093 4211//4211 4091//4091
f 4094//4094 4092//4092 4212//4212
f 4213//4213 4211//4211 4093//4093
f 4214//4214 4094//4094 4212//4212
f 4095//4095 4213//4213 4093//4093
f 4096//4096 4094//4094 4214//4214
f 4215//4215 4213//4213 4095//4095
f 4216//4216 4096//4096 4214//4214
f 4097//4097 4215//4215 4095//4095
f 4098//4098 4096//4096 4216//4216
f 4217//4217 4215//4215 4097//4097
f 4218//4218 4098//4098 4216//4216
f 4099//4099 4217//4217 4097//4097
f 4100//4100 4098//4098 4218//4218
f 4219//4219 4217//4217 4099//4099
f 4220//4220 4100//4100 4218//4218
f 4101//4101 4219//4219 4099//4099
f 4102//4102 4100//4100 4220//4220
f 4221//4221 4219//4219 4101//4101
f 4222//4222 4102//4102 4220//4220
f 4103//4103 4221//4221 4101//4101
f 4104//4104 4102//4102 4222//4222
f 4223//4223 4221//4221 4103//4103
f 4224//4224 4104//4104 4222//4222
f 4105//4105 4223//4223 4103//4103
f 4106//4106 4104//4104 4224//4224
f 4225//4225 4223//4223 4105//4105
f 4226//4226 4106//4106 4224//4224
f 4107//4107 4225//4225 4105//4105
f 4108//4108 4106//4106 4226//4226
f 4227//4227 4225//4225 4107//4107
f 4228//4228 4108//4108 4226//4226
f 4109//4109 4227//4227 4107//4107
f 4110//4110 4108//4108 4228//4228
f 4229//4229 4227//4227 4109//4109
f 4230//4230 4110//4110 4228//4228
f 4111//4111 4229//4229 4109//4109
f 4112//4112 4110//4110 4230//4230
f 4231//4231 4229//4229 4111//4111
f 4232//4232 4112//4112 4230//4230
f 4113//4113 4231//4231 4111//4111
f 4114//4114 4112//4112 4232//4232
f 4233//4233 4231//4231 4113//4113
f 4234//4234 4114//4114 4232//4232
f 4115//4115 4233//4233 4113//4113
f 4116//4116 4114//4114 4234//4234
f 4235//4235 4233//4233 4115//4115
f 4236//4236 4116//4116 4234//4234
f 4117//4117 4235//4235 4115//4115
f 4118//4118 4116//4116 4236//4236
f 4237//4237 4235//4235 4117//4117
f 4238//4238 4118//4118 4236//4236
f 4119//4119 4237//4237 4117//4117
f 4120//4120 4118//4118 4238//4238
f 4239//4239 4237//4237 4119//4119
f 4240//4240 4120//4120 4238//4238
f 4121//4121 4239//4239 4119//4119
f 4122//4122 4120//4120 4240//4240
f 4241//4241 4239//4239 4121//4121
f 4242//4242 4122//4122 4240//4240
f 4123//4123 4241//4241 4121//4121
f 4124//4124 4122//4122 4242//4242
f 4243//4243 4241//4241 4123//4123
f 4244//4244 4124//4124 4242//4242
f 4125//4125 4243//4243 4123//4123
f 4126//4126 4124//4124 4244//4244
f 4245//4245 4243//4243 4125//4125
f 4246//4246 4126//4126 4244//4244
f 4127//4127 4245//4245 4125//4125
f 4128//4128 4126//4126 4246//4246
f 4247//4247 4245//4245 4127//4127
f 4248//4248 4128//4128 4246//4246
f 4129//4129 4247//4247 4127//4127
f 4130//4130 4128//4128 4248//4248
f 4249//4249 4247//4247 4129//4129
f 4250//4250 4130//4130 4248//4248
f 4131//4131 4249//4249 4129//4129
f 4132//4132 4130//4130 4250//4250
f 4251//4251 4249//4249 4131//4131
f 4252//4252 4132//4132 4250//4250
f 4253//4253 4251//4251 4131//4131
f 4254//4254 4132//4132 4252//4252
f 4133//4133 4253//4253 4131//4131
f 4134//4134 4132//4132 4254//4254
f 4255//4255 4253//4253 4133//4133
f 4256//4256 4134//4134 4254//4254
f 4135//4135 4255//4255 4133//4133
f 4136//4136 4134//4134 4256//4256
f 4257//4257 4255//4255 4135//4135
f 4258//4258 4136//4136 4256//4256
f 4137//4137 4257//4257 4135//4135
f 4138//4138 4136//4136 4258//4258
f 4259//4259 4257//4257 4137//4137
f 4260//4260 4138//4138 4258//4258
f 4139//4139 4259//4259 4137//4137
f 4140//4140 4138//4138 4260//4260
f 4261//4261 4259//4259 4139//4139
f 4262//4262 4140//4140 4260//4260
f 4141//4141 4261//4261 4139//4139
f 4142//4142 4140//4140 4262//4262
f 4263//4263 4261//4261 4141//4141
f 4264//4264 4142//4142 4262//4262
f 4143//4143 4263//4263 4141//4141
f 4144//4144 4142//4142 4264//4264
f 4693//4693 4263//4263 4143//4143
f 4693//4693 4144//4144 4264//4264
f 4145//4145 4693//4693 4143//4143
f 4146//4146 4144//4144 4693//4693
f 4147//4147 4693//4693 4145//4145
f 4148//4148 4146//4146 4693//4693
f 4691//4691 4693//4693 4147//4147
f 4691//4691 4148//4148 4693//4693
f 4149//4149 4694//4694 4692//4692
f 4150//4150 4692//4692 4694//4694
f 4151//4151 4694//4694 4149//4149
f 4152//4152 4150//4150 4694//4694
f 4153//4153 4694//4694 4151//4151
f 4154//4154 4152//4152 4694//4694
f 4155//4155 4694//4694 4153//4153
f 4156//4156 4154//4154 4694//4694
f 4157//4157 4694//4694 4155//4155
f 4158//4158 4156//4156 4694//4694
f 4265//4265 4694//4694 4157//4157
f 4266//4266 4158//4158 4694//4694
f 4159//4159 4265//4265 4157//4157
f 4160//4160 4158//4158 4266//4266
f 4267//4267 4265//4265 4159//4159
f 4268//4268 4160//4160 4266//4266
f 4161//4161 4267//4267 4159//4159
f 4162//4162 4160//4160 4268//4268
f 4269//4269 4267//4267 4161//4161
f 4270//4270 4162//4162 4268//4268
f 4271//4271 4269//4269 4161//4161
f 4272//4272 4162//4162 4270//4270
f 4163//4163 4271//4271 4161//4161
f 4164//4164 4162//4162 4272//4272
f 4273//4273 4271//4271 4163//4163
f 4274//4274 4164//4164 4272//4272
f 4165//4165 4273//4273 4163//4163
f 4166//4166 4164//4164 4274//4274
f 4275//4275 4273//4273 4165//4165
f 4276//4276 4166//4166 4274//4274
f 4167//4167 4275//4275 4165//4165
f 4168//4168 4166//4166 4276//4276
f 4277//4277 4275//4275 4167//4167
f 4278//4278 4168//4168 4276//4276
f 4169//4169 4277//4277 4167//4167
f 4170//4170 4168//4168 4278//4278
f 4279//4279 4277//4277 4169//4169
f 4280//4280 4170//4170 4278//4278
f 4171//4171 4279//4279 4169//4169
f 4172//4172 4170//4170 4280//4280
f 4281//4281 4279//4279 4171//4171
f 4282//4282 4172//4172 4280//4280
f 4173//4173 4281//4281 4171//4171
f 4174//4174 4172//4172 4282//4282
f 4283//4283 4281//4281 4173//4173
f 4284//4284 4174//4174 4282//4282
f 4175//4175 4283//4283 4173//4173
f 4176//4176 4174//4174 4284//4284
f 4285//4285 4283//4283 4175//4175
f 4286//4286 4176//4176 4284//4284
f 4177//4177 4285//4285 4175//4175
f 4178//4178 4176//4176 4286//4286
f 4287//4287 4285//4285 4177//4177
f 4288//4288 4178//4178 4286//4286
f 4179//4179 4287//4287 4177//4177
f 4180//4180 4178//4178 4288//4288
f 4289//4289 4287//4287 4179//4179
f 4290//4290 4180//4180 4288//4288
f 4181//4181 4289//4289 4179//4179
f 4182//4182 4180//4180 4290//4290
f 4291//4291 4289//4289 4181//4181
f 4292//4292 4182//4182 4290//4290
f 4183//4183 4291//4291 4181//4181
f 4184//4184 4182//4182 4292//4292
f 4293//4293 4291//4291 4183//4183
f 4294//4294 4184//4184 4292//4292
f 4185//4185 4293//4293 4183//4183
f 4186//4186 4184//4184 4294//4294
f 4295//4295 4293//4293 4185//4185
f 4296//4296 4186//4186 4294//4294
f 4187//4187 4295//4295 4185//4185
f 4188//4188 4186//4186 4296//4296
f 4297//4297 4295//4295 4187//4187
f 4298//4298 4188//4188 4296//4296
f 4189//4189 4297//4297 4187//4187
f 4190//4190 4188//4188 4298//4298
f 4299//4299 4297//4297 4189//4189
f 4300//4300 4190//4190 4298//4298
f 4191//4191 4299//4299 4189//4189
f 4192//4192 4190//4190 4300//4300
f 4301//4301 4299//4299 4191//4191
f 4302//4302 4192//4192 4300//4300
f 4193//4193 4301//4301 4191//4191
f 4194//4194 4192//4192 4302//4302
f 4303//4303 4301//4301 4193//4193
f 4304//4304 4194//4194 4302//4302
f 4195//4195 4303//4303 4193//4193
f 4196//4196 4194//4194 4304//4304
f 4305//4305 4303//4303 4195//4195
f 4306//4306 4196//4196 4304//4304
f 4197//4197 4305//4305 4195//4195
f 4198//4198 4196//4196 4306//4306
f 4307//4307 4305//4305 4197//4197
f 4308//4308 4198//4198 4306//4306
f 4199//4199 4307//4307 4197//4197
f 4200//4200 4198//4198 4308//4308
f 4309//4309 4307//4307 4199//4199
f 4310//4310 4200//4200 4308//4308
f 4201//4201 4309//4309 4199//4199
f 4202//4202 4200//4200 4310//4310
f 4311//4311 4309//4309 4201//4201
f 4312//4312 4202//4202 4310//4310
f 4203//4203 4311//4311 4201//4201
f 4204//4204 4202//4202 4312//4312
f 4313//4313 4311//4311 4203//4203
f 4314//4314 4204//4204 4312//4312
f 4205//4205 4313//4313 4203//4203
f 4206//4206 4204//4204 4314//4314
f 4207//4207 4313//4313 4205//4205
f 4208//4208 4206//4206 4314//4314
f 4315//4315 4313//4313 4207//4207
f 4316//4316 4208//4208 4314//4314
f 4209//4209 4315//4315 4207//4207
f 4210//4210 4208//4208 4316//4316
f 4317//4317 4315//4315 4209//4209
f 4318//4318 4210//4210 4316//4316
f 4211//4211 4317//4317 4209//4209
f 4212//4212 4210//4210 4318//4318
f 4319//4319 4317//4317 4211//4211
f 4320//4320 4212//4212 4318//4318
f 4213//4213 4319//4319 4211//4211
f 4214//4214 4212//4212 4320//4320
f 4321//4321 4319//4319 4213//4213
f 4322//4322 4214//4214 4320//4320
f 4215//4215 4321//4321 4213//4213
f 4216//4216 4214//4214 4322//4322
f 4323//4323 4321//4321 4215//4215
f 4324//4324 4216//4216 4322//4322
f 4217//4217 4323//4323 4215//4215
f 4218//4218 4216//4216 4324//4324
f 4325//4325 4323//4323 4217//4217
f 4326//4326 4218//4218 4324//4324
f 4219//4219 4325//4325 4217//4217
f 4220//4220 4218//4218 4326//4326
f 4327//4327 4325//4325 4219//4219
f 4328//4328 4220//4220 4326//4326
f 4221//4221 4327//4327 4219//4219
f 4222//4222 4220//4220 4328//4328
f 4329//4329 4327//4327 4221//4221
f 4330//4330 4222//4222 4328//4328
f 4223//4223 4329//4329 4221//4221
f 4224//4224 4222//4222 4330//4330
f 4331//4331 4329//4329 4223//4223
f 4332//4332 4224//4224 4330//4330
f 4225//4225 4331//4331 4223//4223
f 4226//4226 4224//4224 4332//4332
f 4333//4333 4331//4331 4225//4225
f 4334//4334 4226//4226 4332//4332
f 4227//4227 4333//4333 4225//4225
f 4228//4228 4226//4226 4334//4334
f 4335//4335 4333//4333 4227//4227
f 4336//4336 4228//4228 4334//4334
f 4229//4229 4335//4335 4227//4227
f 4230//4230 4228//4228 4336//4336
f 4337//4337 4335//4335 4229//4229
f 4338//4338 4230//4230 4336//4336
f 4231//4231 4337//4337 4229//4229
f 4232//4232 4230//4230 4338//4338
f 4339//4339 4337//4337 4231//4231
f 4340//4340 4232//4232 4338//4338
f 4233//4233 4339//4339 4231//4231
f 4234//4234 4232//4232 4340//4340
f 4341//4341 4339//4339 4233//4233
f 4342//4342 4234//4234 4340//4340
f 4235//4235 4341//4341 4233//4233
f 4236//4236 4234//4234 4342//4342
f 4343//4343 4341//4341 4235//4235
f 4344//4344 4236//4236 4342//4342
f 4237//4237 4343//4343 4235//4235
f 4238//4238 4236//4236 4344//4344
f 4345//4345 4343//4343 4237//4237
f 4346//4346 4238//4238 4344//4344
f 4239//4239 4345//4345 4237//4237
f 4240//4240 4238//4238 4346//4346
f 4347//4347 4345//4345 4239//4239
f 4348//4348 4240//4240 4346//4346
f 4241//4241 4347//4347 4239//4239
f 4242//4242 4240//4240 4348//4348
f 4349//4349 4347//4347 4241//4241
f 4350//4350 4242//4242 4348//4348
f 4243//4243 4349//4349 4241//4241
f 4244//4244 4242//4242 4350//4350
f 4351//4351 4349//4349 4243//4243
f 4352//4352 4244//4244 4350//4350
f 4245//4245 4351//4351 4243//4243
f 4246//4246 4244//4244 4352//4352
f 4353//4353 4351//4351 4245//4245
f 4354//4354 4246//4246 4352//4352
f 4247//4247 4353//4353 4245//4245
f 4248//4248 4246//4246 4354//4354
f 4355//4355 4353//4353 4247//4247
f 4356//4356 4248//4248 4354//4354
f 4249//4249 4355//4355 4247//4247
f 4250//4250 4248//4248 4356//4356
f 4357//4357 4355//4355 4249//4249
f 4358//4358 4250//4250 4356//4356
f 4251//4251 4357//4357 4249//4249
f 4252//4252 4250//4250 4358//4358
f 4359//4359 4357//4357 4251//4251
f 4360//4360 4252//4252 4358//4358
f 4253//4253 4359//4359 4251//4251
f 4254//4254 4252//4252 4360//4360
f 4361//4361 4359//4359 4253//4253
f 4362//4362 4254//4254 4360//4360
f 4255//4255 4361//4361 4253//4253
f 4256//4256 4254//4254 4362//4362
f 4363//4363 4361//4361 4255//4255
f 4364//4364 4256//4256 4362//4362
f 4365//4365 4363//4363 4255//4255
f 4366//4366 4256//4256 4364//4364
f 4257//4257 4365//4365 4255//4255
f 4258//4258 4256//4256 4366//4366
f 4695//4695 4365//4365 4257//4257
f 4695//4695 4258//4258 4366//4366
f 4259//4259 4695//4695 4257//4257
f 4260//4260 4258//4258 4695//4695
f 4261//4261 4695//4695 4259//4259
f 4262//4262 4260//4260 4695//4695
f 4263//4263 4695//4695 4261//4261
f 4264//4264 4262//4262 4695//4695
f 4693//4693 4695//4695 4263//4263
f 4693//4693 4264//4264 4695//4695
f 4265//4265 4696//4696 4694//4694
f 4266//4266 4694//4694 4696//4696
f 4267//4267 4696//4696 4265//4265
f 4268//4268 4266//4266 4696//4696
f 4269//4269 4696//4696 4267//4267
f 4270//4270 4268//4268 4696//4696
f 4271//4271 4696//4696 4269//4269
f 4272//4272 4270//4270 4696//4696
f 4273//4273 4696//4696 4271//4271
f 4274//4274 4272//4272 4696//4696
f 4367//4367 4696//4696 4273//4273
f 4368//4368 4274//4274 4696//4696
f 4275//4275 4367//4367 4273//4273
f 4276//4276 4274//4274 4368//4368
f 4369//4369 4367//4367 4275//4275
f 4370//4370 4276//4276 4368//4368
f 4371//4371 4369//4369 4275//4275
f 4372//4372 4276//4276 4370//4370
f 4277//4277 4371//4371 4275//4275
f 4278//4278 4276//4276 4372//4372
f 4373//4373 4371//4371 4277//4277
f 4374//4374 4278//4278 4372//4372
f 4279//4279 4373//4373 4277//4277
f 4280//4280 4278//4278 4374//4374
f 4375//4375 4373//4373 4279//4279
f 4376//4376 4280//4280 4374//4374
f 4281//4281 4375//4375 4279//4279
f 4282//4282 4280//4280 4376//4376
f 4377//4377 4375//4375 4281//4281
f 4378//4378 4282//4282 4376//4376
f 4283//4283 4377//4377 4281//4281
f 4284//4284 4282//4282 4378//4378
f 4379//4379 4377//4377 4283//4283
f 4380//4380 4284//4284 4378//4378
f 4381//4381 4379//4379 4283//4283
f 4382//4382 4284//4284 4380//4380
f 4285//4285 4381//4381 4283//4283
f 4286//4286 4284//4284 4382//4382
f 4383//4383 4381//4381 4285//4285
f 4384//4384 4286//4286 4382//4382
f 4287//4287 4383//4383 4285//4285
f 4288//4288 4286//4286 4384//4384
f 4385//4385 4383//4383 4287//4287
f 4386//4386 4288//4288 4384//4384
f 4289//4289 4385//4385 4287//4287
f 4290//4290 4288//4288 4386//4386
f 4387//4387 4385//4385 4289//4289
f 4388//4388 4290//4290 4386//4386
f 4291//4291 4387//4387 4289//4289
f 4292//4292 4290//4290 4388//4388
f 4389//4389 4387//4387 4291//4291
f 4390//4390 4292//4292 4388//4388
f 4293//4293 4389//4389 4291//4291
f 4294//4294 4292//4292 4390//4390
f 4391//4391 4389//4389 4293//4293
f 4392//4392 4294//4294 4390//4390
f 4295//4295 4391//4391 4293//4293
f 4296//4296 4294//4294 4392//4392
f 4393//4393 4391//4391 4295//4295
f 4394//4394 4296//4296 4392//4392
f 4297//4297 4393//4393 4295//4295
f 4298//4298 4296//4296 4394//4394
f 4395//4395 4393//4393 4297//4297
f 4396//4396 4298//4298 4394//4394
f 4299//4299 4395//4395 4297//4297
f 4300//4300 4298//4298 4396//4396
f 4397//4397 4395//4395 4299//4299
f 4398//4398 4300//4300 4396//4396
f 4301//4301 4397//4397 4299//4299
f 4302//4302 4300//4300 4398//4398
f 4399//4399 4397//4397 4301//4301
f 4400//4400 4302//4302 4398//4398
f 4303//4303 4399//4399 4301//4301
f 4304//4304 4302//4302 4400//4400
f 4401//4401 4399//4399 4303//4303
f 4402//4402 4304//4304 4400//4400
f 4305//4305 4401//4401 4303//4303
f 4306//4306 4304//4304 4402//4402
f 4307//4307 4401//4401 4305//4305
f 4308//4308 4306//4306 4402//4402
f 4403//4403 4401//4401 4307//4307
f 4404//4404 4308//4308 4402//4402
f 4309//4309 4403//4403 4307//4307
f 4310//4310 4308//4308 4404//4404
f 4405//4405 4403//4403 4309//4309
f 4406//4406 4310//4310 4404//4404
f 4311//4311 4405//4405 4309//4309
f 4312//4312 4310//4310 4406//4406
f 4407//4407 4405//4405 4311//4311
f 4408//4408 4312//4312 4406//4406
f 4313//4313 4407//4407 4311//4311
f 4314//4314 4312//4312 4408//4408
f 4409//4409 4407//4407 4313//4313
f 4410//4410 4314//4314 4408//4408
f 4315//4315 4409//4409 4313//4313
f 4316//4316 4314//4314 4410//4410
f 4411//4411 4409//4409 4315//4315
f 4412//4412 4316//4316 4410//4410
f 4317//4317 4411//4411 4315//4315
f 4318//4318 4316//4316 4412//4412
f 4413//4413 4411//4411 4317//4317
f 4414//4414 4318//4318 4412//4412
f 4319//4319 4413//4413 4317//4317
f 4320//4320 4318//4318 4414//4414
f 4415//4415 4413//4413 4319//4319
f 4416//4416 4320//4320 4414//4414
f 4321//4321 4415//4415 4319//4319
f 4322//4322 4320//4320 4416//4416
f 4417//4417 4415//4415 4321//4321
f 4418//4418 4322//4322 4416//4416
f 4323//4323 4417//4417 4321//4321
f 4324//4324 4322//4322 4418//4418
f 4419//4419 4417//4417 4323//4323
f 4420//4420 4324//4324 4418//4418
f 4325//4325 4419//4419 4323//4323
f 4326//4326 4324//4324 4420//4420
f 4421//4421 4419//4419 4325//4325
f 4422//4422 4326//4326 4420//4420
f 4327//4327 4421//4421 4325//4325
f 4328//4328 4326//4326 4422//4422
f 4423//4423 4421//4421 4327//4327
f 4424//4424 4328//4328 4422//4422
f 4329//4329 4423//4423 4327//4327
f 4330//4330 4328//4328 4424//4424
f 4425//4425 4423//4423 4329//4329
f 4426//4426 4330//4330 4424//4424
f 4331//4331 4425//4425 4329//4329
f 4332//4332 4330//4330 4426//4426
f 4427//4427 4425//4425 4331//4331
f 4428//4428 4332//4332 4426//4426
f 4333//4333 4427//4427 4331//4331
f 4334//4334 4332//4332 4428//4428
f 4429//4429 4427//4427 4333//4333
f 4430//4430 4334//4334 4428//4428
f 4335//4335 4429//4429 4333//4333
f 4336//4336 4334//4334 4430//4430
f 4431//4431 4429//4429 4335//4335
f 4432//4432 4336//4336 4430//4430
f 4337//4337 4431//4431 4335//4335
f 4338//4338 4336//4336 4432//4432
f 4433//4433 4431//4431 4337//4337
f 4434//4434 4338//4338 4432//4432
f 4339//4339 4433//4433 4337//4337
f 4340//4340 4338//4338 4434//4434
f 4435//4435 4433//4433 4339//4339
f 4436//4436 4340//4340 4434//4434
f 4341//4341 4435//4435 4339//4339
f 4342//4342 4340//4340 4436//4436
f 4437//4437 4435//4435 4341//4341
f 4438//4438 4342//4342 4436//4436
f 4343//4343 4437//4437 4341//4341
f 4344//4344 4342//4342 4438//4438
f 4439//4439 4437//4437 4343//4343
f 4440//4440 4344//4344 4438//4438
f 4345//4345 4439//4439 4343//4343
f 4346//4346 4344//4344 4440//4440
f 4441//4441 4439//4439 4345//4345
f 4442//4442 4346//4346 4440//4440
f 4347//4347 4441//4441 4345//4345
f 4348//4348 4346//4346 4442//4442
f 4443//4443 4441//4441 4347//4347
f 4444//4444 4348//4348 4442//4442
f 4349//4349 4443//4443 4347//4347
f 4350//4350 4348//4348 4444//4444
f 4445//4445 4443//4443 4349//4349
f 4446//4446 4350//4350 4444//4444
f 4351//4351 4445//4445 4349//4349
f 4352//4352 4350//4350 4446//4446
f 4447//4447 4445//4445 4351//4351
f 4448//4448 4352//4352 4446//4446
f 4353//4353 4447//4447 4351//4351
f 4354//4354 4352//4352 4448//4448
f 4449//4449 4447//4447 4353//4353
f 4450//4450 4354//4354 4448//4448
f 4355//4355 4449//4449 4353//4353
f 4356//4356 4354//4354 4450//4450
f 4451//4451 4449//4449 4355//4355
f 4452//4452 4356//4356 4450//4450
f 4453//4453 4451//4451 4355//4355
f 4454//4454 4356//4356 4452//4452
f 4357//4357 4453//4453 4355//4355
f 4358//4358 4356//4356 4454//4454
f 4697//4697 4453//4453 4357//4357
f 4697//4697 4358//4358 4454//4454
f 4359//4359 4697//4697 4357//4357
f 4360//4360 4358//4358 4697//4697
f 4361//4361 4697//4697 4359//4359
f 4362//4362 4360//4360 4697//4697
f 4363//4363 4697//4697 4361//4361
f 4364//4364 4362//4362 4697//4697
f 4365//4365 4697//4697 4363//4363
f 4366//4366 4364//4364 4697//4697
f 4695//4695 4697//4697 4365//4365
f 4695//4695 4366//4366 4697//4697
f 4367//4367 4698//4698 4696//4696
f 4368//4368 4696//4696 4698//4698
f 4369//4369 4698//4698 4367//4367
f 4370//4370 4368//4368 4698//4698
f 4371//4371 4698//4698 4369//4369
f 4372//4372 4370//4370 4698//4698
f 4373//4373 4698//4698 4371//4371
f 4374//4374 4372//4372 4698//4698
f 4375//4375 4698//4698 4373//4373
f 4376//4376 4374//4374 4698//4698
f 4377//4377 4698//4698 4375//4375
f 4378//4378 4376//4376 4698//4698
f 4379//4379 4698//4698 4377//4377
f 4380//4380 4378//4378 4698//4698
f 4455//4455 4698//4698 4379//4379
f 4456//4456 4380//4380 4698//4698
f 4381//4381 4455//4455 4379//4379
f 4382//4382 4380//4380 4456//4456
f 4457//4457 4455//4455 4381//4381
f 4458//4458 4382//4382 4456//4456
f 4459//4459 4457//4457 4381//4381
f 4460//4460 4382//4382 4458//4458
f 4383//4383 4459//4459 4381//4381
f 4384//4384 4382//4382 4460//4460
f 4461//4461 4459//4459 4383//4383
f 4462//4462 4384//4384 4460//4460
f 4385//4385 4461//4461 4383//4383
f 4386//4386 4384//4384 4462//4462
f 4463//4463 4461//4461 4385//4385
f 4464//4464 4386//4386 4462//4462
f 4387//4387 4463//4463 4385//4385
f 4388//4388 4386//4386 4464//4464
f 4465//4465 4463//4463 4387//4387
f 4466//4466 4388//4388 4464//4464
f 4389//4389 4465//4465 4387//4387
f 4390//4390 4388//4388 4466//4466
f 4467//4467 4465//4465 4389//4389
f 4468//4468 4390//4390 4466//4466
f 4391//4391 4467//4467 4389//4389
f 4392//4392 4390//4390 4468//4468
f 4469//4469 4467//4467 4391//4391
f 4470//4470 4392//4392 4468//4468
f 4393//4393 4469//4469 4391//4391
f 4394//4394 4392//4392 4470//4470
f 4471//4471 4469//4469 4393//4393
f 4472//4472 4394//4394 4470//4470
f 4395//4395 4471//4471 4393//4393
f 4396//4396 4394//4394 4472//4472
f 4473//4473 4471//4471 4395//4395
f 4474//4474 4396//4396 4472//4472
f 4397//4397 4473//4473 4395//4395
f 4398//4398 4396//4396 4474//4474
f 4475//4475 4473//4473 4397//4397
f 4476//4476 4398//4398 4474//4474
f 4399//4399 4475//4475 4397//4397
f 4400//4400 4398//4398 4476//4476
f 4477//4477 4475//4475 4399//4399
f 4478//4478 4400//4400 4476//4476
f 4401//4401 4477//4477 4399//4399
f 4402//4402 4400//4400 4478//4478
f 4479//4479 4477//4477 4401//4401
f 4480//4480 4402//4402 4478//4478
f 4403//4403 4479//4479 4401//4401
f 4404//4404 4402//4402 4480//4480
f 4481//4481 4479//4479 4403//4403
f 4482//4482 4404//4404 4480//4480
f 4405//4405 4481//4481 4403//4403
f 4406//4406 4404//4404 4482//4482
f 4483//4483 4481//4481 4405//4405
f 4484//4484 4406//4406 4482//4482
f 4407//4407 4483//4483 4405//4405
f 4408//4408 4406//4406 4484//4484
f 4485//4485 4483//4483 4407//4407
f 4486//4486 4408//4408 4484//4484
f 4409//4409 4485//4485 4407//4407
f 4410//4410 4408//4408 4486//4486
f 4487//4487 4485//4485 4409//4409
f 4488//4488 4410//4410 4486//4486
f 4411//4411 4487//4487 4409//4409
f 4412//4412 4410//4410 4488//4488
f 4489//4489 4487//4487 4411//4411
f 4490//4490 4412//4412 4488//4488
f 4413//4413 4489//4489 4411//4411
f 4414//4414 4412//4412 4490//4490
f 4491//4491 4489//4489 4413//4413
f 4492//4492 4414//4414 4490//4490
f 4415//4415 4491//4491 4413//4413
f 4416//4416 4414//4414 4492//4492
f 4493//4493 4491//4491 4415//4415
f 4494//4494 4416//4416 4492//4492
f 4417//4417 4493//4493 4415//4415
f 4418//4418 4416//4416 4494//4494
f 4495//4495 4493//4493 4417//4417
f 4496//4496 4418//4418 4494//4494
f 4419//4419 4495//4495 4417//4417
f 4420//4420 4418//4418 4496//4496
f 4497//4497 4495//4495 4419//4419
f 4498//4498 4420//4420 4496//4496
f 4421//4421 4497//4497 4419//4419
f 4422//4422 4420//4420 4498//4498
f 4499//4499 4497//4497 4421//4421
f 4500//4500 4422//4422 4498//4498
f 4423//4423 4499//4499 4421//4421
f 4424//4424 4422//4422 4500//4500
f 4501//4501 4499//4499 4423//4423
f 4502//4502 4424//4424 4500//4500
f 4425//4425 4501//4501 4423//4423
f 4426//4426 4424//4424 4502//4502
f 4503//4503 4501//4501 4425//4425
f 4504//4504 4426//4426 4502//4502
f 4427//4427 4503//4503 4425//4425
f 4428//4428 4426//4426 4504//4504
f 4505//4505 4503//4503 4427//4427
f 4506//4506 4428//4428 4504//4504
f 4429//4429 4505//4505 4427//4427
f 4430//4430 4428//4428 4506//4506
f 4507//4507 4505//4505 4429//4429
f 4508//4508 4430//4430 4506//4506
f 4431//4431 4507//4507 4429//4429
f 4432//4432 4430//4430 4508//4508
f 4509//4509 4507//4507 4431//4431
f 4510//4510 4432//4432 4508//4508
f 4433//4433 4509//4509 4431//4431
f 4434//4434 4432//4432 4510//4510
f 4511//4511 4509//4509 4433//4433
f 4512//4512 4434//4434 4510//4510
f 4435//4435 4511//4511 4433//4433
f 4436//4436 4434//4434 4512//4512
f 4513//4513 4511//4511 4435//4435
f 4514//4514 4436//4436 4512//4512
f 4437//4437 4513//4513 4435//4435
f 4438//4438 4436//4436 4514//4514
f 4515//4515 4513//4513 4437//4437
f 4516//4516 4438//4438 4514//4514
f 4439//4439 4515//4515 4437//4437
f 4440//4440 4438//4438 4516//4516
f 4517//4517 4515//4515 4439//4439
f 4518//4518 4440//4440 4516//4516
f 4441//4441 4517//4517 4439//4439
f 4442//4442 4440//4440 4518//4518
f 4699//4699 4517//4517 4441//4441
f 4699//4699 4442//4442 4518//4518
f 4443//4443 4699//4699 4441//4441
f 4444//4444 4442//4442 4699//4699
f 4445//4445 4699//4699 4443//4443
f 4446//4446 4444//4444 4699//4699
f 4447//4447 4699//4699 4445//4445
f 4448//4448 4446//4446 4699//4699
f 4449//4449 4699//4699 4447//4447
f 4450//4450 4448//4448 4699//4699
f 4451//4451 4699//4699 4449//4449
f 4452//4452 4450//4450 4699//4699
f 4453//4453 4699//4699 4451//4451
f 4454//4454 4452//4452 4699//4699
f 4697//4697 4699//4699 4453//4453
f 4697//4697 4454//4454 4699//4699
f 4455//4455 4700//4700 4698//4698
f 4456//4456 4698//4698 4700//4700
f 4457//4457 4700//4700 4455//4455
f 4458//4458 4456//4456 4700//4700
f 4459//4459 4700//4700 4457//4457
f 4460//4460 4458//4458 4700//4700
f 4461//4461 4700//4700 4459//4459
f 4462//4462 4460//4460 4700//4700
f 4463//4463 4700//4700 4461//4461
f 4464//4464 4462//4462 4700//4700
f 4465//4465 4700//4700 4463//4463
f 4466//4466 4464//4464 4700//4700
f 4519//4519 4700//4700 4465//4465
f 4520//4520 4466//4466 4700//4700
f 4467//4467 4519//4519 4465//4465
f 4468//4468 4466//4466 4520//4520
f 4521//4521 4519//4519 4467//4467
f 4522//4522 4468//4468 4520//4520
f 4469//4469 4521//4521 4467//4467
f 4470//4470 4468//4468 4522//4522
f 4523//4523 4521//4521 4469//4469
f 4524//4524 4470//4470 4522//4522
f 4471//4471 4523//4523 4469//4469
f 4472//4472 4470//4470 4524//4524
f 4525//4525 4523//4523 4471//4471
f 4526//4526 4472//4472 4524//4524
f 4473//4473 4525//4525 4471//4471
f 4474//4474 4472//4472 4526//4526
f 4527//4527 4525//4525 4473//4473
f 4528//4528 4474//4474 4526//4526
f 4475//4475 4527//4527 4473//4473
f 4476//4476 4474//4474 4528//4528
f 4529//4529 4527//4527 4475//4475
f 4530//4530 4476//4476 4528//4528
f 4477//4477 4529//4529 4475//4475
f 4478//4478 4476//4476 4530//4530
f 4531//4531 4529//4529 4477//4477
f 4532//4532 4478//4478 4530//4530
f 4479//4479 4531//4531 4477//4477
f 4480//4480 4478//4478 4532//4532
f 4533//4533 4531//4531 4479//4479
f 4534//4534 4480//4480 4532//4532
f 4481//4481 4533//4533 4479//4479
f 4482//4482 4480//4480 4534//4534
f 4535//4535 4533//4533 4481//4481
f 4536//4536 4482//4482 4534//4534
f 4483//4483 4535//4535 4481//4481
f 4484//4484 4482//4482 4536//4536
f 4537//4537 4535//4535 4483//4483
f 4538//4538 4484//4484 4536//4536
f 4485//4485 4537//4537 4483//4483
f 4486//4486 4484//4484 4538//4538
f 4539//4539 4537//4537 4485//4485
f 4540//4540 4486//4486 4538//4538
f 4487//4487 4539//4539 4485//4485
f 4488//4488 4486//4486 4540//4540
f 4541//4541 4539//4539 4487//4487
f 4542//4542 4488//4488 4540//4540
f 4489//4489 4541//4541 4487//4487
f 4490//4490 4488//4488 4542//4542
f 4543//4543 4541//4541 4489//4489
f 4544//4544 4490//4490 4542//4542
f 4491//4491 4543//4543 4489//4489
f 4492//4492 4490//4490 4544//4544
f 4545//4545 4543//4543 4491//4491
f 4546//4546 4492//4492 4544//4544
f 4493//4493 4545//4545 4491//4491
f 4494//4494 4492//4492 4546//4546
f 4547//4547 4545//4545 4493//4493
f 4548//4548 4494//4494 4546//4546
f 4495//4495 4547//4547 4493//4493
f 4496//4496 4494//4494 4548//4548
f 4549//4549 4547//4547 4495//4495
f 4550//4550 4496//4496 4548//4548
f 4497//4497 4549//4549 4495//4495
f 4498//4498 4496//4496 4550//4550
f 4551//4551 4549//4549 4497//4497
f 4552//4552 4498//4498 4550//4550
f 4499//4499 4551//4551 4497//4497
f 4500//4500 4498//4498 4552//4552
f 4553//4553 4551//4551 4499//4499
f 4554//4554 4500//4500 4552//4552
f 4501//4501 4553//4553 4499//4499
f 4502//4502 4500//4500 4554//4554
f 4555//4555 4553//4553 4501//4501
f 4556//4556 4502//4502 4554//4554
f 4503//4503 4555//4555 4501//4501
f 4504//4504 4502//4502 4556//4556
f 4557//4557 4555//4555 4503//4503
f 4558//4558 4504//4504 4556//4556
f 4505//4505 4557//4557 4503//4503
f 4506//4506 4504//4504 4558//4558
f 4559//4559 4557//4557 4505//4505
f 4560//4560 4506//4506 4558//4558
f 4507//4507 4559//4559 4505//4505
f 4508//4508 4506//4506 4560//4560
f 4561//4561 4559//4559 4507//4507
f 4562//4562 4508//4508 4560//4560
f 4509//4509 4561//4561 4507//4507
f 4510//4510 4508//4508 4562//4562
f 4701//4701 4561//4561 4509//4509
f 4701//4701 4510//4510 4562//4562
f 4511//4511 4701//4701 4509//4509
f 4512//4512 4510//4510 4701//4701
f 4513//4513 4701//4701 4511//4511
f 4514//4514 4512//4512 4701//4701
f 4515//4515 4701//4701 4513//4513
f 4516//4516 4514//4514 4701//4701
f 4517//4517 4701//4701 4515//4515
f 4518//4518 4516//4516 4701//4701
f 4699//4699 4701//4701 4517//4517
f 4699//4699 4518//4518 4701//4701
f 4519//4519 4702//4702 4700//4700
f 4520//4520 4700//4700 4702//4702
f 4521//4521 4702//4702 4519//4519
f 4522//4522 4520//4520 4702//4702
f 4523//4523 4702//4702 4521//4521
f 4524//4524 4522//4522 4702//4702
f 4525//4525 4702//4702 4523//4523
f 4526//4526 4524//4524 4702//4702
f 4703//4703 4702//4702 4525//4525
f 4703//4703 4526//4526 4702//4702
f 4527//4527 4703//4703 4525//4525
f 4528//4528 4526//4526 4703//4703
f 4704//4704 4703//4703 4527//4527
f 4704//4704 4528//4528 4703//4703
f 4529//4529 4704//4704 4527//4527
f 4530//4530 4528//4528 4704//4704
f 4705//4705 4704//4704 4529//4529
f 4705//4705 4530//4530 4704//4704
f 4531//4531 4705//4705 4529//4529
f 4532//4532 4530//4530 4705//4705
f 4706//4706 4705//4705 4531//4531
f 4706//4706 4532//4532 4705//4705
f 4533//4533 4706//4706 4531//4531
f 4534//4534 4532//4532 4706//4706
f 4707//4707 4706//4706 4533//4533
f 4707//4707 4534//4534 4706//4706
f 4535//4535 4707//4707 4533//4533
f 4536//4536 4534//4534 4707//4707
f 4708//4708 4707//4707 4535//4535
f 4708//4708 4536//4536 4707//4707
f 4537//4537 4708//4708 4535//4535
f 4538//4538 4536//4536 4708//4708
f 4709//4709 4708//4708 4537//4537
f 4709//4709 4538//4538 4708//4708
f 4539//4539 4709//4709 4537//4537
f 4540//4540 4538//4538 4709//4709
f 4710//4710 4709//4709 4539//4539
f 4710//4710 4540//4540 4709//4709
f 4541//4541 4710//4710 4539//4539
f 4542//4542 4540//4540 4710//4710
f 4711//4711 4710//4710 4541//4541
f 4711//4711 4542//4542 4710//4710
f 4543//4543 4711//4711 4541//4541
f 4544//4544 4542//4542 4711//4711
f 4712//4712 4711//4711 4543//4543
f 4712//4712 4544//4544 4711//4711
f 4545//4545 4712//4712 4543//4543
f 4546//4546 4544//4544 4712//4712
f 4713//4713 4712//4712 4545//4545
f 4713//4713 4546//4546 4712//4712
f 4547//4547 4713//4713 4545//4545
f 4548//4548 4546//4546 4713//4713
f 4714//4714 4713//4713 4547//4547
f 4714//4714 4548//4548 4713//4713
f 4549//4549 4714//4714 4547//4547
f 4550//4550 4548//4548 4714//4714
f 4715//4715 4714//4714 4549//4549
f 4715//4715 4550//4550 4714//4714
f 4551//4551 4715//4715 4549//4549
f 4552//4552 4550//4550 4715//4715
f 4716//4716 4715//4715 4551//4551
f 4716//4716 4552//4552 4715//4715
f 4553//4553 4716//4716 4551//4551
f 4554//4554 4552//4552 4716//4716
f 4717//4717 4716//4716 4553//4553
f 4717//4717 4554//4554 4716//4716
f 4555//4555 4717//4717 4553//4553
f 4556//4556 4554//4554 4717//4717
f 4557//4557 4717//4717 4555//4555
f 4558//4558 4556//4556 4717//4717
f 4559//4559 4717//4717 4557//4557
f 4560//4560 4558//4558 4717//4717
f 4561//4561 4717//4717 4559//4559
f 4562//4562 4560//4560 4717//4717
f 4701//4701 4717//4717 4561//4561
f 4701//4701 4562//4562 4717//4717
