# This file uses centimeters as units for non-parametric coordinates.

mtllib MF_Xiao_ma_Damuzhi_ty02.mtl
g default
v -4.850503 -2.163199 19.546085
v 0.000000 -0.480514 22.795492
v -0.197062 -0.483935 22.791067
v -0.412402 -0.495169 22.776361
v -0.617539 -0.512790 22.752937
v -0.821582 -0.536696 22.720621
v -1.024131 -0.566451 22.679689
v -1.224275 -0.601515 22.630556
v -1.422263 -0.641540 22.573370
v -1.617738 -0.686099 22.508394
v -1.810346 -0.734765 22.435886
v -1.999731 -0.787111 22.356110
v -2.185537 -0.842709 22.269321
v -2.367407 -0.901131 22.175785
v -2.544987 -0.961950 22.075758
v -2.717921 -1.024739 21.969500
v -2.885854 -1.089071 21.857273
v -3.041637 -1.151720 21.744461
v -3.204526 -1.220346 21.616653
v -3.354751 -1.286616 21.489164
v -3.499618 -1.353402 21.356831
v -3.639247 -1.420617 21.219915
v -3.773799 -1.488191 21.078638
v -3.903987 -1.556358 20.932558
v -4.029253 -1.624693 20.782637
v -4.149719 -1.693106 20.629137
v -4.265510 -1.761510 20.472321
v -4.376750 -1.829815 20.312450
v -4.483561 -1.897933 20.149794
v -4.586067 -1.965775 19.984612
v -4.684392 -2.033252 19.817167
v -4.778659 -2.100276 19.647726
v -4.868993 -2.166757 19.476551
v 0.000000 -0.387100 22.346004
v -0.199216 -0.390538 22.341871
v -0.416925 -0.401857 22.328133
v -0.624349 -0.419657 22.306240
v -0.830709 -0.443871 22.276028
v -1.035615 -0.474095 22.237747
v -1.238161 -0.509821 22.191778
v -1.438610 -0.550733 22.138258
v -1.636617 -0.596437 22.077425
v -1.831836 -0.646538 22.009518
v -2.023921 -0.700641 21.934771
v -2.212527 -0.758351 21.853424
v -2.397307 -0.819272 21.765715
v -2.577915 -0.883010 21.671881
v -2.754007 -0.949170 21.572159
v -2.925234 -1.017356 21.466787
v -3.084312 -1.084180 21.360817
v -3.250925 -1.157885 21.240707
v -3.404842 -1.229555 21.120832
v -3.553499 -1.302256 20.996342
v -3.696990 -1.375892 20.867472
v -3.835448 -1.450384 20.734421
v -3.969577 -1.525991 20.596769
v -4.098772 -1.602243 20.455412
v -4.223126 -1.679040 20.310591
v -4.342738 -1.756283 20.162542
v -4.457700 -1.833872 20.011511
v -4.568110 -1.911707 19.857735
v -4.674062 -1.989688 19.701456
v -4.775652 -2.067716 19.542917
v -4.872976 -2.145690 19.382355
v -4.966129 -2.223511 19.220013
v 0.000000 -0.297785 21.897226
v -0.201254 -0.301241 21.893379
v -0.421206 -0.312644 21.880583
v -0.630793 -0.330620 21.860182
v -0.839347 -0.355137 21.832018
v -1.046484 -0.385820 21.796320
v -1.251302 -0.422191 21.753437
v -1.454080 -0.463967 21.703491
v -1.654483 -0.510784 21.646700
v -1.852172 -0.562279 21.583275
v -2.046813 -0.618087 21.513437
v -2.238067 -0.677845 21.437399
v -2.425600 -0.741188 21.355377
v -2.609072 -0.807753 21.267590
v -2.788149 -0.877175 21.174252
v -2.962494 -0.949092 21.075577
v -3.124687 -1.019954 20.976294
v -3.294821 -1.098572 20.863705
v -3.452229 -1.175460 20.751278
v -3.604468 -1.253879 20.634459
v -3.751607 -1.333718 20.513460
v -3.893753 -1.414893 20.388462
v -4.031600 -1.497685 20.259062
v -4.164497 -1.581581 20.126095
v -4.292513 -1.666472 19.989777
v -4.415716 -1.752247 19.850327
v -4.534174 -1.838795 19.707962
v -4.647955 -1.926005 19.562902
v -4.757129 -2.013767 19.415367
v -4.861763 -2.101970 19.265575
v -4.961926 -2.190503 19.113743
v -5.057685 -2.279256 18.960089
v 0.000000 -0.213101 21.452185
v -0.203166 -0.216574 21.448612
v -0.425220 -0.228062 21.436729
v -0.636837 -0.246211 21.417776
v -0.847447 -0.271023 21.391603
v -1.056677 -0.302152 21.358416
v -1.263624 -0.339148 21.318533
v -1.468586 -0.381760 21.272060
v -1.671232 -0.429651 21.219198
v -1.871236 -0.482489 21.160137
v -2.068269 -0.539939 21.095076
v -2.262004 -0.601667 21.024208
v -2.452112 -0.667337 20.947729
v -2.638265 -0.736616 20.865835
v -2.820135 -0.809169 20.778721
v -2.997394 -0.884662 20.686583
v -3.162500 -0.959394 20.593826
v -3.335926 -1.042717 20.488586
v -3.496594 -1.124604 20.383438
v -3.652179 -1.208495 20.274118
v -3.802722 -1.294271 20.160822
v -3.948305 -1.381838 20.043711
v -4.089615 -1.471501 19.922400
v -4.225957 -1.562706 19.797659
v -4.357374 -1.655333 19.669685
v -4.483908 -1.749260 19.538681
v -4.605601 -1.844366 19.404839
v -4.722497 -1.940529 19.268358
v -4.834637 -2.037629 19.129435
v -4.942064 -2.135544 18.988268
v -5.044820 -2.234153 18.845053
v -5.142949 -2.333335 18.699989
v 0.000000 -0.131978 21.005629
v -0.204976 -0.135469 21.002331
v -0.429022 -0.147041 20.991348
v -0.642560 -0.165363 20.973824
v -0.855116 -0.190467 20.949614
v -1.066325 -0.222037 20.918901
v -1.275288 -0.259647 20.881981
v -1.482313 -0.303076 20.838942
v -1.687080 -0.352016 20.789965
v -1.889270 -0.406163 20.735220
v -2.088563 -0.465210 20.674887
v -2.284638 -0.528851 20.609138
v -2.477175 -0.596780 20.538153
v -2.665855 -0.668690 20.462103
v -2.850357 -0.744276 20.381165
v -3.030361 -0.823230 20.295515
v -3.198208 -0.901706 20.209248
v -3.374730 -0.989578 20.111315
v -3.538465 -1.076294 20.013412
v -3.697192 -1.165470 19.911566
v -3.850929 -1.256977 19.805952
v -3.999735 -1.350712 19.696712
v -4.144287 -1.447003 19.583481
v -4.283850 -1.545255 19.466970
v -4.418440 -1.645338 19.347357
v -4.548076 -1.747120 19.224819
v -4.672775 -1.850469 19.099533
v -4.792555 -1.955254 18.971676
v -4.907433 -2.061342 18.841423
v -5.017427 -2.168602 18.708954
v -5.122555 -2.276903 18.574444
v -5.222834 -2.386113 18.438072
v 0.000000 -0.054234 20.556684
v -0.206689 -0.057744 20.553656
v -0.432620 -0.069402 20.543566
v -0.647976 -0.087898 20.527458
v -0.862373 -0.113293 20.505196
v -1.075453 -0.145298 20.476944
v -1.286319 -0.183512 20.442965
v -1.495294 -0.227742 20.403341
v -1.702063 -0.277708 20.358229
v -1.906315 -0.333132 20.307783
v -2.107736 -0.393734 20.252161
v -2.306015 -0.459234 20.191521
v -2.500838 -0.529355 20.126015
v -2.691892 -0.603815 20.055805
v -2.878866 -0.682337 19.981043
v -3.061446 -0.764641 19.901888
v -3.231865 -0.846736 19.822123
v -3.411287 -0.939002 19.731520
v -3.577892 -1.030378 19.640892
v -3.739557 -1.124652 19.546558
v -3.896278 -1.221685 19.448675
v -4.048090 -1.321365 19.347366
v -4.195660 -1.424039 19.242289
v -4.338215 -1.529077 19.134092
v -4.475748 -1.636335 19.022938
v -4.608253 -1.745672 18.908979
v -4.735723 -1.856947 18.792377
v -4.858152 -1.970017 18.673288
v -4.975534 -2.084739 18.551868
v -5.087863 -2.200973 18.428278
v -5.195133 -2.318576 18.302671
v -5.297336 -2.437407 18.175207
v 0.000000 0.056875 19.872293
v -0.209096 0.053334 19.869669
v -0.437672 0.041543 19.860922
v -0.655579 0.022781 19.846951
v -0.872559 -0.003052 19.827625
v -1.088261 -0.035707 19.803091
v -1.301792 -0.074818 19.773567
v -1.513491 -0.120232 19.739117
v -1.723055 -0.171706 19.699875
v -1.930181 -0.229001 19.655968
v -2.134565 -0.291874 19.607527
v -2.335906 -0.360085 19.554684
v -2.533899 -0.433391 19.497566
v -2.728241 -0.511553 19.436310
v -2.918630 -0.594328 19.371040
v -3.104761 -0.681476 19.301895
v -3.278717 -0.768797 19.232168
v -3.462122 -0.867400 19.152920
v -3.632655 -0.965490 19.073595
v -3.798332 -1.067100 18.990973
v -3.959112 -1.172074 18.905186
v -4.114995 -1.280285 18.816338
v -4.266635 -1.392109 18.724119
v -4.413201 -1.506856 18.629097
v -4.554650 -1.624364 18.531406
v -4.690939 -1.744472 18.431177
v -4.822027 -1.867018 18.328548
v -4.947869 -1.991836 18.223648
v -5.068424 -2.118763 18.116602
v -5.183648 -2.247632 18.007551
v -5.293498 -2.378273 17.896618
v -5.397934 -2.510518 17.783930
v 0.000000 0.144656 19.295053
v -0.210960 0.141087 19.292768
v -0.441585 0.129179 19.285151
v -0.661467 0.110192 19.272974
v -0.880443 0.083990 19.256126
v -1.098171 0.050795 19.234726
v -1.313757 0.010946 19.208963
v -1.527554 -0.035435 19.178888
v -1.739266 -0.088135 19.144615
v -1.948596 -0.146943 19.106249
v -2.155248 -0.211647 19.063900
v -2.358926 -0.282034 19.017679
v -2.559335 -0.357892 18.967695
v -2.756176 -0.439010 18.914061
v -2.949155 -0.525176 18.856882
v -3.137975 -0.616176 18.796274
v -3.314603 -0.707647 18.735126
v -3.501010 -0.811274 18.665592
v -3.674501 -0.914681 18.595947
v -3.843189 -1.022093 18.523365
v -4.007008 -1.133340 18.447960
v -4.165935 -1.248286 18.369812
v -4.320609 -1.367329 18.288651
v -4.470156 -1.489731 18.204967
v -4.614507 -1.615317 18.118876
v -4.753594 -1.743914 18.030483
v -4.887344 -1.875342 17.939913
v -5.015690 -2.009424 17.847267
v -5.138560 -2.145980 17.752657
v -5.255884 -2.284827 17.656193
v -5.367593 -2.425782 17.557985
v -5.473618 -2.568657 17.458136
v 0.000000 0.217698 18.784504
v -0.212484 0.214104 18.782518
v -0.444783 0.202089 18.775894
v -0.666276 0.182900 18.765303
v -0.886881 0.156374 18.750645
v -1.106257 0.122709 18.732018
v -1.323514 0.082221 18.709589
v -1.539013 0.035009 18.683392
v -1.752463 -0.018738 18.653528
v -1.963573 -0.078833 18.620083
v -2.172051 -0.145086 18.583155
v -2.377608 -0.217310 18.542833
v -2.579951 -0.295316 18.499212
v -2.778790 -0.378915 18.452385
v -2.973833 -0.467920 18.402445
v -3.164789 -0.562140 18.349482
v -3.343534 -0.657073 18.296024
v -3.532316 -0.764886 18.235207
v -3.708137 -0.872716 18.174267
v -3.879193 -0.984949 18.110722
v -4.045395 -1.101405 18.044670
v -4.206700 -1.221938 17.976185
v -4.363737 -1.346964 17.905014
v -4.515597 -1.475708 17.831594
v -4.662191 -1.607986 17.756018
v -4.803428 -1.743610 17.678373
v -4.939214 -1.882393 17.598764
v -5.069460 -2.024146 17.517284
v -5.194073 -2.168679 17.434019
v -5.312961 -2.315798 17.349066
v -5.426033 -2.465310 17.262516
v -5.533198 -2.617017 17.174459
v 0.000000 0.290264 18.247849
v -0.213979 0.286642 18.246168
v -0.447920 0.274515 18.240555
v -0.670993 0.255115 18.231581
v -0.893191 0.228254 18.219160
v -1.114181 0.194106 18.203365
v -1.333068 0.152968 18.184349
v -1.550225 0.104913 18.162130
v -1.765365 0.050108 18.136795
v -1.978201 -0.011282 18.108416
v -2.188447 -0.079092 18.077074
v -2.395816 -0.153156 18.042841
v -2.600021 -0.233309 18.005800
v -2.800776 -0.319385 17.966022
v -2.997794 -0.411220 17.923594
v -3.190788 -0.508648 17.878584
v -3.371548 -0.607027 17.833149
v -3.562581 -0.719003 17.781441
v -3.740605 -0.831230 17.729618
v -3.913893 -0.948255 17.675570
v -4.082334 -1.069887 17.619375
v -4.245863 -1.195971 17.561104
v -4.405098 -1.326942 17.500536
v -4.559099 -1.461987 17.438044
v -4.707752 -1.600911 17.373711
v -4.850945 -1.743515 17.307613
v -4.988562 -1.889601 17.239836
v -5.120492 -2.038968 17.170465
v -5.246618 -2.191413 17.099581
v -5.366824 -2.346729 17.027262
v -5.480996 -2.504709 16.953594
v -5.589018 -2.665138 16.878656
v 0.000000 0.359640 17.704107
v -0.215414 0.355990 17.702715
v -0.450932 0.343748 17.698059
v -0.675520 0.324135 17.690611
v -0.899246 0.296939 17.680298
v -1.121777 0.262313 17.667183
v -1.342221 0.220534 17.651390
v -1.560957 0.171655 17.632931
v -1.777703 0.115820 17.611883
v -1.992174 0.053173 17.588299
v -2.204089 -0.016142 17.562246
v -2.413164 -0.091982 17.533783
v -2.619118 -0.174202 17.502975
v -2.821666 -0.262661 17.469891
v -3.020526 -0.357215 17.434587
v -3.215416 -0.457722 17.397131
v -3.398046 -0.559408 17.359312
v -3.591163 -0.675381 17.316261
v -3.771224 -0.791831 17.273108
v -3.946570 -0.913462 17.228094
v -4.117071 -1.040076 17.181288
v -4.282645 -1.171511 17.132744
v -4.443899 -1.308223 17.082285
v -4.599864 -1.449369 17.030222
v -4.750403 -1.594745 16.976627
v -4.895388 -1.744149 16.921572
v -5.034678 -1.897377 16.865128
v -5.168144 -2.054225 16.807371
v -5.295645 -2.214484 16.748381
v -5.417046 -2.377946 16.688234
v -5.532206 -2.544397 16.627010
v -5.640985 -2.713621 16.564789
v 0.000000 0.425007 17.159868
v -0.216807 0.421323 17.158760
v -0.453851 0.408950 17.155060
v -0.679905 0.389101 17.149134
v -0.905104 0.361541 17.140926
v -1.129117 0.326406 17.130487
v -1.351050 0.283955 17.117912
v -1.571290 0.234222 17.103214
v -1.789554 0.177332 17.086449
v -2.005563 0.113410 17.067659
v -2.219036 0.042581 17.046894
v -2.429693 -0.035030 17.024204
v -2.637252 -0.119299 16.999641
v -2.841434 -0.210101 16.973251
v -3.041957 -0.307316 16.945086
v -3.238543 -0.410818 16.915194
v -3.422828 -0.515706 16.885002
v -3.617773 -0.635529 16.850624
v -3.799601 -0.756030 16.816154
v -3.976714 -0.882060 16.780188
v -4.148964 -1.013412 16.742775
v -4.316250 -1.149919 16.703964
v -4.479172 -1.292052 16.663610
v -4.636731 -1.438936 16.621965
v -4.788775 -1.590361 16.579081
v -4.935153 -1.746117 16.535019
v -5.075712 -1.905995 16.489838
v -5.210298 -2.069784 16.443604
v -5.338754 -2.237273 16.396379
v -5.460927 -2.408251 16.348236
v -5.576654 -2.582502 16.299240
v -5.685778 -2.759810 16.249466
v 0.000000 0.487750 16.608675
v -0.218212 0.484028 16.607834
v -0.456798 0.471510 16.605028
v -0.684328 0.451404 16.600534
v -0.911007 0.423454 16.594307
v -1.136505 0.387781 16.586386
v -1.359926 0.344627 16.576841
v -1.581660 0.294008 16.565685
v -1.801428 0.236032 16.552954
v -2.018950 0.170808 16.538683
v -2.233947 0.098442 16.522909
v -2.446138 0.019043 16.505671
v -2.655246 -0.067284 16.487003
v -2.860991 -0.160433 16.466942
v -3.063092 -0.260300 16.445524
v -3.261271 -0.366778 16.422791
v -3.447098 -0.474837 16.399824
v -3.643728 -0.598462 16.373663
v -3.827169 -0.722953 16.347431
v -4.005877 -0.853309 16.320057
v -4.179688 -0.989313 16.291573
v -4.348483 -1.130787 16.262026
v -4.512850 -1.278223 16.231297
v -4.671766 -1.430711 16.199587
v -4.825059 -1.588033 16.166931
v -4.972562 -1.749971 16.133385
v -5.114101 -1.916309 16.098995
v -5.249504 -2.086829 16.063812
v -5.378596 -2.261315 16.027895
v -5.501201 -2.439549 15.991304
v -5.617140 -2.621312 15.954097
v -5.726233 -2.806386 15.916342
v 0.000000 0.545767 16.067896
v -0.219626 0.542000 16.067303
v -0.459759 0.529317 16.065329
v -0.688769 0.508925 16.062164
v -0.916927 0.480550 16.057779
v -1.143904 0.444296 16.052198
v -1.368797 0.400396 16.045473
v -1.592001 0.348848 16.037611
v -1.813238 0.289746 16.028635
v -2.032225 0.223184 16.018572
v -2.248684 0.149256 16.007446
v -2.462334 0.068051 15.995283
v -2.672896 -0.020336 15.982106
v -2.880088 -0.115816 15.967943
v -3.083632 -0.218299 15.952820
v -3.283246 -0.327696 15.936759
v -3.470441 -0.438845 15.920531
v -3.668540 -0.566153 15.902040
v -3.853359 -0.694489 15.883492
v -4.033404 -0.828990 15.864135
v -4.208494 -0.969429 15.843986
v -4.378494 -1.115618 15.823081
v -4.543978 -1.268061 15.801336
v -4.703902 -1.425813 15.778897
v -4.858078 -1.588644 15.755786
v -5.006318 -1.756327 15.732046
v -5.148435 -1.928632 15.707710
v -5.284236 -2.105332 15.682821
v -5.413532 -2.286200 15.657419
v -5.536127 -2.471008 15.631552
v -5.651825 -2.659528 15.605268
v -5.760428 -2.851532 15.578620
v 0.000000 0.598220 15.548394
v -0.221060 0.594403 15.548015
v -0.462763 0.581539 15.546747
v -0.693270 0.560836 15.544714
v -0.922920 0.532004 15.541897
v -1.151382 0.495137 15.538310
v -1.377748 0.450457 15.533985
v -1.602414 0.397949 15.528929
v -1.825100 0.337695 15.523151
v -2.045523 0.269778 15.516675
v -2.263400 0.194277 15.509510
v -2.478450 0.111273 15.501674
v -2.690391 0.020845 15.493180
v -2.898939 -0.076928 15.484049
v -3.103812 -0.181968 15.474294
v -3.304729 -0.294199 15.463930
v -3.493140 -0.408332 15.453454
v -3.692520 -0.539179 15.441513
v -3.878516 -0.671189 15.429534
v -4.059673 -0.809635 15.417027
v -4.235795 -0.954275 15.404009
v -4.406735 -1.104910 15.390501
v -4.573052 -1.262054 15.376451
v -4.733683 -1.424727 15.361955
v -4.888423 -1.592685 15.347029
v -5.037069 -1.765687 15.331703
v -5.179418 -1.943489 15.315999
v -5.315260 -2.125850 15.299953
v -5.444391 -2.312529 15.283588
v -5.566598 -2.503283 15.266945
v -5.681672 -2.697869 15.250056
v -5.789395 -2.896047 15.232964
v 0.000000 0.645910 15.042195
v -0.222582 0.642035 15.041993
v -0.465947 0.628962 15.041314
v -0.698037 0.607908 15.040225
v -0.929260 0.578567 15.038714
v -1.159281 0.541024 15.036790
v -1.387183 0.495496 15.034466
v -1.613365 0.441955 15.031748
v -1.837542 0.380476 15.028637
v -2.059427 0.311130 15.025147
v -2.278733 0.233989 15.021282
v -2.495176 0.149125 15.017052
v -2.708469 0.056607 15.012460
v -2.918323 -0.043495 15.007520
v -3.124455 -0.151113 15.002234
v -3.326575 -0.266177 14.996616
v -3.516086 -0.383272 14.990931
v -3.716588 -0.517606 14.984445
v -3.903580 -0.653212 14.977934
v -4.085643 -0.795493 14.971132
v -4.262569 -0.944192 14.964050
v -4.434194 -1.099097 14.956700
v -4.601068 -1.260727 14.949055
v -4.762107 -1.428066 14.941168
v -4.917097 -1.600854 14.933052
v -5.065817 -1.778833 14.924722
v -5.208050 -1.961741 14.916194
v -5.343575 -2.149322 14.907491
v -5.472171 -2.341315 14.898626
v -5.593614 -2.537460 14.889627
v -5.707680 -2.737498 14.880516
v -5.814141 -2.941169 14.871318
v 0.000000 0.689440 14.541333
v -0.224259 0.685497 14.541263
v -0.469456 0.672181 14.541024
v -0.703287 0.650723 14.540641
v -0.936235 0.620804 14.540106
v -1.167958 0.582503 14.539420
v -1.397530 0.536031 14.538589
v -1.625349 0.481356 14.537613
v -1.851123 0.418543 14.536489
v -2.074561 0.347658 14.535223
v -2.295370 0.268766 14.533813
v -2.513258 0.181932 14.532262
v -2.727934 0.087221 14.530571
v -2.939103 -0.015305 14.528740
v -3.146474 -0.125583 14.526772
v -3.349752 -0.243550 14.524674
v -3.540289 -0.363657 14.522540
v -3.741804 -0.501510 14.520094
v -3.929657 -0.640720 14.517632
v -4.112464 -0.786821 14.515054
v -4.290003 -0.939539 14.512362
v -4.462098 -1.098647 14.509566
v -4.629288 -1.264667 14.506654
v -4.790475 -1.436544 14.503650
v -4.945429 -1.614001 14.500563
v -5.093922 -1.796761 14.497397
v -5.235720 -1.984544 14.494165
v -5.370593 -2.177073 14.490878
v -5.498307 -2.374069 14.487543
v -5.618627 -2.575253 14.484177
v -5.731318 -2.780345 14.480791
v -5.836143 -2.989063 14.477400
v 0.000000 0.731220 14.008166
v -0.226265 0.727191 14.008188
v -0.473649 0.713571 14.008263
v -0.709554 0.691612 14.008377
v -0.944551 0.660986 14.008530
v -1.178289 0.621765 14.008718
v -1.409827 0.574162 14.008938
v -1.639561 0.518138 14.009185
v -1.867190 0.453756 14.009454
v -2.092415 0.381077 14.009744
v -2.314933 0.300165 14.010049
v -2.534445 0.211081 14.010367
v -2.750648 0.113885 14.010695
v -2.963242 0.008640 14.011027
v -3.171924 -0.104595 14.011364
v -3.376392 -0.225761 14.011701
v -3.567946 -0.349158 14.012022
v -3.770418 -0.490822 14.012362
v -3.959034 -0.633904 14.012689
v -4.142444 -0.784076 14.013008
v -4.320415 -0.941045 14.013328
v -4.492759 -1.104565 14.013646
v -4.660006 -1.275159 14.013966
v -4.821042 -1.451730 14.014289
v -4.975630 -1.633980 14.014617
v -5.123528 -1.821609 14.014954
v -5.264496 -2.014318 14.015300
v -5.398291 -2.211807 14.015662
v -5.524671 -2.413774 14.016041
v -5.643391 -2.619920 14.016445
v -5.754208 -2.829942 14.016878
v -5.856877 -3.043536 14.017344
v 0.000000 0.772948 13.398275
v -0.228796 0.768807 13.398344
v -0.478939 0.754790 13.398573
v -0.717456 0.732187 13.398933
v -0.955027 0.700655 13.399424
v -1.191288 0.660268 13.400037
v -1.425278 0.611243 13.400765
v -1.657388 0.553538 13.401602
v -1.887305 0.487216 13.402534
v -2.114714 0.412339 13.403562
v -2.339304 0.328971 13.404673
v -2.560760 0.237174 13.405862
v -2.778767 0.137010 13.407123
v -2.993012 0.028541 13.408447
v -3.203181 -0.088173 13.409829
v -3.408957 -0.213068 13.411260
v -3.601586 -0.340271 13.412672
v -3.805012 -0.486310 13.414241
v -3.994327 -0.633801 13.415779
v -4.178215 -0.788578 13.417348
v -4.356432 -0.950322 13.418951
v -4.528783 -1.118765 13.420582
v -4.695785 -1.294428 13.422249
v -4.856312 -1.476168 13.423943
v -5.010119 -1.663659 13.425660
v -5.156956 -1.856577 13.427403
v -5.296572 -2.054599 13.429171
v -5.428716 -2.257399 13.430958
v -5.553139 -2.464651 13.432767
v -5.669588 -2.676031 13.434599
v -5.777812 -2.891211 13.436453
v -5.877560 -3.109864 13.438326
v 0.000000 0.808343 12.780807
v -0.231505 0.804075 12.780915
v -0.484596 0.789616 12.781280
v -0.725900 0.766299 12.781855
v -0.966207 0.733772 12.782641
v -1.205138 0.692115 12.783628
v -1.441709 0.641555 12.784801
v -1.676302 0.582050 12.786150
v -1.908588 0.513671 12.787664
v -2.138238 0.436485 12.789335
v -2.364923 0.350562 12.791150
v -2.588315 0.255971 12.793097
v -2.808084 0.152780 12.795168
v -3.023901 0.041058 12.797349
v -3.235438 -0.079126 12.799631
v -3.442365 -0.207702 12.802002
v -3.635879 -0.338619 12.804346
v -3.840014 -0.488877 12.806954
v -4.029753 -0.640572 12.809513
v -4.213813 -0.799690 12.812126
v -4.391944 -0.965886 12.814789
v -4.563945 -1.138865 12.817494
v -4.730323 -1.319147 12.820251
v -4.889953 -1.505538 12.823041
v -5.042581 -1.697686 12.825856
v -5.187954 -1.895244 12.828691
v -5.325819 -2.097860 12.831540
v -5.455923 -2.305187 12.834397
v -5.578012 -2.516873 12.837256
v -5.691833 -2.732571 12.840113
v -5.797134 -2.951929 12.842958
v -5.893660 -3.174598 12.845789
v 0.000000 0.830003 12.327238
v -0.233506 0.825641 12.327311
v -0.488777 0.810861 12.327553
v -0.732141 0.787027 12.327935
v -0.974473 0.753783 12.328452
v -1.215381 0.711213 12.329097
v -1.453863 0.659553 12.329855
v -1.690297 0.598764 12.330718
v -1.924342 0.528920 12.331677
v -2.155656 0.450093 12.332724
v -2.383899 0.362358 12.333846
v -2.608731 0.265788 12.335036
v -2.829809 0.160457 12.336283
v -3.046793 0.046438 12.337577
v -3.259344 -0.076195 12.338911
v -3.467119 -0.207367 12.340272
v -3.661278 -0.340904 12.341595
v -3.865917 -0.494140 12.343036
v -4.055944 -0.648804 12.344421
v -4.240097 -0.810993 12.345809
v -4.418121 -0.980346 12.347196
v -4.589812 -1.156553 12.348577
v -4.755668 -1.340131 12.349957
v -4.914562 -1.529853 12.351325
v -5.066235 -1.725353 12.352674
v -5.210432 -1.926264 12.354003
v -5.346893 -2.132221 12.355308
v -5.475363 -2.342855 12.356581
v -5.595583 -2.557802 12.357823
v -5.707297 -2.776694 12.359027
v -5.810248 -2.999165 12.360188
v -5.904180 -3.224850 12.361304
v 0.000000 0.847836 11.873496
v -0.235445 0.843381 11.873532
v -0.492826 0.828284 11.873656
v -0.738181 0.803944 11.873848
v -0.982469 0.770001 11.874102
v -1.225283 0.726547 11.874408
v -1.465605 0.673826 11.874759
v -1.703805 0.611803 11.875144
v -1.939531 0.540559 11.875557
v -2.172428 0.460172 11.875988
v -2.402145 0.370722 11.876431
v -2.628329 0.272290 11.876872
v -2.850626 0.164955 11.877307
v -3.068683 0.048797 11.877725
v -3.282149 -0.076104 11.878119
v -3.490670 -0.209669 11.878479
v -3.685375 -0.345605 11.878785
v -3.890405 -0.501552 11.879065
v -4.080611 -0.658907 11.879279
v -4.264747 -0.823866 11.879440
v -4.442557 -0.996053 11.879548
v -4.613832 -1.175145 11.879597
v -4.779068 -1.361657 11.879587
v -4.937133 -1.554335 11.879516
v -5.087766 -1.752796 11.879379
v -5.230710 -1.956660 11.879177
v -5.365703 -2.165546 11.878907
v -5.492485 -2.379072 11.878566
v -5.610796 -2.596859 11.878154
v -5.720377 -2.818524 11.877666
v -5.820968 -3.043686 11.877102
v -5.912307 -3.271967 11.876459
v 0.000000 0.862986 11.416739
v -0.237266 0.858441 11.416752
v -0.496628 0.843044 11.416799
v -0.743853 0.818225 11.416868
v -0.989974 0.783624 11.416956
v -1.234573 0.739338 11.417051
v -1.476616 0.685622 11.417150
v -1.716465 0.622447 11.417246
v -1.953755 0.549898 11.417331
v -2.188123 0.468062 11.417397
v -2.419204 0.377025 11.417441
v -2.646632 0.276875 11.417454
v -2.870044 0.167698 11.417428
v -3.089073 0.049580 11.417358
v -3.303357 -0.077391 11.417237
v -3.512530 -0.213129 11.417058
v -3.707693 -0.351238 11.416826
v -3.913026 -0.509630 11.416503
v -4.103330 -0.669400 11.416121
v -4.287375 -0.836835 11.415670
v -4.464904 -1.011547 11.415150
v -4.635706 -1.193198 11.414558
v -4.800271 -1.382304 11.413894
v -4.957469 -1.577584 11.413159
v -5.107038 -1.778641 11.412354
v -5.248716 -1.985082 11.411477
v -5.382243 -2.196512 11.410529
v -5.507357 -2.412536 11.409511
v -5.623796 -2.632760 11.408421
v -5.731299 -2.856790 11.407259
v -5.829605 -3.084230 11.406025
v -5.918451 -3.314687 11.404718
v 0.000000 0.874825 10.959884
v -0.238928 0.870196 10.959874
v -0.500098 0.854520 10.959845
v -0.749028 0.829261 10.959793
v -0.996822 0.794057 10.959714
v -1.243048 0.749012 10.959601
v -1.486657 0.694391 10.959452
v -1.728006 0.630168 10.959258
v -1.966719 0.556438 10.959018
v -2.202421 0.473293 10.958723
v -2.434735 0.380826 10.958370
v -2.663286 0.279132 10.957955
v -2.887699 0.168303 10.957471
v -3.107596 0.048433 10.956914
v -3.322603 -0.080385 10.956278
v -3.532343 -0.218056 10.955559
v -3.727892 -0.358092 10.954788
v -3.933461 -0.518646 10.953857
v -4.123809 -0.680548 10.952875
v -4.307723 -0.850166 10.951804
v -4.484942 -1.027099 10.950648
v -4.655255 -1.211001 10.949408
v -4.819148 -1.402387 10.948077
v -4.975490 -1.599952 10.946666
v -5.124020 -1.803289 10.945175
v -5.264474 -2.011994 10.943606
v -5.396591 -2.225659 10.941963
v -5.520107 -2.443879 10.940246
v -5.634759 -2.666247 10.938457
v -5.740286 -2.892358 10.936598
v -5.836424 -3.121806 10.934670
v -5.922911 -3.354183 10.932677
v 0.000000 0.883636 10.503036
v -0.240418 0.878929 10.503020
v -0.503208 0.863000 10.502972
v -0.753666 0.837341 10.502892
v -1.002954 0.801590 10.502777
v -1.250633 0.755860 10.502624
v -1.495639 0.700424 10.502428
v -1.738322 0.635261 10.502188
v -1.978296 0.560473 10.501900
v -2.215176 0.476159 10.501560
v -2.448575 0.382420 10.501167
v -2.678108 0.279356 10.500717
v -2.903388 0.167068 10.500207
v -3.124028 0.045656 10.499633
v -3.339643 -0.084780 10.498994
v -3.549848 -0.224139 10.498284
v -3.745695 -0.365849 10.497538
v -3.951419 -0.528273 10.496652
v -4.141750 -0.692010 10.495731
v -4.325484 -0.863498 10.494743
v -4.502364 -1.042328 10.493690
v -4.672177 -1.228144 10.492573
v -4.835405 -1.421462 10.491391
v -4.990922 -1.620956 10.490152
v -5.138466 -1.826213 10.488859
v -5.277774 -2.036815 10.487515
v -5.408584 -2.252348 10.486122
v -5.530634 -2.472396 10.484685
v -5.643662 -2.696543 10.483205
v -5.747406 -2.924375 10.481686
v -5.841603 -3.155474 10.480130
v -5.925992 -3.389427 10.478540
v 0.000000 0.889088 10.043035
v -0.241720 0.884309 10.043021
v -0.505924 0.868153 10.042978
v -0.757715 0.842139 10.042910
v -1.008307 0.805906 10.042811
v -1.257252 0.759571 10.042683
v -1.503472 0.703418 10.042523
v -1.747314 0.637430 10.042330
v -1.988381 0.561716 10.042103
v -2.226279 0.476381 10.041840
v -2.460613 0.381534 10.041539
v -2.690987 0.277280 10.041201
v -2.917006 0.163726 10.040822
v -3.138273 0.040980 10.040401
v -3.354396 -0.090852 10.039939
v -3.564977 -0.231663 10.039432
v -3.761055 -0.374809 10.038903
v -3.966877 -0.538832 10.038283
v -4.157155 -0.704134 10.037646
v -4.340693 -0.877215 10.036969
v -4.517234 -1.057659 10.036254
v -4.686569 -1.245103 10.035505
v -4.849176 -1.440062 10.034719
v -5.003932 -1.641198 10.033906
v -5.150577 -1.848089 10.033066
v -5.288850 -2.060310 10.032203
v -5.418489 -2.277440 10.031319
v -5.539235 -2.499056 10.030418
v -5.650825 -2.724735 10.029503
v -5.752999 -2.954054 10.028576
v -5.845497 -3.186592 10.027640
v -5.928057 -3.421924 10.026700
v 0.000000 0.890894 9.581532
v -0.242801 0.886051 9.581527
v -0.508179 0.869700 9.581509
v -0.761075 0.843385 9.581480
v -1.012748 0.806743 9.581440
v -1.262740 0.759898 9.581388
v -1.509964 0.703141 9.581325
v -1.754761 0.636461 9.581248
v -1.996728 0.559970 9.581160
v -2.235462 0.473782 9.581059
v -2.470560 0.378008 9.580944
v -2.701619 0.272762 9.580816
v -2.928235 0.158155 9.580674
v -3.150006 0.034301 9.580520
v -3.366528 -0.098688 9.580350
v -3.577399 -0.240699 9.580166
v -3.773643 -0.385029 9.579976
v -3.979517 -0.550368 9.579756
v -4.169719 -0.716957 9.579531
v -4.353062 -0.891347 9.579294
v -4.529291 -1.073119 9.579047
v -4.698196 -1.261904 9.578792
v -4.860257 -1.458222 9.578526
v -5.014355 -1.660720 9.578255
v -5.160230 -1.868974 9.577978
v -5.297624 -2.082554 9.577698
v -5.426277 -2.301034 9.577416
v -5.545932 -2.523987 9.577133
v -5.656328 -2.750986 9.576852
v -5.757208 -2.981603 9.576571
v -5.848312 -3.215411 9.576296
v -5.929381 -3.451983 9.576025
v 0.000000 0.889019 9.121146
v -0.243648 0.884120 9.121154
v -0.509945 0.867610 9.121175
v -0.763705 0.841050 9.121208
v -1.016221 0.804078 9.121253
v -1.267030 0.756823 9.121307
v -1.515036 0.699582 9.121371
v -1.760576 0.632347 9.121446
v -2.003241 0.555234 9.121526
v -2.242622 0.468363 9.121616
v -2.478310 0.371849 9.121712
v -2.709894 0.265810 9.121812
v -2.936967 0.150362 9.121919
v -3.159119 0.025624 9.122031
v -3.375939 -0.108288 9.122146
v -3.587020 -0.251256 9.122263
v -3.783377 -0.396531 9.122376
v -3.989271 -0.562920 9.122502
v -4.179394 -0.730537 9.122618
v -4.362566 -0.905978 9.122731
v -4.538531 -1.088820 9.122834
v -4.707085 -1.278696 9.122925
v -4.868705 -1.476127 9.123002
v -5.022279 -1.679756 9.123060
v -5.167548 -1.889153 9.123100
v -5.304256 -2.103892 9.123114
v -5.432148 -2.323543 9.123099
v -5.550966 -2.547677 9.123055
v -5.660454 -2.775866 9.122976
v -5.760356 -3.007681 9.122861
v -5.850416 -3.242695 9.122705
v -5.930375 -3.480477 9.122507
v 0.000000 0.883031 8.660797
v -0.244207 0.878088 8.660817
v -0.511109 0.861461 8.660877
v -0.765437 0.834727 8.660970
v -1.018507 0.797522 8.661098
v -1.269851 0.749978 8.661257
v -1.518366 0.692398 8.661447
v -1.764388 0.624775 8.661667
v -2.007503 0.547230 8.661914
v -2.247298 0.459884 8.662189
v -2.483359 0.362856 8.662490
v -2.715272 0.256269 8.662814
v -2.942626 0.140241 8.663163
v -3.165004 0.014894 8.663535
v -3.381995 -0.119653 8.663927
v -3.593184 -0.263279 8.664339
v -3.789583 -0.409201 8.664750
v -3.995452 -0.576307 8.665212
v -4.185483 -0.744629 8.665664
v -4.368500 -0.920792 8.666116
v -4.544250 -1.104375 8.666561
v -4.712534 -1.295013 8.666991
v -4.873828 -1.493232 8.667402
v -5.027024 -1.697671 8.667783
v -5.171867 -1.907905 8.668127
v -5.308105 -2.123505 8.668425
v -5.435484 -2.344044 8.668668
v -5.553751 -2.569095 8.668849
v -5.662652 -2.798230 8.668963
v -5.761935 -3.031023 8.669000
v -5.851345 -3.267045 8.668951
v -5.930630 -3.505871 8.668812
v 0.000000 0.873085 8.200665
v -0.244463 0.868111 8.200698
v -0.511641 0.851413 8.200793
v -0.766226 0.824577 8.200939
v -1.019543 0.787240 8.201139
v -1.271123 0.739535 8.201388
v -1.519860 0.681767 8.201686
v -1.766088 0.613932 8.202030
v -2.009391 0.536152 8.202417
v -2.249353 0.448550 8.202848
v -2.485560 0.351248 8.203320
v -2.717593 0.244368 8.203828
v -2.945039 0.128033 8.204374
v -3.167481 0.002365 8.204956
v -3.384504 -0.132513 8.205569
v -3.595690 -0.276479 8.206214
v -3.792053 -0.422734 8.206858
v -3.997844 -0.590208 8.207582
v -4.187766 -0.758889 8.208288
v -4.370642 -0.935425 8.208994
v -4.546224 -1.119398 8.209689
v -4.714314 -1.310445 8.210360
v -4.875392 -1.509099 8.210997
v -5.028354 -1.714002 8.211584
v -5.172949 -1.924730 8.212108
v -5.308927 -2.140859 8.212556
v -5.436038 -2.361967 8.212915
v -5.554032 -2.587628 8.213173
v -5.662661 -2.817420 8.213320
v -5.761672 -3.050919 8.213338
v -5.850817 -3.287702 8.213217
v -5.929847 -3.527345 8.212945
v 0.000000 0.859500 7.740931
v -0.244409 0.854508 7.740973
v -0.511526 0.837787 7.741096
v -0.766048 0.810925 7.741282
v -1.019301 0.773558 7.741536
v -1.270812 0.725822 7.741851
v -1.519476 0.668021 7.742223
v -1.765628 0.600152 7.742652
v -2.008850 0.522339 7.743133
v -2.248727 0.434704 7.743663
v -2.484842 0.337370 7.744240
v -2.716780 0.230460 7.744860
v -2.944123 0.114099 7.745521
v -3.166458 -0.011592 7.746218
v -3.383366 -0.146489 7.746950
v -3.594432 -0.290470 7.747712
v -3.790673 -0.436733 7.748468
v -3.996325 -0.604210 7.749310
v -4.186111 -0.772894 7.750122
v -4.368850 -0.949438 7.750920
v -4.544300 -1.133429 7.751688
v -4.712263 -1.324511 7.752409
v -4.873224 -1.523223 7.753066
v -5.026083 -1.728211 7.753637
v -5.170591 -1.939058 7.754104
v -5.306502 -2.155345 7.754450
v -5.433570 -2.376656 7.754656
v -5.551549 -2.602572 7.754702
v -5.660192 -2.832675 7.754574
v -5.759253 -3.066548 7.754249
v -5.848483 -3.303773 7.753712
v -5.927639 -3.543931 7.752944
v 0.000000 0.842372 7.282218
v -0.244018 0.837378 7.282267
v -0.510706 0.820685 7.282403
v -0.764820 0.793879 7.282610
v -1.017667 0.756595 7.282887
v -1.268776 0.708969 7.283230
v -1.517048 0.651304 7.283632
v -1.762815 0.583597 7.284091
v -2.005662 0.505970 7.284603
v -2.245176 0.418547 7.285161
v -2.480942 0.321448 7.285764
v -2.712546 0.214798 7.286407
v -2.939573 0.098719 7.287085
v -3.161609 -0.026667 7.287793
v -3.378240 -0.161237 7.288528
v -3.589051 -0.304868 7.289286
v -3.785072 -0.450778 7.290028
v -3.990512 -0.617852 7.290842
v -4.180124 -0.786137 7.291610
v -4.362722 -0.962276 7.292345
v -4.538065 -1.145865 7.293024
v -4.705960 -1.336552 7.293622
v -4.866895 -1.534882 7.294118
v -5.019771 -1.739512 7.294488
v -5.164345 -1.950032 7.294706
v -5.300374 -2.166029 7.294750
v -5.427614 -2.387094 7.294596
v -5.545823 -2.612816 7.294219
v -5.654756 -2.842785 7.293599
v -5.754169 -3.076589 7.292709
v -5.843821 -3.313819 7.291528
v -5.923467 -3.554063 7.290031
v 0.000000 0.822058 6.825709
v -0.243287 0.817080 6.825753
v -0.509176 0.800468 6.825868
v -0.762532 0.773799 6.826037
v -1.014630 0.736711 6.826258
v -1.265004 0.689335 6.826524
v -1.512559 0.631974 6.826830
v -1.757629 0.564623 6.827172
v -1.999804 0.487403 6.827544
v -2.238673 0.400434 6.827938
v -2.473826 0.303839 6.828351
v -2.704852 0.197737 6.828775
v -2.931341 0.082250 6.829208
v -3.152882 -0.042500 6.829643
v -3.369065 -0.176394 6.830073
v -3.579478 -0.319309 6.830494
v -3.775169 -0.464498 6.830883
v -3.980311 -0.630755 6.831279
v -4.169700 -0.798230 6.831609
v -4.352138 -0.973540 6.831865
v -4.527385 -1.156288 6.832017
v -4.695253 -1.346131 6.832040
v -4.856232 -1.543618 6.831906
v -5.009227 -1.747418 6.831586
v -5.153997 -1.957127 6.831054
v -5.290303 -2.172344 6.830281
v -5.417901 -2.392666 6.829240
v -5.536553 -2.617691 6.827904
v -5.646019 -2.847017 6.826246
v -5.746055 -3.080240 6.824237
v -5.836423 -3.316958 6.821852
v -5.916882 -3.556770 6.819061
v 0.000000 0.797958 6.369384
v -0.242166 0.793019 6.369423
v -0.506832 0.776552 6.369514
v -0.759029 0.750120 6.369643
v -1.009985 0.713362 6.369805
v -1.259240 0.666408 6.369993
v -1.505707 0.609555 6.370200
v -1.749724 0.542795 6.370420
v -1.990888 0.466248 6.370646
v -2.228792 0.380031 6.370871
v -2.463033 0.284263 6.371088
v -2.693206 0.179062 6.371291
v -2.918907 0.064546 6.371473
v -3.139730 -0.059167 6.371628
v -3.355273 -0.191959 6.371747
v -3.565129 -0.333712 6.371826
v -3.760369 -0.477731 6.371857
v -3.965120 -0.642666 6.371829
v -4.154233 -0.808830 6.371715
v -4.336490 -0.982790 6.371484
v -4.511656 -1.164160 6.371107
v -4.679544 -1.352604 6.370551
v -4.840646 -1.548673 6.369781
v -4.993869 -1.751052 6.368770
v -5.138975 -1.959345 6.367485
v -5.275725 -2.173160 6.365894
v -5.403880 -2.392102 6.363968
v -5.523201 -2.615778 6.361675
v -5.633449 -2.843793 6.358983
v -5.734386 -3.075753 6.355861
v -5.825774 -3.311265 6.352278
v -5.907373 -3.549934 6.348202
v 0.000000 0.770599 5.917744
v -0.240695 0.765718 5.917763
v -0.503758 0.749454 5.917791
v -0.754437 0.723349 5.917817
v -1.003897 0.687043 5.917834
v -1.251687 0.640663 5.917836
v -1.496733 0.584498 5.917816
v -1.739376 0.518542 5.917767
v -1.979219 0.442907 5.917681
v -2.215866 0.357709 5.917552
v -2.448920 0.263063 5.917373
v -2.677985 0.159082 5.917137
v -2.902664 0.045881 5.916837
v -3.122561 -0.076426 5.916465
v -3.337279 -0.207723 5.916016
v -3.546421 -0.347897 5.915482
v -3.741089 -0.490331 5.914884
v -3.945350 -0.653469 5.914129
v -4.134121 -0.817846 5.913276
v -4.316164 -0.989961 5.912264
v -4.491245 -1.169436 5.911064
v -4.659175 -1.355942 5.909643
v -4.820452 -1.550030 5.907963
v -4.973982 -1.750402 5.906000
v -5.119528 -1.956673 5.903724
v -5.256853 -2.168456 5.901103
v -5.385719 -2.385366 5.898108
v -5.505889 -2.607018 5.894706
v -5.617126 -2.833027 5.890868
v -5.719191 -3.063006 5.886563
v -5.811847 -3.296570 5.881760
v -5.894856 -3.533334 5.876428
v 0.000000 0.739085 5.462321
v -0.238867 0.734287 5.462334
v -0.499938 0.718294 5.462350
v -0.748734 0.692621 5.462362
v -0.996341 0.656910 5.462364
v -1.242320 0.611283 5.462351
v -1.485611 0.556022 5.462318
v -1.726561 0.491118 5.462260
v -1.964784 0.416678 5.462172
v -2.199893 0.332812 5.462047
v -2.431502 0.239630 5.461882
v -2.659225 0.137241 5.461669
v -2.882676 0.025753 5.461404
v -3.101468 -0.094724 5.461082
v -3.315214 -0.224082 5.460698
v -3.523528 -0.362211 5.460244
v -3.717545 -0.502593 5.459742
v -3.921268 -0.663414 5.459111
v -4.109687 -0.825489 5.458405
v -4.291538 -0.995228 5.457573
v -4.466585 -1.172262 5.456594
v -4.634639 -1.356273 5.455444
v -4.796199 -1.547806 5.454092
v -4.950171 -1.745587 5.452517
v -5.096316 -1.949240 5.450698
v -5.234398 -2.158390 5.448609
v -5.364175 -2.372661 5.446224
v -5.485410 -2.591678 5.443519
v -5.597864 -2.815067 5.440468
v -5.701295 -3.042452 5.437046
v -5.795466 -3.273459 5.433224
v -5.880136 -3.507713 5.428977
v 0.000000 0.703112 5.007230
v -0.236681 0.698421 5.007236
v -0.495372 0.682766 5.007238
v -0.741916 0.657627 5.007232
v -0.987309 0.622650 5.007214
v -1.231122 0.577950 5.007182
v -1.472315 0.523803 5.007130
v -1.711239 0.460193 5.007058
v -1.947520 0.387224 5.006959
v -2.180785 0.305001 5.006832
v -2.410659 0.213627 5.006674
v -2.636768 0.113206 5.006479
v -2.858737 0.003840 5.006245
v -3.076193 -0.114366 5.005968
v -3.288760 -0.241311 5.005645
v -3.496064 -0.376889 5.005272
v -3.689284 -0.514706 5.004864
v -3.892340 -0.672619 5.004361
v -4.080313 -0.831792 5.003806
v -4.261905 -0.998521 5.003165
v -4.436877 -1.172441 5.002421
v -4.605042 -1.353242 5.001561
v -4.766897 -1.541460 5.000562
v -4.921348 -1.735844 4.999412
v -5.068153 -1.936026 4.998096
v -5.207075 -2.141637 4.996595
v -5.337872 -2.352310 4.994894
v -5.460303 -2.567678 4.992972
v -5.574129 -2.787374 4.990814
v -5.679106 -3.011030 4.988399
v -5.774996 -3.238279 4.985707
v -5.861555 -3.468757 4.982718
v 0.000000 0.662451 4.548963
v -0.234157 0.657893 4.548967
v -0.490098 0.642644 4.548978
v -0.734042 0.618139 4.548993
v -0.976876 0.584033 4.549012
v -1.218187 0.540435 4.549035
v -1.456954 0.487609 4.549060
v -1.693535 0.425537 4.549086
v -1.927570 0.354317 4.549112
v -2.158698 0.274048 4.549139
v -2.386559 0.184827 4.549165
v -2.610793 0.086752 4.549189
v -2.831038 -0.020079 4.549210
v -3.046935 -0.135569 4.549228
v -3.258123 -0.259619 4.549241
v -3.464241 -0.392133 4.549249
v -3.656518 -0.526860 4.549250
v -3.858779 -0.681262 4.549242
v -4.046212 -0.836920 4.549225
v -4.227474 -0.999983 4.549191
v -4.402327 -1.170094 4.549139
v -4.570580 -1.346944 4.549062
v -4.732730 -1.531054 4.548958
v -4.887681 -1.721195 4.548820
v -5.035189 -1.917005 4.548645
v -5.175015 -2.118119 4.548427
v -5.306914 -2.324172 4.548159
v -5.430645 -2.534801 4.547835
v -5.545965 -2.749644 4.547451
v -5.652631 -2.968337 4.546996
v -5.750400 -3.190516 4.546464
v -5.839029 -3.415819 4.545847
v 0.000000 0.617501 4.087849
v -0.231347 0.613100 4.087878
v -0.484230 0.598321 4.087991
v -0.725282 0.574550 4.088183
v -0.965273 0.541449 4.088461
v -1.203805 0.499119 4.088831
v -1.439881 0.447814 4.089293
v -1.673866 0.387513 4.089853
v -1.905415 0.318308 4.090514
v -2.134183 0.240288 4.091280
v -2.359826 0.153546 4.092157
v -2.581997 0.058172 4.093145
v -2.800354 -0.045742 4.094252
v -3.014549 -0.158107 4.095479
v -3.224239 -0.278831 4.096829
v -3.429076 -0.407825 4.098309
v -3.620347 -0.539006 4.099848
v -3.821772 -0.689379 4.101656
v -4.008651 -0.841006 4.103537
v -4.189595 -0.999869 4.105578
v -4.364361 -1.165613 4.107795
v -4.532756 -1.337933 4.110199
v -4.695273 -1.517331 4.112819
v -4.850814 -1.702605 4.115654
v -4.999130 -1.893395 4.118715
v -5.139975 -2.089343 4.122016
v -5.273102 -2.290089 4.125565
v -5.398264 -2.495274 4.129373
v -5.515214 -2.704540 4.133448
v -5.623704 -2.917528 4.137797
v -5.723487 -3.133879 4.142426
v -5.812782 -3.350694 4.158890
v 0.000000 0.568829 3.630528
v -0.228230 0.564607 3.630589
v -0.477721 0.550354 3.630840
v -0.715566 0.527402 3.631269
v -0.952402 0.495422 3.631894
v -1.187849 0.454508 3.632724
v -1.420934 0.404900 3.633765
v -1.652031 0.346576 3.635030
v -1.880811 0.279620 3.636527
v -2.106946 0.204115 3.638268
v -2.330107 0.120146 3.640260
v -2.549968 0.027796 3.642514
v -2.766198 -0.072850 3.645039
v -2.978471 -0.181708 3.647845
v -3.186456 -0.298695 3.650941
v -3.389826 -0.423729 3.654336
v -3.579928 -0.550914 3.657876
v -3.780361 -0.696744 3.662042
v -3.966557 -0.843814 3.666385
v -4.147071 -0.997916 3.671112
v -4.321657 -1.158697 3.676258
v -4.490114 -1.325851 3.681858
v -4.652935 -1.499857 3.687977
v -4.809014 -1.679539 3.694622
v -4.958099 -1.864539 3.701824
v -5.099937 -2.054499 3.709617
v -5.234278 -2.249062 3.718029
v -5.360867 -2.447870 3.727092
v -5.479453 -2.650566 3.736831
v -5.589782 -2.856793 3.747274
v -5.691600 -3.066191 3.758445
v -5.783571 -3.276517 3.776251
v 0.000000 0.515759 3.173697
v -0.224675 0.511739 3.173790
v -0.470295 0.498077 3.174177
v -0.704479 0.476043 3.174842
v -0.937709 0.445319 3.175812
v -1.169625 0.405992 3.177103
v -1.399281 0.358289 3.178725
v -1.627057 0.302183 3.180697
v -1.852643 0.237753 3.183035
v -2.075727 0.165076 3.185756
v -2.296000 0.084230 3.188874
v -2.513152 -0.004708 3.192406
v -2.726871 -0.101661 3.196367
v -2.936849 -0.206550 3.200773
v -3.142773 -0.319298 3.205640
v -3.344334 -0.439827 3.210984
v -3.532959 -0.562458 3.216562
v -3.732085 -0.703092 3.223136
v -3.917315 -0.844934 3.229999
v -4.097136 -0.993553 3.237481
v -4.271293 -1.148594 3.245642
v -4.439581 -1.309743 3.254544
v -4.602488 -1.477448 3.264294
v -4.758903 -1.650557 3.274910
v -4.908569 -1.828707 3.286450
v -5.051230 -2.011536 3.298976
v -5.186627 -2.198681 3.312546
v -5.314504 -2.389780 3.327222
v -5.434603 -2.584470 3.343062
v -5.546667 -2.782388 3.360127
v -5.650439 -2.983171 3.378477
v -5.745661 -3.186458 3.398171
v 0.000000 0.458473 2.716583
v -0.220626 0.454681 2.716721
v -0.461838 0.441682 2.717299
v -0.691851 0.420679 2.718293
v -0.920973 0.391365 2.719743
v -1.148866 0.353818 2.721672
v -1.374612 0.308252 2.724097
v -1.598600 0.254636 2.727046
v -1.820539 0.193040 2.730544
v -2.040139 0.123535 2.734614
v -2.257108 0.046190 2.739280
v -2.471156 -0.038926 2.744565
v -2.681992 -0.131743 2.750494
v -2.889326 -0.232192 2.757090
v -3.092867 -0.340202 2.764377
v -3.292324 -0.455703 2.772379
v -3.479214 -0.573256 2.780733
v -3.676786 -0.708106 2.790580
v -3.860841 -0.844137 2.800860
v -4.039783 -0.986672 2.812069
v -4.213352 -1.135353 2.824296
v -4.381334 -1.289865 2.837633
v -4.544209 -1.450617 2.852240
v -4.700863 -1.616491 2.868145
v -4.851029 -1.787120 2.885435
v -4.994443 -1.962141 2.904201
v -5.130840 -2.141190 2.924533
v -5.259955 -2.323901 2.946520
v -5.381524 -2.509911 2.970251
v -5.495279 -2.698854 2.995817
v -5.600958 -2.890367 3.023307
v -5.698295 -3.084084 3.052810
v 0.000000 0.396460 2.259788
v -0.215952 0.392924 2.259970
v -0.452073 0.380668 2.260738
v -0.677267 0.360818 2.262062
v -0.901640 0.333082 2.263996
v -1.124874 0.297529 2.266573
v -1.346088 0.254356 2.269815
v -1.565676 0.203530 2.273762
v -1.783369 0.145112 2.278447
v -1.998898 0.079164 2.283903
v -2.211994 0.005746 2.290162
v -2.422387 -0.075080 2.297258
v -2.629809 -0.163254 2.305223
v -2.833988 -0.258714 2.314090
v -3.034658 -0.361399 2.323892
v -3.231547 -0.471248 2.334662
v -3.416282 -0.583089 2.345912
v -3.611874 -0.711430 2.359180
v -3.794373 -0.840918 2.373040
v -3.972081 -0.976597 2.388163
v -4.144730 -1.118108 2.404671
v -4.312096 -1.265129 2.422691
v -4.474651 -1.418029 2.442442
v -4.631274 -1.575723 2.463960
v -4.781691 -1.737842 2.487370
v -4.925628 -1.904020 2.512793
v -5.062812 -2.073888 2.540354
v -5.192968 -2.247080 2.570175
v -5.315822 -2.423227 2.602381
v -5.431101 -2.601962 2.637093
v -5.538530 -2.782918 2.674435
v -5.637837 -2.965726 2.714530
v 0.000000 0.329473 1.805092
v -0.210548 0.326221 1.805312
v -0.440782 0.314792 1.806257
v -0.660400 0.296228 1.807892
v -0.879273 0.270252 1.810285
v -1.097106 0.236923 1.813480
v -1.313057 0.196421 1.817508
v -1.527526 0.148709 1.822419
v -1.740268 0.093840 1.828256
v -1.951037 0.031865 1.835063
v -2.159586 -0.037164 1.842882
v -2.365669 -0.113195 1.851756
v -2.569040 -0.196176 1.861729
v -2.769453 -0.286056 1.872843
v -2.966662 -0.382782 1.885141
v -3.160420 -0.486303 1.898666
v -3.342488 -0.591747 1.912806
v -3.535573 -0.712795 1.929499
v -3.716040 -0.834948 1.946954
v -3.892065 -0.962939 1.966022
v -4.063370 -1.096403 1.986862
v -4.229720 -1.235014 2.009638
v -4.391576 -1.379093 2.034632
v -4.547812 -1.527591 2.061895
v -4.698144 -1.680138 2.091589
v -4.842289 -1.836360 2.123874
v -4.979962 -1.995888 2.158910
v -5.110880 -2.158348 2.196858
v -5.234759 -2.323369 2.237878
v -5.351314 -2.490581 2.282130
v -5.460261 -2.659611 2.329776
v -5.561318 -2.830087 2.380975
v 0.000000 0.256910 1.352145
v -0.204313 0.253972 1.352401
v -0.427753 0.243455 1.353520
v -0.640934 0.226310 1.355465
v -0.853451 0.202276 1.358320
v -1.065037 0.171401 1.362139
v -1.274889 0.133847 1.366962
v -1.483417 0.089574 1.372852
v -1.690399 0.038623 1.379864
v -1.895613 -0.018964 1.388051
v -2.098839 -0.083144 1.397468
v -2.299854 -0.153877 1.408168
v -2.498439 -0.231119 1.420206
v -2.694372 -0.314830 1.433635
v -2.887431 -0.404967 1.448510
v -3.077396 -0.501489 1.464885
v -3.256187 -0.599855 1.482021
v -3.446136 -0.712832 1.502266
v -3.623999 -0.826866 1.523459
v -3.797797 -0.946343 1.546638
v -3.967238 -1.070894 1.572000
v -4.132079 -1.200183 1.599752
v -4.292763 -1.334483 1.630244
v -4.448163 -1.472784 1.663544
v -4.597983 -1.614709 1.699854
v -4.741930 -1.759881 1.739376
v -4.879706 -1.907925 1.782311
v -5.011019 -2.058463 1.828860
v -5.135571 -2.211119 1.879224
v -5.253070 -2.365517 1.933606
v -5.363218 -2.521279 1.992205
v -5.465722 -2.678030 2.055224
v 0.000000 0.178080 0.900027
v -0.197152 0.175485 0.900322
v -0.412789 0.165964 0.901634
v -0.618571 0.150365 0.903924
v -0.823777 0.128447 0.907292
v -1.028168 0.100249 0.911805
v -1.230990 0.065908 0.917511
v -1.432655 0.025383 0.924488
v -1.632968 -0.021297 0.932802
v -1.831736 -0.074099 0.942519
v -2.028763 -0.132993 0.953704
v -2.223856 -0.197947 0.966425
v -2.416820 -0.268931 0.980748
v -2.607460 -0.345913 0.996737
v -2.795583 -0.428862 1.014460
v -2.980993 -0.517746 1.033982
v -3.155806 -0.608390 1.054422
v -3.341891 -0.712559 1.078587
v -3.516481 -0.817730 1.103901
v -3.687408 -0.927912 1.131607
v -3.854372 -1.042730 1.161948
v -4.017112 -1.161841 1.195174
v -4.176057 -1.285457 1.231710
v -4.330077 -1.412615 1.271642
v -4.478864 -1.542932 1.315216
v -4.622111 -1.676025 1.362679
v -4.759512 -1.811512 1.414274
v -4.890759 -1.949011 1.470249
v -5.015545 -2.088140 1.530849
v -5.133563 -2.228516 1.596320
v -5.244505 -2.369756 1.666906
v -5.348064 -2.511480 1.742854
v 0.000000 0.092659 0.449694
v -0.189006 0.090435 0.450038
v -0.395764 0.081985 0.451583
v -0.593124 0.068048 0.454286
v -0.790002 0.048405 0.458267
v -0.986190 0.023080 0.463605
v -1.180983 -0.007809 0.470358
v -1.374799 -0.044309 0.478618
v -1.567472 -0.086402 0.488464
v -1.758834 -0.134066 0.499975
v -1.948722 -0.187283 0.513230
v -2.136968 -0.246032 0.528307
v -2.323406 -0.310294 0.545287
v -2.507871 -0.380050 0.564246
v -2.690197 -0.455279 0.585265
v -2.870217 -0.535962 0.608422
v -3.040277 -0.618311 0.632672
v -3.221686 -0.713019 0.661346
v -3.392255 -0.808670 0.691388
v -3.559591 -0.908868 0.724276
v -3.723379 -1.013229 0.760298
v -3.883347 -1.121403 0.799753
v -4.039898 -1.233542 0.843147
v -4.191906 -1.348726 0.890583
v -4.339051 -1.466568 0.942356
v -4.481011 -1.586678 0.998757
v -4.617467 -1.708668 1.060079
v -4.748099 -1.832150 1.126616
v -4.872585 -1.956735 1.198661
v -4.990607 -2.082034 1.276506
v -5.101843 -2.207659 1.360445
v -5.205974 -2.333220 1.450770
v 0.000000 -0.000000 -0.000000
v -0.187280 -0.002002 0.000448
v -0.374454 -0.009027 0.002219
v -0.561389 -0.021068 0.005406
v -0.747948 -0.038116 0.010099
v -0.933996 -0.060165 0.016392
v -1.119398 -0.087208 0.024375
v -1.304020 -0.119236 0.034142
v -1.487725 -0.156242 0.045783
v -1.670379 -0.198219 0.059390
v -1.851846 -0.245159 0.075056
v -2.031991 -0.297055 0.092872
v -2.210680 -0.353900 0.112931
v -2.387777 -0.415685 0.135324
v -2.563146 -0.482404 0.160143
v -2.736653 -0.554050 0.187479
v -2.908162 -0.630614 0.217426
v -3.077505 -0.712024 0.250117
v -3.244380 -0.797948 0.285853
v -3.408452 -0.887991 0.324980
v -3.569384 -0.981754 0.367840
v -3.726843 -1.078841 0.414780
v -3.880492 -1.178855 0.466142
v -4.029995 -1.281400 0.522271
v -4.175019 -1.386078 0.583510
v -4.315227 -1.492493 0.650205
v -4.450284 -1.600249 0.722700
v -4.579854 -1.708947 0.801338
v -4.718166 -1.831987 0.898398
v -4.850161 -1.957018 1.006569
v -4.981861 -2.090833 1.134548
v -5.123868 -2.246819 1.300319
v -4.766617 -2.109365 19.727934
v -4.679183 -2.054506 19.908381
v -4.588048 -1.998701 20.087135
v -4.493058 -1.942027 20.263912
v -4.394060 -1.884561 20.438423
v -4.290902 -1.826382 20.610378
v -4.183430 -1.767566 20.779491
v -4.071490 -1.708193 20.945473
v -3.954931 -1.648339 21.108034
v -3.833599 -1.588082 21.266888
v -3.707341 -1.527500 21.421745
v -3.576004 -1.466670 21.572321
v -3.439434 -1.405671 21.718323
v -3.297479 -1.344579 21.859465
v -3.149985 -1.283473 21.995459
v -2.996800 -1.222431 22.126017
v -2.837856 -1.161592 22.250851
v -2.673432 -1.101354 22.369678
v -2.503892 -1.042174 22.482218
v -2.329600 -0.984510 22.588186
v -2.150920 -0.928822 22.687302
v -1.968216 -0.875568 22.779282
v -1.781853 -0.825207 22.863848
v -1.592194 -0.778197 22.940714
v -1.399605 -0.734996 23.009600
v -1.204448 -0.696065 23.070221
v -1.007089 -0.661860 23.122301
v -0.807892 -0.632841 23.165552
v -0.607220 -0.609467 23.199696
v -0.405438 -0.592195 23.224449
v -0.202910 -0.581486 23.239529
v 0.000000 -0.577796 23.244656
v -5.273442 -2.420856 1.499249
v -5.335978 -2.502130 1.606344
v -5.439442 -2.647248 1.816094
v -5.553111 -2.826929 2.114133
v -5.657966 -3.008848 2.450511
v -5.719724 -3.131033 2.713648
v -5.791541 -3.291680 3.122367
v -5.845588 -3.428313 3.542297
v -5.874886 -3.512936 3.865747
v -5.896869 -3.581707 4.193825
v -5.918588 -3.644866 4.554507
v -5.939029 -3.703300 4.995230
v -5.955445 -3.745568 5.438035
v -5.968274 -3.773336 5.882201
v -5.978466 -3.790344 6.326778
v -5.986905 -3.798496 6.808793
v -5.992754 -3.796231 7.290923
v -5.996548 -3.785650 7.772975
v -5.998578 -3.768342 8.236286
v -5.999571 -3.745922 8.690104
v -5.999994 -3.719500 9.139067
v -6.000163 -3.689961 9.587845
v -6.000420 -3.659189 10.031885
v -6.000282 -3.625806 10.475739
v -5.999521 -3.590054 10.919402
v -5.997566 -3.548040 11.399754
v -5.994027 -3.502463 11.879768
v -5.988780 -3.453594 12.359447
v -5.981205 -3.401237 12.838726
v -5.968611 -3.332605 13.430467
v -5.951540 -3.262470 13.999715
v -5.932464 -3.200504 14.477065
v -5.911223 -3.144797 14.885322
v -5.887017 -3.092793 15.247503
v -5.858627 -3.042219 15.580568
v -5.825766 -2.991726 15.894967
v -5.787469 -2.939886 16.199343
v -5.743845 -2.886636 16.494873
v -5.693125 -2.830501 16.788725
v -5.636961 -2.773183 17.073376
v -5.574181 -2.713335 17.357151
v -5.505306 -2.651285 17.639025
v -5.430509 -2.587199 17.918938
v -5.349917 -2.521224 18.196806
v -5.263239 -2.453357 18.472349
v -5.170324 -2.383637 18.745388
v -5.070828 -2.312049 19.015617
v -4.964354 -2.238576 19.282646
v 0.000000 0.396199 0.451329
v -0.189266 0.393968 0.451671
v -0.396820 0.385466 0.453217
v -0.594682 0.371457 0.455920
v -0.792055 0.351713 0.459901
v -0.988718 0.326264 0.465239
v -1.183878 0.295241 0.471989
v -1.378048 0.258589 0.480246
v -1.571060 0.216326 0.490088
v -1.762745 0.168473 0.501595
v -1.952936 0.115051 0.514846
v -2.141464 0.056080 0.529920
v -2.328163 -0.008421 0.546895
v -2.512863 -0.078429 0.565852
v -2.695396 -0.153926 0.586868
v -2.875595 -0.234891 0.610023
v -3.053235 -0.321274 0.635387
v -3.227165 -0.412459 0.662920
v -3.397572 -0.508271 0.692920
v -3.564718 -0.608619 0.725763
v -3.728289 -0.713120 0.761734
v -3.888020 -0.821425 0.801136
v -4.044278 -0.933661 0.844462
v -4.195966 -1.048926 0.891822
v -4.342765 -1.166832 0.943510
v -4.484354 -1.286988 0.999817
v -4.620414 -1.409005 1.061035
v -4.750623 -1.532493 1.127457
v -4.874662 -1.657063 1.199374
v -4.992211 -1.782324 1.277079
v -5.102950 -1.907887 1.360864
v -5.206558 -2.033362 1.451020
v 0.000000 0.487944 0.902077
v -0.197677 0.485332 0.902370
v -0.414419 0.475723 0.903680
v -0.620986 0.459997 0.905963
v -0.826963 0.437904 0.909324
v -1.032097 0.409485 0.913828
v -1.235539 0.374900 0.919520
v -1.437799 0.334092 0.926481
v -1.638681 0.287095 0.934777
v -1.837985 0.233940 0.944473
v -2.035514 0.174662 0.955636
v -2.231069 0.109290 0.968333
v -2.424451 0.037860 0.982629
v -2.615463 -0.039598 0.998590
v -2.803906 -0.123051 1.016284
v -2.989581 -0.212466 1.035775
v -3.172232 -0.307780 1.057123
v -3.350665 -0.408312 1.080295
v -3.525088 -0.513907 1.105539
v -3.695793 -0.624509 1.133171
v -3.862477 -0.739738 1.163432
v -4.024889 -0.859253 1.196573
v -4.183415 -0.983238 1.233010
v -4.336959 -1.110744 1.272836
v -4.485211 -1.241386 1.316295
v -4.627865 -1.374777 1.363632
v -4.764613 -1.510531 1.415092
v -4.895146 -1.648264 1.470921
v -5.019156 -1.787590 1.531363
v -5.136337 -1.928122 1.596664
v -5.246380 -2.069476 1.667068
v -5.348977 -2.211264 1.742821
v 0.000000 0.575693 1.353225
v -0.205110 0.572726 1.353479
v -0.429972 0.562079 1.354594
v -0.644225 0.544739 1.356531
v -0.857795 0.520436 1.359376
v -1.070396 0.489224 1.363182
v -1.281128 0.451286 1.367987
v -1.490499 0.406568 1.373857
v -1.698283 0.355115 1.380844
v -1.904252 0.296971 1.389005
v -2.108181 0.232180 1.398392
v -2.309840 0.160785 1.409061
v -2.509004 0.082831 1.421065
v -2.705446 -0.001639 1.434458
v -2.898938 -0.092581 1.449295
v -3.089253 -0.189951 1.465630
v -3.276105 -0.293670 1.483511
v -3.458260 -0.403001 1.502908
v -3.635948 -0.517805 1.524027
v -3.809484 -0.638057 1.547127
v -3.978578 -0.763381 1.572405
v -4.142988 -0.893442 1.600069
v -4.303121 -1.028479 1.630461
v -4.457878 -1.167497 1.663655
v -4.606963 -1.310111 1.699852
v -4.750079 -1.455941 1.739253
v -4.886930 -1.604603 1.782059
v -5.017220 -1.755716 1.828471
v -5.140651 -1.908896 1.878689
v -5.256928 -2.063762 1.932915
v -5.365754 -2.219930 1.991350
v -5.466832 -2.377019 2.054194
v 0.000000 0.660128 1.806942
v -0.211671 0.656830 1.807160
v -0.443699 0.645214 1.808100
v -0.664732 0.626366 1.809725
v -0.884994 0.599998 1.812105
v -1.104169 0.566176 1.815284
v -1.321310 0.525103 1.819290
v -1.536920 0.476730 1.824175
v -1.750747 0.421113 1.829982
v -1.962535 0.358305 1.836756
v -2.172031 0.288361 1.844537
v -2.378980 0.211336 1.853371
v -2.583128 0.127285 1.863300
v -2.784222 0.036263 1.874367
v -2.982007 -0.061677 1.886615
v -3.176229 -0.166479 1.900087
v -3.366573 -0.278051 1.914821
v -3.551768 -0.395600 1.930790
v -3.732067 -0.519004 1.948159
v -3.907804 -0.648267 1.967136
v -4.078698 -0.783013 1.987879
v -4.244519 -0.922916 2.010553
v -4.405687 -1.068261 2.035434
v -4.561107 -1.218010 2.062577
v -4.710492 -1.371782 2.092142
v -4.853556 -1.529198 2.124290
v -4.990013 -1.689876 2.159181
v -5.119577 -1.853438 2.196975
v -5.241961 -2.019502 2.237833
v -5.356881 -2.187688 2.281913
v -5.464049 -2.357617 2.329376
v -5.563179 -2.528909 2.380383
v 0.000000 0.741589 2.263630
v -0.217440 0.737988 2.263810
v -0.455765 0.725476 2.264571
v -0.682754 0.705235 2.265884
v -0.908888 0.676960 2.267802
v -1.133827 0.640726 2.270359
v -1.356576 0.596758 2.273575
v -1.577637 0.545010 2.277491
v -1.796728 0.485547 2.282140
v -2.013572 0.418433 2.287554
v -2.227887 0.343733 2.293768
v -2.439394 0.261512 2.300813
v -2.647814 0.171836 2.308723
v -2.852866 0.074769 2.317531
v -3.054272 -0.029625 2.327269
v -3.251751 -0.141280 2.337970
v -3.444961 -0.260092 2.349664
v -3.632603 -0.385215 2.362327
v -3.814943 -0.516543 2.376086
v -3.992335 -0.654104 2.391101
v -4.164506 -0.797524 2.407495
v -4.331238 -0.946479 2.425393
v -4.492958 -1.101302 2.445009
v -4.648576 -1.260912 2.466385
v -4.797815 -1.424928 2.489642
v -4.940400 -1.592973 2.514904
v -5.076051 -1.764667 2.542292
v -5.204494 -1.939632 2.571931
v -5.325450 -2.117488 2.603942
v -5.438644 -2.297856 2.638448
v -5.543799 -2.480358 2.675572
v -5.640637 -2.664613 2.715438
v 0.000000 0.819503 2.718279
v -0.222456 0.815627 2.718415
v -0.466257 0.802305 2.718987
v -0.698422 0.780803 2.719971
v -0.929655 0.750799 2.721407
v -1.159590 0.712381 2.723318
v -1.387196 0.665792 2.725721
v -1.612966 0.610988 2.728644
v -1.836595 0.548044 2.732111
v -2.057782 0.477035 2.736146
v -2.276222 0.398034 2.740773
v -2.491611 0.311115 2.746017
v -2.703646 0.216355 2.751899
v -2.912025 0.113826 2.758446
v -3.116443 0.003603 2.765680
v -3.316596 -0.114240 2.773625
v -3.512120 -0.239586 2.782302
v -3.701686 -0.371543 2.791694
v -3.885576 -0.510015 2.801892
v -4.064157 -0.655054 2.813015
v -4.237166 -0.806285 2.825151
v -4.404392 -0.963386 2.838392
v -4.566270 -1.126729 2.852896
v -4.721715 -1.295194 2.868690
v -4.870459 -1.468402 2.885864
v -5.012232 -1.645974 2.904507
v -5.146766 -1.827531 2.924709
v -5.273793 -2.012692 2.946559
v -5.393044 -2.201081 2.970146
v -5.504250 -2.392316 2.995561
v -5.607143 -2.586019 3.022892
v -5.701453 -2.781811 3.052229
v 0.000000 0.895542 3.179593
v -0.226941 0.891413 3.179683
v -0.475637 0.877340 3.180063
v -0.712424 0.854671 3.180715
v -0.948209 0.823069 3.181668
v -1.182599 0.782631 3.182935
v -1.414528 0.733618 3.184528
v -1.644480 0.675989 3.186466
v -1.872131 0.609829 3.188764
v -2.097153 0.535220 3.191439
v -2.319221 0.452247 3.194506
v -2.538010 0.360992 3.197981
v -2.753191 0.261539 3.201880
v -2.964440 0.153972 3.206218
v -3.171431 0.038375 3.211011
v -3.373837 -0.085170 3.216275
v -3.571269 -0.216535 3.222024
v -3.762377 -0.354785 3.228246
v -3.947451 -0.499832 3.235003
v -4.126875 -0.651745 3.242373
v -4.300390 -0.810150 3.250414
v -4.467792 -0.974726 3.259188
v -4.629523 -1.145877 3.268799
v -4.784503 -1.322448 3.279266
v -4.932471 -1.504057 3.290649
v -5.073164 -1.690324 3.303007
v -5.206323 -1.880868 3.316400
v -5.331683 -2.075308 3.330886
v -5.448986 -2.273263 3.346527
v -5.557968 -2.474352 3.363380
v -5.658369 -2.678195 3.381507
v -5.749926 -2.884410 3.400965
v 0.000000 0.968001 3.635438
v -0.230920 0.963645 3.635498
v -0.483958 0.948899 3.635747
v -0.724847 0.925180 3.636173
v -0.964669 0.892140 3.636792
v -1.203011 0.849885 3.637615
v -1.438771 0.798692 3.638648
v -1.672431 0.738523 3.639903
v -1.903643 0.669469 3.641389
v -2.132060 0.591621 3.643117
v -2.357336 0.505070 3.645096
v -2.579124 0.409907 3.647335
v -2.797077 0.306224 3.649844
v -3.010848 0.194109 3.652633
v -3.220089 0.073654 3.655711
v -3.424454 -0.055052 3.659088
v -3.623530 -0.191872 3.662770
v -3.815946 -0.335834 3.666750
v -4.002001 -0.486861 3.671064
v -4.182088 -0.645038 3.675762
v -4.355953 -0.809991 3.680876
v -4.523400 -0.981402 3.686443
v -4.684871 -1.159710 3.692524
v -4.839289 -1.343727 3.699127
v -4.986398 -1.533073 3.706284
v -5.125940 -1.727370 3.714024
v -5.257657 -1.926239 3.722379
v -5.381289 -2.129300 3.731374
v -5.496579 -2.336176 3.741036
v -5.603266 -2.546487 3.751389
v -5.701094 -2.759852 3.762454
v -5.789828 -2.975915 3.777007
v 0.000000 1.037475 4.091746
v -0.234509 1.032914 4.091775
v -0.491463 1.017550 4.091892
v -0.736049 0.992866 4.092089
v -0.979506 0.958503 4.092375
v -1.221399 0.914576 4.092754
v -1.460597 0.861378 4.093228
v -1.697572 0.798874 4.093802
v -1.931957 0.727163 4.094481
v -2.163387 0.646344 4.095268
v -2.391494 0.556517 4.096169
v -2.615911 0.457781 4.097184
v -2.836272 0.350234 4.098320
v -3.052210 0.233976 4.099581
v -3.263357 0.109105 4.100969
v -3.469346 -0.024281 4.102489
v -3.669744 -0.166037 4.104143
v -3.863160 -0.315152 4.105927
v -4.049901 -0.471552 4.107855
v -4.230369 -0.635337 4.109950
v -4.404315 -0.806124 4.112221
v -4.571547 -0.983594 4.114686
v -4.732506 -1.168208 4.117367
v -4.886122 -1.358745 4.120265
v -5.032144 -1.554819 4.123392
v -5.170317 -1.756047 4.126756
v -5.300387 -1.962043 4.130368
v -5.422101 -2.172424 4.134233
v -5.535205 -2.386805 4.138360
v -5.639443 -2.604802 4.142749
v -5.734562 -2.826030 4.147406
v -5.819963 -3.049163 4.158027
v 0.000000 1.103853 4.547378
v -0.237815 1.099106 4.547381
v -0.498377 1.083176 4.547389
v -0.746367 1.057605 4.547398
v -0.993167 1.022026 4.547410
v -1.238324 0.976561 4.547421
v -1.480677 0.921519 4.547433
v -1.720691 0.856868 4.547444
v -1.957978 0.782717 4.547453
v -2.192154 0.699172 4.547460
v -2.422833 0.606343 4.547463
v -2.649629 0.504337 4.547462
v -2.872155 0.393261 4.547456
v -3.090027 0.273223 4.547444
v -3.302857 0.144331 4.547424
v -3.510260 0.006692 4.547397
v -3.711784 -0.139538 4.547360
v -3.906020 -0.293312 4.547314
v -4.093282 -0.454558 4.547253
v -4.273979 -0.623379 4.547175
v -4.447866 -0.799386 4.547075
v -4.614752 -0.982249 4.546949
v -4.775083 -1.172446 4.546792
v -4.927792 -1.368721 4.546598
v -5.072631 -1.570678 4.546365
v -5.209351 -1.777923 4.546084
v -5.337702 -1.990061 4.545752
v -5.457438 -2.206696 4.545360
v -5.568306 -2.427435 4.544903
v -5.670059 -2.651884 4.544372
v -5.762447 -2.879647 4.543761
v -5.844234 -3.107664 4.554643
v 0.000000 1.167386 5.003706
v -0.240926 1.162476 5.003713
v -0.504882 1.146035 5.003716
v -0.756077 1.119661 5.003709
v -1.006029 1.082980 5.003691
v -1.254264 1.036121 5.003658
v -1.499595 0.979407 5.003607
v -1.742480 0.912810 5.003533
v -1.982514 0.836446 5.003435
v -2.219295 0.750430 5.003307
v -2.452418 0.654877 5.003147
v -2.681480 0.549902 5.002951
v -2.906078 0.435622 5.002715
v -3.125806 0.312149 5.002436
v -3.340261 0.179601 5.002110
v -3.549039 0.038090 5.001734
v -3.751670 -0.112217 5.001303
v -3.946726 -0.270244 5.000815
v -4.134528 -0.435915 5.000256
v -4.315487 -0.609340 4.999610
v -4.489363 -0.790119 4.998861
v -4.655964 -0.977916 4.997995
v -4.815736 -1.173221 4.996990
v -4.967613 -1.374746 4.995834
v -5.111348 -1.582088 4.994509
v -5.246694 -1.794840 4.993001
v -5.373403 -2.012601 4.991289
v -5.491227 -2.234965 4.989355
v -5.599917 -2.461531 4.987183
v -5.699226 -2.691893 4.984751
v -5.788903 -2.925650 4.982041
v -5.867876 -3.160191 4.984971
v 0.000000 1.227746 5.461747
v -0.243781 1.222694 5.461761
v -0.510853 1.205796 5.461781
v -0.764988 1.178702 5.461797
v -1.017830 1.141028 5.461805
v -1.268888 1.092914 5.461800
v -1.516948 1.034695 5.461776
v -1.762460 0.966347 5.461729
v -2.005005 0.887993 5.461652
v -2.244161 0.799755 5.461541
v -2.479510 0.701758 5.461389
v -2.710631 0.594125 5.461193
v -2.937102 0.476977 5.460944
v -3.158503 0.350438 5.460639
v -3.374413 0.214630 5.460273
v -3.584412 0.069677 5.459841
v -3.788014 -0.084249 5.459334
v -3.983773 -0.246039 5.458749
v -4.172015 -0.415613 5.458065
v -4.353156 -0.593080 5.457257
v -4.526954 -0.778027 5.456301
v -4.693221 -0.970106 5.455175
v -4.852396 -1.169816 5.453848
v -5.003419 -1.375834 5.452300
v -5.146043 -1.587742 5.450507
v -5.280022 -1.805122 5.448444
v -5.405108 -2.027558 5.446087
v -5.521055 -2.254631 5.443408
v -5.627617 -2.485925 5.440384
v -5.724545 -2.721023 5.436986
v -5.811591 -2.959506 5.433189
v -5.888166 -3.200014 5.431911
v 0.000000 1.284588 5.920238
v -0.246319 1.279416 5.920259
v -0.516163 1.262122 5.920290
v -0.772914 1.234397 5.920322
v -1.028326 1.195854 5.920348
v -1.281890 1.146638 5.920361
v -1.532371 1.087099 5.920353
v -1.780213 1.017214 5.920320
v -2.024979 0.937115 5.920251
v -2.266234 0.846933 5.920143
v -2.503542 0.746798 5.919986
v -2.736469 0.636841 5.919774
v -2.964577 0.517193 5.919500
v -3.187433 0.387984 5.919158
v -3.404598 0.249346 5.918738
v -3.615640 0.101408 5.918237
v -3.820056 -0.055644 5.917645
v -4.016388 -0.220677 5.916956
v -4.204965 -0.393601 5.916142
v -4.386204 -0.574519 5.915173
v -4.559864 -0.763003 5.914015
v -4.725756 -0.958692 5.912641
v -4.884319 -1.162082 5.911012
v -5.034492 -1.371818 5.909102
v -5.176030 -1.587466 5.906882
v -5.308688 -1.808590 5.904321
v -5.432221 -2.034757 5.901389
v -5.546384 -2.265533 5.898055
v -5.650933 -2.500483 5.894288
v -5.745621 -2.739172 5.890058
v -5.830204 -2.981167 5.885335
v -5.904437 -3.226033 5.880088
v 0.000000 1.337793 6.375262
v -0.248518 1.332526 6.375303
v -0.520763 1.314905 6.375401
v -0.779782 1.286656 6.375539
v -1.037423 1.247387 6.375714
v -1.293165 1.197251 6.375918
v -1.545753 1.136608 6.376146
v -1.795623 1.065438 6.376389
v -2.042328 0.983878 6.376642
v -2.285419 0.892067 6.376897
v -2.524447 0.790139 6.377149
v -2.758964 0.678232 6.377390
v -2.988521 0.556483 6.377613
v -3.212668 0.425028 6.377812
v -3.430959 0.284005 6.377980
v -3.642943 0.133549 6.378109
v -3.848107 -0.026148 6.378195
v -4.044980 -0.193927 6.378224
v -4.233891 -0.369692 6.378171
v -4.415257 -0.553540 6.378005
v -4.588836 -0.745027 6.377695
v -4.754437 -0.943778 6.377211
v -4.912495 -1.150290 6.376518
v -5.061948 -1.363176 6.375588
v -5.202549 -1.581988 6.374390
v -5.334052 -1.806276 6.372891
v -5.456210 -2.035590 6.371062
v -5.568777 -2.269482 6.368871
v -5.671505 -2.507501 6.366288
v -5.764148 -2.749198 6.363281
v -5.846458 -2.994124 6.359819
v -5.918191 -3.241829 6.355871
v 0.000000 1.388271 6.832095
v -0.250369 1.382929 6.832142
v -0.524636 1.365036 6.832263
v -0.785564 1.336348 6.832444
v -1.045082 1.296470 6.832680
v -1.302657 1.245561 6.832966
v -1.557017 1.183988 6.833296
v -1.808594 1.111736 6.833664
v -2.056929 1.028946 6.834064
v -2.301562 0.935762 6.834493
v -2.542033 0.832324 6.834943
v -2.777883 0.718775 6.835409
v -3.008651 0.595257 6.835886
v -3.233879 0.461912 6.836368
v -3.453105 0.318882 6.836849
v -3.665871 0.166310 6.837322
v -3.871652 0.004391 6.837785
v -4.068965 -0.165694 6.838223
v -4.258139 -0.343840 6.838613
v -4.439592 -0.530136 6.838931
v -4.613080 -0.724123 6.839149
v -4.778407 -0.925411 6.839241
v -4.936005 -1.134494 6.839179
v -5.084811 -1.349957 6.838935
v -5.224574 -1.571337 6.838481
v -5.355048 -1.798169 6.837790
v -5.475981 -2.029987 6.836835
v -5.587127 -2.266328 6.835589
v -5.688235 -2.506727 6.834024
v -5.779057 -2.750719 6.832114
v -5.859343 -2.997841 6.829831
v -5.928843 -3.247628 6.827147
v 0.000000 1.435489 7.289276
v -0.251827 1.430094 7.289327
v -0.527688 1.411994 7.289469
v -0.790122 1.382967 7.289686
v -1.051122 1.342618 7.289976
v -1.310145 1.291107 7.290333
v -1.565906 1.228809 7.290755
v -1.818833 1.155711 7.291236
v -2.068459 1.071958 7.291772
v -2.314314 0.977697 7.292359
v -2.555931 0.873072 7.292993
v -2.792839 0.758231 7.293669
v -3.024572 0.633320 7.294383
v -3.250660 0.498483 7.295131
v -3.470635 0.353867 7.295907
v -3.684028 0.199618 7.296709
v -3.890305 0.035937 7.297530
v -4.087975 -0.135980 7.298359
v -4.277365 -0.316017 7.299177
v -4.458891 -0.504256 7.299963
v -4.632306 -0.700222 7.300695
v -4.797411 -0.903512 7.301350
v -4.954632 -1.114613 7.301907
v -5.102902 -1.332088 7.302340
v -5.241970 -1.555456 7.302624
v -5.371583 -1.784239 7.302737
v -5.491489 -2.017956 7.302656
v -5.601436 -2.256128 7.302356
v -5.701170 -2.498276 7.301816
v -5.790442 -2.743921 7.301013
v -5.868997 -2.992582 7.299921
v -5.936583 -3.243782 7.298519
v 0.000000 1.479857 7.747540
v -0.252934 1.474426 7.747584
v -0.530006 1.456172 7.747712
v -0.793585 1.426889 7.747910
v -1.055711 1.386178 7.748173
v -1.315836 1.334206 7.748505
v -1.572663 1.271351 7.748896
v -1.826618 1.197599 7.749345
v -2.077227 1.113101 7.749849
v -2.324013 1.018004 7.750406
v -2.566503 0.912458 7.751012
v -2.804220 0.796611 7.751664
v -3.036688 0.670612 7.752357
v -3.263434 0.534608 7.753090
v -3.483981 0.388750 7.753860
v -3.697854 0.233185 7.754662
v -3.904512 0.068118 7.755492
v -4.102457 -0.105242 7.756341
v -4.292013 -0.286771 7.757195
v -4.473596 -0.476538 7.758038
v -4.646951 -0.674059 7.758852
v -4.811879 -0.878915 7.759618
v -4.968799 -1.091587 7.760323
v -5.116642 -1.310617 7.760943
v -5.255151 -1.535510 7.761462
v -5.384070 -1.765773 7.761860
v -5.503146 -2.000912 7.762120
v -5.612120 -2.240435 7.762223
v -5.710737 -2.483848 7.762152
v -5.798741 -2.730658 7.761887
v -5.875877 -2.980371 7.761412
v -5.941888 -3.232495 7.760708
v 0.000000 1.520878 8.206260
v -0.253684 1.515427 8.206295
v -0.531577 1.497073 8.206393
v -0.795933 1.467617 8.206549
v -1.058825 1.426662 8.206758
v -1.319700 1.374374 8.207021
v -1.577254 1.311133 8.207333
v -1.831913 1.236928 8.207694
v -2.083195 1.151910 8.208099
v -2.330621 1.056228 8.208552
v -2.573713 0.950032 8.209046
v -2.811989 0.833472 8.209580
v -3.044970 0.706697 8.210152
v -3.272176 0.569859 8.210760
v -3.493127 0.423107 8.211403
v -3.707344 0.266591 8.212076
v -3.914281 0.100516 8.212781
v -4.112434 -0.073898 8.213506
v -4.302125 -0.256519 8.214242
v -4.483765 -0.447408 8.214980
v -4.657096 -0.646068 8.215707
v -4.821917 -0.852069 8.216410
v -4.978638 -1.065886 8.217077
v -5.126189 -1.286042 8.217696
v -5.264308 -1.512030 8.218252
v -5.392735 -1.743345 8.218734
v -5.511212 -1.979483 8.219125
v -5.619476 -2.219936 8.219419
v -5.717269 -2.464200 8.219596
v -5.804331 -2.711770 8.219646
v -5.880401 -2.962139 8.219560
v -5.945219 -3.214803 8.219321
v 0.000000 1.558414 8.666251
v -0.254099 1.552959 8.666274
v -0.532446 1.534553 8.666339
v -0.797234 1.505004 8.666440
v -1.060554 1.463911 8.666576
v -1.321849 1.411441 8.666748
v -1.579812 1.347975 8.666952
v -1.834868 1.273502 8.667190
v -2.086534 1.188171 8.667455
v -2.334328 1.092132 8.667751
v -2.577768 0.985536 8.668073
v -2.816372 0.868531 8.668422
v -3.049657 0.741268 8.668797
v -3.277142 0.603896 8.669192
v -3.498345 0.456566 8.669611
v -3.712782 0.299428 8.670051
v -3.919907 0.132687 8.670508
v -4.118213 -0.042432 8.670980
v -4.308016 -0.225789 8.671458
v -4.489726 -0.417438 8.671938
v -4.663082 -0.616873 8.672411
v -4.827874 -0.823653 8.672869
v -4.984511 -1.038247 8.673306
v -5.131918 -1.259165 8.673712
v -5.269829 -1.485890 8.674080
v -5.397979 -1.717908 8.674400
v -5.516105 -1.954702 8.674664
v -5.623941 -2.195758 8.674870
v -5.721225 -2.440559 8.675002
v -5.807691 -2.688591 8.675056
v -5.883075 -2.939338 8.675024
v -5.947112 -3.192284 8.674898
v 0.000000 1.591942 9.127036
v -0.254173 1.586496 9.127046
v -0.532605 1.568088 9.127069
v -0.797475 1.538523 9.127109
v -1.060879 1.497399 9.127161
v -1.322260 1.444883 9.127226
v -1.580310 1.381352 9.127302
v -1.835455 1.306795 9.127388
v -2.087212 1.221360 9.127485
v -2.335099 1.125194 9.127590
v -2.578633 1.018447 9.127703
v -2.817333 0.901265 9.127824
v -3.050716 0.773798 9.127950
v -3.278300 0.636195 9.128079
v -3.499604 0.488602 9.128216
v -3.714144 0.331169 9.128355
v -3.921372 0.164099 9.128495
v -4.119781 -0.011380 9.128638
v -4.309685 -0.195122 9.128776
v -4.491488 -0.387177 9.128910
v -4.664927 -0.587031 9.129033
v -4.829786 -0.794237 9.129146
v -4.986472 -1.009258 9.129242
v -5.133903 -1.230595 9.129320
v -5.271810 -1.457726 9.129375
v -5.399925 -1.690126 9.129405
v -5.517979 -1.927275 9.129405
v -5.625704 -2.168649 9.129374
v -5.722830 -2.413725 9.129306
v -5.809090 -2.661982 9.129199
v -5.884214 -2.912896 9.129050
v -5.947934 -3.165946 9.128856
v 0.000000 1.621101 9.588119
v -0.253915 1.615676 9.588113
v -0.532066 1.597312 9.588095
v -0.796676 1.567808 9.588066
v -1.059827 1.526759 9.588026
v -1.320967 1.474327 9.587975
v -1.578789 1.410890 9.587912
v -1.833722 1.336431 9.587835
v -2.085284 1.251095 9.587748
v -2.332995 1.155027 9.587646
v -2.576375 1.048373 9.587533
v -2.814946 0.931277 9.587406
v -3.048226 0.803885 9.587265
v -3.275736 0.666343 9.587111
v -3.496996 0.518794 9.586942
v -3.711526 0.361386 9.586760
v -3.918780 0.194318 9.586561
v -4.117249 0.018816 9.586350
v -4.307248 -0.164971 9.586127
v -4.489174 -0.357088 9.585893
v -4.662760 -0.557018 9.585647
v -4.827789 -0.764309 9.585392
v -4.984662 -0.979424 9.585129
v -5.132294 -1.200857 9.584859
v -5.270413 -1.428081 9.584584
v -5.398745 -1.660571 9.584306
v -5.517019 -1.897800 9.584024
v -5.624961 -2.139241 9.583743
v -5.722300 -2.384368 9.583463
v -5.808762 -2.632654 9.583184
v -5.884076 -2.883574 9.582909
v -5.947968 -3.136599 9.582638
v 0.000000 1.646162 10.048886
v -0.253378 1.640769 10.048873
v -0.530946 1.622490 10.048833
v -0.795008 1.593110 10.048768
v -1.057626 1.552225 10.048676
v -1.318251 1.499991 10.048555
v -1.575583 1.436781 10.048405
v -1.830051 1.362573 10.048223
v -2.081179 1.277509 10.048008
v -2.328491 1.181729 10.047760
v -2.571512 1.075374 10.047476
v -2.809767 0.958585 10.047155
v -3.042778 0.831503 10.046796
v -3.270071 0.694267 10.046397
v -3.491169 0.547020 10.045958
v -3.705598 0.389901 10.045476
v -3.912815 0.223108 10.044950
v -4.111314 0.047861 10.044384
v -4.301405 -0.135691 10.043778
v -4.483484 -0.327592 10.043135
v -4.657279 -0.527324 10.042455
v -4.822572 -0.734434 10.041741
v -4.979760 -0.949383 10.040994
v -5.127754 -1.170668 10.040218
v -5.266277 -1.397760 10.039417
v -5.395055 -1.630133 10.038594
v -5.513812 -1.867260 10.037751
v -5.622270 -2.108613 10.036891
v -5.720154 -2.353667 10.036016
v -5.807188 -2.601895 10.035131
v -5.883097 -2.852768 10.034237
v -5.947604 -3.105761 10.033337
v 0.000000 1.667130 10.515050
v -0.252554 1.661779 10.515036
v -0.529225 1.643626 10.514994
v -0.792445 1.614440 10.514924
v -1.054240 1.573813 10.514823
v -1.314066 1.521898 10.514687
v -1.570635 1.459058 10.514512
v -1.824377 1.385268 10.514297
v -2.074822 1.300665 10.514039
v -2.321502 1.205383 10.513733
v -2.563947 1.099556 10.513377
v -2.801686 0.983321 10.512968
v -3.034250 0.856813 10.512503
v -3.261171 0.720165 10.511978
v -3.481977 0.573515 10.511392
v -3.696199 0.416996 10.510739
v -3.903302 0.250800 10.510019
v -4.101783 0.076139 10.509233
v -4.291951 -0.106839 10.508383
v -4.474196 -0.298179 10.507467
v -4.648246 -0.497366 10.506490
v -4.813877 -0.703950 10.505453
v -4.971488 -0.918392 10.504354
v -5.119986 -1.139193 10.503200
v -5.259090 -1.365829 10.501993
v -5.388522 -1.597776 10.500737
v -5.508004 -1.834509 10.499434
v -5.617256 -2.075505 10.498087
v -5.716001 -2.320238 10.496698
v -5.803957 -2.568186 10.495272
v -5.880848 -2.818823 10.493808
v -5.946394 -3.071626 10.492311
v 0.000000 1.683643 10.980967
v -0.251471 1.678343 10.980960
v -0.526962 1.660356 10.980942
v -0.789071 1.631427 10.980907
v -1.049780 1.591148 10.980853
v -1.308552 1.539664 10.980772
v -1.564108 1.477332 10.980660
v -1.816885 1.404121 10.980513
v -2.066420 1.320161 10.980323
v -2.312252 1.225580 10.980088
v -2.553917 1.120508 10.979801
v -2.790956 1.005072 10.979459
v -3.022904 0.879403 10.979054
v -3.249301 0.743628 10.978583
v -3.469684 0.597877 10.978041
v -3.683592 0.442278 10.977422
v -3.890496 0.277016 10.976722
v -4.088901 0.103292 10.975941
v -4.279110 -0.078750 10.975079
v -4.461514 -0.269158 10.974134
v -4.635837 -0.467421 10.973109
v -4.801853 -0.673096 10.972005
v -4.959963 -0.886645 10.970818
v -5.109068 -1.106580 10.969552
v -5.248888 -1.332382 10.968211
v -5.379140 -1.563533 10.966795
v -5.499545 -1.799514 10.965307
v -5.609821 -2.039807 10.963747
v -5.709688 -2.283893 10.962116
v -5.798863 -2.531254 10.960418
v -5.877069 -2.781372 10.958652
v -5.944021 -3.033728 10.956819
v 0.000000 1.695786 11.439520
v -0.250176 1.690547 11.439539
v -0.524256 1.672759 11.439602
v -0.785035 1.644142 11.439698
v -1.044440 1.604289 11.439821
v -1.301944 1.553338 11.439966
v -1.556282 1.491636 11.440123
v -1.807893 1.419149 11.440289
v -2.056323 1.335999 11.440452
v -2.301120 1.242309 11.440610
v -2.541830 1.138202 11.440754
v -2.778000 1.023799 11.440879
v -3.009177 0.899224 11.440976
v -3.234908 0.764600 11.441039
v -3.454740 0.620048 11.441063
v -3.668220 0.465691 11.441038
v -3.874829 0.301707 11.440959
v -4.073078 0.129283 11.440822
v -4.263270 -0.051441 11.440625
v -4.445794 -0.240518 11.440368
v -4.620371 -0.437444 11.440050
v -4.786778 -0.641785 11.439668
v -4.945415 -0.854004 11.439223
v -5.095181 -1.072627 11.438714
v -5.235795 -1.297146 11.438140
v -5.366975 -1.527049 11.437500
v -5.488441 -1.761827 11.436794
v -5.599910 -2.000969 11.436020
v -5.701099 -2.243967 11.435180
v -5.791729 -2.490309 11.434269
v -5.871518 -2.739486 11.433290
v -5.940184 -2.990989 11.432240
v 0.000000 1.702968 11.898173
v -0.248653 1.697798 11.898216
v -0.521073 1.680244 11.898360
v -0.780288 1.651999 11.898585
v -1.038158 1.612655 11.898884
v -1.294169 1.562344 11.899251
v -1.547069 1.501405 11.899673
v -1.797301 1.429797 11.900147
v -2.044424 1.347638 11.900660
v -2.287993 1.255043 11.901203
v -2.527565 1.152129 11.901772
v -2.762698 1.039012 11.902354
v -2.992947 0.915807 11.902943
v -3.217870 0.782631 11.903528
v -3.437024 0.639601 11.904103
v -3.649965 0.486831 11.904657
v -3.856186 0.324493 11.905184
v -4.054204 0.153758 11.905672
v -4.244322 -0.025243 11.906120
v -4.426928 -0.212566 11.906528
v -4.601742 -0.407720 11.906891
v -4.768541 -0.610280 11.907207
v -4.927729 -0.820713 11.907476
v -5.078203 -1.037565 11.907693
v -5.219681 -1.260337 11.907854
v -5.351882 -1.488530 11.907957
v -5.474524 -1.721646 11.907999
v -5.587326 -1.959184 11.907977
v -5.690005 -2.200648 11.907889
v -5.782279 -2.445537 11.907731
v -5.863868 -2.693352 11.907500
v -5.934490 -2.943596 11.907194
v 0.000000 1.705655 12.352359
v -0.246953 1.700562 12.352438
v -0.517518 1.683273 12.352701
v -0.774984 1.655450 12.353119
v -1.031137 1.616687 12.353684
v -1.285476 1.567109 12.354390
v -1.536762 1.507047 12.355225
v -1.785446 1.436457 12.356178
v -2.031094 1.355449 12.357244
v -2.273275 1.264134 12.358408
v -2.511556 1.162621 12.359665
v -2.745504 1.051021 12.361004
v -2.974686 0.929444 12.362415
v -3.198670 0.798000 12.363889
v -3.417024 0.656799 12.365417
v -3.629314 0.505952 12.366988
v -3.835042 0.345622 12.368593
v -4.032739 0.176961 12.370216
v -4.222703 0.000094 12.371854
v -4.405323 -0.185043 12.373509
v -4.580320 -0.377971 12.375175
v -4.747474 -0.578278 12.376849
v -4.907190 -0.786432 12.378535
v -5.058367 -1.001005 12.380219
v -5.200723 -1.221509 12.381896
v -5.333979 -1.447459 12.383562
v -5.457853 -1.678368 12.385212
v -5.572065 -1.913751 12.386841
v -5.676336 -2.153122 12.388444
v -5.770383 -2.395994 12.390015
v -5.853927 -2.641881 12.391552
v -5.926689 -2.890298 12.393046
v 0.000000 1.701365 12.806500
v -0.245107 1.696357 12.806616
v -0.513657 1.679357 12.807002
v -0.769220 1.651998 12.807613
v -1.023504 1.613879 12.808452
v -1.276016 1.565120 12.809505
v -1.525538 1.506042 12.810756
v -1.772522 1.436601 12.812200
v -2.016547 1.356902 12.813825
v -2.257191 1.267050 12.815619
v -2.494034 1.167150 12.817575
v -2.726652 1.057310 12.819677
v -2.954626 0.937633 12.821918
v -3.177532 0.808226 12.824286
v -3.394950 0.669193 12.826769
v -3.606457 0.520641 12.829358
v -3.811568 0.362728 12.832041
v -4.008821 0.196583 12.834791
v -4.198520 0.022322 12.837609
v -4.381050 -0.160125 12.840496
v -4.556140 -0.350296 12.843445
v -4.723567 -0.547794 12.846452
v -4.883747 -0.753090 12.849523
v -5.035577 -0.964785 12.852636
v -5.178781 -1.182407 12.855786
v -5.313080 -1.405488 12.858968
v -5.438197 -1.633556 12.862171
v -5.553853 -1.866143 12.865392
v -5.659770 -2.102777 12.868623
v -5.755670 -2.342990 12.871857
v -5.841276 -2.586311 12.875088
v -5.916309 -2.832271 12.878308
v 0.000000 1.683820 13.427665
v -0.242474 1.678933 13.427732
v -0.508150 1.662359 13.427958
v -0.761002 1.635687 13.428317
v -1.012624 1.598524 13.428807
v -1.262540 1.550985 13.429420
v -1.509555 1.493380 13.430148
v -1.754128 1.425663 13.430983
v -1.995854 1.347934 13.431921
v -2.234327 1.260291 13.432952
v -2.469141 1.162835 13.434072
v -2.699887 1.055662 13.435273
v -2.926160 0.938872 13.436547
v -3.147552 0.812562 13.437892
v -3.363656 0.676831 13.439300
v -3.574062 0.531775 13.440763
v -3.778298 0.377544 13.442278
v -3.974918 0.215233 13.443830
v -4.164224 0.044940 13.445423
v -4.346605 -0.133421 13.447055
v -4.521793 -0.319413 13.448730
v -4.689569 -0.512665 13.450444
v -4.850354 -0.713656 13.452208
v -5.003049 -0.921033 13.454009
v -5.147379 -1.134351 13.455846
v -5.283068 -1.353167 13.457722
v -5.409837 -1.577036 13.459634
v -5.527412 -1.805512 13.461581
v -5.635514 -2.038149 13.463564
v -5.733866 -2.274502 13.465583
v -5.822189 -2.514123 13.467636
v -5.900205 -2.756563 13.469725
v 0.000000 1.652436 14.041500
v -0.239880 1.647668 14.041515
v -0.502722 1.631509 14.041568
v -0.752894 1.605514 14.041649
v -1.001876 1.569299 14.041757
v -1.249207 1.522979 14.041887
v -1.493711 1.466860 14.042038
v -1.735855 1.400898 14.042203
v -1.975244 1.325190 14.042382
v -2.211487 1.239836 14.042570
v -2.444191 1.144934 14.042767
v -2.672961 1.040581 14.042966
v -2.897405 0.926873 14.043165
v -3.117127 0.803906 14.043366
v -3.331734 0.671777 14.043565
v -3.540830 0.530580 14.043756
v -3.743956 0.380460 14.043942
v -3.939682 0.222481 14.044121
v -4.128314 0.056724 14.044295
v -4.310249 -0.116909 14.044465
v -4.485224 -0.298010 14.044634
v -4.653032 -0.486230 14.044806
v -4.814103 -0.682055 14.044986
v -4.967347 -0.884180 14.045173
v -5.112495 -1.092190 14.045370
v -5.249281 -1.305668 14.045588
v -5.377432 -1.524196 14.045825
v -5.496682 -1.747356 14.046089
v -5.606757 -1.974729 14.046385
v -5.707386 -2.205895 14.046718
v -5.798297 -2.440434 14.047094
v -5.879215 -2.677923 14.047521
v 0.000000 1.613353 14.582260
v -0.237698 1.608684 14.582178
v -0.498154 1.592873 14.581896
v -0.746069 1.567448 14.581443
v -0.992823 1.532037 14.580812
v -1.237965 1.486761 14.580007
v -1.480338 1.431921 14.579031
v -1.720409 1.367480 14.577883
v -1.957796 1.293538 14.576565
v -2.192115 1.210198 14.575079
v -2.422984 1.117560 14.573427
v -2.650019 1.015722 14.571611
v -2.872838 0.904785 14.569634
v -3.091054 0.784845 14.567499
v -3.304285 0.656001 14.565207
v -3.512146 0.518349 14.562763
v -3.714185 0.372032 14.560170
v -3.908991 0.218089 14.557450
v -4.096873 0.056586 14.554605
v -4.278237 -0.112584 14.551629
v -4.452830 -0.289038 14.548534
v -4.620454 -0.472449 14.545327
v -4.781551 -0.663305 14.542001
v -4.935042 -0.860348 14.538578
v -5.080668 -1.063187 14.535070
v -5.218171 -1.271431 14.531492
v -5.347288 -1.484688 14.527851
v -5.467761 -1.702563 14.524163
v -5.579324 -1.924663 14.520441
v -5.681715 -2.150593 14.516697
v -5.774668 -2.379957 14.512953
v -5.857917 -2.612358 14.509220
v 0.000000 1.567314 15.089249
v -0.235773 1.562730 15.089029
v -0.494125 1.547221 15.088285
v -0.740044 1.522293 15.087098
v -0.984823 1.487591 15.085449
v -1.228021 1.443239 15.083347
v -1.468492 1.389541 15.080812
v -1.706705 1.326469 15.077842
v -1.942286 1.254129 15.074447
v -2.174858 1.172628 15.070633
v -2.404046 1.082073 15.066410
v -2.629474 0.982568 15.061787
v -2.850768 0.874218 15.056769
v -3.067549 0.757126 15.051370
v -3.279443 0.631395 15.045592
v -3.486073 0.497127 15.039450
v -3.686996 0.354469 15.032953
v -3.880812 0.204434 15.026154
v -4.067842 0.047081 15.019052
v -4.248496 -0.117708 15.011634
v -4.422536 -0.289569 15.003919
v -4.589775 -0.468198 14.995918
v -4.750667 -0.654077 14.987609
v -4.904145 -0.845998 14.979044
v -5.049964 -1.043589 14.970244
v -5.187876 -1.246483 14.961229
v -5.317631 -1.454309 14.952017
v -5.438981 -1.666698 14.942630
v -5.551671 -1.883280 14.933095
v -5.655448 -2.103683 14.923433
v -5.750060 -2.327534 14.913677
v -5.835246 -2.554461 14.903852
v 0.000000 1.513845 15.591169
v -0.233966 1.509338 15.590773
v -0.490339 1.494106 15.589437
v -0.734380 1.469639 15.587300
v -0.977298 1.435597 15.584338
v -1.218657 1.392113 15.580567
v -1.457324 1.339494 15.576019
v -1.693767 1.277724 15.570700
v -1.927617 1.206917 15.564621
v -2.158504 1.127189 15.557802
v -2.386060 1.038654 15.550256
v -2.609913 0.941426 15.542004
v -2.829696 0.835616 15.533053
v -3.045037 0.721338 15.523428
v -3.255567 0.598700 15.513143
v -3.460916 0.467814 15.502210
v -3.660648 0.328833 15.490657
v -3.853378 0.182750 15.478571
v -4.039434 0.029613 15.465948
v -4.219235 -0.130703 15.452770
v -4.392559 -0.297852 15.439061
v -4.559229 -0.471548 15.424840
v -4.719713 -0.652272 15.410062
v -4.872961 -0.838857 15.394821
v -5.018740 -1.030954 15.379145
v -5.156817 -1.228216 15.363064
v -5.286954 -1.430294 15.346605
v -5.408917 -1.636841 15.329804
v -5.522465 -1.847508 15.312698
v -5.627356 -2.061945 15.295325
v -5.723348 -2.279803 15.277725
v -5.810197 -2.500727 15.259943
v 0.000000 1.452905 16.096220
v -0.232202 1.448471 16.095613
v -0.486644 1.433499 16.093586
v -0.728848 1.409467 16.090340
v -0.969943 1.376053 16.085838
v -1.209496 1.333400 16.080111
v -1.446384 1.281823 16.073208
v -1.681075 1.221318 16.065136
v -1.913203 1.152011 16.055918
v -2.142403 1.074027 16.045578
v -2.368310 0.987492 16.034142
v -2.590560 0.892530 16.021641
v -2.808789 0.789264 16.008087
v -3.022629 0.677818 15.993516
v -3.231718 0.558312 15.977952
v -3.435689 0.430868 15.961414
v -3.634114 0.295650 15.943944
v -3.825619 0.153631 15.925670
v -4.010544 0.004852 15.906587
v -4.189316 -0.150816 15.886668
v -4.361729 -0.313047 15.865944
v -4.527621 -0.481570 15.844443
v -4.687471 -0.656860 15.822095
v -4.840251 -0.837792 15.799037
v -4.985743 -1.024038 15.775307
v -5.123727 -1.215268 15.750946
v -5.253983 -1.411153 15.725994
v -5.376292 -1.611364 15.700495
v -5.490426 -1.815572 15.674496
v -5.596161 -2.023447 15.648049
v -5.693270 -2.234656 15.621209
v -5.781524 -2.448867 15.594030
v 0.000000 1.381854 16.627661
v -0.230358 1.377493 16.626806
v -0.482780 1.362783 16.623953
v -0.723062 1.339190 16.619385
v -0.962244 1.306416 16.613052
v -1.199899 1.264615 16.604992
v -1.434913 1.214112 16.595285
v -1.667750 1.154918 16.583939
v -1.898049 1.087172 16.570984
v -2.125449 1.011013 16.556458
v -2.349587 0.926580 16.540396
v -2.570105 0.834012 16.522839
v -2.786639 0.733443 16.503817
v -2.998831 0.625013 16.483368
v -3.206317 0.508854 16.461531
v -3.408737 0.385102 16.438337
v -3.605667 0.253935 16.413841
v -3.795748 0.116306 16.388227
v -3.979328 -0.027749 16.361485
v -4.156849 -0.178366 16.333576
v -4.328118 -0.335236 16.304544
v -4.492993 -0.498104 16.274427
v -4.651964 -0.667435 16.243126
v -4.804025 -0.842150 16.210833
v -4.948975 -1.021937 16.177591
v -5.086613 -1.206484 16.143461
v -5.216736 -1.395482 16.108494
v -5.339138 -1.588616 16.072746
v -5.453615 -1.785576 16.036278
v -5.559958 -1.986046 15.999153
v -5.657956 -2.189711 15.961442
v -5.747400 -2.396250 15.923211
v 0.000000 1.301968 17.171717
v -0.228436 1.297678 17.170597
v -0.478750 1.283224 17.166847
v -0.717024 1.260065 17.160851
v -0.954206 1.227926 17.152540
v -1.189870 1.186976 17.141966
v -1.422912 1.137553 17.129230
v -1.653792 1.079685 17.114347
v -1.882151 1.013527 17.097361
v -2.107630 0.939234 17.078320
v -2.329871 0.856962 17.057270
v -2.548516 0.766864 17.034267
v -2.763205 0.669094 17.009350
v -2.973582 0.563804 16.982573
v -3.179286 0.451148 16.953983
v -3.379960 0.331276 16.923630
v -3.575183 0.204382 16.891579
v -3.763611 0.071405 16.858070
v -3.945603 -0.067628 16.823093
v -4.121613 -0.212852 16.786600
v -4.291465 -0.363977 16.748640
v -4.455038 -0.520762 16.709267
v -4.612832 -0.683658 16.668344
v -4.763868 -0.851631 16.626123
v -4.907964 -1.024385 16.582663
v -5.044938 -1.201622 16.538025
v -5.174607 -1.383048 16.492277
v -5.296786 -1.568363 16.445486
v -5.411289 -1.757269 16.397722
v -5.517929 -1.949463 16.349058
v -5.616518 -2.144643 16.299568
v -5.706867 -2.342499 16.249325
v 0.000000 1.215628 17.713615
v -0.226451 1.211409 17.712212
v -0.474587 1.197208 17.707500
v -0.710786 1.174482 17.699972
v -0.945896 1.142979 17.689545
v -1.179496 1.102886 17.676281
v -1.410491 1.054553 17.660309
v -1.639333 0.998029 17.641647
v -1.865667 0.933487 17.620354
v -2.089136 0.861099 17.596491
v -2.309382 0.781037 17.570124
v -2.526051 0.693475 17.541311
v -2.738783 0.598582 17.510111
v -2.947225 0.496530 17.476595
v -3.151018 0.387490 17.440823
v -3.349806 0.271632 17.402853
v -3.543171 0.149167 17.362768
v -3.729783 0.021017 17.320883
v -3.910013 -0.112796 17.277166
v -4.084328 -0.252412 17.231573
v -4.252572 -0.397555 17.184166
v -4.414639 -0.548001 17.134998
v -4.571046 -0.704186 17.083916
v -4.720839 -0.865122 17.031221
v -4.863855 -1.030527 16.976994
v -4.999934 -1.200119 16.921307
v -5.128912 -1.373618 16.864241
v -5.250623 -1.550737 16.805876
v -5.364903 -1.731189 16.746290
v -5.471586 -1.914685 16.685570
v -5.570508 -2.100930 16.623789
v -5.661498 -2.289625 16.561039
v 0.000000 1.121728 18.254250
v -0.224350 1.117576 18.252558
v -0.470180 1.103623 18.246887
v -0.704177 1.081322 18.237827
v -0.937088 1.050449 18.225283
v -1.168491 1.011210 18.209332
v -1.397301 0.963970 18.190125
v -1.623963 0.908801 18.167690
v -1.848122 0.845896 18.142097
v -2.069421 0.775447 18.113424
v -2.287504 0.697647 18.081753
v -2.502017 0.612688 18.047152
v -2.712604 0.520762 18.009697
v -2.918907 0.422062 17.969473
v -3.120572 0.316781 17.926552
v -3.317242 0.205109 17.881008
v -3.508500 0.087280 17.832941
v -3.693033 -0.035800 17.782721
v -3.871223 -0.164114 17.730324
v -4.043552 -0.297800 17.675682
v -4.209883 -0.436602 17.618874
v -4.370131 -0.580307 17.559963
v -4.524827 -0.729334 17.498760
v -4.673048 -0.882741 17.435625
v -4.814652 -1.040261 17.370646
v -4.949502 -1.201629 17.303907
v -5.077456 -1.366574 17.235500
v -5.198374 -1.534827 17.165504
v -5.312115 -1.706114 17.094011
v -5.418539 -1.880157 17.021103
v -5.517507 -2.056679 16.946863
v -5.608878 -2.235396 16.871374
v 0.000000 1.020623 18.792398
v -0.222104 1.016542 18.790400
v -0.465470 1.002848 18.783707
v -0.697115 0.980992 18.773016
v -0.927674 0.950780 18.758215
v -1.156728 0.912439 18.739403
v -1.383198 0.866353 18.716757
v -1.607523 0.812616 18.690310
v -1.829348 0.751442 18.660149
v -2.048317 0.683046 18.626369
v -2.264075 0.607643 18.589066
v -2.476268 0.525445 18.548323
v -2.684539 0.436668 18.504238
v -2.888534 0.341525 18.456902
v -3.087897 0.240231 18.406408
v -3.282273 0.133001 18.352846
v -3.471245 0.020085 18.296331
v -3.653519 -0.097624 18.237293
v -3.829489 -0.220119 18.175718
v -3.999653 -0.347541 18.111517
v -4.163898 -0.479653 18.044785
v -4.322160 -0.616262 17.975595
v -4.474985 -0.757772 17.903721
v -4.621484 -0.903295 17.829592
v -4.761540 -1.052585 17.753302
v -4.895038 -1.205398 17.674952
v -5.021861 -1.361487 17.594646
v -5.141893 -1.520604 17.512476
v -5.255020 -1.682498 17.428541
v -5.361124 -1.846918 17.342939
v -5.460093 -2.013611 17.255762
v -5.551813 -2.182323 17.167101
v 0.000000 0.923156 19.275862
v -0.219926 0.919141 19.273581
v -0.460901 0.905690 19.265940
v -0.690261 0.884254 19.253740
v -0.918536 0.854667 19.236856
v -1.145308 0.817176 19.215410
v -1.369503 0.772182 19.189598
v -1.591553 0.719803 19.159464
v -1.811105 0.660274 19.125111
v -2.027802 0.593830 19.086653
v -2.241288 0.520707 19.044195
v -2.451211 0.441138 18.997843
v -2.657214 0.355360 18.947712
v -2.858943 0.263607 18.893902
v -3.056041 0.166114 18.836527
v -3.248154 0.063117 18.775694
v -3.434867 -0.045114 18.711535
v -3.614901 -0.157704 18.644541
v -3.788664 -0.274653 18.574703
v -3.956668 -0.396108 18.501921
v -4.118822 -0.521850 18.426308
v -4.275082 -0.651705 18.347954
v -4.426008 -0.786063 18.266605
v -4.570743 -0.924088 18.182747
v -4.709192 -1.065556 18.096502
v -4.841261 -1.210240 18.007982
v -4.966855 -1.357914 17.917307
v -5.085881 -1.508349 17.824589
v -5.198246 -1.661315 17.729946
v -5.303854 -1.816580 17.633490
v -5.402617 -1.973910 17.535326
v -5.494441 -2.133070 17.435566
v 0.000000 0.813341 19.784300
v -0.217439 0.809398 19.781717
v -0.455683 0.796211 19.773081
v -0.682435 0.775232 19.759296
v -0.908100 0.746327 19.740225
v -1.132259 0.709768 19.716011
v -1.353850 0.665974 19.686878
v -1.573293 0.615091 19.652884
v -1.790235 0.557378 19.614145
v -2.004319 0.493093 19.570801
v -2.215190 0.422496 19.522966
v -2.422493 0.345845 19.470774
v -2.625873 0.263399 19.414349
v -2.824975 0.175417 19.353817
v -3.019442 0.082158 19.289301
v -3.208920 -0.016119 19.220938
v -3.392993 -0.119121 19.148872
v -3.570403 -0.225992 19.073664
v -3.741573 -0.336742 18.995306
v -3.907030 -0.451521 18.913689
v -4.066707 -0.570134 18.828951
v -4.220585 -0.692426 18.741196
v -4.369239 -0.818773 18.650146
v -4.511848 -0.948398 18.556353
v -4.648343 -1.081098 18.459955
v -4.778655 -1.216672 18.361086
v -4.902712 -1.354914 18.259886
v -5.020449 -1.495620 18.156487
v -5.131795 -1.638583 18.051027
v -5.236682 -1.783593 17.943634
v -5.335044 -1.930440 17.834438
v -5.426815 -2.078913 17.723574
v 0.000000 0.683587 20.347420
v -0.214442 0.679726 20.344505
v -0.449395 0.666839 20.334761
v -0.673001 0.646383 20.319218
v -0.895516 0.618262 20.297724
v -1.116523 0.582775 20.270447
v -1.334966 0.540367 20.237648
v -1.551255 0.491216 20.199392
v -1.765036 0.435609 20.155823
v -1.975951 0.373833 20.107100
v -2.183644 0.306177 20.053354
v -2.387761 0.232928 19.994749
v -2.587943 0.154375 19.931425
v -2.783836 0.070804 19.863531
v -2.975083 -0.017496 19.791214
v -3.161328 -0.110238 19.714628
v -3.342156 -0.207102 19.633945
v -3.516331 -0.307254 19.549797
v -3.684295 -0.410713 19.462181
v -3.846594 -0.517635 19.370981
v -4.003190 -0.627853 19.276358
v -4.154094 -0.741234 19.178434
v -4.299897 -0.858139 19.076912
v -4.439825 -0.977858 18.972406
v -4.573838 -1.100218 18.865080
v -4.701898 -1.225044 18.755096
v -4.823964 -1.352161 18.642614
v -4.939998 -1.481391 18.527790
v -5.049963 -1.612558 18.410782
v -5.153820 -1.745482 18.291746
v -5.251533 -1.879983 18.170839
v -5.343063 -2.015879 18.048216
v 0.000000 0.519550 21.019424
v -0.210555 0.515788 21.016109
v -0.441238 0.503267 21.005035
v -0.660763 0.483452 20.987381
v -0.879190 0.456293 20.962988
v -1.096101 0.422129 20.932043
v -1.310451 0.381435 20.894859
v -1.522637 0.334430 20.851515
v -1.732300 0.281440 20.802185
v -1.939082 0.222789 20.747047
v -2.142625 0.158804 20.686274
v -2.342572 0.089808 20.620041
v -2.538565 0.016129 20.548525
v -2.730247 -0.061910 20.471901
v -2.917259 -0.143982 20.390343
v -3.099245 -0.229762 20.304028
v -3.275789 -0.318896 20.213160
v -3.445686 -0.410577 20.118458
v -3.609400 -0.504836 20.019924
v -3.767501 -0.601835 19.917435
v -3.919992 -0.701440 19.811178
v -4.066920 -0.803549 19.701300
v -4.208901 -0.908503 19.587469
v -4.345218 -1.015680 19.470392
v -4.475873 -1.124944 19.350256
v -4.600867 -1.236157 19.227247
v -4.720201 -1.349184 19.101555
v -4.833877 -1.463885 18.973366
v -4.941896 -1.580127 18.842869
v -5.044260 -1.697770 18.710249
v -5.140971 -1.816678 18.575697
v -5.232029 -1.936715 18.439398
v 0.000000 0.405253 21.465580
v -0.207762 0.401557 21.461994
v -0.435378 0.389285 21.450018
v -0.651969 0.369905 21.430935
v -0.867457 0.343404 21.404581
v -1.081421 0.310147 21.371162
v -1.292828 0.270630 21.331020
v -1.502058 0.225102 21.284248
v -1.708754 0.173916 21.231043
v -1.912555 0.117423 21.171597
v -2.113102 0.055976 21.106106
v -2.310037 -0.010074 21.034767
v -2.502999 -0.080375 20.957773
v -2.691630 -0.154574 20.875322
v -2.875570 -0.232320 20.787607
v -3.054460 -0.313261 20.694824
v -3.227885 -0.397016 20.597202
v -3.394661 -0.482798 20.495518
v -3.555267 -0.570645 20.389778
v -3.710290 -0.660725 20.279865
v -3.859758 -0.752926 20.165981
v -4.003747 -0.847167 20.048296
v -4.142885 -0.943772 19.926460
v -4.276497 -1.042180 19.801239
v -4.404613 -1.142278 19.672844
v -4.527260 -1.243952 19.541483
v -4.644467 -1.347088 19.407364
v -4.756264 -1.451573 19.270699
v -4.862678 -1.557293 19.131695
v -4.963738 -1.664135 18.990562
v -5.059474 -1.771985 18.847509
v -5.149914 -1.880729 18.702747
v 0.000000 0.287981 21.910141
v -0.204818 0.284352 21.906277
v -0.429200 0.272330 21.893387
v -0.642699 0.253391 21.872854
v -0.855088 0.227557 21.844509
v -1.065945 0.195219 21.808580
v -1.274245 0.156899 21.765442
v -1.480357 0.112877 21.715200
v -1.683920 0.063532 21.658068
v -1.884572 0.009244 21.594263
v -2.081954 -0.049607 21.524004
v -2.275702 -0.112642 21.447502
v -2.465458 -0.179479 21.364977
v -2.650858 -0.249740 21.276646
v -2.831543 -0.323045 21.182720
v -3.007151 -0.399013 21.083420
v -3.177266 -0.477239 20.978994
v -3.340728 -0.556952 20.870283
v -3.498029 -0.638201 20.757301
v -3.649776 -0.721157 20.639929
v -3.796024 -0.805732 20.518391
v -3.936873 -0.891866 20.392878
v -4.072970 -0.979868 20.263023
v -4.203682 -1.069238 20.129658
v -4.329066 -1.159886 19.993010
v -4.449179 -1.251724 19.853312
v -4.564079 -1.344660 19.710794
v -4.673821 -1.438607 19.565693
v -4.778464 -1.533475 19.418236
v -4.878064 -1.629173 19.268658
v -4.972678 -1.725612 19.117188
v -5.062364 -1.822704 18.964060
v 0.000000 0.168124 22.354145
v -0.201720 0.164561 22.350000
v -0.422699 0.152791 22.336176
v -0.632942 0.134297 22.314161
v -0.842068 0.109137 22.283785
v -1.049654 0.077732 22.245295
v -1.254682 0.040629 22.199097
v -1.457509 -0.001863 22.145311
v -1.657771 -0.049332 22.084177
v -1.855105 -0.101372 22.015930
v -2.049148 -0.157572 21.940809
v -2.239537 -0.217524 21.859051
v -2.425907 -0.280819 21.770893
v -2.607898 -0.347048 21.676575
v -2.785144 -0.415802 21.576332
v -2.957283 -0.486672 21.470404
v -3.123899 -0.559225 21.359066
v -3.283854 -0.632709 21.243216
v -3.437657 -0.707181 21.122881
v -3.585931 -0.782819 20.997940
v -3.728762 -0.859557 20.868641
v -3.866277 -0.937359 20.735193
v -3.999139 -1.016516 20.597219
v -4.126758 -1.096592 20.455608
v -4.249223 -1.177522 20.310616
v -4.366620 -1.259243 20.162495
v -4.479035 -1.341689 20.011501
v -4.586555 -1.424795 19.857889
v -4.689266 -1.508497 19.701916
v -4.787255 -1.592731 19.543837
v -4.880607 -1.677431 19.383905
v -4.969410 -1.762533 19.222376
v 0.000000 0.046068 22.798637
v -0.198464 0.042573 22.794201
v -0.415866 0.031056 22.779415
v -0.622688 0.013010 22.755880
v -0.828384 -0.011469 22.723415
v -1.032531 -0.041929 22.682291
v -1.234120 -0.077799 22.632952
v -1.433492 -0.118734 22.575529
v -1.630282 -0.164296 22.510284
v -1.824125 -0.214046 22.437475
v -2.014655 -0.267544 22.357365
v -2.201507 -0.324351 22.270210
v -2.384315 -0.384028 22.176273
v -2.562714 -0.446136 22.075813
v -2.736339 -0.510236 21.969091
v -2.904823 -0.575889 21.856367
v -3.067750 -0.642634 21.737940
v -3.224006 -0.709736 21.614775
v -3.374119 -0.777263 21.486906
v -3.518727 -0.845398 21.354210
v -3.657947 -0.914101 21.216961
v -3.791937 -0.983356 21.075390
v -3.921371 -1.053439 20.929108
v -4.045712 -1.123980 20.779060
v -4.165075 -1.194940 20.625530
v -4.279578 -1.266280 20.468796
v -4.389338 -1.337961 20.309137
v -4.494472 -1.409943 20.146832
v -4.595097 -1.482188 19.982161
v -4.691330 -1.554657 19.815401
v -4.783288 -1.627311 19.646835
v -4.871087 -1.700111 19.476742
v -4.850503 -1.695413 19.546085
v -5.745306 -2.880371 3.067677
v 0.000000 -0.077796 23.244656
v -0.203168 -0.081512 23.239519
v -0.405954 -0.092296 23.224411
v -0.607991 -0.109680 23.199612
v -0.808914 -0.133197 23.165401
v -1.008359 -0.162381 23.122063
v -1.205958 -0.196763 23.069876
v -1.401348 -0.235877 23.009123
v -1.594162 -0.279255 22.940084
v -1.784036 -0.326431 22.863043
v -1.970603 -0.376937 22.778278
v -2.153498 -0.430306 22.686073
v -2.332356 -0.486071 22.586708
v -2.506812 -0.543765 22.480465
v -2.676500 -0.602920 22.367624
v -2.841054 -0.663069 22.248468
v -3.000109 -0.723745 22.123278
v -3.153386 -0.784557 21.992338
v -3.300949 -0.845416 21.855951
v -3.442945 -0.906310 21.714424
v -3.579527 -0.967227 21.568064
v -3.710842 -1.028153 21.417173
v -3.837040 -1.089077 21.262060
v -3.958272 -1.149985 21.103033
v -4.074686 -1.210866 20.940395
v -4.186431 -1.271707 20.774454
v -4.293658 -1.332495 20.605515
v -4.396516 -1.393217 20.433886
v -4.495154 -1.453862 20.259871
v -4.589723 -1.514417 20.083776
v -4.680371 -1.574868 19.905910
v -4.767248 -1.635205 19.726578
v -4.963553 -1.779558 19.284447
v -5.069483 -1.860041 19.018702
v -5.168643 -1.937251 18.749367
v -5.261381 -2.011582 18.476963
v -5.348003 -2.083403 18.201910
v -5.428785 -2.153076 17.924511
v -5.503648 -2.220820 17.644981
v -5.572619 -2.287052 17.363579
v -5.635531 -2.352042 17.080465
v -5.692389 -2.415806 16.795794
v -5.743774 -2.479452 16.502539
v -5.787836 -2.540963 16.207640
v -5.826038 -2.601589 15.904298
v -5.858412 -2.661194 15.591170
v -5.886212 -2.721154 15.259933
v -5.910294 -2.783093 14.899277
v -5.931678 -2.849348 14.492171
v -5.950878 -2.922539 14.015759
v -5.968087 -3.004508 13.447220
v -5.980833 -3.083570 12.855869
v -5.988528 -3.142765 12.376631
v -5.993880 -3.196701 11.896740
v -5.997496 -3.245664 11.416290
v -5.999503 -3.289551 10.935337
v -6.000290 -3.325959 10.491012
v -6.000437 -3.359350 10.046455
v -6.000177 -3.389809 9.601698
v -6.000003 -3.419107 9.152194
v -5.999584 -3.445431 8.702515
v -5.998610 -3.467939 8.247983
v -5.996610 -3.485486 7.783952
v -5.992853 -3.496340 7.301144
v -5.987041 -3.498835 6.818237
v -5.978638 -3.490870 6.335443
v -5.968476 -3.473989 5.890131
v -5.955525 -3.445150 5.448463
v -5.938927 -3.401387 5.008214
v -5.918550 -3.342371 4.572879
v -5.898489 -3.282315 4.200775
v -5.876264 -3.214574 3.871110
v -5.846019 -3.129433 3.546369
v -5.792046 -2.992813 3.125691
v -5.720266 -2.832095 2.716220
v -5.658504 -2.709810 2.452592
v -5.552627 -2.526437 2.113929
v -5.435323 -2.341931 1.809261
v -5.273646 -2.121099 1.499580
v -5.122683 -1.945528 1.299015
v -4.978416 -1.787308 1.131187
v -4.844088 -1.651189 1.001441
v -4.709478 -1.524119 0.892017
v -4.568773 -1.399443 0.794232
v -4.437487 -1.289783 0.715422
v -4.301268 -1.181618 0.643169
v -4.160617 -1.075446 0.577126
v -4.015960 -0.971587 0.516782
v -3.867515 -0.870223 0.461600
v -3.715477 -0.771642 0.411197
v -3.560039 -0.676136 0.365189
v -3.401396 -0.583994 0.323196
v -3.239743 -0.495507 0.284833
v -3.075272 -0.410963 0.249719
v -2.908178 -0.330653 0.217470
v -2.738567 -0.254870 0.187805
v -2.566530 -0.183743 0.160648
v -2.392246 -0.117319 0.135924
v -2.215890 -0.055647 0.113556
v -2.037641 0.001227 0.093471
v -1.857673 0.053255 0.075592
v -1.676165 0.100389 0.059845
v -1.493293 0.142583 0.046154
v -1.309223 0.179805 0.034436
v -1.124104 0.212046 0.024599
v -0.938093 0.239290 0.016551
v -0.751342 0.261521 0.010202
v -0.564008 0.278726 0.005462
v -0.376243 0.290887 0.002240
v -0.188204 0.297990 0.000447
v 0.000000 0.300020 -0.000008
v 4.850503 -2.163199 19.546085
v 0.197062 -0.483935 22.791067
v 0.412402 -0.495169 22.776361
v 0.617539 -0.512790 22.752937
v 0.821582 -0.536696 22.720621
v 1.024131 -0.566451 22.679689
v 1.224275 -0.601515 22.630556
v 1.422263 -0.641540 22.573370
v 1.617738 -0.686099 22.508394
v 1.810346 -0.734765 22.435886
v 1.999731 -0.787111 22.356110
v 2.185537 -0.842709 22.269321
v 2.367407 -0.901131 22.175785
v 2.544987 -0.961950 22.075758
v 2.717921 -1.024739 21.969500
v 2.885854 -1.089071 21.857273
v 3.041637 -1.151720 21.744461
v 3.204526 -1.220346 21.616653
v 3.354751 -1.286616 21.489164
v 3.499618 -1.353402 21.356831
v 3.639247 -1.420617 21.219915
v 3.773799 -1.488191 21.078638
v 3.903987 -1.556358 20.932558
v 4.029253 -1.624693 20.782637
v 4.149719 -1.693106 20.629137
v 4.265510 -1.761510 20.472321
v 4.376750 -1.829815 20.312450
v 4.483561 -1.897933 20.149794
v 4.586067 -1.965775 19.984612
v 4.684392 -2.033252 19.817167
v 4.778659 -2.100276 19.647726
v 4.868993 -2.166757 19.476551
v 0.199216 -0.390538 22.341871
v 0.416925 -0.401857 22.328133
v 0.624349 -0.419657 22.306240
v 0.830709 -0.443871 22.276028
v 1.035615 -0.474095 22.237747
v 1.238161 -0.509821 22.191778
v 1.438610 -0.550733 22.138258
v 1.636617 -0.596437 22.077425
v 1.831836 -0.646538 22.009518
v 2.023921 -0.700641 21.934771
v 2.212527 -0.758351 21.853424
v 2.397307 -0.819272 21.765715
v 2.577915 -0.883010 21.671881
v 2.754007 -0.949170 21.572159
v 2.925234 -1.017356 21.466787
v 3.084312 -1.084180 21.360817
v 3.250925 -1.157885 21.240707
v 3.404842 -1.229555 21.120832
v 3.553499 -1.302256 20.996342
v 3.696990 -1.375892 20.867472
v 3.835448 -1.450384 20.734421
v 3.969577 -1.525991 20.596769
v 4.098772 -1.602243 20.455412
v 4.223126 -1.679040 20.310591
v 4.342738 -1.756283 20.162542
v 4.457700 -1.833872 20.011511
v 4.568110 -1.911707 19.857735
v 4.674062 -1.989688 19.701456
v 4.775652 -2.067716 19.542917
v 4.872976 -2.145690 19.382355
v 4.966129 -2.223511 19.220013
v 0.201254 -0.301241 21.893379
v 0.421206 -0.312644 21.880583
v 0.630793 -0.330620 21.860182
v 0.839347 -0.355137 21.832018
v 1.046484 -0.385820 21.796320
v 1.251302 -0.422191 21.753437
v 1.454080 -0.463967 21.703491
v 1.654483 -0.510784 21.646700
v 1.852172 -0.562279 21.583275
v 2.046813 -0.618087 21.513437
v 2.238067 -0.677845 21.437399
v 2.425600 -0.741188 21.355377
v 2.609072 -0.807753 21.267590
v 2.788149 -0.877175 21.174252
v 2.962494 -0.949092 21.075577
v 3.124687 -1.019954 20.976294
v 3.294821 -1.098572 20.863705
v 3.452229 -1.175460 20.751278
v 3.604468 -1.253879 20.634459
v 3.751607 -1.333718 20.513460
v 3.893753 -1.414893 20.388462
v 4.031600 -1.497685 20.259062
v 4.164497 -1.581581 20.126095
v 4.292513 -1.666472 19.989777
v 4.415716 -1.752247 19.850327
v 4.534174 -1.838795 19.707962
v 4.647955 -1.926005 19.562902
v 4.757129 -2.013767 19.415367
v 4.861763 -2.101970 19.265575
v 4.961926 -2.190503 19.113743
v 5.057685 -2.279256 18.960089
v 0.203166 -0.216574 21.448612
v 0.425220 -0.228062 21.436729
v 0.636837 -0.246211 21.417776
v 0.847447 -0.271023 21.391603
v 1.056677 -0.302152 21.358416
v 1.263624 -0.339148 21.318533
v 1.468586 -0.381760 21.272060
v 1.671232 -0.429651 21.219198
v 1.871236 -0.482489 21.160137
v 2.068269 -0.539939 21.095076
v 2.262004 -0.601667 21.024208
v 2.452112 -0.667337 20.947729
v 2.638265 -0.736616 20.865835
v 2.820135 -0.809169 20.778721
v 2.997394 -0.884662 20.686583
v 3.162500 -0.959394 20.593826
v 3.335926 -1.042717 20.488586
v 3.496594 -1.124604 20.383438
v 3.652179 -1.208495 20.274118
v 3.802722 -1.294271 20.160822
v 3.948305 -1.381838 20.043711
v 4.089615 -1.471501 19.922400
v 4.225957 -1.562706 19.797659
v 4.357374 -1.655333 19.669685
v 4.483908 -1.749260 19.538681
v 4.605601 -1.844366 19.404839
v 4.722497 -1.940529 19.268358
v 4.834637 -2.037629 19.129435
v 4.942064 -2.135544 18.988268
v 5.044820 -2.234153 18.845053
v 5.142949 -2.333335 18.699989
v 0.204976 -0.135469 21.002331
v 0.429022 -0.147041 20.991348
v 0.642560 -0.165363 20.973824
v 0.855116 -0.190467 20.949614
v 1.066325 -0.222037 20.918901
v 1.275288 -0.259647 20.881981
v 1.482313 -0.303076 20.838942
v 1.687080 -0.352016 20.789965
v 1.889270 -0.406163 20.735220
v 2.088563 -0.465210 20.674887
v 2.284638 -0.528851 20.609138
v 2.477175 -0.596780 20.538153
v 2.665855 -0.668690 20.462103
v 2.850357 -0.744276 20.381165
v 3.030361 -0.823230 20.295515
v 3.198208 -0.901706 20.209248
v 3.374730 -0.989578 20.111315
v 3.538465 -1.076294 20.013412
v 3.697192 -1.165470 19.911566
v 3.850929 -1.256977 19.805952
v 3.999735 -1.350712 19.696712
v 4.144287 -1.447003 19.583481
v 4.283850 -1.545255 19.466970
v 4.418440 -1.645338 19.347357
v 4.548076 -1.747120 19.224819
v 4.672775 -1.850469 19.099533
v 4.792555 -1.955254 18.971676
v 4.907433 -2.061342 18.841423
v 5.017427 -2.168602 18.708954
v 5.122555 -2.276903 18.574444
v 5.222834 -2.386113 18.438072
v 0.206689 -0.057744 20.553656
v 0.432620 -0.069402 20.543566
v 0.647976 -0.087898 20.527458
v 0.862373 -0.113293 20.505196
v 1.075453 -0.145298 20.476944
v 1.286319 -0.183512 20.442965
v 1.495294 -0.227742 20.403341
v 1.702063 -0.277708 20.358229
v 1.906315 -0.333132 20.307783
v 2.107736 -0.393734 20.252161
v 2.306015 -0.459234 20.191521
v 2.500838 -0.529355 20.126015
v 2.691892 -0.603815 20.055805
v 2.878866 -0.682337 19.981043
v 3.061446 -0.764641 19.901888
v 3.231865 -0.846736 19.822123
v 3.411287 -0.939002 19.731520
v 3.577892 -1.030378 19.640892
v 3.739557 -1.124652 19.546558
v 3.896278 -1.221685 19.448675
v 4.048090 -1.321365 19.347366
v 4.195660 -1.424039 19.242289
v 4.338215 -1.529077 19.134092
v 4.475748 -1.636335 19.022938
v 4.608253 -1.745672 18.908979
v 4.735723 -1.856947 18.792377
v 4.858152 -1.970017 18.673288
v 4.975534 -2.084739 18.551868
v 5.087863 -2.200973 18.428278
v 5.195133 -2.318576 18.302671
v 5.297336 -2.437407 18.175207
v 0.209096 0.053334 19.869669
v 0.437672 0.041543 19.860922
v 0.655579 0.022781 19.846951
v 0.872559 -0.003052 19.827625
v 1.088261 -0.035707 19.803091
v 1.301792 -0.074818 19.773567
v 1.513491 -0.120232 19.739117
v 1.723055 -0.171706 19.699875
v 1.930181 -0.229001 19.655968
v 2.134565 -0.291874 19.607527
v 2.335906 -0.360085 19.554684
v 2.533899 -0.433391 19.497566
v 2.728241 -0.511553 19.436310
v 2.918630 -0.594328 19.371040
v 3.104761 -0.681476 19.301895
v 3.278717 -0.768797 19.232168
v 3.462122 -0.867400 19.152920
v 3.632655 -0.965490 19.073595
v 3.798332 -1.067100 18.990973
v 3.959112 -1.172074 18.905186
v 4.114995 -1.280285 18.816338
v 4.266635 -1.392109 18.724119
v 4.413201 -1.506856 18.629097
v 4.554650 -1.624364 18.531406
v 4.690939 -1.744472 18.431177
v 4.822027 -1.867018 18.328548
v 4.947869 -1.991836 18.223648
v 5.068424 -2.118763 18.116602
v 5.183648 -2.247632 18.007551
v 5.293498 -2.378273 17.896618
v 5.397934 -2.510518 17.783930
v 0.210960 0.141087 19.292768
v 0.441585 0.129179 19.285151
v 0.661467 0.110192 19.272974
v 0.880443 0.083990 19.256126
v 1.098171 0.050795 19.234726
v 1.313757 0.010946 19.208963
v 1.527554 -0.035435 19.178888
v 1.739266 -0.088135 19.144615
v 1.948596 -0.146943 19.106249
v 2.155248 -0.211647 19.063900
v 2.358926 -0.282034 19.017679
v 2.559335 -0.357892 18.967695
v 2.756176 -0.439010 18.914061
v 2.949155 -0.525176 18.856882
v 3.137975 -0.616176 18.796274
v 3.314603 -0.707647 18.735126
v 3.501010 -0.811274 18.665592
v 3.674501 -0.914681 18.595947
v 3.843189 -1.022093 18.523365
v 4.007008 -1.133340 18.447960
v 4.165935 -1.248286 18.369812
v 4.320609 -1.367329 18.288651
v 4.470156 -1.489731 18.204967
v 4.614507 -1.615317 18.118876
v 4.753594 -1.743914 18.030483
v 4.887344 -1.875342 17.939913
v 5.015690 -2.009424 17.847267
v 5.138560 -2.145980 17.752657
v 5.255884 -2.284827 17.656193
v 5.367593 -2.425782 17.557985
v 5.473618 -2.568657 17.458136
v 0.212484 0.214104 18.782518
v 0.444783 0.202089 18.775894
v 0.666276 0.182900 18.765303
v 0.886881 0.156374 18.750645
v 1.106257 0.122709 18.732018
v 1.323514 0.082221 18.709589
v 1.539013 0.035009 18.683392
v 1.752463 -0.018738 18.653528
v 1.963573 -0.078833 18.620083
v 2.172051 -0.145086 18.583155
v 2.377608 -0.217310 18.542833
v 2.579951 -0.295316 18.499212
v 2.778790 -0.378915 18.452385
v 2.973833 -0.467920 18.402445
v 3.164789 -0.562140 18.349482
v 3.343534 -0.657073 18.296024
v 3.532316 -0.764886 18.235207
v 3.708137 -0.872716 18.174267
v 3.879193 -0.984949 18.110722
v 4.045395 -1.101405 18.044670
v 4.206700 -1.221938 17.976185
v 4.363737 -1.346964 17.905014
v 4.515597 -1.475708 17.831594
v 4.662191 -1.607986 17.756018
v 4.803428 -1.743610 17.678373
v 4.939214 -1.882393 17.598764
v 5.069460 -2.024146 17.517284
v 5.194073 -2.168679 17.434019
v 5.312961 -2.315798 17.349066
v 5.426033 -2.465310 17.262516
v 5.533198 -2.617017 17.174459
v 0.213979 0.286642 18.246168
v 0.447920 0.274515 18.240555
v 0.670993 0.255115 18.231581
v 0.893191 0.228254 18.219160
v 1.114181 0.194106 18.203365
v 1.333068 0.152968 18.184349
v 1.550225 0.104913 18.162130
v 1.765365 0.050108 18.136795
v 1.978201 -0.011282 18.108416
v 2.188447 -0.079092 18.077074
v 2.395816 -0.153156 18.042841
v 2.600021 -0.233309 18.005800
v 2.800776 -0.319385 17.966022
v 2.997794 -0.411220 17.923594
v 3.190788 -0.508648 17.878584
v 3.371548 -0.607027 17.833149
v 3.562581 -0.719003 17.781441
v 3.740605 -0.831230 17.729618
v 3.913893 -0.948255 17.675570
v 4.082334 -1.069887 17.619375
v 4.245863 -1.195971 17.561104
v 4.405098 -1.326942 17.500536
v 4.559099 -1.461987 17.438044
v 4.707752 -1.600911 17.373711
v 4.850945 -1.743515 17.307613
v 4.988562 -1.889601 17.239836
v 5.120492 -2.038968 17.170465
v 5.246618 -2.191413 17.099581
v 5.366824 -2.346729 17.027262
v 5.480996 -2.504709 16.953594
v 5.589018 -2.665138 16.878656
v 0.215414 0.355990 17.702715
v 0.450932 0.343748 17.698059
v 0.675520 0.324135 17.690611
v 0.899246 0.296939 17.680298
v 1.121777 0.262313 17.667183
v 1.342221 0.220534 17.651390
v 1.560957 0.171655 17.632931
v 1.777703 0.115820 17.611883
v 1.992174 0.053173 17.588299
v 2.204089 -0.016142 17.562246
v 2.413164 -0.091982 17.533783
v 2.619118 -0.174202 17.502975
v 2.821666 -0.262661 17.469891
v 3.020526 -0.357215 17.434587
v 3.215416 -0.457722 17.397131
v 3.398046 -0.559408 17.359312
v 3.591163 -0.675381 17.316261
v 3.771224 -0.791831 17.273108
v 3.946570 -0.913462 17.228094
v 4.117071 -1.040076 17.181288
v 4.282645 -1.171511 17.132744
v 4.443899 -1.308223 17.082285
v 4.599864 -1.449369 17.030222
v 4.750403 -1.594745 16.976627
v 4.895388 -1.744149 16.921572
v 5.034678 -1.897377 16.865128
v 5.168144 -2.054225 16.807371
v 5.295645 -2.214484 16.748381
v 5.417046 -2.377946 16.688234
v 5.532206 -2.544397 16.627010
v 5.640985 -2.713621 16.564789
v 0.216807 0.421323 17.158760
v 0.453851 0.408950 17.155060
v 0.679905 0.389101 17.149134
v 0.905104 0.361541 17.140926
v 1.129117 0.326406 17.130487
v 1.351050 0.283955 17.117912
v 1.571290 0.234222 17.103214
v 1.789554 0.177332 17.086449
v 2.005563 0.113410 17.067659
v 2.219036 0.042581 17.046894
v 2.429693 -0.035030 17.024204
v 2.637252 -0.119299 16.999641
v 2.841434 -0.210101 16.973251
v 3.041957 -0.307316 16.945086
v 3.238543 -0.410818 16.915194
v 3.422828 -0.515706 16.885002
v 3.617773 -0.635529 16.850624
v 3.799601 -0.756030 16.816154
v 3.976714 -0.882060 16.780188
v 4.148964 -1.013412 16.742775
v 4.316250 -1.149919 16.703964
v 4.479172 -1.292052 16.663610
v 4.636731 -1.438936 16.621965
v 4.788775 -1.590361 16.579081
v 4.935153 -1.746117 16.535019
v 5.075712 -1.905995 16.489838
v 5.210298 -2.069784 16.443604
v 5.338754 -2.237273 16.396379
v 5.460927 -2.408251 16.348236
v 5.576654 -2.582502 16.299240
v 5.685778 -2.759810 16.249466
v 0.218212 0.484028 16.607834
v 0.456798 0.471510 16.605028
v 0.684328 0.451404 16.600534
v 0.911007 0.423454 16.594307
v 1.136505 0.387781 16.586386
v 1.359926 0.344627 16.576841
v 1.581660 0.294008 16.565685
v 1.801428 0.236032 16.552954
v 2.018950 0.170808 16.538683
v 2.233947 0.098442 16.522909
v 2.446138 0.019043 16.505671
v 2.655246 -0.067284 16.487003
v 2.860991 -0.160433 16.466942
v 3.063092 -0.260300 16.445524
v 3.261271 -0.366778 16.422791
v 3.447098 -0.474837 16.399824
v 3.643728 -0.598462 16.373663
v 3.827169 -0.722953 16.347431
v 4.005877 -0.853309 16.320057
v 4.179688 -0.989313 16.291573
v 4.348483 -1.130787 16.262026
v 4.512850 -1.278223 16.231297
v 4.671766 -1.430711 16.199587
v 4.825059 -1.588033 16.166931
v 4.972562 -1.749971 16.133385
v 5.114101 -1.916309 16.098995
v 5.249504 -2.086829 16.063812
v 5.378596 -2.261315 16.027895
v 5.501201 -2.439549 15.991304
v 5.617140 -2.621312 15.954097
v 5.726233 -2.806386 15.916342
v 0.219626 0.542000 16.067303
v 0.459759 0.529317 16.065329
v 0.688769 0.508925 16.062164
v 0.916927 0.480550 16.057779
v 1.143904 0.444296 16.052198
v 1.368797 0.400396 16.045473
v 1.592001 0.348848 16.037611
v 1.813238 0.289746 16.028635
v 2.032225 0.223184 16.018572
v 2.248684 0.149256 16.007446
v 2.462334 0.068051 15.995283
v 2.672896 -0.020336 15.982106
v 2.880088 -0.115816 15.967943
v 3.083632 -0.218299 15.952820
v 3.283246 -0.327696 15.936759
v 3.470441 -0.438845 15.920531
v 3.668540 -0.566153 15.902040
v 3.853359 -0.694489 15.883492
v 4.033404 -0.828990 15.864135
v 4.208494 -0.969429 15.843986
v 4.378494 -1.115618 15.823081
v 4.543978 -1.268061 15.801336
v 4.703902 -1.425813 15.778897
v 4.858078 -1.588644 15.755786
v 5.006318 -1.756327 15.732046
v 5.148435 -1.928632 15.707710
v 5.284236 -2.105332 15.682821
v 5.413532 -2.286200 15.657419
v 5.536127 -2.471008 15.631552
v 5.651825 -2.659528 15.605268
v 5.760428 -2.851532 15.578620
v 0.221060 0.594403 15.548015
v 0.462763 0.581539 15.546747
v 0.693270 0.560836 15.544714
v 0.922920 0.532004 15.541897
v 1.151382 0.495137 15.538310
v 1.377748 0.450457 15.533985
v 1.602414 0.397949 15.528929
v 1.825100 0.337695 15.523151
v 2.045523 0.269778 15.516675
v 2.263400 0.194277 15.509510
v 2.478450 0.111273 15.501674
v 2.690391 0.020845 15.493180
v 2.898939 -0.076928 15.484049
v 3.103812 -0.181968 15.474294
v 3.304729 -0.294199 15.463930
v 3.493140 -0.408332 15.453454
v 3.692520 -0.539179 15.441513
v 3.878516 -0.671189 15.429534
v 4.059673 -0.809635 15.417027
v 4.235795 -0.954275 15.404009
v 4.406735 -1.104910 15.390501
v 4.573052 -1.262054 15.376451
v 4.733683 -1.424727 15.361955
v 4.888423 -1.592685 15.347029
v 5.037069 -1.765687 15.331703
v 5.179418 -1.943489 15.315999
v 5.315260 -2.125850 15.299953
v 5.444391 -2.312529 15.283588
v 5.566598 -2.503283 15.266945
v 5.681672 -2.697869 15.250056
v 5.789395 -2.896047 15.232964
v 0.222582 0.642035 15.041993
v 0.465947 0.628962 15.041314
v 0.698037 0.607908 15.040225
v 0.929260 0.578567 15.038714
v 1.159281 0.541024 15.036790
v 1.387183 0.495496 15.034466
v 1.613365 0.441955 15.031748
v 1.837542 0.380476 15.028637
v 2.059427 0.311130 15.025147
v 2.278733 0.233989 15.021282
v 2.495176 0.149125 15.017052
v 2.708469 0.056607 15.012460
v 2.918323 -0.043495 15.007520
v 3.124455 -0.151113 15.002234
v 3.326575 -0.266177 14.996616
v 3.516086 -0.383272 14.990931
v 3.716588 -0.517606 14.984445
v 3.903580 -0.653212 14.977934
v 4.085643 -0.795493 14.971132
v 4.262569 -0.944192 14.964050
v 4.434194 -1.099097 14.956700
v 4.601068 -1.260727 14.949055
v 4.762107 -1.428066 14.941168
v 4.917097 -1.600854 14.933052
v 5.065817 -1.778833 14.924722
v 5.208050 -1.961741 14.916194
v 5.343575 -2.149322 14.907491
v 5.472171 -2.341315 14.898626
v 5.593614 -2.537460 14.889627
v 5.707680 -2.737498 14.880516
v 5.814141 -2.941169 14.871318
v 0.224259 0.685497 14.541263
v 0.469456 0.672181 14.541024
v 0.703287 0.650723 14.540641
v 0.936235 0.620804 14.540106
v 1.167958 0.582503 14.539420
v 1.397530 0.536031 14.538589
v 1.625349 0.481356 14.537613
v 1.851123 0.418543 14.536489
v 2.074561 0.347658 14.535223
v 2.295370 0.268766 14.533813
v 2.513258 0.181932 14.532262
v 2.727934 0.087221 14.530571
v 2.939103 -0.015305 14.528740
v 3.146474 -0.125583 14.526772
v 3.349752 -0.243550 14.524674
v 3.540289 -0.363657 14.522540
v 3.741804 -0.501510 14.520094
v 3.929657 -0.640720 14.517632
v 4.112464 -0.786821 14.515054
v 4.290003 -0.939539 14.512362
v 4.462098 -1.098647 14.509566
v 4.629288 -1.264667 14.506654
v 4.790475 -1.436544 14.503650
v 4.945429 -1.614001 14.500563
v 5.093922 -1.796761 14.497397
v 5.235720 -1.984544 14.494165
v 5.370593 -2.177073 14.490878
v 5.498307 -2.374069 14.487543
v 5.618627 -2.575253 14.484177
v 5.731318 -2.780345 14.480791
v 5.836143 -2.989063 14.477400
v 0.226265 0.727191 14.008188
v 0.473649 0.713571 14.008263
v 0.709554 0.691612 14.008377
v 0.944551 0.660986 14.008530
v 1.178289 0.621765 14.008718
v 1.409827 0.574162 14.008938
v 1.639561 0.518138 14.009185
v 1.867190 0.453756 14.009454
v 2.092415 0.381077 14.009744
v 2.314933 0.300165 14.010049
v 2.534445 0.211081 14.010367
v 2.750648 0.113885 14.010695
v 2.963242 0.008640 14.011027
v 3.171924 -0.104595 14.011364
v 3.376392 -0.225761 14.011701
v 3.567946 -0.349158 14.012022
v 3.770418 -0.490822 14.012362
v 3.959034 -0.633904 14.012689
v 4.142444 -0.784076 14.013008
v 4.320415 -0.941045 14.013328
v 4.492759 -1.104565 14.013646
v 4.660006 -1.275159 14.013966
v 4.821042 -1.451730 14.014289
v 4.975630 -1.633980 14.014617
v 5.123528 -1.821609 14.014954
v 5.264496 -2.014318 14.015300
v 5.398291 -2.211807 14.015662
v 5.524671 -2.413774 14.016041
v 5.643391 -2.619920 14.016445
v 5.754208 -2.829942 14.016878
v 5.856877 -3.043536 14.017344
v 0.228796 0.768807 13.398344
v 0.478939 0.754790 13.398573
v 0.717456 0.732187 13.398933
v 0.955027 0.700655 13.399424
v 1.191288 0.660268 13.400037
v 1.425278 0.611243 13.400765
v 1.657388 0.553538 13.401602
v 1.887305 0.487216 13.402534
v 2.114714 0.412339 13.403562
v 2.339304 0.328971 13.404673
v 2.560760 0.237174 13.405862
v 2.778767 0.137010 13.407123
v 2.993012 0.028541 13.408447
v 3.203181 -0.088173 13.409829
v 3.408957 -0.213068 13.411260
v 3.601586 -0.340271 13.412672
v 3.805012 -0.486310 13.414241
v 3.994327 -0.633801 13.415779
v 4.178215 -0.788578 13.417348
v 4.356432 -0.950322 13.418951
v 4.528783 -1.118765 13.420582
v 4.695785 -1.294428 13.422249
v 4.856312 -1.476168 13.423943
v 5.010119 -1.663659 13.425660
v 5.156956 -1.856577 13.427403
v 5.296572 -2.054599 13.429171
v 5.428716 -2.257399 13.430958
v 5.553139 -2.464651 13.432767
v 5.669588 -2.676031 13.434599
v 5.777812 -2.891211 13.436453
v 5.877560 -3.109864 13.438326
v 0.231505 0.804075 12.780915
v 0.484596 0.789616 12.781280
v 0.725900 0.766299 12.781855
v 0.966207 0.733772 12.782641
v 1.205138 0.692115 12.783628
v 1.441709 0.641555 12.784801
v 1.676302 0.582050 12.786150
v 1.908588 0.513671 12.787664
v 2.138238 0.436485 12.789335
v 2.364923 0.350562 12.791150
v 2.588315 0.255971 12.793097
v 2.808084 0.152780 12.795168
v 3.023901 0.041058 12.797349
v 3.235438 -0.079126 12.799631
v 3.442365 -0.207702 12.802002
v 3.635879 -0.338619 12.804346
v 3.840014 -0.488877 12.806954
v 4.029753 -0.640572 12.809513
v 4.213813 -0.799690 12.812126
v 4.391944 -0.965886 12.814789
v 4.563945 -1.138865 12.817494
v 4.730323 -1.319147 12.820251
v 4.889953 -1.505538 12.823041
v 5.042581 -1.697686 12.825856
v 5.187954 -1.895244 12.828691
v 5.325819 -2.097860 12.831540
v 5.455923 -2.305187 12.834397
v 5.578012 -2.516873 12.837256
v 5.691833 -2.732571 12.840113
v 5.797134 -2.951929 12.842958
v 5.893660 -3.174598 12.845789
v 0.233506 0.825641 12.327311
v 0.488777 0.810861 12.327553
v 0.732141 0.787027 12.327935
v 0.974473 0.753783 12.328452
v 1.215381 0.711213 12.329097
v 1.453863 0.659553 12.329855
v 1.690297 0.598764 12.330718
v 1.924342 0.528920 12.331677
v 2.155656 0.450093 12.332724
v 2.383899 0.362358 12.333846
v 2.608731 0.265788 12.335036
v 2.829809 0.160457 12.336283
v 3.046793 0.046438 12.337577
v 3.259344 -0.076195 12.338911
v 3.467119 -0.207367 12.340272
v 3.661278 -0.340904 12.341595
v 3.865917 -0.494140 12.343036
v 4.055944 -0.648804 12.344421
v 4.240097 -0.810993 12.345809
v 4.418121 -0.980346 12.347196
v 4.589812 -1.156553 12.348577
v 4.755668 -1.340131 12.349957
v 4.914562 -1.529853 12.351325
v 5.066235 -1.725353 12.352674
v 5.210432 -1.926264 12.354003
v 5.346893 -2.132221 12.355308
v 5.475363 -2.342855 12.356581
v 5.595583 -2.557802 12.357823
v 5.707297 -2.776694 12.359027
v 5.810248 -2.999165 12.360188
v 5.904180 -3.224850 12.361304
v 0.235445 0.843381 11.873532
v 0.492826 0.828284 11.873656
v 0.738181 0.803944 11.873848
v 0.982469 0.770001 11.874102
v 1.225283 0.726547 11.874408
v 1.465605 0.673826 11.874759
v 1.703805 0.611803 11.875144
v 1.939531 0.540559 11.875557
v 2.172428 0.460172 11.875988
v 2.402145 0.370722 11.876431
v 2.628329 0.272290 11.876872
v 2.850626 0.164955 11.877307
v 3.068683 0.048797 11.877725
v 3.282149 -0.076104 11.878119
v 3.490670 -0.209669 11.878479
v 3.685375 -0.345605 11.878785
v 3.890405 -0.501552 11.879065
v 4.080611 -0.658907 11.879279
v 4.264747 -0.823866 11.879440
v 4.442557 -0.996053 11.879548
v 4.613832 -1.175145 11.879597
v 4.779068 -1.361657 11.879587
v 4.937133 -1.554335 11.879516
v 5.087766 -1.752796 11.879379
v 5.230710 -1.956660 11.879177
v 5.365703 -2.165546 11.878907
v 5.492485 -2.379072 11.878566
v 5.610796 -2.596859 11.878154
v 5.720377 -2.818524 11.877666
v 5.820968 -3.043686 11.877102
v 5.912307 -3.271967 11.876459
v 0.237266 0.858441 11.416752
v 0.496628 0.843044 11.416799
v 0.743853 0.818225 11.416868
v 0.989974 0.783624 11.416956
v 1.234573 0.739338 11.417051
v 1.476616 0.685622 11.417150
v 1.716465 0.622447 11.417246
v 1.953755 0.549898 11.417331
v 2.188123 0.468062 11.417397
v 2.419204 0.377025 11.417441
v 2.646632 0.276875 11.417454
v 2.870044 0.167698 11.417428
v 3.089073 0.049580 11.417358
v 3.303357 -0.077391 11.417237
v 3.512530 -0.213129 11.417058
v 3.707693 -0.351238 11.416826
v 3.913026 -0.509630 11.416503
v 4.103330 -0.669400 11.416121
v 4.287375 -0.836835 11.415670
v 4.464904 -1.011547 11.415150
v 4.635706 -1.193198 11.414558
v 4.800271 -1.382304 11.413894
v 4.957469 -1.577584 11.413159
v 5.107038 -1.778641 11.412354
v 5.248716 -1.985082 11.411477
v 5.382243 -2.196512 11.410529
v 5.507357 -2.412536 11.409511
v 5.623796 -2.632760 11.408421
v 5.731299 -2.856790 11.407259
v 5.829605 -3.084230 11.406025
v 5.918451 -3.314687 11.404718
v 0.238928 0.870196 10.959874
v 0.500098 0.854520 10.959845
v 0.749028 0.829261 10.959793
v 0.996822 0.794057 10.959714
v 1.243048 0.749012 10.959601
v 1.486657 0.694391 10.959452
v 1.728006 0.630168 10.959258
v 1.966719 0.556438 10.959018
v 2.202421 0.473293 10.958723
v 2.434735 0.380826 10.958370
v 2.663286 0.279132 10.957955
v 2.887699 0.168303 10.957471
v 3.107596 0.048433 10.956914
v 3.322603 -0.080385 10.956278
v 3.532343 -0.218056 10.955559
v 3.727892 -0.358092 10.954788
v 3.933461 -0.518646 10.953857
v 4.123809 -0.680548 10.952875
v 4.307723 -0.850166 10.951804
v 4.484942 -1.027099 10.950648
v 4.655255 -1.211001 10.949408
v 4.819148 -1.402387 10.948077
v 4.975490 -1.599952 10.946666
v 5.124020 -1.803289 10.945175
v 5.264474 -2.011994 10.943606
v 5.396591 -2.225659 10.941963
v 5.520107 -2.443879 10.940246
v 5.634759 -2.666247 10.938457
v 5.740286 -2.892358 10.936598
v 5.836424 -3.121806 10.934670
v 5.922911 -3.354183 10.932677
v 0.240418 0.878929 10.503020
v 0.503208 0.863000 10.502972
v 0.753666 0.837341 10.502892
v 1.002954 0.801590 10.502777
v 1.250633 0.755860 10.502624
v 1.495639 0.700424 10.502428
v 1.738322 0.635261 10.502188
v 1.978296 0.560473 10.501900
v 2.215176 0.476159 10.501560
v 2.448575 0.382420 10.501167
v 2.678108 0.279356 10.500717
v 2.903388 0.167068 10.500207
v 3.124028 0.045656 10.499633
v 3.339643 -0.084780 10.498994
v 3.549848 -0.224139 10.498284
v 3.745695 -0.365849 10.497538
v 3.951419 -0.528273 10.496652
v 4.141750 -0.692010 10.495731
v 4.325484 -0.863498 10.494743
v 4.502364 -1.042328 10.493690
v 4.672177 -1.228144 10.492573
v 4.835405 -1.421462 10.491391
v 4.990922 -1.620956 10.490152
v 5.138466 -1.826213 10.488859
v 5.277774 -2.036815 10.487515
v 5.408584 -2.252348 10.486122
v 5.530634 -2.472396 10.484685
v 5.643662 -2.696543 10.483205
v 5.747406 -2.924375 10.481686
v 5.841603 -3.155474 10.480130
v 5.925992 -3.389427 10.478540
v 0.241720 0.884309 10.043021
v 0.505924 0.868153 10.042978
v 0.757715 0.842139 10.042910
v 1.008307 0.805906 10.042811
v 1.257252 0.759571 10.042683
v 1.503472 0.703418 10.042523
v 1.747314 0.637430 10.042330
v 1.988381 0.561716 10.042103
v 2.226279 0.476381 10.041840
v 2.460613 0.381534 10.041539
v 2.690987 0.277280 10.041201
v 2.917006 0.163726 10.040822
v 3.138273 0.040980 10.040401
v 3.354396 -0.090852 10.039939
v 3.564977 -0.231663 10.039432
v 3.761055 -0.374809 10.038903
v 3.966877 -0.538832 10.038283
v 4.157155 -0.704134 10.037646
v 4.340693 -0.877215 10.036969
v 4.517234 -1.057659 10.036254
v 4.686569 -1.245103 10.035505
v 4.849176 -1.440062 10.034719
v 5.003932 -1.641198 10.033906
v 5.150577 -1.848089 10.033066
v 5.288850 -2.060310 10.032203
v 5.418489 -2.277440 10.031319
v 5.539235 -2.499056 10.030418
v 5.650825 -2.724735 10.029503
v 5.752999 -2.954054 10.028576
v 5.845497 -3.186592 10.027640
v 5.928057 -3.421924 10.026700
v 0.242801 0.886051 9.581527
v 0.508179 0.869700 9.581509
v 0.761075 0.843385 9.581480
v 1.012748 0.806743 9.581440
v 1.262740 0.759898 9.581388
v 1.509964 0.703141 9.581325
v 1.754761 0.636461 9.581248
v 1.996728 0.559970 9.581160
v 2.235462 0.473782 9.581059
v 2.470560 0.378008 9.580944
v 2.701619 0.272762 9.580816
v 2.928235 0.158155 9.580674
v 3.150006 0.034301 9.580520
v 3.366528 -0.098688 9.580350
v 3.577399 -0.240699 9.580166
v 3.773643 -0.385029 9.579976
v 3.979517 -0.550368 9.579756
v 4.169719 -0.716957 9.579531
v 4.353062 -0.891347 9.579294
v 4.529291 -1.073119 9.579047
v 4.698196 -1.261904 9.578792
v 4.860257 -1.458222 9.578526
v 5.014355 -1.660720 9.578255
v 5.160230 -1.868974 9.577978
v 5.297624 -2.082554 9.577698
v 5.426277 -2.301034 9.577416
v 5.545932 -2.523987 9.577133
v 5.656328 -2.750986 9.576852
v 5.757208 -2.981603 9.576571
v 5.848312 -3.215411 9.576296
v 5.929381 -3.451983 9.576025
v 0.243648 0.884120 9.121154
v 0.509945 0.867610 9.121175
v 0.763705 0.841050 9.121208
v 1.016221 0.804078 9.121253
v 1.267030 0.756823 9.121307
v 1.515036 0.699582 9.121371
v 1.760576 0.632347 9.121446
v 2.003241 0.555234 9.121526
v 2.242622 0.468363 9.121616
v 2.478310 0.371849 9.121712
v 2.709894 0.265810 9.121812
v 2.936967 0.150362 9.121919
v 3.159119 0.025624 9.122031
v 3.375939 -0.108288 9.122146
v 3.587020 -0.251256 9.122263
v 3.783377 -0.396531 9.122376
v 3.989271 -0.562920 9.122502
v 4.179394 -0.730537 9.122618
v 4.362566 -0.905978 9.122731
v 4.538531 -1.088820 9.122834
v 4.707085 -1.278696 9.122925
v 4.868705 -1.476127 9.123002
v 5.022279 -1.679756 9.123060
v 5.167548 -1.889153 9.123100
v 5.304256 -2.103892 9.123114
v 5.432148 -2.323543 9.123099
v 5.550966 -2.547677 9.123055
v 5.660454 -2.775866 9.122976
v 5.760356 -3.007681 9.122861
v 5.850416 -3.242695 9.122705
v 5.930375 -3.480477 9.122507
v 0.244207 0.878088 8.660817
v 0.511109 0.861461 8.660877
v 0.765437 0.834727 8.660970
v 1.018507 0.797522 8.661098
v 1.269851 0.749978 8.661257
v 1.518366 0.692398 8.661447
v 1.764388 0.624775 8.661667
v 2.007503 0.547230 8.661914
v 2.247298 0.459884 8.662189
v 2.483359 0.362856 8.662490
v 2.715272 0.256269 8.662814
v 2.942626 0.140241 8.663163
v 3.165004 0.014894 8.663535
v 3.381995 -0.119653 8.663927
v 3.593184 -0.263279 8.664339
v 3.789583 -0.409201 8.664750
v 3.995452 -0.576307 8.665212
v 4.185483 -0.744629 8.665664
v 4.368500 -0.920792 8.666116
v 4.544250 -1.104375 8.666561
v 4.712534 -1.295013 8.666991
v 4.873828 -1.493232 8.667402
v 5.027024 -1.697671 8.667783
v 5.171867 -1.907905 8.668127
v 5.308105 -2.123505 8.668425
v 5.435484 -2.344044 8.668668
v 5.553751 -2.569095 8.668849
v 5.662652 -2.798230 8.668963
v 5.761935 -3.031023 8.669000
v 5.851345 -3.267045 8.668951
v 5.930630 -3.505871 8.668812
v 0.244463 0.868111 8.200698
v 0.511641 0.851413 8.200793
v 0.766226 0.824577 8.200939
v 1.019543 0.787240 8.201139
v 1.271123 0.739535 8.201388
v 1.519860 0.681767 8.201686
v 1.766088 0.613932 8.202030
v 2.009391 0.536152 8.202417
v 2.249353 0.448550 8.202848
v 2.485560 0.351248 8.203320
v 2.717593 0.244368 8.203828
v 2.945039 0.128033 8.204374
v 3.167481 0.002365 8.204956
v 3.384504 -0.132513 8.205569
v 3.595690 -0.276479 8.206214
v 3.792053 -0.422734 8.206858
v 3.997844 -0.590208 8.207582
v 4.187766 -0.758889 8.208288
v 4.370642 -0.935425 8.208994
v 4.546224 -1.119398 8.209689
v 4.714314 -1.310445 8.210360
v 4.875392 -1.509099 8.210997
v 5.028354 -1.714002 8.211584
v 5.172949 -1.924730 8.212108
v 5.308927 -2.140859 8.212556
v 5.436038 -2.361967 8.212915
v 5.554032 -2.587628 8.213173
v 5.662661 -2.817420 8.213320
v 5.761672 -3.050919 8.213338
v 5.850817 -3.287702 8.213217
v 5.929847 -3.527345 8.212945
v 0.244409 0.854508 7.740973
v 0.511526 0.837787 7.741096
v 0.766048 0.810925 7.741282
v 1.019301 0.773558 7.741536
v 1.270812 0.725822 7.741851
v 1.519476 0.668021 7.742223
v 1.765628 0.600152 7.742652
v 2.008850 0.522339 7.743133
v 2.248727 0.434704 7.743663
v 2.484842 0.337370 7.744240
v 2.716780 0.230460 7.744860
v 2.944123 0.114099 7.745521
v 3.166458 -0.011592 7.746218
v 3.383366 -0.146489 7.746950
v 3.594432 -0.290470 7.747712
v 3.790673 -0.436733 7.748468
v 3.996325 -0.604210 7.749310
v 4.186111 -0.772894 7.750122
v 4.368850 -0.949438 7.750920
v 4.544300 -1.133429 7.751688
v 4.712263 -1.324511 7.752409
v 4.873224 -1.523223 7.753066
v 5.026083 -1.728211 7.753637
v 5.170591 -1.939058 7.754104
v 5.306502 -2.155345 7.754450
v 5.433570 -2.376656 7.754656
v 5.551549 -2.602572 7.754702
v 5.660192 -2.832675 7.754574
v 5.759253 -3.066548 7.754249
v 5.848483 -3.303773 7.753712
v 5.927639 -3.543931 7.752944
v 0.244018 0.837378 7.282267
v 0.510706 0.820685 7.282403
v 0.764820 0.793879 7.282610
v 1.017667 0.756595 7.282887
v 1.268776 0.708969 7.283230
v 1.517048 0.651304 7.283632
v 1.762815 0.583597 7.284091
v 2.005662 0.505970 7.284603
v 2.245176 0.418547 7.285161
v 2.480942 0.321448 7.285764
v 2.712546 0.214798 7.286407
v 2.939573 0.098719 7.287085
v 3.161609 -0.026667 7.287793
v 3.378240 -0.161237 7.288528
v 3.589051 -0.304868 7.289286
v 3.785072 -0.450778 7.290028
v 3.990512 -0.617852 7.290842
v 4.180124 -0.786137 7.291610
v 4.362722 -0.962276 7.292345
v 4.538065 -1.145865 7.293024
v 4.705960 -1.336552 7.293622
v 4.866895 -1.534882 7.294118
v 5.019771 -1.739512 7.294488
v 5.164345 -1.950032 7.294706
v 5.300374 -2.166029 7.294750
v 5.427614 -2.387094 7.294596
v 5.545823 -2.612816 7.294219
v 5.654756 -2.842785 7.293599
v 5.754169 -3.076589 7.292709
v 5.843821 -3.313819 7.291528
v 5.923467 -3.554063 7.290031
v 0.243287 0.817080 6.825753
v 0.509176 0.800468 6.825868
v 0.762532 0.773799 6.826037
v 1.014630 0.736711 6.826258
v 1.265004 0.689335 6.826524
v 1.512559 0.631974 6.826830
v 1.757629 0.564623 6.827172
v 1.999804 0.487403 6.827544
v 2.238673 0.400434 6.827938
v 2.473826 0.303839 6.828351
v 2.704852 0.197737 6.828775
v 2.931341 0.082250 6.829208
v 3.152882 -0.042500 6.829643
v 3.369065 -0.176394 6.830073
v 3.579478 -0.319309 6.830494
v 3.775169 -0.464498 6.830883
v 3.980311 -0.630755 6.831279
v 4.169700 -0.798230 6.831609
v 4.352138 -0.973540 6.831865
v 4.527385 -1.156288 6.832017
v 4.695253 -1.346131 6.832040
v 4.856232 -1.543618 6.831906
v 5.009227 -1.747418 6.831586
v 5.153997 -1.957127 6.831054
v 5.290303 -2.172344 6.830281
v 5.417901 -2.392666 6.829240
v 5.536553 -2.617691 6.827904
v 5.646019 -2.847017 6.826246
v 5.746055 -3.080240 6.824237
v 5.836423 -3.316958 6.821852
v 5.916882 -3.556770 6.819061
v 0.242166 0.793019 6.369423
v 0.506832 0.776552 6.369514
v 0.759029 0.750120 6.369643
v 1.009985 0.713362 6.369805
v 1.259240 0.666408 6.369993
v 1.505707 0.609555 6.370200
v 1.749724 0.542795 6.370420
v 1.990888 0.466248 6.370646
v 2.228792 0.380031 6.370871
v 2.463033 0.284263 6.371088
v 2.693206 0.179062 6.371291
v 2.918907 0.064546 6.371473
v 3.139730 -0.059167 6.371628
v 3.355273 -0.191959 6.371747
v 3.565129 -0.333712 6.371826
v 3.760369 -0.477731 6.371857
v 3.965120 -0.642666 6.371829
v 4.154233 -0.808830 6.371715
v 4.336490 -0.982790 6.371484
v 4.511656 -1.164160 6.371107
v 4.679544 -1.352604 6.370551
v 4.840646 -1.548673 6.369781
v 4.993869 -1.751052 6.368770
v 5.138975 -1.959345 6.367485
v 5.275725 -2.173160 6.365894
v 5.403880 -2.392102 6.363968
v 5.523201 -2.615778 6.361675
v 5.633449 -2.843793 6.358983
v 5.734386 -3.075753 6.355861
v 5.825774 -3.311265 6.352278
v 5.907373 -3.549934 6.348202
v 0.240695 0.765718 5.917763
v 0.503758 0.749454 5.917791
v 0.754437 0.723349 5.917817
v 1.003897 0.687043 5.917834
v 1.251687 0.640663 5.917836
v 1.496733 0.584498 5.917816
v 1.739376 0.518542 5.917767
v 1.979219 0.442907 5.917681
v 2.215866 0.357709 5.917552
v 2.448920 0.263063 5.917373
v 2.677985 0.159082 5.917137
v 2.902664 0.045881 5.916837
v 3.122561 -0.076426 5.916465
v 3.337279 -0.207723 5.916016
v 3.546421 -0.347897 5.915482
v 3.741089 -0.490331 5.914884
v 3.945350 -0.653469 5.914129
v 4.134121 -0.817846 5.913276
v 4.316164 -0.989961 5.912264
v 4.491245 -1.169436 5.911064
v 4.659175 -1.355942 5.909643
v 4.820452 -1.550030 5.907963
v 4.973982 -1.750402 5.906000
v 5.119528 -1.956673 5.903724
v 5.256853 -2.168456 5.901103
v 5.385719 -2.385366 5.898108
v 5.505889 -2.607018 5.894706
v 5.617126 -2.833027 5.890868
v 5.719191 -3.063006 5.886563
v 5.811847 -3.296570 5.881760
v 5.894856 -3.533334 5.876428
v 0.238867 0.734287 5.462334
v 0.499938 0.718294 5.462350
v 0.748734 0.692621 5.462362
v 0.996341 0.656910 5.462364
v 1.242320 0.611283 5.462351
v 1.485611 0.556022 5.462318
v 1.726561 0.491118 5.462260
v 1.964784 0.416678 5.462172
v 2.199893 0.332812 5.462047
v 2.431502 0.239630 5.461882
v 2.659225 0.137241 5.461669
v 2.882676 0.025753 5.461404
v 3.101468 -0.094724 5.461082
v 3.315214 -0.224082 5.460698
v 3.523528 -0.362211 5.460244
v 3.717545 -0.502593 5.459742
v 3.921268 -0.663414 5.459111
v 4.109687 -0.825489 5.458405
v 4.291538 -0.995228 5.457573
v 4.466585 -1.172262 5.456594
v 4.634639 -1.356273 5.455444
v 4.796199 -1.547806 5.454092
v 4.950171 -1.745587 5.452517
v 5.096316 -1.949240 5.450698
v 5.234398 -2.158390 5.448609
v 5.364175 -2.372661 5.446224
v 5.485410 -2.591678 5.443519
v 5.597864 -2.815067 5.440468
v 5.701295 -3.042452 5.437046
v 5.795466 -3.273459 5.433224
v 5.880136 -3.507713 5.428977
v 0.236681 0.698421 5.007236
v 0.495372 0.682766 5.007238
v 0.741916 0.657627 5.007232
v 0.987309 0.622650 5.007214
v 1.231122 0.577950 5.007182
v 1.472315 0.523803 5.007130
v 1.711239 0.460193 5.007058
v 1.947520 0.387224 5.006959
v 2.180785 0.305001 5.006832
v 2.410659 0.213627 5.006674
v 2.636768 0.113206 5.006479
v 2.858737 0.003840 5.006245
v 3.076193 -0.114366 5.005968
v 3.288760 -0.241311 5.005645
v 3.496064 -0.376889 5.005272
v 3.689284 -0.514706 5.004864
v 3.892340 -0.672619 5.004361
v 4.080313 -0.831792 5.003806
v 4.261905 -0.998521 5.003165
v 4.436877 -1.172441 5.002421
v 4.605042 -1.353242 5.001561
v 4.766897 -1.541460 5.000562
v 4.921348 -1.735844 4.999412
v 5.068153 -1.936026 4.998096
v 5.207075 -2.141637 4.996595
v 5.337872 -2.352310 4.994894
v 5.460303 -2.567678 4.992972
v 5.574129 -2.787374 4.990814
v 5.679106 -3.011030 4.988399
v 5.774996 -3.238279 4.985707
v 5.861555 -3.468757 4.982718
v 0.234157 0.657893 4.548967
v 0.490098 0.642644 4.548978
v 0.734042 0.618139 4.548993
v 0.976876 0.584033 4.549012
v 1.218187 0.540435 4.549035
v 1.456954 0.487609 4.549060
v 1.693535 0.425537 4.549086
v 1.927570 0.354317 4.549112
v 2.158698 0.274048 4.549139
v 2.386559 0.184827 4.549165
v 2.610793 0.086752 4.549189
v 2.831038 -0.020079 4.549210
v 3.046935 -0.135569 4.549228
v 3.258123 -0.259619 4.549241
v 3.464241 -0.392133 4.549249
v 3.656518 -0.526860 4.549250
v 3.858779 -0.681262 4.549242
v 4.046212 -0.836920 4.549225
v 4.227474 -0.999983 4.549191
v 4.402327 -1.170094 4.549139
v 4.570580 -1.346944 4.549062
v 4.732730 -1.531054 4.548958
v 4.887681 -1.721195 4.548820
v 5.035189 -1.917005 4.548645
v 5.175015 -2.118119 4.548427
v 5.306914 -2.324172 4.548159
v 5.430645 -2.534801 4.547835
v 5.545965 -2.749644 4.547451
v 5.652631 -2.968337 4.546996
v 5.750400 -3.190516 4.546464
v 5.839029 -3.415819 4.545847
v 0.231347 0.613100 4.087878
v 0.484230 0.598321 4.087991
v 0.725282 0.574550 4.088183
v 0.965273 0.541449 4.088461
v 1.203805 0.499119 4.088831
v 1.439881 0.447814 4.089293
v 1.673866 0.387513 4.089853
v 1.905415 0.318308 4.090514
v 2.134183 0.240288 4.091280
v 2.359826 0.153546 4.092157
v 2.581997 0.058172 4.093145
v 2.800354 -0.045742 4.094252
v 3.014549 -0.158107 4.095479
v 3.224239 -0.278831 4.096829
v 3.429076 -0.407825 4.098309
v 3.620347 -0.539006 4.099848
v 3.821772 -0.689379 4.101656
v 4.008651 -0.841006 4.103537
v 4.189595 -0.999869 4.105578
v 4.364361 -1.165613 4.107795
v 4.532756 -1.337933 4.110199
v 4.695273 -1.517331 4.112819
v 4.850814 -1.702605 4.115654
v 4.999130 -1.893395 4.118715
v 5.139975 -2.089343 4.122016
v 5.273102 -2.290089 4.125565
v 5.398264 -2.495274 4.129373
v 5.515214 -2.704540 4.133448
v 5.623704 -2.917528 4.137797
v 5.723487 -3.133879 4.142426
v 5.812782 -3.350694 4.158890
v 0.228230 0.564607 3.630589
v 0.477721 0.550354 3.630840
v 0.715566 0.527402 3.631269
v 0.952402 0.495422 3.631894
v 1.187849 0.454508 3.632724
v 1.420934 0.404900 3.633765
v 1.652031 0.346576 3.635030
v 1.880811 0.279620 3.636527
v 2.106946 0.204115 3.638268
v 2.330107 0.120146 3.640260
v 2.549968 0.027796 3.642514
v 2.766198 -0.072850 3.645039
v 2.978471 -0.181708 3.647845
v 3.186456 -0.298695 3.650941
v 3.389826 -0.423729 3.654336
v 3.579928 -0.550914 3.657876
v 3.780361 -0.696744 3.662042
v 3.966557 -0.843814 3.666385
v 4.147071 -0.997916 3.671112
v 4.321657 -1.158697 3.676258
v 4.490114 -1.325851 3.681858
v 4.652935 -1.499857 3.687977
v 4.809014 -1.679539 3.694622
v 4.958099 -1.864539 3.701824
v 5.099937 -2.054499 3.709617
v 5.234278 -2.249062 3.718029
v 5.360867 -2.447870 3.727092
v 5.479453 -2.650566 3.736831
v 5.589782 -2.856793 3.747274
v 5.691600 -3.066191 3.758445
v 5.783571 -3.276517 3.776251
v 0.224675 0.511739 3.173790
v 0.470295 0.498077 3.174177
v 0.704479 0.476043 3.174842
v 0.937709 0.445319 3.175812
v 1.169625 0.405992 3.177103
v 1.399281 0.358289 3.178725
v 1.627057 0.302183 3.180697
v 1.852643 0.237753 3.183035
v 2.075727 0.165076 3.185756
v 2.296000 0.084230 3.188874
v 2.513152 -0.004708 3.192406
v 2.726871 -0.101661 3.196367
v 2.936849 -0.206550 3.200773
v 3.142773 -0.319298 3.205640
v 3.344334 -0.439827 3.210984
v 3.532959 -0.562458 3.216562
v 3.732085 -0.703092 3.223136
v 3.917315 -0.844934 3.229999
v 4.097136 -0.993553 3.237481
v 4.271293 -1.148594 3.245642
v 4.439581 -1.309743 3.254544
v 4.602488 -1.477448 3.264294
v 4.758903 -1.650557 3.274910
v 4.908569 -1.828707 3.286450
v 5.051230 -2.011536 3.298976
v 5.186627 -2.198681 3.312546
v 5.314504 -2.389780 3.327222
v 5.434603 -2.584470 3.343062
v 5.546667 -2.782388 3.360127
v 5.650439 -2.983171 3.378477
v 5.745661 -3.186458 3.398171
v 0.220626 0.454681 2.716721
v 0.461838 0.441682 2.717299
v 0.691851 0.420679 2.718293
v 0.920973 0.391365 2.719743
v 1.148866 0.353818 2.721672
v 1.374612 0.308252 2.724097
v 1.598600 0.254636 2.727046
v 1.820539 0.193040 2.730544
v 2.040139 0.123535 2.734614
v 2.257108 0.046190 2.739280
v 2.471156 -0.038926 2.744565
v 2.681992 -0.131743 2.750494
v 2.889326 -0.232192 2.757090
v 3.092867 -0.340202 2.764377
v 3.292324 -0.455703 2.772379
v 3.479214 -0.573256 2.780733
v 3.676786 -0.708106 2.790580
v 3.860841 -0.844137 2.800860
v 4.039783 -0.986672 2.812069
v 4.213352 -1.135353 2.824296
v 4.381334 -1.289865 2.837633
v 4.544209 -1.450617 2.852240
v 4.700863 -1.616491 2.868145
v 4.851029 -1.787120 2.885435
v 4.994443 -1.962141 2.904201
v 5.130840 -2.141190 2.924533
v 5.259955 -2.323901 2.946520
v 5.381524 -2.509911 2.970251
v 5.495279 -2.698854 2.995817
v 5.600958 -2.890367 3.023307
v 5.698295 -3.084084 3.052810
v 0.215952 0.392924 2.259970
v 0.452073 0.380668 2.260738
v 0.677267 0.360818 2.262062
v 0.901640 0.333082 2.263996
v 1.124874 0.297529 2.266573
v 1.346088 0.254356 2.269815
v 1.565676 0.203530 2.273762
v 1.783369 0.145112 2.278447
v 1.998898 0.079164 2.283903
v 2.211994 0.005746 2.290162
v 2.422387 -0.075080 2.297258
v 2.629809 -0.163254 2.305223
v 2.833988 -0.258714 2.314090
v 3.034658 -0.361399 2.323892
v 3.231547 -0.471248 2.334662
v 3.416282 -0.583089 2.345912
v 3.611874 -0.711430 2.359180
v 3.794373 -0.840918 2.373040
v 3.972081 -0.976597 2.388163
v 4.144730 -1.118108 2.404671
v 4.312096 -1.265129 2.422691
v 4.474651 -1.418029 2.442442
v 4.631274 -1.575723 2.463960
v 4.781691 -1.737842 2.487370
v 4.925628 -1.904020 2.512793
v 5.062812 -2.073888 2.540354
v 5.192968 -2.247080 2.570175
v 5.315822 -2.423227 2.602381
v 5.431101 -2.601962 2.637093
v 5.538530 -2.782918 2.674435
v 5.637837 -2.965726 2.714530
v 0.210548 0.326221 1.805312
v 0.440782 0.314792 1.806257
v 0.660400 0.296228 1.807892
v 0.879273 0.270252 1.810285
v 1.097106 0.236923 1.813480
v 1.313057 0.196421 1.817508
v 1.527526 0.148709 1.822419
v 1.740268 0.093840 1.828256
v 1.951037 0.031865 1.835063
v 2.159586 -0.037164 1.842882
v 2.365669 -0.113195 1.851756
v 2.569040 -0.196176 1.861729
v 2.769453 -0.286056 1.872843
v 2.966662 -0.382782 1.885141
v 3.160420 -0.486303 1.898666
v 3.342488 -0.591747 1.912806
v 3.535573 -0.712795 1.929499
v 3.716040 -0.834948 1.946954
v 3.892065 -0.962939 1.966022
v 4.063370 -1.096403 1.986862
v 4.229720 -1.235014 2.009638
v 4.391576 -1.379093 2.034632
v 4.547812 -1.527591 2.061895
v 4.698144 -1.680138 2.091589
v 4.842289 -1.836360 2.123874
v 4.979962 -1.995888 2.158910
v 5.110880 -2.158348 2.196858
v 5.234759 -2.323369 2.237878
v 5.351314 -2.490581 2.282130
v 5.460261 -2.659611 2.329776
v 5.561318 -2.830087 2.380975
v 0.204313 0.253972 1.352401
v 0.427753 0.243455 1.353520
v 0.640934 0.226310 1.355465
v 0.853451 0.202276 1.358320
v 1.065037 0.171401 1.362139
v 1.274889 0.133847 1.366962
v 1.483417 0.089574 1.372852
v 1.690399 0.038623 1.379864
v 1.895613 -0.018964 1.388051
v 2.098839 -0.083144 1.397468
v 2.299854 -0.153877 1.408168
v 2.498439 -0.231119 1.420206
v 2.694372 -0.314830 1.433635
v 2.887431 -0.404967 1.448510
v 3.077396 -0.501489 1.464885
v 3.256187 -0.599855 1.482021
v 3.446136 -0.712832 1.502266
v 3.623999 -0.826866 1.523459
v 3.797797 -0.946343 1.546638
v 3.967238 -1.070894 1.572000
v 4.132079 -1.200183 1.599752
v 4.292763 -1.334483 1.630244
v 4.448163 -1.472784 1.663544
v 4.597983 -1.614709 1.699854
v 4.741930 -1.759881 1.739376
v 4.879706 -1.907925 1.782311
v 5.011019 -2.058463 1.828860
v 5.135571 -2.211119 1.879224
v 5.253070 -2.365517 1.933606
v 5.363218 -2.521279 1.992205
v 5.465722 -2.678030 2.055224
v 0.197152 0.175485 0.900322
v 0.412789 0.165964 0.901634
v 0.618571 0.150365 0.903924
v 0.823777 0.128447 0.907292
v 1.028168 0.100249 0.911805
v 1.230990 0.065908 0.917511
v 1.432655 0.025383 0.924488
v 1.632968 -0.021297 0.932802
v 1.831736 -0.074099 0.942519
v 2.028763 -0.132993 0.953704
v 2.223856 -0.197947 0.966425
v 2.416820 -0.268931 0.980748
v 2.607460 -0.345913 0.996737
v 2.795583 -0.428862 1.014460
v 2.980993 -0.517746 1.033982
v 3.155806 -0.608390 1.054422
v 3.341891 -0.712559 1.078587
v 3.516481 -0.817730 1.103901
v 3.687408 -0.927912 1.131607
v 3.854372 -1.042730 1.161948
v 4.017112 -1.161841 1.195174
v 4.176057 -1.285457 1.231710
v 4.330077 -1.412615 1.271642
v 4.478864 -1.542932 1.315216
v 4.622111 -1.676025 1.362679
v 4.759512 -1.811512 1.414274
v 4.890759 -1.949011 1.470249
v 5.015545 -2.088140 1.530849
v 5.133563 -2.228516 1.596320
v 5.244505 -2.369756 1.666906
v 5.348064 -2.511480 1.742854
v 0.189006 0.090435 0.450038
v 0.395764 0.081985 0.451583
v 0.593124 0.068048 0.454286
v 0.790002 0.048405 0.458267
v 0.986190 0.023080 0.463605
v 1.180983 -0.007809 0.470358
v 1.374799 -0.044309 0.478618
v 1.567472 -0.086402 0.488464
v 1.758834 -0.134066 0.499975
v 1.948722 -0.187283 0.513230
v 2.136968 -0.246032 0.528307
v 2.323406 -0.310294 0.545287
v 2.507871 -0.380050 0.564246
v 2.690197 -0.455279 0.585265
v 2.870217 -0.535962 0.608422
v 3.040277 -0.618311 0.632672
v 3.221686 -0.713019 0.661346
v 3.392255 -0.808670 0.691388
v 3.559591 -0.908868 0.724276
v 3.723379 -1.013229 0.760298
v 3.883347 -1.121403 0.799753
v 4.039898 -1.233542 0.843147
v 4.191906 -1.348726 0.890583
v 4.339051 -1.466568 0.942356
v 4.481011 -1.586678 0.998757
v 4.617467 -1.708668 1.060079
v 4.748099 -1.832150 1.126616
v 4.872585 -1.956735 1.198661
v 4.990607 -2.082034 1.276506
v 5.101843 -2.207659 1.360445
v 5.205974 -2.333220 1.450770
v 0.187280 -0.002002 0.000448
v 0.374454 -0.009027 0.002219
v 0.561389 -0.021068 0.005406
v 0.747948 -0.038116 0.010099
v 0.933996 -0.060165 0.016392
v 1.119398 -0.087208 0.024375
v 1.304020 -0.119236 0.034142
v 1.487725 -0.156242 0.045783
v 1.670379 -0.198219 0.059390
v 1.851846 -0.245159 0.075056
v 2.031991 -0.297055 0.092872
v 2.210680 -0.353900 0.112931
v 2.387777 -0.415685 0.135324
v 2.563146 -0.482404 0.160143
v 2.736653 -0.554050 0.187479
v 2.908162 -0.630614 0.217426
v 3.077505 -0.712024 0.250117
v 3.244380 -0.797948 0.285853
v 3.408452 -0.887991 0.324980
v 3.569384 -0.981754 0.367840
v 3.726843 -1.078841 0.414780
v 3.880492 -1.178855 0.466142
v 4.029995 -1.281400 0.522271
v 4.175019 -1.386078 0.583510
v 4.315227 -1.492493 0.650205
v 4.450284 -1.600249 0.722700
v 4.579854 -1.708947 0.801338
v 4.718166 -1.831987 0.898398
v 4.850161 -1.957018 1.006569
v 4.981861 -2.090833 1.134548
v 5.123868 -2.246819 1.300319
v 4.766617 -2.109365 19.727934
v 4.679183 -2.054506 19.908381
v 4.588048 -1.998701 20.087135
v 4.493058 -1.942027 20.263912
v 4.394060 -1.884561 20.438423
v 4.290902 -1.826382 20.610378
v 4.183430 -1.767566 20.779491
v 4.071490 -1.708193 20.945473
v 3.954931 -1.648339 21.108034
v 3.833599 -1.588082 21.266888
v 3.707341 -1.527500 21.421745
v 3.576004 -1.466670 21.572321
v 3.439434 -1.405671 21.718323
v 3.297479 -1.344579 21.859465
v 3.149985 -1.283473 21.995459
v 2.996800 -1.222431 22.126017
v 2.837856 -1.161592 22.250851
v 2.673432 -1.101354 22.369678
v 2.503892 -1.042174 22.482218
v 2.329600 -0.984510 22.588186
v 2.150920 -0.928822 22.687302
v 1.968216 -0.875568 22.779282
v 1.781853 -0.825207 22.863848
v 1.592194 -0.778197 22.940714
v 1.399605 -0.734996 23.009600
v 1.204448 -0.696065 23.070221
v 1.007089 -0.661860 23.122301
v 0.807892 -0.632841 23.165552
v 0.607220 -0.609467 23.199696
v 0.405438 -0.592195 23.224449
v 0.202910 -0.581486 23.239529
v 5.273442 -2.420856 1.499249
v 5.335978 -2.502130 1.606344
v 5.439442 -2.647248 1.816094
v 5.553111 -2.826929 2.114133
v 5.657966 -3.008848 2.450511
v 5.719724 -3.131033 2.713648
v 5.791541 -3.291680 3.122367
v 5.845588 -3.428313 3.542297
v 5.874886 -3.512936 3.865747
v 5.896869 -3.581707 4.193825
v 5.918588 -3.644866 4.554507
v 5.939029 -3.703300 4.995230
v 5.955445 -3.745568 5.438035
v 5.968274 -3.773336 5.882201
v 5.978466 -3.790344 6.326778
v 5.986905 -3.798496 6.808793
v 5.992754 -3.796231 7.290923
v 5.996548 -3.785650 7.772975
v 5.998578 -3.768342 8.236286
v 5.999571 -3.745922 8.690104
v 5.999994 -3.719500 9.139067
v 6.000163 -3.689961 9.587845
v 6.000420 -3.659189 10.031885
v 6.000282 -3.625806 10.475739
v 5.999521 -3.590054 10.919402
v 5.997566 -3.548040 11.399754
v 5.994027 -3.502463 11.879768
v 5.988780 -3.453594 12.359447
v 5.981205 -3.401237 12.838726
v 5.968611 -3.332605 13.430467
v 5.951540 -3.262470 13.999715
v 5.932464 -3.200504 14.477065
v 5.911223 -3.144797 14.885322
v 5.887017 -3.092793 15.247503
v 5.858627 -3.042219 15.580568
v 5.825766 -2.991726 15.894967
v 5.787469 -2.939886 16.199343
v 5.743845 -2.886636 16.494873
v 5.693125 -2.830501 16.788725
v 5.636961 -2.773183 17.073376
v 5.574181 -2.713335 17.357151
v 5.505306 -2.651285 17.639025
v 5.430509 -2.587199 17.918938
v 5.349917 -2.521224 18.196806
v 5.263239 -2.453357 18.472349
v 5.170324 -2.383637 18.745388
v 5.070828 -2.312049 19.015617
v 4.964354 -2.238576 19.282646
v 0.189266 0.393968 0.451671
v 0.396820 0.385466 0.453217
v 0.594682 0.371457 0.455920
v 0.792055 0.351713 0.459901
v 0.988718 0.326264 0.465239
v 1.183878 0.295241 0.471989
v 1.378048 0.258589 0.480246
v 1.571060 0.216326 0.490088
v 1.762745 0.168473 0.501595
v 1.952936 0.115051 0.514846
v 2.141464 0.056080 0.529920
v 2.328163 -0.008421 0.546895
v 2.512863 -0.078429 0.565852
v 2.695396 -0.153926 0.586868
v 2.875595 -0.234891 0.610023
v 3.053235 -0.321274 0.635387
v 3.227165 -0.412459 0.662920
v 3.397572 -0.508271 0.692920
v 3.564718 -0.608619 0.725763
v 3.728289 -0.713120 0.761734
v 3.888020 -0.821425 0.801136
v 4.044278 -0.933661 0.844462
v 4.195966 -1.048926 0.891822
v 4.342765 -1.166832 0.943510
v 4.484354 -1.286988 0.999817
v 4.620414 -1.409005 1.061035
v 4.750623 -1.532493 1.127457
v 4.874662 -1.657063 1.199374
v 4.992211 -1.782324 1.277079
v 5.102950 -1.907887 1.360864
v 5.206558 -2.033362 1.451020
v 0.197677 0.485332 0.902370
v 0.414419 0.475723 0.903680
v 0.620986 0.459997 0.905963
v 0.826963 0.437904 0.909324
v 1.032097 0.409485 0.913828
v 1.235539 0.374900 0.919520
v 1.437799 0.334092 0.926481
v 1.638681 0.287095 0.934777
v 1.837985 0.233940 0.944473
v 2.035514 0.174662 0.955636
v 2.231069 0.109290 0.968333
v 2.424451 0.037860 0.982629
v 2.615463 -0.039598 0.998590
v 2.803906 -0.123051 1.016284
v 2.989581 -0.212466 1.035775
v 3.172232 -0.307780 1.057123
v 3.350665 -0.408312 1.080295
v 3.525088 -0.513907 1.105539
v 3.695793 -0.624509 1.133171
v 3.862477 -0.739738 1.163432
v 4.024889 -0.859253 1.196573
v 4.183415 -0.983238 1.233010
v 4.336959 -1.110744 1.272836
v 4.485211 -1.241386 1.316295
v 4.627865 -1.374777 1.363632
v 4.764613 -1.510531 1.415092
v 4.895146 -1.648264 1.470921
v 5.019156 -1.787590 1.531363
v 5.136337 -1.928122 1.596664
v 5.246380 -2.069476 1.667068
v 5.348977 -2.211264 1.742821
v 0.205110 0.572726 1.353479
v 0.429972 0.562079 1.354594
v 0.644225 0.544739 1.356531
v 0.857795 0.520436 1.359376
v 1.070396 0.489224 1.363182
v 1.281128 0.451286 1.367987
v 1.490499 0.406568 1.373857
v 1.698283 0.355115 1.380844
v 1.904252 0.296971 1.389005
v 2.108181 0.232180 1.398392
v 2.309840 0.160785 1.409061
v 2.509004 0.082831 1.421065
v 2.705446 -0.001639 1.434458
v 2.898938 -0.092581 1.449295
v 3.089253 -0.189951 1.465630
v 3.276105 -0.293670 1.483511
v 3.458260 -0.403001 1.502908
v 3.635948 -0.517805 1.524027
v 3.809484 -0.638057 1.547127
v 3.978578 -0.763381 1.572405
v 4.142988 -0.893442 1.600069
v 4.303121 -1.028479 1.630461
v 4.457878 -1.167497 1.663655
v 4.606963 -1.310111 1.699852
v 4.750079 -1.455941 1.739253
v 4.886930 -1.604603 1.782059
v 5.017220 -1.755716 1.828471
v 5.140651 -1.908896 1.878689
v 5.256928 -2.063762 1.932915
v 5.365754 -2.219930 1.991350
v 5.466832 -2.377019 2.054194
v 0.211671 0.656830 1.807160
v 0.443699 0.645214 1.808100
v 0.664732 0.626366 1.809725
v 0.884994 0.599998 1.812105
v 1.104169 0.566176 1.815284
v 1.321310 0.525103 1.819290
v 1.536920 0.476730 1.824175
v 1.750747 0.421113 1.829982
v 1.962535 0.358305 1.836756
v 2.172031 0.288361 1.844537
v 2.378980 0.211336 1.853371
v 2.583128 0.127285 1.863300
v 2.784222 0.036263 1.874367
v 2.982007 -0.061677 1.886615
v 3.176229 -0.166479 1.900087
v 3.366573 -0.278051 1.914821
v 3.551768 -0.395600 1.930790
v 3.732067 -0.519004 1.948159
v 3.907804 -0.648267 1.967136
v 4.078698 -0.783013 1.987879
v 4.244519 -0.922916 2.010553
v 4.405687 -1.068261 2.035434
v 4.561107 -1.218010 2.062577
v 4.710492 -1.371782 2.092142
v 4.853556 -1.529198 2.124290
v 4.990013 -1.689876 2.159181
v 5.119577 -1.853438 2.196975
v 5.241961 -2.019502 2.237833
v 5.356881 -2.187688 2.281913
v 5.464049 -2.357617 2.329376
v 5.563179 -2.528909 2.380383
v 0.217440 0.737988 2.263810
v 0.455765 0.725476 2.264571
v 0.682754 0.705235 2.265884
v 0.908888 0.676960 2.267802
v 1.133827 0.640726 2.270359
v 1.356576 0.596758 2.273575
v 1.577637 0.545010 2.277491
v 1.796728 0.485547 2.282140
v 2.013572 0.418433 2.287554
v 2.227887 0.343733 2.293768
v 2.439394 0.261512 2.300813
v 2.647814 0.171836 2.308723
v 2.852866 0.074769 2.317531
v 3.054272 -0.029625 2.327269
v 3.251751 -0.141280 2.337970
v 3.444961 -0.260092 2.349664
v 3.632603 -0.385215 2.362327
v 3.814943 -0.516543 2.376086
v 3.992335 -0.654104 2.391101
v 4.164506 -0.797524 2.407495
v 4.331238 -0.946479 2.425393
v 4.492958 -1.101302 2.445009
v 4.648576 -1.260912 2.466385
v 4.797815 -1.424928 2.489642
v 4.940400 -1.592973 2.514904
v 5.076051 -1.764667 2.542292
v 5.204494 -1.939632 2.571931
v 5.325450 -2.117488 2.603942
v 5.438644 -2.297856 2.638448
v 5.543799 -2.480358 2.675572
v 5.640637 -2.664613 2.715438
v 0.222456 0.815627 2.718415
v 0.466257 0.802305 2.718987
v 0.698422 0.780803 2.719971
v 0.929655 0.750799 2.721407
v 1.159590 0.712381 2.723318
v 1.387196 0.665792 2.725721
v 1.612966 0.610988 2.728644
v 1.836595 0.548044 2.732111
v 2.057782 0.477035 2.736146
v 2.276222 0.398034 2.740773
v 2.491611 0.311115 2.746017
v 2.703646 0.216355 2.751899
v 2.912025 0.113826 2.758446
v 3.116443 0.003603 2.765680
v 3.316596 -0.114240 2.773625
v 3.512120 -0.239586 2.782302
v 3.701686 -0.371543 2.791694
v 3.885576 -0.510015 2.801892
v 4.064157 -0.655054 2.813015
v 4.237166 -0.806285 2.825151
v 4.404392 -0.963386 2.838392
v 4.566270 -1.126729 2.852896
v 4.721715 -1.295194 2.868690
v 4.870459 -1.468402 2.885864
v 5.012232 -1.645974 2.904507
v 5.146766 -1.827531 2.924709
v 5.273793 -2.012692 2.946559
v 5.393044 -2.201081 2.970146
v 5.504250 -2.392316 2.995561
v 5.607143 -2.586019 3.022892
v 5.701453 -2.781811 3.052229
v 0.226941 0.891413 3.179683
v 0.475637 0.877340 3.180063
v 0.712424 0.854671 3.180715
v 0.948209 0.823069 3.181668
v 1.182599 0.782631 3.182935
v 1.414528 0.733618 3.184528
v 1.644480 0.675989 3.186466
v 1.872131 0.609829 3.188764
v 2.097153 0.535220 3.191439
v 2.319221 0.452247 3.194506
v 2.538010 0.360992 3.197981
v 2.753191 0.261539 3.201880
v 2.964440 0.153972 3.206218
v 3.171431 0.038375 3.211011
v 3.373837 -0.085170 3.216275
v 3.571269 -0.216535 3.222024
v 3.762377 -0.354785 3.228246
v 3.947451 -0.499832 3.235003
v 4.126875 -0.651745 3.242373
v 4.300390 -0.810150 3.250414
v 4.467792 -0.974726 3.259188
v 4.629523 -1.145877 3.268799
v 4.784503 -1.322448 3.279266
v 4.932471 -1.504057 3.290649
v 5.073164 -1.690324 3.303007
v 5.206323 -1.880868 3.316400
v 5.331683 -2.075308 3.330886
v 5.448986 -2.273263 3.346527
v 5.557968 -2.474352 3.363380
v 5.658369 -2.678195 3.381507
v 5.749926 -2.884410 3.400965
v 0.230920 0.963645 3.635498
v 0.483958 0.948899 3.635747
v 0.724847 0.925180 3.636173
v 0.964669 0.892140 3.636792
v 1.203011 0.849885 3.637615
v 1.438771 0.798692 3.638648
v 1.672431 0.738523 3.639903
v 1.903643 0.669469 3.641389
v 2.132060 0.591621 3.643117
v 2.357336 0.505070 3.645096
v 2.579124 0.409907 3.647335
v 2.797077 0.306224 3.649844
v 3.010848 0.194109 3.652633
v 3.220089 0.073654 3.655711
v 3.424454 -0.055052 3.659088
v 3.623530 -0.191872 3.662770
v 3.815946 -0.335834 3.666750
v 4.002001 -0.486861 3.671064
v 4.182088 -0.645038 3.675762
v 4.355953 -0.809991 3.680876
v 4.523400 -0.981402 3.686443
v 4.684871 -1.159710 3.692524
v 4.839289 -1.343727 3.699127
v 4.986398 -1.533073 3.706284
v 5.125940 -1.727370 3.714024
v 5.257657 -1.926239 3.722379
v 5.381289 -2.129300 3.731374
v 5.496579 -2.336176 3.741036
v 5.603266 -2.546487 3.751389
v 5.701094 -2.759852 3.762454
v 5.789828 -2.975915 3.777007
v 0.234509 1.032914 4.091775
v 0.491463 1.017550 4.091892
v 0.736049 0.992866 4.092089
v 0.979506 0.958503 4.092375
v 1.221399 0.914576 4.092754
v 1.460597 0.861378 4.093228
v 1.697572 0.798874 4.093802
v 1.931957 0.727163 4.094481
v 2.163387 0.646344 4.095268
v 2.391494 0.556517 4.096169
v 2.615911 0.457781 4.097184
v 2.836272 0.350234 4.098320
v 3.052210 0.233976 4.099581
v 3.263357 0.109105 4.100969
v 3.469346 -0.024281 4.102489
v 3.669744 -0.166037 4.104143
v 3.863160 -0.315152 4.105927
v 4.049901 -0.471552 4.107855
v 4.230369 -0.635337 4.109950
v 4.404315 -0.806124 4.112221
v 4.571547 -0.983594 4.114686
v 4.732506 -1.168208 4.117367
v 4.886122 -1.358745 4.120265
v 5.032144 -1.554819 4.123392
v 5.170317 -1.756047 4.126756
v 5.300387 -1.962043 4.130368
v 5.422101 -2.172424 4.134233
v 5.535205 -2.386805 4.138360
v 5.639443 -2.604802 4.142749
v 5.734562 -2.826030 4.147406
v 5.819963 -3.049163 4.158027
v 0.237815 1.099106 4.547381
v 0.498377 1.083176 4.547389
v 0.746367 1.057605 4.547398
v 0.993167 1.022026 4.547410
v 1.238324 0.976561 4.547421
v 1.480677 0.921519 4.547433
v 1.720691 0.856868 4.547444
v 1.957978 0.782717 4.547453
v 2.192154 0.699172 4.547460
v 2.422833 0.606343 4.547463
v 2.649629 0.504337 4.547462
v 2.872155 0.393261 4.547456
v 3.090027 0.273223 4.547444
v 3.302857 0.144331 4.547424
v 3.510260 0.006692 4.547397
v 3.711784 -0.139538 4.547360
v 3.906020 -0.293312 4.547314
v 4.093282 -0.454558 4.547253
v 4.273979 -0.623379 4.547175
v 4.447866 -0.799386 4.547075
v 4.614752 -0.982249 4.546949
v 4.775083 -1.172446 4.546792
v 4.927792 -1.368721 4.546598
v 5.072631 -1.570678 4.546365
v 5.209351 -1.777923 4.546084
v 5.337702 -1.990061 4.545752
v 5.457438 -2.206696 4.545360
v 5.568306 -2.427435 4.544903
v 5.670059 -2.651884 4.544372
v 5.762447 -2.879647 4.543761
v 5.844234 -3.107664 4.554643
v 0.240926 1.162476 5.003713
v 0.504882 1.146035 5.003716
v 0.756077 1.119661 5.003709
v 1.006029 1.082980 5.003691
v 1.254264 1.036121 5.003658
v 1.499595 0.979407 5.003607
v 1.742480 0.912810 5.003533
v 1.982514 0.836446 5.003435
v 2.219295 0.750430 5.003307
v 2.452418 0.654877 5.003147
v 2.681480 0.549902 5.002951
v 2.906078 0.435622 5.002715
v 3.125806 0.312149 5.002436
v 3.340261 0.179601 5.002110
v 3.549039 0.038090 5.001734
v 3.751670 -0.112217 5.001303
v 3.946726 -0.270244 5.000815
v 4.134528 -0.435915 5.000256
v 4.315487 -0.609340 4.999610
v 4.489363 -0.790119 4.998861
v 4.655964 -0.977916 4.997995
v 4.815736 -1.173221 4.996990
v 4.967613 -1.374746 4.995834
v 5.111348 -1.582088 4.994509
v 5.246694 -1.794840 4.993001
v 5.373403 -2.012601 4.991289
v 5.491227 -2.234965 4.989355
v 5.599917 -2.461531 4.987183
v 5.699226 -2.691893 4.984751
v 5.788903 -2.925650 4.982041
v 5.867876 -3.160191 4.984971
v 0.243781 1.222694 5.461761
v 0.510853 1.205796 5.461781
v 0.764988 1.178702 5.461797
v 1.017830 1.141028 5.461805
v 1.268888 1.092914 5.461800
v 1.516948 1.034695 5.461776
v 1.762460 0.966347 5.461729
v 2.005005 0.887993 5.461652
v 2.244161 0.799755 5.461541
v 2.479510 0.701758 5.461389
v 2.710631 0.594125 5.461193
v 2.937102 0.476977 5.460944
v 3.158503 0.350438 5.460639
v 3.374413 0.214630 5.460273
v 3.584412 0.069677 5.459841
v 3.788014 -0.084249 5.459334
v 3.983773 -0.246039 5.458749
v 4.172015 -0.415613 5.458065
v 4.353156 -0.593080 5.457257
v 4.526954 -0.778027 5.456301
v 4.693221 -0.970106 5.455175
v 4.852396 -1.169816 5.453848
v 5.003419 -1.375834 5.452300
v 5.146043 -1.587742 5.450507
v 5.280022 -1.805122 5.448444
v 5.405108 -2.027558 5.446087
v 5.521055 -2.254631 5.443408
v 5.627617 -2.485925 5.440384
v 5.724545 -2.721023 5.436986
v 5.811591 -2.959506 5.433189
v 5.888166 -3.200014 5.431911
v 0.246319 1.279416 5.920259
v 0.516163 1.262122 5.920290
v 0.772914 1.234397 5.920322
v 1.028326 1.195854 5.920348
v 1.281890 1.146638 5.920361
v 1.532371 1.087099 5.920353
v 1.780213 1.017214 5.920320
v 2.024979 0.937115 5.920251
v 2.266234 0.846933 5.920143
v 2.503542 0.746798 5.919986
v 2.736469 0.636841 5.919774
v 2.964577 0.517193 5.919500
v 3.187433 0.387984 5.919158
v 3.404598 0.249346 5.918738
v 3.615640 0.101408 5.918237
v 3.820056 -0.055644 5.917645
v 4.016388 -0.220677 5.916956
v 4.204965 -0.393601 5.916142
v 4.386204 -0.574519 5.915173
v 4.559864 -0.763003 5.914015
v 4.725756 -0.958692 5.912641
v 4.884319 -1.162082 5.911012
v 5.034492 -1.371818 5.909102
v 5.176030 -1.587466 5.906882
v 5.308688 -1.808590 5.904321
v 5.432221 -2.034757 5.901389
v 5.546384 -2.265533 5.898055
v 5.650933 -2.500483 5.894288
v 5.745621 -2.739172 5.890058
v 5.830204 -2.981167 5.885335
v 5.904437 -3.226033 5.880088
v 0.248518 1.332526 6.375303
v 0.520763 1.314905 6.375401
v 0.779782 1.286656 6.375539
v 1.037423 1.247387 6.375714
v 1.293165 1.197251 6.375918
v 1.545753 1.136608 6.376146
v 1.795623 1.065438 6.376389
v 2.042328 0.983878 6.376642
v 2.285419 0.892067 6.376897
v 2.524447 0.790139 6.377149
v 2.758964 0.678232 6.377390
v 2.988521 0.556483 6.377613
v 3.212668 0.425028 6.377812
v 3.430959 0.284005 6.377980
v 3.642943 0.133549 6.378109
v 3.848107 -0.026148 6.378195
v 4.044980 -0.193927 6.378224
v 4.233891 -0.369692 6.378171
v 4.415257 -0.553540 6.378005
v 4.588836 -0.745027 6.377695
v 4.754437 -0.943778 6.377211
v 4.912495 -1.150290 6.376518
v 5.061948 -1.363176 6.375588
v 5.202549 -1.581988 6.374390
v 5.334052 -1.806276 6.372891
v 5.456210 -2.035590 6.371062
v 5.568777 -2.269482 6.368871
v 5.671505 -2.507501 6.366288
v 5.764148 -2.749198 6.363281
v 5.846458 -2.994124 6.359819
v 5.918191 -3.241829 6.355871
v 0.250369 1.382929 6.832142
v 0.524636 1.365036 6.832263
v 0.785564 1.336348 6.832444
v 1.045082 1.296470 6.832680
v 1.302657 1.245561 6.832966
v 1.557017 1.183988 6.833296
v 1.808594 1.111736 6.833664
v 2.056929 1.028946 6.834064
v 2.301562 0.935762 6.834493
v 2.542033 0.832324 6.834943
v 2.777883 0.718775 6.835409
v 3.008651 0.595257 6.835886
v 3.233879 0.461912 6.836368
v 3.453105 0.318882 6.836849
v 3.665871 0.166310 6.837322
v 3.871652 0.004391 6.837785
v 4.068965 -0.165694 6.838223
v 4.258139 -0.343840 6.838613
v 4.439592 -0.530136 6.838931
v 4.613080 -0.724123 6.839149
v 4.778407 -0.925411 6.839241
v 4.936005 -1.134494 6.839179
v 5.084811 -1.349957 6.838935
v 5.224574 -1.571337 6.838481
v 5.355048 -1.798169 6.837790
v 5.475981 -2.029987 6.836835
v 5.587127 -2.266328 6.835589
v 5.688235 -2.506727 6.834024
v 5.779057 -2.750719 6.832114
v 5.859343 -2.997841 6.829831
v 5.928843 -3.247628 6.827147
v 0.251827 1.430094 7.289327
v 0.527688 1.411994 7.289469
v 0.790122 1.382967 7.289686
v 1.051122 1.342618 7.289976
v 1.310145 1.291107 7.290333
v 1.565906 1.228809 7.290755
v 1.818833 1.155711 7.291236
v 2.068459 1.071958 7.291772
v 2.314314 0.977697 7.292359
v 2.555931 0.873072 7.292993
v 2.792839 0.758231 7.293669
v 3.024572 0.633320 7.294383
v 3.250660 0.498483 7.295131
v 3.470635 0.353867 7.295907
v 3.684028 0.199618 7.296709
v 3.890305 0.035937 7.297530
v 4.087975 -0.135980 7.298359
v 4.277365 -0.316017 7.299177
v 4.458891 -0.504256 7.299963
v 4.632306 -0.700222 7.300695
v 4.797411 -0.903512 7.301350
v 4.954632 -1.114613 7.301907
v 5.102902 -1.332088 7.302340
v 5.241970 -1.555456 7.302624
v 5.371583 -1.784239 7.302737
v 5.491489 -2.017956 7.302656
v 5.601436 -2.256128 7.302356
v 5.701170 -2.498276 7.301816
v 5.790442 -2.743921 7.301013
v 5.868997 -2.992582 7.299921
v 5.936583 -3.243782 7.298519
v 0.252934 1.474426 7.747584
v 0.530006 1.456172 7.747712
v 0.793585 1.426889 7.747910
v 1.055711 1.386178 7.748173
v 1.315836 1.334206 7.748505
v 1.572663 1.271351 7.748896
v 1.826618 1.197599 7.749345
v 2.077227 1.113101 7.749849
v 2.324013 1.018004 7.750406
v 2.566503 0.912458 7.751012
v 2.804220 0.796611 7.751664
v 3.036688 0.670612 7.752357
v 3.263434 0.534608 7.753090
v 3.483981 0.388750 7.753860
v 3.697854 0.233185 7.754662
v 3.904512 0.068118 7.755492
v 4.102457 -0.105242 7.756341
v 4.292013 -0.286771 7.757195
v 4.473596 -0.476538 7.758038
v 4.646951 -0.674059 7.758852
v 4.811879 -0.878915 7.759618
v 4.968799 -1.091587 7.760323
v 5.116642 -1.310617 7.760943
v 5.255151 -1.535510 7.761462
v 5.384070 -1.765773 7.761860
v 5.503146 -2.000912 7.762120
v 5.612120 -2.240435 7.762223
v 5.710737 -2.483848 7.762152
v 5.798741 -2.730658 7.761887
v 5.875877 -2.980371 7.761412
v 5.941888 -3.232495 7.760708
v 0.253684 1.515427 8.206295
v 0.531577 1.497073 8.206393
v 0.795933 1.467617 8.206549
v 1.058825 1.426662 8.206758
v 1.319700 1.374374 8.207021
v 1.577254 1.311133 8.207333
v 1.831913 1.236928 8.207694
v 2.083195 1.151910 8.208099
v 2.330621 1.056228 8.208552
v 2.573713 0.950032 8.209046
v 2.811989 0.833472 8.209580
v 3.044970 0.706697 8.210152
v 3.272176 0.569859 8.210760
v 3.493127 0.423107 8.211403
v 3.707344 0.266591 8.212076
v 3.914281 0.100516 8.212781
v 4.112434 -0.073898 8.213506
v 4.302125 -0.256519 8.214242
v 4.483765 -0.447408 8.214980
v 4.657096 -0.646068 8.215707
v 4.821917 -0.852069 8.216410
v 4.978638 -1.065886 8.217077
v 5.126189 -1.286042 8.217696
v 5.264308 -1.512030 8.218252
v 5.392735 -1.743345 8.218734
v 5.511212 -1.979483 8.219125
v 5.619476 -2.219936 8.219419
v 5.717269 -2.464200 8.219596
v 5.804331 -2.711770 8.219646
v 5.880401 -2.962139 8.219560
v 5.945219 -3.214803 8.219321
v 0.254099 1.552959 8.666274
v 0.532446 1.534553 8.666339
v 0.797234 1.505004 8.666440
v 1.060554 1.463911 8.666576
v 1.321849 1.411441 8.666748
v 1.579812 1.347975 8.666952
v 1.834868 1.273502 8.667190
v 2.086534 1.188171 8.667455
v 2.334328 1.092132 8.667751
v 2.577768 0.985536 8.668073
v 2.816372 0.868531 8.668422
v 3.049657 0.741268 8.668797
v 3.277142 0.603896 8.669192
v 3.498345 0.456566 8.669611
v 3.712782 0.299428 8.670051
v 3.919907 0.132687 8.670508
v 4.118213 -0.042432 8.670980
v 4.308016 -0.225789 8.671458
v 4.489726 -0.417438 8.671938
v 4.663082 -0.616873 8.672411
v 4.827874 -0.823653 8.672869
v 4.984511 -1.038247 8.673306
v 5.131918 -1.259165 8.673712
v 5.269829 -1.485890 8.674080
v 5.397979 -1.717908 8.674400
v 5.516105 -1.954702 8.674664
v 5.623941 -2.195758 8.674870
v 5.721225 -2.440559 8.675002
v 5.807691 -2.688591 8.675056
v 5.883075 -2.939338 8.675024
v 5.947112 -3.192284 8.674898
v 0.254173 1.586496 9.127046
v 0.532605 1.568088 9.127069
v 0.797475 1.538523 9.127109
v 1.060879 1.497399 9.127161
v 1.322260 1.444883 9.127226
v 1.580310 1.381352 9.127302
v 1.835455 1.306795 9.127388
v 2.087212 1.221360 9.127485
v 2.335099 1.125194 9.127590
v 2.578633 1.018447 9.127703
v 2.817333 0.901265 9.127824
v 3.050716 0.773798 9.127950
v 3.278300 0.636195 9.128079
v 3.499604 0.488602 9.128216
v 3.714144 0.331169 9.128355
v 3.921372 0.164099 9.128495
v 4.119781 -0.011380 9.128638
v 4.309685 -0.195122 9.128776
v 4.491488 -0.387177 9.128910
v 4.664927 -0.587031 9.129033
v 4.829786 -0.794237 9.129146
v 4.986472 -1.009258 9.129242
v 5.133903 -1.230595 9.129320
v 5.271810 -1.457726 9.129375
v 5.399925 -1.690126 9.129405
v 5.517979 -1.927275 9.129405
v 5.625704 -2.168649 9.129374
v 5.722830 -2.413725 9.129306
v 5.809090 -2.661982 9.129199
v 5.884214 -2.912896 9.129050
v 5.947934 -3.165946 9.128856
v 0.253915 1.615676 9.588113
v 0.532066 1.597312 9.588095
v 0.796676 1.567808 9.588066
v 1.059827 1.526759 9.588026
v 1.320967 1.474327 9.587975
v 1.578789 1.410890 9.587912
v 1.833722 1.336431 9.587835
v 2.085284 1.251095 9.587748
v 2.332995 1.155027 9.587646
v 2.576375 1.048373 9.587533
v 2.814946 0.931277 9.587406
v 3.048226 0.803885 9.587265
v 3.275736 0.666343 9.587111
v 3.496996 0.518794 9.586942
v 3.711526 0.361386 9.586760
v 3.918780 0.194318 9.586561
v 4.117249 0.018816 9.586350
v 4.307248 -0.164971 9.586127
v 4.489174 -0.357088 9.585893
v 4.662760 -0.557018 9.585647
v 4.827789 -0.764309 9.585392
v 4.984662 -0.979424 9.585129
v 5.132294 -1.200857 9.584859
v 5.270413 -1.428081 9.584584
v 5.398745 -1.660571 9.584306
v 5.517019 -1.897800 9.584024
v 5.624961 -2.139241 9.583743
v 5.722300 -2.384368 9.583463
v 5.808762 -2.632654 9.583184
v 5.884076 -2.883574 9.582909
v 5.947968 -3.136599 9.582638
v 0.253378 1.640769 10.048873
v 0.530946 1.622490 10.048833
v 0.795008 1.593110 10.048768
v 1.057626 1.552225 10.048676
v 1.318251 1.499991 10.048555
v 1.575583 1.436781 10.048405
v 1.830051 1.362573 10.048223
v 2.081179 1.277509 10.048008
v 2.328491 1.181729 10.047760
v 2.571512 1.075374 10.047476
v 2.809767 0.958585 10.047155
v 3.042778 0.831503 10.046796
v 3.270071 0.694267 10.046397
v 3.491169 0.547020 10.045958
v 3.705598 0.389901 10.045476
v 3.912815 0.223108 10.044950
v 4.111314 0.047861 10.044384
v 4.301405 -0.135691 10.043778
v 4.483484 -0.327592 10.043135
v 4.657279 -0.527324 10.042455
v 4.822572 -0.734434 10.041741
v 4.979760 -0.949383 10.040994
v 5.127754 -1.170668 10.040218
v 5.266277 -1.397760 10.039417
v 5.395055 -1.630133 10.038594
v 5.513812 -1.867260 10.037751
v 5.622270 -2.108613 10.036891
v 5.720154 -2.353667 10.036016
v 5.807188 -2.601895 10.035131
v 5.883097 -2.852768 10.034237
v 5.947604 -3.105761 10.033337
v 0.252554 1.661779 10.515036
v 0.529225 1.643626 10.514994
v 0.792445 1.614440 10.514924
v 1.054240 1.573813 10.514823
v 1.314066 1.521898 10.514687
v 1.570635 1.459058 10.514512
v 1.824377 1.385268 10.514297
v 2.074822 1.300665 10.514039
v 2.321502 1.205383 10.513733
v 2.563947 1.099556 10.513377
v 2.801686 0.983321 10.512968
v 3.034250 0.856813 10.512503
v 3.261171 0.720165 10.511978
v 3.481977 0.573515 10.511392
v 3.696199 0.416996 10.510739
v 3.903302 0.250800 10.510019
v 4.101783 0.076139 10.509233
v 4.291951 -0.106839 10.508383
v 4.474196 -0.298179 10.507467
v 4.648246 -0.497366 10.506490
v 4.813877 -0.703950 10.505453
v 4.971488 -0.918392 10.504354
v 5.119986 -1.139193 10.503200
v 5.259090 -1.365829 10.501993
v 5.388522 -1.597776 10.500737
v 5.508004 -1.834509 10.499434
v 5.617256 -2.075505 10.498087
v 5.716001 -2.320238 10.496698
v 5.803957 -2.568186 10.495272
v 5.880848 -2.818823 10.493808
v 5.946394 -3.071626 10.492311
v 0.251471 1.678343 10.980960
v 0.526962 1.660356 10.980942
v 0.789071 1.631427 10.980907
v 1.049780 1.591148 10.980853
v 1.308552 1.539664 10.980772
v 1.564108 1.477332 10.980660
v 1.816885 1.404121 10.980513
v 2.066420 1.320161 10.980323
v 2.312252 1.225580 10.980088
v 2.553917 1.120508 10.979801
v 2.790956 1.005072 10.979459
v 3.022904 0.879403 10.979054
v 3.249301 0.743628 10.978583
v 3.469684 0.597877 10.978041
v 3.683592 0.442278 10.977422
v 3.890496 0.277016 10.976722
v 4.088901 0.103292 10.975941
v 4.279110 -0.078750 10.975079
v 4.461514 -0.269158 10.974134
v 4.635837 -0.467421 10.973109
v 4.801853 -0.673096 10.972005
v 4.959963 -0.886645 10.970818
v 5.109068 -1.106580 10.969552
v 5.248888 -1.332382 10.968211
v 5.379140 -1.563533 10.966795
v 5.499545 -1.799514 10.965307
v 5.609821 -2.039807 10.963747
v 5.709688 -2.283893 10.962116
v 5.798863 -2.531254 10.960418
v 5.877069 -2.781372 10.958652
v 5.944021 -3.033728 10.956819
v 0.250176 1.690547 11.439539
v 0.524256 1.672759 11.439602
v 0.785035 1.644142 11.439698
v 1.044440 1.604289 11.439821
v 1.301944 1.553338 11.439966
v 1.556282 1.491636 11.440123
v 1.807893 1.419149 11.440289
v 2.056323 1.335999 11.440452
v 2.301120 1.242309 11.440610
v 2.541830 1.138202 11.440754
v 2.778000 1.023799 11.440879
v 3.009177 0.899224 11.440976
v 3.234908 0.764600 11.441039
v 3.454740 0.620048 11.441063
v 3.668220 0.465691 11.441038
v 3.874829 0.301707 11.440959
v 4.073078 0.129283 11.440822
v 4.263270 -0.051441 11.440625
v 4.445794 -0.240518 11.440368
v 4.620371 -0.437444 11.440050
v 4.786778 -0.641785 11.439668
v 4.945415 -0.854004 11.439223
v 5.095181 -1.072627 11.438714
v 5.235795 -1.297146 11.438140
v 5.366975 -1.527049 11.437500
v 5.488441 -1.761827 11.436794
v 5.599910 -2.000969 11.436020
v 5.701099 -2.243967 11.435180
v 5.791729 -2.490309 11.434269
v 5.871518 -2.739486 11.433290
v 5.940184 -2.990989 11.432240
v 0.248653 1.697798 11.898216
v 0.521073 1.680244 11.898360
v 0.780288 1.651999 11.898585
v 1.038158 1.612655 11.898884
v 1.294169 1.562344 11.899251
v 1.547069 1.501405 11.899673
v 1.797301 1.429797 11.900147
v 2.044424 1.347638 11.900660
v 2.287993 1.255043 11.901203
v 2.527565 1.152129 11.901772
v 2.762698 1.039012 11.902354
v 2.992947 0.915807 11.902943
v 3.217870 0.782631 11.903528
v 3.437024 0.639601 11.904103
v 3.649965 0.486831 11.904657
v 3.856186 0.324493 11.905184
v 4.054204 0.153758 11.905672
v 4.244322 -0.025243 11.906120
v 4.426928 -0.212566 11.906528
v 4.601742 -0.407720 11.906891
v 4.768541 -0.610280 11.907207
v 4.927729 -0.820713 11.907476
v 5.078203 -1.037565 11.907693
v 5.219681 -1.260337 11.907854
v 5.351882 -1.488530 11.907957
v 5.474524 -1.721646 11.907999
v 5.587326 -1.959184 11.907977
v 5.690005 -2.200648 11.907889
v 5.782279 -2.445537 11.907731
v 5.863868 -2.693352 11.907500
v 5.934490 -2.943596 11.907194
v 0.246953 1.700562 12.352438
v 0.517518 1.683273 12.352701
v 0.774984 1.655450 12.353119
v 1.031137 1.616687 12.353684
v 1.285476 1.567109 12.354390
v 1.536762 1.507047 12.355225
v 1.785446 1.436457 12.356178
v 2.031094 1.355449 12.357244
v 2.273275 1.264134 12.358408
v 2.511556 1.162621 12.359665
v 2.745504 1.051021 12.361004
v 2.974686 0.929444 12.362415
v 3.198670 0.798000 12.363889
v 3.417024 0.656799 12.365417
v 3.629314 0.505952 12.366988
v 3.835042 0.345622 12.368593
v 4.032739 0.176961 12.370216
v 4.222703 0.000094 12.371854
v 4.405323 -0.185043 12.373509
v 4.580320 -0.377971 12.375175
v 4.747474 -0.578278 12.376849
v 4.907190 -0.786432 12.378535
v 5.058367 -1.001005 12.380219
v 5.200723 -1.221509 12.381896
v 5.333979 -1.447459 12.383562
v 5.457853 -1.678368 12.385212
v 5.572065 -1.913751 12.386841
v 5.676336 -2.153122 12.388444
v 5.770383 -2.395994 12.390015
v 5.853927 -2.641881 12.391552
v 5.926689 -2.890298 12.393046
v 0.245107 1.696357 12.806616
v 0.513657 1.679357 12.807002
v 0.769220 1.651998 12.807613
v 1.023504 1.613879 12.808452
v 1.276016 1.565120 12.809505
v 1.525538 1.506042 12.810756
v 1.772522 1.436601 12.812200
v 2.016547 1.356902 12.813825
v 2.257191 1.267050 12.815619
v 2.494034 1.167150 12.817575
v 2.726652 1.057310 12.819677
v 2.954626 0.937633 12.821918
v 3.177532 0.808226 12.824286
v 3.394950 0.669193 12.826769
v 3.606457 0.520641 12.829358
v 3.811568 0.362728 12.832041
v 4.008821 0.196583 12.834791
v 4.198520 0.022322 12.837609
v 4.381050 -0.160125 12.840496
v 4.556140 -0.350296 12.843445
v 4.723567 -0.547794 12.846452
v 4.883747 -0.753090 12.849523
v 5.035577 -0.964785 12.852636
v 5.178781 -1.182407 12.855786
v 5.313080 -1.405488 12.858968
v 5.438197 -1.633556 12.862171
v 5.553853 -1.866143 12.865392
v 5.659770 -2.102777 12.868623
v 5.755670 -2.342990 12.871857
v 5.841276 -2.586311 12.875088
v 5.916309 -2.832271 12.878308
v 0.242474 1.678933 13.427732
v 0.508150 1.662359 13.427958
v 0.761002 1.635687 13.428317
v 1.012624 1.598524 13.428807
v 1.262540 1.550985 13.429420
v 1.509555 1.493380 13.430148
v 1.754128 1.425663 13.430983
v 1.995854 1.347934 13.431921
v 2.234327 1.260291 13.432952
v 2.469141 1.162835 13.434072
v 2.699887 1.055662 13.435273
v 2.926160 0.938872 13.436547
v 3.147552 0.812562 13.437892
v 3.363656 0.676831 13.439300
v 3.574062 0.531775 13.440763
v 3.778298 0.377544 13.442278
v 3.974918 0.215233 13.443830
v 4.164224 0.044940 13.445423
v 4.346605 -0.133421 13.447055
v 4.521793 -0.319413 13.448730
v 4.689569 -0.512665 13.450444
v 4.850354 -0.713656 13.452208
v 5.003049 -0.921033 13.454009
v 5.147379 -1.134351 13.455846
v 5.283068 -1.353167 13.457722
v 5.409837 -1.577036 13.459634
v 5.527412 -1.805512 13.461581
v 5.635514 -2.038149 13.463564
v 5.733866 -2.274502 13.465583
v 5.822189 -2.514123 13.467636
v 5.900205 -2.756563 13.469725
v 0.239880 1.647668 14.041515
v 0.502722 1.631509 14.041568
v 0.752894 1.605514 14.041649
v 1.001876 1.569299 14.041757
v 1.249207 1.522979 14.041887
v 1.493711 1.466860 14.042038
v 1.735855 1.400898 14.042203
v 1.975244 1.325190 14.042382
v 2.211487 1.239836 14.042570
v 2.444191 1.144934 14.042767
v 2.672961 1.040581 14.042966
v 2.897405 0.926873 14.043165
v 3.117127 0.803906 14.043366
v 3.331734 0.671777 14.043565
v 3.540830 0.530580 14.043756
v 3.743956 0.380460 14.043942
v 3.939682 0.222481 14.044121
v 4.128314 0.056724 14.044295
v 4.310249 -0.116909 14.044465
v 4.485224 -0.298010 14.044634
v 4.653032 -0.486230 14.044806
v 4.814103 -0.682055 14.044986
v 4.967347 -0.884180 14.045173
v 5.112495 -1.092190 14.045370
v 5.249281 -1.305668 14.045588
v 5.377432 -1.524196 14.045825
v 5.496682 -1.747356 14.046089
v 5.606757 -1.974729 14.046385
v 5.707386 -2.205895 14.046718
v 5.798297 -2.440434 14.047094
v 5.879215 -2.677923 14.047521
v 0.237698 1.608684 14.582178
v 0.498154 1.592873 14.581896
v 0.746069 1.567448 14.581443
v 0.992823 1.532037 14.580812
v 1.237965 1.486761 14.580007
v 1.480338 1.431921 14.579031
v 1.720409 1.367480 14.577883
v 1.957796 1.293538 14.576565
v 2.192115 1.210198 14.575079
v 2.422984 1.117560 14.573427
v 2.650019 1.015722 14.571611
v 2.872838 0.904785 14.569634
v 3.091054 0.784845 14.567499
v 3.304285 0.656001 14.565207
v 3.512146 0.518349 14.562763
v 3.714185 0.372032 14.560170
v 3.908991 0.218089 14.557450
v 4.096873 0.056586 14.554605
v 4.278237 -0.112584 14.551629
v 4.452830 -0.289038 14.548534
v 4.620454 -0.472449 14.545327
v 4.781551 -0.663305 14.542001
v 4.935042 -0.860348 14.538578
v 5.080668 -1.063187 14.535070
v 5.218171 -1.271431 14.531492
v 5.347288 -1.484688 14.527851
v 5.467761 -1.702563 14.524163
v 5.579324 -1.924663 14.520441
v 5.681715 -2.150593 14.516697
v 5.774668 -2.379957 14.512953
v 5.857917 -2.612358 14.509220
v 0.235773 1.562730 15.089029
v 0.494125 1.547221 15.088285
v 0.740044 1.522293 15.087098
v 0.984823 1.487591 15.085449
v 1.228021 1.443239 15.083347
v 1.468492 1.389541 15.080812
v 1.706705 1.326469 15.077842
v 1.942286 1.254129 15.074447
v 2.174858 1.172628 15.070633
v 2.404046 1.082073 15.066410
v 2.629474 0.982568 15.061787
v 2.850768 0.874218 15.056769
v 3.067549 0.757126 15.051370
v 3.279443 0.631395 15.045592
v 3.486073 0.497127 15.039450
v 3.686996 0.354469 15.032953
v 3.880812 0.204434 15.026154
v 4.067842 0.047081 15.019052
v 4.248496 -0.117708 15.011634
v 4.422536 -0.289569 15.003919
v 4.589775 -0.468198 14.995918
v 4.750667 -0.654077 14.987609
v 4.904145 -0.845998 14.979044
v 5.049964 -1.043589 14.970244
v 5.187876 -1.246483 14.961229
v 5.317631 -1.454309 14.952017
v 5.438981 -1.666698 14.942630
v 5.551671 -1.883280 14.933095
v 5.655448 -2.103683 14.923433
v 5.750060 -2.327534 14.913677
v 5.835246 -2.554461 14.903852
v 0.233966 1.509338 15.590773
v 0.490339 1.494106 15.589437
v 0.734380 1.469639 15.587300
v 0.977298 1.435597 15.584338
v 1.218657 1.392113 15.580567
v 1.457324 1.339494 15.576019
v 1.693767 1.277724 15.570700
v 1.927617 1.206917 15.564621
v 2.158504 1.127189 15.557802
v 2.386060 1.038654 15.550256
v 2.609913 0.941426 15.542004
v 2.829696 0.835616 15.533053
v 3.045037 0.721338 15.523428
v 3.255567 0.598700 15.513143
v 3.460916 0.467814 15.502210
v 3.660648 0.328833 15.490657
v 3.853378 0.182750 15.478571
v 4.039434 0.029613 15.465948
v 4.219235 -0.130703 15.452770
v 4.392559 -0.297852 15.439061
v 4.559229 -0.471548 15.424840
v 4.719713 -0.652272 15.410062
v 4.872961 -0.838857 15.394821
v 5.018740 -1.030954 15.379145
v 5.156817 -1.228216 15.363064
v 5.286954 -1.430294 15.346605
v 5.408917 -1.636841 15.329804
v 5.522465 -1.847508 15.312698
v 5.627356 -2.061945 15.295325
v 5.723348 -2.279803 15.277725
v 5.810197 -2.500727 15.259943
v 0.232202 1.448471 16.095613
v 0.486644 1.433499 16.093586
v 0.728848 1.409467 16.090340
v 0.969943 1.376053 16.085838
v 1.209496 1.333400 16.080111
v 1.446384 1.281823 16.073208
v 1.681075 1.221318 16.065136
v 1.913203 1.152011 16.055918
v 2.142403 1.074027 16.045578
v 2.368310 0.987492 16.034142
v 2.590560 0.892530 16.021641
v 2.808789 0.789264 16.008087
v 3.022629 0.677818 15.993516
v 3.231718 0.558312 15.977952
v 3.435689 0.430868 15.961414
v 3.634114 0.295650 15.943944
v 3.825619 0.153631 15.925670
v 4.010544 0.004852 15.906587
v 4.189316 -0.150816 15.886668
v 4.361729 -0.313047 15.865944
v 4.527621 -0.481570 15.844443
v 4.687471 -0.656860 15.822095
v 4.840251 -0.837792 15.799037
v 4.985743 -1.024038 15.775307
v 5.123727 -1.215268 15.750946
v 5.253983 -1.411153 15.725994
v 5.376292 -1.611364 15.700495
v 5.490426 -1.815572 15.674496
v 5.596161 -2.023447 15.648049
v 5.693270 -2.234656 15.621209
v 5.781524 -2.448867 15.594030
v 0.230358 1.377493 16.626806
v 0.482780 1.362783 16.623953
v 0.723062 1.339190 16.619385
v 0.962244 1.306416 16.613052
v 1.199899 1.264615 16.604992
v 1.434913 1.214112 16.595285
v 1.667750 1.154918 16.583939
v 1.898049 1.087172 16.570984
v 2.125449 1.011013 16.556458
v 2.349587 0.926580 16.540396
v 2.570105 0.834012 16.522839
v 2.786639 0.733443 16.503817
v 2.998831 0.625013 16.483368
v 3.206317 0.508854 16.461531
v 3.408737 0.385102 16.438337
v 3.605667 0.253935 16.413841
v 3.795748 0.116306 16.388227
v 3.979328 -0.027749 16.361485
v 4.156849 -0.178366 16.333576
v 4.328118 -0.335236 16.304544
v 4.492993 -0.498104 16.274427
v 4.651964 -0.667435 16.243126
v 4.804025 -0.842150 16.210833
v 4.948975 -1.021937 16.177591
v 5.086613 -1.206484 16.143461
v 5.216736 -1.395482 16.108494
v 5.339138 -1.588616 16.072746
v 5.453615 -1.785576 16.036278
v 5.559958 -1.986046 15.999153
v 5.657956 -2.189711 15.961442
v 5.747400 -2.396250 15.923211
v 0.228436 1.297678 17.170597
v 0.478750 1.283224 17.166847
v 0.717024 1.260065 17.160851
v 0.954206 1.227926 17.152540
v 1.189870 1.186976 17.141966
v 1.422912 1.137553 17.129230
v 1.653792 1.079685 17.114347
v 1.882151 1.013527 17.097361
v 2.107630 0.939234 17.078320
v 2.329871 0.856962 17.057270
v 2.548516 0.766864 17.034267
v 2.763205 0.669094 17.009350
v 2.973582 0.563804 16.982573
v 3.179286 0.451148 16.953983
v 3.379960 0.331276 16.923630
v 3.575183 0.204382 16.891579
v 3.763611 0.071405 16.858070
v 3.945603 -0.067628 16.823093
v 4.121613 -0.212852 16.786600
v 4.291465 -0.363977 16.748640
v 4.455038 -0.520762 16.709267
v 4.612832 -0.683658 16.668344
v 4.763868 -0.851631 16.626123
v 4.907964 -1.024385 16.582663
v 5.044938 -1.201622 16.538025
v 5.174607 -1.383048 16.492277
v 5.296786 -1.568363 16.445486
v 5.411289 -1.757269 16.397722
v 5.517929 -1.949463 16.349058
v 5.616518 -2.144643 16.299568
v 5.706867 -2.342499 16.249325
v 0.226451 1.211409 17.712212
v 0.474587 1.197208 17.707500
v 0.710786 1.174482 17.699972
v 0.945896 1.142979 17.689545
v 1.179496 1.102886 17.676281
v 1.410491 1.054553 17.660309
v 1.639333 0.998029 17.641647
v 1.865667 0.933487 17.620354
v 2.089136 0.861099 17.596491
v 2.309382 0.781037 17.570124
v 2.526051 0.693475 17.541311
v 2.738783 0.598582 17.510111
v 2.947225 0.496530 17.476595
v 3.151018 0.387490 17.440823
v 3.349806 0.271632 17.402853
v 3.543171 0.149167 17.362768
v 3.729783 0.021017 17.320883
v 3.910013 -0.112796 17.277166
v 4.084328 -0.252412 17.231573
v 4.252572 -0.397555 17.184166
v 4.414639 -0.548001 17.134998
v 4.571046 -0.704186 17.083916
v 4.720839 -0.865122 17.031221
v 4.863855 -1.030527 16.976994
v 4.999934 -1.200119 16.921307
v 5.128912 -1.373618 16.864241
v 5.250623 -1.550737 16.805876
v 5.364903 -1.731189 16.746290
v 5.471586 -1.914685 16.685570
v 5.570508 -2.100930 16.623789
v 5.661498 -2.289625 16.561039
v 0.224350 1.117576 18.252558
v 0.470180 1.103623 18.246887
v 0.704177 1.081322 18.237827
v 0.937088 1.050449 18.225283
v 1.168491 1.011210 18.209332
v 1.397301 0.963970 18.190125
v 1.623963 0.908801 18.167690
v 1.848122 0.845896 18.142097
v 2.069421 0.775447 18.113424
v 2.287504 0.697647 18.081753
v 2.502017 0.612688 18.047152
v 2.712604 0.520762 18.009697
v 2.918907 0.422062 17.969473
v 3.120572 0.316781 17.926552
v 3.317242 0.205109 17.881008
v 3.508500 0.087280 17.832941
v 3.693033 -0.035800 17.782721
v 3.871223 -0.164114 17.730324
v 4.043552 -0.297800 17.675682
v 4.209883 -0.436602 17.618874
v 4.370131 -0.580307 17.559963
v 4.524827 -0.729334 17.498760
v 4.673048 -0.882741 17.435625
v 4.814652 -1.040261 17.370646
v 4.949502 -1.201629 17.303907
v 5.077456 -1.366574 17.235500
v 5.198374 -1.534827 17.165504
v 5.312115 -1.706114 17.094011
v 5.418539 -1.880157 17.021103
v 5.517507 -2.056679 16.946863
v 5.608878 -2.235396 16.871374
v 0.222104 1.016542 18.790400
v 0.465470 1.002848 18.783707
v 0.697115 0.980992 18.773016
v 0.927674 0.950780 18.758215
v 1.156728 0.912439 18.739403
v 1.383198 0.866353 18.716757
v 1.607523 0.812616 18.690310
v 1.829348 0.751442 18.660149
v 2.048317 0.683046 18.626369
v 2.264075 0.607643 18.589066
v 2.476268 0.525445 18.548323
v 2.684539 0.436668 18.504238
v 2.888534 0.341525 18.456902
v 3.087897 0.240231 18.406408
v 3.282273 0.133001 18.352846
v 3.471245 0.020085 18.296331
v 3.653519 -0.097624 18.237293
v 3.829489 -0.220119 18.175718
v 3.999653 -0.347541 18.111517
v 4.163898 -0.479653 18.044785
v 4.322160 -0.616262 17.975595
v 4.474985 -0.757772 17.903721
v 4.621484 -0.903295 17.829592
v 4.761540 -1.052585 17.753302
v 4.895038 -1.205398 17.674952
v 5.021861 -1.361487 17.594646
v 5.141893 -1.520604 17.512476
v 5.255020 -1.682498 17.428541
v 5.361124 -1.846918 17.342939
v 5.460093 -2.013611 17.255762
v 5.551813 -2.182323 17.167101
v 0.219926 0.919141 19.273581
v 0.460901 0.905690 19.265940
v 0.690261 0.884254 19.253740
v 0.918536 0.854667 19.236856
v 1.145308 0.817176 19.215410
v 1.369503 0.772182 19.189598
v 1.591553 0.719803 19.159464
v 1.811105 0.660274 19.125111
v 2.027802 0.593830 19.086653
v 2.241288 0.520707 19.044195
v 2.451211 0.441138 18.997843
v 2.657214 0.355360 18.947712
v 2.858943 0.263607 18.893902
v 3.056041 0.166114 18.836527
v 3.248154 0.063117 18.775694
v 3.434867 -0.045114 18.711535
v 3.614901 -0.157704 18.644541
v 3.788664 -0.274653 18.574703
v 3.956668 -0.396108 18.501921
v 4.118822 -0.521850 18.426308
v 4.275082 -0.651705 18.347954
v 4.426008 -0.786063 18.266605
v 4.570743 -0.924088 18.182747
v 4.709192 -1.065556 18.096502
v 4.841261 -1.210240 18.007982
v 4.966855 -1.357914 17.917307
v 5.085881 -1.508349 17.824589
v 5.198246 -1.661315 17.729946
v 5.303854 -1.816580 17.633490
v 5.402617 -1.973910 17.535326
v 5.494441 -2.133070 17.435566
v 0.217439 0.809398 19.781717
v 0.455683 0.796211 19.773081
v 0.682435 0.775232 19.759296
v 0.908100 0.746327 19.740225
v 1.132259 0.709768 19.716011
v 1.353850 0.665974 19.686878
v 1.573293 0.615091 19.652884
v 1.790235 0.557378 19.614145
v 2.004319 0.493093 19.570801
v 2.215190 0.422496 19.522966
v 2.422493 0.345845 19.470774
v 2.625873 0.263399 19.414349
v 2.824975 0.175417 19.353817
v 3.019442 0.082158 19.289301
v 3.208920 -0.016119 19.220938
v 3.392993 -0.119121 19.148872
v 3.570403 -0.225992 19.073664
v 3.741573 -0.336742 18.995306
v 3.907030 -0.451521 18.913689
v 4.066707 -0.570134 18.828951
v 4.220585 -0.692426 18.741196
v 4.369239 -0.818773 18.650146
v 4.511848 -0.948398 18.556353
v 4.648343 -1.081098 18.459955
v 4.778655 -1.216672 18.361086
v 4.902712 -1.354914 18.259886
v 5.020449 -1.495620 18.156487
v 5.131795 -1.638583 18.051027
v 5.236682 -1.783593 17.943634
v 5.335044 -1.930440 17.834438
v 5.426815 -2.078913 17.723574
v 0.214442 0.679726 20.344505
v 0.449395 0.666839 20.334761
v 0.673001 0.646383 20.319218
v 0.895516 0.618262 20.297724
v 1.116523 0.582775 20.270447
v 1.334966 0.540367 20.237648
v 1.551255 0.491216 20.199392
v 1.765036 0.435609 20.155823
v 1.975951 0.373833 20.107100
v 2.183644 0.306177 20.053354
v 2.387761 0.232928 19.994749
v 2.587943 0.154375 19.931425
v 2.783836 0.070804 19.863531
v 2.975083 -0.017496 19.791214
v 3.161328 -0.110238 19.714628
v 3.342156 -0.207102 19.633945
v 3.516331 -0.307254 19.549797
v 3.684295 -0.410713 19.462181
v 3.846594 -0.517635 19.370981
v 4.003190 -0.627853 19.276358
v 4.154094 -0.741234 19.178434
v 4.299897 -0.858139 19.076912
v 4.439825 -0.977858 18.972406
v 4.573838 -1.100218 18.865080
v 4.701898 -1.225044 18.755096
v 4.823964 -1.352161 18.642614
v 4.939998 -1.481391 18.527790
v 5.049963 -1.612558 18.410782
v 5.153820 -1.745482 18.291746
v 5.251533 -1.879983 18.170839
v 5.343063 -2.015879 18.048216
v 0.210555 0.515788 21.016109
v 0.441238 0.503267 21.005035
v 0.660763 0.483452 20.987381
v 0.879190 0.456293 20.962988
v 1.096101 0.422129 20.932043
v 1.310451 0.381435 20.894859
v 1.522637 0.334430 20.851515
v 1.732300 0.281440 20.802185
v 1.939082 0.222789 20.747047
v 2.142625 0.158804 20.686274
v 2.342572 0.089808 20.620041
v 2.538565 0.016129 20.548525
v 2.730247 -0.061910 20.471901
v 2.917259 -0.143982 20.390343
v 3.099245 -0.229762 20.304028
v 3.275789 -0.318896 20.213160
v 3.445686 -0.410577 20.118458
v 3.609400 -0.504836 20.019924
v 3.767501 -0.601835 19.917435
v 3.919992 -0.701440 19.811178
v 4.066920 -0.803549 19.701300
v 4.208901 -0.908503 19.587469
v 4.345218 -1.015680 19.470392
v 4.475873 -1.124944 19.350256
v 4.600867 -1.236157 19.227247
v 4.720201 -1.349184 19.101555
v 4.833877 -1.463885 18.973366
v 4.941896 -1.580127 18.842869
v 5.044260 -1.697770 18.710249
v 5.140971 -1.816678 18.575697
v 5.232029 -1.936715 18.439398
v 0.207762 0.401557 21.461994
v 0.435378 0.389285 21.450018
v 0.651969 0.369905 21.430935
v 0.867457 0.343404 21.404581
v 1.081421 0.310147 21.371162
v 1.292828 0.270630 21.331020
v 1.502058 0.225102 21.284248
v 1.708754 0.173916 21.231043
v 1.912555 0.117423 21.171597
v 2.113102 0.055976 21.106106
v 2.310037 -0.010074 21.034767
v 2.502999 -0.080375 20.957773
v 2.691630 -0.154574 20.875322
v 2.875570 -0.232320 20.787607
v 3.054460 -0.313261 20.694824
v 3.227885 -0.397016 20.597202
v 3.394661 -0.482798 20.495518
v 3.555267 -0.570645 20.389778
v 3.710290 -0.660725 20.279865
v 3.859758 -0.752926 20.165981
v 4.003747 -0.847167 20.048296
v 4.142885 -0.943772 19.926460
v 4.276497 -1.042180 19.801239
v 4.404613 -1.142278 19.672844
v 4.527260 -1.243952 19.541483
v 4.644467 -1.347088 19.407364
v 4.756264 -1.451573 19.270699
v 4.862678 -1.557293 19.131695
v 4.963738 -1.664135 18.990562
v 5.059474 -1.771985 18.847509
v 5.149914 -1.880729 18.702747
v 0.204818 0.284352 21.906277
v 0.429200 0.272330 21.893387
v 0.642699 0.253391 21.872854
v 0.855088 0.227557 21.844509
v 1.065945 0.195219 21.808580
v 1.274245 0.156899 21.765442
v 1.480357 0.112877 21.715200
v 1.683920 0.063532 21.658068
v 1.884572 0.009244 21.594263
v 2.081954 -0.049607 21.524004
v 2.275702 -0.112642 21.447502
v 2.465458 -0.179479 21.364977
v 2.650858 -0.249740 21.276646
v 2.831543 -0.323045 21.182720
v 3.007151 -0.399013 21.083420
v 3.177266 -0.477239 20.978994
v 3.340728 -0.556952 20.870283
v 3.498029 -0.638201 20.757301
v 3.649776 -0.721157 20.639929
v 3.796024 -0.805732 20.518391
v 3.936873 -0.891866 20.392878
v 4.072970 -0.979868 20.263023
v 4.203682 -1.069238 20.129658
v 4.329066 -1.159886 19.993010
v 4.449179 -1.251724 19.853312
v 4.564079 -1.344660 19.710794
v 4.673821 -1.438607 19.565693
v 4.778464 -1.533475 19.418236
v 4.878064 -1.629173 19.268658
v 4.972678 -1.725612 19.117188
v 5.062364 -1.822704 18.964060
v 0.201720 0.164561 22.350000
v 0.422699 0.152791 22.336176
v 0.632942 0.134297 22.314161
v 0.842068 0.109137 22.283785
v 1.049654 0.077732 22.245295
v 1.254682 0.040629 22.199097
v 1.457509 -0.001863 22.145311
v 1.657771 -0.049332 22.084177
v 1.855105 -0.101372 22.015930
v 2.049148 -0.157572 21.940809
v 2.239537 -0.217524 21.859051
v 2.425907 -0.280819 21.770893
v 2.607898 -0.347048 21.676575
v 2.785144 -0.415802 21.576332
v 2.957283 -0.486672 21.470404
v 3.123899 -0.559225 21.359066
v 3.283854 -0.632709 21.243216
v 3.437657 -0.707181 21.122881
v 3.585931 -0.782819 20.997940
v 3.728762 -0.859557 20.868641
v 3.866277 -0.937359 20.735193
v 3.999139 -1.016516 20.597219
v 4.126758 -1.096592 20.455608
v 4.249223 -1.177522 20.310616
v 4.366620 -1.259243 20.162495
v 4.479035 -1.341689 20.011501
v 4.586555 -1.424795 19.857889
v 4.689266 -1.508497 19.701916
v 4.787255 -1.592731 19.543837
v 4.880607 -1.677431 19.383905
v 4.969410 -1.762533 19.222376
v 0.198464 0.042573 22.794201
v 0.415866 0.031056 22.779415
v 0.622688 0.013010 22.755880
v 0.828384 -0.011469 22.723415
v 1.032531 -0.041929 22.682291
v 1.234120 -0.077799 22.632952
v 1.433492 -0.118734 22.575529
v 1.630282 -0.164296 22.510284
v 1.824125 -0.214046 22.437475
v 2.014655 -0.267544 22.357365
v 2.201507 -0.324351 22.270210
v 2.384315 -0.384028 22.176273
v 2.562714 -0.446136 22.075813
v 2.736339 -0.510236 21.969091
v 2.904823 -0.575889 21.856367
v 3.067750 -0.642634 21.737940
v 3.224006 -0.709736 21.614775
v 3.374119 -0.777263 21.486906
v 3.518727 -0.845398 21.354210
v 3.657947 -0.914101 21.216961
v 3.791937 -0.983356 21.075390
v 3.921371 -1.053439 20.929108
v 4.045712 -1.123980 20.779060
v 4.165075 -1.194940 20.625530
v 4.279578 -1.266280 20.468796
v 4.389338 -1.337961 20.309137
v 4.494472 -1.409943 20.146832
v 4.595097 -1.482188 19.982161
v 4.691330 -1.554657 19.815401
v 4.783288 -1.627311 19.646835
v 4.871087 -1.700111 19.476742
v 4.850503 -1.695413 19.546085
v 5.745306 -2.880371 3.067677
v 0.203168 -0.081512 23.239519
v 0.405954 -0.092296 23.224411
v 0.607991 -0.109680 23.199612
v 0.808914 -0.133197 23.165401
v 1.008359 -0.162381 23.122063
v 1.205958 -0.196763 23.069876
v 1.401348 -0.235877 23.009123
v 1.594162 -0.279255 22.940084
v 1.784036 -0.326431 22.863043
v 1.970603 -0.376937 22.778278
v 2.153498 -0.430306 22.686073
v 2.332356 -0.486071 22.586708
v 2.506812 -0.543765 22.480465
v 2.676500 -0.602920 22.367624
v 2.841054 -0.663069 22.248468
v 3.000109 -0.723745 22.123278
v 3.153386 -0.784557 21.992338
v 3.300949 -0.845416 21.855951
v 3.442945 -0.906310 21.714424
v 3.579527 -0.967227 21.568064
v 3.710842 -1.028153 21.417173
v 3.837040 -1.089077 21.262060
v 3.958272 -1.149985 21.103033
v 4.074686 -1.210866 20.940395
v 4.186431 -1.271707 20.774454
v 4.293658 -1.332495 20.605515
v 4.396516 -1.393217 20.433886
v 4.495154 -1.453862 20.259871
v 4.589723 -1.514417 20.083776
v 4.680371 -1.574868 19.905910
v 4.767248 -1.635205 19.726578
v 4.963553 -1.779558 19.284447
v 5.069483 -1.860041 19.018702
v 5.168643 -1.937251 18.749367
v 5.261381 -2.011582 18.476963
v 5.348003 -2.083403 18.201910
v 5.428785 -2.153076 17.924511
v 5.503648 -2.220820 17.644981
v 5.572619 -2.287052 17.363579
v 5.635531 -2.352042 17.080465
v 5.692389 -2.415806 16.795794
v 5.743774 -2.479452 16.502539
v 5.787836 -2.540963 16.207640
v 5.826038 -2.601589 15.904298
v 5.858412 -2.661194 15.591170
v 5.886212 -2.721154 15.259933
v 5.910294 -2.783093 14.899277
v 5.931678 -2.849348 14.492171
v 5.950878 -2.922539 14.015759
v 5.968087 -3.004508 13.447220
v 5.980833 -3.083570 12.855869
v 5.988528 -3.142765 12.376631
v 5.993880 -3.196701 11.896740
v 5.997496 -3.245664 11.416290
v 5.999503 -3.289551 10.935337
v 6.000290 -3.325959 10.491012
v 6.000437 -3.359350 10.046455
v 6.000177 -3.389809 9.601698
v 6.000003 -3.419107 9.152194
v 5.999584 -3.445431 8.702515
v 5.998610 -3.467939 8.247983
v 5.996610 -3.485486 7.783952
v 5.992853 -3.496340 7.301144
v 5.987041 -3.498835 6.818237
v 5.978638 -3.490870 6.335443
v 5.968476 -3.473989 5.890131
v 5.955525 -3.445150 5.448463
v 5.938927 -3.401387 5.008214
v 5.918550 -3.342371 4.572879
v 5.898489 -3.282315 4.200775
v 5.876264 -3.214574 3.871110
v 5.846019 -3.129433 3.546369
v 5.792046 -2.992813 3.125691
v 5.720266 -2.832095 2.716220
v 5.658504 -2.709810 2.452592
v 5.552627 -2.526437 2.113929
v 5.435323 -2.341931 1.809261
v 5.273646 -2.121099 1.499580
v 5.122683 -1.945528 1.299015
v 4.978416 -1.787308 1.131187
v 4.844088 -1.651189 1.001441
v 4.709478 -1.524119 0.892017
v 4.568773 -1.399443 0.794232
v 4.437487 -1.289783 0.715422
v 4.301268 -1.181618 0.643169
v 4.160617 -1.075446 0.577126
v 4.015960 -0.971587 0.516782
v 3.867515 -0.870223 0.461600
v 3.715477 -0.771642 0.411197
v 3.560039 -0.676136 0.365189
v 3.401396 -0.583994 0.323196
v 3.239743 -0.495507 0.284833
v 3.075272 -0.410963 0.249719
v 2.908178 -0.330653 0.217470
v 2.738567 -0.254870 0.187805
v 2.566530 -0.183743 0.160648
v 2.392246 -0.117319 0.135924
v 2.215890 -0.055647 0.113556
v 2.037641 0.001227 0.093471
v 1.857673 0.053255 0.075592
v 1.676165 0.100389 0.059845
v 1.493293 0.142583 0.046154
v 1.309223 0.179805 0.034436
v 1.124104 0.212046 0.024599
v 0.938093 0.239290 0.016551
v 0.751342 0.261521 0.010202
v 0.564008 0.278726 0.005462
v 0.376243 0.290887 0.002240
v 0.188204 0.297990 0.000447
vt 0.746305 0.327789
vt 0.746321 0.314189
vt 0.752322 0.327903
vt 0.752290 0.314311
vt 0.758908 0.328267
vt 0.758823 0.314700
vt 0.765203 0.328843
vt 0.765068 0.315318
vt 0.771494 0.329638
vt 0.771308 0.316171
vt 0.777775 0.330648
vt 0.777539 0.317255
vt 0.784024 0.331863
vt 0.783736 0.318561
vt 0.790253 0.333283
vt 0.789912 0.320085
vt 0.796455 0.334902
vt 0.796059 0.321824
vt 0.802621 0.336715
vt 0.802167 0.323771
vt 0.808744 0.338717
vt 0.808226 0.325921
vt 0.814812 0.340905
vt 0.814226 0.328270
vt 0.820816 0.343271
vt 0.820156 0.330811
vt 0.826746 0.345813
vt 0.826003 0.333539
vt 0.832589 0.348523
vt 0.831756 0.336449
vt 0.838335 0.351398
vt 0.837400 0.339533
vt 0.843733 0.354299
vt 0.842692 0.342646
vt 0.849457 0.357599
vt 0.848288 0.346187
vt 0.854814 0.360904
vt 0.853510 0.349731
vt 0.860058 0.364346
vt 0.858608 0.353422
vt 0.865193 0.367919
vt 0.863585 0.357251
vt 0.870221 0.371618
vt 0.868446 0.361214
vt 0.875169 0.375454
vt 0.873215 0.365322
vt 0.880014 0.379402
vt 0.877871 0.369548
vt 0.884758 0.383456
vt 0.882416 0.373885
vt 0.889403 0.387608
vt 0.886852 0.378326
vt 0.893950 0.391853
vt 0.891181 0.382862
vt 0.898403 0.396181
vt 0.895406 0.387486
vt 0.902762 0.400586
vt 0.899527 0.392189
vt 0.907031 0.405060
vt 0.903548 0.396964
vt 0.911212 0.409595
vt 0.907471 0.401802
vt 0.915309 0.414183
vt 0.911297 0.406693
vt 0.746289 0.341331
vt 0.752350 0.341438
vt 0.758986 0.341775
vt 0.765328 0.342311
vt 0.771666 0.343049
vt 0.777995 0.343987
vt 0.784292 0.345115
vt 0.790572 0.346433
vt 0.796826 0.347935
vt 0.803049 0.349618
vt 0.809232 0.351477
vt 0.815366 0.353507
vt 0.821442 0.355705
vt 0.827450 0.358064
vt 0.833381 0.360582
vt 0.839223 0.363252
vt 0.844725 0.365947
vt 0.850573 0.369014
vt 0.856060 0.372086
vt 0.861445 0.375287
vt 0.866731 0.378611
vt 0.871921 0.382053
vt 0.877043 0.385625
vt 0.882071 0.389303
vt 0.887007 0.393082
vt 0.891855 0.396954
vt 0.896615 0.400915
vt 0.901290 0.404955
vt 0.905882 0.409070
vt 0.910394 0.413250
vt 0.914827 0.417492
vt 0.919180 0.421793
vt 0.746273 0.354727
vt 0.752376 0.354826
vt 0.759057 0.355139
vt 0.765443 0.355634
vt 0.771825 0.356317
vt 0.778199 0.357185
vt 0.784542 0.358228
vt 0.790869 0.359447
vt 0.797174 0.360837
vt 0.803450 0.362393
vt 0.809690 0.364113
vt 0.815887 0.365991
vt 0.822031 0.368025
vt 0.828115 0.370208
vt 0.834129 0.372539
vt 0.840064 0.375011
vt 0.845664 0.377507
vt 0.851630 0.380347
vt 0.857241 0.383193
vt 0.862760 0.386160
vt 0.868191 0.389242
vt 0.873537 0.392435
vt 0.878824 0.395750
vt 0.884028 0.399166
vt 0.889150 0.402676
vt 0.894193 0.406276
vt 0.899158 0.409959
vt 0.904048 0.413719
vt 0.908864 0.417550
vt 0.913606 0.421447
vt 0.918274 0.425407
vt 0.922868 0.429429
vt 0.746257 0.368137
vt 0.752400 0.368228
vt 0.759124 0.368516
vt 0.765551 0.368973
vt 0.771975 0.369601
vt 0.778392 0.370399
vt 0.784779 0.371359
vt 0.791152 0.372480
vt 0.797505 0.373759
vt 0.803832 0.375191
vt 0.810127 0.376773
vt 0.816384 0.378502
vt 0.822594 0.380374
vt 0.828751 0.382384
vt 0.834845 0.384529
vt 0.840869 0.386806
vt 0.846564 0.389105
vt 0.852643 0.391722
vt 0.858373 0.394345
vt 0.864023 0.397080
vt 0.869593 0.399923
vt 0.875089 0.402870
vt 0.880536 0.405930
vt 0.885910 0.409085
vt 0.891212 0.412330
vt 0.896443 0.415659
vt 0.901606 0.419066
vt 0.906701 0.422547
vt 0.911729 0.426098
vt 0.916689 0.429715
vt 0.921580 0.433397
vt 0.926403 0.437140
vt 0.746241 0.381589
vt 0.752421 0.381673
vt 0.759187 0.381937
vt 0.765654 0.382353
vt 0.772118 0.382928
vt 0.778575 0.383657
vt 0.785005 0.384534
vt 0.791422 0.385559
vt 0.797821 0.386727
vt 0.804198 0.388035
vt 0.810546 0.389481
vt 0.816861 0.391061
vt 0.823134 0.392772
vt 0.829361 0.394610
vt 0.835532 0.396571
vt 0.841642 0.398653
vt 0.847428 0.400756
vt 0.853616 0.403151
vt 0.859461 0.405552
vt 0.865235 0.408056
vt 0.870940 0.410661
vt 0.876580 0.413361
vt 0.882181 0.416167
vt 0.887718 0.419061
vt 0.893192 0.422039
vt 0.898603 0.425096
vt 0.903953 0.428227
vt 0.909242 0.431430
vt 0.914469 0.434701
vt 0.919634 0.438038
vt 0.924737 0.441438
vt 0.929778 0.444899
vt 0.746216 0.402041
vt 0.752451 0.402114
vt 0.759276 0.402341
vt 0.765801 0.402699
vt 0.772323 0.403192
vt 0.778840 0.403817
vt 0.785330 0.404569
vt 0.791810 0.405446
vt 0.798276 0.406447
vt 0.804724 0.407569
vt 0.811150 0.408807
vt 0.817547 0.410161
vt 0.823912 0.411627
vt 0.830238 0.413202
vt 0.836520 0.414883
vt 0.842752 0.416667
vt 0.848668 0.418470
vt 0.855011 0.420523
vt 0.861019 0.422582
vt 0.866970 0.424730
vt 0.872865 0.426965
vt 0.878707 0.429283
vt 0.884524 0.431692
vt 0.890289 0.434179
vt 0.896000 0.436739
vt 0.901659 0.439369
vt 0.907266 0.442066
vt 0.912820 0.444828
vt 0.918320 0.447654
vt 0.923766 0.450539
vt 0.929158 0.453483
vt 0.934497 0.456481
vt 0.746196 0.419247
vt 0.752474 0.419311
vt 0.759346 0.419507
vt 0.765916 0.419815
vt 0.772484 0.420239
vt 0.779048 0.420776
vt 0.785586 0.421422
vt 0.792117 0.422175
vt 0.798636 0.423035
vt 0.805140 0.423998
vt 0.811626 0.425062
vt 0.818089 0.426224
vt 0.824525 0.427483
vt 0.830929 0.428835
vt 0.837298 0.430279
vt 0.843625 0.431811
vt 0.849641 0.433360
vt 0.856105 0.435123
vt 0.862240 0.436892
vt 0.868327 0.438738
vt 0.874369 0.440659
vt 0.880368 0.442652
vt 0.886352 0.444725
vt 0.892291 0.446866
vt 0.898186 0.449072
vt 0.904036 0.451340
vt 0.909840 0.453670
vt 0.915600 0.456057
vt 0.921312 0.458502
vt 0.926979 0.461002
vt 0.932597 0.463556
vt 0.938167 0.466162
vt 0.746178 0.434432
vt 0.752492 0.434488
vt 0.759404 0.434656
vt 0.766012 0.434920
vt 0.772619 0.435282
vt 0.779222 0.435742
vt 0.785800 0.436294
vt 0.792373 0.436938
vt 0.798936 0.437672
vt 0.805487 0.438495
vt 0.812023 0.439403
vt 0.818540 0.440396
vt 0.825035 0.441471
vt 0.831504 0.442625
vt 0.837943 0.443858
vt 0.844348 0.445166
vt 0.850447 0.446488
vt 0.857008 0.447994
vt 0.863245 0.449504
vt 0.869444 0.451081
vt 0.875605 0.452721
vt 0.881729 0.454425
vt 0.887847 0.456198
vt 0.893928 0.458030
vt 0.899970 0.459919
vt 0.905974 0.461863
vt 0.911940 0.463862
vt 0.917866 0.465912
vt 0.923752 0.468014
vt 0.929597 0.470166
vt 0.935399 0.472368
vt 0.941157 0.474618
vt 0.746159 0.450363
vt 0.752509 0.450410
vt 0.759461 0.450550
vt 0.766107 0.450769
vt 0.772753 0.451069
vt 0.779395 0.451449
vt 0.786014 0.451905
vt 0.792629 0.452437
vt 0.799236 0.453043
vt 0.805833 0.453721
vt 0.812419 0.454471
vt 0.818990 0.455289
vt 0.825542 0.456174
vt 0.832074 0.457125
vt 0.838583 0.458140
vt 0.845064 0.459217
vt 0.851243 0.460304
vt 0.857900 0.461542
vt 0.864237 0.462784
vt 0.870543 0.464080
vt 0.876818 0.465429
vt 0.883066 0.466829
vt 0.889314 0.468287
vt 0.895531 0.469793
vt 0.901717 0.471347
vt 0.907871 0.472947
vt 0.913993 0.474591
vt 0.920080 0.476280
vt 0.926133 0.478012
vt 0.932150 0.479786
vt 0.938129 0.481602
vt 0.944069 0.483461
vt 0.746139 0.466473
vt 0.752525 0.466512
vt 0.759516 0.466626
vt 0.766200 0.466802
vt 0.772884 0.467044
vt 0.779565 0.467349
vt 0.786224 0.467715
vt 0.792879 0.468141
vt 0.799529 0.468627
vt 0.806172 0.469169
vt 0.812806 0.469769
vt 0.819428 0.470423
vt 0.826036 0.471130
vt 0.832629 0.471889
vt 0.839204 0.472699
vt 0.845758 0.473557
vt 0.852013 0.474424
vt 0.858762 0.475410
vt 0.865194 0.476399
vt 0.871603 0.477431
vt 0.877989 0.478504
vt 0.884355 0.479619
vt 0.890728 0.480779
vt 0.897079 0.481978
vt 0.903404 0.483215
vt 0.909705 0.484489
vt 0.915980 0.485799
vt 0.922228 0.487144
vt 0.928448 0.488524
vt 0.934638 0.489938
vt 0.940798 0.491386
vt 0.946926 0.492869
vt 0.746120 0.482568
vt 0.752541 0.482600
vt 0.759571 0.482687
vt 0.766292 0.482821
vt 0.773013 0.483004
vt 0.779733 0.483235
vt 0.786431 0.483511
vt 0.793126 0.483832
vt 0.799818 0.484196
vt 0.806505 0.484604
vt 0.813185 0.485054
vt 0.819857 0.485544
vt 0.826519 0.486074
vt 0.833169 0.486642
vt 0.839806 0.487247
vt 0.846429 0.487889
vt 0.852755 0.488536
vt 0.859588 0.489272
vt 0.866108 0.490010
vt 0.872612 0.490779
vt 0.879100 0.491580
vt 0.885573 0.492411
vt 0.892061 0.493277
vt 0.898532 0.494172
vt 0.904984 0.495097
vt 0.911418 0.496049
vt 0.917831 0.497030
vt 0.924224 0.498038
vt 0.930594 0.499073
vt 0.936942 0.500136
vt 0.943265 0.501226
vt 0.949563 0.502344
vt 0.746101 0.498843
vt 0.752558 0.498867
vt 0.759627 0.498930
vt 0.766386 0.499024
vt 0.773145 0.499152
vt 0.779903 0.499313
vt 0.786641 0.499505
vt 0.793377 0.499727
vt 0.800111 0.499979
vt 0.806842 0.500260
vt 0.813568 0.500570
vt 0.820289 0.500907
vt 0.827004 0.501270
vt 0.833711 0.501659
vt 0.840410 0.502073
vt 0.847100 0.502511
vt 0.853495 0.502952
vt 0.860411 0.503454
vt 0.867017 0.503955
vt 0.873612 0.504479
vt 0.880198 0.505023
vt 0.886775 0.505588
vt 0.893375 0.506177
vt 0.899962 0.506785
vt 0.906537 0.507414
vt 0.913098 0.508063
vt 0.919645 0.508732
vt 0.926176 0.509420
vt 0.932691 0.510129
vt 0.939189 0.510858
vt 0.945668 0.511607
vt 0.952128 0.512378
vt 0.746082 0.514784
vt 0.752575 0.514802
vt 0.759684 0.514841
vt 0.766482 0.514900
vt 0.773280 0.514977
vt 0.780077 0.515073
vt 0.786854 0.515187
vt 0.793632 0.515318
vt 0.800408 0.515465
vt 0.807183 0.515630
vt 0.813955 0.515810
vt 0.820725 0.516005
vt 0.827492 0.516214
vt 0.834254 0.516438
vt 0.841012 0.516675
vt 0.847766 0.516925
vt 0.854228 0.517176
vt 0.861221 0.517461
vt 0.867907 0.517745
vt 0.874589 0.518041
vt 0.881266 0.518348
vt 0.887940 0.518668
vt 0.894641 0.519000
vt 0.901335 0.519345
vt 0.908021 0.519702
vt 0.914698 0.520071
vt 0.921365 0.520453
vt 0.928021 0.520848
vt 0.934665 0.521257
vt 0.941296 0.521680
vt 0.947912 0.522118
vt 0.954514 0.522572
vt 0.746063 0.530076
vt 0.752594 0.530088
vt 0.759744 0.530108
vt 0.766581 0.530136
vt 0.773419 0.530170
vt 0.780256 0.530212
vt 0.787074 0.530260
vt 0.793893 0.530314
vt 0.800712 0.530374
vt 0.807531 0.530439
vt 0.814350 0.530510
vt 0.821169 0.530586
vt 0.827986 0.530666
vt 0.834803 0.530751
vt 0.841619 0.530839
vt 0.848435 0.530931
vt 0.854961 0.531023
vt 0.862029 0.531125
vt 0.868792 0.531226
vt 0.875555 0.531330
vt 0.882318 0.531439
vt 0.889082 0.531552
vt 0.895877 0.531669
vt 0.902671 0.531792
vt 0.909459 0.531920
vt 0.916243 0.532053
vt 0.923020 0.532194
vt 0.929789 0.532341
vt 0.936549 0.532497
vt 0.943298 0.532662
vt 0.950037 0.532838
vt 0.956763 0.533026
vt 0.746046 0.544955
vt 0.752617 0.544962
vt 0.759810 0.544967
vt 0.766690 0.544969
vt 0.773570 0.544969
vt 0.780451 0.544966
vt 0.787312 0.544960
vt 0.794176 0.544951
vt 0.801041 0.544939
vt 0.807907 0.544924
vt 0.814775 0.544905
vt 0.821644 0.544884
vt 0.828514 0.544858
vt 0.835387 0.544829
vt 0.842262 0.544796
vt 0.849140 0.544759
vt 0.855730 0.544720
vt 0.862872 0.544674
vt 0.869709 0.544626
vt 0.876550 0.544575
vt 0.883396 0.544522
vt 0.890246 0.544467
vt 0.897132 0.544410
vt 0.904018 0.544352
vt 0.910903 0.544295
vt 0.917785 0.544238
vt 0.924663 0.544183
vt 0.931535 0.544132
vt 0.938399 0.544084
vt 0.945256 0.544042
vt 0.952102 0.544007
vt 0.958938 0.543982
vt 0.746028 0.559658
vt 0.752644 0.559662
vt 0.759888 0.559655
vt 0.766815 0.559639
vt 0.773743 0.559613
vt 0.780672 0.559578
vt 0.787583 0.559533
vt 0.794496 0.559479
vt 0.801411 0.559416
vt 0.808330 0.559343
vt 0.815251 0.559260
vt 0.822175 0.559169
vt 0.829103 0.559068
vt 0.836036 0.558958
vt 0.842973 0.558839
vt 0.849917 0.558710
vt 0.856573 0.558579
vt 0.863789 0.558428
vt 0.870702 0.558275
vt 0.877623 0.558115
vt 0.884550 0.557948
vt 0.891486 0.557776
vt 0.898460 0.557597
vt 0.905437 0.557414
vt 0.912415 0.557227
vt 0.919392 0.557038
vt 0.926366 0.556848
vt 0.933336 0.556658
vt 0.940299 0.556469
vt 0.947255 0.556285
vt 0.954201 0.556105
vt 0.961138 0.555934
vt 0.746010 0.575288
vt 0.752681 0.575289
vt 0.759985 0.575275
vt 0.766970 0.575247
vt 0.773958 0.575205
vt 0.780946 0.575149
vt 0.787916 0.575079
vt 0.794889 0.574996
vt 0.801866 0.574899
vt 0.808846 0.574789
vt 0.815831 0.574666
vt 0.822821 0.574530
vt 0.829815 0.574381
vt 0.836817 0.574220
vt 0.843825 0.574047
vt 0.850842 0.573862
vt 0.857571 0.573674
vt 0.864871 0.573458
vt 0.871865 0.573241
vt 0.878871 0.573015
vt 0.885886 0.572779
vt 0.892910 0.572536
vt 0.899977 0.572284
vt 0.907047 0.572027
vt 0.914120 0.571764
vt 0.921193 0.571498
vt 0.928264 0.571229
vt 0.935331 0.570960
vt 0.942391 0.570691
vt 0.949443 0.570425
vt 0.956486 0.570164
vt 0.963518 0.569910
vt 0.745988 0.593143
vt 0.752731 0.593144
vt 0.760114 0.593128
vt 0.767174 0.593096
vt 0.774237 0.593048
vt 0.781301 0.592985
vt 0.788347 0.592907
vt 0.795397 0.592815
vt 0.802451 0.592708
vt 0.809511 0.592588
vt 0.816575 0.592453
vt 0.823645 0.592305
vt 0.830722 0.592144
vt 0.837807 0.591971
vt 0.844901 0.591784
vt 0.852006 0.591586
vt 0.858821 0.591386
vt 0.866216 0.591158
vt 0.873305 0.590929
vt 0.880406 0.590692
vt 0.887519 0.590446
vt 0.894644 0.590192
vt 0.901811 0.589932
vt 0.908984 0.589666
vt 0.916160 0.589396
vt 0.923336 0.589124
vt 0.930510 0.588850
vt 0.937679 0.588577
vt 0.944842 0.588306
vt 0.951995 0.588038
vt 0.959137 0.587776
vt 0.966267 0.587520
vt 0.745967 0.611197
vt 0.752787 0.611198
vt 0.760255 0.611180
vt 0.767397 0.611145
vt 0.774541 0.611094
vt 0.781687 0.611027
vt 0.788815 0.610944
vt 0.795947 0.610846
vt 0.803084 0.610733
vt 0.810225 0.610606
vt 0.817372 0.610464
vt 0.824526 0.610310
vt 0.831686 0.610142
vt 0.838855 0.609962
vt 0.846033 0.609769
vt 0.853223 0.609566
vt 0.860120 0.609361
vt 0.867604 0.609128
vt 0.874779 0.608896
vt 0.881967 0.608656
vt 0.889167 0.608410
vt 0.896378 0.608157
vt 0.903632 0.607898
vt 0.910891 0.607635
vt 0.918152 0.607370
vt 0.925412 0.607103
vt 0.932669 0.606837
vt 0.939919 0.606573
vt 0.947160 0.606313
vt 0.954389 0.606057
vt 0.961605 0.605808
vt 0.968806 0.605566
vt 0.745951 0.624447
vt 0.752830 0.624449
vt 0.760361 0.624436
vt 0.767563 0.624410
vt 0.774769 0.624371
vt 0.781976 0.624319
vt 0.789165 0.624255
vt 0.796358 0.624178
vt 0.803556 0.624091
vt 0.810759 0.623992
vt 0.817967 0.623882
vt 0.825182 0.623762
vt 0.832405 0.623633
vt 0.839635 0.623494
vt 0.846876 0.623346
vt 0.854128 0.623191
vt 0.861085 0.623034
vt 0.868634 0.622858
vt 0.875871 0.622683
vt 0.883122 0.622504
vt 0.890384 0.622320
vt 0.897659 0.622133
vt 0.904976 0.621943
vt 0.912298 0.621752
vt 0.919621 0.621561
vt 0.926943 0.621371
vt 0.934260 0.621185
vt 0.941570 0.621002
vt 0.948870 0.620825
vt 0.956157 0.620654
vt 0.963429 0.620492
vt 0.970684 0.620339
vt 0.745935 0.637693
vt 0.752870 0.637697
vt 0.760464 0.637690
vt 0.767726 0.637672
vt 0.774990 0.637645
vt 0.782257 0.637609
vt 0.789505 0.637563
vt 0.796758 0.637509
vt 0.804014 0.637447
vt 0.811276 0.637377
vt 0.818543 0.637300
vt 0.825817 0.637215
vt 0.833097 0.637125
vt 0.840385 0.637028
vt 0.847683 0.636926
vt 0.854991 0.636819
vt 0.862002 0.636712
vt 0.869609 0.636593
vt 0.876901 0.636477
vt 0.884206 0.636358
vt 0.891523 0.636238
vt 0.898850 0.636118
vt 0.906221 0.635999
vt 0.913595 0.635881
vt 0.920970 0.635765
vt 0.928343 0.635654
vt 0.935710 0.635548
vt 0.943069 0.635448
vt 0.950417 0.635356
vt 0.957750 0.635272
vt 0.965067 0.635198
vt 0.972365 0.635135
vt 0.745919 0.651022
vt 0.752907 0.651027
vt 0.760558 0.651024
vt 0.767875 0.651014
vt 0.775195 0.650996
vt 0.782516 0.650972
vt 0.789819 0.650942
vt 0.797126 0.650905
vt 0.804437 0.650862
vt 0.811752 0.650815
vt 0.819073 0.650762
vt 0.826399 0.650704
vt 0.833731 0.650643
vt 0.841071 0.650578
vt 0.848419 0.650509
vt 0.855777 0.650438
vt 0.862835 0.650368
vt 0.870492 0.650291
vt 0.877831 0.650216
vt 0.885182 0.650141
vt 0.892543 0.650066
vt 0.899915 0.649993
vt 0.907329 0.649922
vt 0.914746 0.649854
vt 0.922163 0.649790
vt 0.929576 0.649731
vt 0.936983 0.649678
vt 0.944380 0.649632
vt 0.951764 0.649595
vt 0.959134 0.649566
vt 0.966485 0.649547
vt 0.973815 0.649540
vt 0.745903 0.664349
vt 0.752939 0.664355
vt 0.760642 0.664357
vt 0.768009 0.664354
vt 0.775379 0.664346
vt 0.782750 0.664335
vt 0.790103 0.664319
vt 0.797459 0.664300
vt 0.804819 0.664278
vt 0.812183 0.664253
vt 0.819551 0.664225
vt 0.826925 0.664196
vt 0.834303 0.664164
vt 0.841688 0.664131
vt 0.849081 0.664097
vt 0.856483 0.664063
vt 0.863581 0.664030
vt 0.871281 0.663995
vt 0.878660 0.663962
vt 0.886050 0.663932
vt 0.893450 0.663903
vt 0.900858 0.663878
vt 0.908309 0.663856
vt 0.915761 0.663839
vt 0.923212 0.663827
vt 0.930659 0.663821
vt 0.938099 0.663821
vt 0.945528 0.663830
vt 0.952943 0.663847
vt 0.960342 0.663874
vt 0.967722 0.663912
vt 0.975080 0.663961
vt 0.745887 0.677673
vt 0.752966 0.677680
vt 0.760715 0.677685
vt 0.768127 0.677686
vt 0.775541 0.677685
vt 0.782956 0.677682
vt 0.790352 0.677676
vt 0.797752 0.677668
vt 0.805155 0.677658
vt 0.812561 0.677647
vt 0.819971 0.677634
vt 0.827385 0.677621
vt 0.834804 0.677607
vt 0.842228 0.677593
vt 0.849659 0.677579
vt 0.857098 0.677565
vt 0.864229 0.677553
vt 0.871964 0.677541
vt 0.879376 0.677531
vt 0.886797 0.677524
vt 0.894227 0.677520
vt 0.901665 0.677519
vt 0.909144 0.677522
vt 0.916624 0.677529
vt 0.924101 0.677542
vt 0.931574 0.677560
vt 0.939038 0.677585
vt 0.946491 0.677618
vt 0.953930 0.677659
vt 0.961352 0.677709
vt 0.968753 0.677768
vt 0.976133 0.677839
vt 0.745871 0.691087
vt 0.752987 0.691095
vt 0.760777 0.691102
vt 0.768227 0.691107
vt 0.775679 0.691111
vt 0.783133 0.691114
vt 0.790568 0.691116
vt 0.798005 0.691116
vt 0.805445 0.691117
vt 0.812888 0.691116
vt 0.820334 0.691115
vt 0.827784 0.691115
vt 0.835237 0.691114
vt 0.842694 0.691114
vt 0.850157 0.691114
vt 0.857626 0.691116
vt 0.864786 0.691119
vt 0.872550 0.691125
vt 0.879989 0.691132
vt 0.887436 0.691142
vt 0.894890 0.691154
vt 0.902352 0.691171
vt 0.909853 0.691191
vt 0.917356 0.691215
vt 0.924855 0.691245
vt 0.932349 0.691280
vt 0.939834 0.691321
vt 0.947307 0.691370
vt 0.954765 0.691426
vt 0.962206 0.691490
vt 0.969627 0.691564
vt 0.977026 0.691648
vt 0.745855 0.704545
vt 0.753002 0.704554
vt 0.760826 0.704563
vt 0.768308 0.704571
vt 0.775793 0.704579
vt 0.783279 0.704587
vt 0.790745 0.704594
vt 0.798214 0.704602
vt 0.805685 0.704610
vt 0.813158 0.704618
vt 0.820634 0.704626
vt 0.828113 0.704635
vt 0.835594 0.704645
vt 0.843079 0.704656
vt 0.850568 0.704669
vt 0.858062 0.704683
vt 0.865245 0.704698
vt 0.873033 0.704716
vt 0.880493 0.704736
vt 0.887960 0.704759
vt 0.895434 0.704785
vt 0.902915 0.704815
vt 0.910436 0.704848
vt 0.917956 0.704886
vt 0.925473 0.704929
vt 0.932984 0.704978
vt 0.940487 0.705032
vt 0.947978 0.705093
vt 0.955454 0.705162
vt 0.962913 0.705239
vt 0.970352 0.705324
vt 0.977770 0.705420
vt 0.745839 0.717972
vt 0.753010 0.717981
vt 0.760861 0.717992
vt 0.768369 0.718002
vt 0.775880 0.718013
vt 0.783391 0.718025
vt 0.790883 0.718038
vt 0.798376 0.718052
vt 0.805872 0.718067
vt 0.813370 0.718082
vt 0.820870 0.718100
vt 0.828371 0.718118
vt 0.835875 0.718139
vt 0.843381 0.718161
vt 0.850891 0.718185
vt 0.858406 0.718212
vt 0.865607 0.718240
vt 0.873413 0.718273
vt 0.880890 0.718308
vt 0.888374 0.718347
vt 0.895864 0.718389
vt 0.903361 0.718436
vt 0.910897 0.718488
vt 0.918433 0.718546
vt 0.925966 0.718609
vt 0.933494 0.718679
vt 0.941013 0.718756
vt 0.948522 0.718841
vt 0.956016 0.718934
vt 0.963495 0.719037
vt 0.970955 0.719151
vt 0.978396 0.719275
vt 0.745823 0.731401
vt 0.753012 0.731411
vt 0.760882 0.731423
vt 0.768408 0.731436
vt 0.775936 0.731450
vt 0.783465 0.731467
vt 0.790974 0.731485
vt 0.798486 0.731505
vt 0.805999 0.731526
vt 0.813513 0.731550
vt 0.821029 0.731576
vt 0.828547 0.731605
vt 0.836066 0.731635
vt 0.843588 0.731669
vt 0.851112 0.731705
vt 0.858640 0.731745
vt 0.865854 0.731786
vt 0.873673 0.731834
vt 0.881161 0.731884
vt 0.888657 0.731938
vt 0.896158 0.731997
vt 0.903665 0.732062
vt 0.911213 0.732132
vt 0.918761 0.732209
vt 0.926307 0.732292
vt 0.933848 0.732383
vt 0.941381 0.732482
vt 0.948905 0.732590
vt 0.956417 0.732708
vt 0.963914 0.732837
vt 0.971394 0.732977
vt 0.978856 0.733129
vt 0.745807 0.744829
vt 0.753005 0.744839
vt 0.760885 0.744852
vt 0.768421 0.744868
vt 0.775959 0.744886
vt 0.783498 0.744907
vt 0.791017 0.744931
vt 0.798537 0.744958
vt 0.806059 0.744987
vt 0.813583 0.745020
vt 0.821108 0.745056
vt 0.828634 0.745095
vt 0.836161 0.745137
vt 0.843690 0.745183
vt 0.851222 0.745233
vt 0.858757 0.745287
vt 0.865976 0.745343
vt 0.873802 0.745407
vt 0.881296 0.745475
vt 0.888796 0.745547
vt 0.896303 0.745625
vt 0.903817 0.745709
vt 0.911371 0.745800
vt 0.918926 0.745899
vt 0.926479 0.746005
vt 0.934029 0.746121
vt 0.941573 0.746245
vt 0.949109 0.746380
vt 0.956634 0.746526
vt 0.964146 0.746684
vt 0.971644 0.746854
vt 0.979126 0.747038
vt 0.745791 0.758251
vt 0.752990 0.758262
vt 0.760871 0.758277
vt 0.768408 0.758295
vt 0.775947 0.758318
vt 0.783487 0.758344
vt 0.791006 0.758375
vt 0.798527 0.758409
vt 0.806050 0.758448
vt 0.813574 0.758490
vt 0.821099 0.758537
vt 0.828625 0.758589
vt 0.836153 0.758645
vt 0.843682 0.758706
vt 0.851213 0.758772
vt 0.858747 0.758844
vt 0.865966 0.758917
vt 0.873790 0.759003
vt 0.881283 0.759090
vt 0.888782 0.759185
vt 0.896288 0.759286
vt 0.903801 0.759395
vt 0.911356 0.759513
vt 0.918912 0.759640
vt 0.926468 0.759776
vt 0.934021 0.759922
vt 0.941570 0.760079
vt 0.949112 0.760248
vt 0.956645 0.760430
vt 0.964167 0.760625
vt 0.971677 0.760835
vt 0.979174 0.761061
vt 0.745775 0.771652
vt 0.752966 0.771662
vt 0.760838 0.771680
vt 0.768366 0.771701
vt 0.775896 0.771729
vt 0.783427 0.771761
vt 0.790938 0.771800
vt 0.798450 0.771843
vt 0.805963 0.771892
vt 0.813478 0.771946
vt 0.820994 0.772007
vt 0.828511 0.772073
vt 0.836030 0.772146
vt 0.843549 0.772224
vt 0.851072 0.772309
vt 0.858597 0.772401
vt 0.865807 0.772496
vt 0.873621 0.772605
vt 0.881104 0.772717
vt 0.888594 0.772837
vt 0.896092 0.772967
vt 0.903598 0.773105
vt 0.911145 0.773253
vt 0.918694 0.773413
vt 0.926245 0.773583
vt 0.933794 0.773765
vt 0.941339 0.773959
vt 0.948879 0.774168
vt 0.956412 0.774390
vt 0.963936 0.774628
vt 0.971449 0.774883
vt 0.978951 0.775155
vt 0.745759 0.784996
vt 0.752932 0.785008
vt 0.760784 0.785028
vt 0.768293 0.785054
vt 0.775804 0.785088
vt 0.783315 0.785130
vt 0.790806 0.785179
vt 0.798299 0.785235
vt 0.805794 0.785300
vt 0.813290 0.785371
vt 0.820787 0.785451
vt 0.828286 0.785538
vt 0.835785 0.785634
vt 0.843287 0.785738
vt 0.850790 0.785851
vt 0.858297 0.785972
vt 0.865490 0.786096
vt 0.873287 0.786241
vt 0.880753 0.786389
vt 0.888227 0.786547
vt 0.895706 0.786715
vt 0.903194 0.786895
vt 0.910724 0.787087
vt 0.918257 0.787292
vt 0.925792 0.787510
vt 0.933327 0.787743
vt 0.940860 0.787990
vt 0.948388 0.788252
vt 0.955910 0.788530
vt 0.963425 0.788826
vt 0.970930 0.789140
vt 0.978425 0.789473
vt 0.745743 0.798346
vt 0.752887 0.798358
vt 0.760707 0.798381
vt 0.768186 0.798413
vt 0.775667 0.798454
vt 0.783148 0.798504
vt 0.790609 0.798563
vt 0.798072 0.798632
vt 0.805536 0.798711
vt 0.813002 0.798799
vt 0.820470 0.798897
vt 0.827938 0.799005
vt 0.835409 0.799123
vt 0.842881 0.799252
vt 0.850355 0.799391
vt 0.857834 0.799541
vt 0.864999 0.799694
vt 0.872766 0.799873
vt 0.880204 0.800055
vt 0.887649 0.800249
vt 0.895102 0.800456
vt 0.902562 0.800676
vt 0.910066 0.800911
vt 0.917572 0.801161
vt 0.925081 0.801426
vt 0.932590 0.801707
vt 0.940098 0.802004
vt 0.947601 0.802318
vt 0.955100 0.802651
vt 0.962591 0.803002
vt 0.970074 0.803374
vt 0.977549 0.803765
vt 0.745728 0.811571
vt 0.752832 0.811584
vt 0.760611 0.811611
vt 0.768049 0.811649
vt 0.775489 0.811698
vt 0.782929 0.811760
vt 0.790349 0.811833
vt 0.797772 0.811919
vt 0.805196 0.812016
vt 0.812622 0.812125
vt 0.820049 0.812247
vt 0.827477 0.812380
vt 0.834908 0.812527
vt 0.842340 0.812686
vt 0.849775 0.812858
vt 0.857215 0.813043
vt 0.864343 0.813232
vt 0.872069 0.813451
vt 0.879469 0.813675
vt 0.886876 0.813913
vt 0.894290 0.814165
vt 0.901712 0.814433
vt 0.909177 0.814717
vt 0.916646 0.815017
vt 0.924116 0.815334
vt 0.931586 0.815668
vt 0.939055 0.816019
vt 0.946520 0.816389
vt 0.953979 0.816777
vt 0.961432 0.817184
vt 0.968876 0.817611
vt 0.976310 0.818058
vt 0.745712 0.824921
vt 0.752768 0.824935
vt 0.760494 0.824964
vt 0.767881 0.825005
vt 0.775270 0.825060
vt 0.782660 0.825127
vt 0.790030 0.825207
vt 0.797402 0.825300
vt 0.804776 0.825406
vt 0.812151 0.825525
vt 0.819528 0.825657
vt 0.826907 0.825802
vt 0.834288 0.825960
vt 0.841672 0.826131
vt 0.849058 0.826315
vt 0.856449 0.826513
vt 0.863531 0.826716
vt 0.871208 0.826949
vt 0.878561 0.827186
vt 0.885921 0.827437
vt 0.893289 0.827702
vt 0.900665 0.827980
vt 0.908082 0.828274
vt 0.915504 0.828583
vt 0.922927 0.828906
vt 0.930349 0.829244
vt 0.937770 0.829596
vt 0.945187 0.829964
vt 0.952598 0.830346
vt 0.960001 0.830744
vt 0.967396 0.831158
vt 0.974781 0.831587
vt 0.745696 0.838279
vt 0.752695 0.838294
vt 0.760358 0.838326
vt 0.767685 0.838370
vt 0.775014 0.838429
vt 0.782343 0.838501
vt 0.789653 0.838588
vt 0.796965 0.838688
vt 0.804278 0.838801
vt 0.811593 0.838929
vt 0.818910 0.839069
vt 0.826229 0.839224
vt 0.833549 0.839392
vt 0.840873 0.839574
vt 0.848200 0.839769
vt 0.855531 0.839978
vt 0.862556 0.840192
vt 0.870171 0.840437
vt 0.877464 0.840685
vt 0.884765 0.840946
vt 0.892072 0.841221
vt 0.899387 0.841508
vt 0.906742 0.841809
vt 0.914099 0.842122
vt 0.921457 0.842448
vt 0.928812 0.842785
vt 0.936164 0.843134
vt 0.943510 0.843495
vt 0.950847 0.843866
vt 0.958175 0.844249
vt 0.965491 0.844642
vt 0.972795 0.845046
vt 0.745680 0.851752
vt 0.752613 0.851767
vt 0.760203 0.851800
vt 0.767462 0.851846
vt 0.774721 0.851906
vt 0.781981 0.851981
vt 0.789221 0.852070
vt 0.796463 0.852173
vt 0.803707 0.852289
vt 0.810952 0.852419
vt 0.818198 0.852562
vt 0.825447 0.852719
vt 0.832697 0.852889
vt 0.839950 0.853072
vt 0.847206 0.853268
vt 0.854466 0.853478
vt 0.861423 0.853690
vt 0.868964 0.853934
vt 0.876186 0.854179
vt 0.883414 0.854436
vt 0.890647 0.854704
vt 0.897886 0.854982
vt 0.905163 0.855271
vt 0.912439 0.855569
vt 0.919712 0.855875
vt 0.926981 0.856188
vt 0.934242 0.856509
vt 0.941493 0.856835
vt 0.948731 0.857167
vt 0.955956 0.857503
vt 0.963163 0.857843
vt 0.970352 0.858185
vt 0.745664 0.865331
vt 0.752524 0.865346
vt 0.760034 0.865376
vt 0.767215 0.865419
vt 0.774397 0.865474
vt 0.781580 0.865542
vt 0.788743 0.865622
vt 0.795907 0.865713
vt 0.803073 0.865816
vt 0.810241 0.865929
vt 0.817409 0.866054
vt 0.824580 0.866189
vt 0.831752 0.866334
vt 0.838927 0.866490
vt 0.846104 0.866655
vt 0.853286 0.866830
vt 0.860168 0.867006
vt 0.867628 0.867206
vt 0.874771 0.867405
vt 0.881919 0.867611
vt 0.889071 0.867822
vt 0.896226 0.868038
vt 0.903416 0.868257
vt 0.910602 0.868477
vt 0.917783 0.868698
vt 0.924955 0.868918
vt 0.932116 0.869135
vt 0.939262 0.869348
vt 0.946391 0.869556
vt 0.953500 0.869757
vt 0.960587 0.869950
vt 0.967583 0.869781
vt 0.745647 0.878823
vt 0.752426 0.878837
vt 0.759847 0.878864
vt 0.766943 0.878900
vt 0.774040 0.878947
vt 0.781137 0.879004
vt 0.788214 0.879069
vt 0.795292 0.879143
vt 0.802372 0.879224
vt 0.809452 0.879314
vt 0.816534 0.879410
vt 0.823618 0.879512
vt 0.830703 0.879621
vt 0.837790 0.879735
vt 0.844880 0.879855
vt 0.851974 0.879979
vt 0.858772 0.880103
vt 0.866140 0.880240
vt 0.873193 0.880374
vt 0.880251 0.880508
vt 0.887309 0.880639
vt 0.894369 0.880768
vt 0.901460 0.880890
vt 0.908543 0.881005
vt 0.915616 0.881111
vt 0.922676 0.881204
vt 0.929718 0.881283
vt 0.936740 0.881347
vt 0.943738 0.881392
vt 0.950710 0.881416
vt 0.957652 0.881419
vt 0.964509 0.881216
vt 0.745631 0.892329
vt 0.752317 0.892341
vt 0.759637 0.892365
vt 0.766635 0.892395
vt 0.773635 0.892433
vt 0.780633 0.892477
vt 0.787612 0.892526
vt 0.794592 0.892581
vt 0.801573 0.892640
vt 0.808554 0.892703
vt 0.815536 0.892768
vt 0.822520 0.892836
vt 0.829504 0.892905
vt 0.836490 0.892975
vt 0.843478 0.893046
vt 0.850469 0.893116
vt 0.857168 0.893183
vt 0.864428 0.893253
vt 0.871376 0.893316
vt 0.878326 0.893372
vt 0.885274 0.893418
vt 0.892218 0.893452
vt 0.899189 0.893471
vt 0.906147 0.893472
vt 0.913089 0.893453
vt 0.920010 0.893409
vt 0.926906 0.893338
vt 0.933774 0.893238
vt 0.940608 0.893104
vt 0.947406 0.892933
vt 0.954163 0.892723
vt 0.960876 0.892469
vt 0.745615 0.905872
vt 0.752195 0.905884
vt 0.759398 0.905901
vt 0.766286 0.905922
vt 0.773174 0.905945
vt 0.780061 0.905971
vt 0.786928 0.905997
vt 0.793796 0.906023
vt 0.800664 0.906048
vt 0.807533 0.906072
vt 0.814402 0.906092
vt 0.821272 0.906108
vt 0.828143 0.906120
vt 0.835015 0.906126
vt 0.841889 0.906125
vt 0.848765 0.906118
vt 0.855354 0.906103
vt 0.862493 0.906077
vt 0.869325 0.906039
vt 0.876156 0.905985
vt 0.882982 0.905911
vt 0.889802 0.905814
vt 0.896642 0.905689
vt 0.903465 0.905533
vt 0.910265 0.905342
vt 0.917037 0.905113
vt 0.923778 0.904841
vt 0.930481 0.904522
vt 0.937143 0.904153
vt 0.943758 0.903728
vt 0.950323 0.903244
vt 0.956832 0.902696
vt 0.745599 0.919441
vt 0.752056 0.919451
vt 0.759125 0.919462
vt 0.765884 0.919472
vt 0.772643 0.919481
vt 0.779401 0.919486
vt 0.786139 0.919487
vt 0.792878 0.919483
vt 0.799616 0.919471
vt 0.806355 0.919452
vt 0.813094 0.919423
vt 0.819833 0.919384
vt 0.826572 0.919333
vt 0.833313 0.919269
vt 0.840055 0.919192
vt 0.846799 0.919100
vt 0.853260 0.918996
vt 0.860260 0.918866
vt 0.866958 0.918719
vt 0.873652 0.918546
vt 0.880338 0.918342
vt 0.887013 0.918102
vt 0.893704 0.917820
vt 0.900370 0.917493
vt 0.907007 0.917116
vt 0.913610 0.916685
vt 0.920171 0.916193
vt 0.926687 0.915637
vt 0.933151 0.915011
vt 0.939557 0.914310
vt 0.945902 0.913528
vt 0.952179 0.912661
vt 0.745583 0.932987
vt 0.751898 0.932995
vt 0.758812 0.933000
vt 0.765422 0.932999
vt 0.772032 0.932992
vt 0.778641 0.932977
vt 0.785230 0.932952
vt 0.791818 0.932916
vt 0.798407 0.932867
vt 0.804995 0.932804
vt 0.811583 0.932725
vt 0.818171 0.932628
vt 0.824759 0.932513
vt 0.831348 0.932377
vt 0.837937 0.932220
vt 0.844528 0.932039
vt 0.850842 0.931844
vt 0.857682 0.931605
vt 0.864225 0.931345
vt 0.870762 0.931047
vt 0.877286 0.930707
vt 0.883795 0.930318
vt 0.890313 0.929872
vt 0.896800 0.929366
vt 0.903250 0.928794
vt 0.909658 0.928149
vt 0.916015 0.927426
vt 0.922316 0.926619
vt 0.928555 0.925722
vt 0.934724 0.924728
vt 0.940818 0.923631
vt 0.946831 0.922424
vt 0.745567 0.946525
vt 0.751718 0.946531
vt 0.758452 0.946529
vt 0.764890 0.946517
vt 0.771328 0.946494
vt 0.777765 0.946457
vt 0.784182 0.946404
vt 0.790599 0.946334
vt 0.797015 0.946245
vt 0.803430 0.946134
vt 0.809845 0.946001
vt 0.816260 0.945842
vt 0.822675 0.945657
vt 0.829089 0.945444
vt 0.835505 0.945201
vt 0.841922 0.944927
vt 0.848068 0.944633
vt 0.854726 0.944277
vt 0.861093 0.943895
vt 0.867450 0.943463
vt 0.873792 0.942977
vt 0.880114 0.942427
vt 0.886437 0.941805
vt 0.892722 0.941106
vt 0.898963 0.940323
vt 0.905152 0.939450
vt 0.911281 0.938477
vt 0.917343 0.937400
vt 0.923330 0.936211
vt 0.929235 0.934902
vt 0.935050 0.933467
vt 0.940770 0.931895
vt 0.745551 0.960089
vt 0.751513 0.960092
vt 0.758041 0.960083
vt 0.764281 0.960058
vt 0.770522 0.960016
vt 0.776760 0.959954
vt 0.782981 0.959869
vt 0.789200 0.959760
vt 0.795419 0.959625
vt 0.801638 0.959460
vt 0.807856 0.959264
vt 0.814074 0.959035
vt 0.820292 0.958771
vt 0.826511 0.958470
vt 0.832730 0.958130
vt 0.838950 0.957748
vt 0.844908 0.957342
vt 0.851362 0.956855
vt 0.857533 0.956335
vt 0.863691 0.955753
vt 0.869830 0.955102
vt 0.875944 0.954373
vt 0.882052 0.953553
vt 0.888116 0.952639
vt 0.894127 0.951621
vt 0.900077 0.950491
vt 0.905956 0.949242
vt 0.911757 0.947865
vt 0.917470 0.946351
vt 0.923088 0.944692
vt 0.928601 0.942879
vt 0.934005 0.940906
vt 0.745534 0.973656
vt 0.751281 0.973657
vt 0.757572 0.973639
vt 0.763587 0.973599
vt 0.769602 0.973534
vt 0.775616 0.973441
vt 0.781612 0.973318
vt 0.787608 0.973162
vt 0.793604 0.972971
vt 0.799601 0.972742
vt 0.805597 0.972473
vt 0.811594 0.972161
vt 0.817592 0.971804
vt 0.823591 0.971399
vt 0.829592 0.970945
vt 0.835594 0.970438
vt 0.841344 0.969902
vt 0.847573 0.969261
vt 0.853527 0.968581
vt 0.859468 0.967825
vt 0.865386 0.966984
vt 0.871274 0.966048
vt 0.877150 0.965002
vt 0.882974 0.963841
vt 0.888738 0.962555
vt 0.894431 0.961135
vt 0.900044 0.959571
vt 0.905566 0.957855
vt 0.910989 0.955975
vt 0.916303 0.953923
vt 0.921499 0.951686
vt 0.926564 0.949254
vt 0.746337 0.300560
vt 0.752498 0.300697
vt 0.764821 0.301750
vt 0.758660 0.301095
vt 0.777128 0.303805
vt 0.770979 0.302655
vt 0.789374 0.306819
vt 0.783262 0.305195
vt 0.795454 0.308672
vt 0.807480 0.313040
vt 0.801493 0.310747
vt 0.819249 0.318253
vt 0.813403 0.315544
vt 0.825006 0.321162
vt 0.836197 0.327554
vt 0.830660 0.324264
vt 0.846866 0.334668
vt 0.841603 0.331024
vt 0.851987 0.338478
vt 0.856970 0.342447
vt 0.861820 0.346564
vt 0.866539 0.350823
vt 0.875600 0.359733
vt 0.871131 0.355216
vt 0.879947 0.364367
vt 0.888287 0.373952
vt 0.884175 0.369110
vt 0.896170 0.383903
vt 0.892285 0.378886
vt 0.899945 0.388994
vt 0.903611 0.394149
vt 0.907170 0.399361
vt 0.910626 0.404620
vt 0.915411 0.412246
vt 0.920000 0.420005
vt 0.924399 0.427887
vt 0.928611 0.435882
vt 0.932641 0.443977
vt 0.936496 0.452163
vt 0.940184 0.460440
vt 0.943692 0.468808
vt 0.947006 0.477265
vt 0.950110 0.485777
vt 0.953079 0.494590
vt 0.955822 0.503481
vt 0.958421 0.512663
vt 0.960878 0.522171
vt 0.963257 0.532265
vt 0.965612 0.543262
vt 0.970623 0.570218
vt 0.973420 0.587571
vt 0.968037 0.555679
vt 0.976026 0.605634
vt 0.977927 0.620286
vt 0.979625 0.634961
vt 0.981133 0.649655
vt 0.982445 0.664366
vt 0.983489 0.677958
vt 0.984390 0.691556
vt 0.985142 0.705157
vt 0.985788 0.718898
vt 0.986580 0.746511
vt 0.986427 0.775363
vt 0.985878 0.790041
vt 0.986650 0.760661
vt 0.983766 0.818172
vt 0.980149 0.844984
vt 0.977569 0.858248
vt 0.982200 0.831616
vt 0.984955 0.804687
vt 0.986280 0.732635
vt 0.974950 0.869067
vt 0.745518 0.987267
vt 0.751245 0.987267
vt 0.756973 0.987240
vt 0.762703 0.987181
vt 0.768435 0.987088
vt 0.774167 0.986959
vt 0.779901 0.986790
vt 0.785635 0.986578
vt 0.791371 0.986321
vt 0.797109 0.986016
vt 0.802848 0.985660
vt 0.808589 0.985250
vt 0.814332 0.984784
vt 0.820077 0.984259
vt 0.825826 0.983672
vt 0.831578 0.983020
vt 0.837335 0.982301
vt 0.848851 0.980639
vt 0.854593 0.979675
vt 0.963743 0.900956
vt 0.968937 0.888515
vt 0.957668 0.912986
vt 0.953032 0.920674
vt 0.972208 0.878880
vt 0.946044 0.930424
vt 0.860309 0.978606
vt 0.865989 0.977423
vt 0.871624 0.976112
vt 0.877200 0.974665
vt 0.882709 0.973068
vt 0.939046 0.938994
vt 0.933267 0.944967
vt 0.888138 0.971312
vt 0.929972 0.947994
vt 0.843096 0.981511
vt 0.893476 0.969386
vt 0.898712 0.967278
vt 0.904463 0.964653
vt 0.910135 0.961700
vt 0.916026 0.958175
vt 0.922695 0.953567
vt 0.292120 0.027458
vt 0.297909 0.027458
vt 0.304263 0.027472
vt 0.310330 0.027503
vt 0.316396 0.027554
vt 0.322461 0.027628
vt 0.328505 0.027726
vt 0.334548 0.027852
vt 0.340591 0.028008
vt 0.346634 0.028197
vt 0.352677 0.028421
vt 0.358720 0.028682
vt 0.364763 0.028984
vt 0.370807 0.029327
vt 0.376852 0.029716
vt 0.382899 0.030151
vt 0.388946 0.030636
vt 0.406926 0.032428
vt 0.400950 0.031764
vt 0.412879 0.033173
vt 0.418804 0.034009
vt 0.424717 0.034951
vt 0.430579 0.036003
vt 0.436383 0.037177
vt 0.442118 0.038482
vt 0.447774 0.039927
vt 0.453344 0.041524
vt 0.458817 0.043281
vt 0.464185 0.045211
vt 0.469440 0.047324
vt 0.474568 0.049631
vt 0.292129 0.041077
vt 0.298151 0.041074
vt 0.304759 0.041078
vt 0.311069 0.041092
vt 0.317378 0.041118
vt 0.323684 0.041159
vt 0.329969 0.041216
vt 0.336252 0.041291
vt 0.342533 0.041388
vt 0.348814 0.041508
vt 0.355093 0.041653
vt 0.361371 0.041826
vt 0.367648 0.042028
vt 0.373924 0.042261
vt 0.380201 0.042528
vt 0.386477 0.042831
vt 0.392752 0.043171
vt 0.398992 0.043549
vt 0.394960 0.031170
vt 0.405206 0.043974
vt 0.411407 0.044455
vt 0.417588 0.045000
vt 0.423744 0.045619
vt 0.429893 0.046323
vt 0.435998 0.047118
vt 0.442049 0.048012
vt 0.448040 0.049014
vt 0.453962 0.050133
vt 0.459806 0.051378
vt 0.465564 0.052757
vt 0.471228 0.054281
vt 0.476790 0.055957
vt 0.482245 0.057793
vt 0.292138 0.054663
vt 0.298363 0.054658
vt 0.305195 0.054654
vt 0.311718 0.054653
vt 0.318241 0.054658
vt 0.324760 0.054671
vt 0.331257 0.054693
vt 0.337752 0.054726
vt 0.344245 0.054772
vt 0.350737 0.054834
vt 0.357227 0.054912
vt 0.363715 0.055009
vt 0.370201 0.055126
vt 0.376687 0.055265
vt 0.383171 0.055428
vt 0.389655 0.055616
vt 0.396137 0.055832
vt 0.402582 0.056076
vt 0.409001 0.056354
vt 0.415410 0.056676
vt 0.421801 0.057047
vt 0.428171 0.057477
vt 0.434540 0.057973
vt 0.440870 0.058542
vt 0.447155 0.059191
vt 0.453387 0.059927
vt 0.459558 0.060759
vt 0.465661 0.061692
vt 0.471690 0.062736
vt 0.477638 0.063897
vt 0.483497 0.065183
vt 0.489262 0.066603
vt 0.292146 0.068285
vt 0.298551 0.068277
vt 0.305579 0.068265
vt 0.312289 0.068252
vt 0.318999 0.068239
vt 0.325707 0.068227
vt 0.332390 0.068218
vt 0.339072 0.068214
vt 0.345753 0.068216
vt 0.352432 0.068225
vt 0.359109 0.068244
vt 0.365784 0.068274
vt 0.372457 0.068316
vt 0.379129 0.068371
vt 0.385801 0.068442
vt 0.392471 0.068528
vt 0.399140 0.068633
vt 0.405771 0.068756
vt 0.412377 0.068904
vt 0.418974 0.069083
vt 0.425557 0.069299
vt 0.432122 0.069558
vt 0.438694 0.069868
vt 0.445232 0.070234
vt 0.451733 0.070662
vt 0.458188 0.071158
vt 0.464592 0.071728
vt 0.470938 0.072380
vt 0.477220 0.073118
vt 0.483433 0.073951
vt 0.489569 0.074885
vt 0.495625 0.075927
vt 0.292155 0.081956
vt 0.298716 0.081947
vt 0.305915 0.081928
vt 0.312789 0.081903
vt 0.319663 0.081872
vt 0.326535 0.081837
vt 0.333382 0.081799
vt 0.340228 0.081760
vt 0.347073 0.081721
vt 0.353917 0.081682
vt 0.360759 0.081646
vt 0.367599 0.081613
vt 0.374437 0.081584
vt 0.381275 0.081561
vt 0.388111 0.081545
vt 0.394947 0.081537
vt 0.401782 0.081537
vt 0.408579 0.081548
vt 0.415351 0.081574
vt 0.422116 0.081620
vt 0.428871 0.081691
vt 0.435613 0.081792
vt 0.442366 0.081928
vt 0.449093 0.082104
vt 0.455788 0.082326
vt 0.462446 0.082598
vt 0.469061 0.082925
vt 0.475628 0.083314
vt 0.482141 0.083769
vt 0.488594 0.084296
vt 0.494985 0.084900
vt 0.501307 0.085589
vt 0.292164 0.095530
vt 0.298859 0.095519
vt 0.306206 0.095493
vt 0.313222 0.095456
vt 0.320238 0.095409
vt 0.327251 0.095352
vt 0.334240 0.095286
vt 0.341228 0.095214
vt 0.348215 0.095134
vt 0.355201 0.095050
vt 0.362185 0.094961
vt 0.369168 0.094868
vt 0.376150 0.094772
vt 0.383131 0.094675
vt 0.390111 0.094576
vt 0.397091 0.094477
vt 0.404070 0.094379
vt 0.411010 0.094283
vt 0.417926 0.094194
vt 0.424839 0.094113
vt 0.431744 0.094046
vt 0.438640 0.093997
vt 0.445552 0.093969
vt 0.452444 0.093966
vt 0.459310 0.093994
vt 0.466146 0.094055
vt 0.472946 0.094154
vt 0.479707 0.094296
vt 0.486423 0.094485
vt 0.493090 0.094726
vt 0.499703 0.095023
vt 0.506259 0.095382
vt 0.509515 0.095586
vt 0.292173 0.109269
vt 0.298987 0.109256
vt 0.306466 0.109224
vt 0.313606 0.109176
vt 0.320747 0.109113
vt 0.327887 0.109035
vt 0.335001 0.108944
vt 0.342115 0.108840
vt 0.349229 0.108723
vt 0.356341 0.108595
vt 0.363452 0.108456
vt 0.370562 0.108308
vt 0.377671 0.108149
vt 0.384779 0.107982
vt 0.391886 0.107806
vt 0.398994 0.107623
vt 0.406102 0.107433
vt 0.413170 0.107238
vt 0.420216 0.107040
vt 0.427260 0.106842
vt 0.434299 0.106647
vt 0.441332 0.106457
vt 0.448387 0.106276
vt 0.455426 0.106107
vt 0.462446 0.105953
vt 0.469441 0.105819
vt 0.476409 0.105706
vt 0.483344 0.105618
vt 0.490243 0.105560
vt 0.497101 0.105534
vt 0.503917 0.105545
vt 0.510687 0.105595
vt 0.292182 0.122815
vt 0.299101 0.122800
vt 0.306694 0.122764
vt 0.313945 0.122709
vt 0.321196 0.122635
vt 0.328446 0.122544
vt 0.335671 0.122435
vt 0.342896 0.122310
vt 0.350121 0.122169
vt 0.357345 0.122013
vt 0.364569 0.121841
vt 0.371792 0.121655
vt 0.379014 0.121454
vt 0.386237 0.121240
vt 0.393459 0.121012
vt 0.400682 0.120771
vt 0.407906 0.120518
vt 0.415091 0.120255
vt 0.422255 0.119982
vt 0.429420 0.119703
vt 0.436583 0.119418
vt 0.443744 0.119131
vt 0.450933 0.118841
vt 0.458111 0.118554
vt 0.465275 0.118270
vt 0.472423 0.117993
vt 0.479550 0.117725
vt 0.486653 0.117468
vt 0.493728 0.117224
vt 0.500774 0.116996
vt 0.507787 0.116787
vt 0.514773 0.116680
vt 0.292191 0.136342
vt 0.299203 0.136327
vt 0.306899 0.136286
vt 0.314248 0.136225
vt 0.321598 0.136142
vt 0.328947 0.136038
vt 0.336271 0.135914
vt 0.343595 0.135770
vt 0.350919 0.135606
vt 0.358243 0.135423
vt 0.365567 0.135221
vt 0.372890 0.135000
vt 0.380213 0.134761
vt 0.387535 0.134503
vt 0.394858 0.134227
vt 0.402183 0.133934
vt 0.409509 0.133623
vt 0.416795 0.133296
vt 0.424062 0.132955
vt 0.431331 0.132600
vt 0.438600 0.132233
vt 0.445871 0.131855
vt 0.453173 0.131465
vt 0.460468 0.131068
vt 0.467754 0.130665
vt 0.475028 0.130258
vt 0.482286 0.129848
vt 0.489527 0.129437
vt 0.496747 0.129026
vt 0.503943 0.128617
vt 0.511113 0.128212
vt 0.518241 0.127985
vt 0.292199 0.149819
vt 0.299297 0.149803
vt 0.307087 0.149760
vt 0.314526 0.149694
vt 0.321966 0.149605
vt 0.329405 0.149492
vt 0.336819 0.149356
vt 0.344233 0.149198
vt 0.351648 0.149018
vt 0.359063 0.148815
vt 0.366477 0.148590
vt 0.373891 0.148343
vt 0.381304 0.148075
vt 0.388718 0.147784
vt 0.396132 0.147471
vt 0.403547 0.147137
vt 0.410964 0.146781
vt 0.418341 0.146406
vt 0.425698 0.146011
vt 0.433059 0.145598
vt 0.440423 0.145166
vt 0.447789 0.144716
vt 0.455189 0.144248
vt 0.462586 0.143764
vt 0.469976 0.143266
vt 0.477357 0.142755
vt 0.484727 0.142231
vt 0.492082 0.141696
vt 0.499421 0.141151
vt 0.506741 0.140596
vt 0.514039 0.140033
vt 0.521262 0.139820
vt 0.292208 0.163289
vt 0.299386 0.163274
vt 0.307263 0.163231
vt 0.314786 0.163166
vt 0.322310 0.163078
vt 0.329833 0.162967
vt 0.337331 0.162833
vt 0.344830 0.162676
vt 0.352330 0.162497
vt 0.359830 0.162296
vt 0.367329 0.162072
vt 0.374828 0.161826
vt 0.382327 0.161557
vt 0.389827 0.161266
vt 0.397327 0.160953
vt 0.404828 0.160616
vt 0.412331 0.160257
vt 0.419795 0.159878
vt 0.427240 0.159478
vt 0.434690 0.159057
vt 0.442143 0.158616
vt 0.449602 0.158154
vt 0.457097 0.157670
vt 0.464591 0.157168
vt 0.472082 0.156647
vt 0.479567 0.156108
vt 0.487044 0.155551
vt 0.494511 0.154978
vt 0.501965 0.154388
vt 0.509405 0.153783
vt 0.516828 0.153162
vt 0.524180 0.152711
vt 0.292217 0.176781
vt 0.299467 0.176766
vt 0.307424 0.176725
vt 0.315023 0.176664
vt 0.322624 0.176579
vt 0.330223 0.176473
vt 0.337798 0.176344
vt 0.345374 0.176194
vt 0.352950 0.176022
vt 0.360527 0.175829
vt 0.368103 0.175613
vt 0.375679 0.175376
vt 0.383255 0.175116
vt 0.390831 0.174835
vt 0.398407 0.174530
vt 0.405986 0.174204
vt 0.413565 0.173855
vt 0.421105 0.173485
vt 0.428626 0.173095
vt 0.436153 0.172682
vt 0.443684 0.172248
vt 0.451222 0.171793
vt 0.458798 0.171313
vt 0.466374 0.170813
vt 0.473949 0.170292
vt 0.481520 0.169750
vt 0.489084 0.169187
vt 0.496640 0.168604
vt 0.504185 0.168000
vt 0.511719 0.167376
vt 0.519238 0.166732
vt 0.526720 0.166159
vt 0.292226 0.190259
vt 0.299540 0.190244
vt 0.307567 0.190206
vt 0.315233 0.190147
vt 0.322901 0.190067
vt 0.330568 0.189967
vt 0.338209 0.189845
vt 0.345852 0.189702
vt 0.353495 0.189539
vt 0.361139 0.189354
vt 0.368782 0.189148
vt 0.376424 0.188921
vt 0.384066 0.188673
vt 0.391708 0.188403
vt 0.399350 0.188111
vt 0.406994 0.187797
vt 0.414638 0.187460
vt 0.422243 0.187103
vt 0.429828 0.186725
vt 0.437418 0.186325
vt 0.445014 0.185902
vt 0.452616 0.185457
vt 0.460258 0.184986
vt 0.467899 0.184493
vt 0.475539 0.183977
vt 0.483176 0.183437
vt 0.490806 0.182875
vt 0.498428 0.182288
vt 0.506040 0.181678
vt 0.513639 0.181043
vt 0.521225 0.180384
vt 0.528795 0.179701
vt 0.292234 0.203610
vt 0.299602 0.203596
vt 0.307689 0.203561
vt 0.315412 0.203510
vt 0.323136 0.203440
vt 0.330860 0.203350
vt 0.338559 0.203243
vt 0.346259 0.203117
vt 0.353959 0.202972
vt 0.361659 0.202809
vt 0.369359 0.202627
vt 0.377059 0.202426
vt 0.384757 0.202206
vt 0.392456 0.201967
vt 0.400155 0.201709
vt 0.407855 0.201430
vt 0.415556 0.201132
vt 0.423216 0.200815
vt 0.430858 0.200479
vt 0.438504 0.200123
vt 0.446155 0.199746
vt 0.453816 0.199348
vt 0.461515 0.198927
vt 0.469215 0.198485
vt 0.476914 0.198021
vt 0.484609 0.197535
vt 0.492298 0.197027
vt 0.499978 0.196495
vt 0.507649 0.195941
vt 0.515308 0.195362
vt 0.522952 0.194759
vt 0.530582 0.194131
vt 0.292243 0.216991
vt 0.299654 0.216979
vt 0.307788 0.216950
vt 0.315556 0.216903
vt 0.323327 0.216839
vt 0.331097 0.216758
vt 0.338841 0.216662
vt 0.346587 0.216549
vt 0.354333 0.216419
vt 0.362079 0.216273
vt 0.369825 0.216111
vt 0.377570 0.215931
vt 0.385315 0.215735
vt 0.393059 0.215521
vt 0.400803 0.215290
vt 0.408549 0.215041
vt 0.416295 0.214774
vt 0.424002 0.214490
vt 0.431689 0.214189
vt 0.439383 0.213870
vt 0.447082 0.213531
vt 0.454786 0.213176
vt 0.462530 0.212799
vt 0.470275 0.212402
vt 0.478018 0.211986
vt 0.485758 0.211549
vt 0.493492 0.211092
vt 0.501217 0.210613
vt 0.508932 0.210113
vt 0.516633 0.209590
vt 0.524320 0.209043
vt 0.531991 0.208473
vt 0.292251 0.230361
vt 0.299695 0.230353
vt 0.307864 0.230325
vt 0.315666 0.230283
vt 0.323470 0.230227
vt 0.331274 0.230156
vt 0.339052 0.230071
vt 0.346832 0.229971
vt 0.354612 0.229858
vt 0.362392 0.229730
vt 0.370172 0.229588
vt 0.377952 0.229431
vt 0.385731 0.229259
vt 0.393509 0.229073
vt 0.401288 0.228871
vt 0.409069 0.228653
vt 0.416850 0.228419
vt 0.424592 0.228171
vt 0.432314 0.227907
vt 0.440042 0.227627
vt 0.447776 0.227331
vt 0.455516 0.227018
vt 0.463295 0.226687
vt 0.471075 0.226339
vt 0.478854 0.225973
vt 0.486627 0.225588
vt 0.494394 0.225185
vt 0.502152 0.224763
vt 0.509898 0.224320
vt 0.517630 0.223857
vt 0.525346 0.223372
vt 0.533045 0.222864
vt 0.292260 0.243747
vt 0.299724 0.243736
vt 0.307917 0.243711
vt 0.315742 0.243673
vt 0.323568 0.243622
vt 0.331395 0.243558
vt 0.339196 0.243482
vt 0.346999 0.243393
vt 0.354802 0.243292
vt 0.362606 0.243178
vt 0.370410 0.243051
vt 0.378213 0.242911
vt 0.386016 0.242758
vt 0.393818 0.242592
vt 0.401622 0.242412
vt 0.409427 0.242217
vt 0.417234 0.242008
vt 0.425000 0.241786
vt 0.432748 0.241550
vt 0.440502 0.241300
vt 0.448262 0.241034
vt 0.456028 0.240754
vt 0.463833 0.240458
vt 0.471639 0.240145
vt 0.479442 0.239817
vt 0.487240 0.239472
vt 0.495030 0.239109
vt 0.502810 0.238730
vt 0.510577 0.238331
vt 0.518329 0.237914
vt 0.526063 0.237476
vt 0.533779 0.237017
vt 0.292269 0.257123
vt 0.299744 0.257113
vt 0.307949 0.257089
vt 0.315785 0.257055
vt 0.323623 0.257009
vt 0.331462 0.256952
vt 0.339275 0.256884
vt 0.347090 0.256805
vt 0.354907 0.256715
vt 0.362723 0.256614
vt 0.370540 0.256501
vt 0.378357 0.256376
vt 0.386174 0.256240
vt 0.393991 0.256092
vt 0.401810 0.255932
vt 0.409631 0.255759
vt 0.417453 0.255573
vt 0.425237 0.255374
vt 0.433002 0.255163
vt 0.440774 0.254939
vt 0.448551 0.254702
vt 0.456336 0.254452
vt 0.464159 0.254186
vt 0.471983 0.253906
vt 0.479804 0.253612
vt 0.487618 0.253303
vt 0.495424 0.252978
vt 0.503218 0.252638
vt 0.510998 0.252280
vt 0.518761 0.251905
vt 0.526506 0.251512
vt 0.534229 0.251099
vt 0.292278 0.270516
vt 0.299754 0.270507
vt 0.307960 0.270485
vt 0.315798 0.270455
vt 0.323638 0.270414
vt 0.331479 0.270364
vt 0.339295 0.270303
vt 0.347112 0.270234
vt 0.354932 0.270154
vt 0.362752 0.270065
vt 0.370573 0.269965
vt 0.378394 0.269856
vt 0.386216 0.269735
vt 0.394040 0.269604
vt 0.401865 0.269462
vt 0.409693 0.269309
vt 0.417524 0.269143
vt 0.425317 0.268967
vt 0.433093 0.268779
vt 0.440876 0.268579
vt 0.448665 0.268367
vt 0.456461 0.268142
vt 0.464296 0.267904
vt 0.472132 0.267653
vt 0.479964 0.267389
vt 0.487790 0.267111
vt 0.495606 0.266819
vt 0.503409 0.266511
vt 0.511197 0.266189
vt 0.518967 0.265849
vt 0.526716 0.265494
vt 0.534443 0.265120
vt 0.292286 0.283914
vt 0.299755 0.283905
vt 0.307952 0.283886
vt 0.315782 0.283858
vt 0.323614 0.283823
vt 0.331447 0.283779
vt 0.339256 0.283726
vt 0.347067 0.283666
vt 0.354880 0.283597
vt 0.362695 0.283519
vt 0.370511 0.283433
vt 0.378328 0.283337
vt 0.386147 0.283232
vt 0.393968 0.283118
vt 0.401792 0.282994
vt 0.409620 0.282859
vt 0.417453 0.282714
vt 0.425249 0.282558
vt 0.433028 0.282393
vt 0.440816 0.282216
vt 0.448610 0.282028
vt 0.456413 0.281829
vt 0.464256 0.281617
vt 0.472098 0.281393
vt 0.479937 0.281158
vt 0.487770 0.280909
vt 0.495592 0.280647
vt 0.503402 0.280372
vt 0.511195 0.280082
vt 0.518969 0.279777
vt 0.526721 0.279456
vt 0.534449 0.279119
vt 0.292295 0.297301
vt 0.299747 0.297293
vt 0.307926 0.297276
vt 0.315738 0.297253
vt 0.323553 0.297222
vt 0.331370 0.297185
vt 0.339162 0.297140
vt 0.346957 0.297089
vt 0.354755 0.297030
vt 0.362556 0.296964
vt 0.370358 0.296891
vt 0.378163 0.296810
vt 0.385971 0.296721
vt 0.393782 0.296624
vt 0.401598 0.296518
vt 0.409419 0.296403
vt 0.417247 0.296279
vt 0.425039 0.296145
vt 0.432816 0.296002
vt 0.440603 0.295849
vt 0.448398 0.295686
vt 0.456203 0.295513
vt 0.464048 0.295330
vt 0.471893 0.295135
vt 0.479736 0.294929
vt 0.487572 0.294712
vt 0.495399 0.294483
vt 0.503213 0.294241
vt 0.511009 0.293987
vt 0.518786 0.293718
vt 0.526541 0.293435
vt 0.534271 0.293137
vt 0.292304 0.310664
vt 0.299731 0.310657
vt 0.307883 0.310643
vt 0.315670 0.310624
vt 0.323460 0.310600
vt 0.331251 0.310570
vt 0.339019 0.310536
vt 0.346791 0.310495
vt 0.354566 0.310450
vt 0.362345 0.310398
vt 0.370127 0.310340
vt 0.377912 0.310276
vt 0.385702 0.310205
vt 0.393496 0.310126
vt 0.401297 0.310041
vt 0.409106 0.309947
vt 0.416922 0.309844
vt 0.424705 0.309733
vt 0.432476 0.309614
vt 0.440257 0.309485
vt 0.448049 0.309347
vt 0.455851 0.309200
vt 0.463695 0.309041
vt 0.471541 0.308873
vt 0.479386 0.308693
vt 0.487224 0.308502
vt 0.495054 0.308299
vt 0.502871 0.308083
vt 0.510672 0.307854
vt 0.518453 0.307610
vt 0.526212 0.307352
vt 0.533947 0.307079
vt 0.292312 0.324170
vt 0.299707 0.324163
vt 0.307823 0.324153
vt 0.315576 0.324140
vt 0.323332 0.324123
vt 0.331090 0.324104
vt 0.338826 0.324081
vt 0.346566 0.324054
vt 0.354310 0.324024
vt 0.362058 0.323989
vt 0.369812 0.323950
vt 0.377570 0.323907
vt 0.385334 0.323857
vt 0.393104 0.323803
vt 0.400882 0.323742
vt 0.408671 0.323674
vt 0.416469 0.323599
vt 0.424237 0.323516
vt 0.431993 0.323426
vt 0.439764 0.323328
vt 0.447546 0.323221
vt 0.455340 0.323104
vt 0.463178 0.322978
vt 0.471019 0.322841
vt 0.478859 0.322693
vt 0.486696 0.322534
vt 0.494525 0.322363
vt 0.502342 0.322178
vt 0.510145 0.321980
vt 0.517928 0.321767
vt 0.525691 0.321538
vt 0.533429 0.321293
vt 0.292321 0.337656
vt 0.299675 0.337651
vt 0.307748 0.337645
vt 0.315459 0.337638
vt 0.323173 0.337631
vt 0.330891 0.337624
vt 0.338586 0.337615
vt 0.346286 0.337605
vt 0.353991 0.337594
vt 0.361702 0.337580
vt 0.369419 0.337564
vt 0.377142 0.337546
vt 0.384872 0.337524
vt 0.392610 0.337499
vt 0.400359 0.337469
vt 0.408119 0.337434
vt 0.415892 0.337393
vt 0.423636 0.337347
vt 0.431371 0.337294
vt 0.439122 0.337234
vt 0.446887 0.337166
vt 0.454665 0.337090
vt 0.462490 0.337005
vt 0.470319 0.336910
vt 0.478149 0.336805
vt 0.485977 0.336688
vt 0.493799 0.336558
vt 0.501611 0.336416
vt 0.509408 0.336259
vt 0.517189 0.336087
vt 0.524950 0.335898
vt 0.532688 0.335692
vt 0.292330 0.350919
vt 0.299637 0.350916
vt 0.307659 0.350916
vt 0.315321 0.350919
vt 0.322988 0.350925
vt 0.330657 0.350934
vt 0.338304 0.350946
vt 0.345958 0.350959
vt 0.353617 0.350975
vt 0.361283 0.350991
vt 0.368955 0.351009
vt 0.376635 0.351027
vt 0.384324 0.351046
vt 0.392023 0.351063
vt 0.399733 0.351080
vt 0.407457 0.351094
vt 0.415195 0.351106
vt 0.422906 0.351115
vt 0.430611 0.351120
vt 0.438334 0.351120
vt 0.446072 0.351115
vt 0.453825 0.351104
vt 0.461625 0.351087
vt 0.469433 0.351061
vt 0.477243 0.351027
vt 0.485052 0.350982
vt 0.492857 0.350927
vt 0.500653 0.350859
vt 0.508437 0.350777
vt 0.516205 0.350681
vt 0.523955 0.350570
vt 0.531684 0.350441
vt 0.292338 0.364179
vt 0.299593 0.364177
vt 0.307557 0.364183
vt 0.315164 0.364196
vt 0.322776 0.364215
vt 0.330390 0.364240
vt 0.337984 0.364271
vt 0.345583 0.364308
vt 0.353189 0.364350
vt 0.360803 0.364396
vt 0.368424 0.364447
vt 0.376054 0.364502
vt 0.383693 0.364560
vt 0.391344 0.364620
vt 0.399007 0.364682
vt 0.406686 0.364746
vt 0.414381 0.364810
vt 0.422051 0.364873
vt 0.429715 0.364935
vt 0.437399 0.364996
vt 0.445100 0.365054
vt 0.452817 0.365108
vt 0.460584 0.365158
vt 0.468358 0.365202
vt 0.476137 0.365238
vt 0.483916 0.365266
vt 0.491693 0.365285
vt 0.499463 0.365292
vt 0.507222 0.365287
vt 0.514968 0.365267
vt 0.522697 0.365233
vt 0.530406 0.365182
vt 0.292347 0.377306
vt 0.299544 0.377306
vt 0.307443 0.377319
vt 0.314990 0.377342
vt 0.322540 0.377376
vt 0.330094 0.377421
vt 0.337627 0.377476
vt 0.345167 0.377540
vt 0.352713 0.377614
vt 0.360268 0.377697
vt 0.367830 0.377788
vt 0.375402 0.377887
vt 0.382984 0.377993
vt 0.390578 0.378106
vt 0.398187 0.378226
vt 0.405811 0.378351
vt 0.413451 0.378480
vt 0.421069 0.378613
vt 0.428683 0.378749
vt 0.436316 0.378887
vt 0.443968 0.379026
vt 0.451637 0.379166
vt 0.459356 0.379304
vt 0.467084 0.379441
vt 0.474817 0.379573
vt 0.482553 0.379700
vt 0.490287 0.379821
vt 0.498016 0.379932
vt 0.505735 0.380034
vt 0.513443 0.380123
vt 0.521136 0.380200
vt 0.528811 0.380262
vt 0.292355 0.390431
vt 0.299492 0.390433
vt 0.307326 0.390452
vt 0.314810 0.390486
vt 0.322297 0.390536
vt 0.329788 0.390600
vt 0.337258 0.390678
vt 0.344734 0.390770
vt 0.352218 0.390875
vt 0.359709 0.390994
vt 0.367208 0.391125
vt 0.374717 0.391268
vt 0.382236 0.391422
vt 0.389767 0.391587
vt 0.397312 0.391763
vt 0.404874 0.391949
vt 0.412451 0.392144
vt 0.420006 0.392345
vt 0.427558 0.392554
vt 0.435129 0.392768
vt 0.442718 0.392988
vt 0.450325 0.393211
vt 0.457982 0.393438
vt 0.465648 0.393666
vt 0.473321 0.393893
vt 0.480996 0.394118
vt 0.488671 0.394339
vt 0.496341 0.394554
vt 0.504004 0.394762
vt 0.511656 0.394959
vt 0.519294 0.395146
vt 0.526917 0.395320
vt 0.292367 0.408392
vt 0.299423 0.408394
vt 0.307168 0.408413
vt 0.314566 0.408447
vt 0.321968 0.408495
vt 0.329373 0.408558
vt 0.336758 0.408636
vt 0.344148 0.408727
vt 0.351546 0.408832
vt 0.358951 0.408950
vt 0.366363 0.409082
vt 0.373785 0.409226
vt 0.381217 0.409383
vt 0.388660 0.409552
vt 0.396117 0.409732
vt 0.403589 0.409924
vt 0.411077 0.410126
vt 0.418542 0.410337
vt 0.426002 0.410557
vt 0.433483 0.410784
vt 0.440980 0.411019
vt 0.448496 0.411259
vt 0.456062 0.411506
vt 0.463638 0.411756
vt 0.471221 0.412007
vt 0.478808 0.412258
vt 0.486396 0.412508
vt 0.493981 0.412753
vt 0.501561 0.412993
vt 0.509133 0.413224
vt 0.516694 0.413445
vt 0.524244 0.413655
vt 0.292379 0.426164
vt 0.299360 0.426166
vt 0.307023 0.426183
vt 0.314342 0.426215
vt 0.321665 0.426261
vt 0.328991 0.426321
vt 0.336295 0.426395
vt 0.343605 0.426482
vt 0.350920 0.426583
vt 0.358242 0.426697
vt 0.365570 0.426825
vt 0.372905 0.426965
vt 0.380249 0.427118
vt 0.387602 0.427284
vt 0.394966 0.427462
vt 0.402343 0.427652
vt 0.409733 0.427853
vt 0.417097 0.428065
vt 0.424455 0.428287
vt 0.431829 0.428518
vt 0.439219 0.428757
vt 0.446625 0.429004
vt 0.454078 0.429258
vt 0.461540 0.429518
vt 0.469009 0.429780
vt 0.476481 0.430045
vt 0.483954 0.430309
vt 0.491424 0.430571
vt 0.498890 0.430828
vt 0.506348 0.431079
vt 0.513798 0.431320
vt 0.521236 0.431547
vt 0.292389 0.441849
vt 0.299312 0.441849
vt 0.306910 0.441860
vt 0.314168 0.441882
vt 0.321429 0.441913
vt 0.328692 0.441955
vt 0.335933 0.442007
vt 0.343178 0.442069
vt 0.350428 0.442141
vt 0.357682 0.442222
vt 0.364941 0.442314
vt 0.372205 0.442416
vt 0.379475 0.442527
vt 0.386752 0.442648
vt 0.394037 0.442780
vt 0.401332 0.442920
vt 0.408636 0.443071
vt 0.415911 0.443230
vt 0.423176 0.443396
vt 0.430454 0.443571
vt 0.437744 0.443752
vt 0.445047 0.443939
vt 0.452395 0.444132
vt 0.459749 0.444328
vt 0.467108 0.444527
vt 0.474470 0.444727
vt 0.481830 0.444926
vt 0.489188 0.445122
vt 0.496541 0.445313
vt 0.503886 0.445497
vt 0.511223 0.445669
vt 0.518550 0.445828
vt 0.292398 0.456587
vt 0.299273 0.456584
vt 0.306820 0.456585
vt 0.314027 0.456589
vt 0.321237 0.456597
vt 0.328448 0.456609
vt 0.335636 0.456625
vt 0.342828 0.456645
vt 0.350023 0.456669
vt 0.357220 0.456697
vt 0.364420 0.456730
vt 0.371623 0.456767
vt 0.378829 0.456808
vt 0.386039 0.456854
vt 0.393254 0.456905
vt 0.400475 0.456961
vt 0.407700 0.457022
vt 0.414893 0.457087
vt 0.422070 0.457157
vt 0.429257 0.457230
vt 0.436452 0.457306
vt 0.443657 0.457384
vt 0.450901 0.457464
vt 0.458150 0.457544
vt 0.465400 0.457623
vt 0.472650 0.457701
vt 0.479897 0.457774
vt 0.487140 0.457843
vt 0.494376 0.457904
vt 0.501604 0.457955
vt 0.508823 0.457993
vt 0.516030 0.458016
vt 0.292408 0.471212
vt 0.299241 0.471205
vt 0.306740 0.471191
vt 0.313903 0.471172
vt 0.321068 0.471148
vt 0.328233 0.471119
vt 0.335375 0.471086
vt 0.342519 0.471047
vt 0.349664 0.471005
vt 0.356810 0.470958
vt 0.363957 0.470908
vt 0.371104 0.470854
vt 0.378252 0.470798
vt 0.385400 0.470738
vt 0.392548 0.470676
vt 0.399699 0.470612
vt 0.406849 0.470547
vt 0.413961 0.470479
vt 0.421054 0.470411
vt 0.428152 0.470339
vt 0.435252 0.470265
vt 0.442358 0.470187
vt 0.449499 0.470104
vt 0.456640 0.470017
vt 0.463780 0.469924
vt 0.470916 0.469824
vt 0.478046 0.469716
vt 0.485170 0.469598
vt 0.492284 0.469469
vt 0.499388 0.469328
vt 0.506481 0.469170
vt 0.513560 0.468993
vt 0.292417 0.485967
vt 0.299211 0.485954
vt 0.306667 0.485923
vt 0.313788 0.485876
vt 0.320911 0.485813
vt 0.328033 0.485734
vt 0.335132 0.485640
vt 0.342231 0.485532
vt 0.349330 0.485409
vt 0.356428 0.485271
vt 0.363524 0.485121
vt 0.370618 0.484957
vt 0.377709 0.484781
vt 0.384797 0.484594
vt 0.391882 0.484394
vt 0.398963 0.484184
vt 0.406039 0.483964
vt 0.413072 0.483735
vt 0.420079 0.483496
vt 0.427086 0.483248
vt 0.434090 0.482989
vt 0.441094 0.482720
vt 0.448129 0.482438
vt 0.455159 0.482145
vt 0.462182 0.481839
vt 0.469199 0.481521
vt 0.476205 0.481188
vt 0.483202 0.480841
vt 0.490185 0.480478
vt 0.497155 0.480097
vt 0.504110 0.479695
vt 0.511049 0.479271
vt 0.292427 0.501535
vt 0.299181 0.501517
vt 0.306593 0.501464
vt 0.313672 0.501383
vt 0.320752 0.501272
vt 0.327831 0.501133
vt 0.334885 0.500966
vt 0.341939 0.500771
vt 0.348991 0.500550
vt 0.356040 0.500302
vt 0.363084 0.500030
vt 0.370124 0.499732
vt 0.377157 0.499410
vt 0.384183 0.499066
vt 0.391201 0.498698
vt 0.398211 0.498309
vt 0.405209 0.497900
vt 0.412157 0.497473
vt 0.419074 0.497028
vt 0.425984 0.496563
vt 0.432886 0.496078
vt 0.439782 0.495575
vt 0.446702 0.495049
vt 0.453612 0.494504
vt 0.460511 0.493939
vt 0.467397 0.493353
vt 0.474269 0.492748
vt 0.481125 0.492121
vt 0.487965 0.491471
vt 0.494786 0.490798
vt 0.501588 0.490099
vt 0.508369 0.489373
vt 0.292438 0.517524
vt 0.299151 0.517498
vt 0.306518 0.517422
vt 0.313554 0.517304
vt 0.320590 0.517141
vt 0.327624 0.516936
vt 0.334634 0.516688
vt 0.341641 0.516400
vt 0.348645 0.516071
vt 0.355644 0.515703
vt 0.362636 0.515296
vt 0.369619 0.514852
vt 0.376593 0.514371
vt 0.383554 0.513855
vt 0.390503 0.513304
vt 0.397437 0.512719
vt 0.404352 0.512102
vt 0.411212 0.511458
vt 0.418033 0.510785
vt 0.424840 0.510083
vt 0.431632 0.509351
vt 0.438412 0.508590
vt 0.445208 0.507797
vt 0.451988 0.506975
vt 0.458751 0.506125
vt 0.465495 0.505246
vt 0.472220 0.504340
vt 0.478922 0.503404
vt 0.485602 0.502439
vt 0.492258 0.501444
vt 0.498888 0.500416
vt 0.505492 0.499353
vt 0.292448 0.533501
vt 0.299119 0.533468
vt 0.306441 0.533367
vt 0.313432 0.533208
vt 0.320424 0.532990
vt 0.327413 0.532712
vt 0.334377 0.532378
vt 0.341337 0.531989
vt 0.348292 0.531544
vt 0.355239 0.531045
vt 0.362178 0.530493
vt 0.369104 0.529890
vt 0.376016 0.529236
vt 0.382912 0.528534
vt 0.389789 0.527784
vt 0.396645 0.526987
vt 0.403477 0.526146
vt 0.410244 0.525266
vt 0.416967 0.524348
vt 0.423667 0.523389
vt 0.430346 0.522389
vt 0.437005 0.521350
vt 0.443674 0.520268
vt 0.450320 0.519148
vt 0.456942 0.517991
vt 0.463539 0.516798
vt 0.470111 0.515569
vt 0.476655 0.514303
vt 0.483170 0.513002
vt 0.489655 0.511662
vt 0.496107 0.510284
vt 0.502527 0.508865
vt 0.292459 0.549503
vt 0.299087 0.549463
vt 0.306361 0.549336
vt 0.313307 0.549137
vt 0.320253 0.548862
vt 0.327196 0.548513
vt 0.334113 0.548092
vt 0.341024 0.547600
vt 0.347928 0.547038
vt 0.354823 0.546408
vt 0.361705 0.545711
vt 0.368571 0.544948
vt 0.375419 0.544121
vt 0.382246 0.543232
vt 0.389048 0.542281
vt 0.395822 0.541271
vt 0.402563 0.540203
vt 0.409232 0.539087
vt 0.415848 0.537920
vt 0.422434 0.536701
vt 0.428991 0.535431
vt 0.435519 0.534111
vt 0.442049 0.532736
vt 0.448549 0.531314
vt 0.455019 0.529845
vt 0.461456 0.528331
vt 0.467861 0.526773
vt 0.474232 0.525170
vt 0.480568 0.523523
vt 0.486866 0.521831
vt 0.493126 0.520092
vt 0.499345 0.518305
vt 0.292469 0.565496
vt 0.299052 0.565448
vt 0.306277 0.565294
vt 0.313176 0.565051
vt 0.320075 0.564716
vt 0.326969 0.564289
vt 0.333836 0.563775
vt 0.340697 0.563174
vt 0.347549 0.562486
vt 0.354388 0.561715
vt 0.361212 0.560861
vt 0.368016 0.559927
vt 0.374797 0.558913
vt 0.381551 0.557822
vt 0.388274 0.556656
vt 0.394961 0.555416
vt 0.401608 0.554105
vt 0.408175 0.552733
vt 0.414680 0.551299
vt 0.421146 0.549801
vt 0.427575 0.548240
vt 0.433968 0.546617
vt 0.440355 0.544927
vt 0.446705 0.543180
vt 0.453018 0.541376
vt 0.459292 0.539518
vt 0.465529 0.537607
vt 0.471726 0.535644
vt 0.477884 0.533630
vt 0.484000 0.531564
vt 0.490073 0.529445
vt 0.496101 0.527270
vt 0.292478 0.579924
vt 0.299019 0.579867
vt 0.306197 0.579688
vt 0.313051 0.579405
vt 0.319904 0.579013
vt 0.326753 0.578515
vt 0.333573 0.577914
vt 0.340385 0.577211
vt 0.347187 0.576408
vt 0.353974 0.575507
vt 0.360742 0.574508
vt 0.367486 0.573415
vt 0.374203 0.572230
vt 0.380888 0.570954
vt 0.387535 0.569589
vt 0.394140 0.568139
vt 0.400696 0.566604
vt 0.407164 0.564999
vt 0.413563 0.563320
vt 0.419914 0.561567
vt 0.426220 0.559741
vt 0.432483 0.557844
vt 0.438732 0.555869
vt 0.444937 0.553829
vt 0.451099 0.551726
vt 0.457217 0.549562
vt 0.463291 0.547338
vt 0.469320 0.545057
vt 0.475305 0.542721
vt 0.481244 0.540329
vt 0.487137 0.537883
vt 0.492982 0.535380
vt 0.292488 0.595163
vt 0.298981 0.595098
vt 0.306106 0.594892
vt 0.312910 0.594566
vt 0.319713 0.594115
vt 0.326510 0.593542
vt 0.333278 0.592850
vt 0.340037 0.592041
vt 0.346782 0.591115
vt 0.353510 0.590077
vt 0.360215 0.588926
vt 0.366893 0.587667
vt 0.373538 0.586301
vt 0.380145 0.584831
vt 0.386707 0.583258
vt 0.393218 0.581586
vt 0.399672 0.579819
vt 0.406028 0.577968
vt 0.412305 0.576034
vt 0.418525 0.574014
vt 0.424691 0.571911
vt 0.430806 0.569727
vt 0.436897 0.567456
vt 0.442937 0.565111
vt 0.448927 0.562696
vt 0.454866 0.560214
vt 0.460755 0.557667
vt 0.466593 0.555059
vt 0.472381 0.552390
vt 0.478118 0.549664
vt 0.483805 0.546882
vt 0.489441 0.544044
vt 0.292499 0.612120
vt 0.298935 0.612047
vt 0.305997 0.611812
vt 0.312741 0.611438
vt 0.319483 0.610921
vt 0.326219 0.610264
vt 0.332924 0.609471
vt 0.339618 0.608544
vt 0.346297 0.607483
vt 0.352954 0.606292
vt 0.359585 0.604974
vt 0.366184 0.603530
vt 0.372743 0.601964
vt 0.379256 0.600278
vt 0.385717 0.598476
vt 0.392117 0.596560
vt 0.398448 0.594533
vt 0.404671 0.592412
vt 0.410803 0.590196
vt 0.416867 0.587882
vt 0.422865 0.585474
vt 0.428802 0.582974
vt 0.434705 0.580376
vt 0.440547 0.577695
vt 0.446330 0.574937
vt 0.452054 0.572104
vt 0.457722 0.569203
vt 0.463332 0.566235
vt 0.468884 0.563205
vt 0.474379 0.560113
vt 0.479818 0.556963
vt 0.485203 0.553760
vt 0.292512 0.632457
vt 0.298871 0.632374
vt 0.305850 0.632104
vt 0.312514 0.631674
vt 0.319175 0.631078
vt 0.325830 0.630320
vt 0.332454 0.629406
vt 0.339063 0.628336
vt 0.345655 0.627112
vt 0.352221 0.625739
vt 0.358755 0.624218
vt 0.365250 0.622552
vt 0.371699 0.620746
vt 0.378092 0.618802
vt 0.384422 0.616723
vt 0.390680 0.614514
vt 0.396854 0.612177
vt 0.402906 0.609731
vt 0.408853 0.607177
vt 0.414717 0.604510
vt 0.420502 0.601735
vt 0.426211 0.598857
vt 0.431872 0.595867
vt 0.437460 0.592783
vt 0.442978 0.589611
vt 0.448426 0.586357
vt 0.453809 0.583027
vt 0.459127 0.579627
vt 0.464382 0.576161
vt 0.469572 0.572632
vt 0.474699 0.569041
vt 0.479763 0.565393
vt 0.292521 0.646023
vt 0.298824 0.645933
vt 0.305741 0.645638
vt 0.312345 0.645169
vt 0.318948 0.644520
vt 0.325543 0.643694
vt 0.332106 0.642697
vt 0.338654 0.641530
vt 0.345182 0.640196
vt 0.351682 0.638698
vt 0.358146 0.637040
vt 0.364567 0.635225
vt 0.370937 0.633257
vt 0.377245 0.631138
vt 0.383482 0.628873
vt 0.389638 0.626465
vt 0.395702 0.623919
vt 0.401633 0.621255
vt 0.407449 0.618474
vt 0.413173 0.615571
vt 0.418808 0.612552
vt 0.424357 0.609423
vt 0.429849 0.606172
vt 0.435257 0.602822
vt 0.440586 0.599378
vt 0.445839 0.595847
vt 0.451016 0.592235
vt 0.456123 0.588550
vt 0.461161 0.584799
vt 0.466132 0.580988
vt 0.471035 0.577116
vt 0.475871 0.573188
vt 0.292530 0.659586
vt 0.298771 0.659488
vt 0.305619 0.659169
vt 0.312159 0.658661
vt 0.318697 0.657957
vt 0.325227 0.657060
vt 0.331724 0.655979
vt 0.338206 0.654714
vt 0.344665 0.653268
vt 0.351094 0.651644
vt 0.357484 0.649846
vt 0.363827 0.647878
vt 0.370112 0.645744
vt 0.376330 0.643447
vt 0.382469 0.640992
vt 0.388520 0.638382
vt 0.394468 0.635624
vt 0.400274 0.632738
vt 0.405954 0.629726
vt 0.411533 0.626583
vt 0.417012 0.623316
vt 0.422397 0.619931
vt 0.427714 0.616417
vt 0.432939 0.612797
vt 0.438076 0.609078
vt 0.443127 0.605267
vt 0.448094 0.601370
vt 0.452982 0.597397
vt 0.457794 0.593355
vt 0.462532 0.589252
vt 0.467203 0.585096
vt 0.471801 0.580886
vt 0.292539 0.673174
vt 0.298710 0.673068
vt 0.305484 0.672724
vt 0.311952 0.672176
vt 0.318418 0.671416
vt 0.324877 0.670448
vt 0.331303 0.669281
vt 0.337712 0.667914
vt 0.344097 0.666352
vt 0.350449 0.664599
vt 0.356760 0.662657
vt 0.363019 0.660532
vt 0.369215 0.658228
vt 0.375338 0.655748
vt 0.381375 0.653098
vt 0.387314 0.650282
vt 0.393141 0.647305
vt 0.398816 0.644191
vt 0.404355 0.640941
vt 0.409783 0.637552
vt 0.415102 0.634031
vt 0.420318 0.630384
vt 0.425455 0.626600
vt 0.430493 0.622704
vt 0.435434 0.618704
vt 0.440280 0.614606
vt 0.445035 0.610420
vt 0.449702 0.606153
vt 0.454283 0.601813
vt 0.458783 0.597411
vt 0.463207 0.592956
vt 0.467561 0.588456
vt 0.292548 0.686816
vt 0.298642 0.686703
vt 0.305330 0.686334
vt 0.311718 0.685744
vt 0.318105 0.684926
vt 0.324485 0.683885
vt 0.330832 0.682628
vt 0.337162 0.681157
vt 0.343467 0.679475
vt 0.349737 0.677587
vt 0.355963 0.675497
vt 0.362133 0.673210
vt 0.368235 0.670729
vt 0.374257 0.668061
vt 0.380186 0.665209
vt 0.386009 0.662178
vt 0.391710 0.658975
vt 0.397248 0.655626
vt 0.402641 0.652131
vt 0.407913 0.648487
vt 0.413066 0.644703
vt 0.418107 0.640784
vt 0.423061 0.636722
vt 0.427907 0.632541
vt 0.432647 0.628250
vt 0.437286 0.623858
vt 0.441826 0.619373
vt 0.446270 0.614803
vt 0.450622 0.610158
vt 0.454884 0.605448
vt 0.459061 0.600682
vt 0.463155 0.595871
vt 0.292111 0.013773
vt 0.297893 0.013775
vt 0.303675 0.013800
vt 0.309457 0.013852
vt 0.315238 0.013934
vt 0.321019 0.014048
vt 0.326797 0.014197
vt 0.332574 0.014384
vt 0.338348 0.014611
vt 0.344120 0.014883
vt 0.349888 0.015200
vt 0.355651 0.015566
vt 0.361409 0.015983
vt 0.367159 0.016453
vt 0.372902 0.016979
vt 0.378635 0.017563
vt 0.384359 0.018208
vt 0.390073 0.018915
vt 0.395776 0.019695
vt 0.401462 0.020559
vt 0.407127 0.021521
vt 0.412766 0.022592
vt 0.418373 0.023784
vt 0.423944 0.025111
vt 0.429473 0.026583
vt 0.434957 0.028219
vt 0.440384 0.030033
vt 0.445738 0.032037
vt 0.451651 0.034558
vt 0.457508 0.037420
vt 0.463608 0.040859
vt 0.470508 0.045367
vt 0.478014 0.050811
vt 0.487123 0.059389
vt 0.494584 0.067960
vt 0.501940 0.077585
vt 0.513315 0.097034
vt 0.506830 0.085158
vt 0.518947 0.109346
vt 0.522592 0.118923
vt 0.525671 0.128709
vt 0.292557 0.700540
vt 0.528622 0.139816
vt 0.531706 0.152861
vt 0.534305 0.166116
vt 0.536413 0.179474
vt 0.539609 0.207701
vt 0.540720 0.222467
vt 0.538122 0.192994
vt 0.541951 0.251563
vt 0.542146 0.279496
vt 0.541957 0.293422
vt 0.542153 0.265589
vt 0.541497 0.237281
vt 0.541642 0.307223
vt 0.541139 0.321037
vt 0.540439 0.334859
vt 0.539423 0.349833
vt 0.538120 0.364799
vt 0.536528 0.379751
vt 0.534630 0.394683
vt 0.528842 0.430757
vt 0.531893 0.413084
vt 0.523185 0.458183
vt 0.520485 0.469348
vt 0.517762 0.479579
vt 0.514950 0.489224
vt 0.511981 0.498537
vt 0.508860 0.507560
vt 0.505513 0.516498
vt 0.502045 0.525140
vt 0.525946 0.445555
vt 0.498394 0.533699
vt 0.298811 0.700412
vt 0.311329 0.699410
vt 0.305069 0.700035
vt 0.323847 0.697437
vt 0.317590 0.698543
vt 0.336326 0.694528
vt 0.330095 0.696098
vt 0.342531 0.692734
vt 0.354824 0.688488
vt 0.348701 0.690719
vt 0.366881 0.683397
vt 0.360889 0.686046
vt 0.372789 0.680548
vt 0.384292 0.674266
vt 0.378598 0.677502
vt 0.395283 0.667245
vt 0.389858 0.670845
vt 0.400569 0.663475
vt 0.405721 0.659544
vt 0.410744 0.655462
vt 0.494558 0.542162
vt 0.490535 0.550515
vt 0.486327 0.558748
vt 0.481949 0.566866
vt 0.415643 0.651236
vt 0.425081 0.642391
vt 0.420420 0.646876
vt 0.429630 0.637791
vt 0.477376 0.574864
vt 0.472591 0.582723
vt 0.467589 0.590422
vt 0.438401 0.628278
vt 0.434068 0.633083
vt 0.442632 0.623385
vt 0.446762 0.618414
vt 0.454738 0.608277
vt 0.450796 0.613374
vt 0.458590 0.603131
vt 0.462357 0.597949
vt 0.015182 0.976743
vt 0.025268 0.976741
vt 0.015182 0.972808
vt 0.025268 0.972478
vt 0.015182 0.964880
vt 0.025268 0.963925
vt 0.025268 0.968209
vt 0.015182 0.968858
vt 0.015182 0.956797
vt 0.025267 0.955294
vt 0.025268 0.959621
vt 0.015182 0.960860
vt 0.015181 0.948511
vt 0.025267 0.946556
vt 0.025267 0.950938
vt 0.015182 0.952680
vt 0.015181 0.940028
vt 0.025267 0.937708
vt 0.025267 0.942142
vt 0.015181 0.944293
vt 0.015181 0.931368
vt 0.025267 0.928770
vt 0.025267 0.933247
vt 0.015181 0.935719
vt 0.015181 0.922583
vt 0.025267 0.919791
vt 0.025267 0.924284
vt 0.015181 0.926992
vt 0.015180 0.913727
vt 0.025266 0.910821
vt 0.025266 0.915302
vt 0.015180 0.918158
vt 0.015180 0.904868
vt 0.025265 0.901920
vt 0.025266 0.906361
vt 0.015180 0.909293
vt 0.015179 0.896044
vt 0.025265 0.893090
vt 0.025265 0.897498
vt 0.015179 0.900449
vt 0.015178 0.887236
vt 0.025264 0.884295
vt 0.025264 0.888691
vt 0.015178 0.891638
vt 0.015177 0.878432
vt 0.025263 0.875510
vt 0.025263 0.879906
vt 0.015177 0.882837
vt 0.015176 0.869595
vt 0.025261 0.866699
vt 0.025262 0.871111
vt 0.015176 0.874017
vt 0.015174 0.860703
vt 0.025260 0.857830
vt 0.025261 0.862274
vt 0.015175 0.865157
vt 0.015173 0.851724
vt 0.025259 0.848861
vt 0.025260 0.853363
vt 0.015174 0.856227
vt 0.015172 0.842612
vt 0.025258 0.839758
vt 0.025259 0.844332
vt 0.015173 0.847186
vt 0.015172 0.837986
vt 0.025258 0.835145
vt 0.015171 0.831252
vt 0.015171 0.824404
vt 0.015170 0.817465
vt 0.025256 0.814796
vt 0.025256 0.821667
vt 0.025257 0.828456
vt 0.015170 0.810462
vt 0.015169 0.803400
vt 0.025255 0.800861
vt 0.025255 0.807858
vt 0.015168 0.796290
vt 0.015168 0.789128
vt 0.025254 0.786712
vt 0.025254 0.793812
vt 0.015167 0.781918
vt 0.015167 0.774639
vt 0.025252 0.772316
vt 0.025253 0.779550
vt 0.015166 0.767266
vt 0.015165 0.759783
vt 0.025251 0.757561
vt 0.025252 0.764992
vt 0.015165 0.752165
vt 0.015164 0.744400
vt 0.025250 0.742291
vt 0.025251 0.750001
vt 0.015164 0.736480
vt 0.015163 0.728392
vt 0.025249 0.726370
vt 0.025249 0.734417
vt 0.015162 0.720131
vt 0.025248 0.718146
vt 0.015161 0.707386
vt 0.025247 0.705449
vt 0.015161 0.694295
vt 0.025246 0.676604
vt 0.025247 0.692400
vt 0.015160 0.678459
vt 0.015160 0.652711
vt 0.025245 0.650944
vt 0.025244 0.621817
vt 0.025245 0.636509
vt 0.015159 0.638207
vt 0.025244 0.601979
vt 0.015159 0.623432
vt 0.015158 0.588390
vt 0.025244 0.586984
vt 0.015158 0.603475
vt 0.015157 0.573249
vt 0.025243 0.571944
vt 0.015157 0.558115
vt 0.025243 0.556897
vt 0.025243 0.541874
vt 0.015157 0.543017
vt 0.025242 0.511907
vt 0.025243 0.526876
vt 0.015157 0.527938
vt 0.015156 0.497806
vt 0.025242 0.496964
vt 0.015157 0.512869
vt 0.015156 0.482731
vt 0.025242 0.482041
vt 0.015156 0.462618
vt 0.025242 0.462165
vt 0.015156 0.447520
vt 0.025242 0.432395
vt 0.025242 0.447274
vt 0.015156 0.417265
vt 0.025242 0.417517
vt 0.015156 0.432399
vt 0.015155 0.402089
vt 0.025241 0.402646
vt 0.015155 0.386861
vt 0.025241 0.387768
vt 0.015155 0.371523
vt 0.025241 0.372870
vt 0.015155 0.356055
vt 0.015155 0.345618
vt 0.025241 0.347892
vt 0.025241 0.357921
vt 0.025240 0.322422
vt 0.025240 0.337792
vt 0.015154 0.335078
vt 0.015154 0.302542
vt 0.025240 0.306740
vt 0.015154 0.318978
vt 0.015154 0.279939
vt 0.025240 0.285147
vt 0.025240 0.296051
vt 0.015154 0.291341
vt 0.015154 0.262414
vt 0.025240 0.268368
vt 0.025240 0.256875
vt 0.025240 0.251031
vt 0.015154 0.244345
vt 0.015154 0.224184
vt 0.015154 0.216339
vt 0.015155 0.208499
vt 0.015156 0.200686
vt 0.015158 0.192912
vt 0.015160 0.185190
vt 0.015161 0.177545
vt 0.015162 0.169978
vt 0.015164 0.162502
vt 0.025240 0.223977
vt 0.015166 0.155116
vt 0.025242 0.208590
vt 0.025246 0.193074
vt 0.025248 0.177538
vt 0.025250 0.169803
vt 0.025247 0.185300
vt 0.025244 0.200842
vt 0.015168 0.147815
vt 0.015169 0.140611
vt 0.025254 0.154449
vt 0.015170 0.133491
vt 0.025255 0.146856
vt 0.025252 0.162100
vt 0.015172 0.126468
vt 0.015173 0.119536
vt 0.015174 0.112694
vt 0.015174 0.105944
vt 0.015175 0.099264
vt 0.015177 0.092656
vt 0.015179 0.086106
vt 0.015181 0.079615
vt 0.015182 0.073182
vt 0.015183 0.066787
vt 0.015185 0.060438
vt 0.015186 0.054122
vt 0.025257 0.131897
vt 0.015186 0.047837
vt 0.015187 0.041586
vt 0.025259 0.124550
vt 0.015188 0.035347
vt 0.015188 0.029127
vt 0.015189 0.022914
vt 0.015189 0.016695
vt 0.025256 0.139341
vt 0.025240 0.231589
vt 0.025241 0.216306
vt 0.025261 0.103093
vt 0.025260 0.110142
vt 0.025260 0.117294
vt 0.025263 0.096135
vt 0.025265 0.089261
vt 0.025267 0.082452
vt 0.025268 0.075721
vt 0.025271 0.062414
vt 0.025272 0.055832
vt 0.025269 0.069042
vt 0.025273 0.042778
vt 0.025274 0.029834
vt 0.025275 0.023387
vt 0.025274 0.036293
vt 0.025272 0.049289
vt 0.025275 0.016974
vt 0.025276 0.010625
vt 0.015190 0.010424
vt 0.740288 0.327889
vt 0.740352 0.314296
vt 0.733700 0.328237
vt 0.733818 0.314670
vt 0.727404 0.328798
vt 0.727572 0.315273
vt 0.721111 0.329578
vt 0.721329 0.316112
vt 0.714827 0.330573
vt 0.715096 0.317181
vt 0.708576 0.331773
vt 0.708895 0.318471
vt 0.702343 0.333178
vt 0.702716 0.319981
vt 0.696138 0.334782
vt 0.696565 0.321705
vt 0.689967 0.336580
vt 0.690453 0.323638
vt 0.683840 0.338568
vt 0.684388 0.325774
vt 0.677766 0.340741
vt 0.678382 0.328108
vt 0.671756 0.343094
vt 0.672447 0.330635
vt 0.665821 0.345621
vt 0.666593 0.333349
vt 0.659971 0.348317
vt 0.660833 0.336245
vt 0.654219 0.351178
vt 0.655181 0.339316
vt 0.648813 0.354066
vt 0.649882 0.342416
vt 0.643082 0.357353
vt 0.644278 0.345943
vt 0.637717 0.360645
vt 0.639048 0.349475
vt 0.632464 0.364074
vt 0.633941 0.353154
vt 0.627321 0.367635
vt 0.628954 0.356971
vt 0.622284 0.371322
vt 0.624084 0.360922
vt 0.617327 0.375146
vt 0.619305 0.365019
vt 0.612472 0.379083
vt 0.614639 0.369234
vt 0.607719 0.383125
vt 0.610084 0.373560
vt 0.603065 0.387267
vt 0.605637 0.377990
vt 0.598507 0.391500
vt 0.601297 0.382516
vt 0.594044 0.395818
vt 0.597062 0.387130
vt 0.589674 0.400213
vt 0.592929 0.391823
vt 0.585395 0.404677
vt 0.588897 0.396589
vt 0.581203 0.409201
vt 0.584963 0.401417
vt 0.577094 0.413780
vt 0.581125 0.406299
vt 0.740227 0.341423
vt 0.733590 0.341745
vt 0.727247 0.342265
vt 0.720907 0.342989
vt 0.714576 0.343911
vt 0.708276 0.345024
vt 0.701993 0.346327
vt 0.695735 0.347814
vt 0.689509 0.349482
vt 0.683321 0.351327
vt 0.677183 0.353342
vt 0.671101 0.355525
vt 0.665087 0.357871
vt 0.659151 0.360374
vt 0.653302 0.363030
vt 0.647793 0.365713
vt 0.641939 0.368766
vt 0.636445 0.371824
vt 0.631052 0.375012
vt 0.625758 0.378324
vt 0.620559 0.381754
vt 0.615429 0.385313
vt 0.610393 0.388979
vt 0.605447 0.392746
vt 0.600590 0.396607
vt 0.595821 0.400556
vt 0.591136 0.404585
vt 0.586534 0.408689
vt 0.582012 0.412858
vt 0.577569 0.417089
vt 0.573206 0.421380
vt 0.740169 0.354811
vt 0.733487 0.355108
vt 0.727100 0.355588
vt 0.720717 0.356257
vt 0.714341 0.357108
vt 0.707995 0.358137
vt 0.701665 0.359341
vt 0.695357 0.360715
vt 0.689077 0.362257
vt 0.682833 0.363962
vt 0.676632 0.365825
vt 0.670483 0.367844
vt 0.664394 0.370013
vt 0.658374 0.372329
vt 0.652433 0.374787
vt 0.646827 0.377269
vt 0.640855 0.380096
vt 0.635237 0.382928
vt 0.629710 0.385882
vt 0.624272 0.388951
vt 0.618919 0.392132
vt 0.613624 0.395434
vt 0.608412 0.398837
vt 0.603281 0.402335
vt 0.598230 0.405923
vt 0.593256 0.409594
vt 0.588357 0.413343
vt 0.583532 0.417162
vt 0.578780 0.421047
vt 0.574103 0.424997
vt 0.569500 0.429008
vt 0.740114 0.368214
vt 0.733389 0.368486
vt 0.726960 0.368926
vt 0.720535 0.369540
vt 0.714116 0.370322
vt 0.707727 0.371267
vt 0.701351 0.372373
vt 0.694995 0.373637
vt 0.688665 0.375054
vt 0.682365 0.376621
vt 0.676105 0.378335
vt 0.669890 0.380191
vt 0.663729 0.382187
vt 0.657629 0.384318
vt 0.651600 0.386580
vt 0.645899 0.388865
vt 0.639814 0.391468
vt 0.634078 0.394077
vt 0.628422 0.396799
vt 0.622844 0.399629
vt 0.617342 0.402562
vt 0.611887 0.405610
vt 0.606506 0.408752
vt 0.601197 0.411984
vt 0.595957 0.415300
vt 0.590786 0.418695
vt 0.585683 0.422164
vt 0.580646 0.425703
vt 0.575678 0.429308
vt 0.570778 0.432978
vt 0.565946 0.436710
vt 0.740060 0.381658
vt 0.733294 0.381906
vt 0.726826 0.382307
vt 0.720360 0.382866
vt 0.713901 0.383580
vt 0.707469 0.384442
vt 0.701050 0.385451
vt 0.694648 0.386604
vt 0.688268 0.387897
vt 0.681916 0.389328
vt 0.675598 0.390893
vt 0.669320 0.392588
vt 0.663090 0.394411
vt 0.656913 0.396358
vt 0.650798 0.398426
vt 0.645008 0.400515
vt 0.638814 0.402895
vt 0.632963 0.405282
vt 0.627183 0.407772
vt 0.621472 0.410363
vt 0.615826 0.413050
vt 0.610218 0.415843
vt 0.604674 0.418724
vt 0.599194 0.421688
vt 0.593775 0.424732
vt 0.588417 0.427851
vt 0.583121 0.431041
vt 0.577886 0.434299
vt 0.572713 0.437624
vt 0.567602 0.441012
vt 0.562553 0.444461
vt 0.739981 0.402100
vt 0.733155 0.402310
vt 0.726630 0.402653
vt 0.720107 0.403130
vt 0.713589 0.403739
vt 0.707096 0.404475
vt 0.700614 0.405338
vt 0.694146 0.406323
vt 0.687695 0.407429
vt 0.681267 0.408652
vt 0.674866 0.409991
vt 0.668498 0.411441
vt 0.662168 0.413001
vt 0.655882 0.414667
vt 0.649645 0.416437
vt 0.643726 0.418226
vt 0.637378 0.420264
vt 0.631365 0.422308
vt 0.625409 0.424442
vt 0.619509 0.426663
vt 0.613661 0.428967
vt 0.607838 0.431362
vt 0.602068 0.433835
vt 0.596350 0.436381
vt 0.590684 0.438998
vt 0.585071 0.441682
vt 0.579511 0.444431
vt 0.574004 0.447243
vt 0.568551 0.450115
vt 0.563152 0.453046
vt 0.557806 0.456031
vt 0.739918 0.419296
vt 0.733045 0.419476
vt 0.726474 0.419768
vt 0.719905 0.420176
vt 0.713340 0.420697
vt 0.706800 0.421328
vt 0.700268 0.422066
vt 0.693747 0.422910
vt 0.687240 0.423857
vt 0.680752 0.424905
vt 0.674286 0.426052
vt 0.667847 0.427296
vt 0.661439 0.428633
vt 0.655067 0.430061
vt 0.648736 0.431579
vt 0.642716 0.433113
vt 0.636249 0.434861
vt 0.630110 0.436615
vt 0.624018 0.438447
vt 0.617971 0.440353
vt 0.611968 0.442332
vt 0.605979 0.444391
vt 0.600035 0.446517
vt 0.594135 0.448709
vt 0.588280 0.450964
vt 0.582469 0.453279
vt 0.576704 0.455653
vt 0.570986 0.458084
vt 0.565314 0.460571
vt 0.559689 0.463111
vt 0.554113 0.465704
vt 0.739863 0.434473
vt 0.732951 0.434624
vt 0.726342 0.434873
vt 0.719735 0.435219
vt 0.713131 0.435663
vt 0.706550 0.436199
vt 0.699976 0.436828
vt 0.693412 0.437546
vt 0.686858 0.438353
vt 0.680321 0.439246
vt 0.673801 0.440223
vt 0.667304 0.441282
vt 0.660832 0.442422
vt 0.654390 0.443639
vt 0.647981 0.444932
vt 0.641880 0.446239
vt 0.635315 0.447729
vt 0.629074 0.449225
vt 0.622872 0.450786
vt 0.616707 0.452413
vt 0.610578 0.454102
vt 0.604456 0.455860
vt 0.598372 0.457677
vt 0.592325 0.459552
vt 0.586316 0.461482
vt 0.580345 0.463466
vt 0.574414 0.465503
vt 0.568524 0.467591
vt 0.562674 0.469729
vt 0.556866 0.471916
vt 0.551102 0.474153
vt 0.739808 0.450395
vt 0.732856 0.450518
vt 0.726209 0.450721
vt 0.719563 0.451006
vt 0.712920 0.451370
vt 0.706299 0.451810
vt 0.699683 0.452326
vt 0.693075 0.452916
vt 0.686476 0.453579
vt 0.679889 0.454312
vt 0.673316 0.455115
vt 0.666761 0.455985
vt 0.660227 0.456920
vt 0.653716 0.457919
vt 0.647232 0.458981
vt 0.641051 0.460053
vt 0.634391 0.461275
vt 0.628051 0.462502
vt 0.621742 0.463783
vt 0.615463 0.465117
vt 0.609212 0.466502
vt 0.602961 0.467945
vt 0.596740 0.469437
vt 0.590550 0.470976
vt 0.584392 0.472561
vt 0.578267 0.474191
vt 0.572176 0.475865
vt 0.566118 0.477582
vt 0.560098 0.479342
vt 0.554114 0.481144
vt 0.548170 0.482989
vt 0.739753 0.466497
vt 0.732762 0.466594
vt 0.726078 0.466755
vt 0.719394 0.466980
vt 0.712712 0.467269
vt 0.706052 0.467619
vt 0.699396 0.468030
vt 0.692744 0.468499
vt 0.686100 0.469026
vt 0.679465 0.469610
vt 0.672842 0.470248
vt 0.666231 0.470939
vt 0.659637 0.471683
vt 0.653060 0.472477
vt 0.646504 0.473320
vt 0.640247 0.474171
vt 0.633496 0.475142
vt 0.627061 0.476115
vt 0.620650 0.477131
vt 0.614261 0.478190
vt 0.607893 0.479289
vt 0.601517 0.480434
vt 0.595164 0.481618
vt 0.588835 0.482840
vt 0.582531 0.484099
vt 0.576253 0.485394
vt 0.570002 0.486724
vt 0.563779 0.488089
vt 0.557585 0.489488
vt 0.551422 0.490922
vt 0.545290 0.492390
vt 0.739699 0.482584
vt 0.732669 0.482655
vt 0.725947 0.482773
vt 0.719226 0.482940
vt 0.712506 0.483155
vt 0.705807 0.483414
vt 0.699111 0.483719
vt 0.692418 0.484068
vt 0.685731 0.484460
vt 0.679050 0.484894
vt 0.672377 0.485368
vt 0.665714 0.485882
vt 0.659062 0.486434
vt 0.652423 0.487024
vt 0.645799 0.487649
vt 0.639471 0.488282
vt 0.632637 0.489001
vt 0.626115 0.489723
vt 0.619609 0.490477
vt 0.613119 0.491263
vt 0.606644 0.492079
vt 0.600154 0.492929
vt 0.593681 0.493809
vt 0.587226 0.494718
vt 0.580791 0.495655
vt 0.574375 0.496620
vt 0.567980 0.497613
vt 0.561607 0.498633
vt 0.555257 0.499680
vt 0.548931 0.500756
vt 0.542631 0.501859
vt 0.739644 0.498851
vt 0.732575 0.498897
vt 0.725815 0.498976
vt 0.719056 0.499088
vt 0.712297 0.499232
vt 0.705559 0.499408
vt 0.698822 0.499614
vt 0.692088 0.499850
vt 0.685356 0.500115
vt 0.678629 0.500409
vt 0.671907 0.500730
vt 0.665192 0.501077
vt 0.658484 0.501450
vt 0.651784 0.501848
vt 0.645093 0.502270
vt 0.638696 0.502696
vt 0.631780 0.503181
vt 0.625173 0.503667
vt 0.618576 0.504174
vt 0.611989 0.504703
vt 0.605410 0.505252
vt 0.598810 0.505825
vt 0.592221 0.506418
vt 0.585645 0.507032
vt 0.579082 0.507665
vt 0.572534 0.508318
vt 0.566000 0.508991
vt 0.559484 0.509684
vt 0.552984 0.510397
vt 0.546504 0.511131
vt 0.540042 0.511887
vt 0.739588 0.514786
vt 0.732479 0.514809
vt 0.725682 0.514851
vt 0.718883 0.514912
vt 0.712086 0.514992
vt 0.705308 0.515089
vt 0.698531 0.515204
vt 0.691754 0.515336
vt 0.684979 0.515484
vt 0.678206 0.515648
vt 0.671436 0.515826
vt 0.664669 0.516020
vt 0.657906 0.516228
vt 0.651147 0.516449
vt 0.644393 0.516683
vt 0.637930 0.516918
vt 0.630936 0.517186
vt 0.624249 0.517454
vt 0.617567 0.517734
vt 0.610889 0.518026
vt 0.604215 0.518329
vt 0.597513 0.518646
vt 0.590818 0.518975
vt 0.584131 0.519316
vt 0.577453 0.519669
vt 0.570785 0.520035
vt 0.564128 0.520414
vt 0.557484 0.520807
vt 0.550852 0.521214
vt 0.544235 0.521636
vt 0.537632 0.522075
vt 0.739533 0.530072
vt 0.732383 0.530076
vt 0.725546 0.530087
vt 0.718708 0.530105
vt 0.711871 0.530130
vt 0.705053 0.530162
vt 0.698234 0.530200
vt 0.691414 0.530244
vt 0.684595 0.530293
vt 0.677776 0.530347
vt 0.670957 0.530407
vt 0.664139 0.530471
vt 0.657322 0.530539
vt 0.650506 0.530611
vt 0.643690 0.530687
vt 0.637164 0.530763
vt 0.630095 0.530848
vt 0.623333 0.530933
vt 0.616570 0.531022
vt 0.609806 0.531114
vt 0.603042 0.531210
vt 0.596246 0.531312
vt 0.589453 0.531418
vt 0.582664 0.531530
vt 0.575880 0.531647
vt 0.569102 0.531772
vt 0.562333 0.531903
vt 0.555573 0.532043
vt 0.548823 0.532192
vt 0.542084 0.532351
vt 0.535357 0.532524
vt 0.739475 0.544946
vt 0.732281 0.544934
vt 0.725402 0.544920
vt 0.718521 0.544903
vt 0.711641 0.544884
vt 0.704779 0.544861
vt 0.697916 0.544836
vt 0.691051 0.544808
vt 0.684185 0.544776
vt 0.677317 0.544741
vt 0.670448 0.544703
vt 0.663577 0.544661
vt 0.656705 0.544616
vt 0.649830 0.544566
vt 0.642952 0.544513
vt 0.636362 0.544458
vt 0.629221 0.544395
vt 0.622384 0.544331
vt 0.615542 0.544264
vt 0.608697 0.544194
vt 0.601847 0.544123
vt 0.594961 0.544050
vt 0.588076 0.543976
vt 0.581191 0.543902
vt 0.574309 0.543829
vt 0.567431 0.543757
vt 0.560559 0.543689
vt 0.553695 0.543625
vt 0.546839 0.543567
vt 0.539992 0.543516
vt 0.533156 0.543474
vt 0.739412 0.559646
vt 0.732169 0.559622
vt 0.725242 0.559589
vt 0.718314 0.559547
vt 0.711385 0.559495
vt 0.704474 0.559434
vt 0.697561 0.559363
vt 0.690646 0.559283
vt 0.683728 0.559194
vt 0.676807 0.559095
vt 0.669883 0.558987
vt 0.662955 0.558870
vt 0.656023 0.558743
vt 0.649085 0.558607
vt 0.642142 0.558462
vt 0.635487 0.558315
vt 0.628270 0.558147
vt 0.621358 0.557978
vt 0.614438 0.557801
vt 0.607510 0.557618
vt 0.600575 0.557429
vt 0.593602 0.557233
vt 0.586625 0.557033
vt 0.579648 0.556830
vt 0.572671 0.556624
vt 0.565697 0.556418
vt 0.558728 0.556211
vt 0.551765 0.556006
vt 0.544810 0.555805
vt 0.537864 0.555609
vt 0.530928 0.555420
vt 0.739338 0.575273
vt 0.732034 0.575242
vt 0.725049 0.575197
vt 0.718062 0.575139
vt 0.711074 0.575066
vt 0.704104 0.574979
vt 0.697131 0.574879
vt 0.690154 0.574766
vt 0.683174 0.574639
vt 0.676190 0.574499
vt 0.669201 0.574347
vt 0.662206 0.574181
vt 0.655205 0.574004
vt 0.648197 0.573814
vt 0.641180 0.573612
vt 0.634452 0.573407
vt 0.627153 0.573174
vt 0.620159 0.572941
vt 0.613154 0.572698
vt 0.606140 0.572446
vt 0.599116 0.572186
vt 0.592050 0.571917
vt 0.584980 0.571642
vt 0.577908 0.571363
vt 0.570836 0.571080
vt 0.563765 0.570794
vt 0.556699 0.570508
vt 0.549640 0.570223
vt 0.542588 0.569940
vt 0.535546 0.569662
vt 0.528514 0.569391
vt 0.739245 0.593128
vt 0.731863 0.593094
vt 0.724803 0.593045
vt 0.717740 0.592981
vt 0.710676 0.592901
vt 0.703630 0.592806
vt 0.696580 0.592697
vt 0.689526 0.592574
vt 0.682468 0.592436
vt 0.675404 0.592285
vt 0.668334 0.592120
vt 0.661257 0.591942
vt 0.654172 0.591752
vt 0.647079 0.591549
vt 0.639974 0.591334
vt 0.633160 0.591117
vt 0.625765 0.590871
vt 0.618677 0.590625
vt 0.611576 0.590371
vt 0.604464 0.590108
vt 0.597340 0.589838
vt 0.590173 0.589560
vt 0.583001 0.589277
vt 0.575826 0.588990
vt 0.568651 0.588701
vt 0.561477 0.588410
vt 0.554309 0.588120
vt 0.547147 0.587831
vt 0.539994 0.587547
vt 0.532853 0.587267
vt 0.525724 0.586995
vt 0.739146 0.611181
vt 0.731678 0.611146
vt 0.724537 0.611094
vt 0.717392 0.611026
vt 0.710247 0.610941
vt 0.703119 0.610841
vt 0.695987 0.610726
vt 0.688851 0.610597
vt 0.681710 0.610452
vt 0.674563 0.610294
vt 0.667410 0.610122
vt 0.660250 0.609937
vt 0.653082 0.609740
vt 0.645904 0.609531
vt 0.638715 0.609310
vt 0.631818 0.609088
vt 0.624335 0.608838
vt 0.617160 0.608589
vt 0.609973 0.608332
vt 0.602774 0.608068
vt 0.595563 0.607798
vt 0.588310 0.607521
vt 0.581051 0.607241
vt 0.573791 0.606959
vt 0.566531 0.606675
vt 0.559276 0.606392
vt 0.552026 0.606111
vt 0.544786 0.605833
vt 0.537557 0.605560
vt 0.530342 0.605293
vt 0.523142 0.605034
vt 0.739072 0.624432
vt 0.731541 0.624402
vt 0.724338 0.624359
vt 0.717133 0.624302
vt 0.709927 0.624233
vt 0.702738 0.624152
vt 0.695544 0.624058
vt 0.688347 0.623953
vt 0.681144 0.623837
vt 0.673936 0.623710
vt 0.666721 0.623573
vt 0.659499 0.623427
vt 0.652269 0.623271
vt 0.645029 0.623106
vt 0.637777 0.622933
vt 0.630821 0.622760
vt 0.623272 0.622565
vt 0.616035 0.622374
vt 0.608785 0.622176
vt 0.601523 0.621975
vt 0.594249 0.621771
vt 0.586932 0.621563
vt 0.579611 0.621355
vt 0.572288 0.621147
vt 0.564967 0.620940
vt 0.557650 0.620736
vt 0.550340 0.620535
vt 0.543041 0.620341
vt 0.535754 0.620153
vt 0.528483 0.619973
vt 0.521228 0.619803
vt 0.739000 0.637680
vt 0.731407 0.637655
vt 0.724145 0.637620
vt 0.716880 0.637576
vt 0.709614 0.637522
vt 0.702366 0.637459
vt 0.695113 0.637388
vt 0.687856 0.637309
vt 0.680595 0.637221
vt 0.673328 0.637126
vt 0.666055 0.637025
vt 0.658775 0.636917
vt 0.651487 0.636802
vt 0.644190 0.636683
vt 0.636881 0.636558
vt 0.629871 0.636435
vt 0.622264 0.636298
vt 0.614972 0.636164
vt 0.607667 0.636028
vt 0.600351 0.635891
vt 0.593024 0.635754
vt 0.585654 0.635616
vt 0.578280 0.635481
vt 0.570905 0.635348
vt 0.563533 0.635219
vt 0.556166 0.635095
vt 0.548807 0.634978
vt 0.541460 0.634868
vt 0.534126 0.634766
vt 0.526810 0.634675
vt 0.519512 0.634595
vt 0.738931 0.651010
vt 0.731281 0.650989
vt 0.723964 0.650961
vt 0.716644 0.650926
vt 0.709323 0.650885
vt 0.702020 0.650837
vt 0.694713 0.650783
vt 0.687402 0.650723
vt 0.680087 0.650658
vt 0.672766 0.650587
vt 0.665440 0.650512
vt 0.658108 0.650433
vt 0.650769 0.650351
vt 0.643421 0.650265
vt 0.636063 0.650176
vt 0.629006 0.650089
vt 0.621349 0.649994
vt 0.614010 0.649901
vt 0.606659 0.649809
vt 0.599298 0.649717
vt 0.591926 0.649626
vt 0.584513 0.649537
vt 0.577096 0.649452
vt 0.569679 0.649370
vt 0.562266 0.649293
vt 0.554859 0.649223
vt 0.547462 0.649159
vt 0.540078 0.649103
vt 0.532709 0.649057
vt 0.525358 0.649021
vt 0.518027 0.648997
vt 0.738868 0.664338
vt 0.731164 0.664322
vt 0.723797 0.664301
vt 0.716428 0.664276
vt 0.709057 0.664247
vt 0.701704 0.664214
vt 0.694348 0.664177
vt 0.686988 0.664138
vt 0.679624 0.664095
vt 0.672256 0.664050
vt 0.664883 0.664002
vt 0.657504 0.663953
vt 0.650119 0.663902
vt 0.642726 0.663851
vt 0.635324 0.663799
vt 0.628227 0.663749
vt 0.620527 0.663696
vt 0.613148 0.663646
vt 0.605758 0.663597
vt 0.598359 0.663551
vt 0.590950 0.663508
vt 0.583499 0.663469
vt 0.576047 0.663433
vt 0.568596 0.663404
vt 0.561149 0.663380
vt 0.553710 0.663363
vt 0.546281 0.663354
vt 0.538866 0.663354
vt 0.531467 0.663363
vt 0.524087 0.663383
vt 0.516728 0.663414
vt 0.738809 0.677663
vt 0.731060 0.677649
vt 0.723648 0.677633
vt 0.716234 0.677614
vt 0.708819 0.677593
vt 0.701423 0.677570
vt 0.694023 0.677544
vt 0.686620 0.677517
vt 0.679214 0.677488
vt 0.671804 0.677458
vt 0.664390 0.677427
vt 0.656971 0.677395
vt 0.649547 0.677363
vt 0.642116 0.677331
vt 0.634678 0.677300
vt 0.627546 0.677270
vt 0.619811 0.677240
vt 0.612400 0.677213
vt 0.604978 0.677188
vt 0.597549 0.677166
vt 0.590111 0.677147
vt 0.582632 0.677132
vt 0.575152 0.677122
vt 0.567674 0.677116
vt 0.560202 0.677117
vt 0.552737 0.677125
vt 0.545284 0.677139
vt 0.537845 0.677162
vt 0.530424 0.677195
vt 0.523022 0.677237
vt 0.515642 0.677290
vt 0.738756 0.691078
vt 0.730966 0.691067
vt 0.723516 0.691054
vt 0.716063 0.691040
vt 0.708610 0.691025
vt 0.701175 0.691009
vt 0.693738 0.690992
vt 0.686298 0.690974
vt 0.678855 0.690956
vt 0.671409 0.690938
vt 0.663959 0.690919
vt 0.656506 0.690901
vt 0.649049 0.690883
vt 0.641586 0.690866
vt 0.634117 0.690850
vt 0.626957 0.690836
vt 0.619193 0.690822
vt 0.611754 0.690812
vt 0.604307 0.690804
vt 0.596853 0.690799
vt 0.589391 0.690797
vt 0.581890 0.690799
vt 0.574387 0.690806
vt 0.566888 0.690818
vt 0.559394 0.690835
vt 0.551909 0.690859
vt 0.544436 0.690889
vt 0.536978 0.690927
vt 0.529537 0.690974
vt 0.522116 0.691030
vt 0.514717 0.691097
vt 0.738709 0.704537
vt 0.730885 0.704527
vt 0.723403 0.704517
vt 0.715918 0.704507
vt 0.708432 0.704497
vt 0.700966 0.704487
vt 0.693497 0.704477
vt 0.686026 0.704467
vt 0.678552 0.704457
vt 0.671076 0.704448
vt 0.663598 0.704439
vt 0.656117 0.704431
vt 0.648632 0.704425
vt 0.641143 0.704419
vt 0.633648 0.704415
vt 0.626465 0.704413
vt 0.618677 0.704413
vt 0.611218 0.704415
vt 0.603750 0.704420
vt 0.596276 0.704428
vt 0.588795 0.704440
vt 0.581275 0.704456
vt 0.573755 0.704476
vt 0.566237 0.704501
vt 0.558726 0.704531
vt 0.551223 0.704568
vt 0.543732 0.704611
vt 0.536256 0.704662
vt 0.528797 0.704721
vt 0.521358 0.704789
vt 0.513939 0.704867
vt 0.738668 0.717964
vt 0.730817 0.717956
vt 0.723309 0.717948
vt 0.715799 0.717942
vt 0.708287 0.717936
vt 0.700796 0.717931
vt 0.693302 0.717927
vt 0.685807 0.717923
vt 0.678309 0.717921
vt 0.670809 0.717921
vt 0.663307 0.717921
vt 0.655804 0.717924
vt 0.648297 0.717928
vt 0.640787 0.717934
vt 0.633273 0.717943
vt 0.626072 0.717954
vt 0.618265 0.717969
vt 0.610788 0.717986
vt 0.603304 0.718007
vt 0.595814 0.718031
vt 0.588317 0.718061
vt 0.580781 0.718095
vt 0.573245 0.718134
vt 0.565711 0.718179
vt 0.558184 0.718231
vt 0.550664 0.718290
vt 0.543155 0.718357
vt 0.535661 0.718433
vt 0.528182 0.718518
vt 0.520721 0.718614
vt 0.513281 0.718721
vt 0.738635 0.731394
vt 0.730765 0.731387
vt 0.723239 0.731382
vt 0.715710 0.731378
vt 0.708181 0.731377
vt 0.700672 0.731377
vt 0.693161 0.731379
vt 0.685648 0.731383
vt 0.678133 0.731389
vt 0.670617 0.731397
vt 0.663099 0.731407
vt 0.655580 0.731420
vt 0.648059 0.731436
vt 0.640534 0.731454
vt 0.633006 0.731476
vt 0.625792 0.731499
vt 0.617973 0.731529
vt 0.610485 0.731561
vt 0.602989 0.731597
vt 0.595488 0.731639
vt 0.587980 0.731685
vt 0.580432 0.731737
vt 0.572884 0.731796
vt 0.565338 0.731861
vt 0.557797 0.731934
vt 0.550263 0.732015
vt 0.542739 0.732106
vt 0.535228 0.732206
vt 0.527730 0.732316
vt 0.520250 0.732438
vt 0.512787 0.732573
vt 0.738610 0.744822
vt 0.730729 0.744816
vt 0.723193 0.744814
vt 0.715655 0.744814
vt 0.708116 0.744817
vt 0.700598 0.744823
vt 0.693077 0.744832
vt 0.685555 0.744844
vt 0.678032 0.744858
vt 0.670507 0.744876
vt 0.662981 0.744897
vt 0.655453 0.744922
vt 0.647924 0.744950
vt 0.640392 0.744982
vt 0.632857 0.745018
vt 0.625637 0.745056
vt 0.617812 0.745102
vt 0.610318 0.745151
vt 0.602817 0.745206
vt 0.595310 0.745266
vt 0.587796 0.745332
vt 0.580242 0.745405
vt 0.572687 0.745486
vt 0.565133 0.745574
vt 0.557583 0.745672
vt 0.550038 0.745778
vt 0.542502 0.745895
vt 0.534977 0.746023
vt 0.527464 0.746163
vt 0.519966 0.746315
vt 0.512484 0.746482
vt 0.738593 0.758245
vt 0.730711 0.758241
vt 0.723174 0.758241
vt 0.715635 0.758246
vt 0.708095 0.758254
vt 0.700576 0.758267
vt 0.693055 0.758283
vt 0.685532 0.758304
vt 0.678008 0.758329
vt 0.670483 0.758358
vt 0.662957 0.758391
vt 0.655429 0.758430
vt 0.647900 0.758473
vt 0.640369 0.758521
vt 0.632834 0.758574
vt 0.625615 0.758630
vt 0.617791 0.758697
vt 0.610298 0.758767
vt 0.602799 0.758844
vt 0.595292 0.758927
vt 0.587779 0.759018
vt 0.580224 0.759118
vt 0.572668 0.759227
vt 0.565112 0.759344
vt 0.557558 0.759473
vt 0.550009 0.759612
vt 0.542467 0.759763
vt 0.534933 0.759927
vt 0.527410 0.760104
vt 0.519900 0.760296
vt 0.512403 0.760504
vt 0.738585 0.771645
vt 0.730713 0.771644
vt 0.723184 0.771648
vt 0.715654 0.771657
vt 0.708123 0.771672
vt 0.700612 0.771692
vt 0.693101 0.771717
vt 0.685587 0.771748
vt 0.678072 0.771785
vt 0.670556 0.771827
vt 0.663038 0.771876
vt 0.655520 0.771930
vt 0.648000 0.771991
vt 0.640478 0.772058
vt 0.632952 0.772132
vt 0.625742 0.772209
vt 0.617927 0.772300
vt 0.610444 0.772395
vt 0.602954 0.772497
vt 0.595456 0.772608
vt 0.587950 0.772728
vt 0.580402 0.772859
vt 0.572852 0.773000
vt 0.565302 0.773152
vt 0.557753 0.773316
vt 0.550207 0.773493
vt 0.542666 0.773683
vt 0.535133 0.773888
vt 0.527608 0.774108
vt 0.520094 0.774344
vt 0.512592 0.774599
vt 0.738587 0.784991
vt 0.730735 0.784992
vt 0.723226 0.785001
vt 0.715715 0.785017
vt 0.708203 0.785040
vt 0.700713 0.785071
vt 0.693219 0.785110
vt 0.685724 0.785156
vt 0.678228 0.785210
vt 0.670731 0.785272
vt 0.663232 0.785342
vt 0.655732 0.785419
vt 0.648231 0.785505
vt 0.640727 0.785600
vt 0.633219 0.785703
vt 0.626026 0.785811
vt 0.618230 0.785936
vt 0.610763 0.786067
vt 0.603288 0.786207
vt 0.595809 0.786357
vt 0.588321 0.786519
vt 0.580791 0.786694
vt 0.573257 0.786881
vt 0.565721 0.787081
vt 0.558186 0.787295
vt 0.550653 0.787524
vt 0.543124 0.787768
vt 0.535601 0.788029
vt 0.528086 0.788307
vt 0.520580 0.788603
vt 0.513084 0.788918
vt 0.738600 0.798341
vt 0.730779 0.798345
vt 0.723301 0.798359
vt 0.715820 0.798382
vt 0.708339 0.798414
vt 0.700878 0.798456
vt 0.693415 0.798507
vt 0.685950 0.798568
vt 0.678484 0.798639
vt 0.671016 0.798719
vt 0.663547 0.798809
vt 0.656077 0.798910
vt 0.648604 0.799020
vt 0.641129 0.799141
vt 0.633651 0.799273
vt 0.626485 0.799410
vt 0.618718 0.799570
vt 0.611279 0.799734
vt 0.603834 0.799911
vt 0.596381 0.800100
vt 0.588919 0.800302
vt 0.581416 0.800519
vt 0.573908 0.800751
vt 0.566399 0.800998
vt 0.558889 0.801261
vt 0.551381 0.801540
vt 0.543877 0.801837
vt 0.536378 0.802152
vt 0.528885 0.802485
vt 0.521401 0.802838
vt 0.513926 0.803212
vt 0.738623 0.811567
vt 0.730845 0.811575
vt 0.723407 0.811595
vt 0.715967 0.811627
vt 0.708526 0.811671
vt 0.701105 0.811727
vt 0.693683 0.811794
vt 0.686259 0.811874
vt 0.678833 0.811965
vt 0.671405 0.812069
vt 0.663976 0.812185
vt 0.656546 0.812314
vt 0.649113 0.812455
vt 0.641677 0.812609
vt 0.634238 0.812777
vt 0.627109 0.812949
vt 0.619382 0.813150
vt 0.611982 0.813356
vt 0.604575 0.813576
vt 0.597160 0.813811
vt 0.589737 0.814061
vt 0.582271 0.814327
vt 0.574802 0.814610
vt 0.567331 0.814909
vt 0.559860 0.815225
vt 0.552390 0.815558
vt 0.544925 0.815910
vt 0.537464 0.816280
vt 0.530011 0.816669
vt 0.522566 0.817078
vt 0.515130 0.817508
vt 0.738655 0.824918
vt 0.730930 0.824929
vt 0.723542 0.824952
vt 0.716153 0.824989
vt 0.708763 0.825039
vt 0.701393 0.825102
vt 0.694021 0.825177
vt 0.686647 0.825265
vt 0.679271 0.825366
vt 0.671894 0.825481
vt 0.664514 0.825608
vt 0.657133 0.825748
vt 0.649749 0.825902
vt 0.642362 0.826069
vt 0.634971 0.826249
vt 0.627888 0.826434
vt 0.620211 0.826649
vt 0.612858 0.826869
vt 0.605497 0.827102
vt 0.598128 0.827349
vt 0.590752 0.827611
vt 0.583334 0.827887
vt 0.575912 0.828178
vt 0.568488 0.828483
vt 0.561064 0.828803
vt 0.553643 0.829138
vt 0.546225 0.829488
vt 0.538813 0.829853
vt 0.531409 0.830233
vt 0.524013 0.830629
vt 0.516628 0.831040
vt 0.738697 0.838278
vt 0.731034 0.838291
vt 0.723707 0.838318
vt 0.716377 0.838359
vt 0.709048 0.838414
vt 0.701738 0.838483
vt 0.694426 0.838565
vt 0.687113 0.838661
vt 0.679797 0.838771
vt 0.672480 0.838895
vt 0.665161 0.839032
vt 0.657840 0.839182
vt 0.650516 0.839347
vt 0.643189 0.839525
vt 0.635857 0.839716
vt 0.628832 0.839913
vt 0.621216 0.840140
vt 0.613922 0.840371
vt 0.606621 0.840615
vt 0.599313 0.840871
vt 0.591998 0.841141
vt 0.584642 0.841424
vt 0.577284 0.841720
vt 0.569926 0.842028
vt 0.562569 0.842348
vt 0.555217 0.842680
vt 0.547870 0.843023
vt 0.540532 0.843377
vt 0.533203 0.843742
vt 0.525886 0.844118
vt 0.518581 0.844504
vt 0.738746 0.851751
vt 0.731156 0.851765
vt 0.723898 0.851794
vt 0.716638 0.851837
vt 0.709378 0.851895
vt 0.702138 0.851966
vt 0.694896 0.852052
vt 0.687652 0.852151
vt 0.680407 0.852263
vt 0.673159 0.852389
vt 0.665911 0.852529
vt 0.658660 0.852681
vt 0.651407 0.852847
vt 0.644150 0.853026
vt 0.636890 0.853218
vt 0.629932 0.853414
vt 0.622390 0.853640
vt 0.615168 0.853868
vt 0.607939 0.854108
vt 0.600706 0.854358
vt 0.593466 0.854619
vt 0.586189 0.854890
vt 0.578912 0.855171
vt 0.571638 0.855460
vt 0.564369 0.855756
vt 0.557107 0.856059
vt 0.549855 0.856368
vt 0.542616 0.856682
vt 0.535391 0.857001
vt 0.528183 0.857324
vt 0.520993 0.857649
vt 0.738804 0.865329
vt 0.731293 0.865342
vt 0.724112 0.865367
vt 0.716929 0.865405
vt 0.709747 0.865456
vt 0.702584 0.865519
vt 0.695419 0.865593
vt 0.688253 0.865679
vt 0.681085 0.865775
vt 0.673916 0.865883
vt 0.666746 0.866001
vt 0.659573 0.866129
vt 0.652398 0.866267
vt 0.645220 0.866415
vt 0.638038 0.866573
vt 0.631155 0.866733
vt 0.623695 0.866915
vt 0.616552 0.867097
vt 0.609403 0.867286
vt 0.602251 0.867480
vt 0.595095 0.867678
vt 0.587905 0.867880
vt 0.580718 0.868084
vt 0.573536 0.868288
vt 0.566364 0.868490
vt 0.559203 0.868690
vt 0.552056 0.868886
vt 0.544927 0.869077
vt 0.537818 0.869261
vt 0.530730 0.869437
vt 0.523734 0.869252
vt 0.738869 0.878821
vt 0.731448 0.878830
vt 0.724352 0.878850
vt 0.717255 0.878880
vt 0.710158 0.878919
vt 0.703081 0.878968
vt 0.696002 0.879024
vt 0.688923 0.879089
vt 0.681842 0.879161
vt 0.674759 0.879241
vt 0.667676 0.879326
vt 0.660590 0.879418
vt 0.653503 0.879516
vt 0.646412 0.879618
vt 0.639318 0.879726
vt 0.632520 0.879833
vt 0.625152 0.879953
vt 0.618098 0.880070
vt 0.611041 0.880187
vt 0.603982 0.880302
vt 0.596922 0.880413
vt 0.589831 0.880519
vt 0.582747 0.880617
vt 0.575674 0.880705
vt 0.568614 0.880782
vt 0.561571 0.880844
vt 0.554549 0.880891
vt 0.547551 0.880919
vt 0.540579 0.880927
vt 0.533637 0.880913
vt 0.526781 0.880694
vt 0.738945 0.892325
vt 0.731626 0.892331
vt 0.724627 0.892345
vt 0.717628 0.892366
vt 0.710629 0.892393
vt 0.703650 0.892426
vt 0.696670 0.892464
vt 0.689689 0.892507
vt 0.682708 0.892552
vt 0.675725 0.892601
vt 0.668742 0.892652
vt 0.661758 0.892705
vt 0.654772 0.892758
vt 0.647783 0.892812
vt 0.640792 0.892866
vt 0.634093 0.892917
vt 0.626833 0.892970
vt 0.619885 0.893016
vt 0.612935 0.893055
vt 0.605987 0.893085
vt 0.599042 0.893103
vt 0.592071 0.893105
vt 0.585113 0.893090
vt 0.578172 0.893053
vt 0.571251 0.892993
vt 0.564355 0.892906
vt 0.557487 0.892789
vt 0.550653 0.892639
vt 0.543856 0.892452
vt 0.537100 0.892225
vt 0.530387 0.891955
vt 0.739035 0.905868
vt 0.731832 0.905868
vt 0.724945 0.905872
vt 0.718057 0.905880
vt 0.711169 0.905889
vt 0.704302 0.905899
vt 0.697434 0.905908
vt 0.690566 0.905917
vt 0.683697 0.905924
vt 0.676828 0.905928
vt 0.669958 0.905928
vt 0.663087 0.905923
vt 0.656215 0.905912
vt 0.649341 0.905896
vt 0.642465 0.905871
vt 0.635876 0.905841
vt 0.628737 0.905798
vt 0.621905 0.905744
vt 0.615074 0.905674
vt 0.608248 0.905584
vt 0.601429 0.905470
vt 0.594589 0.905329
vt 0.587767 0.905156
vt 0.580967 0.904949
vt 0.574195 0.904704
vt 0.567455 0.904416
vt 0.560753 0.904081
vt 0.554092 0.903696
vt 0.547478 0.903256
vt 0.540915 0.902756
vt 0.534407 0.902192
vt 0.522335 0.887982
vt 0.527500 0.900436
vt 0.739142 0.919435
vt 0.732073 0.919430
vt 0.725314 0.919424
vt 0.718555 0.919416
vt 0.711797 0.919405
vt 0.705059 0.919390
vt 0.698320 0.919370
vt 0.691582 0.919342
vt 0.684843 0.919307
vt 0.678104 0.919262
vt 0.671365 0.919207
vt 0.664626 0.919140
vt 0.657886 0.919060
vt 0.651144 0.918967
vt 0.644400 0.918858
vt 0.637939 0.918739
vt 0.630939 0.918592
vt 0.624242 0.918430
vt 0.617548 0.918240
vt 0.610863 0.918020
vt 0.604188 0.917765
vt 0.597499 0.917467
vt 0.590833 0.917124
vt 0.584197 0.916731
vt 0.577596 0.916284
vt 0.571035 0.915777
vt 0.564521 0.915205
vt 0.558059 0.914564
vt 0.551654 0.913847
vt 0.545311 0.913050
vt 0.539035 0.912168
vt 0.533546 0.912480
vt 0.739267 0.932980
vt 0.732354 0.932968
vt 0.725744 0.932952
vt 0.719134 0.932929
vt 0.712525 0.932898
vt 0.705936 0.932858
vt 0.699348 0.932806
vt 0.692759 0.932741
vt 0.686171 0.932662
vt 0.679583 0.932567
vt 0.672996 0.932455
vt 0.666408 0.932324
vt 0.659820 0.932172
vt 0.653231 0.931999
vt 0.646640 0.931803
vt 0.640327 0.931593
vt 0.633487 0.931338
vt 0.626945 0.931062
vt 0.620409 0.930749
vt 0.613885 0.930393
vt 0.607377 0.929988
vt 0.600861 0.929527
vt 0.594375 0.929005
vt 0.587926 0.928417
vt 0.581520 0.927757
vt 0.575164 0.927019
vt 0.568865 0.926197
vt 0.562629 0.925285
vt 0.556462 0.924277
vt 0.550371 0.923165
vt 0.544361 0.921944
vt 0.538164 0.920179
vt 0.739415 0.946516
vt 0.732681 0.946498
vt 0.726243 0.946471
vt 0.719805 0.946432
vt 0.713369 0.946380
vt 0.706952 0.946312
vt 0.700535 0.946227
vt 0.694120 0.946122
vt 0.687704 0.945996
vt 0.681290 0.945847
vt 0.674875 0.945674
vt 0.668461 0.945473
vt 0.662047 0.945245
vt 0.655632 0.944987
vt 0.649216 0.944697
vt 0.643070 0.944388
vt 0.636413 0.944017
vt 0.630047 0.943619
vt 0.623691 0.943173
vt 0.617350 0.942671
vt 0.611030 0.942106
vt 0.604708 0.941469
vt 0.598424 0.940755
vt 0.592185 0.939957
vt 0.585999 0.939069
vt 0.579872 0.938082
vt 0.573813 0.936991
vt 0.567829 0.935787
vt 0.561927 0.934464
vt 0.556115 0.933015
vt 0.550398 0.931429
vt 0.545128 0.929946
vt 0.739588 0.960078
vt 0.733060 0.960053
vt 0.726820 0.960014
vt 0.720580 0.959956
vt 0.714341 0.959879
vt 0.708121 0.959780
vt 0.701902 0.959656
vt 0.695683 0.959505
vt 0.689465 0.959326
vt 0.683247 0.959116
vt 0.677029 0.958872
vt 0.670812 0.958593
vt 0.664595 0.958277
vt 0.658376 0.957922
vt 0.652157 0.957525
vt 0.646200 0.957105
vt 0.639747 0.956603
vt 0.633578 0.956068
vt 0.627421 0.955471
vt 0.621283 0.954805
vt 0.615171 0.954062
vt 0.609065 0.953228
vt 0.603003 0.952298
vt 0.596994 0.951266
vt 0.591048 0.950123
vt 0.585171 0.948860
vt 0.579374 0.947469
vt 0.573664 0.945941
vt 0.568051 0.944268
vt 0.562542 0.942442
vt 0.557142 0.940456
vt 0.552106 0.938533
vt 0.739788 0.973643
vt 0.733497 0.973610
vt 0.727482 0.973556
vt 0.721467 0.973476
vt 0.715454 0.973369
vt 0.709458 0.973232
vt 0.703462 0.973062
vt 0.697466 0.972856
vt 0.691470 0.972613
vt 0.685474 0.972329
vt 0.679478 0.972003
vt 0.673481 0.971632
vt 0.667483 0.971213
vt 0.661484 0.970744
vt 0.655483 0.970223
vt 0.649734 0.969673
vt 0.643506 0.969018
vt 0.637554 0.968324
vt 0.631615 0.967554
vt 0.625699 0.966698
vt 0.619814 0.965748
vt 0.613940 0.964688
vt 0.608118 0.963513
vt 0.602357 0.962213
vt 0.596668 0.960780
vt 0.591059 0.959203
vt 0.585540 0.957473
vt 0.580122 0.955581
vt 0.574813 0.953515
vt 0.569623 0.951266
vt 0.564564 0.948822
vt 0.557870 0.944519
vt 0.739791 0.987253
vt 0.734063 0.987213
vt 0.728333 0.987140
vt 0.722602 0.987034
vt 0.716870 0.986890
vt 0.711137 0.986708
vt 0.705403 0.986482
vt 0.699667 0.986212
vt 0.693931 0.985893
vt 0.688192 0.985523
vt 0.682453 0.985100
vt 0.676711 0.984620
vt 0.670966 0.984081
vt 0.665219 0.983480
vt 0.659468 0.982815
vt 0.653713 0.982082
vt 0.642201 0.980393
vt 0.636462 0.979415
vt 0.630748 0.978333
vt 0.625071 0.977135
vt 0.619440 0.975812
vt 0.613866 0.974351
vt 0.608362 0.972741
vt 0.602937 0.970972
vt 0.597603 0.969033
vt 0.592372 0.966913
vt 0.586628 0.964274
vt 0.580962 0.961308
vt 0.575080 0.957768
vt 0.568422 0.953145
vt 0.740176 0.300683
vt 0.727851 0.301706
vt 0.734014 0.301066
vt 0.715539 0.303732
vt 0.721691 0.302596
vt 0.703286 0.306716
vt 0.709401 0.305107
vt 0.697201 0.308554
vt 0.685165 0.312894
vt 0.691157 0.310615
vt 0.673383 0.318079
vt 0.679236 0.315384
vt 0.667619 0.320974
vt 0.656413 0.327339
vt 0.661958 0.324063
vt 0.645727 0.334428
vt 0.650999 0.330797
vt 0.640597 0.338226
vt 0.635605 0.342182
vt 0.630745 0.346289
vt 0.626016 0.350536
vt 0.616934 0.359424
vt 0.621413 0.354918
vt 0.612576 0.364048
vt 0.604213 0.373613
vt 0.608336 0.368781
vt 0.596306 0.383545
vt 0.600203 0.378538
vt 0.592519 0.388627
vt 0.588841 0.393774
vt 0.585269 0.398977
vt 0.581800 0.404228
vt 0.576997 0.411843
vt 0.572390 0.419590
vt 0.567972 0.427462
vt 0.563742 0.435446
vt 0.559692 0.443532
vt 0.555817 0.451709
vt 0.552109 0.459977
vt 0.548582 0.468337
vt 0.545247 0.476786
vt 0.542123 0.485290
vt 0.539134 0.494096
vt 0.536369 0.502981
vt 0.533748 0.512156
vt 0.531269 0.521658
vt 0.528865 0.531746
vt 0.526484 0.542738
vt 0.524029 0.555150
vt 0.521409 0.569682
vt 0.518570 0.587029
vt 0.515921 0.605086
vt 0.513985 0.619733
vt 0.512253 0.634404
vt 0.510709 0.649094
vt 0.509362 0.663802
vt 0.508286 0.677391
vt 0.507353 0.690987
vt 0.506567 0.704586
vt 0.505889 0.718326
vt 0.505364 0.732062
vt 0.505031 0.745936
vt 0.504928 0.760086
vt 0.505115 0.774789
vt 0.505629 0.789468
vt 0.506517 0.804117
vt 0.507674 0.817604
vt 0.509208 0.831052
vt 0.511227 0.844425
vt 0.513776 0.857695
vt 0.516369 0.868520
vt 0.647955 0.981278
vt 0.519088 0.878340
vt 0.561158 0.947554
vt 0.286329 0.013782
vt 0.286330 0.027465
vt 0.280547 0.013815
vt 0.279977 0.027488
vt 0.274765 0.013875
vt 0.273910 0.027527
vt 0.268984 0.013964
vt 0.267844 0.027586
vt 0.263204 0.014085
vt 0.261779 0.027667
vt 0.257425 0.014242
vt 0.255735 0.027773
vt 0.251649 0.014436
vt 0.249692 0.027907
vt 0.245875 0.014671
vt 0.243649 0.028071
vt 0.240104 0.014950
vt 0.237607 0.028268
vt 0.234336 0.015275
vt 0.231564 0.028499
vt 0.228573 0.015648
vt 0.225522 0.028769
vt 0.222816 0.016073
vt 0.219479 0.029078
vt 0.217066 0.016551
vt 0.213436 0.029430
vt 0.211325 0.017084
vt 0.207391 0.029826
vt 0.205592 0.017676
vt 0.201345 0.030269
vt 0.199869 0.018327
vt 0.195298 0.030761
vt 0.183296 0.031905
vt 0.188454 0.019829
vt 0.182769 0.020701
vt 0.177321 0.032577
vt 0.177105 0.021670
vt 0.171368 0.033330
vt 0.165444 0.034174
vt 0.171468 0.022748
vt 0.159533 0.035123
vt 0.165862 0.023948
vt 0.153671 0.036183
vt 0.160292 0.025282
vt 0.154765 0.026762
vt 0.147870 0.037364
vt 0.149284 0.028404
vt 0.142137 0.038676
vt 0.136482 0.040129
vt 0.143859 0.030225
vt 0.130914 0.041733
vt 0.138508 0.032236
vt 0.125443 0.043498
vt 0.132598 0.034765
vt 0.120078 0.045435
vt 0.126745 0.037634
vt 0.114826 0.047554
vt 0.120650 0.041082
vt 0.109700 0.049868
vt 0.113755 0.045599
vt 0.286107 0.041082
vt 0.279499 0.041095
vt 0.273189 0.041117
vt 0.266880 0.041151
vt 0.260573 0.041200
vt 0.254289 0.041265
vt 0.248006 0.041348
vt 0.241724 0.041453
vt 0.235444 0.041581
vt 0.229165 0.041735
vt 0.222887 0.041915
vt 0.216610 0.042126
vt 0.210334 0.042367
vt 0.204059 0.042643
vt 0.197783 0.042953
vt 0.191508 0.043302
vt 0.185269 0.043688
vt 0.189284 0.031303
vt 0.179055 0.044121
vt 0.172855 0.044610
vt 0.166674 0.045163
vt 0.160520 0.045790
vt 0.154371 0.046502
vt 0.148268 0.047304
vt 0.142217 0.048206
vt 0.136228 0.049217
vt 0.130307 0.050343
vt 0.124465 0.051596
vt 0.118709 0.052983
vt 0.113047 0.054513
vt 0.107487 0.056197
vt 0.102034 0.058040
vt 0.285912 0.054666
vt 0.279080 0.054671
vt 0.272557 0.054679
vt 0.266035 0.054692
vt 0.259515 0.054713
vt 0.253018 0.054743
vt 0.246524 0.054785
vt 0.240030 0.054840
vt 0.233539 0.054910
vt 0.227049 0.054996
vt 0.220561 0.055102
vt 0.214074 0.055227
vt 0.207589 0.055375
vt 0.201105 0.055546
vt 0.194621 0.055743
vt 0.188139 0.055967
vt 0.181695 0.056219
vt 0.175276 0.056506
vt 0.168868 0.056836
vt 0.162477 0.057216
vt 0.156108 0.057653
vt 0.149740 0.058158
vt 0.143410 0.058735
vt 0.137126 0.059392
vt 0.130895 0.060137
vt 0.124725 0.060976
vt 0.118623 0.061917
vt 0.112595 0.062969
vt 0.106650 0.064137
vt 0.100792 0.065431
vt 0.095029 0.066859
vt 0.097159 0.059642
vt 0.089709 0.068223
vt 0.285742 0.068285
vt 0.278714 0.068283
vt 0.272003 0.068278
vt 0.265293 0.068274
vt 0.258586 0.068270
vt 0.251903 0.068270
vt 0.245221 0.068275
vt 0.238540 0.068285
vt 0.231861 0.068304
vt 0.225184 0.068331
vt 0.218509 0.068370
vt 0.211835 0.068420
vt 0.205163 0.068484
vt 0.198492 0.068563
vt 0.191822 0.068658
vt 0.185153 0.068771
vt 0.178522 0.068903
vt 0.171917 0.069060
vt 0.165320 0.069247
vt 0.158737 0.069472
vt 0.152172 0.069740
vt 0.145601 0.070058
vt 0.139063 0.070433
vt 0.132563 0.070869
vt 0.126109 0.071373
vt 0.119705 0.071952
vt 0.113360 0.072612
vt 0.107079 0.073359
vt 0.100868 0.074199
vt 0.094732 0.075141
vt 0.088678 0.076191
vt 0.082365 0.077857
vt 0.285595 0.081955
vt 0.278395 0.081946
vt 0.271521 0.081929
vt 0.264647 0.081908
vt 0.257775 0.081881
vt 0.250928 0.081853
vt 0.244082 0.081822
vt 0.237237 0.081792
vt 0.230393 0.081762
vt 0.223551 0.081735
vt 0.216711 0.081711
vt 0.209873 0.081691
vt 0.203035 0.081677
vt 0.196199 0.081670
vt 0.189362 0.081670
vt 0.182527 0.081679
vt 0.175731 0.081699
vt 0.168959 0.081734
vt 0.162194 0.081789
vt 0.155439 0.081869
vt 0.148697 0.081978
vt 0.141944 0.082123
vt 0.135218 0.082308
vt 0.128523 0.082538
vt 0.121865 0.082819
vt 0.115251 0.083155
vt 0.108685 0.083552
vt 0.102172 0.084015
vt 0.095719 0.084550
vt 0.089330 0.085164
vt 0.083009 0.085860
vt 0.077485 0.085437
vt 0.285469 0.095528
vt 0.278122 0.095511
vt 0.271106 0.095484
vt 0.264090 0.095445
vt 0.257077 0.095397
vt 0.250088 0.095341
vt 0.243100 0.095277
vt 0.236112 0.095207
vt 0.229126 0.095132
vt 0.222142 0.095051
vt 0.215159 0.094968
vt 0.208177 0.094881
vt 0.201196 0.094793
vt 0.194216 0.094703
vt 0.187236 0.094613
vt 0.180257 0.094524
vt 0.173317 0.094437
vt 0.166400 0.094357
vt 0.159487 0.094285
vt 0.152582 0.094228
vt 0.145687 0.094187
vt 0.138774 0.094168
vt 0.131882 0.094174
vt 0.125016 0.094211
vt 0.118181 0.094281
vt 0.111380 0.094389
vt 0.104620 0.094540
vt 0.097904 0.094737
vt 0.091238 0.094987
vt 0.084625 0.095292
vt 0.078069 0.095660
vt 0.071016 0.097321
vt 0.074813 0.095868
vt 0.285359 0.109265
vt 0.277880 0.109242
vt 0.270739 0.109204
vt 0.263598 0.109150
vt 0.256459 0.109081
vt 0.249344 0.108999
vt 0.242230 0.108904
vt 0.235117 0.108797
vt 0.228004 0.108678
vt 0.220893 0.108549
vt 0.213783 0.108409
vt 0.206674 0.108260
vt 0.199566 0.108102
vt 0.192458 0.107936
vt 0.185350 0.107762
vt 0.178242 0.107581
vt 0.171173 0.107395
vt 0.164127 0.107206
vt 0.157083 0.107017
vt 0.150044 0.106831
vt 0.143011 0.106651
vt 0.135955 0.106479
vt 0.128916 0.106319
vt 0.121896 0.106174
vt 0.114900 0.106049
vt 0.107933 0.105945
vt 0.100998 0.105866
vt 0.094099 0.105817
vt 0.087240 0.105800
vt 0.080424 0.105819
vt 0.073655 0.105879
vt 0.065399 0.109640
vt 0.285263 0.122809
vt 0.277670 0.122782
vt 0.270419 0.122737
vt 0.263167 0.122673
vt 0.255917 0.122591
vt 0.248692 0.122492
vt 0.241467 0.122376
vt 0.234242 0.122244
vt 0.227017 0.122097
vt 0.219793 0.121935
vt 0.212570 0.121758
vt 0.205347 0.121567
vt 0.198125 0.121362
vt 0.190902 0.121143
vt 0.183678 0.120912
vt 0.176454 0.120668
vt 0.169269 0.120414
vt 0.162105 0.120151
vt 0.154940 0.119881
vt 0.147776 0.119606
vt 0.140615 0.119327
vt 0.133426 0.119047
vt 0.126247 0.118769
vt 0.119082 0.118495
vt 0.111934 0.118227
vt 0.104807 0.117968
vt 0.097704 0.117720
vt 0.090628 0.117486
vt 0.083582 0.117267
vt 0.076569 0.117067
vt 0.069583 0.116969
vt 0.061767 0.119222
vt 0.285178 0.136336
vt 0.277482 0.136305
vt 0.270133 0.136253
vt 0.262783 0.136180
vt 0.255434 0.136086
vt 0.248110 0.135971
vt 0.240786 0.135837
vt 0.233461 0.135682
vt 0.226137 0.135509
vt 0.218813 0.135316
vt 0.211490 0.135105
vt 0.204167 0.134875
vt 0.196844 0.134627
vt 0.189520 0.134361
vt 0.182195 0.134076
vt 0.174869 0.133775
vt 0.167582 0.133458
vt 0.160315 0.133126
vt 0.153046 0.132780
vt 0.145776 0.132423
vt 0.138504 0.132054
vt 0.131202 0.131674
vt 0.123906 0.131287
vt 0.116620 0.130893
vt 0.109345 0.130496
vt 0.102086 0.130095
vt 0.094845 0.129693
vt 0.087625 0.129292
vt 0.080428 0.128892
vt 0.073258 0.128496
vt 0.066129 0.128278
vt 0.285101 0.149813
vt 0.277312 0.149779
vt 0.269873 0.149723
vt 0.262432 0.149643
vt 0.254993 0.149540
vt 0.247579 0.149414
vt 0.240165 0.149266
vt 0.232750 0.149095
vt 0.225335 0.148902
vt 0.217920 0.148686
vt 0.210506 0.148449
vt 0.203092 0.148190
vt 0.195678 0.147909
vt 0.188264 0.147606
vt 0.180848 0.147282
vt 0.173431 0.146935
vt 0.166053 0.146569
vt 0.158695 0.146185
vt 0.151334 0.145780
vt 0.143970 0.145358
vt 0.136603 0.144918
vt 0.129202 0.144459
vt 0.121805 0.143986
vt 0.114414 0.143497
vt 0.107032 0.142995
vt 0.099662 0.142481
vt 0.092306 0.141955
vt 0.084966 0.141420
vt 0.077646 0.140874
vt 0.070347 0.140321
vt 0.063123 0.140117
vt 0.285030 0.163283
vt 0.277153 0.163251
vt 0.269630 0.163196
vt 0.262106 0.163117
vt 0.254583 0.163016
vt 0.247084 0.162891
vt 0.239585 0.162745
vt 0.232085 0.162576
vt 0.224585 0.162384
vt 0.217085 0.162170
vt 0.209586 0.161933
vt 0.202086 0.161674
vt 0.194587 0.161393
vt 0.187086 0.161089
vt 0.179584 0.160763
vt 0.172081 0.160413
vt 0.164616 0.160044
vt 0.157171 0.159654
vt 0.149721 0.159242
vt 0.142267 0.158810
vt 0.134808 0.158358
vt 0.127312 0.157884
vt 0.119817 0.157392
vt 0.112326 0.156880
vt 0.104840 0.156351
vt 0.097362 0.155804
vt 0.089894 0.155240
vt 0.082439 0.154660
vt 0.074999 0.154064
vt 0.067575 0.153453
vt 0.060222 0.153012
vt 0.284966 0.176776
vt 0.277009 0.176745
vt 0.269410 0.176693
vt 0.261810 0.176619
vt 0.254210 0.176522
vt 0.246635 0.176404
vt 0.239059 0.176263
vt 0.231482 0.176101
vt 0.223906 0.175917
vt 0.216329 0.175712
vt 0.208753 0.175484
vt 0.201177 0.175234
vt 0.193600 0.174962
vt 0.186023 0.174668
vt 0.178445 0.174352
vt 0.170865 0.174012
vt 0.163324 0.173652
vt 0.155802 0.173272
vt 0.148275 0.172869
vt 0.140743 0.172445
vt 0.133205 0.171999
vt 0.125628 0.171530
vt 0.118052 0.171039
vt 0.110476 0.170528
vt 0.102905 0.169996
vt 0.095340 0.169443
vt 0.087783 0.168869
vt 0.080237 0.168275
vt 0.072703 0.167661
vt 0.065183 0.167027
vt 0.057700 0.166463
vt 0.284911 0.190254
vt 0.276884 0.190226
vt 0.269218 0.190177
vt 0.261550 0.190107
vt 0.253883 0.190016
vt 0.246241 0.189905
vt 0.238598 0.189772
vt 0.230955 0.189618
vt 0.223311 0.189444
vt 0.215668 0.189248
vt 0.208025 0.189031
vt 0.200383 0.188792
vt 0.192741 0.188532
vt 0.185098 0.188250
vt 0.177454 0.187946
vt 0.169809 0.187619
vt 0.162204 0.187272
vt 0.154619 0.186904
vt 0.147028 0.186513
vt 0.139431 0.186100
vt 0.131829 0.185665
vt 0.124187 0.185204
vt 0.116544 0.184721
vt 0.108904 0.184215
vt 0.101267 0.183685
vt 0.093636 0.183132
vt 0.086013 0.182556
vt 0.078400 0.181955
vt 0.070800 0.181331
vt 0.063214 0.180682
vt 0.055642 0.180008
vt 0.284866 0.203606
vt 0.276779 0.203581
vt 0.269056 0.203540
vt 0.261332 0.203480
vt 0.253608 0.203400
vt 0.245909 0.203303
vt 0.238209 0.203187
vt 0.230509 0.203052
vt 0.222808 0.202899
vt 0.215108 0.202727
vt 0.207408 0.202536
vt 0.199709 0.202326
vt 0.192010 0.202097
vt 0.184311 0.201849
vt 0.176611 0.201580
vt 0.168910 0.201292
vt 0.161248 0.200985
vt 0.153607 0.200659
vt 0.145960 0.200312
vt 0.138308 0.199946
vt 0.130647 0.199557
vt 0.122947 0.199146
vt 0.115247 0.198714
vt 0.107548 0.198261
vt 0.099852 0.197785
vt 0.092162 0.197286
vt 0.084481 0.196765
vt 0.076810 0.196220
vt 0.069150 0.195652
vt 0.061505 0.195058
vt 0.053874 0.194440
vt 0.284831 0.216989
vt 0.276698 0.216971
vt 0.268929 0.216933
vt 0.261159 0.216879
vt 0.253389 0.216809
vt 0.245644 0.216722
vt 0.237898 0.216619
vt 0.230152 0.216500
vt 0.222406 0.216364
vt 0.214660 0.216211
vt 0.206914 0.216042
vt 0.199170 0.215856
vt 0.191425 0.215652
vt 0.183681 0.215431
vt 0.175934 0.215192
vt 0.168188 0.214935
vt 0.160481 0.214661
vt 0.152793 0.214370
vt 0.145099 0.214061
vt 0.137399 0.213732
vt 0.129695 0.213386
vt 0.121951 0.213020
vt 0.114205 0.212633
vt 0.106461 0.212227
vt 0.098721 0.211800
vt 0.090986 0.211353
vt 0.083260 0.210884
vt 0.075545 0.210394
vt 0.067843 0.209881
vt 0.060156 0.209344
vt 0.052484 0.208784
vt 0.284808 0.230363
vt 0.276639 0.230345
vt 0.268837 0.230314
vt 0.261033 0.230267
vt 0.253229 0.230206
vt 0.245451 0.230131
vt 0.237671 0.230042
vt 0.229891 0.229939
vt 0.222110 0.229821
vt 0.214330 0.229689
vt 0.206550 0.229542
vt 0.198771 0.229381
vt 0.190992 0.229204
vt 0.183213 0.229012
vt 0.175432 0.228805
vt 0.167650 0.228581
vt 0.159909 0.228343
vt 0.152186 0.228089
vt 0.144457 0.227819
vt 0.136723 0.227533
vt 0.128983 0.227230
vt 0.121203 0.226909
vt 0.113423 0.226571
vt 0.105644 0.226215
vt 0.097869 0.225841
vt 0.090102 0.225448
vt 0.082344 0.225035
vt 0.074598 0.224603
vt 0.066865 0.224150
vt 0.059148 0.223675
vt 0.051448 0.223176
vt 0.284796 0.243746
vt 0.276603 0.243731
vt 0.268779 0.243703
vt 0.260952 0.243662
vt 0.253125 0.243609
vt 0.245324 0.243543
vt 0.237521 0.243464
vt 0.229718 0.243373
vt 0.221914 0.243269
vt 0.214110 0.243153
vt 0.206307 0.243023
vt 0.198504 0.242880
vt 0.190701 0.242724
vt 0.182897 0.242553
vt 0.175091 0.242369
vt 0.167285 0.242171
vt 0.159518 0.241958
vt 0.151770 0.241732
vt 0.144015 0.241492
vt 0.136255 0.241237
vt 0.128489 0.240967
vt 0.120683 0.240680
vt 0.112877 0.240378
vt 0.105073 0.240059
vt 0.097275 0.239725
vt 0.089484 0.239372
vt 0.081704 0.239003
vt 0.073937 0.238614
vt 0.066184 0.238207
vt 0.058450 0.237779
vt 0.050733 0.237331
vt 0.284794 0.257123
vt 0.276589 0.257110
vt 0.268753 0.257086
vt 0.260914 0.257050
vt 0.253076 0.257003
vt 0.245262 0.256945
vt 0.237447 0.256876
vt 0.229631 0.256796
vt 0.221814 0.256705
vt 0.213997 0.256602
vt 0.206180 0.256488
vt 0.198363 0.256362
vt 0.190545 0.256224
vt 0.182727 0.256074
vt 0.174905 0.255911
vt 0.167082 0.255735
vt 0.159299 0.255547
vt 0.151533 0.255346
vt 0.143761 0.255132
vt 0.135983 0.254905
vt 0.128199 0.254665
vt 0.120375 0.254409
vt 0.112551 0.254140
vt 0.104730 0.253855
vt 0.096915 0.253556
vt 0.089108 0.253242
vt 0.081314 0.252911
vt 0.073533 0.252564
vt 0.065770 0.252199
vt 0.058025 0.251815
vt 0.050301 0.251413
vt 0.284801 0.270517
vt 0.276595 0.270506
vt 0.268757 0.270485
vt 0.260917 0.270455
vt 0.253076 0.270414
vt 0.245260 0.270364
vt 0.237442 0.270305
vt 0.229623 0.270235
vt 0.221803 0.270156
vt 0.213982 0.270067
vt 0.206160 0.269967
vt 0.198338 0.269857
vt 0.190515 0.269736
vt 0.182689 0.269604
vt 0.174861 0.269461
vt 0.167029 0.269306
vt 0.159236 0.269139
vt 0.151460 0.268961
vt 0.143677 0.268771
vt 0.135888 0.268570
vt 0.128091 0.268355
vt 0.120255 0.268127
vt 0.112420 0.267887
vt 0.104587 0.267633
vt 0.096761 0.267365
vt 0.088945 0.267082
vt 0.081141 0.266785
vt 0.073353 0.266473
vt 0.065582 0.266144
vt 0.057833 0.265798
vt 0.050105 0.265434
vt 0.284818 0.283914
vt 0.276620 0.283906
vt 0.268790 0.283889
vt 0.260958 0.283863
vt 0.253125 0.283830
vt 0.245316 0.283787
vt 0.237505 0.283737
vt 0.229692 0.283678
vt 0.221877 0.283610
vt 0.214061 0.283534
vt 0.206244 0.283449
vt 0.198425 0.283354
vt 0.190604 0.283250
vt 0.182780 0.283136
vt 0.174951 0.283012
vt 0.167118 0.282876
vt 0.159322 0.282731
vt 0.151543 0.282575
vt 0.143755 0.282408
vt 0.135960 0.282231
vt 0.128157 0.282042
vt 0.120314 0.281840
vt 0.112471 0.281627
vt 0.104632 0.281401
vt 0.096799 0.281163
vt 0.088976 0.280911
vt 0.081166 0.280646
vt 0.073373 0.280366
vt 0.065599 0.280071
vt 0.057846 0.279761
vt 0.050118 0.279434
vt 0.284843 0.297303
vt 0.276664 0.297296
vt 0.268852 0.297283
vt 0.261036 0.297263
vt 0.253220 0.297235
vt 0.245428 0.297201
vt 0.237632 0.297160
vt 0.229834 0.297111
vt 0.222034 0.297056
vt 0.214231 0.296993
vt 0.206426 0.296922
vt 0.198618 0.296843
vt 0.190807 0.296756
vt 0.182991 0.296660
vt 0.175170 0.296555
vt 0.167342 0.296441
vt 0.159550 0.296317
vt 0.151772 0.296184
vt 0.143985 0.296041
vt 0.136190 0.295889
vt 0.128385 0.295726
vt 0.120540 0.295552
vt 0.112694 0.295368
vt 0.104851 0.295173
vt 0.097014 0.294966
vt 0.089187 0.294747
vt 0.081374 0.294515
vt 0.073577 0.294270
vt 0.065799 0.294012
vt 0.058044 0.293739
vt 0.050313 0.293451
vt 0.284876 0.310667
vt 0.276724 0.310663
vt 0.268937 0.310654
vt 0.261147 0.310640
vt 0.253356 0.310621
vt 0.245588 0.310596
vt 0.237816 0.310566
vt 0.230041 0.310530
vt 0.222262 0.310489
vt 0.214480 0.310441
vt 0.206695 0.310387
vt 0.198905 0.310326
vt 0.191110 0.310258
vt 0.183309 0.310182
vt 0.175501 0.310098
vt 0.167684 0.310006
vt 0.159901 0.309905
vt 0.152130 0.309796
vt 0.144348 0.309677
vt 0.136556 0.309549
vt 0.128754 0.309412
vt 0.120910 0.309264
vt 0.113064 0.309105
vt 0.105219 0.308936
vt 0.097380 0.308755
vt 0.089550 0.308562
vt 0.081733 0.308356
vt 0.073932 0.308137
vt 0.066150 0.307904
vt 0.058391 0.307656
vt 0.050656 0.307392
vt 0.284918 0.324173
vt 0.276802 0.324173
vt 0.269049 0.324170
vt 0.261293 0.324164
vt 0.253534 0.324154
vt 0.245799 0.324141
vt 0.238059 0.324125
vt 0.230315 0.324104
vt 0.222566 0.324080
vt 0.214813 0.324051
vt 0.207055 0.324017
vt 0.199291 0.323978
vt 0.191520 0.323934
vt 0.183742 0.323883
vt 0.175953 0.323825
vt 0.168155 0.323760
vt 0.160387 0.323688
vt 0.152631 0.323607
vt 0.144860 0.323519
vt 0.137078 0.323422
vt 0.129284 0.323316
vt 0.121446 0.323199
vt 0.113604 0.323073
vt 0.105763 0.322935
vt 0.097927 0.322787
vt 0.090097 0.322625
vt 0.082280 0.322451
vt 0.074478 0.322262
vt 0.066694 0.322059
vt 0.058931 0.321841
vt 0.051192 0.321606
vt 0.284967 0.337660
vt 0.276894 0.337665
vt 0.269183 0.337668
vt 0.261469 0.337671
vt 0.253752 0.337674
vt 0.246057 0.337675
vt 0.238356 0.337675
vt 0.230651 0.337674
vt 0.222940 0.337670
vt 0.215224 0.337664
vt 0.207501 0.337656
vt 0.199770 0.337644
vt 0.192032 0.337629
vt 0.184283 0.337609
vt 0.176523 0.337584
vt 0.168750 0.337554
vt 0.161006 0.337517
vt 0.153271 0.337474
vt 0.145520 0.337424
vt 0.137755 0.337367
vt 0.129976 0.337301
vt 0.122152 0.337226
vt 0.114323 0.337141
vt 0.106492 0.337046
vt 0.098664 0.336939
vt 0.090842 0.336820
vt 0.083030 0.336687
vt 0.075232 0.336540
vt 0.067451 0.336378
vt 0.059690 0.336200
vt 0.051952 0.336004
vt 0.285022 0.350926
vt 0.277001 0.350936
vt 0.269338 0.350949
vt 0.261672 0.350965
vt 0.254003 0.350984
vt 0.246355 0.351005
vt 0.238702 0.351029
vt 0.231043 0.351054
vt 0.223377 0.351081
vt 0.215704 0.351109
vt 0.208024 0.351137
vt 0.200336 0.351165
vt 0.192637 0.351193
vt 0.184927 0.351219
vt 0.177203 0.351244
vt 0.169465 0.351266
vt 0.161753 0.351284
vt 0.154048 0.351299
vt 0.146326 0.351309
vt 0.138588 0.351315
vt 0.130835 0.351314
vt 0.123034 0.351306
vt 0.115227 0.351291
vt 0.107417 0.351267
vt 0.099608 0.351232
vt 0.091803 0.351187
vt 0.084007 0.351129
vt 0.076223 0.351058
vt 0.068454 0.350972
vt 0.060704 0.350870
vt 0.052975 0.350752
vt 0.285083 0.364187
vt 0.277120 0.364203
vt 0.269513 0.364225
vt 0.261901 0.364254
vt 0.254287 0.364289
vt 0.246693 0.364330
vt 0.239094 0.364377
vt 0.231487 0.364429
vt 0.223874 0.364485
vt 0.216253 0.364546
vt 0.208623 0.364610
vt 0.200984 0.364678
vt 0.193333 0.364748
vt 0.185670 0.364821
vt 0.177991 0.364894
vt 0.170297 0.364968
vt 0.162627 0.365042
vt 0.154962 0.365114
vt 0.147279 0.365184
vt 0.139578 0.365252
vt 0.131861 0.365316
vt 0.124095 0.365376
vt 0.116320 0.365430
vt 0.108541 0.365477
vt 0.100762 0.365515
vt 0.092985 0.365543
vt 0.085215 0.365561
vt 0.077456 0.365565
vt 0.069711 0.365556
vt 0.061982 0.365532
vt 0.054272 0.365491
vt 0.285150 0.377315
vt 0.277250 0.377338
vt 0.269704 0.377371
vt 0.262153 0.377415
vt 0.254600 0.377470
vt 0.247067 0.377534
vt 0.239527 0.377609
vt 0.231981 0.377692
vt 0.224427 0.377785
vt 0.216864 0.377886
vt 0.209293 0.377994
vt 0.201711 0.378111
vt 0.194116 0.378234
vt 0.186508 0.378363
vt 0.178884 0.378498
vt 0.171244 0.378638
vt 0.163626 0.378780
vt 0.156013 0.378926
vt 0.148380 0.379074
vt 0.140728 0.379223
vt 0.133059 0.379372
vt 0.125341 0.379521
vt 0.117613 0.379668
vt 0.109879 0.379810
vt 0.102144 0.379947
vt 0.094410 0.380077
vt 0.086682 0.380199
vt 0.078962 0.380310
vt 0.071255 0.380410
vt 0.063562 0.380497
vt 0.055887 0.380569
vt 0.285218 0.390442
vt 0.277385 0.390472
vt 0.269901 0.390516
vt 0.262414 0.390575
vt 0.254923 0.390648
vt 0.247453 0.390736
vt 0.239977 0.390838
vt 0.232494 0.390953
vt 0.225003 0.391081
vt 0.217504 0.391222
vt 0.209995 0.391374
vt 0.202476 0.391539
vt 0.194945 0.391714
vt 0.187400 0.391900
vt 0.179839 0.392095
vt 0.172262 0.392300
vt 0.164707 0.392511
vt 0.157156 0.392729
vt 0.149585 0.392953
vt 0.141996 0.393183
vt 0.134390 0.393416
vt 0.126733 0.393653
vt 0.119067 0.393891
vt 0.111395 0.394128
vt 0.103719 0.394363
vt 0.096045 0.394594
vt 0.088375 0.394819
vt 0.080713 0.395036
vt 0.073061 0.395244
vt 0.065423 0.395440
vt 0.057800 0.395624
vt 0.285311 0.408403
vt 0.277566 0.408432
vt 0.270168 0.408475
vt 0.262766 0.408534
vt 0.255361 0.408606
vt 0.247977 0.408693
vt 0.240586 0.408794
vt 0.233189 0.408909
vt 0.225784 0.409037
vt 0.218372 0.409178
vt 0.210950 0.409332
vt 0.203519 0.409498
vt 0.196076 0.409677
vt 0.188619 0.409867
vt 0.181147 0.410068
vt 0.173659 0.410280
vt 0.166195 0.410501
vt 0.158734 0.410730
vt 0.151255 0.410967
vt 0.143757 0.411212
vt 0.136241 0.411462
vt 0.128676 0.411718
vt 0.121101 0.411978
vt 0.113518 0.412239
vt 0.105931 0.412500
vt 0.098344 0.412759
vt 0.090759 0.413015
vt 0.083179 0.413264
vt 0.075607 0.413505
vt 0.068046 0.413737
vt 0.060497 0.413956
vt 0.285397 0.426175
vt 0.277734 0.426202
vt 0.270415 0.426244
vt 0.263092 0.426299
vt 0.255766 0.426369
vt 0.248462 0.426452
vt 0.241152 0.426549
vt 0.233837 0.426659
vt 0.226516 0.426783
vt 0.219188 0.426920
vt 0.211853 0.427070
vt 0.204510 0.427232
vt 0.197157 0.427407
vt 0.189793 0.427595
vt 0.182416 0.427794
vt 0.175027 0.428006
vt 0.167663 0.428227
vt 0.160305 0.428458
vt 0.152931 0.428699
vt 0.145542 0.428948
vt 0.138136 0.429204
vt 0.130683 0.429468
vt 0.123221 0.429737
vt 0.115753 0.430009
vt 0.108281 0.430283
vt 0.100809 0.430557
vt 0.093338 0.430829
vt 0.085873 0.431096
vt 0.078415 0.431356
vt 0.070966 0.431607
vt 0.063528 0.431844
vt 0.285466 0.441858
vt 0.277867 0.441879
vt 0.270609 0.441910
vt 0.263348 0.441951
vt 0.256086 0.442002
vt 0.248845 0.442063
vt 0.241599 0.442135
vt 0.234350 0.442216
vt 0.227096 0.442307
vt 0.219837 0.442408
vt 0.212573 0.442519
vt 0.205303 0.442640
vt 0.198027 0.442771
vt 0.190742 0.442911
vt 0.183447 0.443062
vt 0.176143 0.443222
vt 0.168869 0.443390
vt 0.161604 0.443566
vt 0.154326 0.443750
vt 0.147036 0.443940
vt 0.139733 0.444137
vt 0.132386 0.444339
vt 0.125031 0.444546
vt 0.117673 0.444754
vt 0.110312 0.444963
vt 0.102951 0.445172
vt 0.095594 0.445378
vt 0.088241 0.445578
vt 0.080896 0.445771
vt 0.073560 0.445953
vt 0.066233 0.446121
vt 0.285523 0.456593
vt 0.277977 0.456603
vt 0.270769 0.456617
vt 0.263560 0.456635
vt 0.256349 0.456656
vt 0.249160 0.456682
vt 0.241969 0.456711
vt 0.234774 0.456744
vt 0.227577 0.456781
vt 0.220377 0.456823
vt 0.213174 0.456869
vt 0.205968 0.456920
vt 0.198758 0.456976
vt 0.191543 0.457036
vt 0.184322 0.457101
vt 0.177097 0.457171
vt 0.169905 0.457246
vt 0.162727 0.457325
vt 0.155540 0.457407
vt 0.148345 0.457493
vt 0.141141 0.457580
vt 0.133897 0.457669
vt 0.126648 0.457759
vt 0.119398 0.457848
vt 0.112148 0.457934
vt 0.104901 0.458018
vt 0.097658 0.458095
vt 0.090422 0.458166
vt 0.083194 0.458226
vt 0.075976 0.458274
vt 0.068768 0.458306
vt 0.285575 0.471214
vt 0.278075 0.471210
vt 0.270912 0.471200
vt 0.263748 0.471186
vt 0.256583 0.471166
vt 0.249441 0.471142
vt 0.242297 0.471112
vt 0.235152 0.471079
vt 0.228005 0.471042
vt 0.220858 0.471001
vt 0.213711 0.470957
vt 0.206563 0.470909
vt 0.199415 0.470859
vt 0.192267 0.470806
vt 0.185116 0.470752
vt 0.177966 0.470695
vt 0.170853 0.470637
vt 0.163760 0.470578
vt 0.156663 0.470515
vt 0.149562 0.470450
vt 0.142457 0.470381
vt 0.135315 0.470308
vt 0.128174 0.470230
vt 0.121034 0.470146
vt 0.113898 0.470055
vt 0.106768 0.469956
vt 0.099644 0.469848
vt 0.092529 0.469729
vt 0.085425 0.469596
vt 0.078333 0.469448
vt 0.071252 0.469280
vt 0.285624 0.485963
vt 0.278167 0.485941
vt 0.271046 0.485904
vt 0.263923 0.485850
vt 0.256801 0.485780
vt 0.249703 0.485696
vt 0.242603 0.485596
vt 0.235504 0.485482
vt 0.228406 0.485355
vt 0.221310 0.485213
vt 0.214215 0.485059
vt 0.207124 0.484892
vt 0.200036 0.484713
vt 0.192951 0.484523
vt 0.185869 0.484322
vt 0.178793 0.484111
vt 0.171760 0.483891
vt 0.164752 0.483662
vt 0.157746 0.483423
vt 0.150741 0.483173
vt 0.143736 0.482913
vt 0.136701 0.482640
vt 0.129671 0.482356
vt 0.122647 0.482059
vt 0.115630 0.481750
vt 0.108623 0.481427
vt 0.101627 0.481089
vt 0.094643 0.480735
vt 0.087672 0.480362
vt 0.080717 0.479970
vt 0.073777 0.479555
vt 0.285674 0.501525
vt 0.278261 0.501482
vt 0.271183 0.501411
vt 0.264103 0.501309
vt 0.257024 0.501179
vt 0.249969 0.501021
vt 0.242915 0.500836
vt 0.235863 0.500623
vt 0.228814 0.500385
vt 0.221769 0.500121
vt 0.214729 0.499833
vt 0.207695 0.499520
vt 0.200668 0.499185
vt 0.193650 0.498827
vt 0.186640 0.498447
vt 0.179642 0.498046
vt 0.172693 0.497628
vt 0.165775 0.497192
vt 0.158864 0.496736
vt 0.151962 0.496261
vt 0.145065 0.495766
vt 0.138145 0.495249
vt 0.131234 0.494713
vt 0.124335 0.494157
vt 0.117448 0.493581
vt 0.110575 0.492984
vt 0.103717 0.492366
vt 0.096877 0.491725
vt 0.090055 0.491061
vt 0.083252 0.490371
vt 0.076470 0.489653
vt 0.285725 0.517507
vt 0.278358 0.517440
vt 0.271322 0.517331
vt 0.264285 0.517178
vt 0.257250 0.516981
vt 0.250241 0.516743
vt 0.243233 0.516464
vt 0.236229 0.516144
vt 0.229230 0.515785
vt 0.222237 0.515387
vt 0.215253 0.514952
vt 0.208279 0.514480
vt 0.201317 0.513973
vt 0.194367 0.513431
vt 0.187433 0.512855
vt 0.180516 0.512247
vt 0.173656 0.511612
vt 0.166834 0.510948
vt 0.160026 0.510255
vt 0.153233 0.509532
vt 0.146452 0.508779
vt 0.139655 0.507995
vt 0.132874 0.507182
vt 0.126110 0.506340
vt 0.119365 0.505471
vt 0.112639 0.504573
vt 0.105935 0.503646
vt 0.099254 0.502690
vt 0.092597 0.501703
vt 0.085965 0.500684
vt 0.079360 0.499630
vt 0.285777 0.533477
vt 0.278456 0.533385
vt 0.271464 0.533235
vt 0.264472 0.533026
vt 0.257482 0.532758
vt 0.250518 0.532433
vt 0.243557 0.532052
vt 0.236602 0.531616
vt 0.229654 0.531126
vt 0.222715 0.530584
vt 0.215788 0.529989
vt 0.208875 0.529345
vt 0.201978 0.528651
vt 0.195100 0.527910
vt 0.188243 0.527122
vt 0.181410 0.526290
vt 0.174641 0.525419
vt 0.167918 0.524509
vt 0.161216 0.523559
vt 0.154536 0.522568
vt 0.147876 0.521538
vt 0.141206 0.520464
vt 0.134558 0.519353
vt 0.127934 0.518205
vt 0.121335 0.517020
vt 0.114762 0.515799
vt 0.108217 0.514542
vt 0.101700 0.513249
vt 0.095214 0.511918
vt 0.088759 0.510548
vt 0.082338 0.509138
vt 0.285830 0.549471
vt 0.278556 0.549354
vt 0.271610 0.549164
vt 0.264663 0.548898
vt 0.257719 0.548558
vt 0.250803 0.548146
vt 0.243891 0.547663
vt 0.236986 0.547110
vt 0.230090 0.546489
vt 0.223207 0.545801
vt 0.216340 0.545047
vt 0.209491 0.544229
vt 0.202663 0.543348
vt 0.195860 0.542406
vt 0.189085 0.541405
vt 0.182343 0.540346
vt 0.175671 0.539238
vt 0.169054 0.538080
vt 0.162466 0.536870
vt 0.155909 0.535608
vt 0.149378 0.534297
vt 0.142846 0.532930
vt 0.136344 0.531516
vt 0.129873 0.530056
vt 0.123433 0.528550
vt 0.117026 0.527000
vt 0.110653 0.525406
vt 0.104316 0.523767
vt 0.098015 0.522084
vt 0.091753 0.520353
vt 0.085531 0.518573
vt 0.285886 0.565456
vt 0.278661 0.565312
vt 0.271761 0.565078
vt 0.264862 0.564751
vt 0.257967 0.564334
vt 0.251099 0.563829
vt 0.244238 0.563236
vt 0.237385 0.562558
vt 0.230545 0.561796
vt 0.223720 0.560951
vt 0.216915 0.560025
vt 0.210133 0.559020
vt 0.203377 0.557938
vt 0.196653 0.556780
vt 0.189964 0.555549
vt 0.183315 0.554247
vt 0.176747 0.552883
vt 0.170240 0.551458
vt 0.163771 0.549968
vt 0.157341 0.548415
vt 0.150945 0.546800
vt 0.144556 0.545119
vt 0.138204 0.543380
vt 0.131889 0.541584
vt 0.125612 0.539735
vt 0.119373 0.537832
vt 0.113173 0.535877
vt 0.107013 0.533870
vt 0.100894 0.531812
vt 0.094819 0.529701
vt 0.088787 0.527534
vt 0.285938 0.579876
vt 0.278760 0.579706
vt 0.271905 0.579431
vt 0.265051 0.579048
vt 0.258202 0.578559
vt 0.251381 0.577967
vt 0.244568 0.577274
vt 0.237765 0.576479
vt 0.230977 0.575586
vt 0.224208 0.574597
vt 0.217462 0.573513
vt 0.210743 0.572336
vt 0.204057 0.571068
vt 0.197408 0.569713
vt 0.190801 0.568271
vt 0.184243 0.566745
vt 0.177773 0.565147
vt 0.171373 0.563477
vt 0.165019 0.561732
vt 0.158711 0.559914
vt 0.152445 0.558025
vt 0.146194 0.556059
vt 0.139986 0.554027
vt 0.133821 0.551932
vt 0.127701 0.549775
vt 0.121624 0.547560
vt 0.115591 0.545287
vt 0.109604 0.542958
vt 0.103661 0.540574
vt 0.097765 0.538136
vt 0.091917 0.535640
vt 0.285995 0.595107
vt 0.278870 0.594910
vt 0.272065 0.594593
vt 0.265262 0.594151
vt 0.258464 0.593586
vt 0.251695 0.592903
vt 0.244936 0.592102
vt 0.238189 0.591186
vt 0.231460 0.590156
vt 0.224753 0.589014
vt 0.218073 0.587764
vt 0.211427 0.586406
vt 0.204818 0.584945
vt 0.198254 0.583381
vt 0.191741 0.581717
vt 0.185285 0.579958
vt 0.178926 0.578115
vt 0.172647 0.576189
vt 0.166424 0.574178
vt 0.160255 0.572082
vt 0.154138 0.569907
vt 0.148043 0.567644
vt 0.142000 0.565307
vt 0.136007 0.562899
vt 0.130065 0.560425
vt 0.124173 0.557886
vt 0.118331 0.555285
vt 0.112540 0.552624
vt 0.106800 0.549905
vt 0.101109 0.547130
vt 0.095469 0.544299
vt 0.286064 0.612055
vt 0.279001 0.611829
vt 0.272257 0.611465
vt 0.265514 0.610956
vt 0.258777 0.610308
vt 0.252071 0.609524
vt 0.245375 0.608605
vt 0.238696 0.607553
vt 0.232036 0.606371
vt 0.225404 0.605061
vt 0.218803 0.603626
vt 0.212242 0.602068
vt 0.205727 0.600391
vt 0.199264 0.598597
vt 0.192861 0.596689
vt 0.186527 0.594671
vt 0.180302 0.592558
vt 0.174167 0.590350
vt 0.168100 0.588043
vt 0.162099 0.585643
vt 0.156159 0.583151
vt 0.150253 0.580561
vt 0.144407 0.577888
vt 0.138621 0.575136
vt 0.132892 0.572311
vt 0.127221 0.569417
vt 0.121607 0.566457
vt 0.116051 0.563434
vt 0.110552 0.560349
vt 0.105109 0.557206
vt 0.099719 0.554010
vt 0.286153 0.632383
vt 0.279174 0.632122
vt 0.272510 0.631700
vt 0.265848 0.631113
vt 0.259192 0.630364
vt 0.252567 0.629458
vt 0.245956 0.628396
vt 0.239363 0.627181
vt 0.232795 0.625816
vt 0.226259 0.624304
vt 0.219762 0.622647
vt 0.213311 0.620849
vt 0.206915 0.618913
vt 0.200582 0.616843
vt 0.194322 0.614641
vt 0.188144 0.612312
vt 0.182089 0.609874
vt 0.176139 0.607328
vt 0.170272 0.604668
vt 0.164483 0.601901
vt 0.158770 0.599031
vt 0.153105 0.596047
vt 0.147513 0.592971
vt 0.141992 0.589806
vt 0.136539 0.586559
vt 0.131152 0.583236
vt 0.125829 0.579843
vt 0.120570 0.576384
vt 0.115375 0.572861
vt 0.110243 0.569278
vt 0.105175 0.565636
vt 0.286218 0.645941
vt 0.279301 0.645655
vt 0.272696 0.645195
vt 0.266093 0.644554
vt 0.259496 0.643737
vt 0.252932 0.642748
vt 0.246382 0.641590
vt 0.239853 0.640264
vt 0.233351 0.638775
vt 0.226885 0.637126
vt 0.220461 0.635319
vt 0.214089 0.633358
vt 0.207779 0.631248
vt 0.201539 0.628991
vt 0.195379 0.626591
vt 0.189312 0.624053
vt 0.183377 0.621397
vt 0.177557 0.618623
vt 0.171830 0.615728
vt 0.166191 0.612716
vt 0.160638 0.609594
vt 0.155142 0.606351
vt 0.149729 0.603007
vt 0.144395 0.599570
vt 0.139139 0.596046
vt 0.133956 0.592441
vt 0.128845 0.588762
vt 0.123802 0.585018
vt 0.118826 0.581213
vt 0.113918 0.577348
vt 0.109078 0.573426
vt 0.286289 0.659496
vt 0.279440 0.659186
vt 0.272900 0.658686
vt 0.266361 0.657991
vt 0.259830 0.657103
vt 0.253331 0.656030
vt 0.246848 0.654773
vt 0.240387 0.653335
vt 0.233956 0.651720
vt 0.227563 0.649930
vt 0.221218 0.647971
vt 0.214930 0.645844
vt 0.208709 0.643556
vt 0.202567 0.641108
vt 0.196513 0.638507
vt 0.190561 0.635756
vt 0.184752 0.632878
vt 0.179067 0.629873
vt 0.173485 0.626737
vt 0.168001 0.623478
vt 0.162612 0.620099
vt 0.157290 0.616592
vt 0.152060 0.612979
vt 0.146919 0.609267
vt 0.141863 0.605462
vt 0.136890 0.601572
vt 0.131997 0.597605
vt 0.127181 0.593569
vt 0.122436 0.589473
vt 0.117761 0.585323
vt 0.113157 0.581119
vt 0.286367 0.673077
vt 0.279593 0.672741
vt 0.273124 0.672201
vt 0.266657 0.671449
vt 0.260197 0.670490
vt 0.253770 0.669331
vt 0.247359 0.667973
vt 0.240972 0.666419
vt 0.234617 0.664674
vt 0.228304 0.662741
vt 0.222043 0.660624
vt 0.215843 0.658327
vt 0.209718 0.655856
vt 0.203677 0.653213
vt 0.197734 0.650405
vt 0.191903 0.647435
vt 0.186224 0.644329
vt 0.180680 0.641086
vt 0.175248 0.637704
vt 0.169925 0.634190
vt 0.164704 0.630549
vt 0.159562 0.626772
vt 0.154519 0.622883
vt 0.149573 0.618889
vt 0.144722 0.614798
vt 0.139961 0.610618
vt 0.135289 0.606357
vt 0.130702 0.602023
vt 0.126196 0.597627
vt 0.121767 0.593178
vt 0.117407 0.588683
vt 0.286453 0.686711
vt 0.279764 0.686350
vt 0.273376 0.685769
vt 0.266988 0.684959
vt 0.260607 0.683926
vt 0.254258 0.682678
vt 0.247926 0.681215
vt 0.241619 0.679541
vt 0.235346 0.677661
vt 0.229118 0.675579
vt 0.222945 0.673300
vt 0.216840 0.670828
vt 0.210814 0.668167
vt 0.204881 0.665322
vt 0.199055 0.662299
vt 0.193350 0.659104
vt 0.187807 0.655762
vt 0.182409 0.652273
vt 0.177133 0.648637
vt 0.171974 0.644859
vt 0.166928 0.640947
vt 0.161969 0.636891
vt 0.157118 0.632716
vt 0.152372 0.628432
vt 0.147728 0.624046
vt 0.143182 0.619566
vt 0.138732 0.615003
vt 0.134374 0.610364
vt 0.130106 0.605659
vt 0.125923 0.600898
vt 0.121822 0.596092
vt 0.194155 0.019042
vt 0.106256 0.051053
vt 0.058700 0.129012
vt 0.055763 0.140123
vt 0.052697 0.153172
vt 0.050115 0.166430
vt 0.048024 0.179791
vt 0.046333 0.193313
vt 0.044865 0.208022
vt 0.043772 0.222789
vt 0.043015 0.237605
vt 0.042580 0.251887
vt 0.042396 0.265914
vt 0.042421 0.279820
vt 0.042629 0.293746
vt 0.042961 0.307547
vt 0.043482 0.321360
vt 0.044200 0.335181
vt 0.045235 0.350153
vt 0.046558 0.365118
vt 0.048169 0.380068
vt 0.050087 0.394997
vt 0.052847 0.413395
vt 0.055921 0.431064
vt 0.058836 0.445858
vt 0.061614 0.458482
vt 0.064328 0.469644
vt 0.067065 0.479872
vt 0.069889 0.489513
vt 0.076003 0.507841
vt 0.079361 0.516775
vt 0.082841 0.525412
vt 0.072870 0.498822
vt 0.086503 0.533966
vt 0.286302 0.700421
vt 0.273783 0.699434
vt 0.280044 0.700051
vt 0.261262 0.697478
vt 0.267521 0.698575
vt 0.248780 0.694585
vt 0.255013 0.696146
vt 0.242572 0.692799
vt 0.230273 0.688569
vt 0.236399 0.690792
vt 0.218209 0.683494
vt 0.224206 0.686135
vt 0.212298 0.680652
vt 0.200787 0.674385
vt 0.206486 0.677614
vt 0.189787 0.667378
vt 0.195217 0.670971
vt 0.184496 0.663615
vt 0.179339 0.659691
vt 0.174310 0.655615
vt 0.094384 0.550772
vt 0.098602 0.558999
vt 0.102991 0.567111
vt 0.090350 0.542424
vt 0.169407 0.651396
vt 0.159956 0.642563
vt 0.164623 0.647042
vt 0.155402 0.637968
vt 0.107575 0.575104
vt 0.112369 0.582957
vt 0.117381 0.590649
vt 0.146618 0.628467
vt 0.150957 0.633267
vt 0.142382 0.623580
vt 0.138245 0.618614
vt 0.130256 0.608487
vt 0.134204 0.613580
vt 0.126397 0.603347
vt 0.122623 0.598169
vt 0.015182 0.972808
vt 0.025268 0.972478
vt 0.015182 0.964880
vt 0.025268 0.963925
vt 0.025268 0.968209
vt 0.015182 0.968858
vt 0.015182 0.956797
vt 0.025267 0.955294
vt 0.025268 0.959621
vt 0.015182 0.960860
vt 0.015181 0.948511
vt 0.025267 0.946556
vt 0.025267 0.950938
vt 0.015182 0.952680
vt 0.015181 0.940028
vt 0.025267 0.937708
vt 0.025267 0.942142
vt 0.015181 0.944293
vt 0.015181 0.931368
vt 0.025267 0.928770
vt 0.025267 0.933247
vt 0.015181 0.935719
vt 0.015181 0.922583
vt 0.025267 0.919791
vt 0.025267 0.924284
vt 0.015181 0.926992
vt 0.015180 0.913727
vt 0.025266 0.910821
vt 0.025266 0.915302
vt 0.015180 0.918158
vt 0.015180 0.904868
vt 0.025265 0.901920
vt 0.025266 0.906361
vt 0.015180 0.909293
vt 0.015179 0.896044
vt 0.025265 0.893090
vt 0.025265 0.897498
vt 0.015179 0.900449
vt 0.015178 0.887236
vt 0.025264 0.884295
vt 0.025264 0.888691
vt 0.015178 0.891638
vt 0.015177 0.878432
vt 0.025263 0.875510
vt 0.025263 0.879906
vt 0.015177 0.882837
vt 0.015176 0.869595
vt 0.025261 0.866699
vt 0.025262 0.871111
vt 0.015176 0.874017
vt 0.015174 0.860703
vt 0.025260 0.857830
vt 0.025261 0.862274
vt 0.015175 0.865157
vt 0.015173 0.851724
vt 0.025259 0.848861
vt 0.025260 0.853363
vt 0.015174 0.856227
vt 0.015172 0.842612
vt 0.025258 0.839758
vt 0.025259 0.844332
vt 0.015173 0.847186
vt 0.015172 0.837986
vt 0.025258 0.835145
vt 0.015171 0.824404
vt 0.015170 0.817465
vt 0.025256 0.814796
vt 0.025256 0.821667
vt 0.015171 0.831252
vt 0.025257 0.828456
vt 0.015170 0.810462
vt 0.015169 0.803400
vt 0.025255 0.800861
vt 0.025255 0.807858
vt 0.015168 0.796290
vt 0.015168 0.789128
vt 0.025254 0.786712
vt 0.025254 0.793812
vt 0.015167 0.781918
vt 0.015167 0.774639
vt 0.025252 0.772316
vt 0.025253 0.779550
vt 0.015166 0.767266
vt 0.015165 0.759783
vt 0.025251 0.757561
vt 0.025252 0.764992
vt 0.015165 0.752165
vt 0.015164 0.744400
vt 0.025250 0.742291
vt 0.025251 0.750001
vt 0.015164 0.736480
vt 0.015163 0.728392
vt 0.025249 0.726370
vt 0.025249 0.734417
vt 0.015162 0.720131
vt 0.025248 0.718146
vt 0.015161 0.694295
vt 0.015160 0.678459
vt 0.025246 0.676604
vt 0.025247 0.692400
vt 0.015161 0.707386
vt 0.025247 0.705449
vt 0.015160 0.652711
vt 0.025245 0.650944
vt 0.015159 0.623432
vt 0.025244 0.621817
vt 0.025245 0.636509
vt 0.015159 0.638207
vt 0.015158 0.603475
vt 0.025244 0.601979
vt 0.015158 0.588390
vt 0.025244 0.586984
vt 0.015157 0.573249
vt 0.015157 0.558115
vt 0.025243 0.556897
vt 0.025243 0.571944
vt 0.015157 0.543017
vt 0.025243 0.541874
vt 0.015157 0.512869
vt 0.025242 0.511907
vt 0.025243 0.526876
vt 0.015157 0.527938
vt 0.015156 0.497806
vt 0.025242 0.496964
vt 0.015156 0.482731
vt 0.025242 0.482041
vt 0.015156 0.447520
vt 0.015156 0.432399
vt 0.025242 0.432395
vt 0.025242 0.447274
vt 0.015156 0.462618
vt 0.025242 0.462165
vt 0.015156 0.417265
vt 0.025242 0.417517
vt 0.015155 0.386861
vt 0.025241 0.387768
vt 0.025241 0.402646
vt 0.015155 0.402089
vt 0.015155 0.356055
vt 0.015155 0.345618
vt 0.025241 0.347892
vt 0.025241 0.357921
vt 0.015155 0.371523
vt 0.025241 0.372870
vt 0.015154 0.318978
vt 0.025240 0.322422
vt 0.025240 0.337792
vt 0.015154 0.335078
vt 0.015154 0.302542
vt 0.025240 0.306740
vt 0.015154 0.279939
vt 0.025240 0.285147
vt 0.025240 0.296051
vt 0.015154 0.291341
vt 0.015154 0.262414
vt 0.025240 0.268368
vt 0.015154 0.244345
vt 0.025240 0.251031
vt 0.025240 0.256875
vt 0.025240 0.231589
vt 0.015154 0.224184
vt 0.015186 0.054122
vt 0.015186 0.047837
vt 0.025272 0.049289
vt 0.025272 0.055832
vt 0.025273 0.042778
vt 0.015187 0.041586
vt 0.025274 0.036293
vt 0.015188 0.035347
vt 0.025274 0.029834
vt 0.015188 0.029127
vt 0.025275 0.023387
vt 0.015189 0.022914
vt 0.025275 0.016974
vt 0.015189 0.016695
vt 0.025276 0.010625
vt 0.015190 0.010424
vt 0.015154 0.216339
vt 0.025240 0.223977
vt 0.015155 0.208499
vt 0.025241 0.216306
vt 0.015156 0.200686
vt 0.025242 0.208590
vt 0.015158 0.192912
vt 0.025244 0.200842
vt 0.015160 0.185190
vt 0.025246 0.193074
vt 0.015161 0.177545
vt 0.025247 0.185300
vt 0.015162 0.169978
vt 0.025248 0.177538
vt 0.015164 0.162502
vt 0.025250 0.169803
vt 0.015166 0.155116
vt 0.025252 0.162100
vt 0.015168 0.147815
vt 0.025254 0.154449
vt 0.015169 0.140611
vt 0.025255 0.146856
vt 0.015170 0.133491
vt 0.025256 0.139341
vt 0.015172 0.126468
vt 0.025257 0.131897
vt 0.015173 0.119536
vt 0.025259 0.124550
vt 0.015174 0.112694
vt 0.025260 0.117294
vt 0.015174 0.105944
vt 0.025260 0.110142
vt 0.015175 0.099264
vt 0.025261 0.103093
vt 0.015177 0.092656
vt 0.025263 0.096135
vt 0.015179 0.086106
vt 0.025265 0.089261
vt 0.015181 0.079615
vt 0.025267 0.082452
vt 0.015182 0.073182
vt 0.025268 0.075721
vt 0.015183 0.066787
vt 0.025269 0.069042
vt 0.015185 0.060438
vt 0.025271 0.062414
vn 0.043218 -0.978932 -0.199562
vn 0.000000 -0.979907 -0.199454
vn -0.000000 -0.978162 -0.207845
vn 0.044195 -0.977174 -0.207794
vn 0.083636 -0.976257 -0.199817
vn 0.085885 -0.974350 -0.208004
vn 0.123920 -0.971882 -0.200222
vn 0.126736 -0.969772 -0.208518
vn 0.161357 -0.966273 -0.200700
vn 0.164761 -0.963926 -0.209049
vn 0.196941 -0.959545 -0.201214
vn 0.200792 -0.956940 -0.209638
vn 0.230832 -0.951853 -0.201722
vn 0.234981 -0.948991 -0.210238
vn 0.263098 -0.943346 -0.202181
vn 0.267422 -0.940238 -0.210804
vn 0.293904 -0.934127 -0.202554
vn 0.298284 -0.930794 -0.211303
vn 0.323361 -0.924289 -0.202802
vn 0.327692 -0.920762 -0.211696
vn 0.351580 -0.913908 -0.202891
vn 0.355766 -0.910224 -0.211948
vn 0.378672 -0.903042 -0.202786
vn 0.382627 -0.899245 -0.212026
vn 0.404746 -0.891735 -0.202459
vn 0.408393 -0.887870 -0.211899
vn 0.429912 -0.880012 -0.201880
vn 0.433184 -0.876130 -0.211538
vn 0.454276 -0.867883 -0.201028
vn 0.457111 -0.864039 -0.210919
vn 0.477466 -0.855615 -0.199874
vn 0.479993 -0.851750 -0.210071
vn 0.501024 -0.842359 -0.198511
vn 0.502793 -0.838788 -0.208887
vn 0.523135 -0.829243 -0.196687
vn 0.524529 -0.825763 -0.207327
vn 0.545830 -0.814960 -0.194703
vn 0.546692 -0.811680 -0.205677
vn 0.567598 -0.800487 -0.192493
vn 0.568028 -0.797387 -0.203760
vn 0.588941 -0.785500 -0.190102
vn 0.588966 -0.782589 -0.201676
vn 0.609871 -0.769985 -0.187564
vn 0.609498 -0.767287 -0.199455
vn 0.630323 -0.753993 -0.184899
vn 0.629568 -0.751522 -0.197124
vn 0.650316 -0.737504 -0.182148
vn 0.649188 -0.735279 -0.194731
vn 0.669772 -0.720586 -0.179337
vn 0.668277 -0.718632 -0.192288
vn 0.688677 -0.703262 -0.176484
vn 0.686804 -0.701621 -0.189812
vn 0.707011 -0.685563 -0.173603
vn 0.704733 -0.684302 -0.187302
vn 0.724751 -0.667533 -0.170696
vn 0.722020 -0.666750 -0.184746
vn 0.741870 -0.649221 -0.167755
vn 0.738588 -0.649102 -0.182082
vn 0.758326 -0.630715 -0.164742
vn 0.754325 -0.631573 -0.179192
vn 0.774051 -0.612158 -0.161579
vn 0.768962 -0.614659 -0.175761
vn 0.789357 -0.593266 -0.157958
vn 0.783453 -0.597537 -0.170739
vn 0.042168 -0.980628 -0.191285
vn 0.000000 -0.981554 -0.191185
vn 0.081725 -0.978080 -0.191520
vn 0.121287 -0.973894 -0.191887
vn 0.158185 -0.968501 -0.192313
vn 0.193384 -0.962002 -0.192758
vn 0.227029 -0.954536 -0.193182
vn 0.259176 -0.946240 -0.193541
vn 0.289976 -0.937207 -0.193797
vn 0.319532 -0.927522 -0.193913
vn 0.347943 -0.917255 -0.193855
vn 0.375312 -0.906457 -0.193590
vn 0.401740 -0.895166 -0.193089
vn 0.427326 -0.883404 -0.192325
vn 0.452173 -0.871179 -0.191277
vn 0.475890 -0.858753 -0.189926
vn 0.500024 -0.845284 -0.188337
vn 0.522709 -0.831903 -0.186313
vn 0.545952 -0.817340 -0.184100
vn 0.568231 -0.802566 -0.181664
vn 0.590059 -0.787257 -0.179042
vn 0.611464 -0.771389 -0.176269
vn 0.632375 -0.755014 -0.173368
vn 0.652821 -0.738102 -0.170382
vn 0.672740 -0.720707 -0.167339
vn 0.692120 -0.702841 -0.164269
vn 0.710961 -0.684507 -0.161199
vn 0.729256 -0.665713 -0.158152
vn 0.747003 -0.646463 -0.155153
vn 0.764208 -0.626746 -0.152231
vn 0.780892 -0.606534 -0.149415
vn 0.797549 -0.585222 -0.146392
vn 0.041215 -0.982245 -0.183018
vn 0.000000 -0.983127 -0.182926
vn 0.079995 -0.979810 -0.183231
vn 0.118912 -0.975790 -0.183560
vn 0.155338 -0.970587 -0.183933
vn 0.190209 -0.964287 -0.184312
vn 0.223661 -0.957016 -0.184655
vn 0.255733 -0.948897 -0.184919
vn 0.286570 -0.940015 -0.185068
vn 0.316263 -0.930445 -0.185065
vn 0.344902 -0.920252 -0.184877
vn 0.372582 -0.909479 -0.184471
vn 0.399394 -0.898162 -0.183820
vn 0.425430 -0.886317 -0.182899
vn 0.450787 -0.873946 -0.181686
vn 0.475055 -0.861313 -0.180175
vn 0.499792 -0.847573 -0.178402
vn 0.523065 -0.833875 -0.176224
vn 0.546880 -0.818965 -0.173834
vn 0.569691 -0.803824 -0.171228
vn 0.592027 -0.788120 -0.168438
vn 0.613918 -0.771826 -0.165498
vn 0.635303 -0.754987 -0.162434
vn 0.656220 -0.737565 -0.159291
vn 0.676608 -0.719607 -0.156104
vn 0.696463 -0.701112 -0.152908
vn 0.715792 -0.682070 -0.149740
vn 0.734601 -0.662463 -0.146640
vn 0.752902 -0.642264 -0.143655
vn 0.770719 -0.621413 -0.140845
vn 0.788086 -0.599830 -0.138294
vn 0.805681 -0.576613 -0.135631
vn 0.040364 -0.983768 -0.174846
vn 0.000000 -0.984611 -0.174763
vn 0.078453 -0.981431 -0.175038
vn 0.116805 -0.977556 -0.175329
vn 0.152827 -0.972518 -0.175651
vn 0.187429 -0.966389 -0.175965
vn 0.220734 -0.959280 -0.176232
vn 0.252778 -0.951306 -0.176409
vn 0.283690 -0.942540 -0.176460
vn 0.313552 -0.933052 -0.176350
vn 0.342450 -0.922896 -0.176046
vn 0.370465 -0.912113 -0.175518
vn 0.397682 -0.900730 -0.174739
vn 0.424189 -0.888761 -0.173685
vn 0.450070 -0.876206 -0.172338
vn 0.474899 -0.863327 -0.170697
vn 0.500245 -0.849276 -0.168778
vn 0.524110 -0.835220 -0.166483
vn 0.548495 -0.819921 -0.163959
vn 0.571836 -0.804369 -0.161229
vn 0.594673 -0.788225 -0.158318
vn 0.617044 -0.771461 -0.155261
vn 0.638891 -0.754114 -0.152086
vn 0.660256 -0.736144 -0.148840
vn 0.681083 -0.717592 -0.145562
vn 0.701372 -0.698449 -0.142291
vn 0.721133 -0.678695 -0.139069
vn 0.740377 -0.658302 -0.135946
vn 0.759124 -0.637217 -0.132983
vn 0.777396 -0.615378 -0.130255
vn 0.795234 -0.592667 -0.127866
vn 0.813406 -0.568032 -0.125340
vn 0.039355 -0.985589 -0.164514
vn 0.000000 -0.986387 -0.164441
vn 0.076619 -0.983368 -0.164675
vn 0.114301 -0.979662 -0.164917
vn 0.149841 -0.974815 -0.165174
vn 0.184124 -0.968885 -0.165409
vn 0.217262 -0.961967 -0.165584
vn 0.249273 -0.954159 -0.165658
vn 0.280279 -0.945527 -0.165599
vn 0.310353 -0.936127 -0.165371
vn 0.339563 -0.926008 -0.164944
vn 0.367984 -0.915203 -0.164289
vn 0.395692 -0.903734 -0.163382
vn 0.422760 -0.891609 -0.162200
vn 0.449266 -0.878821 -0.160726
vn 0.474768 -0.865636 -0.158962
vn 0.500818 -0.851207 -0.156933
vn 0.525357 -0.836733 -0.154524
vn 0.550420 -0.820955 -0.151894
vn 0.574365 -0.804912 -0.149065
vn 0.597769 -0.788250 -0.146060
vn 0.620673 -0.770935 -0.142913
vn 0.643020 -0.753009 -0.139652
vn 0.664865 -0.734418 -0.136324
vn 0.686145 -0.715209 -0.132970
vn 0.706871 -0.695363 -0.129631
vn 0.727048 -0.674860 -0.126351
vn 0.746692 -0.653665 -0.123183
vn 0.765816 -0.631728 -0.120191
vn 0.784444 -0.608977 -0.117453
vn 0.802598 -0.585316 -0.115072
vn 0.820417 -0.560507 -0.112903
vn 0.038717 -0.987023 -0.155844
vn -0.000000 -0.987792 -0.155781
vn 0.075494 -0.984871 -0.155982
vn 0.112794 -0.981267 -0.156184
vn 0.148100 -0.976529 -0.156389
vn 0.182273 -0.970704 -0.156559
vn 0.215418 -0.963874 -0.156660
vn 0.247543 -0.956129 -0.156653
vn 0.278764 -0.947522 -0.156505
vn 0.309143 -0.938103 -0.156183
vn 0.338742 -0.927914 -0.155658
vn 0.367629 -0.916981 -0.154903
vn 0.395871 -0.905319 -0.153894
vn 0.423534 -0.892933 -0.152611
vn 0.450686 -0.879813 -0.151038
vn 0.476843 -0.866236 -0.149186
vn 0.503627 -0.851315 -0.147047
vn 0.528866 -0.836301 -0.144571
vn 0.554557 -0.819965 -0.141858
vn 0.579094 -0.803331 -0.138959
vn 0.603049 -0.786045 -0.135889
vn 0.626466 -0.768073 -0.132679
vn 0.649297 -0.749452 -0.129364
vn 0.671588 -0.730136 -0.125985
vn 0.693285 -0.710161 -0.122585
vn 0.714401 -0.689508 -0.119206
vn 0.734938 -0.668158 -0.115894
vn 0.754912 -0.646069 -0.112703
vn 0.774337 -0.623192 -0.109697
vn 0.793226 -0.599460 -0.106958
vn 0.811596 -0.574781 -0.104590
vn 0.828826 -0.550069 -0.102329
vn 0.037977 -0.988503 -0.146357
vn -0.000000 -0.989239 -0.146306
vn 0.074171 -0.986431 -0.146469
vn 0.111023 -0.982942 -0.146625
vn 0.146044 -0.978330 -0.146771
vn 0.180072 -0.972627 -0.146873
vn 0.213202 -0.965902 -0.146897
vn 0.245436 -0.958232 -0.146806
vn 0.276876 -0.949661 -0.146571
vn 0.307574 -0.940232 -0.146160
vn 0.337587 -0.929974 -0.145546
vn 0.366969 -0.918910 -0.144703
vn 0.395776 -0.907049 -0.143611
vn 0.424067 -0.894390 -0.142249
vn 0.451897 -0.880920 -0.140603
vn 0.478754 -0.866925 -0.138695
vn 0.506286 -0.851497 -0.136481
vn 0.532207 -0.835946 -0.133979
vn 0.558559 -0.819020 -0.131219
vn 0.583684 -0.801783 -0.128288
vn 0.608174 -0.783870 -0.125188
vn 0.632082 -0.765245 -0.121952
vn 0.655360 -0.745946 -0.118612
vn 0.678057 -0.725924 -0.115206
vn 0.700123 -0.705219 -0.111776
vn 0.721566 -0.683813 -0.108362
vn 0.742393 -0.661685 -0.105008
vn 0.762612 -0.638801 -0.101767
vn 0.782239 -0.615110 -0.098697
vn 0.801277 -0.590562 -0.095872
vn 0.819742 -0.565068 -0.093392
vn 0.837089 -0.539471 -0.090848
vn 0.037391 -0.989754 -0.137804
vn 0.000000 -0.990465 -0.137763
vn 0.073130 -0.987744 -0.137889
vn 0.109638 -0.984345 -0.138001
vn 0.144451 -0.979829 -0.138091
vn 0.178389 -0.974217 -0.138128
vn 0.211537 -0.967567 -0.138079
vn 0.243892 -0.959947 -0.137912
vn 0.275545 -0.951390 -0.137595
vn 0.306543 -0.941931 -0.137103
vn 0.336931 -0.931595 -0.136408
vn 0.366756 -0.920398 -0.135488
vn 0.396064 -0.908345 -0.134320
vn 0.424905 -0.895431 -0.132888
vn 0.453323 -0.881641 -0.131179
vn 0.480787 -0.867264 -0.129217
vn 0.508953 -0.851384 -0.126938
vn 0.535449 -0.835355 -0.124406
vn 0.562356 -0.817906 -0.121596
vn 0.587966 -0.800141 -0.118623
vn 0.612892 -0.781683 -0.115480
vn 0.637191 -0.762496 -0.112194
vn 0.660817 -0.742620 -0.108797
vn 0.683823 -0.722007 -0.105322
vn 0.706157 -0.700698 -0.101806
vn 0.727831 -0.678677 -0.098286
vn 0.748847 -0.655927 -0.094799
vn 0.769217 -0.632418 -0.091392
vn 0.788947 -0.608110 -0.088115
vn 0.808044 -0.582953 -0.085032
vn 0.826505 -0.556892 -0.082224
vn 0.844218 -0.530068 -0.079527
vn 0.036960 -0.990782 -0.130325
vn 0.000000 -0.991475 -0.130294
vn 0.072378 -0.988818 -0.130384
vn 0.108659 -0.985482 -0.130452
vn 0.143356 -0.981031 -0.130487
vn 0.177276 -0.975476 -0.130458
vn 0.210499 -0.968867 -0.130334
vn 0.243013 -0.961261 -0.130085
vn 0.274903 -0.952686 -0.129684
vn 0.306210 -0.943169 -0.129103
vn 0.336971 -0.932730 -0.128319
vn 0.367225 -0.921379 -0.127309
vn 0.397012 -0.909116 -0.126052
vn 0.426369 -0.895936 -0.124533
vn 0.455335 -0.881820 -0.122738
vn 0.483352 -0.867066 -0.120697
vn 0.512101 -0.850736 -0.118328
vn 0.539125 -0.834237 -0.115724
vn 0.566527 -0.816282 -0.112828
vn 0.592571 -0.798004 -0.109768
vn 0.617885 -0.779018 -0.106531
vn 0.642529 -0.759288 -0.103140
vn 0.666460 -0.738855 -0.099623
vn 0.689732 -0.717671 -0.096008
vn 0.712297 -0.695780 -0.092328
vn 0.734165 -0.673164 -0.088613
vn 0.755341 -0.649809 -0.084895
vn 0.775829 -0.625695 -0.081208
vn 0.795640 -0.600779 -0.077596
vn 0.814769 -0.575031 -0.074108
vn 0.833216 -0.548396 -0.070804
vn 0.851094 -0.520642 -0.067616
vn 0.036608 -0.991737 -0.122952
vn 0.000000 -0.992415 -0.122933
vn 0.071776 -0.989810 -0.122982
vn 0.107896 -0.986524 -0.123000
vn 0.142532 -0.982122 -0.122970
vn 0.176481 -0.976606 -0.122864
vn 0.209817 -0.970017 -0.122654
vn 0.242522 -0.962405 -0.122310
vn 0.274676 -0.953790 -0.121808
vn 0.306312 -0.944194 -0.121121
vn 0.337461 -0.933630 -0.120227
vn 0.368155 -0.922104 -0.119105
vn 0.398423 -0.909614 -0.117736
vn 0.428297 -0.896148 -0.116104
vn 0.457805 -0.881688 -0.114195
vn 0.486364 -0.866542 -0.112046
vn 0.515682 -0.849747 -0.109554
vn 0.543217 -0.832767 -0.106843
vn 0.571094 -0.814293 -0.103823
vn 0.597551 -0.795490 -0.100637
vn 0.623231 -0.775966 -0.097263
vn 0.648200 -0.755681 -0.093719
vn 0.672412 -0.734681 -0.090034
vn 0.695933 -0.712911 -0.086227
vn 0.718710 -0.690418 -0.082329
vn 0.740755 -0.667189 -0.078363
vn 0.762073 -0.643208 -0.074354
vn 0.782670 -0.618451 -0.070328
vn 0.802551 -0.592886 -0.066319
vn 0.821710 -0.566483 -0.062363
vn 0.840147 -0.539194 -0.058504
vn 0.858229 -0.510329 -0.054843
vn 0.036354 -0.992563 -0.116179
vn -0.000000 -0.993229 -0.116172
vn 0.071355 -0.990662 -0.116176
vn 0.107392 -0.987410 -0.116141
vn 0.142033 -0.983036 -0.116043
vn 0.176068 -0.977537 -0.115854
vn 0.209566 -0.970943 -0.115548
vn 0.242504 -0.963299 -0.115099
vn 0.274955 -0.954617 -0.114482
vn 0.306947 -0.944913 -0.113675
vn 0.338504 -0.934197 -0.112655
vn 0.369650 -0.922469 -0.111403
vn 0.400409 -0.909723 -0.109900
vn 0.430803 -0.895944 -0.108132
vn 0.460851 -0.881114 -0.106086
vn 0.489948 -0.865550 -0.103803
vn 0.519822 -0.848264 -0.101158
vn 0.547854 -0.830777 -0.098316
vn 0.576194 -0.811757 -0.095139
vn 0.603050 -0.792404 -0.091796
vn 0.629082 -0.772313 -0.088255
vn 0.654358 -0.751445 -0.084530
vn 0.678838 -0.729846 -0.080647
vn 0.702591 -0.707457 -0.076621
vn 0.725565 -0.684326 -0.072480
vn 0.747772 -0.660440 -0.068242
vn 0.769218 -0.635781 -0.063927
vn 0.789910 -0.610324 -0.059557
vn 0.809849 -0.584040 -0.055154
vn 0.829031 -0.556896 -0.050744
vn 0.847449 -0.528849 -0.046362
vn 0.865542 -0.499047 -0.042302
vn 0.036204 -0.993281 -0.109916
vn -0.000000 -0.993940 -0.109922
vn 0.071132 -0.991396 -0.109880
vn 0.107171 -0.988160 -0.109788
vn 0.141890 -0.983794 -0.109617
vn 0.176074 -0.978286 -0.109339
vn 0.209787 -0.971660 -0.108930
vn 0.243001 -0.963954 -0.108368
vn 0.275786 -0.955174 -0.107629
vn 0.308162 -0.945333 -0.106690
vn 0.340146 -0.934432 -0.105533
vn 0.371757 -0.922471 -0.104139
vn 0.403013 -0.909438 -0.102490
vn 0.433927 -0.895317 -0.100573
vn 0.464507 -0.880088 -0.098376
vn 0.494130 -0.864078 -0.095945
vn 0.524545 -0.846273 -0.093140
vn 0.553053 -0.828254 -0.090150
vn 0.581832 -0.808663 -0.086809
vn 0.609066 -0.788733 -0.083301
vn 0.635426 -0.768050 -0.079586
vn 0.660987 -0.746572 -0.075678
vn 0.685712 -0.724343 -0.071601
vn 0.709669 -0.701307 -0.067367
vn 0.732814 -0.677507 -0.063001
vn 0.755156 -0.652928 -0.058520
vn 0.776705 -0.627551 -0.053941
vn 0.797466 -0.601348 -0.049279
vn 0.817440 -0.574289 -0.044554
vn 0.836619 -0.546338 -0.039784
vn 0.854994 -0.517456 -0.034996
vn 0.872962 -0.486833 -0.030526
vn 0.036154 -0.993962 -0.103600
vn -0.000000 -0.994617 -0.103621
vn 0.071100 -0.992082 -0.103526
vn 0.107224 -0.988847 -0.103371
vn 0.142091 -0.984468 -0.103117
vn 0.176484 -0.978927 -0.102739
vn 0.210463 -0.972244 -0.102215
vn 0.243995 -0.964448 -0.101524
vn 0.277147 -0.955542 -0.100645
vn 0.309932 -0.945532 -0.099559
vn 0.342363 -0.934417 -0.098247
vn 0.374453 -0.922191 -0.096693
vn 0.406210 -0.908841 -0.094880
vn 0.437641 -0.894348 -0.092798
vn 0.468748 -0.878690 -0.090436
vn 0.498884 -0.862206 -0.087845
vn 0.529822 -0.843852 -0.084868
vn 0.558786 -0.825275 -0.081723
vn 0.587984 -0.805083 -0.078212
vn 0.615570 -0.784549 -0.074535
vn 0.642232 -0.763248 -0.070650
vn 0.668052 -0.741131 -0.066566
vn 0.692992 -0.718247 -0.062310
vn 0.717125 -0.694536 -0.057890
vn 0.740407 -0.670040 -0.053332
vn 0.762849 -0.644743 -0.048653
vn 0.784464 -0.618621 -0.043867
vn 0.805255 -0.591645 -0.038989
vn 0.825222 -0.563782 -0.034036
vn 0.844356 -0.534995 -0.029025
vn 0.862642 -0.505246 -0.023975
vn 0.880369 -0.473900 -0.019195
vn 0.036214 -0.994614 -0.097115
vn -0.000000 -0.995270 -0.097152
vn 0.071275 -0.992729 -0.096999
vn 0.107574 -0.989476 -0.096775
vn 0.142667 -0.985062 -0.096429
vn 0.177336 -0.979463 -0.095941
vn 0.211636 -0.972692 -0.095290
vn 0.245533 -0.964775 -0.094459
vn 0.279088 -0.955710 -0.093430
vn 0.312309 -0.945497 -0.092185
vn 0.345207 -0.934133 -0.090709
vn 0.377785 -0.921607 -0.088987
vn 0.410047 -0.907905 -0.087007
vn 0.441992 -0.893006 -0.084758
vn 0.473613 -0.876886 -0.082232
vn 0.504245 -0.859895 -0.079488
vn 0.535681 -0.840961 -0.076353
vn 0.565075 -0.821798 -0.073068
vn 0.594661 -0.800975 -0.069411
vn 0.622566 -0.779813 -0.065596
vn 0.649495 -0.757869 -0.061577
vn 0.675535 -0.735093 -0.057364
vn 0.700649 -0.711537 -0.052984
vn 0.724913 -0.687135 -0.048447
vn 0.748285 -0.661931 -0.043781
vn 0.770779 -0.635907 -0.039001
vn 0.792409 -0.609035 -0.034123
vn 0.813176 -0.581287 -0.029164
vn 0.833082 -0.552623 -0.024140
vn 0.852114 -0.523009 -0.019068
vn 0.870256 -0.492402 -0.013966
vn 0.887710 -0.460316 -0.008957
vn 0.036390 -0.995266 -0.090122
vn 0.000000 -0.995926 -0.090176
vn 0.071673 -0.993363 -0.089961
vn 0.108245 -0.990073 -0.089661
vn 0.143647 -0.985599 -0.089217
vn 0.178663 -0.979912 -0.088611
vn 0.213347 -0.973021 -0.087826
vn 0.247660 -0.964947 -0.086850
vn 0.281657 -0.955683 -0.085666
vn 0.315346 -0.945229 -0.084261
vn 0.348731 -0.933574 -0.082622
vn 0.381809 -0.920708 -0.080739
vn 0.414580 -0.906612 -0.078602
vn 0.447033 -0.891266 -0.076203
vn 0.479157 -0.874643 -0.073538
vn 0.510265 -0.857109 -0.070670
vn 0.542174 -0.837557 -0.067419
vn 0.571969 -0.817772 -0.064038
vn 0.601906 -0.796288 -0.060290
vn 0.630096 -0.774466 -0.056400
vn 0.657252 -0.751853 -0.052318
vn 0.683468 -0.728397 -0.048056
vn 0.708710 -0.704149 -0.043645
vn 0.733056 -0.679044 -0.039096
vn 0.756466 -0.653125 -0.034438
vn 0.778960 -0.626370 -0.029690
vn 0.800548 -0.598752 -0.024868
vn 0.821235 -0.570240 -0.019991
vn 0.841020 -0.540794 -0.015076
vn 0.859891 -0.510378 -0.010141
vn 0.877829 -0.478946 -0.005204
vn 0.895067 -0.445933 -0.000234
vn 0.036703 -0.995948 -0.082097
vn -0.000000 -0.996618 -0.082169
vn 0.072333 -0.994013 -0.081889
vn 0.109300 -0.990661 -0.081514
vn 0.145117 -0.986096 -0.080973
vn 0.180574 -0.980282 -0.080252
vn 0.215723 -0.973226 -0.079341
vn 0.250520 -0.964945 -0.078229
vn 0.285021 -0.955431 -0.076907
vn 0.319226 -0.944677 -0.075364
vn 0.353135 -0.932674 -0.073593
vn 0.386741 -0.919406 -0.071586
vn 0.420038 -0.904854 -0.069339
vn 0.453008 -0.888997 -0.066847
vn 0.485633 -0.871809 -0.064108
vn 0.517207 -0.853670 -0.061191
vn 0.549569 -0.833439 -0.057911
vn 0.579740 -0.812975 -0.054528
vn 0.609998 -0.790773 -0.050795
vn 0.638433 -0.768245 -0.046940
vn 0.665774 -0.744919 -0.042915
vn 0.692116 -0.720746 -0.038734
vn 0.717431 -0.695778 -0.034429
vn 0.741802 -0.669947 -0.030012
vn 0.765191 -0.643298 -0.025515
vn 0.787619 -0.615806 -0.020958
vn 0.809100 -0.587443 -0.016359
vn 0.829639 -0.558178 -0.011736
vn 0.849235 -0.527967 -0.007108
vn 0.867876 -0.496774 -0.002491
vn 0.885544 -0.464551 0.002097
vn 0.902456 -0.430730 0.006668
vn 0.037183 -0.996661 -0.072700
vn -0.000000 -0.997348 -0.072787
vn 0.073316 -0.994674 -0.072452
vn 0.110826 -0.991227 -0.072014
vn 0.147189 -0.986528 -0.071395
vn 0.183204 -0.980538 -0.070586
vn 0.218922 -0.973258 -0.069582
vn 0.254295 -0.964706 -0.068379
vn 0.289376 -0.954870 -0.066970
vn 0.324163 -0.943741 -0.065352
vn 0.358648 -0.931309 -0.063522
vn 0.392824 -0.917556 -0.061476
vn 0.426676 -0.902464 -0.059213
vn 0.460183 -0.886010 -0.056733
vn 0.493318 -0.868169 -0.054037
vn 0.525358 -0.849340 -0.051193
vn 0.558163 -0.828341 -0.048022
vn 0.588695 -0.807114 -0.044772
vn 0.619246 -0.784115 -0.041202
vn 0.647893 -0.760807 -0.037530
vn 0.675378 -0.736701 -0.033711
vn 0.701800 -0.711752 -0.029761
vn 0.727137 -0.686011 -0.025712
vn 0.751477 -0.659406 -0.021577
vn 0.774784 -0.631987 -0.017387
vn 0.797084 -0.603725 -0.013160
vn 0.818393 -0.574589 -0.008917
vn 0.838717 -0.544548 -0.004673
vn 0.858056 -0.513556 -0.000445
vn 0.876400 -0.481570 0.003751
vn 0.893726 -0.448544 0.007901
vn 0.910046 -0.414337 0.011914
vn 0.037795 -0.997328 -0.062524
vn -0.000000 -0.998037 -0.062620
vn 0.074552 -0.995272 -0.062255
vn 0.112713 -0.991705 -0.061787
vn 0.149713 -0.986838 -0.061135
vn 0.186361 -0.980629 -0.060297
vn 0.222707 -0.973082 -0.059271
vn 0.258700 -0.964211 -0.058059
vn 0.294391 -0.954004 -0.056660
vn 0.329775 -0.942452 -0.055074
vn 0.364842 -0.929542 -0.053301
vn 0.399579 -0.915260 -0.051342
vn 0.433967 -0.899584 -0.049197
vn 0.467982 -0.882494 -0.046870
vn 0.501591 -0.863967 -0.044361
vn 0.534058 -0.844417 -0.041734
vn 0.567256 -0.822626 -0.038823
vn 0.598101 -0.800618 -0.035847
vn 0.628891 -0.776810 -0.032585
vn 0.657696 -0.752716 -0.029231
vn 0.685269 -0.727835 -0.025746
vn 0.711717 -0.702118 -0.022145
vn 0.737021 -0.675618 -0.018457
vn 0.761274 -0.648263 -0.014695
vn 0.784447 -0.620101 -0.010886
vn 0.806566 -0.591102 -0.007048
vn 0.827652 -0.561233 -0.003198
vn 0.847712 -0.530457 0.000650
vn 0.866748 -0.498727 0.004480
vn 0.884748 -0.465997 0.008281
vn 0.901689 -0.432217 0.012043
vn 0.917604 -0.397185 0.015701
vn 0.038422 -0.997855 -0.053007
vn 0.000000 -0.998589 -0.053105
vn 0.075804 -0.995727 -0.052736
vn 0.114607 -0.992035 -0.052270
vn 0.152223 -0.986997 -0.051630
vn 0.189474 -0.980570 -0.050816
vn 0.226408 -0.972757 -0.049832
vn 0.262974 -0.963574 -0.048684
vn 0.299220 -0.953008 -0.047372
vn 0.335141 -0.941049 -0.045901
vn 0.370724 -0.927688 -0.044273
vn 0.405953 -0.912906 -0.042490
vn 0.440809 -0.896684 -0.040554
vn 0.475264 -0.879002 -0.038468
vn 0.509281 -0.859837 -0.036234
vn 0.542111 -0.839622 -0.033906
vn 0.575649 -0.817097 -0.031332
vn 0.606758 -0.794369 -0.028702
vn 0.637748 -0.769813 -0.025812
vn 0.666683 -0.744992 -0.022833
vn 0.694324 -0.719392 -0.019728
vn 0.720785 -0.692962 -0.016511
vn 0.746051 -0.665758 -0.013208
vn 0.770220 -0.637703 -0.009828
vn 0.793263 -0.608845 -0.006396
vn 0.815213 -0.579154 -0.002927
vn 0.836089 -0.548593 0.000564
vn 0.855902 -0.517122 0.004064
vn 0.874654 -0.484689 0.007564
vn 0.892332 -0.451245 0.011051
vn 0.908911 -0.416737 0.014519
vn 0.924399 -0.381006 0.017917
vn 0.039069 -0.998298 -0.043309
vn 0.000000 -0.999058 -0.043402
vn 0.077081 -0.996095 -0.043056
vn 0.116524 -0.992273 -0.042627
vn 0.154741 -0.987060 -0.042045
vn 0.192569 -0.980413 -0.041313
vn 0.230058 -0.972336 -0.040439
vn 0.267153 -0.962847 -0.039431
vn 0.303905 -0.951932 -0.038291
vn 0.340307 -0.939585 -0.037026
vn 0.376345 -0.925794 -0.035639
vn 0.412006 -0.910542 -0.034132
vn 0.447266 -0.893810 -0.032506
vn 0.482094 -0.875579 -0.030763
vn 0.516457 -0.855825 -0.028902
vn 0.549596 -0.834995 -0.026967
vn 0.583417 -0.811793 -0.024825
vn 0.614745 -0.788402 -0.022625
vn 0.645901 -0.763155 -0.020190
vn 0.674937 -0.737664 -0.017659
vn 0.702626 -0.711402 -0.015000
vn 0.729084 -0.684315 -0.012222
vn 0.754303 -0.656460 -0.009346
vn 0.778381 -0.627759 -0.006380
vn 0.801296 -0.598259 -0.003344
vn 0.823080 -0.567926 -0.000251
vn 0.843755 -0.536722 0.002889
vn 0.863332 -0.504600 0.006064
vn 0.881813 -0.471509 0.009265
vn 0.899184 -0.437393 0.012485
vn 0.915419 -0.402194 0.015715
vn 0.930492 -0.365826 0.018904
vn 0.039601 -0.998565 -0.036040
vn -0.000000 -0.999347 -0.036125
vn 0.078122 -0.996300 -0.035809
vn 0.118074 -0.992373 -0.035424
vn 0.156765 -0.987019 -0.034905
vn 0.195043 -0.980196 -0.034260
vn 0.232958 -0.971910 -0.033497
vn 0.270457 -0.962179 -0.032623
vn 0.307592 -0.950992 -0.031645
vn 0.344356 -0.938342 -0.030566
vn 0.380737 -0.924216 -0.029391
vn 0.416721 -0.908599 -0.028122
vn 0.452284 -0.891472 -0.026759
vn 0.487399 -0.872813 -0.025301
vn 0.522029 -0.852597 -0.023747
vn 0.555407 -0.831284 -0.022130
vn 0.589455 -0.807545 -0.020334
vn 0.620964 -0.783621 -0.018479
vn 0.652264 -0.757815 -0.016405
vn 0.681398 -0.731775 -0.014228
vn 0.709143 -0.704964 -0.011920
vn 0.735622 -0.677326 -0.009485
vn 0.760824 -0.648922 -0.006942
vn 0.784853 -0.619668 -0.004294
vn 0.807687 -0.589610 -0.001559
vn 0.829359 -0.558714 0.001255
vn 0.849892 -0.526940 0.004136
vn 0.869298 -0.494238 0.007077
vn 0.887575 -0.460553 0.010069
vn 0.904710 -0.425827 0.013107
vn 0.920673 -0.389998 0.016183
vn 0.935463 -0.352899 0.019274
vn 0.040096 -0.998764 -0.029377
vn 0.000000 -0.999566 -0.029454
vn 0.079083 -0.996441 -0.029172
vn 0.119496 -0.992416 -0.028834
vn 0.158612 -0.986933 -0.028385
vn 0.197289 -0.979950 -0.027830
vn 0.235582 -0.971474 -0.027180
vn 0.273435 -0.961527 -0.026441
vn 0.310903 -0.950096 -0.025620
vn 0.347981 -0.937176 -0.024721
vn 0.384659 -0.922753 -0.023748
vn 0.420923 -0.906812 -0.022701
vn 0.456751 -0.889333 -0.021581
vn 0.492116 -0.870291 -0.020386
vn 0.526980 -0.849663 -0.019112
vn 0.560573 -0.827914 -0.017783
vn 0.594827 -0.803689 -0.016304
vn 0.626504 -0.779279 -0.014760
vn 0.657942 -0.752956 -0.013018
vn 0.687174 -0.726407 -0.011169
vn 0.714983 -0.699081 -0.009187
vn 0.741493 -0.670924 -0.007075
vn 0.766693 -0.641995 -0.004846
vn 0.790691 -0.612211 -0.002502
vn 0.813465 -0.581614 -0.000059
vn 0.835048 -0.550172 0.002477
vn 0.855462 -0.517841 0.005098
vn 0.874718 -0.484569 0.007795
vn 0.892816 -0.450299 0.010563
vn 0.909736 -0.414971 0.013394
vn 0.925449 -0.378521 0.016284
vn 0.939942 -0.340791 0.019233
vn 0.040552 -0.998925 -0.022460
vn 0.000000 -0.999746 -0.022528
vn 0.079958 -0.996549 -0.022281
vn 0.120783 -0.992435 -0.021992
vn 0.160276 -0.986836 -0.021611
vn 0.199305 -0.979709 -0.021146
vn 0.237926 -0.971065 -0.020605
vn 0.276086 -0.960925 -0.019996
vn 0.313842 -0.949278 -0.019325
vn 0.351191 -0.936119 -0.018597
vn 0.388122 -0.921436 -0.017813
vn 0.424625 -0.905210 -0.016975
vn 0.460679 -0.887421 -0.016082
vn 0.496257 -0.868044 -0.015132
vn 0.531322 -0.847052 -0.014120
vn 0.565101 -0.824918 -0.013064
vn 0.599535 -0.800260 -0.011883
vn 0.631360 -0.775417 -0.010638
vn 0.662924 -0.748630 -0.009217
vn 0.692244 -0.721623 -0.007688
vn 0.720113 -0.693831 -0.006031
vn 0.746653 -0.665200 -0.004246
vn 0.771857 -0.635792 -0.002343
vn 0.795829 -0.605521 -0.000324
vn 0.818550 -0.574432 0.001801
vn 0.840054 -0.542489 0.004024
vn 0.860360 -0.509647 0.006337
vn 0.879481 -0.475854 0.008735
vn 0.897413 -0.441049 0.011209
vn 0.914136 -0.405175 0.013753
vn 0.929618 -0.368161 0.016359
vn 0.943789 -0.330000 0.019019
vn 0.040965 -0.999041 -0.015433
vn -0.000000 -0.999880 -0.015492
vn 0.080742 -0.996618 -0.015280
vn 0.121929 -0.992425 -0.015039
vn 0.161751 -0.986722 -0.014724
vn 0.201086 -0.979469 -0.014344
vn 0.239991 -0.970676 -0.013907
vn 0.278415 -0.960367 -0.013420
vn 0.316417 -0.948533 -0.012888
vn 0.353996 -0.935166 -0.012315
vn 0.391144 -0.920255 -0.011703
vn 0.427850 -0.903782 -0.011054
vn 0.464097 -0.885724 -0.010366
vn 0.499857 -0.866054 -0.009637
vn 0.535096 -0.844745 -0.008863
vn 0.569037 -0.822272 -0.008053
vn 0.603629 -0.797233 -0.007146
vn 0.635587 -0.772004 -0.006177
vn 0.667265 -0.744803 -0.005059
vn 0.696670 -0.717381 -0.003838
vn 0.724599 -0.689166 -0.002499
vn 0.751172 -0.660105 -0.001040
vn 0.776385 -0.630259 0.000531
vn 0.800341 -0.599541 0.002212
vn 0.823020 -0.567999 0.003993
vn 0.844455 -0.535595 0.005867
vn 0.864668 -0.502283 0.007827
vn 0.883669 -0.468009 0.009865
vn 0.901451 -0.432716 0.011971
vn 0.917995 -0.396340 0.014139
vn 0.933266 -0.358814 0.016357
vn 0.947180 -0.320162 0.018597
vn 0.041335 -0.999115 -0.007767
vn 0.000000 -0.999970 -0.007817
vn 0.081432 -0.996650 -0.007642
vn 0.122930 -0.992387 -0.007450
vn 0.163034 -0.986594 -0.007204
vn 0.202630 -0.979231 -0.006912
vn 0.241775 -0.970310 -0.006580
vn 0.280422 -0.959857 -0.006215
vn 0.318631 -0.947861 -0.005821
vn 0.356402 -0.934317 -0.005401
vn 0.393730 -0.919213 -0.004959
vn 0.430606 -0.902529 -0.004494
vn 0.467014 -0.884241 -0.004007
vn 0.502927 -0.864322 -0.003493
vn 0.538312 -0.842741 -0.002950
vn 0.572388 -0.819980 -0.002382
vn 0.607113 -0.794614 -0.001746
vn 0.639184 -0.769053 -0.001054
vn 0.670960 -0.741493 -0.000241
vn 0.700441 -0.713710 0.000663
vn 0.728421 -0.685128 0.001672
vn 0.755025 -0.655690 0.002785
vn 0.780246 -0.625460 0.003997
vn 0.804186 -0.594353 0.005304
vn 0.826827 -0.562417 0.006698
vn 0.848201 -0.529612 0.008171
vn 0.868328 -0.495895 0.009713
vn 0.887218 -0.461213 0.011315
vn 0.904863 -0.425506 0.012965
vn 0.921243 -0.388711 0.014651
vn 0.936321 -0.350763 0.016361
vn 0.950016 -0.311679 0.018063
vn 0.041658 -0.999132 0.000168
vn 0.000000 -1.000000 0.000127
vn 0.082022 -0.996631 0.000266
vn 0.123779 -0.992310 0.000407
vn 0.164117 -0.986441 0.000584
vn 0.203927 -0.978986 0.000790
vn 0.243272 -0.969958 0.001019
vn 0.282102 -0.959384 0.001267
vn 0.320481 -0.947254 0.001529
vn 0.358409 -0.933563 0.001802
vn 0.395885 -0.918298 0.002085
vn 0.432900 -0.901439 0.002377
vn 0.469438 -0.882962 0.002677
vn 0.505477 -0.862835 0.002989
vn 0.540981 -0.841028 0.003316
vn 0.575168 -0.818027 0.003654
vn 0.610005 -0.792388 0.004034
vn 0.642171 -0.766549 0.004460
vn 0.674031 -0.738686 0.004975
vn 0.703577 -0.710598 0.005567
vn 0.731604 -0.681701 0.006243
vn 0.758237 -0.651941 0.007003
vn 0.783466 -0.621385 0.007841
vn 0.807395 -0.589947 0.008753
vn 0.830003 -0.557674 0.009729
vn 0.851322 -0.524533 0.010760
vn 0.871372 -0.490481 0.011833
vn 0.890161 -0.455463 0.012936
vn 0.907682 -0.419423 0.014053
vn 0.923915 -0.382298 0.015167
vn 0.938820 -0.344025 0.016260
vn 0.952315 -0.304626 0.017302
vn 0.041932 -0.999083 0.008615
vn 0.000000 -0.999963 0.008584
vn 0.082506 -0.996553 0.008683
vn 0.124468 -0.992185 0.008772
vn 0.164989 -0.986256 0.008877
vn 0.204969 -0.978727 0.008994
vn 0.244469 -0.969614 0.009118
vn 0.283443 -0.958944 0.009245
vn 0.321955 -0.946709 0.009373
vn 0.360007 -0.932901 0.009499
vn 0.397599 -0.917509 0.009621
vn 0.434723 -0.900512 0.009739
vn 0.471363 -0.881884 0.009853
vn 0.507500 -0.861594 0.009963
vn 0.543097 -0.839609 0.010072
vn 0.577372 -0.816418 0.010181
vn 0.612296 -0.790561 0.010301
vn 0.644538 -0.764501 0.010456
vn 0.676467 -0.736396 0.010664
vn 0.706066 -0.708061 0.010930
vn 0.734133 -0.678912 0.011256
vn 0.760791 -0.648893 0.011640
vn 0.786026 -0.618075 0.012078
vn 0.809944 -0.586372 0.012563
vn 0.832523 -0.553835 0.013084
vn 0.853793 -0.520435 0.013631
vn 0.873774 -0.486126 0.014188
vn 0.892474 -0.450858 0.014739
vn 0.909886 -0.414578 0.015265
vn 0.925987 -0.377227 0.015746
vn 0.940741 -0.338740 0.016157
vn 0.954069 -0.299134 0.016483
vn 0.042147 -0.998961 0.017362
vn -0.000000 -0.999850 0.017342
vn 0.082869 -0.996409 0.017398
vn 0.124973 -0.992007 0.017433
vn 0.165623 -0.986035 0.017464
vn 0.205722 -0.978454 0.017489
vn 0.245331 -0.969281 0.017505
vn 0.284405 -0.958544 0.017509
vn 0.323009 -0.946234 0.017500
vn 0.361147 -0.932345 0.017476
vn 0.398819 -0.916864 0.017435
vn 0.436019 -0.899770 0.017376
vn 0.472730 -0.881038 0.017299
vn 0.508934 -0.860634 0.017204
vn 0.544596 -0.838524 0.017092
vn 0.578932 -0.815199 0.016968
vn 0.613916 -0.789192 0.016826
vn 0.646210 -0.762977 0.016703
vn 0.678189 -0.734700 0.016596
vn 0.707831 -0.706189 0.016526
vn 0.735929 -0.676858 0.016490
vn 0.762606 -0.646654 0.016485
vn 0.787848 -0.615648 0.016507
vn 0.811759 -0.583759 0.016547
vn 0.834313 -0.551041 0.016596
vn 0.855542 -0.517465 0.016641
vn 0.875468 -0.482990 0.016668
vn 0.894094 -0.447570 0.016657
vn 0.911416 -0.411152 0.016586
vn 0.927412 -0.373681 0.016435
vn 0.942044 -0.335099 0.016175
vn 0.955247 -0.295388 0.015785
vn 0.042298 -0.998777 0.025605
vn -0.000000 -0.999672 0.025597
vn 0.083104 -0.996212 0.025610
vn 0.125288 -0.991790 0.025593
vn 0.166010 -0.985793 0.025553
vn 0.206174 -0.978183 0.025491
vn 0.245843 -0.968977 0.025405
vn 0.284972 -0.958202 0.025294
vn 0.323627 -0.945850 0.025156
vn 0.361811 -0.931916 0.024990
vn 0.399526 -0.916387 0.024796
vn 0.436765 -0.899240 0.024571
vn 0.473513 -0.880451 0.024316
vn 0.509752 -0.859986 0.024030
vn 0.545448 -0.837809 0.023711
vn 0.579815 -0.814413 0.023369
vn 0.614830 -0.788325 0.022980
vn 0.647154 -0.762025 0.022598
vn 0.679164 -0.733651 0.022195
vn 0.708833 -0.705039 0.021808
vn 0.736954 -0.675603 0.021428
vn 0.763645 -0.645293 0.021053
vn 0.788894 -0.614182 0.020679
vn 0.812799 -0.582190 0.020298
vn 0.835339 -0.549375 0.019901
vn 0.856541 -0.515711 0.019477
vn 0.876425 -0.481163 0.019009
vn 0.894999 -0.445686 0.018481
vn 0.912256 -0.409231 0.017871
vn 0.928176 -0.371746 0.017156
vn 0.942722 -0.333180 0.016310
vn 0.955838 -0.293497 0.015299
vn 0.042381 -0.998542 0.033431
vn -0.000000 -0.999441 0.033435
vn 0.083204 -0.995973 0.033404
vn 0.125405 -0.991545 0.033334
vn 0.166141 -0.985542 0.033225
vn 0.206316 -0.977926 0.033078
vn 0.245995 -0.968713 0.032893
vn 0.285131 -0.957932 0.032669
vn 0.323792 -0.945573 0.032405
vn 0.361981 -0.931633 0.032102
vn 0.399698 -0.916096 0.031759
vn 0.436940 -0.898943 0.031373
vn 0.473691 -0.880148 0.030945
vn 0.509930 -0.859676 0.030472
vn 0.545627 -0.837493 0.029954
vn 0.579994 -0.814090 0.029401
vn 0.615011 -0.787993 0.028777
vn 0.647341 -0.761681 0.028144
vn 0.679362 -0.733290 0.027457
vn 0.709042 -0.704658 0.026765
vn 0.737176 -0.675198 0.026054
vn 0.763879 -0.644863 0.025323
vn 0.789134 -0.613729 0.024570
vn 0.813041 -0.581720 0.023787
vn 0.835575 -0.548895 0.022970
vn 0.856766 -0.515231 0.022108
vn 0.876631 -0.480696 0.021186
vn 0.895178 -0.445251 0.020190
vn 0.912402 -0.408850 0.019103
vn 0.928283 -0.371443 0.017903
vn 0.942787 -0.332983 0.016568
vn 0.955873 -0.293394 0.015061
vn 0.042387 -0.998265 0.040859
vn 0.000000 -0.999164 0.040876
vn 0.083161 -0.995701 0.040798
vn 0.125312 -0.991283 0.040675
vn 0.166000 -0.985294 0.040497
vn 0.206130 -0.977696 0.040265
vn 0.245764 -0.968505 0.039980
vn 0.284857 -0.957750 0.039643
vn 0.323476 -0.945422 0.039255
vn 0.361623 -0.931516 0.038815
vn 0.399301 -0.916019 0.038322
vn 0.436504 -0.898909 0.037776
vn 0.473218 -0.880161 0.037176
vn 0.509421 -0.859742 0.036518
vn 0.545084 -0.837617 0.035802
vn 0.579419 -0.814276 0.035043
vn 0.614408 -0.788248 0.034187
vn 0.646717 -0.762002 0.033311
vn 0.678726 -0.733679 0.032346
vn 0.708405 -0.705110 0.031356
vn 0.736542 -0.675712 0.030324
vn 0.763252 -0.645439 0.029248
vn 0.788516 -0.614370 0.028130
vn 0.812433 -0.582431 0.026965
vn 0.834976 -0.549684 0.025750
vn 0.856175 -0.516106 0.024478
vn 0.876047 -0.481671 0.023141
vn 0.894599 -0.446341 0.021728
vn 0.911828 -0.410075 0.020225
vn 0.927714 -0.372826 0.018617
vn 0.942226 -0.334553 0.016887
vn 0.955329 -0.295162 0.015011
vn 0.042306 -0.997925 0.048545
vn 0.000000 -0.998819 0.048578
vn 0.082957 -0.995375 0.048444
vn 0.124984 -0.990984 0.048260
vn 0.165557 -0.985031 0.048002
vn 0.205576 -0.977479 0.047672
vn 0.245105 -0.968343 0.047273
vn 0.284098 -0.957652 0.046807
vn 0.322621 -0.945396 0.046275
vn 0.360677 -0.931572 0.045677
vn 0.398268 -0.916164 0.045013
vn 0.435386 -0.899154 0.044283
vn 0.472020 -0.880515 0.043484
vn 0.508148 -0.860215 0.042617
vn 0.543739 -0.838219 0.041676
vn 0.578009 -0.815016 0.040683
vn 0.612936 -0.789141 0.039568
vn 0.645200 -0.763047 0.038421
vn 0.677176 -0.734883 0.037151
vn 0.706838 -0.706467 0.035836
vn 0.734970 -0.677223 0.034455
vn 0.761686 -0.647105 0.033009
vn 0.786966 -0.616191 0.031503
vn 0.810905 -0.584411 0.029934
vn 0.833477 -0.551829 0.028307
vn 0.854710 -0.518422 0.026619
vn 0.874622 -0.484167 0.024866
vn 0.893220 -0.449029 0.023045
vn 0.910500 -0.412969 0.021150
vn 0.926444 -0.375945 0.019171
vn 0.941022 -0.337914 0.017099
vn 0.954191 -0.298826 0.014919
vn 0.042124 -0.997514 0.056495
vn 0.000000 -0.998400 0.056547
vn 0.082571 -0.994991 0.056348
vn 0.124393 -0.990646 0.056093
vn 0.164776 -0.984755 0.055744
vn 0.204615 -0.977279 0.055303
vn 0.243971 -0.968234 0.054773
vn 0.282800 -0.957649 0.054159
vn 0.321167 -0.945513 0.053462
vn 0.359074 -0.931821 0.052683
vn 0.396523 -0.916561 0.051822
vn 0.433506 -0.899713 0.050880
vn 0.470012 -0.881251 0.049855
vn 0.506019 -0.861144 0.048745
vn 0.541497 -0.839357 0.047548
vn 0.575664 -0.816375 0.046290
vn 0.610494 -0.790748 0.044882
vn 0.642683 -0.764901 0.043432
vn 0.674602 -0.736996 0.041823
vn 0.704231 -0.708835 0.040150
vn 0.732350 -0.679846 0.038389
vn 0.759070 -0.649983 0.036541
vn 0.784371 -0.619325 0.034617
vn 0.808348 -0.587801 0.032618
vn 0.830971 -0.555477 0.030556
vn 0.852268 -0.522333 0.028434
vn 0.872257 -0.488343 0.026255
vn 0.890945 -0.453476 0.024022
vn 0.908327 -0.417696 0.021740
vn 0.924388 -0.380960 0.019407
vn 0.939098 -0.343228 0.017027
vn 0.952386 -0.304543 0.014621
vn 0.041830 -0.997032 0.064635
vn 0.000000 -0.997904 0.064709
vn 0.081984 -0.994548 0.064436
vn 0.123515 -0.990270 0.064099
vn 0.163625 -0.984468 0.063645
vn 0.203205 -0.977103 0.063074
vn 0.242316 -0.968189 0.062393
vn 0.280912 -0.957754 0.061606
vn 0.319057 -0.945789 0.060715
vn 0.356755 -0.932287 0.059723
vn 0.394005 -0.917237 0.058631
vn 0.430800 -0.900618 0.057440
vn 0.467129 -0.882404 0.056148
vn 0.502971 -0.862567 0.054754
vn 0.538294 -0.841073 0.053257
vn 0.572323 -0.818398 0.051689
vn 0.607025 -0.793112 0.049941
vn 0.639114 -0.767604 0.048145
vn 0.670959 -0.740057 0.046152
vn 0.700543 -0.712248 0.044079
vn 0.728645 -0.683608 0.041896
vn 0.755375 -0.654095 0.039608
vn 0.780711 -0.623783 0.037232
vn 0.804746 -0.592601 0.034773
vn 0.827450 -0.560613 0.032248
vn 0.848849 -0.527802 0.029670
vn 0.868961 -0.494141 0.027049
vn 0.887791 -0.459599 0.024398
vn 0.905336 -0.424139 0.021729
vn 0.921579 -0.387722 0.019053
vn 0.936491 -0.350309 0.016384
vn 0.949932 -0.312154 0.013750
vn 0.041415 -0.996418 0.073733
vn 0.000000 -0.997271 0.073832
vn 0.081185 -0.993987 0.073472
vn 0.122332 -0.989798 0.073041
vn 0.162084 -0.984113 0.072465
vn 0.201324 -0.976894 0.071745
vn 0.240111 -0.968154 0.070887
vn 0.278400 -0.957919 0.069898
vn 0.316253 -0.946178 0.068782
vn 0.353674 -0.932927 0.067540
vn 0.390663 -0.918152 0.066175
vn 0.427212 -0.901835 0.064688
vn 0.463309 -0.883949 0.063079
vn 0.498934 -0.864466 0.061348
vn 0.534057 -0.843353 0.059491
vn 0.567907 -0.821078 0.057551
vn 0.602440 -0.796239 0.055396
vn 0.634399 -0.771174 0.053182
vn 0.666143 -0.744097 0.050728
vn 0.695663 -0.716751 0.048174
vn 0.723739 -0.688573 0.045485
vn 0.750476 -0.659519 0.042668
vn 0.775852 -0.629663 0.039744
vn 0.799961 -0.598927 0.036726
vn 0.822770 -0.567379 0.033637
vn 0.844305 -0.534995 0.030498
vn 0.864582 -0.501748 0.027330
vn 0.883606 -0.467608 0.024158
vn 0.901373 -0.432534 0.021006
vn 0.917865 -0.396488 0.017898
vn 0.933053 -0.359431 0.014864
vn 0.946860 -0.321423 0.011943
vn 0.040865 -0.995680 0.083376
vn 0.000000 -0.996508 0.083501
vn 0.080153 -0.993317 0.083048
vn 0.120816 -0.989239 0.082516
vn 0.160117 -0.983702 0.081808
vn 0.198927 -0.976667 0.080927
vn 0.237305 -0.968145 0.079880
vn 0.275205 -0.958161 0.078673
vn 0.312690 -0.946704 0.077311
vn 0.349762 -0.933767 0.075798
vn 0.386420 -0.919339 0.074135
vn 0.422657 -0.903400 0.072325
vn 0.458461 -0.885924 0.070367
vn 0.493813 -0.866885 0.068261
vn 0.528683 -0.846249 0.066006
vn 0.562308 -0.824475 0.063652
vn 0.596629 -0.800192 0.061040
vn 0.628421 -0.775681 0.058357
vn 0.660031 -0.749194 0.055384
vn 0.689465 -0.722429 0.052288
vn 0.717497 -0.694835 0.049026
vn 0.744233 -0.666362 0.045604
vn 0.769650 -0.637080 0.042052
vn 0.793843 -0.606910 0.038385
vn 0.816778 -0.575911 0.034637
vn 0.838478 -0.544062 0.030838
vn 0.858961 -0.511328 0.027020
vn 0.878229 -0.477677 0.023220
vn 0.896279 -0.443063 0.019478
vn 0.913090 -0.407450 0.015838
vn 0.928634 -0.370792 0.012347
vn 0.942840 -0.333124 0.009061
vn 0.040185 -0.994907 0.092436
vn 0.000000 -0.995705 0.092588
vn 0.078898 -0.992624 0.092045
vn 0.118984 -0.988679 0.091418
vn 0.157746 -0.983316 0.090585
vn 0.196042 -0.976498 0.089552
vn 0.233929 -0.968233 0.088324
vn 0.271363 -0.958545 0.086910
vn 0.308404 -0.947422 0.085313
vn 0.345054 -0.934858 0.083538
vn 0.381312 -0.920839 0.081588
vn 0.417171 -0.905347 0.079463
vn 0.452620 -0.888358 0.077165
vn 0.487638 -0.869845 0.074692
vn 0.522199 -0.849775 0.072042
vn 0.555547 -0.828594 0.069276
vn 0.589606 -0.804973 0.066205
vn 0.621187 -0.781122 0.063052
vn 0.652622 -0.755340 0.059552
vn 0.681934 -0.729275 0.055902
vn 0.709892 -0.702385 0.052048
vn 0.736605 -0.674618 0.047998
vn 0.762049 -0.646037 0.043785
vn 0.786320 -0.616560 0.039427
vn 0.809384 -0.586238 0.034967
vn 0.831263 -0.555045 0.030443
vn 0.851974 -0.522942 0.025898
vn 0.871522 -0.489890 0.021382
vn 0.889900 -0.455841 0.016950
vn 0.907089 -0.420749 0.012666
vn 0.923137 -0.384369 0.008842
vn 0.938016 -0.346544 0.005786
vn 0.039384 -0.994098 0.101086
vn 0.000000 -0.994860 0.101261
vn 0.077442 -0.991904 0.100639
vn 0.116868 -0.988107 0.099928
vn 0.155013 -0.982941 0.098989
vn 0.192718 -0.976366 0.097825
vn 0.230041 -0.968390 0.096442
vn 0.266936 -0.959035 0.094849
vn 0.303462 -0.948289 0.093051
vn 0.339622 -0.936145 0.091050
vn 0.375413 -0.922589 0.088851
vn 0.410828 -0.907605 0.086453
vn 0.445856 -0.891168 0.083857
vn 0.480478 -0.873252 0.081062
vn 0.514668 -0.853828 0.078065
vn 0.547681 -0.833325 0.074933
vn 0.581416 -0.810462 0.071455
vn 0.612732 -0.787371 0.067875
vn 0.643934 -0.762408 0.063896
vn 0.673072 -0.737161 0.059734
vn 0.700908 -0.711103 0.055325
vn 0.727553 -0.684178 0.050677
vn 0.752987 -0.656438 0.045824
vn 0.777305 -0.627800 0.040787
vn 0.800477 -0.598305 0.035615
vn 0.822523 -0.567921 0.030352
vn 0.843463 -0.536603 0.025052
vn 0.863300 -0.504304 0.019774
vn 0.882030 -0.470967 0.014592
vn 0.899635 -0.436537 0.009589
vn 0.916207 -0.400674 0.005066
vn 0.931786 -0.363005 0.001343
vn 0.038456 -0.993160 0.110244
vn 0.000000 -0.993883 0.110439
vn 0.075772 -0.991067 0.109748
vn 0.114452 -0.987435 0.108966
vn 0.151896 -0.982485 0.107935
vn 0.188930 -0.976181 0.106660
vn 0.225610 -0.968527 0.105147
vn 0.261890 -0.959542 0.103405
vn 0.297828 -0.949215 0.101439
vn 0.333425 -0.937538 0.099252
vn 0.368678 -0.924498 0.096848
vn 0.403580 -0.910079 0.094228
vn 0.438120 -0.894258 0.091391
vn 0.472280 -0.877011 0.088336
vn 0.506035 -0.858309 0.085059
vn 0.538651 -0.838565 0.081633
vn 0.571999 -0.816554 0.077831
vn 0.602992 -0.794317 0.073904
vn 0.633899 -0.770284 0.069535
vn 0.662804 -0.745971 0.064950
vn 0.690462 -0.720870 0.060077
vn 0.716987 -0.694920 0.054923
vn 0.742365 -0.668163 0.049524
vn 0.766691 -0.640514 0.043903
vn 0.789937 -0.612003 0.038113
vn 0.812128 -0.582590 0.032205
vn 0.833284 -0.552222 0.026241
vn 0.853412 -0.520842 0.020295
vn 0.872509 -0.488384 0.014457
vn 0.890563 -0.454774 0.008836
vn 0.907663 -0.419685 0.003538
vn 0.923791 -0.382895 -0.001342
vn 0.037399 -0.992133 0.119469
vn 0.000000 -0.992812 0.119681
vn 0.073883 -0.990150 0.118931
vn 0.111725 -0.986698 0.118089
vn 0.148381 -0.981987 0.116984
vn 0.184661 -0.975978 0.115619
vn 0.220617 -0.968675 0.114001
vn 0.256204 -0.960096 0.112140
vn 0.291478 -0.950227 0.110042
vn 0.326438 -0.939062 0.107710
vn 0.361081 -0.926587 0.105148
vn 0.395401 -0.912787 0.102358
vn 0.429386 -0.897641 0.099339
vn 0.463017 -0.881126 0.096089
vn 0.496271 -0.863215 0.092605
vn 0.528430 -0.844303 0.088962
vn 0.561326 -0.823226 0.084925
vn 0.591940 -0.801928 0.080742
vn 0.622491 -0.778920 0.076082
vn 0.651102 -0.755645 0.071176
vn 0.678524 -0.731612 0.065947
vn 0.704875 -0.706755 0.060400
vn 0.730147 -0.681108 0.054573
vn 0.754434 -0.654582 0.048489
vn 0.777713 -0.627200 0.042207
vn 0.800016 -0.598911 0.035782
vn 0.821364 -0.569652 0.029287
vn 0.841769 -0.539356 0.022806
vn 0.861235 -0.507941 0.016449
vn 0.879754 -0.475317 0.010348
vn 0.897349 -0.441298 0.004634
vn 0.914264 -0.405118 -0.000419
vn 0.036200 -0.990986 0.128983
vn -0.000000 -0.991617 0.129212
vn 0.071751 -0.989123 0.128407
vn 0.108652 -0.985868 0.127512
vn 0.144425 -0.981417 0.126340
vn 0.179856 -0.975732 0.124895
vn 0.214998 -0.968814 0.123186
vn 0.249805 -0.960678 0.121224
vn 0.284328 -0.951311 0.119013
vn 0.318568 -0.940706 0.116560
vn 0.352521 -0.928850 0.113868
vn 0.386179 -0.915728 0.110940
vn 0.419529 -0.901321 0.107775
vn 0.452556 -0.885607 0.104372
vn 0.485235 -0.868563 0.100727
vn 0.516866 -0.850563 0.096920
vn 0.549231 -0.830512 0.092710
vn 0.579397 -0.810245 0.088329
vn 0.609511 -0.788373 0.083447
vn 0.637752 -0.766253 0.078289
vn 0.664862 -0.743412 0.072776
vn 0.690962 -0.719788 0.066911
vn 0.716052 -0.695400 0.060733
vn 0.740229 -0.670161 0.054267
vn 0.763476 -0.644081 0.047575
vn 0.785830 -0.617100 0.040720
vn 0.807320 -0.589146 0.033779
vn 0.827965 -0.560137 0.026855
vn 0.847778 -0.529972 0.020074
vn 0.866762 -0.498536 0.013598
vn 0.884912 -0.465696 0.007635
vn 0.902996 -0.429643 0.002281
vn 0.925647 -0.378373 -0.003469
vn 0.915069 -0.403297 -0.000944
vn 0.034835 -0.989592 0.139621
vn -0.000000 -0.990170 0.139866
vn 0.069332 -0.987862 0.139003
vn 0.105170 -0.984826 0.138049
vn 0.139945 -0.980663 0.136804
vn 0.174418 -0.975336 0.135272
vn 0.208640 -0.968843 0.133464
vn 0.242565 -0.961196 0.131391
vn 0.276242 -0.952383 0.129061
vn 0.309671 -0.942394 0.126479
vn 0.342845 -0.931219 0.123652
vn 0.375756 -0.918841 0.120580
vn 0.408392 -0.905243 0.117267
vn 0.440737 -0.890405 0.113711
vn 0.472767 -0.874306 0.109909
vn 0.503801 -0.857299 0.105940
vn 0.535562 -0.838366 0.101568
vn 0.565218 -0.819220 0.096997
vn 0.594825 -0.798585 0.091902
vn 0.622626 -0.777724 0.086500
vn 0.649355 -0.756191 0.080710
vn 0.675134 -0.733920 0.074536
vn 0.699973 -0.710923 0.068016
vn 0.723972 -0.687111 0.061176
vn 0.747123 -0.662482 0.054085
vn 0.769468 -0.636968 0.046809
vn 0.791042 -0.610489 0.039438
vn 0.811879 -0.582943 0.032087
vn 0.832004 -0.554210 0.024905
vn 0.851437 -0.524145 0.018089
vn 0.870191 -0.492570 0.011901
vn 0.889117 -0.457634 0.006482
vn 0.900441 -0.434966 0.003272
vn 0.033277 -0.987913 0.151396
vn -0.000000 -0.988433 0.151658
vn 0.066581 -0.986329 0.150738
vn 0.101215 -0.983532 0.149733
vn 0.134860 -0.979685 0.148425
vn 0.168250 -0.974749 0.146821
vn 0.201431 -0.968721 0.144933
vn 0.234357 -0.961609 0.142774
vn 0.267077 -0.953400 0.140353
vn 0.299586 -0.944084 0.137676
vn 0.331878 -0.933649 0.134750
vn 0.363944 -0.922080 0.131578
vn 0.395770 -0.909363 0.128163
vn 0.427340 -0.895477 0.124503
vn 0.458632 -0.880405 0.120598
vn 0.488986 -0.864474 0.116521
vn 0.520053 -0.846752 0.112054
vn 0.549121 -0.828821 0.107342
vn 0.578131 -0.809532 0.102094
vn 0.605406 -0.790046 0.096497
vn 0.631662 -0.769946 0.090474
vn 0.657029 -0.749168 0.084026
vn 0.681525 -0.727713 0.077187
vn 0.705252 -0.705494 0.069987
vn 0.728208 -0.682501 0.062494
vn 0.750447 -0.658656 0.054779
vn 0.772014 -0.633870 0.046936
vn 0.792952 -0.608029 0.039093
vn 0.813307 -0.580986 0.031421
vn 0.833121 -0.552563 0.024151
vn 0.852443 -0.522523 0.017613
vn 0.872311 -0.488717 0.015105
vn 0.885498 -0.464530 0.010274
vn 0.031515 -0.985898 0.164352
vn 0.000000 -0.986356 0.164626
vn 0.063483 -0.984471 0.163667
vn 0.096773 -0.981929 0.162635
vn 0.129155 -0.978418 0.161300
vn 0.161334 -0.973898 0.159671
vn 0.193353 -0.968362 0.157763
vn 0.225165 -0.961818 0.155588
vn 0.256815 -0.954248 0.153157
vn 0.288297 -0.945643 0.150478
vn 0.319604 -0.935991 0.147558
vn 0.350725 -0.925279 0.144399
vn 0.381645 -0.913490 0.141006
vn 0.412347 -0.900610 0.137376
vn 0.442811 -0.886620 0.133506
vn 0.472400 -0.871824 0.129463
vn 0.502679 -0.855379 0.125062
vn 0.531076 -0.838734 0.120348
vn 0.559395 -0.820871 0.115101
vn 0.586049 -0.802849 0.109452
vn 0.611737 -0.784284 0.103330
vn 0.636588 -0.765114 0.096732
vn 0.660635 -0.745331 0.089681
vn 0.683980 -0.724854 0.082208
vn 0.706628 -0.703666 0.074373
vn 0.728638 -0.681688 0.066242
vn 0.750068 -0.658821 0.057910
vn 0.770974 -0.634940 0.049506
vn 0.791419 -0.609883 0.041214
vn 0.811480 -0.583430 0.033301
vn 0.831255 -0.555275 0.026166
vn 0.852701 -0.521926 0.022240
vn 0.871613 -0.489699 0.022027
vn 0.029545 -0.983519 0.178376
vn 0.000000 -0.983911 0.178658
vn 0.060049 -0.982255 0.177678
vn 0.091866 -0.979978 0.176647
vn 0.122868 -0.976813 0.175327
vn 0.153724 -0.972722 0.173729
vn 0.184473 -0.967693 0.171870
vn 0.215070 -0.961730 0.169764
vn 0.245554 -0.954816 0.167421
vn 0.275916 -0.946939 0.164852
vn 0.306149 -0.938088 0.162062
vn 0.336238 -0.928249 0.159056
vn 0.366168 -0.917407 0.155836
vn 0.395922 -0.905549 0.152400
vn 0.425477 -0.892662 0.148742
vn 0.454227 -0.879021 0.144912
vn 0.483632 -0.863875 0.140784
vn 0.511283 -0.848542 0.136257
vn 0.538822 -0.832137 0.131219
vn 0.564763 -0.815621 0.125718
vn 0.589784 -0.798642 0.119691
vn 0.614017 -0.781144 0.113129
vn 0.637504 -0.763115 0.106038
vn 0.660345 -0.744482 0.098442
vn 0.682553 -0.725226 0.090385
vn 0.704189 -0.705271 0.081918
vn 0.725317 -0.684521 0.073117
vn 0.746005 -0.662848 0.064098
vn 0.766332 -0.640084 0.055032
vn 0.786408 -0.615978 0.046196
vn 0.806399 -0.590146 0.038051
vn 0.826685 -0.561823 0.030753
vn 0.849031 -0.527651 0.027048
vn -0.000000 -0.981048 0.193765
vn 0.027253 -0.980755 0.193329
vn 0.056404 -0.979663 0.192559
vn 0.086448 -0.977652 0.191634
vn 0.115947 -0.974841 0.190370
vn 0.145372 -0.971184 0.188862
vn 0.174745 -0.966669 0.187125
vn 0.204038 -0.961291 0.185170
vn 0.233273 -0.955034 0.183015
vn 0.262438 -0.947885 0.180669
vn 0.291523 -0.939830 0.178140
vn 0.320511 -0.930858 0.175434
vn 0.349386 -0.920954 0.172551
vn 0.378127 -0.910106 0.169489
vn 0.406712 -0.898304 0.166241
vn 0.434597 -0.885772 0.162891
vn 0.463023 -0.871932 0.159202
vn 0.490071 -0.857780 0.155060
vn 0.516604 -0.842883 0.150557
vn 0.541794 -0.827830 0.145455
vn 0.566102 -0.812398 0.139779
vn 0.589667 -0.796535 0.133508
vn 0.612534 -0.780235 0.126630
vn 0.634783 -0.763446 0.119164
vn 0.656448 -0.746143 0.111115
vn 0.677594 -0.728258 0.102504
vn 0.698278 -0.709711 0.093365
vn 0.718819 -0.690059 0.084369
vn 0.739810 -0.668519 0.075924
vn 0.761747 -0.644179 0.069102
vn 0.785166 -0.615811 0.065508
vn 0.803867 -0.592565 0.051629
vn 0.820134 -0.571132 0.034474
vn -0.000000 -0.979464 0.201620
vn 0.026071 -0.979202 0.201203
vn 0.054008 -0.978212 0.200460
vn 0.082784 -0.976381 0.199567
vn 0.111224 -0.973798 0.198360
vn 0.139631 -0.970423 0.196933
vn 0.168031 -0.966242 0.195298
vn 0.196387 -0.961250 0.193471
vn 0.224707 -0.955430 0.191470
vn 0.252981 -0.948770 0.189305
vn 0.281194 -0.941258 0.186985
vn 0.309330 -0.932882 0.184516
vn 0.337373 -0.923630 0.181901
vn 0.365299 -0.913491 0.179136
vn 0.393088 -0.902457 0.176218
vn 0.420370 -0.890670 0.173192
vn 0.448096 -0.877700 0.169864
vn 0.500381 -0.850477 0.162199
vn 0.525029 -0.836369 0.157580
vn 0.548777 -0.821959 0.152403
vn 0.571745 -0.807219 0.146650
vn 0.593986 -0.792143 0.140323
vn 0.615569 -0.776710 0.133406
vn 0.636545 -0.760892 0.125911
vn 0.656962 -0.744657 0.117840
vn 0.676872 -0.727953 0.109215
vn 0.696548 -0.710473 0.100244
vn 0.716738 -0.691197 0.092374
vn 0.738873 -0.668212 0.086945
vn 0.763507 -0.639829 0.087608
vn 0.793348 -0.600452 0.100286
vn 0.044461 -0.976287 -0.211863
vn -0.000000 -0.977275 -0.211975
vn 0.126262 -0.968949 -0.212595
vn 0.085788 -0.973489 -0.212035
vn 0.200000 -0.956195 -0.213755
vn 0.164128 -0.963137 -0.213140
vn 0.266323 -0.939596 -0.215014
vn 0.234040 -0.948293 -0.214395
vn 0.297005 -0.930222 -0.215581
vn 0.354053 -0.909840 -0.216420
vn 0.326209 -0.920275 -0.216061
vn 0.406136 -0.887760 -0.216647
vn 0.380657 -0.898985 -0.216626
vn 0.430606 -0.876199 -0.216459
vn 0.476819 -0.852202 -0.215395
vn 0.454183 -0.864319 -0.216035
vn 0.520488 -0.826841 -0.213133
vn 0.499199 -0.839528 -0.214459
vn 0.542126 -0.813177 -0.211762
vn 0.563121 -0.799217 -0.210110
vn 0.583750 -0.784759 -0.208301
vn 0.603994 -0.769806 -0.206371
vn 0.643187 -0.738508 -0.202281
vn 0.623805 -0.754394 -0.204347
vn 0.662079 -0.722200 -0.200198
vn 0.698286 -0.688448 -0.196054
vn 0.680452 -0.705504 -0.198114
vn 0.732158 -0.653515 -0.192000
vn 0.715531 -0.671098 -0.194017
vn 0.748062 -0.635867 -0.189937
vn 0.763096 -0.618432 -0.187684
vn 0.776620 -0.602260 -0.184782
vn 0.773420 -0.609412 -0.174469
vn 0.794264 -0.585182 -0.163424
vn 0.802492 -0.577208 -0.151123
vn 0.811050 -0.567974 -0.140011
vn 0.819154 -0.558777 -0.129439
vn 0.826607 -0.550065 -0.118949
vn 0.832935 -0.542784 -0.107729
vn 0.840381 -0.533199 -0.097260
vn 0.847830 -0.523158 -0.086550
vn 0.855035 -0.513094 -0.075162
vn 0.862065 -0.502852 -0.063113
vn 0.868972 -0.492272 -0.050563
vn 0.875944 -0.480853 -0.038762
vn 0.882646 -0.469229 -0.027578
vn 0.889315 -0.456988 -0.016750
vn 0.896144 -0.443714 -0.006584
vn 0.903333 -0.428935 0.002235
vn 0.910825 -0.412691 0.009165
vn 0.918526 -0.395105 0.014239
vn 0.925640 -0.377993 0.017693
vn 0.931999 -0.361928 0.019625
vn 0.937774 -0.346642 0.020506
vn 0.942452 -0.333694 0.020810
vn 0.946786 -0.321199 0.020697
vn 0.950525 -0.309982 0.020315
vn 0.953727 -0.300029 0.019700
vn 0.956363 -0.291571 0.018893
vn 0.958506 -0.284514 0.017811
vn 0.960144 -0.279010 0.016641
vn 0.961247 -0.275248 0.015582
vn 0.961784 -0.273410 0.014771
vn 0.961769 -0.273489 0.014278
vn 0.961209 -0.275462 0.014046
vn 0.960094 -0.279337 0.013806
vn 0.958401 -0.285110 0.013391
vn 0.956232 -0.292345 0.012487
vn 0.953364 -0.301634 0.010654
vn 0.949677 -0.313135 0.007766
vn 0.945278 -0.326233 0.004627
vn 0.939935 -0.341353 0.000596
vn 0.474554 -0.864381 0.166262
vn 0.933571 -0.358376 -0.003575
vn 0.810057 -0.581345 0.076455
vn 0.000000 0.979041 -0.203663
vn -0.000000 0.978076 -0.208246
vn -0.026206 0.977813 -0.207834
vn -0.027347 0.978743 -0.203261
vn -0.054242 0.976813 -0.207109
vn -0.056573 0.977644 -0.202512
vn -0.083129 0.974964 -0.206240
vn -0.086716 0.975628 -0.201571
vn -0.111660 0.972362 -0.205049
vn -0.116296 0.972808 -0.200301
vn -0.140151 0.968965 -0.203630
vn -0.145798 0.969138 -0.198781
vn -0.168636 0.964758 -0.201998
vn -0.175251 0.964607 -0.197027
vn -0.197077 0.959735 -0.200174
vn -0.204625 0.959209 -0.195053
vn -0.225497 0.953872 -0.198192
vn -0.233955 0.952922 -0.192886
vn -0.253875 0.947155 -0.196076
vn -0.263222 0.945732 -0.190540
vn -0.282162 0.939582 -0.193828
vn -0.292398 0.937631 -0.188018
vn -0.310334 0.931153 -0.191433
vn -0.321468 0.928611 -0.185312
vn -0.338384 0.921858 -0.188877
vn -0.350421 0.918656 -0.182417
vn -0.366303 0.911684 -0.186160
vn -0.379244 0.907753 -0.179330
vn -0.394079 0.900614 -0.183292
vn -0.407921 0.895882 -0.176054
vn -0.421697 0.888631 -0.180299
vn -0.436429 0.883029 -0.172597
vn -0.448970 0.875810 -0.177152
vn -0.464530 0.869299 -0.168911
vn -0.518022 0.840237 -0.160171
vn -0.500955 0.848700 -0.169567
vn -0.525503 0.834650 -0.164943
vn -0.543278 0.825126 -0.154968
vn -0.549219 0.820255 -0.159812
vn -0.567684 0.809611 -0.149213
vn -0.591360 0.793648 -0.142887
vn -0.572197 0.805495 -0.154169
vn -0.614331 0.777249 -0.135947
vn -0.594463 0.790390 -0.147978
vn -0.636651 0.760398 -0.128339
vn -0.616041 0.774970 -0.141121
vn -0.636998 0.759214 -0.133520
vn -0.658426 0.743002 -0.120099
vn -0.657556 0.742909 -0.125327
vn -0.679765 0.724930 -0.111334
vn -0.700667 0.706152 -0.102051
vn -0.677765 0.725961 -0.116687
vn -0.721397 0.686268 -0.092855
vn -0.697721 0.708231 -0.107674
vn -0.742655 0.664356 -0.084239
vn -0.718158 0.688703 -0.099682
vn -0.764908 0.639487 -0.077281
vn -0.740662 0.665241 -0.094209
vn -0.788696 0.610355 -0.073653
vn -0.765729 0.636120 -0.094923
vn -0.809803 0.583297 -0.063121
vn -0.796082 0.595215 -0.109418
vn -0.029652 0.980445 -0.194546
vn 0.000000 0.980835 -0.194838
vn -0.060240 0.979184 -0.193828
vn -0.092186 0.976906 -0.192758
vn -0.123296 0.973740 -0.191387
vn -0.154258 0.969643 -0.189728
vn -0.185117 0.964606 -0.187795
vn -0.215823 0.958630 -0.185604
vn -0.246422 0.951697 -0.183165
vn -0.276908 0.943794 -0.180487
vn -0.307272 0.934907 -0.177575
vn -0.337501 0.925022 -0.174434
vn -0.367580 0.914124 -0.171063
vn -0.397491 0.902197 -0.167458
vn -0.427211 0.889226 -0.163611
vn -0.456709 0.875199 -0.159513
vn -0.485787 0.860200 -0.155135
vn -0.514059 0.844472 -0.150365
vn -0.491806 0.854964 -0.164816
vn -0.541207 0.828277 -0.145095
vn -0.567309 0.811640 -0.139287
vn -0.592504 0.794524 -0.132931
vn -0.616920 0.776871 -0.126018
vn -0.640600 0.758667 -0.118559
vn -0.663637 0.739837 -0.110572
vn -0.686045 0.720360 -0.102102
vn -0.707883 0.700154 -0.093202
vn -0.729210 0.679122 -0.083945
vn -0.750088 0.657135 -0.074442
vn -0.770594 0.634018 -0.064865
vn -0.790828 0.609519 -0.055482
vn -0.810946 0.583251 -0.046745
vn -0.833075 0.551541 -0.042300
vn -0.031673 0.981978 -0.186325
vn -0.000000 0.982433 -0.186616
vn -0.063771 0.980554 -0.185600
vn -0.097239 0.978011 -0.184494
vn -0.129777 0.974498 -0.183062
vn -0.162108 0.969973 -0.181311
vn -0.194283 0.964428 -0.179256
vn -0.226252 0.957869 -0.176912
vn -0.258066 0.950277 -0.174287
vn -0.289722 0.941640 -0.171389
vn -0.321213 0.931946 -0.168225
vn -0.352527 0.921177 -0.164798
vn -0.383652 0.909316 -0.161107
vn -0.414569 0.896346 -0.157151
vn -0.445258 0.882247 -0.152925
vn -0.475685 0.867004 -0.148419
vn -0.505649 0.850702 -0.143615
vn -0.534773 0.833581 -0.138422
vn -0.562730 0.815911 -0.132754
vn -0.589594 0.797718 -0.126586
vn -0.615500 0.778961 -0.119915
vn -0.640572 0.759577 -0.112738
vn -0.664842 0.739556 -0.105085
vn -0.688404 0.718815 -0.096980
vn -0.711266 0.697331 -0.088487
vn -0.733481 0.675024 -0.079672
vn -0.755100 0.651795 -0.070627
vn -0.776177 0.627511 -0.061482
vn -0.796767 0.602009 -0.052418
vn -0.816936 0.575071 -0.043695
vn -0.836775 0.546381 -0.035709
vn -0.858850 0.511225 -0.032021
vn -0.855788 0.515876 -0.038710
vn -0.878052 0.477520 -0.031610
vn -0.033500 0.983333 -0.178704
vn -0.000000 0.983851 -0.178989
vn -0.066993 0.981750 -0.177985
vn -0.101869 0.978948 -0.176873
vn -0.135728 0.975093 -0.175421
vn -0.169327 0.970144 -0.173636
vn -0.202722 0.964096 -0.171530
vn -0.235862 0.956958 -0.169117
vn -0.268803 0.948712 -0.166406
vn -0.301543 0.939346 -0.163403
vn -0.334077 0.928846 -0.160115
vn -0.366396 0.917196 -0.156543
vn -0.398487 0.904375 -0.152689
vn -0.430333 0.890363 -0.148552
vn -0.461911 0.875138 -0.144125
vn -0.493189 0.858680 -0.139403
vn -0.523960 0.841076 -0.134375
vn -0.553850 0.822568 -0.128964
vn -0.582523 0.803437 -0.123105
vn -0.610050 0.783710 -0.116783
vn -0.636559 0.763344 -0.109997
vn -0.662170 0.742276 -0.102752
vn -0.686904 0.720501 -0.095085
vn -0.710857 0.697932 -0.087024
vn -0.734026 0.674553 -0.078640
vn -0.756455 0.650288 -0.070004
vn -0.778189 0.625041 -0.061211
vn -0.799265 0.598692 -0.052388
vn -0.819717 0.571100 -0.043705
vn -0.839582 0.542079 -0.035393
vn -0.858900 0.511389 -0.027778
vn -0.878818 0.476526 -0.024535
vn -0.892149 0.451344 -0.018943
vn -0.035131 0.984515 -0.171744
vn -0.000000 0.985094 -0.172020
vn -0.069887 0.982781 -0.171047
vn -0.106038 0.979730 -0.169954
vn -0.141094 0.975548 -0.168521
vn -0.175842 0.970192 -0.166753
vn -0.210341 0.963662 -0.164660
vn -0.244540 0.955967 -0.162256
vn -0.278500 0.947092 -0.159547
vn -0.312220 0.937024 -0.156540
vn -0.345696 0.925750 -0.153239
vn -0.378920 0.913250 -0.149647
vn -0.411881 0.899504 -0.145764
vn -0.444560 0.884488 -0.141587
vn -0.476936 0.868178 -0.137111
vn -0.508972 0.850550 -0.132332
vn -0.540457 0.831694 -0.127242
vn -0.571017 0.811856 -0.121777
vn -0.600308 0.791328 -0.115889
vn -0.628391 0.770143 -0.109567
vn -0.655392 0.748259 -0.102815
vn -0.681428 0.725610 -0.095638
vn -0.706508 0.702203 -0.088078
vn -0.730727 0.677947 -0.080162
vn -0.754072 0.652837 -0.071960
vn -0.776582 0.626803 -0.063542
vn -0.798289 0.599759 -0.054998
vn -0.819216 0.571601 -0.046444
vn -0.839382 0.542210 -0.038029
vn -0.858799 0.511436 -0.029950
vn -0.877474 0.479097 -0.022469
vn -0.896198 0.443355 -0.016316
vn -0.907659 0.419488 -0.013626
vn -0.036591 0.985569 -0.165270
vn -0.000000 0.986204 -0.165533
vn -0.072489 0.983694 -0.164597
vn -0.109791 0.980409 -0.163534
vn -0.145928 0.975919 -0.162136
vn -0.181713 0.970181 -0.160405
vn -0.217208 0.963196 -0.158351
vn -0.252362 0.954977 -0.155987
vn -0.287240 0.945509 -0.153318
vn -0.321842 0.934780 -0.150350
vn -0.356165 0.922774 -0.147086
vn -0.390203 0.909473 -0.143527
vn -0.423943 0.894854 -0.139673
vn -0.457369 0.878890 -0.135521
vn -0.490455 0.861554 -0.131066
vn -0.523165 0.842821 -0.126301
vn -0.555282 0.822780 -0.121223
vn -0.586425 0.801686 -0.115779
vn -0.616244 0.779845 -0.109932
vn -0.644792 0.757294 -0.103678
vn -0.672188 0.733997 -0.097021
vn -0.698548 0.709886 -0.089966
vn -0.723871 0.684978 -0.082556
vn -0.748249 0.659185 -0.074818
vn -0.771663 0.632512 -0.066816
vn -0.794145 0.604895 -0.058617
vn -0.815716 0.576262 -0.050301
vn -0.836389 0.546527 -0.041969
vn -0.856174 0.515585 -0.033750
vn -0.875062 0.483322 -0.025807
vn -0.893040 0.449603 -0.018349
vn -0.911292 0.411594 -0.011693
vn -0.923451 0.383670 -0.005987
vn -0.920146 0.391491 -0.008108
vn -0.037882 0.986490 -0.159380
vn -0.000000 0.987176 -0.159634
vn -0.074800 0.984484 -0.158730
vn -0.113132 0.980986 -0.157694
vn -0.150235 0.976213 -0.156326
vn -0.186946 0.970124 -0.154629
vn -0.223332 0.962721 -0.152611
vn -0.259340 0.954021 -0.150286
vn -0.295039 0.944007 -0.147657
vn -0.330429 0.932668 -0.144729
vn -0.365510 0.919989 -0.141505
vn -0.400274 0.905947 -0.137986
vn -0.434711 0.890519 -0.134171
vn -0.468803 0.873676 -0.130056
vn -0.502522 0.855387 -0.125636
vn -0.535833 0.835623 -0.120905
vn -0.568508 0.814478 -0.115861
vn -0.600163 0.792214 -0.110461
vn -0.630435 0.769152 -0.104679
vn -0.659371 0.745336 -0.098515
vn -0.687086 0.720731 -0.091974
vn -0.713693 0.695275 -0.085063
vn -0.739183 0.668992 -0.077827
vn -0.763647 0.641796 -0.070288
vn -0.787059 0.613702 -0.062512
vn -0.809445 0.584656 -0.054558
vn -0.830820 0.554596 -0.046499
vn -0.851191 0.523447 -0.038424
vn -0.870555 0.491128 -0.030443
vn -0.888896 0.457547 -0.022691
vn -0.906196 0.422580 -0.015332
vn -0.922546 0.385806 -0.007939
vn -0.933978 0.357294 -0.005062
vn -0.039051 0.987403 -0.153331
vn 0.000000 0.988137 -0.153572
vn -0.076905 0.985275 -0.152707
vn -0.116181 0.981574 -0.151705
vn -0.154168 0.976534 -0.150377
vn -0.191727 0.970114 -0.148727
vn -0.228925 0.962317 -0.146762
vn -0.265711 0.953163 -0.144494
vn -0.302155 0.942634 -0.141928
vn -0.338261 0.930720 -0.139068
vn -0.374026 0.917405 -0.135916
vn -0.409445 0.902666 -0.132473
vn -0.444508 0.886476 -0.128738
vn -0.479193 0.868805 -0.124708
vn -0.513475 0.849619 -0.120376
vn -0.547313 0.828887 -0.115738
vn -0.580474 0.806706 -0.110794
vn -0.612565 0.783347 -0.105509
vn -0.643210 0.759149 -0.099866
vn -0.672451 0.734165 -0.093867
vn -0.700401 0.708363 -0.087524
vn -0.727169 0.681682 -0.080843
vn -0.752743 0.654157 -0.073869
vn -0.777209 0.625706 -0.066623
vn -0.800539 0.596353 -0.059169
vn -0.822755 0.566053 -0.051558
vn -0.843872 0.534750 -0.043858
vn -0.863889 0.502385 -0.036145
vn -0.882797 0.468889 -0.028511
vn -0.900577 0.434187 -0.021069
vn -0.917181 0.398227 -0.013947
vn -0.932525 0.361022 -0.007781
vn -0.942072 0.335380 -0.004616
vn -0.040093 0.988330 -0.146957
vn -0.000000 0.989109 -0.147184
vn -0.078797 0.986087 -0.146369
vn -0.118929 0.982197 -0.145414
vn -0.157718 0.976907 -0.144145
vn -0.196044 0.970176 -0.142565
vn -0.233976 0.962010 -0.140681
vn -0.271464 0.952430 -0.138506
vn -0.308579 0.941420 -0.136043
vn -0.345326 0.928968 -0.133297
vn -0.381704 0.915058 -0.130269
vn -0.417707 0.899668 -0.126962
vn -0.453324 0.882766 -0.123374
vn -0.488535 0.864322 -0.119501
vn -0.523311 0.844300 -0.115339
vn -0.557608 0.822666 -0.110883
vn -0.591189 0.799520 -0.106134
vn -0.623648 0.775145 -0.101064
vn -0.654597 0.749900 -0.095666
vn -0.684075 0.723844 -0.089947
vn -0.712191 0.696952 -0.083918
vn -0.739055 0.669162 -0.077588
vn -0.764650 0.640523 -0.071002
vn -0.789061 0.610952 -0.064181
vn -0.812259 0.580488 -0.057181
vn -0.834264 0.549089 -0.050051
vn -0.855089 0.516708 -0.042848
vn -0.874731 0.483297 -0.035637
vn -0.893180 0.448796 -0.028492
vn -0.910412 0.413144 -0.021500
vn -0.926383 0.376294 -0.014751
vn -0.940874 0.338648 -0.008593
vn -0.041025 0.989205 -0.140678
vn 0.000000 0.990026 -0.140886
vn -0.080509 0.986854 -0.140132
vn -0.121425 0.982786 -0.139238
vn -0.160947 0.977261 -0.138048
vn -0.199973 0.970238 -0.136562
vn -0.238574 0.961725 -0.134789
vn -0.276698 0.951745 -0.132741
vn -0.314421 0.940282 -0.130422
vn -0.351747 0.927325 -0.127837
vn -0.388675 0.912858 -0.124988
vn -0.425201 0.896856 -0.121876
vn -0.461313 0.879289 -0.118500
vn -0.496988 0.860123 -0.114858
vn -0.532197 0.839319 -0.110946
vn -0.566894 0.816844 -0.106760
vn -0.600835 0.792800 -0.102301
vn -0.633601 0.767485 -0.097549
vn -0.664794 0.741278 -0.092501
vn -0.694447 0.714245 -0.087167
vn -0.722671 0.686363 -0.081562
vn -0.749574 0.657578 -0.075697
vn -0.775137 0.627947 -0.069614
vn -0.799447 0.597389 -0.063335
vn -0.822473 0.565951 -0.056909
vn -0.844237 0.533597 -0.050380
vn -0.864751 0.500289 -0.043795
vn -0.884011 0.465983 -0.037208
vn -0.902007 0.430630 -0.030677
vn -0.918714 0.394176 -0.024269
vn -0.934084 0.356594 -0.018084
vn -0.947838 0.318519 -0.012181
vn -0.041852 0.990103 -0.133954
vn 0.000000 0.990962 -0.134141
vn -0.082050 0.987652 -0.133459
vn -0.123682 0.983417 -0.132640
vn -0.163873 0.977672 -0.131543
vn -0.203534 0.970376 -0.130172
vn -0.242741 0.961538 -0.128536
vn -0.281442 0.951185 -0.126644
vn -0.319711 0.939300 -0.124502
vn -0.357555 0.925874 -0.122112
vn -0.394974 0.910890 -0.119479
vn -0.431963 0.894322 -0.116604
vn -0.468509 0.876140 -0.113484
vn -0.504589 0.856308 -0.110118
vn -0.540174 0.834787 -0.106503
vn -0.575212 0.811540 -0.102633
vn -0.609453 0.786678 -0.098513
vn -0.642467 0.760511 -0.094123
vn -0.673843 0.733438 -0.089469
vn -0.703614 0.705533 -0.084561
vn -0.731891 0.676778 -0.079416
vn -0.758781 0.647123 -0.074044
vn -0.784267 0.616632 -0.068485
vn -0.808438 0.585226 -0.062755
vn -0.831263 0.552959 -0.056900
vn -0.852767 0.519800 -0.050954
vn -0.872960 0.485715 -0.044955
vn -0.891843 0.450666 -0.038942
vn -0.909404 0.414605 -0.032961
vn -0.925620 0.377485 -0.027057
vn -0.940499 0.339122 -0.021405
vn -0.953605 0.300653 -0.015638
vn -0.042566 0.991044 -0.126570
vn 0.000000 0.991937 -0.126735
vn -0.083403 0.988502 -0.126128
vn -0.125676 0.984115 -0.125390
vn -0.166463 0.978170 -0.124395
vn -0.206692 0.970625 -0.123149
vn -0.246438 0.961492 -0.121659
vn -0.285649 0.950800 -0.119934
vn -0.324403 0.938533 -0.117979
vn -0.362705 0.924681 -0.115798
vn -0.400557 0.909228 -0.113392
vn -0.437954 0.892148 -0.110762
vn -0.474881 0.873410 -0.107907
vn -0.511317 0.852976 -0.104824
vn -0.547227 0.830806 -0.101509
vn -0.582560 0.806863 -0.097957
vn -0.617061 0.781260 -0.094173
vn -0.650283 0.754325 -0.090143
vn -0.681805 0.726476 -0.085874
vn -0.711659 0.697795 -0.081381
vn -0.739960 0.668266 -0.076678
vn -0.766815 0.637843 -0.071774
vn -0.792207 0.606596 -0.066705
vn -0.816230 0.574446 -0.061482
vn -0.838854 0.541453 -0.056142
vn -0.860105 0.507591 -0.050711
vn -0.879995 0.472827 -0.045215
vn -0.898527 0.437122 -0.039683
vn -0.915690 0.400432 -0.034142
vn -0.931461 0.362714 -0.028622
vn -0.945831 0.323825 -0.023246
vn -0.958535 0.284416 -0.017839
vn -0.043160 0.991911 -0.119373
vn 0.000000 0.992832 -0.119516
vn -0.084549 0.989290 -0.118982
vn -0.127376 0.984772 -0.118319
vn -0.168679 0.978652 -0.117423
vn -0.209397 0.970890 -0.116296
vn -0.249608 0.961501 -0.114944
vn -0.289260 0.950512 -0.113378
vn -0.328432 0.937911 -0.111600
vn -0.367129 0.923689 -0.109613
vn -0.405354 0.907827 -0.107418
vn -0.443102 0.890299 -0.105016
vn -0.480358 0.871074 -0.102404
vn -0.517099 0.850113 -0.099580
vn -0.553289 0.827376 -0.096538
vn -0.588877 0.802823 -0.093275
vn -0.623599 0.776571 -0.089792
vn -0.656996 0.748963 -0.086084
vn -0.688636 0.720437 -0.082160
vn -0.718552 0.691081 -0.078036
vn -0.746861 0.660881 -0.073723
vn -0.773672 0.629792 -0.069231
vn -0.798972 0.597890 -0.064587
vn -0.822855 0.565096 -0.059801
vn -0.845295 0.531473 -0.054899
vn -0.866318 0.496995 -0.049900
vn -0.885940 0.461630 -0.044820
vn -0.904164 0.425339 -0.039677
vn -0.920981 0.388079 -0.034486
vn -0.936366 0.349804 -0.029261
vn -0.950289 0.310438 -0.024055
vn -0.962556 0.270424 -0.018863
vn -0.043639 0.992660 -0.112789
vn 0.000000 0.993605 -0.112913
vn -0.085495 0.989973 -0.112443
vn -0.128789 0.985344 -0.111847
vn -0.170526 0.979077 -0.111037
vn -0.211658 0.971132 -0.110014
vn -0.252261 0.961525 -0.108785
vn -0.292284 0.950287 -0.107356
vn -0.331808 0.937403 -0.105731
vn -0.370838 0.922866 -0.103912
vn -0.409378 0.906657 -0.101898
vn -0.447420 0.888750 -0.099689
vn -0.484953 0.869113 -0.097282
vn -0.521952 0.847705 -0.094674
vn -0.558379 0.824485 -0.091861
vn -0.594179 0.799412 -0.088835
vn -0.629086 0.772608 -0.085602
vn -0.662627 0.744430 -0.082158
vn -0.694359 0.715333 -0.078519
vn -0.724317 0.685408 -0.074700
vn -0.752622 0.654645 -0.070711
vn -0.779387 0.622998 -0.066557
vn -0.804597 0.590547 -0.062263
vn -0.828354 0.557212 -0.057830
vn -0.850631 0.523056 -0.053281
vn -0.871458 0.488054 -0.048626
vn -0.890851 0.452171 -0.043873
vn -0.908815 0.415370 -0.039030
vn -0.925339 0.377604 -0.034104
vn -0.940400 0.338824 -0.029099
vn -0.953956 0.298983 -0.024019
vn -0.965952 0.258029 -0.018891
vn -0.044008 0.993378 -0.106126
vn 0.000000 0.994341 -0.106233
vn -0.086247 0.990638 -0.105819
vn -0.129924 0.985919 -0.105282
vn -0.172019 0.979530 -0.104546
vn -0.213490 0.971435 -0.103614
vn -0.254416 0.961649 -0.102490
vn -0.294746 0.950204 -0.101180
vn -0.334560 0.937087 -0.099685
vn -0.373868 0.922289 -0.098008
vn -0.412670 0.905792 -0.096147
vn -0.450961 0.887569 -0.094101
vn -0.488726 0.867587 -0.091867
vn -0.525943 0.845804 -0.089441
vn -0.562571 0.822178 -0.086819
vn -0.598555 0.796666 -0.083994
vn -0.633620 0.769395 -0.080972
vn -0.667284 0.740733 -0.077755
vn -0.699096 0.711150 -0.074367
vn -0.729091 0.680743 -0.070819
vn -0.757393 0.649500 -0.067121
vn -0.784120 0.617376 -0.063276
vn -0.809259 0.584451 -0.059302
vn -0.832914 0.550643 -0.055198
vn -0.855061 0.516016 -0.050979
vn -0.875729 0.480544 -0.046648
vn -0.894939 0.444187 -0.042208
vn -0.912693 0.406908 -0.037656
vn -0.928980 0.368657 -0.032990
vn -0.943776 0.329380 -0.028207
vn -0.957038 0.289026 -0.023300
vn -0.968728 0.247455 -0.018237
vn -0.044280 0.994059 -0.099425
vn 0.000000 0.995036 -0.099519
vn -0.086823 0.991277 -0.099151
vn -0.130805 0.986486 -0.098665
vn -0.173184 0.980002 -0.097994
vn -0.214926 0.971787 -0.097140
vn -0.256110 0.961858 -0.096107
vn -0.296686 0.950248 -0.094899
vn -0.336735 0.936944 -0.093516
vn -0.376264 0.921937 -0.091960
vn -0.415277 0.905209 -0.090229
vn -0.453768 0.886732 -0.088322
vn -0.491722 0.866472 -0.086235
vn -0.529113 0.844387 -0.083965
vn -0.565904 0.820432 -0.081507
vn -0.602034 0.794567 -0.078856
vn -0.637227 0.766918 -0.076019
vn -0.670986 0.737867 -0.073005
vn -0.702856 0.707895 -0.069841
vn -0.732875 0.677102 -0.066542
vn -0.761168 0.645477 -0.063112
vn -0.787857 0.612972 -0.059555
vn -0.812934 0.579668 -0.055884
vn -0.836503 0.545480 -0.052094
vn -0.858543 0.510472 -0.048195
vn -0.879085 0.474614 -0.044185
vn -0.898148 0.437864 -0.040059
vn -0.915738 0.400178 -0.035809
vn -0.931840 0.361507 -0.031426
vn -0.946428 0.321793 -0.026896
vn -0.959457 0.280979 -0.022207
vn -0.970900 0.238860 -0.017315
vn -0.044467 0.994708 -0.092617
vn -0.000000 0.995694 -0.092700
vn -0.087242 0.991895 -0.092371
vn -0.131459 0.987050 -0.091927
vn -0.174057 0.980493 -0.091311
vn -0.216009 0.972186 -0.090524
vn -0.257395 0.962146 -0.089568
vn -0.298163 0.950408 -0.088446
vn -0.338396 0.936959 -0.087158
vn -0.378101 0.921789 -0.085704
vn -0.417281 0.904880 -0.084083
vn -0.455930 0.886203 -0.082293
vn -0.494033 0.865724 -0.080332
vn -0.531564 0.843401 -0.078195
vn -0.568483 0.819188 -0.075880
vn -0.604729 0.793044 -0.073381
vn -0.640019 0.765098 -0.070709
vn -0.673853 0.735741 -0.067879
vn -0.705764 0.705466 -0.064924
vn -0.735795 0.674373 -0.061857
vn -0.764077 0.642451 -0.058683
vn -0.790731 0.609652 -0.055404
vn -0.815756 0.576052 -0.052029
vn -0.839254 0.541567 -0.048552
vn -0.861211 0.506254 -0.044978
vn -0.881656 0.470082 -0.041300
vn -0.900609 0.433009 -0.037510
vn -0.918074 0.394982 -0.033596
vn -0.934038 0.355949 -0.029542
vn -0.948471 0.315849 -0.025330
vn -0.961325 0.274620 -0.020940
vn -0.972547 0.232131 -0.016334
vn -0.044583 0.995373 -0.085117
vn -0.000000 0.996365 -0.085190
vn -0.087527 0.992538 -0.084896
vn -0.131917 0.987653 -0.084492
vn -0.174678 0.981042 -0.083930
vn -0.216788 0.972666 -0.083207
vn -0.258326 0.962544 -0.082324
vn -0.299240 0.950709 -0.081284
vn -0.339613 0.937150 -0.080087
vn -0.379453 0.921855 -0.078732
vn -0.418760 0.904808 -0.077217
vn -0.457531 0.885979 -0.075542
vn -0.495748 0.865334 -0.073703
vn -0.533383 0.842830 -0.071698
vn -0.570397 0.818421 -0.069526
vn -0.606727 0.792066 -0.067183
vn -0.642088 0.763898 -0.064681
vn -0.675970 0.734313 -0.062044
vn -0.707903 0.703815 -0.059308
vn -0.737933 0.672505 -0.056488
vn -0.766195 0.640369 -0.053589
vn -0.792815 0.607357 -0.050610
vn -0.817791 0.573547 -0.047559
vn -0.841231 0.538848 -0.044429
vn -0.863121 0.503313 -0.041221
vn -0.883490 0.466912 -0.037928
vn -0.902361 0.429595 -0.034538
vn -0.919737 0.391306 -0.031035
vn -0.935603 0.351989 -0.027403
vn -0.949927 0.311578 -0.023620
vn -0.962657 0.270007 -0.019662
vn -0.973719 0.227224 -0.015505
vn -0.044636 0.996040 -0.076889
vn -0.000000 0.997035 -0.076952
vn -0.087691 0.993191 -0.076692
vn -0.132195 0.988281 -0.076328
vn -0.175067 0.981633 -0.075818
vn -0.217286 0.973210 -0.075159
vn -0.258932 0.963030 -0.074350
vn -0.299949 0.951128 -0.073394
vn -0.340423 0.937490 -0.072288
vn -0.380360 0.922107 -0.071032
vn -0.419760 0.904961 -0.069625
vn -0.458618 0.886023 -0.068066
vn -0.496915 0.865259 -0.066353
vn -0.534624 0.842626 -0.064485
vn -0.571702 0.818080 -0.062462
vn -0.608087 0.791578 -0.060283
vn -0.643490 0.763256 -0.057965
vn -0.677396 0.733520 -0.055536
vn -0.709333 0.702876 -0.053038
vn -0.739349 0.671427 -0.050486
vn -0.767584 0.639158 -0.047885
vn -0.794167 0.606015 -0.045234
vn -0.819098 0.572074 -0.042540
vn -0.842488 0.537243 -0.039795
vn -0.864325 0.501570 -0.037001
vn -0.884639 0.465024 -0.034148
vn -0.903453 0.427549 -0.031224
vn -0.920770 0.389085 -0.028215
vn -0.936574 0.349570 -0.025102
vn -0.950831 0.308938 -0.021863
vn -0.963488 0.267115 -0.018475
vn -0.974456 0.224083 -0.014928
vn -0.044633 0.996700 -0.067800
vn 0.000000 0.997695 -0.067855
vn -0.087740 0.993845 -0.067627
vn -0.132303 0.988922 -0.067305
vn -0.175236 0.982254 -0.066852
vn -0.217518 0.973805 -0.066261
vn -0.259228 0.963590 -0.065533
vn -0.300310 0.951647 -0.064667
vn -0.340848 0.937961 -0.063661
vn -0.380847 0.922522 -0.062514
vn -0.420306 0.905315 -0.061226
vn -0.459217 0.886309 -0.059795
vn -0.497564 0.865471 -0.058222
vn -0.535316 0.842760 -0.056506
vn -0.572429 0.818131 -0.054651
vn -0.608839 0.791544 -0.052658
vn -0.644256 0.763138 -0.050547
vn -0.678161 0.733321 -0.048353
vn -0.710082 0.702607 -0.046121
vn -0.740071 0.671096 -0.043869
vn -0.768271 0.638771 -0.041599
vn -0.794814 0.605579 -0.039312
vn -0.819703 0.571592 -0.037015
vn -0.843051 0.536714 -0.034700
vn -0.864846 0.500993 -0.032368
vn -0.885122 0.464390 -0.030013
vn -0.903900 0.426851 -0.027622
vn -0.921185 0.388309 -0.025182
vn -0.936960 0.348699 -0.022677
vn -0.951190 0.307951 -0.020088
vn -0.963820 0.265988 -0.017394
vn -0.974751 0.222816 -0.014592
vn -0.044576 0.997281 -0.058688
vn 0.000000 0.998274 -0.058735
vn -0.087677 0.994428 -0.058538
vn -0.132243 0.989504 -0.058257
vn -0.175187 0.982834 -0.057860
vn -0.217486 0.974378 -0.057339
vn -0.259218 0.964154 -0.056691
vn -0.300325 0.952197 -0.055916
vn -0.340890 0.938492 -0.055012
vn -0.380916 0.923033 -0.053976
vn -0.420402 0.905800 -0.052810
vn -0.459337 0.886768 -0.051511
vn -0.497702 0.865901 -0.050082
vn -0.535465 0.843162 -0.048525
vn -0.572584 0.818507 -0.046844
vn -0.608991 0.791897 -0.045045
vn -0.644395 0.763475 -0.043150
vn -0.678276 0.733652 -0.041199
vn -0.710164 0.702942 -0.039243
vn -0.740115 0.671446 -0.037295
vn -0.768273 0.639145 -0.035362
vn -0.794773 0.605985 -0.033444
vn -0.819624 0.572033 -0.031548
vn -0.842937 0.537194 -0.029668
vn -0.864702 0.501515 -0.027807
vn -0.884956 0.464952 -0.025957
vn -0.903720 0.427446 -0.024112
vn -0.920998 0.388931 -0.022260
vn -0.936775 0.349338 -0.020389
vn -0.951015 0.308592 -0.018485
vn -0.963661 0.266615 -0.016533
vn -0.974615 0.223415 -0.014517
vn -0.044471 0.997779 -0.049585
vn 0.000000 0.998768 -0.049624
vn -0.087513 0.994935 -0.049460
vn -0.132031 0.990023 -0.049223
vn -0.174939 0.983365 -0.048886
vn -0.217212 0.974922 -0.048440
vn -0.258925 0.964710 -0.047881
vn -0.300022 0.952763 -0.047208
vn -0.340579 0.939069 -0.046418
vn -0.380600 0.923619 -0.045509
vn -0.420082 0.906396 -0.044480
vn -0.459010 0.887374 -0.043332
vn -0.497365 0.866521 -0.042068
vn -0.535114 0.843799 -0.040691
vn -0.572210 0.819169 -0.039207
vn -0.608588 0.792594 -0.037625
vn -0.643955 0.764218 -0.035967
vn -0.677791 0.734455 -0.034281
vn -0.709631 0.703818 -0.032616
vn -0.739534 0.672406 -0.030987
vn -0.767645 0.640201 -0.029399
vn -0.794103 0.607144 -0.027853
vn -0.818919 0.573304 -0.026356
vn -0.842204 0.538583 -0.024904
vn -0.863952 0.503026 -0.023499
vn -0.884198 0.466588 -0.022137
vn -0.902966 0.429208 -0.020812
vn -0.920261 0.390817 -0.019518
vn -0.936068 0.351346 -0.018245
vn -0.950351 0.310715 -0.016986
vn -0.963054 0.268847 -0.015729
vn -0.974072 0.225778 -0.014457
vn -0.044318 0.998209 -0.040185
vn 0.000000 0.999191 -0.040214
vn -0.087247 0.995380 -0.040089
vn -0.131662 0.990491 -0.039903
vn -0.174486 0.983862 -0.039637
vn -0.216688 0.975451 -0.039280
vn -0.258341 0.965273 -0.038829
vn -0.299386 0.953364 -0.038280
vn -0.339899 0.939709 -0.037630
vn -0.379880 0.924300 -0.036876
vn -0.419322 0.907123 -0.036020
vn -0.458212 0.888151 -0.035061
vn -0.496526 0.867356 -0.034002
vn -0.534231 0.844700 -0.032848
vn -0.571278 0.820148 -0.031606
vn -0.607600 0.793666 -0.030286
vn -0.642906 0.765400 -0.028911
vn -0.676679 0.735763 -0.027531
vn -0.708459 0.705266 -0.026194
vn -0.738306 0.674005 -0.024916
vn -0.766370 0.641962 -0.023699
vn -0.792789 0.609079 -0.022544
vn -0.817577 0.575420 -0.021457
vn -0.840845 0.540890 -0.020433
vn -0.862589 0.505531 -0.019473
vn -0.882845 0.469296 -0.018575
vn -0.901639 0.432125 -0.017734
vn -0.918977 0.393948 -0.016945
vn -0.934842 0.354694 -0.016202
vn -0.949203 0.314283 -0.015498
vn -0.962003 0.272636 -0.014829
vn -0.973122 0.229856 -0.014175
vn -0.044117 0.998545 -0.031006
vn 0.000000 0.999519 -0.031024
vn -0.086877 0.995739 -0.030941
vn -0.131136 0.990886 -0.030811
vn -0.173824 0.984301 -0.030622
vn -0.215907 0.975942 -0.030364
vn -0.257454 0.965824 -0.030032
vn -0.298404 0.953980 -0.029622
vn -0.338831 0.940396 -0.029130
vn -0.378732 0.925066 -0.028555
vn -0.418099 0.907973 -0.027895
vn -0.456915 0.889096 -0.027152
vn -0.495156 0.868405 -0.026328
vn -0.532786 0.845868 -0.025428
vn -0.569756 0.821450 -0.024460
vn -0.605996 0.795122 -0.023432
vn -0.641219 0.767032 -0.022370
vn -0.674913 0.737590 -0.021321
vn -0.706622 0.707299 -0.020335
vn -0.736411 0.676256 -0.019423
vn -0.764428 0.644441 -0.018585
vn -0.790814 0.611797 -0.017823
vn -0.815583 0.578387 -0.017136
vn -0.838849 0.544113 -0.016522
vn -0.860606 0.509021 -0.015980
vn -0.880893 0.473062 -0.015505
vn -0.899735 0.436175 -0.015095
vn -0.917141 0.398291 -0.014743
vn -0.933096 0.359338 -0.014444
vn -0.947568 0.319238 -0.014194
vn -0.960505 0.277912 -0.013990
vn -0.971805 0.235379 -0.013815
vn -0.043864 0.998814 -0.021111
vn 0.000000 0.999777 -0.021116
vn -0.086400 0.996037 -0.021084
vn -0.130444 0.991233 -0.021021
vn -0.172943 0.984710 -0.020927
vn -0.214853 0.976425 -0.020790
vn -0.256244 0.966393 -0.020606
vn -0.297052 0.954644 -0.020370
vn -0.337346 0.941166 -0.020078
vn -0.377124 0.925953 -0.019727
vn -0.416374 0.908988 -0.019317
vn -0.455079 0.890252 -0.018848
vn -0.493210 0.869717 -0.018322
vn -0.530733 0.847354 -0.017743
vn -0.567596 0.823129 -0.017117
vn -0.603731 0.797018 -0.016454
vn -0.638851 0.769169 -0.015773
vn -0.672451 0.739987 -0.015123
vn -0.704085 0.709966 -0.014550
vn -0.733816 0.679203 -0.014059
vn -0.761793 0.647677 -0.013650
vn -0.788158 0.615329 -0.013319
vn -0.812923 0.582224 -0.013064
vn -0.836206 0.548264 -0.012879
vn -0.857998 0.513494 -0.012761
vn -0.878342 0.477865 -0.012703
vn -0.897260 0.441319 -0.012701
vn -0.914764 0.403787 -0.012748
vn -0.930842 0.365196 -0.012838
vn -0.945463 0.325471 -0.012968
vn -0.958576 0.284534 -0.013133
vn -0.970128 0.242229 -0.013317
vn -0.043560 0.998992 -0.010878
vn -0.000000 0.999941 -0.010869
vn -0.085813 0.996252 -0.010893
vn -0.129582 0.991509 -0.010907
vn -0.171832 0.985066 -0.010918
vn -0.213513 0.976879 -0.010920
vn -0.254691 0.966961 -0.010905
vn -0.295301 0.955342 -0.010869
vn -0.335412 0.942010 -0.010807
vn -0.375017 0.926956 -0.010717
vn -0.414103 0.910169 -0.010597
vn -0.452652 0.891626 -0.010446
vn -0.490635 0.871305 -0.010265
vn -0.528014 0.849176 -0.010057
vn -0.564740 0.825210 -0.009825
vn -0.600745 0.799383 -0.009577
vn -0.635743 0.771844 -0.009330
vn -0.669239 0.742991 -0.009127
vn -0.700793 0.713307 -0.009009
vn -0.730471 0.682885 -0.008978
vn -0.758418 0.651707 -0.009028
vn -0.784775 0.619713 -0.009152
vn -0.809557 0.586967 -0.009343
vn -0.832877 0.553375 -0.009593
vn -0.854730 0.518978 -0.009894
vn -0.875157 0.483730 -0.010237
vn -0.894183 0.447576 -0.010615
vn -0.911817 0.410448 -0.011018
vn -0.928052 0.372274 -0.011442
vn -0.942858 0.332982 -0.011878
vn -0.956188 0.292494 -0.012321
vn -0.967992 0.250658 -0.012740
vn -0.043196 0.999065 0.001660
vn 0.000000 0.999999 0.001687
vn -0.085101 0.996371 0.001592
vn -0.128526 0.991705 0.001486
vn -0.170461 0.985364 0.001343
vn -0.211846 0.977302 0.001170
vn -0.252746 0.967532 0.000974
vn -0.293095 0.956083 0.000758
vn -0.332960 0.942941 0.000527
vn -0.372335 0.928099 0.000285
vn -0.411203 0.911544 0.000033
vn -0.449548 0.893256 -0.000225
vn -0.487339 0.873213 -0.000489
vn -0.524538 0.851387 -0.000759
vn -0.561096 0.827750 -0.001036
vn -0.596947 0.802280 -0.001323
vn -0.631809 0.775123 -0.001629
vn -0.665195 0.746667 -0.001994
vn -0.696674 0.717384 -0.002448
vn -0.726309 0.687362 -0.002988
vn -0.754245 0.656583 -0.003602
vn -0.780621 0.624991 -0.004279
vn -0.805447 0.592646 -0.005005
vn -0.828839 0.559458 -0.005770
vn -0.850788 0.525468 -0.006560
vn -0.871335 0.490634 -0.007362
vn -0.890506 0.454899 -0.008166
vn -0.908311 0.418199 -0.008960
vn -0.924743 0.380467 -0.009735
vn -0.939776 0.341629 -0.010483
vn -0.953365 0.301613 -0.011195
vn -0.965451 0.260317 -0.011815
vn -0.042694 0.998885 0.020151
vn 0.000000 0.999796 0.020202
vn -0.084108 0.996256 0.020011
vn -0.127040 0.991701 0.019774
vn -0.168513 0.985508 0.019447
vn -0.209459 0.977632 0.019032
vn -0.249942 0.968083 0.018534
vn -0.289897 0.956889 0.017957
vn -0.329390 0.944035 0.017305
vn -0.368414 0.929514 0.016581
vn -0.406955 0.913312 0.015789
vn -0.444995 0.895408 0.014933
vn -0.482506 0.875780 0.014017
vn -0.519451 0.854401 0.013044
vn -0.555780 0.831242 0.012020
vn -0.591431 0.806282 0.010947
vn -0.626127 0.779659 0.009826
vn -0.659394 0.751748 0.008629
vn -0.690807 0.723002 0.007340
vn -0.720425 0.693507 0.005971
vn -0.748390 0.663243 0.004541
vn -0.774837 0.632154 0.003065
vn -0.799770 0.600304 0.001567
vn -0.823302 0.567604 0.000060
vn -0.845422 0.534096 -0.001434
vn -0.866170 0.499740 -0.002898
vn -0.885571 0.464484 -0.004317
vn -0.903633 0.428269 -0.005678
vn -0.920353 0.391028 -0.006966
vn -0.935704 0.352691 -0.008171
vn -0.949645 0.313190 -0.009282
vn -0.962150 0.272329 -0.010253
vn -0.042141 0.998335 0.039397
vn 0.000000 0.999221 0.039465
vn -0.083003 0.995778 0.039204
vn -0.125372 0.991348 0.038870
vn -0.166308 0.985326 0.038404
vn -0.206733 0.977667 0.037802
vn -0.246712 0.968380 0.037067
vn -0.286183 0.957491 0.036201
vn -0.325213 0.944985 0.035204
vn -0.363795 0.930855 0.034078
vn -0.401920 0.915086 0.032828
vn -0.439572 0.897657 0.031456
vn -0.476723 0.878543 0.029967
vn -0.513340 0.857717 0.028367
vn -0.549379 0.835148 0.026663
vn -0.584778 0.810812 0.024864
vn -0.619270 0.784841 0.022978
vn -0.652398 0.757586 0.020991
vn -0.683739 0.729482 0.018900
vn -0.713348 0.700610 0.016725
vn -0.741359 0.670952 0.014490
vn -0.767901 0.640452 0.012216
vn -0.792973 0.609175 0.009932
vn -0.816684 0.577034 0.007659
vn -0.839020 0.544073 0.005425
vn -0.860018 0.510254 0.003250
vn -0.879699 0.475529 0.001155
vn -0.898074 0.439845 -0.000840
vn -0.915136 0.403136 -0.002719
vn -0.930865 0.365337 -0.004464
vn -0.945218 0.326384 -0.006061
vn -0.958154 0.286155 -0.007455
vn -0.041546 0.997289 0.060728
vn 0.000000 0.998150 0.060808
vn -0.081806 0.994810 0.060498
vn -0.123547 0.990517 0.060095
vn -0.163876 0.984684 0.059525
vn -0.203702 0.977267 0.058781
vn -0.243095 0.968275 0.057859
vn -0.281994 0.957736 0.056758
vn -0.320471 0.945632 0.055475
vn -0.358522 0.931958 0.054009
vn -0.396141 0.916696 0.052360
vn -0.433316 0.899825 0.050530
vn -0.470026 0.881318 0.048522
vn -0.506241 0.861146 0.046342
vn -0.541923 0.839276 0.043999
vn -0.577015 0.815678 0.041502
vn -0.611261 0.790474 0.038870
vn -0.644219 0.763988 0.036100
vn -0.675475 0.736635 0.033204
vn -0.705076 0.708488 0.030208
vn -0.733146 0.679530 0.027142
vn -0.759805 0.649707 0.024030
vn -0.785048 0.619082 0.020909
vn -0.808977 0.587570 0.017802
vn -0.831573 0.555219 0.014746
vn -0.852868 0.521994 0.011767
vn -0.872882 0.487851 0.008890
vn -0.891623 0.452738 0.006142
vn -0.909085 0.416595 0.003546
vn -0.925246 0.379365 0.001126
vn -0.940069 0.340984 -0.001096
vn -0.953482 0.301434 -0.003032
vn -0.041026 0.995885 0.080807
vn 0.000000 0.996723 0.080889
vn -0.080749 0.993473 0.080570
vn -0.121914 0.989299 0.080148
vn -0.161672 0.983634 0.079543
vn -0.200923 0.976437 0.078745
vn -0.239738 0.967720 0.077743
vn -0.278063 0.957509 0.076532
vn -0.315971 0.945792 0.075102
vn -0.353465 0.932560 0.073449
vn -0.390543 0.917798 0.071569
vn -0.427200 0.901486 0.069457
vn -0.463420 0.883594 0.067116
vn -0.499181 0.864090 0.064547
vn -0.534452 0.842940 0.061756
vn -0.569183 0.820109 0.058755
vn -0.603130 0.795706 0.055563
vn -0.635869 0.770031 0.052188
vn -0.666995 0.743472 0.048655
vn -0.696547 0.716099 0.044994
vn -0.724641 0.687892 0.041237
vn -0.751389 0.658798 0.037411
vn -0.776778 0.628880 0.033556
vn -0.800905 0.598054 0.029700
vn -0.823746 0.566367 0.025884
vn -0.845328 0.533789 0.022139
vn -0.865666 0.500281 0.018496
vn -0.884769 0.465790 0.014988
vn -0.902630 0.430260 0.011645
vn -0.919225 0.393642 0.008500
vn -0.934519 0.355870 0.005585
vn -0.948585 0.316509 0.002944
vn -0.040639 0.994355 0.098013
vn 0.000000 0.995178 0.098089
vn -0.079946 0.991991 0.097789
vn -0.120650 0.987907 0.097383
vn -0.159935 0.982370 0.096795
vn -0.198695 0.975347 0.096010
vn -0.237005 0.966852 0.095011
vn -0.274812 0.956913 0.093788
vn -0.312197 0.945520 0.092329
vn -0.349166 0.932669 0.090622
vn -0.385724 0.918345 0.088659
vn -0.421870 0.902527 0.086432
vn -0.457599 0.885188 0.083938
vn -0.492895 0.866294 0.081174
vn -0.527735 0.845807 0.078144
vn -0.562076 0.823691 0.074855
vn -0.595691 0.800040 0.071329
vn -0.628173 0.775133 0.067579
vn -0.659129 0.749333 0.063637
vn -0.688589 0.722704 0.059538
vn -0.716661 0.695224 0.055313
vn -0.743451 0.666844 0.050990
vn -0.768938 0.637621 0.046611
vn -0.793217 0.607475 0.042205
vn -0.816255 0.576453 0.037816
vn -0.838076 0.544526 0.033478
vn -0.858695 0.511653 0.029226
vn -0.878116 0.477789 0.025098
vn -0.896331 0.442881 0.021132
vn -0.913318 0.406877 0.017365
vn -0.929042 0.369715 0.013842
vn -0.943616 0.330874 0.010592
vn -0.040373 0.992800 0.112777
vn 0.000000 0.993613 0.112844
vn -0.079376 0.990468 0.112576
vn -0.119725 0.986446 0.112206
vn -0.158627 0.981004 0.111664
vn -0.196976 0.974113 0.110928
vn -0.234846 0.965791 0.109980
vn -0.272190 0.956072 0.108805
vn -0.309093 0.944950 0.107386
vn -0.345569 0.932420 0.105709
vn -0.381625 0.918475 0.103760
vn -0.417269 0.903094 0.101529
vn -0.452503 0.886250 0.099007
vn -0.487320 0.867910 0.096187
vn -0.521705 0.848034 0.093070
vn -0.555627 0.826583 0.089660
vn -0.588869 0.803643 0.085976
vn -0.621050 0.779466 0.082037
vn -0.651787 0.754393 0.077881
vn -0.681105 0.728483 0.073541
vn -0.709103 0.701716 0.069049
vn -0.735880 0.674039 0.064434
vn -0.761412 0.645510 0.059739
vn -0.785786 0.616049 0.054991
vn -0.808967 0.585704 0.050236
vn -0.830975 0.554444 0.045511
vn -0.851823 0.522235 0.040853
vn -0.871513 0.489027 0.036303
vn -0.890037 0.454771 0.031904
vn -0.907372 0.419416 0.027703
vn -0.923484 0.382900 0.023751
vn -0.938450 0.344833 0.020060
vn -0.040215 0.991185 0.126235
vn 0.000000 0.991993 0.126292
vn -0.079011 0.988871 0.126061
vn -0.119095 0.984889 0.125735
vn -0.157692 0.979513 0.125249
vn -0.195691 0.972720 0.124579
vn -0.233172 0.964536 0.123703
vn -0.270094 0.954996 0.122603
vn -0.306543 0.944101 0.121259
vn -0.342541 0.931852 0.119652
vn -0.378103 0.918242 0.117768
vn -0.413242 0.903255 0.115590
vn -0.447969 0.886866 0.113107
vn -0.482284 0.869042 0.110311
vn -0.516184 0.849743 0.107196
vn -0.549648 0.828927 0.103764
vn -0.582474 0.806671 0.100033
vn -0.614305 0.783204 0.096025
vn -0.644774 0.758843 0.091780
vn -0.673902 0.733641 0.087334
vn -0.701775 0.707580 0.082719
vn -0.728491 0.680605 0.077963
vn -0.754019 0.652771 0.073110
vn -0.778440 0.624004 0.068188
vn -0.801717 0.594349 0.063245
vn -0.823866 0.563776 0.058318
vn -0.844898 0.532251 0.053447
vn -0.864813 0.499728 0.048678
vn -0.883606 0.466153 0.044059
vn -0.901252 0.431479 0.039643
vn -0.917718 0.395644 0.035493
vn -0.932956 0.358604 0.031547
vn -0.040162 0.989490 0.138913
vn 0.000000 0.990298 0.138959
vn -0.078847 0.987181 0.138766
vn -0.118755 0.983219 0.138486
vn -0.157121 0.977882 0.138059
vn -0.194833 0.971157 0.137458
vn -0.231975 0.963074 0.136661
vn -0.268516 0.953677 0.135645
vn -0.304544 0.942970 0.134388
vn -0.340085 0.930961 0.132871
vn -0.375161 0.917646 0.131073
vn -0.409796 0.903013 0.128977
vn -0.444006 0.887039 0.126569
vn -0.477802 0.869695 0.123837
vn -0.511190 0.850939 0.120775
vn -0.544160 0.830730 0.117380
vn -0.576528 0.809132 0.113670
vn -0.607967 0.786352 0.109668
vn -0.638122 0.762684 0.105418
vn -0.667010 0.738177 0.100957
vn -0.694711 0.712811 0.096319
vn -0.721314 0.686533 0.091532
vn -0.746789 0.659394 0.086640
vn -0.771207 0.631323 0.081676
vn -0.794530 0.602363 0.076688
vn -0.816770 0.572489 0.071717
vn -0.837938 0.541662 0.066806
vn -0.858032 0.509840 0.062005
vn -0.877046 0.476969 0.057369
vn -0.894959 0.442994 0.052961
vn -0.911738 0.407857 0.048857
vn -0.927148 0.371985 0.044985
vn -0.040213 0.987676 0.151261
vn 0.000000 0.988488 0.151296
vn -0.078878 0.985360 0.151140
vn -0.118692 0.981397 0.150903
vn -0.156896 0.976076 0.150531
vn -0.194381 0.969390 0.149996
vn -0.231231 0.961379 0.149273
vn -0.267427 0.952092 0.148339
vn -0.303058 0.941540 0.147168
vn -0.338159 0.929736 0.145738
vn -0.372759 0.916682 0.144027
vn -0.406888 0.902371 0.142017
vn -0.440572 0.886782 0.139691
vn -0.473831 0.869888 0.137035
vn -0.506680 0.851651 0.134040
vn -0.539122 0.832025 0.130702
vn -0.570994 0.811065 0.127038
vn -0.602000 0.788955 0.123073
vn -0.631801 0.765965 0.118852
vn -0.660407 0.742140 0.114416
vn -0.687897 0.717455 0.109799
vn -0.714349 0.691862 0.105035
vn -0.739728 0.665409 0.100167
vn -0.764104 0.638025 0.095233
vn -0.787432 0.609754 0.090283
vn -0.809723 0.580571 0.085361
vn -0.830986 0.550435 0.080519
vn -0.851221 0.519303 0.075811
vn -0.870416 0.487126 0.071300
vn -0.888556 0.453839 0.067063
vn -0.905611 0.419375 0.063190
vn -0.921283 0.384273 0.059761
vn -0.040375 0.985599 0.164211
vn -0.000000 0.986421 0.164236
vn -0.079120 0.983263 0.164114
vn -0.118930 0.979278 0.163918
vn -0.157049 0.973946 0.163600
vn -0.194371 0.967269 0.163128
vn -0.230987 0.959295 0.162477
vn -0.266879 0.950081 0.161621
vn -0.302149 0.939646 0.160533
vn -0.336833 0.928010 0.159188
vn -0.370970 0.915180 0.157563
vn -0.404599 0.901153 0.155638
vn -0.437752 0.885914 0.153393
vn -0.470460 0.869438 0.150814
vn -0.502751 0.851687 0.147889
vn -0.534638 0.832616 0.144614
vn -0.565978 0.812272 0.141004
vn -0.596511 0.790811 0.137087
vn -0.625918 0.768480 0.132910
vn -0.654207 0.745317 0.128516
vn -0.681447 0.721296 0.123944
vn -0.707710 0.696370 0.119229
vn -0.732958 0.670583 0.114419
vn -0.757254 0.643867 0.109556
vn -0.780550 0.616263 0.104695
vn -0.802856 0.587745 0.099887
vn -0.824181 0.558269 0.095188
vn -0.844522 0.527790 0.090663
vn -0.863869 0.496253 0.086386
vn -0.882205 0.463590 0.082448
vn -0.899504 0.429719 0.078961
vn -0.915548 0.394950 0.076064
vn -0.040648 0.983213 0.177875
vn -0.000000 0.984050 0.177891
vn -0.079570 0.980845 0.177799
vn -0.119467 0.976817 0.177640
vn -0.157573 0.971448 0.177369
vn -0.194796 0.964750 0.176953
vn -0.231231 0.956780 0.176364
vn -0.266865 0.947606 0.175575
vn -0.301806 0.937253 0.174558
vn -0.336097 0.925749 0.173284
vn -0.369786 0.913108 0.171730
vn -0.402921 0.899332 0.169874
vn -0.435541 0.884411 0.167693
vn -0.467689 0.868323 0.165173
vn -0.499406 0.851030 0.162300
vn -0.530716 0.832489 0.159070
vn -0.561496 0.812738 0.155496
vn -0.591526 0.791904 0.151609
vn -0.620509 0.770211 0.147458
vn -0.648448 0.747690 0.143088
vn -0.675408 0.724314 0.138544
vn -0.701451 0.700033 0.133864
vn -0.726536 0.674892 0.129100
vn -0.750723 0.648818 0.124299
vn -0.773960 0.621853 0.119523
vn -0.796255 0.593963 0.114830
vn -0.817614 0.565106 0.110285
vn -0.838033 0.535231 0.105960
vn -0.857503 0.504277 0.101945
vn -0.876012 0.472156 0.098346
vn -0.893528 0.438778 0.095298
vn -0.909921 0.404226 0.092983
vn -0.040993 0.980770 0.190812
vn -0.000000 0.981625 0.190821
vn -0.080156 0.978360 0.190754
vn -0.120204 0.974276 0.190626
vn -0.158354 0.968852 0.190393
vn -0.195525 0.962113 0.190022
vn -0.231820 0.954125 0.189485
vn -0.267234 0.944965 0.188750
vn -0.301877 0.934669 0.187788
vn -0.335802 0.923271 0.186571
vn -0.369065 0.910791 0.185072
vn -0.401720 0.897237 0.183268
vn -0.433818 0.882605 0.181135
vn -0.465411 0.866876 0.178658
vn -0.496550 0.850015 0.175823
vn -0.527272 0.831977 0.172622
vn -0.557480 0.812793 0.169069
vn -0.586988 0.792562 0.165195
vn -0.615525 0.771487 0.161053
vn -0.643090 0.749589 0.156690
vn -0.669744 0.726837 0.152153
vn -0.695542 0.703185 0.147487
vn -0.720438 0.678670 0.142747
vn -0.744488 0.653221 0.137986
vn -0.767640 0.626872 0.133270
vn -0.789899 0.599587 0.128666
vn -0.811269 0.571320 0.124245
vn -0.831746 0.542012 0.120091
vn -0.851324 0.511586 0.116305
vn -0.869988 0.479948 0.113011
vn -0.887713 0.446974 0.110363
vn -0.904470 0.412479 0.108608
vn -0.041479 0.977970 0.204584
vn -0.000000 0.978849 0.204585
vn -0.081008 0.975500 0.204541
vn -0.121317 0.971332 0.204441
vn -0.159601 0.965822 0.204243
vn -0.196795 0.959005 0.203914
vn -0.233010 0.950960 0.203422
vn -0.268249 0.941776 0.202734
vn -0.302626 0.931497 0.201819
vn -0.336206 0.920166 0.200647
vn -0.369053 0.907812 0.199191
vn -0.401230 0.894449 0.197423
vn -0.432798 0.880077 0.195321
vn -0.463821 0.864681 0.192866
vn -0.494357 0.848231 0.190044
vn -0.524461 0.830680 0.186845
vn -0.554059 0.812051 0.183282
vn -0.583003 0.792418 0.179389
vn -0.611055 0.771952 0.175216
vn -0.638211 0.750672 0.170817
vn -0.664524 0.728541 0.166241
vn -0.690049 0.705506 0.161538
vn -0.714728 0.681608 0.156763
vn -0.738616 0.656771 0.151979
vn -0.761661 0.631021 0.147256
vn -0.783867 0.604318 0.142665
vn -0.805232 0.576610 0.138286
vn -0.825753 0.547831 0.134213
vn -0.845430 0.517884 0.130556
vn -0.864246 0.486656 0.127455
vn -0.882176 0.454005 0.125082
vn -0.899013 0.420179 0.123394
vn -0.042065 0.974991 0.218226
vn 0.000000 0.975900 0.218219
vn -0.082042 0.972449 0.218202
vn -0.122683 0.968177 0.218133
vn -0.161156 0.962557 0.217976
vn -0.198414 0.955637 0.217695
vn -0.234579 0.947509 0.217256
vn -0.269659 0.938274 0.216626
vn -0.303776 0.927989 0.215771
vn -0.337008 0.916705 0.214659
vn -0.369426 0.904458 0.213261
vn -0.401100 0.891272 0.211549
vn -0.432108 0.877151 0.209497
vn -0.462520 0.862086 0.207084
vn -0.492406 0.846049 0.204295
vn -0.521837 0.828997 0.201120
vn -0.550764 0.810941 0.197568
vn -0.579082 0.791931 0.193673
vn -0.606588 0.772104 0.189488
vn -0.633279 0.751471 0.185066
vn -0.659195 0.729997 0.180462
vn -0.684388 0.707625 0.175727
vn -0.708799 0.684391 0.170919
vn -0.732476 0.660218 0.166107
vn -0.755364 0.635127 0.161364
vn -0.777468 0.609071 0.156766
vn -0.798785 0.581995 0.152398
vn -0.819315 0.553815 0.148361
vn -0.839056 0.524429 0.144776
vn -0.857994 0.493701 0.141792
vn -0.876110 0.461457 0.139603
vn -0.892694 0.429068 0.137831
vn -0.042833 0.971901 0.231461
vn 0.000000 0.972848 0.231445
vn -0.083404 0.969262 0.231461
vn -0.124488 0.964853 0.231434
vn -0.163228 0.959084 0.231331
vn -0.200597 0.952022 0.231117
vn -0.236726 0.943775 0.230757
vn -0.271633 0.934461 0.230214
vn -0.305457 0.924147 0.229453
vn -0.338282 0.912897 0.228440
vn -0.370192 0.900757 0.227145
vn -0.401267 0.887760 0.225536
vn -0.431599 0.873917 0.223587
vn -0.461269 0.859226 0.221273
vn -0.490363 0.843664 0.218576
vn -0.518963 0.827190 0.215483
vn -0.547053 0.809808 0.212001
vn -0.574584 0.791532 0.208163
vn -0.601394 0.772465 0.204019
vn -0.627480 0.752608 0.199624
vn -0.652874 0.731927 0.195035
vn -0.677618 0.710364 0.190307
vn -0.701657 0.687946 0.185496
vn -0.725026 0.664601 0.180674
vn -0.747674 0.640341 0.175918
vn -0.769600 0.615118 0.171306
vn -0.790805 0.588867 0.166925
vn -0.811288 0.561500 0.162881
vn -0.831053 0.532892 0.159302
vn -0.850095 0.502885 0.156350
vn -0.868402 0.471264 0.154235
vn -0.885098 0.439668 0.152621
vn -0.043461 0.969395 0.241630
vn 0.000000 0.970375 0.241605
vn -0.084497 0.966676 0.241656
vn -0.125928 0.962152 0.241673
vn -0.164854 0.956263 0.241630
vn -0.202275 0.949087 0.241492
vn -0.238327 0.940751 0.241223
vn -0.273037 0.931383 0.240785
vn -0.306556 0.921062 0.240141
vn -0.338977 0.909863 0.239257
vn -0.370392 0.897841 0.238100
vn -0.400887 0.885038 0.236637
vn -0.430567 0.871471 0.234841
vn -0.459518 0.857147 0.232684
vn -0.487837 0.842050 0.230145
vn -0.515619 0.826144 0.227210
vn -0.542873 0.809424 0.223879
vn -0.569617 0.791869 0.220182
vn -0.595716 0.773559 0.216168
vn -0.621170 0.754487 0.211891
vn -0.646004 0.734616 0.207409
vn -0.670249 0.713896 0.202776
vn -0.693854 0.692346 0.198048
vn -0.716855 0.669892 0.193297
vn -0.739189 0.646553 0.188598
vn -0.760859 0.622275 0.184029
vn -0.781867 0.596993 0.179677
vn -0.802214 0.570614 0.175648
vn -0.821907 0.543011 0.172069
vn -0.840952 0.514006 0.169108
vn -0.859351 0.483355 0.166983
vn -0.877177 0.450619 0.165839
vn -0.044459 0.966777 0.251726
vn 0.000000 0.967808 0.251689
vn -0.086292 0.963927 0.251789
vn -0.128342 0.959214 0.251866
vn -0.167684 0.953113 0.251907
vn -0.205344 0.945724 0.251874
vn -0.241470 0.937190 0.251730
vn -0.276106 0.927656 0.251435
vn -0.309414 0.917216 0.250953
vn -0.341497 0.905956 0.250245
vn -0.372462 0.893942 0.249277
vn -0.402409 0.881224 0.248015
vn -0.431444 0.867831 0.246428
vn -0.459677 0.853771 0.244485
vn -0.487209 0.839038 0.242162
vn -0.514149 0.823601 0.239443
vn -0.540532 0.807451 0.236323
vn -0.566436 0.790533 0.232827
vn -0.591777 0.772888 0.229005
vn -0.616554 0.754504 0.224910
vn -0.640789 0.735340 0.220601
vn -0.664507 0.715344 0.216133
vn -0.687646 0.694539 0.211564
vn -0.710237 0.672851 0.206964
vn -0.732222 0.650294 0.202409
vn -0.753597 0.626815 0.197977
vn -0.774365 0.602343 0.193757
vn -0.794533 0.576777 0.189857
vn -0.814115 0.549968 0.186416
vn -0.833134 0.521703 0.183614
vn -0.851613 0.491668 0.181707
vn -0.870177 0.458452 0.180590
vn -0.045269 0.965091 0.257972
vn 0.000000 0.966165 0.257925
vn -0.087734 0.962135 0.258068
vn -0.130277 0.957267 0.258201
vn -0.169940 0.950995 0.258319
vn -0.207771 0.943434 0.258386
vn -0.243932 0.934744 0.258362
vn -0.278479 0.925083 0.258208
vn -0.311587 0.914554 0.257884
vn -0.343363 0.903256 0.257353
vn -0.373927 0.891261 0.256578
vn -0.403388 0.878627 0.255523
vn -0.431859 0.865392 0.254155
vn -0.459457 0.851571 0.252442
vn -0.486294 0.837162 0.250356
vn -0.512483 0.822143 0.247875
vn -0.538086 0.806499 0.244995
vn -0.563230 0.790150 0.241734
vn -0.587878 0.773104 0.238139
vn -0.612032 0.755339 0.234265
vn -0.635701 0.736822 0.230169
vn -0.658908 0.717501 0.225906
vn -0.681586 0.697398 0.221531
vn -0.703764 0.676445 0.217113
vn -0.725377 0.654657 0.212724
vn -0.746423 0.631985 0.208440
vn -0.766899 0.608365 0.204346
vn -0.786817 0.583695 0.200547
vn -0.806198 0.557824 0.197176
vn -0.825081 0.530509 0.194424
vn -0.843519 0.501393 0.192564
vn -0.862115 0.469043 0.191720
vn -0.046141 0.963731 0.262857
vn 0.000000 0.964851 0.262798
vn -0.089289 0.960658 0.262990
vn -0.132367 0.955622 0.263185
vn -0.172381 0.949163 0.263392
vn -0.210411 0.941413 0.263571
vn -0.246626 0.932548 0.263685
vn -0.281095 0.922742 0.263692
vn -0.314007 0.912108 0.263551
vn -0.345483 0.900752 0.263225
vn -0.375645 0.888759 0.262674
vn -0.404618 0.876192 0.261862
vn -0.432516 0.863098 0.260753
vn -0.459467 0.849498 0.259312
vn -0.485590 0.835399 0.257510
vn -0.510998 0.820788 0.255319
vn -0.535782 0.805646 0.252729
vn -0.560125 0.789862 0.249758
vn -0.584036 0.773412 0.246447
vn -0.607517 0.756271 0.242852
vn -0.630578 0.738401 0.239029
vn -0.653224 0.719763 0.235032
vn -0.675392 0.700376 0.230910
vn -0.697097 0.680182 0.226734
vn -0.718276 0.659199 0.222568
vn -0.738916 0.637393 0.218480
vn -0.759019 0.614702 0.214550
vn -0.778587 0.591047 0.210870
vn -0.797652 0.566277 0.207564
vn -0.816259 0.540160 0.204811
vn -0.834513 0.512269 0.202901
vn -0.853065 0.480989 0.202310
vn -0.046868 0.962740 0.266337
vn 0.000000 0.963861 0.266406
vn -0.091083 0.959534 0.266457
vn -0.134461 0.954330 0.266785
vn -0.174823 0.947681 0.267091
vn -0.213061 0.939735 0.267402
vn -0.249334 0.930690 0.267674
vn -0.283736 0.920730 0.267862
vn -0.316462 0.909981 0.267930
vn -0.347640 0.898560 0.267837
vn -0.377405 0.886558 0.267544
vn -0.405886 0.874049 0.267012
vn -0.433208 0.861085 0.266203
vn -0.459502 0.847698 0.265080
vn -0.484889 0.833902 0.263610
vn -0.509496 0.819691 0.261763
vn -0.533440 0.805039 0.259527
vn -0.556958 0.789808 0.256908
vn -0.580114 0.773939 0.253941
vn -0.602910 0.757402 0.250681
vn -0.625341 0.740166 0.247189
vn -0.647394 0.722207 0.243510
vn -0.669016 0.703534 0.239703
vn -0.690205 0.684107 0.235828
vn -0.710892 0.663955 0.231942
vn -0.731057 0.643060 0.228102
vn -0.750686 0.621393 0.224369
vn -0.769784 0.598895 0.220812
vn -0.788355 0.575483 0.217523
vn -0.806447 0.550980 0.214628
vn -0.824166 0.525028 0.212358
vn -0.843290 0.494207 0.211241
vn -0.475491 0.862413 -0.173644
vn -0.829461 0.556071 -0.052724
vn -0.948536 0.316612 -0.006084
vn -0.954364 0.298494 -0.009528
vn -0.959784 0.280438 -0.012973
vn -0.964459 0.263796 -0.015199
vn -0.968261 0.249414 -0.016258
vn -0.971246 0.237519 -0.016321
vn -0.973825 0.226755 -0.015708
vn -0.975894 0.217741 -0.014849
vn -0.977485 0.210544 -0.013965
vn -0.978604 0.205321 -0.013351
vn -0.979286 0.202059 -0.013097
vn -0.979549 0.200774 -0.013154
vn -0.979424 0.201361 -0.013486
vn -0.978938 0.203693 -0.013797
vn -0.978108 0.207637 -0.013833
vn -0.976917 0.213180 -0.013730
vn -0.975351 0.220250 -0.013436
vn -0.973387 0.228800 -0.012959
vn -0.971103 0.238351 -0.012181
vn -0.968083 0.250395 -0.010819
vn -0.964522 0.263868 -0.008475
vn -0.960287 0.278978 -0.004503
vn -0.955510 0.294955 0.001112
vn -0.950675 0.310070 0.008592
vn -0.945687 0.324585 0.017891
vn -0.940418 0.338769 0.029153
vn -0.934955 0.352266 0.042034
vn -0.924164 0.375164 0.071921
vn -0.919027 0.384079 0.088726
vn -0.913877 0.392250 0.104728
vn -0.929513 0.364476 0.056241
vn -0.908364 0.400621 0.119905
vn -0.046978 0.962350 0.267723
vn 0.000000 0.963451 0.267885
vn -0.133429 0.954075 0.268213
vn -0.090629 0.959204 0.267794
vn -0.211368 0.939680 0.268934
vn -0.173456 0.947517 0.268561
vn -0.281425 0.920939 0.269576
vn -0.247331 0.930758 0.269289
vn -0.313817 0.910355 0.269766
vn -0.374015 0.887343 0.269693
vn -0.344637 0.899124 0.269817
vn -0.428947 0.862421 0.268764
vn -0.402078 0.875089 0.269354
vn -0.454748 0.849377 0.267888
vn -0.503618 0.822234 0.265143
vn -0.479600 0.835978 0.266690
vn -0.549783 0.793506 0.260937
vn -0.526934 0.808117 0.263226
vn -0.572333 0.778280 0.258293
vn -0.594584 0.762409 0.255348
vn -0.616518 0.745870 0.252160
vn -0.895740 0.419291 0.147801
vn -0.888928 0.428948 0.160655
vn -0.883494 0.434582 0.174862
vn -0.902342 0.409549 0.134344
vn -0.638102 0.728651 0.248783
vn -0.680061 0.692177 0.241679
vn -0.659285 0.710765 0.245268
vn -0.700372 0.672908 0.238063
vn -0.876145 0.444455 0.186626
vn -0.868034 0.455282 0.198078
vn -0.859233 0.466833 0.209253
vn -0.739507 0.632284 0.230966
vn -0.720194 0.652950 0.234472
vn -0.758295 0.610891 0.227598
vn -0.776569 0.588698 0.224443
vn -0.811694 0.541376 0.219235
vn -0.794346 0.565604 0.221602
vn -0.828638 0.515720 0.217696
vn -0.834354 0.508309 0.213250
vn -0.049234 -0.000003 0.998787
vn -0.050327 -0.000004 0.998733
vn -0.000001 0.000003 1.000000
vn -0.000001 0.000003 1.000000
vn -0.143377 -0.000052 0.989668
vn -0.146254 -0.000054 0.989247
vn -0.099087 -0.000023 0.995079
vn -0.097034 -0.000022 0.995281
vn -0.231712 -0.000124 0.972784
vn -0.235857 -0.000128 0.971788
vn -0.191838 -0.000090 0.981427
vn -0.188267 -0.000087 0.982118
vn -0.314393 -0.000193 0.949293
vn -0.319374 -0.000197 0.947629
vn -0.278349 -0.000165 0.960480
vn -0.273737 -0.000161 0.961805
vn -0.391878 -0.000236 0.920017
vn -0.397367 -0.000238 0.917660
vn -0.359018 -0.000222 0.933331
vn -0.353746 -0.000219 0.935341
vn -0.464783 -0.000234 0.885425
vn -0.470530 -0.000231 0.882384
vn -0.434509 -0.000242 0.900667
vn -0.428863 -0.000242 0.903369
vn -0.533735 -0.000171 0.845652
vn -0.539554 -0.000163 0.841951
vn -0.505520 -0.000205 0.862815
vn -0.499715 -0.000210 0.866190
vn -0.599314 -0.000044 0.800514
vn -0.605057 -0.000030 0.796182
vn -0.572711 -0.000104 0.819758
vn -0.566911 -0.000116 0.823779
vn -0.661194 0.000147 0.750215
vn -0.666502 0.000167 0.745503
vn -0.636509 0.000061 0.771270
vn -0.630894 0.000043 0.775869
vn -0.716008 0.000368 0.698092
vn -0.720587 0.000386 0.693365
vn -0.694555 0.000281 0.719440
vn -0.689610 0.000260 0.724181
vn -0.762941 0.000523 0.646468
vn -0.766810 0.000532 0.641873
vn -0.744650 0.000471 0.667456
vn -0.740430 0.000457 0.672134
vn -0.802520 0.000566 0.596626
vn -0.805735 0.000563 0.592277
vn -0.787139 0.000564 0.616775
vn -0.783607 0.000560 0.621256
vn -0.835509 0.000489 0.549477
vn -0.838152 0.000477 0.545436
vn -0.822703 0.000533 0.568472
vn -0.819785 0.000540 0.572671
vn -0.862746 0.000331 0.505638
vn -0.864902 0.000315 0.501940
vn -0.852182 0.000402 0.523245
vn -0.849795 0.000417 0.527113
vn -0.885067 0.000150 0.465465
vn -0.886822 0.000135 0.462112
vn -0.876414 0.000223 0.481558
vn -0.874470 0.000239 0.485080
vn -0.903255 0.000019 0.429104
vn -0.904681 0.000012 0.426089
vn -0.896217 0.000061 0.443616
vn -0.894635 0.000073 0.446798
vn -0.912996 0.000010 0.407969
vn -0.914682 0.000014 0.404174
vn -0.932906 0.000304 0.360120
vn -0.941937 0.000534 0.335790
vn -0.943297 0.000569 0.331948
vn -0.934515 0.000345 0.355924
vn -0.922501 0.000097 0.385995
vn -0.924393 0.000128 0.381441
vn -0.949774 0.000708 0.312935
vn -0.956648 0.000700 0.291246
vn -0.957649 0.000670 0.287936
vn -0.950932 0.000727 0.309399
vn -0.962772 0.000482 0.270314
vn -0.968336 0.000283 0.249652
vn -0.969129 0.000265 0.246553
vn -0.963652 0.000443 0.267161
vn -0.973489 0.000121 0.228732
vn -0.978261 -0.000326 0.207375
vn -0.978915 -0.000434 0.204269
vn -0.974215 0.000088 0.225624
vn -0.982743 -0.001341 0.184970
vn -0.986870 -0.002609 0.161496
vn -0.987401 -0.002768 0.158214
vn -0.983345 -0.001529 0.181744
vn -0.990418 -0.003424 0.138059
vn -0.993225 -0.003240 0.116166
vn -0.993545 -0.003132 0.113395
vn -0.990816 -0.003467 0.135173
vn -0.995443 -0.002087 0.095339
vn -0.997069 -0.000699 0.076505
vn -0.997235 -0.000552 0.074308
vn -0.995672 -0.001897 0.092917
vn -0.998197 0.000105 0.060028
vn -0.998301 0.000144 0.058270
vn -0.999376 0.000293 0.035333
vn -0.999656 0.000284 0.026240
vn -0.999681 0.000280 0.025246
vn -0.999416 0.000294 0.034170
vn -0.998918 0.000282 0.046505
vn -0.998984 0.000283 0.045065
vn -0.999814 0.000210 0.019278
vn -0.999825 0.000195 0.018682
vn -0.999955 -0.000006 0.009443
vn -0.999959 -0.000015 0.009083
vn -0.999912 0.000074 0.013249
vn -0.999905 0.000084 0.013766
vn -0.999982 -0.000065 0.005957
vn -0.999984 -0.000067 0.005643
vn -0.999995 -0.000075 0.003093
vn -0.999996 -0.000074 0.002884
vn -0.999999 -0.000066 0.001095
vn -1.000000 -0.000043 -0.000093
vn -1.000000 -0.000040 -0.000163
vn -1.000000 -0.000065 0.000979
vn -1.000000 -0.000024 -0.000487
vn -1.000000 -0.000024 -0.000472
vn -0.999999 0.000008 -0.001518
vn -0.999999 0.000008 -0.001593
vn -1.000000 -0.000009 -0.000678
vn -1.000000 -0.000011 -0.000640
vn -0.999995 0.000010 -0.003210
vn -0.999995 0.000009 -0.003325
vn -0.999982 0.000008 -0.006047
vn -0.999981 0.000008 -0.006194
vn -0.999892 0.000009 -0.014724
vn -0.999799 0.000010 -0.020047
vn -0.999799 0.000010 -0.020053
vn -0.999890 0.000009 -0.014811
vn -0.999951 0.000007 -0.009890
vn -0.999950 0.000007 -0.010019
vn -0.999662 0.000216 -0.026011
vn -0.999664 0.000210 -0.025914
vn -0.999119 0.002081 -0.041910
vn -0.999137 0.002029 -0.041498
vn -0.999454 0.000937 -0.033031
vn -0.999446 0.000968 -0.033268
vn -0.998036 -0.001988 -0.062605
vn -0.996682 -0.002458 -0.081354
vn -0.996941 -0.002733 -0.078116
vn -0.998106 -0.001642 -0.061493
vn -0.998678 0.001249 -0.051381
vn -0.998709 0.001411 -0.050773
vn -0.987969 -0.000002 -0.154651
vn -0.989413 0.000006 -0.145125
vn -0.994053 -0.000807 -0.108891
vn -0.993376 -0.000538 -0.114905
vn -0.979472 0.000001 -0.201579
vn -0.982080 -0.000008 -0.188467
vn -0.942199 0.002192 -0.335047
vn -0.948586 0.001525 -0.316516
vn -0.966263 0.000367 -0.257558
vn -0.960924 0.000597 -0.276812
vn -0.903969 0.008093 -0.427522
vn -0.920244 0.005467 -0.391307
vn -0.837779 0.004304 -0.545993
vn -0.869855 0.007939 -0.493245
vn -0.889080 0.010305 -0.457637
vn -0.788568 0.000459 -0.614948
vn -0.772831 0.000640 -0.634611
vn -0.057587 -0.000021 -0.998340
vn -0.047574 -0.000004 -0.998868
vn -0.048466 -0.000006 -0.998825
vn -0.058702 -0.000022 -0.998276
vn -0.038843 0.000007 -0.999245
vn -0.038150 0.000007 -0.999272
vn -0.029807 0.000011 -0.999556
vn -0.029291 0.000011 -0.999571
vn -0.021334 0.000008 -0.999772
vn -0.020977 0.000007 -0.999780
vn -0.013405 -0.000002 -0.999910
vn -0.013187 -0.000003 -0.999913
vn -0.005999 -0.000013 -0.999982
vn -0.005904 -0.000013 -0.999983
vn 0.000000 -0.000018 -1.000000
vn 0.000000 -0.000018 -1.000000
vn -0.717947 0.000849 -0.696097
vn -0.743420 0.000814 -0.668824
vn -0.652683 0.000752 -0.757630
vn -0.679230 0.000827 -0.733925
vn -0.590528 0.000511 -0.807017
vn -0.615925 0.000622 -0.787805
vn -0.534402 0.000164 -0.845231
vn -0.558160 0.000331 -0.829733
vn -0.484039 -0.000028 -0.875047
vn -0.503523 0.000013 -0.863982
vn -0.439912 -0.000035 -0.898041
vn -0.458074 -0.000047 -0.888914
vn -0.398895 0.000061 -0.916997
vn -0.415377 0.000011 -0.909649
vn -0.361094 0.000097 -0.932530
vn -0.375875 0.000097 -0.926670
vn -0.326266 0.000006 -0.945278
vn -0.339449 0.000056 -0.940625
vn -0.294411 -0.000100 -0.955679
vn -0.305949 -0.000064 -0.952048
vn -0.265576 -0.000129 -0.964090
vn -0.275501 -0.000130 -0.961301
vn -0.239712 -0.000066 -0.970844
vn -0.248114 -0.000097 -0.968731
vn -0.216710 0.000044 -0.976236
vn -0.223712 0.000006 -0.974655
vn -0.196426 0.000108 -0.980519
vn -0.202169 0.000098 -0.979351
vn -0.178445 0.000078 -0.983950
vn -0.183186 0.000096 -0.983078
vn -0.161861 0.000016 -0.986814
vn -0.165977 0.000031 -0.986130
vn -0.146197 -0.000010 -0.989255
vn -0.149773 -0.000009 -0.988720
vn -0.131370 -0.000005 -0.991333
vn -0.134467 -0.000008 -0.990918
vn -0.117326 0.000002 -0.993094
vn -0.119997 0.000001 -0.992774
vn -0.104022 -0.000002 -0.994575
vn -0.106313 0.000000 -0.994333
vn -0.091422 -0.000016 -0.995812
vn -0.093372 -0.000013 -0.995631
vn -0.079494 -0.000031 -0.996835
vn -0.081138 -0.000029 -0.996703
vn -0.068219 -0.000033 -0.997670
vn -0.069586 -0.000034 -0.997576
vn -0.043217 -0.978932 -0.199562
vn -0.044195 -0.977174 -0.207794
vn -0.083635 -0.976257 -0.199817
vn -0.085885 -0.974350 -0.208004
vn -0.123920 -0.971882 -0.200222
vn -0.126736 -0.969772 -0.208518
vn -0.161357 -0.966273 -0.200700
vn -0.164761 -0.963926 -0.209049
vn -0.196941 -0.959545 -0.201214
vn -0.200793 -0.956940 -0.209638
vn -0.230833 -0.951853 -0.201722
vn -0.234981 -0.948991 -0.210238
vn -0.263099 -0.943346 -0.202181
vn -0.267423 -0.940238 -0.210804
vn -0.293904 -0.934126 -0.202554
vn -0.298285 -0.930794 -0.211303
vn -0.323361 -0.924289 -0.202802
vn -0.327692 -0.920762 -0.211696
vn -0.351580 -0.913908 -0.202891
vn -0.355766 -0.910225 -0.211948
vn -0.378672 -0.903042 -0.202786
vn -0.382626 -0.899245 -0.212026
vn -0.404746 -0.891735 -0.202459
vn -0.408393 -0.887871 -0.211899
vn -0.429912 -0.880011 -0.201880
vn -0.433183 -0.876130 -0.211538
vn -0.454276 -0.867883 -0.201028
vn -0.457111 -0.864039 -0.210919
vn -0.477466 -0.855615 -0.199874
vn -0.479993 -0.851749 -0.210071
vn -0.501024 -0.842359 -0.198511
vn -0.502794 -0.838787 -0.208887
vn -0.523136 -0.829243 -0.196687
vn -0.524528 -0.825764 -0.207328
vn -0.545830 -0.814960 -0.194703
vn -0.546691 -0.811681 -0.205678
vn -0.567598 -0.800487 -0.192493
vn -0.568027 -0.797388 -0.203760
vn -0.588941 -0.785500 -0.190101
vn -0.588966 -0.782589 -0.201677
vn -0.609872 -0.769984 -0.187564
vn -0.609499 -0.767286 -0.199455
vn -0.630323 -0.753993 -0.184898
vn -0.629569 -0.751522 -0.197124
vn -0.650314 -0.737505 -0.182149
vn -0.649188 -0.735279 -0.194731
vn -0.669771 -0.720586 -0.179337
vn -0.668276 -0.718632 -0.192288
vn -0.688678 -0.703261 -0.176484
vn -0.686802 -0.701623 -0.189812
vn -0.707012 -0.685563 -0.173603
vn -0.704734 -0.684301 -0.187302
vn -0.724752 -0.667531 -0.170696
vn -0.722018 -0.666752 -0.184746
vn -0.741871 -0.649220 -0.167754
vn -0.738589 -0.649101 -0.182083
vn -0.758324 -0.630717 -0.164743
vn -0.754327 -0.631570 -0.179191
vn -0.774049 -0.612160 -0.161580
vn -0.768960 -0.614661 -0.175761
vn -0.789358 -0.593265 -0.157958
vn -0.783450 -0.597541 -0.170737
vn -0.042167 -0.980628 -0.191285
vn -0.081725 -0.978080 -0.191520
vn -0.121287 -0.973894 -0.191887
vn -0.158185 -0.968501 -0.192313
vn -0.193384 -0.962002 -0.192758
vn -0.227029 -0.954536 -0.193182
vn -0.259176 -0.946240 -0.193541
vn -0.289976 -0.937207 -0.193797
vn -0.319531 -0.927522 -0.193913
vn -0.347943 -0.917255 -0.193855
vn -0.375312 -0.906457 -0.193590
vn -0.401741 -0.895165 -0.193089
vn -0.427326 -0.883404 -0.192326
vn -0.452173 -0.871179 -0.191277
vn -0.475890 -0.858753 -0.189926
vn -0.500024 -0.845284 -0.188337
vn -0.522709 -0.831903 -0.186314
vn -0.545952 -0.817340 -0.184100
vn -0.568231 -0.802566 -0.181664
vn -0.590059 -0.787257 -0.179042
vn -0.611464 -0.771389 -0.176269
vn -0.632373 -0.755015 -0.173368
vn -0.652821 -0.738103 -0.170382
vn -0.672740 -0.720707 -0.167339
vn -0.692120 -0.702841 -0.164269
vn -0.710962 -0.684505 -0.161199
vn -0.729256 -0.665713 -0.158152
vn -0.747002 -0.646463 -0.155153
vn -0.764209 -0.626745 -0.152231
vn -0.780891 -0.606535 -0.149416
vn -0.797553 -0.585217 -0.146393
vn -0.041215 -0.982245 -0.183018
vn -0.079995 -0.979810 -0.183231
vn -0.118913 -0.975790 -0.183560
vn -0.155338 -0.970587 -0.183933
vn -0.190209 -0.964287 -0.184312
vn -0.223661 -0.957016 -0.184655
vn -0.255733 -0.948897 -0.184919
vn -0.286570 -0.940015 -0.185068
vn -0.316263 -0.930446 -0.185065
vn -0.344902 -0.920252 -0.184877
vn -0.372582 -0.909479 -0.184471
vn -0.399394 -0.898162 -0.183821
vn -0.425431 -0.886316 -0.182899
vn -0.450787 -0.873946 -0.181686
vn -0.475055 -0.861313 -0.180175
vn -0.499792 -0.847573 -0.178402
vn -0.523066 -0.833875 -0.176224
vn -0.546880 -0.818965 -0.173834
vn -0.569690 -0.803825 -0.171228
vn -0.592027 -0.788120 -0.168438
vn -0.613918 -0.771826 -0.165498
vn -0.635303 -0.754987 -0.162434
vn -0.656220 -0.737565 -0.159291
vn -0.676608 -0.719607 -0.156104
vn -0.696463 -0.701112 -0.152908
vn -0.715793 -0.682070 -0.149740
vn -0.734602 -0.662462 -0.146640
vn -0.752903 -0.642262 -0.143655
vn -0.770720 -0.621413 -0.140846
vn -0.788088 -0.599826 -0.138295
vn -0.805681 -0.576613 -0.135632
vn -0.040364 -0.983768 -0.174846
vn -0.078454 -0.981431 -0.175038
vn -0.116805 -0.977556 -0.175329
vn -0.152827 -0.972518 -0.175651
vn -0.187429 -0.966389 -0.175965
vn -0.220735 -0.959280 -0.176232
vn -0.252778 -0.951306 -0.176409
vn -0.283690 -0.942540 -0.176460
vn -0.313552 -0.933052 -0.176350
vn -0.342450 -0.922895 -0.176046
vn -0.370465 -0.912112 -0.175518
vn -0.397683 -0.900730 -0.174739
vn -0.424190 -0.888761 -0.173686
vn -0.450070 -0.876206 -0.172338
vn -0.474899 -0.863327 -0.170697
vn -0.500245 -0.849275 -0.168778
vn -0.524110 -0.835220 -0.166483
vn -0.548495 -0.819921 -0.163959
vn -0.571836 -0.804368 -0.161229
vn -0.594674 -0.788225 -0.158318
vn -0.617043 -0.771461 -0.155261
vn -0.638891 -0.754114 -0.152086
vn -0.660256 -0.736144 -0.148840
vn -0.681082 -0.717592 -0.145562
vn -0.701372 -0.698449 -0.142291
vn -0.721133 -0.678695 -0.139069
vn -0.740377 -0.658302 -0.135946
vn -0.759124 -0.637218 -0.132983
vn -0.777395 -0.615379 -0.130255
vn -0.795234 -0.592667 -0.127866
vn -0.813406 -0.568032 -0.125342
vn -0.039355 -0.985589 -0.164514
vn -0.076618 -0.983368 -0.164675
vn -0.114301 -0.979662 -0.164917
vn -0.149841 -0.974815 -0.165174
vn -0.184125 -0.968885 -0.165409
vn -0.217262 -0.961966 -0.165584
vn -0.249273 -0.954159 -0.165658
vn -0.280279 -0.945527 -0.165599
vn -0.310353 -0.936127 -0.165371
vn -0.339563 -0.926008 -0.164944
vn -0.367984 -0.915203 -0.164289
vn -0.395691 -0.903734 -0.163382
vn -0.422760 -0.891608 -0.162200
vn -0.449266 -0.878821 -0.160726
vn -0.474768 -0.865636 -0.158962
vn -0.500818 -0.851207 -0.156933
vn -0.525357 -0.836733 -0.154524
vn -0.550420 -0.820955 -0.151894
vn -0.574365 -0.804912 -0.149065
vn -0.597769 -0.788250 -0.146060
vn -0.620673 -0.770935 -0.142913
vn -0.643020 -0.753009 -0.139652
vn -0.664865 -0.734419 -0.136324
vn -0.686146 -0.715208 -0.132970
vn -0.706871 -0.695363 -0.129630
vn -0.727049 -0.674859 -0.126351
vn -0.746692 -0.653665 -0.123183
vn -0.765816 -0.631728 -0.120191
vn -0.784443 -0.608977 -0.117453
vn -0.802599 -0.585315 -0.115072
vn -0.820417 -0.560508 -0.112903
vn -0.038717 -0.987023 -0.155844
vn -0.075493 -0.984871 -0.155982
vn -0.112794 -0.981267 -0.156184
vn -0.148100 -0.976529 -0.156389
vn -0.182273 -0.970704 -0.156559
vn -0.215418 -0.963874 -0.156660
vn -0.247543 -0.956129 -0.156653
vn -0.278764 -0.947522 -0.156505
vn -0.309143 -0.938103 -0.156183
vn -0.338742 -0.927914 -0.155658
vn -0.367629 -0.916981 -0.154903
vn -0.395871 -0.905319 -0.153894
vn -0.423533 -0.892933 -0.152611
vn -0.450686 -0.879813 -0.151038
vn -0.476843 -0.866236 -0.149186
vn -0.503628 -0.851315 -0.147047
vn -0.528866 -0.836302 -0.144571
vn -0.554557 -0.819965 -0.141858
vn -0.579094 -0.803331 -0.138959
vn -0.603049 -0.786045 -0.135888
vn -0.626466 -0.768073 -0.132679
vn -0.649296 -0.749453 -0.129364
vn -0.671588 -0.730135 -0.125985
vn -0.693285 -0.710161 -0.122585
vn -0.714401 -0.689508 -0.119206
vn -0.734939 -0.668157 -0.115894
vn -0.754913 -0.646068 -0.112703
vn -0.774338 -0.623192 -0.109697
vn -0.793227 -0.599459 -0.106958
vn -0.811597 -0.574780 -0.104590
vn -0.828826 -0.550069 -0.102329
vn -0.037976 -0.988503 -0.146357
vn -0.074171 -0.986431 -0.146469
vn -0.111023 -0.982942 -0.146625
vn -0.146044 -0.978330 -0.146771
vn -0.180072 -0.972627 -0.146873
vn -0.213202 -0.965902 -0.146897
vn -0.245436 -0.958232 -0.146806
vn -0.276876 -0.949662 -0.146571
vn -0.307574 -0.940232 -0.146160
vn -0.337587 -0.929974 -0.145546
vn -0.366969 -0.918910 -0.144703
vn -0.395777 -0.907049 -0.143611
vn -0.424067 -0.894390 -0.142249
vn -0.451897 -0.880920 -0.140603
vn -0.478754 -0.866925 -0.138695
vn -0.506286 -0.851497 -0.136481
vn -0.532207 -0.835946 -0.133979
vn -0.558559 -0.819020 -0.131219
vn -0.583683 -0.801783 -0.128287
vn -0.608173 -0.783870 -0.125188
vn -0.632082 -0.765245 -0.121952
vn -0.655359 -0.745946 -0.118612
vn -0.678058 -0.725924 -0.115206
vn -0.700124 -0.705218 -0.111777
vn -0.721566 -0.683813 -0.108362
vn -0.742393 -0.661684 -0.105008
vn -0.762613 -0.638800 -0.101767
vn -0.782240 -0.615110 -0.098697
vn -0.801279 -0.590559 -0.095873
vn -0.819742 -0.565068 -0.093392
vn -0.837088 -0.539473 -0.090849
vn -0.037390 -0.989754 -0.137804
vn -0.073129 -0.987744 -0.137889
vn -0.109639 -0.984345 -0.138001
vn -0.144451 -0.979829 -0.138091
vn -0.178389 -0.974217 -0.138128
vn -0.211537 -0.967567 -0.138079
vn -0.243891 -0.959947 -0.137912
vn -0.275545 -0.951390 -0.137595
vn -0.306543 -0.941931 -0.137103
vn -0.336931 -0.931595 -0.136408
vn -0.366756 -0.920398 -0.135488
vn -0.396064 -0.908345 -0.134320
vn -0.424905 -0.895431 -0.132888
vn -0.453323 -0.881641 -0.131179
vn -0.480787 -0.867264 -0.129217
vn -0.508953 -0.851383 -0.126938
vn -0.535448 -0.835355 -0.124406
vn -0.562356 -0.817906 -0.121596
vn -0.587966 -0.800141 -0.118623
vn -0.612891 -0.781684 -0.115480
vn -0.637190 -0.762497 -0.112194
vn -0.660817 -0.742620 -0.108797
vn -0.683824 -0.722006 -0.105322
vn -0.706158 -0.700697 -0.101806
vn -0.727831 -0.678676 -0.098286
vn -0.748848 -0.655927 -0.094800
vn -0.769217 -0.632418 -0.091392
vn -0.788948 -0.608109 -0.088115
vn -0.808045 -0.582952 -0.085032
vn -0.826504 -0.556894 -0.082224
vn -0.844217 -0.530069 -0.079528
vn -0.036959 -0.990782 -0.130325
vn -0.072377 -0.988818 -0.130384
vn -0.108659 -0.985482 -0.130452
vn -0.143357 -0.981031 -0.130487
vn -0.177276 -0.975476 -0.130458
vn -0.210499 -0.968867 -0.130334
vn -0.243013 -0.961261 -0.130085
vn -0.274903 -0.952686 -0.129684
vn -0.306210 -0.943169 -0.129104
vn -0.336971 -0.932730 -0.128319
vn -0.367225 -0.921379 -0.127309
vn -0.397012 -0.909116 -0.126052
vn -0.426369 -0.895936 -0.124533
vn -0.455335 -0.881820 -0.122738
vn -0.483352 -0.867066 -0.120697
vn -0.512101 -0.850736 -0.118328
vn -0.539125 -0.834237 -0.115724
vn -0.566527 -0.816282 -0.112828
vn -0.592571 -0.798004 -0.109768
vn -0.617885 -0.779018 -0.106531
vn -0.642530 -0.759288 -0.103140
vn -0.666460 -0.738855 -0.099623
vn -0.689733 -0.717670 -0.096008
vn -0.712297 -0.695779 -0.092328
vn -0.734165 -0.673164 -0.088614
vn -0.755342 -0.649809 -0.084895
vn -0.775830 -0.625694 -0.081208
vn -0.795641 -0.600778 -0.077596
vn -0.814768 -0.575032 -0.074109
vn -0.833215 -0.548398 -0.070804
vn -0.851094 -0.520642 -0.067616
vn -0.036608 -0.991737 -0.122952
vn -0.071776 -0.989810 -0.122982
vn -0.107896 -0.986524 -0.123000
vn -0.142532 -0.982122 -0.122970
vn -0.176481 -0.976606 -0.122864
vn -0.209817 -0.970017 -0.122654
vn -0.242523 -0.962405 -0.122310
vn -0.274676 -0.953790 -0.121808
vn -0.306312 -0.944194 -0.121121
vn -0.337461 -0.933630 -0.120228
vn -0.368155 -0.922104 -0.119105
vn -0.398423 -0.909614 -0.117736
vn -0.428297 -0.896148 -0.116104
vn -0.457806 -0.881688 -0.114195
vn -0.486364 -0.866542 -0.112046
vn -0.515682 -0.849747 -0.109554
vn -0.543217 -0.832766 -0.106843
vn -0.571094 -0.814292 -0.103823
vn -0.597552 -0.795490 -0.100637
vn -0.623232 -0.775965 -0.097263
vn -0.648200 -0.755681 -0.093719
vn -0.672413 -0.734680 -0.090034
vn -0.695933 -0.712911 -0.086228
vn -0.718710 -0.690419 -0.082329
vn -0.740755 -0.667189 -0.078363
vn -0.762074 -0.643207 -0.074354
vn -0.782671 -0.618450 -0.070328
vn -0.802551 -0.592886 -0.066319
vn -0.821711 -0.566482 -0.062363
vn -0.840148 -0.539193 -0.058504
vn -0.858229 -0.510328 -0.054843
vn -0.036354 -0.992563 -0.116179
vn -0.071355 -0.990662 -0.116177
vn -0.107392 -0.987410 -0.116141
vn -0.142033 -0.983037 -0.116043
vn -0.176068 -0.977537 -0.115854
vn -0.209566 -0.970943 -0.115547
vn -0.242504 -0.963299 -0.115099
vn -0.274955 -0.954617 -0.114482
vn -0.306947 -0.944913 -0.113675
vn -0.338504 -0.934197 -0.112655
vn -0.369650 -0.922469 -0.111403
vn -0.400409 -0.909723 -0.109900
vn -0.430804 -0.895944 -0.108132
vn -0.460851 -0.881114 -0.106086
vn -0.489948 -0.865550 -0.103803
vn -0.519822 -0.848264 -0.101158
vn -0.547855 -0.830776 -0.098316
vn -0.576194 -0.811757 -0.095139
vn -0.603050 -0.792404 -0.091796
vn -0.629082 -0.772313 -0.088255
vn -0.654358 -0.751445 -0.084530
vn -0.678839 -0.729845 -0.080647
vn -0.702591 -0.707457 -0.076621
vn -0.725565 -0.684326 -0.072480
vn -0.747772 -0.660440 -0.068242
vn -0.769218 -0.635780 -0.063927
vn -0.789910 -0.610324 -0.059557
vn -0.809850 -0.584039 -0.055154
vn -0.829032 -0.556894 -0.050744
vn -0.847450 -0.528847 -0.046362
vn -0.865541 -0.499048 -0.042302
vn -0.036204 -0.993281 -0.109916
vn -0.071132 -0.991396 -0.109880
vn -0.107171 -0.988160 -0.109788
vn -0.141890 -0.983794 -0.109617
vn -0.176074 -0.978286 -0.109339
vn -0.209787 -0.971660 -0.108930
vn -0.243001 -0.963954 -0.108368
vn -0.275786 -0.955174 -0.107629
vn -0.308162 -0.945333 -0.106690
vn -0.340146 -0.934432 -0.105533
vn -0.371757 -0.922471 -0.104139
vn -0.403013 -0.909438 -0.102490
vn -0.433927 -0.895317 -0.100573
vn -0.464507 -0.880088 -0.098376
vn -0.494129 -0.864078 -0.095945
vn -0.524545 -0.846273 -0.093140
vn -0.553053 -0.828254 -0.090150
vn -0.581832 -0.808663 -0.086809
vn -0.609066 -0.788733 -0.083300
vn -0.635426 -0.768050 -0.079586
vn -0.660987 -0.746571 -0.075678
vn -0.685712 -0.724343 -0.071601
vn -0.709669 -0.701307 -0.067367
vn -0.732813 -0.677507 -0.063001
vn -0.755156 -0.652928 -0.058520
vn -0.776705 -0.627551 -0.053941
vn -0.797466 -0.601348 -0.049279
vn -0.817439 -0.574289 -0.044554
vn -0.836619 -0.546338 -0.039784
vn -0.854993 -0.517457 -0.034996
vn -0.872961 -0.486835 -0.030526
vn -0.036154 -0.993962 -0.103600
vn -0.071100 -0.992082 -0.103526
vn -0.107223 -0.988847 -0.103371
vn -0.142091 -0.984468 -0.103117
vn -0.176484 -0.978927 -0.102739
vn -0.210463 -0.972244 -0.102215
vn -0.243995 -0.964448 -0.101524
vn -0.277147 -0.955542 -0.100645
vn -0.309932 -0.945532 -0.099559
vn -0.342363 -0.934417 -0.098247
vn -0.374453 -0.922191 -0.096693
vn -0.406209 -0.908841 -0.094880
vn -0.437641 -0.894348 -0.092798
vn -0.468748 -0.878691 -0.090436
vn -0.498883 -0.862206 -0.087845
vn -0.529822 -0.843852 -0.084868
vn -0.558786 -0.825276 -0.081723
vn -0.587984 -0.805083 -0.078212
vn -0.615570 -0.784550 -0.074535
vn -0.642232 -0.763248 -0.070650
vn -0.668052 -0.741131 -0.066566
vn -0.692992 -0.718247 -0.062309
vn -0.717125 -0.694537 -0.057889
vn -0.740406 -0.670040 -0.053332
vn -0.762849 -0.644743 -0.048653
vn -0.784464 -0.618621 -0.043867
vn -0.805254 -0.591646 -0.038989
vn -0.825221 -0.563783 -0.034036
vn -0.844356 -0.534996 -0.029025
vn -0.862642 -0.505247 -0.023975
vn -0.880369 -0.473900 -0.019195
vn -0.036214 -0.994614 -0.097115
vn -0.071275 -0.992729 -0.096999
vn -0.107574 -0.989476 -0.096775
vn -0.142666 -0.985062 -0.096429
vn -0.177336 -0.979463 -0.095941
vn -0.211636 -0.972692 -0.095290
vn -0.245533 -0.964775 -0.094459
vn -0.279088 -0.955710 -0.093430
vn -0.312309 -0.945497 -0.092185
vn -0.345207 -0.934133 -0.090709
vn -0.377785 -0.921607 -0.088987
vn -0.410047 -0.907905 -0.087007
vn -0.441991 -0.893006 -0.084758
vn -0.473613 -0.876886 -0.082232
vn -0.504245 -0.859895 -0.079488
vn -0.535681 -0.840961 -0.076353
vn -0.565075 -0.821798 -0.073068
vn -0.594660 -0.800975 -0.069411
vn -0.622566 -0.779813 -0.065596
vn -0.649494 -0.757869 -0.061577
vn -0.675535 -0.735093 -0.057364
vn -0.700649 -0.711536 -0.052984
vn -0.724913 -0.687135 -0.048447
vn -0.748285 -0.661931 -0.043781
vn -0.770779 -0.635907 -0.039001
vn -0.792409 -0.609035 -0.034123
vn -0.813176 -0.581287 -0.029165
vn -0.833082 -0.552623 -0.024140
vn -0.852115 -0.523008 -0.019068
vn -0.870257 -0.492400 -0.013966
vn -0.887710 -0.460315 -0.008957
vn -0.036390 -0.995266 -0.090122
vn -0.071673 -0.993363 -0.089961
vn -0.108245 -0.990073 -0.089661
vn -0.143647 -0.985599 -0.089217
vn -0.178663 -0.979912 -0.088611
vn -0.213347 -0.973021 -0.087826
vn -0.247660 -0.964947 -0.086850
vn -0.281657 -0.955683 -0.085666
vn -0.315346 -0.945229 -0.084261
vn -0.348730 -0.933574 -0.082622
vn -0.381809 -0.920708 -0.080739
vn -0.414579 -0.906612 -0.078602
vn -0.447033 -0.891266 -0.076203
vn -0.479157 -0.874643 -0.073538
vn -0.510265 -0.857109 -0.070670
vn -0.542174 -0.837557 -0.067419
vn -0.571969 -0.817772 -0.064038
vn -0.601906 -0.796288 -0.060290
vn -0.630096 -0.774466 -0.056400
vn -0.657252 -0.751853 -0.052318
vn -0.683468 -0.728397 -0.048056
vn -0.708710 -0.704149 -0.043645
vn -0.733056 -0.679044 -0.039096
vn -0.756467 -0.653125 -0.034438
vn -0.778960 -0.626370 -0.029690
vn -0.800548 -0.598753 -0.024868
vn -0.821235 -0.570240 -0.019991
vn -0.841020 -0.540794 -0.015076
vn -0.859891 -0.510378 -0.010140
vn -0.877829 -0.478946 -0.005204
vn -0.895067 -0.445932 -0.000233
vn -0.036703 -0.995948 -0.082097
vn -0.072333 -0.994013 -0.081889
vn -0.109300 -0.990661 -0.081514
vn -0.145117 -0.986096 -0.080973
vn -0.180574 -0.980282 -0.080252
vn -0.215723 -0.973226 -0.079341
vn -0.250520 -0.964945 -0.078229
vn -0.285021 -0.955431 -0.076907
vn -0.319226 -0.944677 -0.075364
vn -0.353135 -0.932674 -0.073593
vn -0.386741 -0.919406 -0.071586
vn -0.420037 -0.904854 -0.069339
vn -0.453008 -0.888997 -0.066847
vn -0.485633 -0.871809 -0.064108
vn -0.517207 -0.853670 -0.061191
vn -0.549569 -0.833439 -0.057911
vn -0.579740 -0.812975 -0.054528
vn -0.609998 -0.790773 -0.050795
vn -0.638433 -0.768244 -0.046940
vn -0.665774 -0.744919 -0.042915
vn -0.692117 -0.720746 -0.038734
vn -0.717431 -0.695778 -0.034429
vn -0.741802 -0.669947 -0.030012
vn -0.765191 -0.643298 -0.025515
vn -0.787619 -0.615806 -0.020958
vn -0.809100 -0.587443 -0.016359
vn -0.829639 -0.558177 -0.011736
vn -0.849235 -0.527967 -0.007108
vn -0.867876 -0.496774 -0.002491
vn -0.885544 -0.464551 0.002097
vn -0.902457 -0.430729 0.006669
vn -0.037183 -0.996661 -0.072700
vn -0.073316 -0.994674 -0.072452
vn -0.110826 -0.991227 -0.072014
vn -0.147189 -0.986528 -0.071395
vn -0.183204 -0.980538 -0.070586
vn -0.218922 -0.973258 -0.069582
vn -0.254295 -0.964706 -0.068379
vn -0.289376 -0.954870 -0.066970
vn -0.324163 -0.943741 -0.065352
vn -0.358648 -0.931309 -0.063522
vn -0.392824 -0.917557 -0.061476
vn -0.426676 -0.902464 -0.059213
vn -0.460183 -0.886010 -0.056733
vn -0.493318 -0.868169 -0.054037
vn -0.525358 -0.849340 -0.051193
vn -0.558163 -0.828341 -0.048022
vn -0.588695 -0.807115 -0.044772
vn -0.619246 -0.784115 -0.041202
vn -0.647893 -0.760806 -0.037530
vn -0.675377 -0.736701 -0.033711
vn -0.701800 -0.711752 -0.029761
vn -0.727137 -0.686011 -0.025712
vn -0.751477 -0.659406 -0.021577
vn -0.774784 -0.631987 -0.017387
vn -0.797084 -0.603725 -0.013160
vn -0.818393 -0.574590 -0.008917
vn -0.838717 -0.544548 -0.004673
vn -0.858056 -0.513556 -0.000445
vn -0.876400 -0.481570 0.003751
vn -0.893726 -0.448544 0.007901
vn -0.910046 -0.414337 0.011914
vn -0.037795 -0.997328 -0.062524
vn -0.074552 -0.995272 -0.062254
vn -0.112713 -0.991705 -0.061787
vn -0.149713 -0.986838 -0.061135
vn -0.186360 -0.980630 -0.060297
vn -0.222707 -0.973082 -0.059271
vn -0.258700 -0.964211 -0.058059
vn -0.294391 -0.954004 -0.056660
vn -0.329775 -0.942452 -0.055074
vn -0.364842 -0.929542 -0.053301
vn -0.399579 -0.915260 -0.051342
vn -0.433967 -0.899585 -0.049197
vn -0.467982 -0.882494 -0.046870
vn -0.501591 -0.863966 -0.044361
vn -0.534058 -0.844417 -0.041734
vn -0.567257 -0.822625 -0.038823
vn -0.598102 -0.800618 -0.035847
vn -0.628892 -0.776810 -0.032585
vn -0.657696 -0.752716 -0.029231
vn -0.685269 -0.727835 -0.025746
vn -0.711716 -0.702118 -0.022145
vn -0.737020 -0.675618 -0.018457
vn -0.761275 -0.648263 -0.014695
vn -0.784447 -0.620101 -0.010885
vn -0.806566 -0.591103 -0.007048
vn -0.827651 -0.561233 -0.003198
vn -0.847711 -0.530458 0.000650
vn -0.866747 -0.498727 0.004480
vn -0.884748 -0.465997 0.008281
vn -0.901689 -0.432217 0.012043
vn -0.917605 -0.397184 0.015701
vn -0.038422 -0.997855 -0.053007
vn -0.075804 -0.995727 -0.052736
vn -0.114607 -0.992035 -0.052270
vn -0.152223 -0.986997 -0.051630
vn -0.189474 -0.980570 -0.050816
vn -0.226408 -0.972757 -0.049832
vn -0.262974 -0.963574 -0.048684
vn -0.299220 -0.953008 -0.047372
vn -0.335140 -0.941049 -0.045901
vn -0.370724 -0.927687 -0.044273
vn -0.405953 -0.912906 -0.042490
vn -0.440809 -0.896684 -0.040554
vn -0.475264 -0.879002 -0.038468
vn -0.509281 -0.859837 -0.036234
vn -0.542111 -0.839622 -0.033906
vn -0.575649 -0.817097 -0.031332
vn -0.606758 -0.794368 -0.028702
vn -0.637748 -0.769812 -0.025812
vn -0.666683 -0.744992 -0.022833
vn -0.694324 -0.719392 -0.019729
vn -0.720785 -0.692962 -0.016511
vn -0.746051 -0.665758 -0.013208
vn -0.770220 -0.637703 -0.009828
vn -0.793263 -0.608846 -0.006396
vn -0.815213 -0.579155 -0.002927
vn -0.836089 -0.548594 0.000564
vn -0.855902 -0.517122 0.004064
vn -0.874654 -0.484689 0.007564
vn -0.892332 -0.451245 0.011051
vn -0.908911 -0.416737 0.014519
vn -0.924400 -0.381005 0.017917
vn -0.039069 -0.998298 -0.043309
vn -0.077081 -0.996095 -0.043056
vn -0.116524 -0.992273 -0.042627
vn -0.154742 -0.987060 -0.042045
vn -0.192570 -0.980413 -0.041313
vn -0.230058 -0.972336 -0.040439
vn -0.267153 -0.962847 -0.039431
vn -0.303906 -0.951932 -0.038291
vn -0.340307 -0.939585 -0.037026
vn -0.376345 -0.925794 -0.035639
vn -0.412006 -0.910542 -0.034132
vn -0.447266 -0.893810 -0.032506
vn -0.482095 -0.875579 -0.030763
vn -0.516458 -0.855825 -0.028902
vn -0.549596 -0.834995 -0.026967
vn -0.583417 -0.811793 -0.024825
vn -0.614745 -0.788402 -0.022625
vn -0.645901 -0.763155 -0.020190
vn -0.674937 -0.737664 -0.017659
vn -0.702626 -0.711401 -0.015000
vn -0.729084 -0.684315 -0.012222
vn -0.754303 -0.656460 -0.009346
vn -0.778381 -0.627759 -0.006380
vn -0.801296 -0.598259 -0.003344
vn -0.823080 -0.567926 -0.000251
vn -0.843754 -0.536722 0.002889
vn -0.863332 -0.504600 0.006064
vn -0.881813 -0.471509 0.009265
vn -0.899184 -0.437393 0.012485
vn -0.915420 -0.402194 0.015715
vn -0.930492 -0.365825 0.018904
vn -0.039601 -0.998565 -0.036040
vn -0.078122 -0.996300 -0.035809
vn -0.118074 -0.992373 -0.035424
vn -0.156766 -0.987019 -0.034905
vn -0.195043 -0.980196 -0.034260
vn -0.232958 -0.971910 -0.033497
vn -0.270457 -0.962179 -0.032623
vn -0.307592 -0.950992 -0.031645
vn -0.344356 -0.938342 -0.030566
vn -0.380737 -0.924216 -0.029391
vn -0.416721 -0.908599 -0.028122
vn -0.452284 -0.891472 -0.026759
vn -0.487399 -0.872813 -0.025301
vn -0.522029 -0.852597 -0.023747
vn -0.555407 -0.831284 -0.022130
vn -0.589455 -0.807546 -0.020334
vn -0.620964 -0.783621 -0.018479
vn -0.652264 -0.757815 -0.016405
vn -0.681397 -0.731775 -0.014228
vn -0.709143 -0.704964 -0.011920
vn -0.735621 -0.677327 -0.009485
vn -0.760823 -0.648922 -0.006942
vn -0.784853 -0.619667 -0.004294
vn -0.807687 -0.589610 -0.001559
vn -0.829359 -0.558714 0.001255
vn -0.849893 -0.526940 0.004136
vn -0.869298 -0.494238 0.007077
vn -0.887575 -0.460553 0.010069
vn -0.904710 -0.425827 0.013107
vn -0.920673 -0.389998 0.016183
vn -0.935463 -0.352899 0.019274
vn -0.040096 -0.998764 -0.029377
vn -0.079083 -0.996441 -0.029172
vn -0.119496 -0.992416 -0.028834
vn -0.158612 -0.986933 -0.028385
vn -0.197290 -0.979950 -0.027830
vn -0.235582 -0.971474 -0.027180
vn -0.273434 -0.961527 -0.026441
vn -0.310903 -0.950096 -0.025620
vn -0.347981 -0.937176 -0.024721
vn -0.384659 -0.922753 -0.023748
vn -0.420923 -0.906812 -0.022701
vn -0.456751 -0.889333 -0.021581
vn -0.492115 -0.870291 -0.020386
vn -0.526979 -0.849663 -0.019112
vn -0.560572 -0.827915 -0.017783
vn -0.594827 -0.803689 -0.016304
vn -0.626504 -0.779279 -0.014760
vn -0.657942 -0.752956 -0.013018
vn -0.687174 -0.726407 -0.011169
vn -0.714983 -0.699081 -0.009187
vn -0.741492 -0.670924 -0.007075
vn -0.766693 -0.641995 -0.004846
vn -0.790691 -0.612211 -0.002502
vn -0.813465 -0.581614 -0.000059
vn -0.835048 -0.550172 0.002477
vn -0.855462 -0.517841 0.005097
vn -0.874718 -0.484569 0.007795
vn -0.892815 -0.450299 0.010563
vn -0.909736 -0.414972 0.013394
vn -0.925449 -0.378522 0.016284
vn -0.939942 -0.340791 0.019233
vn -0.040552 -0.998925 -0.022460
vn -0.079958 -0.996549 -0.022281
vn -0.120783 -0.992435 -0.021992
vn -0.160276 -0.986836 -0.021611
vn -0.199305 -0.979709 -0.021146
vn -0.237926 -0.971065 -0.020605
vn -0.276086 -0.960925 -0.019996
vn -0.313843 -0.949278 -0.019325
vn -0.351190 -0.936119 -0.018597
vn -0.388122 -0.921436 -0.017813
vn -0.424625 -0.905210 -0.016975
vn -0.460679 -0.887421 -0.016082
vn -0.496257 -0.868044 -0.015132
vn -0.531322 -0.847052 -0.014120
vn -0.565101 -0.824918 -0.013064
vn -0.599535 -0.800260 -0.011883
vn -0.631360 -0.775417 -0.010638
vn -0.662924 -0.748630 -0.009217
vn -0.692244 -0.721622 -0.007688
vn -0.720113 -0.693831 -0.006031
vn -0.746653 -0.665200 -0.004246
vn -0.771857 -0.635792 -0.002343
vn -0.795829 -0.605521 -0.000323
vn -0.818550 -0.574432 0.001801
vn -0.840054 -0.542488 0.004024
vn -0.860360 -0.509647 0.006337
vn -0.879481 -0.475854 0.008735
vn -0.897413 -0.441050 0.011209
vn -0.914136 -0.405175 0.013753
vn -0.929618 -0.368161 0.016359
vn -0.943790 -0.329999 0.019019
vn -0.040965 -0.999041 -0.015433
vn -0.080742 -0.996618 -0.015280
vn -0.121929 -0.992425 -0.015039
vn -0.161751 -0.986722 -0.014724
vn -0.201086 -0.979469 -0.014344
vn -0.239991 -0.970676 -0.013907
vn -0.278415 -0.960367 -0.013420
vn -0.316417 -0.948533 -0.012888
vn -0.353996 -0.935166 -0.012315
vn -0.391144 -0.920255 -0.011703
vn -0.427850 -0.903782 -0.011054
vn -0.464097 -0.885724 -0.010366
vn -0.499857 -0.866054 -0.009637
vn -0.535096 -0.844745 -0.008863
vn -0.569037 -0.822272 -0.008053
vn -0.603629 -0.797234 -0.007146
vn -0.635587 -0.772004 -0.006177
vn -0.667265 -0.744803 -0.005059
vn -0.696671 -0.717381 -0.003838
vn -0.724599 -0.689167 -0.002499
vn -0.751172 -0.660106 -0.001040
vn -0.776385 -0.630259 0.000531
vn -0.800341 -0.599541 0.002212
vn -0.823020 -0.567999 0.003993
vn -0.844455 -0.535594 0.005867
vn -0.864668 -0.502283 0.007827
vn -0.883669 -0.468009 0.009865
vn -0.901451 -0.432716 0.011972
vn -0.917995 -0.396340 0.014139
vn -0.933266 -0.358813 0.016357
vn -0.947181 -0.320161 0.018597
vn -0.041335 -0.999115 -0.007767
vn -0.081432 -0.996650 -0.007642
vn -0.122930 -0.992387 -0.007450
vn -0.163034 -0.986594 -0.007204
vn -0.202630 -0.979231 -0.006912
vn -0.241776 -0.970310 -0.006580
vn -0.280422 -0.959857 -0.006215
vn -0.318631 -0.947861 -0.005821
vn -0.356402 -0.934317 -0.005401
vn -0.393730 -0.919213 -0.004959
vn -0.430606 -0.902529 -0.004494
vn -0.467013 -0.884241 -0.004007
vn -0.502926 -0.864322 -0.003493
vn -0.538312 -0.842741 -0.002950
vn -0.572388 -0.819979 -0.002382
vn -0.607113 -0.794614 -0.001746
vn -0.639184 -0.769053 -0.001054
vn -0.670960 -0.741493 -0.000241
vn -0.700441 -0.713710 0.000663
vn -0.728421 -0.685128 0.001672
vn -0.755025 -0.655690 0.002785
vn -0.780246 -0.625460 0.003997
vn -0.804187 -0.594353 0.005304
vn -0.826827 -0.562417 0.006698
vn -0.848201 -0.529612 0.008171
vn -0.868328 -0.495895 0.009713
vn -0.887218 -0.461212 0.011315
vn -0.904863 -0.425506 0.012965
vn -0.921243 -0.388711 0.014651
vn -0.936321 -0.350763 0.016361
vn -0.950016 -0.311679 0.018063
vn -0.041658 -0.999132 0.000168
vn -0.082022 -0.996630 0.000266
vn -0.123779 -0.992310 0.000407
vn -0.164117 -0.986441 0.000584
vn -0.203927 -0.978986 0.000790
vn -0.243272 -0.969958 0.001019
vn -0.282102 -0.959384 0.001267
vn -0.320480 -0.947254 0.001529
vn -0.358409 -0.933563 0.001802
vn -0.395885 -0.918298 0.002085
vn -0.432900 -0.901439 0.002377
vn -0.469438 -0.882962 0.002677
vn -0.505476 -0.862835 0.002989
vn -0.540981 -0.841028 0.003316
vn -0.575169 -0.818027 0.003654
vn -0.610005 -0.792388 0.004034
vn -0.642171 -0.766549 0.004460
vn -0.674031 -0.738686 0.004975
vn -0.703577 -0.710597 0.005567
vn -0.731604 -0.681701 0.006243
vn -0.758237 -0.651941 0.007002
vn -0.783466 -0.621385 0.007841
vn -0.807395 -0.589947 0.008753
vn -0.830003 -0.557675 0.009729
vn -0.851322 -0.524534 0.010760
vn -0.871372 -0.490480 0.011834
vn -0.890161 -0.455463 0.012936
vn -0.907682 -0.419423 0.014053
vn -0.923915 -0.382298 0.015167
vn -0.938820 -0.344024 0.016260
vn -0.952315 -0.304626 0.017302
vn -0.041932 -0.999083 0.008615
vn -0.082506 -0.996553 0.008683
vn -0.124468 -0.992185 0.008772
vn -0.164989 -0.986256 0.008878
vn -0.204969 -0.978727 0.008994
vn -0.244469 -0.969614 0.009118
vn -0.283443 -0.958945 0.009245
vn -0.321954 -0.946709 0.009373
vn -0.360007 -0.932901 0.009499
vn -0.397599 -0.917509 0.009621
vn -0.434723 -0.900512 0.009739
vn -0.471363 -0.881884 0.009853
vn -0.507500 -0.861594 0.009963
vn -0.543097 -0.839609 0.010072
vn -0.577372 -0.816418 0.010181
vn -0.612296 -0.790561 0.010301
vn -0.644538 -0.764501 0.010456
vn -0.676467 -0.736396 0.010664
vn -0.706066 -0.708061 0.010930
vn -0.734134 -0.678912 0.011256
vn -0.760790 -0.648893 0.011640
vn -0.786026 -0.618075 0.012078
vn -0.809945 -0.586372 0.012563
vn -0.832524 -0.553835 0.013084
vn -0.853793 -0.520434 0.013631
vn -0.873774 -0.486126 0.014188
vn -0.892474 -0.450858 0.014739
vn -0.909886 -0.414578 0.015265
vn -0.925987 -0.377227 0.015746
vn -0.940741 -0.338740 0.016157
vn -0.954069 -0.299133 0.016483
vn -0.042147 -0.998961 0.017362
vn -0.082869 -0.996409 0.017398
vn -0.124973 -0.992007 0.017433
vn -0.165623 -0.986035 0.017464
vn -0.205722 -0.978454 0.017489
vn -0.245331 -0.969281 0.017505
vn -0.284405 -0.958544 0.017509
vn -0.323009 -0.946234 0.017500
vn -0.361148 -0.932345 0.017476
vn -0.398819 -0.916864 0.017435
vn -0.436019 -0.899770 0.017376
vn -0.472730 -0.881037 0.017299
vn -0.508934 -0.860634 0.017204
vn -0.544596 -0.838524 0.017092
vn -0.578932 -0.815199 0.016968
vn -0.613916 -0.789192 0.016826
vn -0.646210 -0.762977 0.016703
vn -0.678189 -0.734700 0.016596
vn -0.707831 -0.706189 0.016526
vn -0.735930 -0.676857 0.016490
vn -0.762605 -0.646654 0.016485
vn -0.787848 -0.615649 0.016507
vn -0.811759 -0.583759 0.016547
vn -0.834313 -0.551041 0.016596
vn -0.855543 -0.517465 0.016641
vn -0.875467 -0.482990 0.016668
vn -0.894094 -0.447569 0.016657
vn -0.911416 -0.411152 0.016586
vn -0.927411 -0.373682 0.016435
vn -0.942044 -0.335100 0.016175
vn -0.955247 -0.295388 0.015785
vn -0.042298 -0.998777 0.025606
vn -0.083104 -0.996212 0.025610
vn -0.125288 -0.991790 0.025593
vn -0.166010 -0.985793 0.025553
vn -0.206174 -0.978183 0.025491
vn -0.245843 -0.968977 0.025405
vn -0.284972 -0.958202 0.025294
vn -0.323627 -0.945850 0.025156
vn -0.361811 -0.931916 0.024990
vn -0.399526 -0.916387 0.024796
vn -0.436765 -0.899240 0.024571
vn -0.473514 -0.880451 0.024316
vn -0.509752 -0.859986 0.024030
vn -0.545448 -0.837809 0.023711
vn -0.579815 -0.814413 0.023369
vn -0.614830 -0.788325 0.022980
vn -0.647154 -0.762025 0.022598
vn -0.679164 -0.733651 0.022195
vn -0.708833 -0.705039 0.021808
vn -0.736954 -0.675604 0.021428
vn -0.763645 -0.645293 0.021053
vn -0.788894 -0.614182 0.020679
vn -0.812799 -0.582190 0.020298
vn -0.835339 -0.549376 0.019901
vn -0.856541 -0.515711 0.019477
vn -0.876426 -0.481162 0.019009
vn -0.894999 -0.445685 0.018481
vn -0.912256 -0.409231 0.017871
vn -0.928176 -0.371747 0.017156
vn -0.942722 -0.333180 0.016310
vn -0.955838 -0.293497 0.015299
vn -0.042381 -0.998542 0.033431
vn -0.083204 -0.995973 0.033404
vn -0.125405 -0.991545 0.033334
vn -0.166141 -0.985542 0.033225
vn -0.206316 -0.977926 0.033078
vn -0.245995 -0.968713 0.032893
vn -0.285131 -0.957932 0.032669
vn -0.323792 -0.945573 0.032405
vn -0.361981 -0.931633 0.032102
vn -0.399699 -0.916096 0.031759
vn -0.436940 -0.898943 0.031373
vn -0.473691 -0.880148 0.030945
vn -0.509930 -0.859676 0.030472
vn -0.545627 -0.837493 0.029954
vn -0.579994 -0.814090 0.029401
vn -0.615011 -0.787993 0.028777
vn -0.647341 -0.761681 0.028144
vn -0.679362 -0.733290 0.027457
vn -0.709042 -0.704658 0.026765
vn -0.737176 -0.675198 0.026054
vn -0.763879 -0.644863 0.025323
vn -0.789134 -0.613730 0.024570
vn -0.813041 -0.581720 0.023787
vn -0.835575 -0.548895 0.022970
vn -0.856766 -0.515231 0.022108
vn -0.876631 -0.480696 0.021186
vn -0.895178 -0.445251 0.020190
vn -0.912402 -0.408850 0.019103
vn -0.928283 -0.371443 0.017903
vn -0.942787 -0.332983 0.016568
vn -0.955873 -0.293394 0.015061
vn -0.042387 -0.998265 0.040859
vn -0.083161 -0.995701 0.040798
vn -0.125312 -0.991283 0.040675
vn -0.166000 -0.985294 0.040497
vn -0.206130 -0.977696 0.040265
vn -0.245764 -0.968505 0.039980
vn -0.284857 -0.957750 0.039643
vn -0.323476 -0.945422 0.039255
vn -0.361624 -0.931516 0.038815
vn -0.399301 -0.916019 0.038322
vn -0.436504 -0.898909 0.037776
vn -0.473217 -0.880161 0.037176
vn -0.509421 -0.859742 0.036518
vn -0.545084 -0.837617 0.035802
vn -0.579419 -0.814276 0.035043
vn -0.614408 -0.788248 0.034187
vn -0.646717 -0.762002 0.033311
vn -0.678726 -0.733679 0.032346
vn -0.708405 -0.705110 0.031356
vn -0.736542 -0.675712 0.030324
vn -0.763252 -0.645439 0.029248
vn -0.788516 -0.614371 0.028130
vn -0.812433 -0.582431 0.026965
vn -0.834976 -0.549684 0.025750
vn -0.856175 -0.516106 0.024478
vn -0.876047 -0.481671 0.023141
vn -0.894599 -0.446341 0.021728
vn -0.911828 -0.410075 0.020225
vn -0.927714 -0.372826 0.018617
vn -0.942226 -0.334553 0.016887
vn -0.955329 -0.295162 0.015011
vn -0.042306 -0.997925 0.048545
vn -0.082957 -0.995375 0.048444
vn -0.124984 -0.990984 0.048260
vn -0.165557 -0.985031 0.048002
vn -0.205576 -0.977479 0.047672
vn -0.245105 -0.968343 0.047273
vn -0.284098 -0.957652 0.046807
vn -0.322621 -0.945396 0.046275
vn -0.360677 -0.931572 0.045677
vn -0.398268 -0.916164 0.045013
vn -0.435386 -0.899154 0.044283
vn -0.472020 -0.880515 0.043484
vn -0.508148 -0.860215 0.042617
vn -0.543739 -0.838219 0.041676
vn -0.578009 -0.815016 0.040683
vn -0.612936 -0.789141 0.039568
vn -0.645200 -0.763047 0.038421
vn -0.677176 -0.734882 0.037151
vn -0.706838 -0.706467 0.035836
vn -0.734970 -0.677223 0.034455
vn -0.761686 -0.647105 0.033009
vn -0.786966 -0.616192 0.031503
vn -0.810905 -0.584411 0.029934
vn -0.833477 -0.551829 0.028307
vn -0.854710 -0.518422 0.026619
vn -0.874622 -0.484167 0.024866
vn -0.893220 -0.449028 0.023046
vn -0.910499 -0.412969 0.021150
vn -0.926444 -0.375945 0.019171
vn -0.941022 -0.337913 0.017099
vn -0.954191 -0.298826 0.014919
vn -0.042124 -0.997514 0.056495
vn -0.082571 -0.994991 0.056348
vn -0.124393 -0.990646 0.056093
vn -0.164776 -0.984755 0.055744
vn -0.204614 -0.977279 0.055303
vn -0.243971 -0.968234 0.054773
vn -0.282800 -0.957649 0.054159
vn -0.321166 -0.945513 0.053462
vn -0.359074 -0.931821 0.052683
vn -0.396523 -0.916561 0.051822
vn -0.433506 -0.899713 0.050880
vn -0.470012 -0.881251 0.049855
vn -0.506019 -0.861144 0.048745
vn -0.541497 -0.839357 0.047548
vn -0.575664 -0.816375 0.046290
vn -0.610494 -0.790748 0.044882
vn -0.642683 -0.764900 0.043432
vn -0.674603 -0.736995 0.041823
vn -0.704231 -0.708835 0.040150
vn -0.732350 -0.679846 0.038389
vn -0.759070 -0.649983 0.036541
vn -0.784371 -0.619325 0.034617
vn -0.808348 -0.587801 0.032618
vn -0.830971 -0.555477 0.030556
vn -0.852267 -0.522333 0.028434
vn -0.872257 -0.488343 0.026255
vn -0.890945 -0.453476 0.024022
vn -0.908327 -0.417696 0.021740
vn -0.924388 -0.380960 0.019407
vn -0.939098 -0.343228 0.017027
vn -0.952386 -0.304543 0.014621
vn -0.041830 -0.997032 0.064635
vn -0.081984 -0.994548 0.064436
vn -0.123515 -0.990270 0.064099
vn -0.163625 -0.984468 0.063645
vn -0.203205 -0.977103 0.063074
vn -0.242316 -0.968189 0.062393
vn -0.280912 -0.957754 0.061606
vn -0.319057 -0.945789 0.060715
vn -0.356755 -0.932287 0.059723
vn -0.394004 -0.917237 0.058631
vn -0.430800 -0.900618 0.057439
vn -0.467129 -0.882405 0.056148
vn -0.502971 -0.862567 0.054754
vn -0.538294 -0.841073 0.053257
vn -0.572323 -0.818397 0.051689
vn -0.607025 -0.793112 0.049941
vn -0.639114 -0.767604 0.048145
vn -0.670959 -0.740056 0.046152
vn -0.700543 -0.712248 0.044079
vn -0.728645 -0.683608 0.041896
vn -0.755375 -0.654095 0.039608
vn -0.780710 -0.623783 0.037232
vn -0.804746 -0.592600 0.034773
vn -0.827450 -0.560613 0.032248
vn -0.848849 -0.527802 0.029670
vn -0.868961 -0.494141 0.027049
vn -0.887791 -0.459600 0.024398
vn -0.905336 -0.424140 0.021729
vn -0.921579 -0.387722 0.019053
vn -0.936491 -0.350309 0.016384
vn -0.949932 -0.312154 0.013750
vn -0.041415 -0.996418 0.073733
vn -0.081185 -0.993987 0.073472
vn -0.122332 -0.989798 0.073041
vn -0.162084 -0.984113 0.072465
vn -0.201324 -0.976894 0.071745
vn -0.240111 -0.968154 0.070887
vn -0.278400 -0.957919 0.069898
vn -0.316253 -0.946178 0.068782
vn -0.353674 -0.932927 0.067540
vn -0.390663 -0.918152 0.066175
vn -0.427212 -0.901835 0.064688
vn -0.463309 -0.883949 0.063079
vn -0.498934 -0.864466 0.061348
vn -0.534057 -0.843353 0.059491
vn -0.567907 -0.821078 0.057551
vn -0.602441 -0.796239 0.055396
vn -0.634400 -0.771174 0.053182
vn -0.666143 -0.744097 0.050728
vn -0.695663 -0.716751 0.048174
vn -0.723739 -0.688573 0.045485
vn -0.750476 -0.659519 0.042668
vn -0.775851 -0.629663 0.039744
vn -0.799961 -0.598927 0.036726
vn -0.822770 -0.567378 0.033637
vn -0.844305 -0.534994 0.030498
vn -0.864582 -0.501748 0.027330
vn -0.883605 -0.467609 0.024158
vn -0.901373 -0.432534 0.021006
vn -0.917865 -0.396488 0.017898
vn -0.933054 -0.359430 0.014864
vn -0.946860 -0.321423 0.011943
vn -0.040865 -0.995680 0.083376
vn -0.080153 -0.993317 0.083048
vn -0.120816 -0.989239 0.082516
vn -0.160117 -0.983702 0.081808
vn -0.198927 -0.976667 0.080927
vn -0.237305 -0.968145 0.079880
vn -0.275205 -0.958161 0.078673
vn -0.312690 -0.946704 0.077311
vn -0.349762 -0.933767 0.075798
vn -0.386420 -0.919339 0.074135
vn -0.422657 -0.903400 0.072325
vn -0.458461 -0.885924 0.070367
vn -0.493813 -0.866885 0.068261
vn -0.528683 -0.846249 0.066006
vn -0.562308 -0.824475 0.063652
vn -0.596629 -0.800192 0.061040
vn -0.628421 -0.775681 0.058357
vn -0.660031 -0.749194 0.055384
vn -0.689465 -0.722429 0.052288
vn -0.717497 -0.694835 0.049026
vn -0.744232 -0.666362 0.045604
vn -0.769650 -0.637080 0.042052
vn -0.793843 -0.606910 0.038385
vn -0.816778 -0.575911 0.034637
vn -0.838478 -0.544062 0.030838
vn -0.858961 -0.511328 0.027020
vn -0.878229 -0.477677 0.023220
vn -0.896279 -0.443064 0.019478
vn -0.913090 -0.407450 0.015838
vn -0.928634 -0.370791 0.012347
vn -0.942840 -0.333124 0.009061
vn -0.040185 -0.994907 0.092436
vn -0.078898 -0.992624 0.092045
vn -0.118984 -0.988679 0.091417
vn -0.157746 -0.983316 0.090585
vn -0.196042 -0.976498 0.089552
vn -0.233929 -0.968233 0.088324
vn -0.271363 -0.958545 0.086910
vn -0.308404 -0.947422 0.085313
vn -0.345054 -0.934858 0.083538
vn -0.381312 -0.920839 0.081588
vn -0.417171 -0.905347 0.079463
vn -0.452620 -0.888359 0.077165
vn -0.487638 -0.869845 0.074692
vn -0.522199 -0.849775 0.072042
vn -0.555547 -0.828594 0.069276
vn -0.589606 -0.804973 0.066205
vn -0.621187 -0.781122 0.063052
vn -0.652622 -0.755340 0.059552
vn -0.681934 -0.729274 0.055902
vn -0.709892 -0.702385 0.052048
vn -0.736604 -0.674618 0.047998
vn -0.762049 -0.646037 0.043785
vn -0.786320 -0.616560 0.039427
vn -0.809384 -0.586237 0.034967
vn -0.831264 -0.555044 0.030443
vn -0.851975 -0.522942 0.025898
vn -0.871522 -0.489889 0.021382
vn -0.889900 -0.455841 0.016950
vn -0.907089 -0.420749 0.012666
vn -0.923138 -0.384368 0.008842
vn -0.938016 -0.346544 0.005786
vn -0.039384 -0.994098 0.101086
vn -0.077442 -0.991904 0.100639
vn -0.116868 -0.988107 0.099928
vn -0.155013 -0.982941 0.098989
vn -0.192718 -0.976366 0.097825
vn -0.230041 -0.968391 0.096442
vn -0.266936 -0.959035 0.094849
vn -0.303462 -0.948289 0.093051
vn -0.339622 -0.936145 0.091050
vn -0.375413 -0.922589 0.088851
vn -0.410828 -0.907605 0.086453
vn -0.445856 -0.891168 0.083857
vn -0.480478 -0.873252 0.081062
vn -0.514668 -0.853828 0.078065
vn -0.547681 -0.833325 0.074933
vn -0.581416 -0.810462 0.071455
vn -0.612732 -0.787371 0.067875
vn -0.643934 -0.762408 0.063896
vn -0.673072 -0.737161 0.059734
vn -0.700908 -0.711103 0.055325
vn -0.727553 -0.684178 0.050677
vn -0.752987 -0.656438 0.045824
vn -0.777305 -0.627801 0.040788
vn -0.800477 -0.598305 0.035615
vn -0.822523 -0.567921 0.030352
vn -0.843463 -0.536603 0.025052
vn -0.863301 -0.504303 0.019774
vn -0.882030 -0.470967 0.014592
vn -0.899635 -0.436537 0.009589
vn -0.916207 -0.400674 0.005066
vn -0.931786 -0.363005 0.001343
vn -0.038456 -0.993160 0.110244
vn -0.075772 -0.991067 0.109748
vn -0.114452 -0.987435 0.108966
vn -0.151896 -0.982485 0.107935
vn -0.188930 -0.976181 0.106660
vn -0.225610 -0.968527 0.105147
vn -0.261890 -0.959542 0.103405
vn -0.297828 -0.949215 0.101439
vn -0.333425 -0.937538 0.099252
vn -0.368678 -0.924498 0.096848
vn -0.403580 -0.910079 0.094228
vn -0.438121 -0.894258 0.091391
vn -0.472280 -0.877011 0.088336
vn -0.506035 -0.858309 0.085059
vn -0.538651 -0.838565 0.081633
vn -0.571999 -0.816554 0.077831
vn -0.602992 -0.794316 0.073904
vn -0.633900 -0.770283 0.069535
vn -0.662804 -0.745971 0.064950
vn -0.690462 -0.720870 0.060077
vn -0.716987 -0.694920 0.054923
vn -0.742365 -0.668163 0.049524
vn -0.766690 -0.640514 0.043903
vn -0.789936 -0.612003 0.038113
vn -0.812128 -0.582590 0.032205
vn -0.833284 -0.552223 0.026241
vn -0.853412 -0.520842 0.020295
vn -0.872509 -0.488384 0.014457
vn -0.890563 -0.454774 0.008836
vn -0.907663 -0.419685 0.003537
vn -0.923791 -0.382894 -0.001342
vn -0.037399 -0.992133 0.119469
vn -0.073883 -0.990150 0.118931
vn -0.111725 -0.986698 0.118089
vn -0.148381 -0.981987 0.116984
vn -0.184661 -0.975978 0.115619
vn -0.220617 -0.968675 0.114001
vn -0.256204 -0.960096 0.112140
vn -0.291478 -0.950227 0.110042
vn -0.326438 -0.939062 0.107710
vn -0.361081 -0.926587 0.105148
vn -0.395401 -0.912787 0.102358
vn -0.429386 -0.897641 0.099339
vn -0.463017 -0.881126 0.096089
vn -0.496271 -0.863214 0.092605
vn -0.528430 -0.844303 0.088962
vn -0.561326 -0.823226 0.084925
vn -0.591940 -0.801927 0.080742
vn -0.622491 -0.778920 0.076082
vn -0.651102 -0.755645 0.071176
vn -0.678525 -0.731612 0.065947
vn -0.704875 -0.706755 0.060400
vn -0.730147 -0.681108 0.054573
vn -0.754434 -0.654583 0.048489
vn -0.777713 -0.627201 0.042207
vn -0.800016 -0.598911 0.035782
vn -0.821364 -0.569653 0.029287
vn -0.841769 -0.539356 0.022806
vn -0.861235 -0.507942 0.016449
vn -0.879754 -0.475317 0.010348
vn -0.897349 -0.441298 0.004634
vn -0.914264 -0.405118 -0.000419
vn -0.036200 -0.990986 0.128983
vn -0.071751 -0.989123 0.128407
vn -0.108652 -0.985868 0.127512
vn -0.144425 -0.981417 0.126340
vn -0.179857 -0.975732 0.124895
vn -0.214998 -0.968814 0.123186
vn -0.249804 -0.960678 0.121224
vn -0.284328 -0.951311 0.119013
vn -0.318568 -0.940706 0.116560
vn -0.352521 -0.928850 0.113868
vn -0.386179 -0.915728 0.110940
vn -0.419529 -0.901321 0.107775
vn -0.452556 -0.885607 0.104372
vn -0.485235 -0.868563 0.100727
vn -0.516865 -0.850563 0.096920
vn -0.549231 -0.830512 0.092710
vn -0.579397 -0.810245 0.088329
vn -0.609511 -0.788373 0.083447
vn -0.637752 -0.766252 0.078289
vn -0.664862 -0.743412 0.072776
vn -0.690962 -0.719788 0.066911
vn -0.716052 -0.695400 0.060733
vn -0.740229 -0.670161 0.054267
vn -0.763476 -0.644081 0.047575
vn -0.785830 -0.617100 0.040720
vn -0.807320 -0.589146 0.033780
vn -0.827965 -0.560137 0.026855
vn -0.847777 -0.529972 0.020074
vn -0.866762 -0.498537 0.013598
vn -0.884912 -0.465697 0.007635
vn -0.902996 -0.429644 0.002281
vn -0.915069 -0.403296 -0.000944
vn -0.925647 -0.378372 -0.003469
vn -0.034835 -0.989592 0.139621
vn -0.069332 -0.987862 0.139003
vn -0.105170 -0.984826 0.138049
vn -0.139945 -0.980663 0.136804
vn -0.174418 -0.975336 0.135272
vn -0.208640 -0.968843 0.133464
vn -0.242565 -0.961197 0.131391
vn -0.276242 -0.952383 0.129061
vn -0.309671 -0.942394 0.126480
vn -0.342845 -0.931218 0.123652
vn -0.375756 -0.918841 0.120580
vn -0.408392 -0.905243 0.117267
vn -0.440737 -0.890405 0.113711
vn -0.472767 -0.874306 0.109909
vn -0.503801 -0.857299 0.105940
vn -0.535562 -0.838366 0.101568
vn -0.565217 -0.819220 0.096997
vn -0.594825 -0.798585 0.091902
vn -0.622626 -0.777724 0.086500
vn -0.649355 -0.756191 0.080710
vn -0.675134 -0.733920 0.074536
vn -0.699973 -0.710923 0.068016
vn -0.723972 -0.687111 0.061176
vn -0.747123 -0.662482 0.054085
vn -0.769468 -0.636968 0.046809
vn -0.791043 -0.610488 0.039438
vn -0.811880 -0.582942 0.032087
vn -0.832004 -0.554210 0.024905
vn -0.851437 -0.524145 0.018089
vn -0.870192 -0.492570 0.011901
vn -0.889117 -0.457634 0.006482
vn -0.900441 -0.434967 0.003272
vn -0.033277 -0.987913 0.151396
vn -0.066581 -0.986329 0.150738
vn -0.101215 -0.983532 0.149733
vn -0.134860 -0.979685 0.148425
vn -0.168250 -0.974749 0.146821
vn -0.201431 -0.968721 0.144933
vn -0.234357 -0.961609 0.142774
vn -0.267077 -0.953400 0.140353
vn -0.299586 -0.944084 0.137676
vn -0.331878 -0.933649 0.134750
vn -0.363944 -0.922080 0.131578
vn -0.395770 -0.909363 0.128163
vn -0.427340 -0.895477 0.124503
vn -0.458632 -0.880405 0.120598
vn -0.488986 -0.864474 0.116521
vn -0.520053 -0.846752 0.112054
vn -0.549120 -0.828821 0.107342
vn -0.578131 -0.809532 0.102094
vn -0.605406 -0.790046 0.096497
vn -0.631662 -0.769946 0.090474
vn -0.657029 -0.749168 0.084026
vn -0.681525 -0.727713 0.077187
vn -0.705252 -0.705494 0.069987
vn -0.728208 -0.682501 0.062494
vn -0.750447 -0.658656 0.054779
vn -0.772014 -0.633870 0.046936
vn -0.792952 -0.608028 0.039093
vn -0.813307 -0.580986 0.031420
vn -0.833122 -0.552563 0.024151
vn -0.852444 -0.522522 0.017613
vn -0.872312 -0.488717 0.015105
vn -0.885498 -0.464530 0.010273
vn -0.031515 -0.985898 0.164352
vn -0.063483 -0.984471 0.163667
vn -0.096773 -0.981929 0.162635
vn -0.129155 -0.978418 0.161300
vn -0.161334 -0.973898 0.159671
vn -0.193353 -0.968362 0.157763
vn -0.225165 -0.961818 0.155588
vn -0.256815 -0.954248 0.153157
vn -0.288297 -0.945643 0.150478
vn -0.319604 -0.935991 0.147558
vn -0.350725 -0.925279 0.144399
vn -0.381645 -0.913490 0.141006
vn -0.412347 -0.900610 0.137376
vn -0.442810 -0.886620 0.133506
vn -0.472400 -0.871824 0.129463
vn -0.502679 -0.855379 0.125062
vn -0.531076 -0.838734 0.120348
vn -0.559395 -0.820871 0.115101
vn -0.586049 -0.802849 0.109452
vn -0.611736 -0.784284 0.103330
vn -0.636588 -0.765114 0.096732
vn -0.660635 -0.745331 0.089681
vn -0.683980 -0.724854 0.082208
vn -0.706628 -0.703666 0.074373
vn -0.728638 -0.681689 0.066242
vn -0.750068 -0.658821 0.057910
vn -0.770974 -0.634940 0.049506
vn -0.791418 -0.609884 0.041214
vn -0.811480 -0.583430 0.033302
vn -0.831255 -0.555276 0.026165
vn -0.852700 -0.521927 0.022240
vn -0.871613 -0.489700 0.022027
vn -0.029545 -0.983519 0.178376
vn -0.060049 -0.982255 0.177678
vn -0.091866 -0.979978 0.176647
vn -0.122868 -0.976813 0.175327
vn -0.153724 -0.972722 0.173729
vn -0.184473 -0.967693 0.171870
vn -0.215070 -0.961730 0.169764
vn -0.245554 -0.954816 0.167421
vn -0.275916 -0.946939 0.164852
vn -0.306149 -0.938088 0.162062
vn -0.336238 -0.928249 0.159056
vn -0.366168 -0.917407 0.155836
vn -0.395922 -0.905549 0.152400
vn -0.425477 -0.892662 0.148742
vn -0.454227 -0.879021 0.144912
vn -0.483633 -0.863875 0.140784
vn -0.511283 -0.848542 0.136257
vn -0.538822 -0.832137 0.131219
vn -0.564763 -0.815621 0.125718
vn -0.589784 -0.798642 0.119691
vn -0.614017 -0.781144 0.113129
vn -0.637504 -0.763115 0.106038
vn -0.660345 -0.744482 0.098442
vn -0.682553 -0.725226 0.090385
vn -0.704189 -0.705271 0.081918
vn -0.725317 -0.684521 0.073117
vn -0.746005 -0.662848 0.064098
vn -0.766331 -0.640084 0.055032
vn -0.786407 -0.615978 0.046197
vn -0.806399 -0.590146 0.038052
vn -0.826685 -0.561824 0.030753
vn -0.849029 -0.527654 0.027048
vn -0.027253 -0.980755 0.193329
vn -0.056404 -0.979663 0.192559
vn -0.086448 -0.977652 0.191634
vn -0.115947 -0.974841 0.190370
vn -0.145372 -0.971184 0.188862
vn -0.174745 -0.966669 0.187125
vn -0.204038 -0.961291 0.185170
vn -0.233273 -0.955034 0.183015
vn -0.262438 -0.947885 0.180669
vn -0.291523 -0.939830 0.178140
vn -0.320511 -0.930858 0.175434
vn -0.349386 -0.920954 0.172551
vn -0.378127 -0.910106 0.169489
vn -0.406712 -0.898303 0.166241
vn -0.434597 -0.885772 0.162891
vn -0.463022 -0.871932 0.159202
vn -0.490071 -0.857780 0.155060
vn -0.516604 -0.842884 0.150557
vn -0.541794 -0.827830 0.145456
vn -0.566103 -0.812398 0.139779
vn -0.589667 -0.796535 0.133508
vn -0.612534 -0.780235 0.126630
vn -0.634783 -0.763447 0.119164
vn -0.656448 -0.746143 0.111116
vn -0.677594 -0.728258 0.102504
vn -0.698279 -0.709711 0.093364
vn -0.718819 -0.690058 0.084369
vn -0.739809 -0.668519 0.075924
vn -0.761747 -0.644179 0.069102
vn -0.785166 -0.615811 0.065508
vn -0.803867 -0.592565 0.051628
vn -0.820137 -0.571128 0.034474
vn -0.026071 -0.979202 0.201203
vn -0.054008 -0.978212 0.200460
vn -0.082784 -0.976381 0.199567
vn -0.111224 -0.973798 0.198360
vn -0.139631 -0.970423 0.196933
vn -0.168031 -0.966242 0.195298
vn -0.196387 -0.961250 0.193471
vn -0.224707 -0.955430 0.191470
vn -0.252981 -0.948770 0.189305
vn -0.281194 -0.941258 0.186985
vn -0.309330 -0.932882 0.184517
vn -0.337372 -0.923630 0.181901
vn -0.365299 -0.913492 0.179136
vn -0.393087 -0.902458 0.176218
vn -0.420370 -0.890670 0.173192
vn -0.448095 -0.877700 0.169864
vn -0.500381 -0.850477 0.162199
vn -0.525030 -0.836369 0.157581
vn -0.548778 -0.821959 0.152403
vn -0.571745 -0.807218 0.146650
vn -0.593986 -0.792143 0.140322
vn -0.615569 -0.776710 0.133406
vn -0.636545 -0.760893 0.125911
vn -0.656962 -0.744657 0.117840
vn -0.676872 -0.727954 0.109215
vn -0.696549 -0.710473 0.100242
vn -0.716738 -0.691197 0.092374
vn -0.738872 -0.668213 0.086945
vn -0.763506 -0.639831 0.087608
vn -0.793348 -0.600450 0.100287
vn -0.044462 -0.976287 -0.211863
vn -0.126263 -0.968948 -0.212595
vn -0.085789 -0.973489 -0.212035
vn -0.200001 -0.956195 -0.213755
vn -0.164128 -0.963137 -0.213140
vn -0.266323 -0.939596 -0.215014
vn -0.234041 -0.948293 -0.214395
vn -0.297005 -0.930222 -0.215581
vn -0.354053 -0.909840 -0.216421
vn -0.326209 -0.920274 -0.216061
vn -0.406135 -0.887760 -0.216648
vn -0.380655 -0.898986 -0.216626
vn -0.430606 -0.876199 -0.216459
vn -0.476820 -0.852202 -0.215395
vn -0.454182 -0.864319 -0.216035
vn -0.520490 -0.826840 -0.213133
vn -0.499201 -0.839527 -0.214459
vn -0.542123 -0.813178 -0.211763
vn -0.563119 -0.799219 -0.210111
vn -0.583750 -0.784759 -0.208301
vn -0.603995 -0.769806 -0.206371
vn -0.643186 -0.738508 -0.202281
vn -0.623806 -0.754393 -0.204347
vn -0.662078 -0.722201 -0.200198
vn -0.698283 -0.688450 -0.196055
vn -0.680451 -0.705505 -0.198114
vn -0.732156 -0.653517 -0.192000
vn -0.715531 -0.671098 -0.194018
vn -0.748064 -0.635865 -0.189938
vn -0.763094 -0.618435 -0.187683
vn -0.776620 -0.602260 -0.184782
vn -0.773420 -0.609410 -0.174475
vn -0.802495 -0.577203 -0.151124
vn -0.794269 -0.585174 -0.163425
vn -0.819152 -0.558780 -0.129441
vn -0.811048 -0.567978 -0.140010
vn -0.826606 -0.550067 -0.118950
vn -0.840380 -0.533200 -0.097260
vn -0.832935 -0.542783 -0.107730
vn -0.847829 -0.523159 -0.086551
vn -0.855035 -0.513094 -0.075162
vn -0.868971 -0.492273 -0.050563
vn -0.862065 -0.502853 -0.063113
vn -0.882646 -0.469229 -0.027578
vn -0.875943 -0.480855 -0.038763
vn -0.889316 -0.456987 -0.016750
vn -0.903333 -0.428935 0.002235
vn -0.896144 -0.443714 -0.006584
vn -0.918526 -0.395105 0.014239
vn -0.910825 -0.412691 0.009166
vn -0.925640 -0.377992 0.017693
vn -0.932000 -0.361927 0.019625
vn -0.942452 -0.333694 0.020810
vn -0.937774 -0.346641 0.020506
vn -0.946786 -0.321198 0.020697
vn -0.953727 -0.300029 0.019700
vn -0.950526 -0.309981 0.020315
vn -0.958506 -0.284514 0.017811
vn -0.956363 -0.291571 0.018893
vn -0.960144 -0.279011 0.016641
vn -0.961784 -0.273409 0.014771
vn -0.961247 -0.275248 0.015582
vn -0.961209 -0.275462 0.014046
vn -0.961769 -0.273489 0.014278
vn -0.960094 -0.279336 0.013806
vn -0.956232 -0.292344 0.012487
vn -0.958401 -0.285110 0.013391
vn -0.949677 -0.313135 0.007766
vn -0.953364 -0.301634 0.010654
vn -0.945278 -0.326232 0.004627
vn -0.939935 -0.341353 0.000596
vn -0.474554 -0.864382 0.166262
vn -0.933571 -0.358375 -0.003575
vn -0.810058 -0.581345 0.076453
vn 0.027347 0.978743 -0.203261
vn 0.026206 0.977813 -0.207834
vn 0.056573 0.977644 -0.202512
vn 0.054242 0.976813 -0.207109
vn 0.086716 0.975628 -0.201571
vn 0.083129 0.974964 -0.206240
vn 0.116296 0.972808 -0.200301
vn 0.111660 0.972362 -0.205049
vn 0.140151 0.968965 -0.203630
vn 0.145798 0.969138 -0.198781
vn 0.168636 0.964758 -0.201998
vn 0.175251 0.964607 -0.197027
vn 0.204625 0.959209 -0.195053
vn 0.197077 0.959735 -0.200174
vn 0.233955 0.952922 -0.192886
vn 0.225497 0.953872 -0.198192
vn 0.263222 0.945732 -0.190540
vn 0.253875 0.947155 -0.196076
vn 0.282163 0.939582 -0.193828
vn 0.292398 0.937631 -0.188018
vn 0.310334 0.931153 -0.191433
vn 0.321468 0.928611 -0.185312
vn 0.350421 0.918656 -0.182417
vn 0.338384 0.921858 -0.188877
vn 0.379244 0.907753 -0.179330
vn 0.366303 0.911684 -0.186160
vn 0.407921 0.895882 -0.176054
vn 0.394079 0.900614 -0.183292
vn 0.436429 0.883029 -0.172597
vn 0.421697 0.888631 -0.180299
vn 0.448970 0.875810 -0.177152
vn 0.464530 0.869299 -0.168911
vn 0.518022 0.840237 -0.160171
vn 0.543278 0.825127 -0.154968
vn 0.525503 0.834650 -0.164943
vn 0.500955 0.848700 -0.169567
vn 0.567684 0.809611 -0.149213
vn 0.549219 0.820255 -0.159812
vn 0.591360 0.793648 -0.142887
vn 0.572197 0.805496 -0.154169
vn 0.614331 0.777249 -0.135947
vn 0.594463 0.790390 -0.147978
vn 0.636651 0.760398 -0.128339
vn 0.616041 0.774970 -0.141121
vn 0.636998 0.759214 -0.133520
vn 0.658426 0.743002 -0.120099
vn 0.657557 0.742907 -0.125328
vn 0.679765 0.724930 -0.111334
vn 0.700668 0.706152 -0.102051
vn 0.677765 0.725961 -0.116686
vn 0.721397 0.686269 -0.092855
vn 0.697721 0.708231 -0.107674
vn 0.742654 0.664356 -0.084239
vn 0.718157 0.688705 -0.099682
vn 0.764908 0.639486 -0.077282
vn 0.740661 0.665241 -0.094209
vn 0.788697 0.610355 -0.073653
vn 0.765730 0.636119 -0.094924
vn 0.809803 0.583297 -0.063121
vn 0.796081 0.595216 -0.109418
vn 0.029652 0.980445 -0.194546
vn 0.060240 0.979184 -0.193828
vn 0.092186 0.976906 -0.192758
vn 0.123296 0.973740 -0.191387
vn 0.154258 0.969643 -0.189728
vn 0.185117 0.964606 -0.187795
vn 0.215823 0.958630 -0.185604
vn 0.246422 0.951697 -0.183165
vn 0.276908 0.943794 -0.180487
vn 0.307272 0.934907 -0.177575
vn 0.337501 0.925022 -0.174434
vn 0.367581 0.914124 -0.171063
vn 0.397491 0.902197 -0.167458
vn 0.427211 0.889226 -0.163611
vn 0.456709 0.875199 -0.159513
vn 0.485787 0.860200 -0.155135
vn 0.514059 0.844472 -0.150365
vn 0.491806 0.854964 -0.164816
vn 0.541207 0.828277 -0.145095
vn 0.567309 0.811640 -0.139287
vn 0.592504 0.794524 -0.132931
vn 0.616920 0.776871 -0.126018
vn 0.640600 0.758667 -0.118559
vn 0.663637 0.739838 -0.110572
vn 0.686044 0.720360 -0.102102
vn 0.707883 0.700154 -0.093202
vn 0.729210 0.679122 -0.083945
vn 0.750089 0.657134 -0.074442
vn 0.770593 0.634018 -0.064865
vn 0.790828 0.609519 -0.055482
vn 0.810946 0.583250 -0.046745
vn 0.833075 0.551541 -0.042300
vn 0.031673 0.981978 -0.186325
vn 0.063771 0.980554 -0.185600
vn 0.097239 0.978011 -0.184494
vn 0.129777 0.974498 -0.183062
vn 0.162108 0.969973 -0.181311
vn 0.194283 0.964428 -0.179256
vn 0.226251 0.957869 -0.176912
vn 0.258066 0.950277 -0.174287
vn 0.289722 0.941640 -0.171389
vn 0.321213 0.931946 -0.168225
vn 0.352527 0.921177 -0.164798
vn 0.383652 0.909316 -0.161107
vn 0.414569 0.896346 -0.157151
vn 0.445258 0.882247 -0.152925
vn 0.475685 0.867004 -0.148419
vn 0.505649 0.850702 -0.143615
vn 0.534773 0.833581 -0.138422
vn 0.562730 0.815911 -0.132754
vn 0.589594 0.797718 -0.126586
vn 0.615500 0.778961 -0.119915
vn 0.640573 0.759577 -0.112738
vn 0.664842 0.739556 -0.105085
vn 0.688404 0.718815 -0.096980
vn 0.711266 0.697331 -0.088487
vn 0.733481 0.675025 -0.079672
vn 0.755101 0.651794 -0.070627
vn 0.776177 0.627511 -0.061482
vn 0.796767 0.602009 -0.052418
vn 0.816936 0.575070 -0.043695
vn 0.836775 0.546381 -0.035709
vn 0.858850 0.511226 -0.032021
vn 0.878052 0.477521 -0.031610
vn 0.855788 0.515877 -0.038710
vn 0.033500 0.983332 -0.178704
vn 0.066993 0.981750 -0.177985
vn 0.101869 0.978948 -0.176873
vn 0.135728 0.975093 -0.175421
vn 0.169327 0.970144 -0.173636
vn 0.202722 0.964096 -0.171530
vn 0.235862 0.956958 -0.169117
vn 0.268803 0.948712 -0.166406
vn 0.301543 0.939346 -0.163403
vn 0.334077 0.928846 -0.160115
vn 0.366396 0.917196 -0.156543
vn 0.398487 0.904375 -0.152689
vn 0.430333 0.890363 -0.148552
vn 0.461911 0.875138 -0.144125
vn 0.493189 0.858680 -0.139403
vn 0.523960 0.841076 -0.134375
vn 0.553850 0.822568 -0.128964
vn 0.582523 0.803437 -0.123105
vn 0.610050 0.783710 -0.116783
vn 0.636559 0.763344 -0.109997
vn 0.662170 0.742276 -0.102752
vn 0.686904 0.720501 -0.095085
vn 0.710857 0.697932 -0.087024
vn 0.734025 0.674554 -0.078640
vn 0.756455 0.650288 -0.070004
vn 0.778189 0.625040 -0.061211
vn 0.799265 0.598692 -0.052388
vn 0.819717 0.571099 -0.043705
vn 0.839582 0.542079 -0.035393
vn 0.858900 0.511390 -0.027778
vn 0.878818 0.476527 -0.024535
vn 0.892149 0.451345 -0.018943
vn 0.035131 0.984515 -0.171744
vn 0.069887 0.982781 -0.171047
vn 0.106038 0.979730 -0.169954
vn 0.141094 0.975548 -0.168521
vn 0.175842 0.970192 -0.166753
vn 0.210341 0.963662 -0.164660
vn 0.244540 0.955967 -0.162256
vn 0.278500 0.947092 -0.159547
vn 0.312220 0.937024 -0.156540
vn 0.345696 0.925750 -0.153239
vn 0.378920 0.913250 -0.149647
vn 0.411881 0.899504 -0.145764
vn 0.444560 0.884488 -0.141587
vn 0.476935 0.868178 -0.137111
vn 0.508972 0.850551 -0.132332
vn 0.540457 0.831694 -0.127242
vn 0.571016 0.811856 -0.121777
vn 0.600308 0.791328 -0.115889
vn 0.628391 0.770143 -0.109567
vn 0.655392 0.748259 -0.102815
vn 0.681428 0.725610 -0.095638
vn 0.706508 0.702202 -0.088078
vn 0.730728 0.677946 -0.080162
vn 0.754073 0.652837 -0.071960
vn 0.776583 0.626803 -0.063542
vn 0.798289 0.599759 -0.054998
vn 0.819216 0.571601 -0.046444
vn 0.839382 0.542209 -0.038029
vn 0.858800 0.511436 -0.029950
vn 0.877474 0.479097 -0.022469
vn 0.896197 0.443356 -0.016316
vn 0.907658 0.419489 -0.013626
vn 0.036591 0.985569 -0.165270
vn 0.072489 0.983694 -0.164597
vn 0.109791 0.980409 -0.163534
vn 0.145928 0.975919 -0.162136
vn 0.181713 0.970181 -0.160405
vn 0.217208 0.963196 -0.158351
vn 0.252362 0.954977 -0.155987
vn 0.287240 0.945509 -0.153318
vn 0.321842 0.934779 -0.150350
vn 0.356165 0.922774 -0.147086
vn 0.390203 0.909473 -0.143527
vn 0.423943 0.894854 -0.139673
vn 0.457369 0.878890 -0.135521
vn 0.490455 0.861554 -0.131066
vn 0.523165 0.842821 -0.126301
vn 0.555282 0.822780 -0.121223
vn 0.586425 0.801686 -0.115779
vn 0.616244 0.779845 -0.109932
vn 0.644792 0.757294 -0.103678
vn 0.672188 0.733997 -0.097021
vn 0.698548 0.709886 -0.089966
vn 0.723871 0.684978 -0.082556
vn 0.748250 0.659185 -0.074818
vn 0.771663 0.632512 -0.066816
vn 0.794145 0.604895 -0.058617
vn 0.815716 0.576262 -0.050301
vn 0.836390 0.546526 -0.041969
vn 0.856174 0.515584 -0.033750
vn 0.875062 0.483322 -0.025807
vn 0.893040 0.449603 -0.018349
vn 0.911292 0.411595 -0.011694
vn 0.923451 0.383671 -0.005987
vn 0.920146 0.391492 -0.008108
vn 0.037882 0.986490 -0.159380
vn 0.074800 0.984484 -0.158730
vn 0.113132 0.980986 -0.157694
vn 0.150235 0.976213 -0.156326
vn 0.186946 0.970124 -0.154629
vn 0.223332 0.962722 -0.152611
vn 0.259340 0.954021 -0.150286
vn 0.295039 0.944007 -0.147657
vn 0.330429 0.932668 -0.144729
vn 0.365510 0.919989 -0.141505
vn 0.400274 0.905947 -0.137986
vn 0.434711 0.890519 -0.134171
vn 0.468803 0.873676 -0.130056
vn 0.502522 0.855387 -0.125636
vn 0.535833 0.835623 -0.120905
vn 0.568508 0.814478 -0.115861
vn 0.600163 0.792214 -0.110461
vn 0.630435 0.769152 -0.104679
vn 0.659371 0.745336 -0.098515
vn 0.687086 0.720731 -0.091974
vn 0.713693 0.695274 -0.085063
vn 0.739184 0.668992 -0.077827
vn 0.763647 0.641796 -0.070288
vn 0.787059 0.613703 -0.062512
vn 0.809444 0.584657 -0.054558
vn 0.830820 0.554596 -0.046499
vn 0.851192 0.523447 -0.038424
vn 0.870556 0.491128 -0.030443
vn 0.888896 0.457546 -0.022691
vn 0.906196 0.422580 -0.015332
vn 0.922546 0.385806 -0.007939
vn 0.933978 0.357294 -0.005062
vn 0.039051 0.987403 -0.153331
vn 0.076905 0.985275 -0.152707
vn 0.116181 0.981574 -0.151705
vn 0.154168 0.976534 -0.150377
vn 0.191727 0.970114 -0.148726
vn 0.228925 0.962317 -0.146762
vn 0.265711 0.953163 -0.144494
vn 0.302155 0.942634 -0.141928
vn 0.338261 0.930720 -0.139068
vn 0.374026 0.917405 -0.135916
vn 0.409445 0.902666 -0.132473
vn 0.444508 0.886476 -0.128738
vn 0.479193 0.868805 -0.124708
vn 0.513475 0.849619 -0.120376
vn 0.547313 0.828887 -0.115738
vn 0.580474 0.806706 -0.110794
vn 0.612565 0.783347 -0.105509
vn 0.643210 0.759149 -0.099866
vn 0.672452 0.734165 -0.093868
vn 0.700401 0.708363 -0.087524
vn 0.727169 0.681681 -0.080843
vn 0.752743 0.654157 -0.073869
vn 0.777209 0.625706 -0.066624
vn 0.800538 0.596354 -0.059169
vn 0.822755 0.566054 -0.051558
vn 0.843872 0.534750 -0.043858
vn 0.863888 0.502385 -0.036145
vn 0.882797 0.468889 -0.028511
vn 0.900577 0.434186 -0.021069
vn 0.917181 0.398227 -0.013947
vn 0.932525 0.361021 -0.007781
vn 0.942072 0.335379 -0.004616
vn 0.040093 0.988330 -0.146957
vn 0.078797 0.986087 -0.146369
vn 0.118929 0.982197 -0.145414
vn 0.157718 0.976907 -0.144145
vn 0.196044 0.970176 -0.142565
vn 0.233976 0.962010 -0.140681
vn 0.271464 0.952430 -0.138506
vn 0.308579 0.941420 -0.136043
vn 0.345326 0.928968 -0.133297
vn 0.381704 0.915058 -0.130269
vn 0.417707 0.899667 -0.126962
vn 0.453324 0.882766 -0.123374
vn 0.488535 0.864322 -0.119501
vn 0.523311 0.844300 -0.115339
vn 0.557608 0.822666 -0.110883
vn 0.591189 0.799520 -0.106134
vn 0.623648 0.775145 -0.101064
vn 0.654597 0.749900 -0.095666
vn 0.684075 0.723844 -0.089947
vn 0.712191 0.696951 -0.083918
vn 0.739055 0.669162 -0.077588
vn 0.764650 0.640523 -0.071002
vn 0.789061 0.610953 -0.064181
vn 0.812258 0.580488 -0.057181
vn 0.834264 0.549089 -0.050051
vn 0.855089 0.516708 -0.042848
vn 0.874731 0.483297 -0.035637
vn 0.893180 0.448796 -0.028492
vn 0.910412 0.413145 -0.021500
vn 0.926383 0.376294 -0.014751
vn 0.940874 0.338648 -0.008593
vn 0.041025 0.989205 -0.140678
vn 0.080509 0.986854 -0.140132
vn 0.121425 0.982786 -0.139238
vn 0.160947 0.977261 -0.138047
vn 0.199973 0.970238 -0.136562
vn 0.238574 0.961725 -0.134789
vn 0.276698 0.951745 -0.132741
vn 0.314421 0.940282 -0.130422
vn 0.351747 0.927325 -0.127837
vn 0.388675 0.912858 -0.124988
vn 0.425201 0.896856 -0.121876
vn 0.461313 0.879289 -0.118500
vn 0.496988 0.860123 -0.114858
vn 0.532197 0.839319 -0.110946
vn 0.566894 0.816844 -0.106760
vn 0.600835 0.792800 -0.102301
vn 0.633601 0.767485 -0.097549
vn 0.664794 0.741278 -0.092501
vn 0.694447 0.714245 -0.087167
vn 0.722671 0.686363 -0.081562
vn 0.749574 0.657579 -0.075697
vn 0.775136 0.627947 -0.069614
vn 0.799447 0.597389 -0.063334
vn 0.822473 0.565951 -0.056909
vn 0.844237 0.533597 -0.050380
vn 0.864750 0.500289 -0.043795
vn 0.884011 0.465983 -0.037208
vn 0.902007 0.430630 -0.030677
vn 0.918714 0.394177 -0.024269
vn 0.934084 0.356594 -0.018084
vn 0.947838 0.318519 -0.012181
vn 0.041852 0.990103 -0.133954
vn 0.082050 0.987652 -0.133459
vn 0.123682 0.983417 -0.132639
vn 0.163873 0.977672 -0.131543
vn 0.203534 0.970376 -0.130172
vn 0.242741 0.961538 -0.128536
vn 0.281442 0.951185 -0.126644
vn 0.319711 0.939300 -0.124501
vn 0.357555 0.925874 -0.122112
vn 0.394974 0.910890 -0.119479
vn 0.431963 0.894322 -0.116604
vn 0.468509 0.876140 -0.113484
vn 0.504589 0.856308 -0.110118
vn 0.540174 0.834787 -0.106503
vn 0.575212 0.811540 -0.102633
vn 0.609453 0.786678 -0.098513
vn 0.642467 0.760511 -0.094123
vn 0.673843 0.733438 -0.089469
vn 0.703614 0.705533 -0.084561
vn 0.731891 0.676778 -0.079416
vn 0.758781 0.647123 -0.074044
vn 0.784267 0.616632 -0.068485
vn 0.808438 0.585226 -0.062755
vn 0.831264 0.552959 -0.056900
vn 0.852767 0.519800 -0.050954
vn 0.872960 0.485716 -0.044955
vn 0.891843 0.450666 -0.038942
vn 0.909404 0.414605 -0.032961
vn 0.925620 0.377485 -0.027057
vn 0.940499 0.339122 -0.021405
vn 0.953605 0.300653 -0.015638
vn 0.042567 0.991044 -0.126570
vn 0.083403 0.988502 -0.126128
vn 0.125676 0.984115 -0.125389
vn 0.166463 0.978170 -0.124395
vn 0.206692 0.970625 -0.123149
vn 0.246438 0.961492 -0.121659
vn 0.285649 0.950800 -0.119934
vn 0.324403 0.938533 -0.117980
vn 0.362705 0.924681 -0.115798
vn 0.400557 0.909228 -0.113392
vn 0.437954 0.892148 -0.110762
vn 0.474881 0.873410 -0.107907
vn 0.511316 0.852976 -0.104824
vn 0.547227 0.830806 -0.101509
vn 0.582560 0.806863 -0.097957
vn 0.617061 0.781260 -0.094173
vn 0.650283 0.754326 -0.090143
vn 0.681805 0.726477 -0.085874
vn 0.711659 0.697795 -0.081381
vn 0.739960 0.668266 -0.076678
vn 0.766815 0.637843 -0.071774
vn 0.792207 0.606595 -0.066705
vn 0.816230 0.574446 -0.061482
vn 0.838854 0.541453 -0.056142
vn 0.860105 0.507591 -0.050711
vn 0.879995 0.472827 -0.045215
vn 0.898527 0.437122 -0.039683
vn 0.915690 0.400432 -0.034142
vn 0.931461 0.362714 -0.028622
vn 0.945831 0.323825 -0.023246
vn 0.958535 0.284416 -0.017839
vn 0.043160 0.991911 -0.119373
vn 0.084549 0.989290 -0.118982
vn 0.127376 0.984772 -0.118319
vn 0.168679 0.978652 -0.117423
vn 0.209397 0.970890 -0.116296
vn 0.249608 0.961501 -0.114944
vn 0.289260 0.950512 -0.113378
vn 0.328432 0.937911 -0.111600
vn 0.367130 0.923689 -0.109613
vn 0.405354 0.907827 -0.107418
vn 0.443102 0.890299 -0.105016
vn 0.480358 0.871074 -0.102404
vn 0.517099 0.850113 -0.099580
vn 0.553290 0.827376 -0.096538
vn 0.588877 0.802823 -0.093275
vn 0.623599 0.776571 -0.089792
vn 0.656996 0.748963 -0.086084
vn 0.688636 0.720437 -0.082160
vn 0.718552 0.691081 -0.078036
vn 0.746861 0.660881 -0.073723
vn 0.773672 0.629792 -0.069231
vn 0.798972 0.597890 -0.064587
vn 0.822855 0.565096 -0.059801
vn 0.845295 0.531473 -0.054899
vn 0.866317 0.496995 -0.049900
vn 0.885940 0.461630 -0.044820
vn 0.904164 0.425338 -0.039677
vn 0.920981 0.388078 -0.034486
vn 0.936366 0.349804 -0.029261
vn 0.950289 0.310437 -0.024055
vn 0.962557 0.270424 -0.018863
vn 0.043639 0.992660 -0.112789
vn 0.085495 0.989973 -0.112443
vn 0.128789 0.985344 -0.111847
vn 0.170527 0.979077 -0.111037
vn 0.211658 0.971132 -0.110014
vn 0.252261 0.961525 -0.108785
vn 0.292284 0.950287 -0.107356
vn 0.331808 0.937403 -0.105731
vn 0.370838 0.922866 -0.103912
vn 0.409378 0.906657 -0.101898
vn 0.447420 0.888750 -0.099689
vn 0.484953 0.869113 -0.097282
vn 0.521952 0.847705 -0.094674
vn 0.558379 0.824485 -0.091861
vn 0.594179 0.799412 -0.088835
vn 0.629086 0.772608 -0.085602
vn 0.662627 0.744430 -0.082158
vn 0.694359 0.715333 -0.078519
vn 0.724318 0.685408 -0.074700
vn 0.752622 0.654645 -0.070711
vn 0.779386 0.622998 -0.066557
vn 0.804598 0.590547 -0.062263
vn 0.828354 0.557212 -0.057830
vn 0.850631 0.523056 -0.053281
vn 0.871458 0.488054 -0.048626
vn 0.890852 0.452171 -0.043873
vn 0.908815 0.415369 -0.039030
vn 0.925339 0.377604 -0.034104
vn 0.940400 0.338824 -0.029099
vn 0.953956 0.298983 -0.024019
vn 0.965952 0.258029 -0.018891
vn 0.044009 0.993378 -0.106126
vn 0.086247 0.990638 -0.105819
vn 0.129924 0.985919 -0.105282
vn 0.172019 0.979530 -0.104546
vn 0.213490 0.971435 -0.103614
vn 0.254416 0.961649 -0.102490
vn 0.294746 0.950204 -0.101180
vn 0.334560 0.937087 -0.099685
vn 0.373868 0.922289 -0.098008
vn 0.412670 0.905792 -0.096147
vn 0.450961 0.887569 -0.094101
vn 0.488727 0.867587 -0.091867
vn 0.525942 0.845804 -0.089441
vn 0.562571 0.822178 -0.086819
vn 0.598555 0.796666 -0.083994
vn 0.633620 0.769395 -0.080972
vn 0.667284 0.740734 -0.077755
vn 0.699096 0.711150 -0.074367
vn 0.729091 0.680743 -0.070819
vn 0.757393 0.649500 -0.067121
vn 0.784120 0.617376 -0.063276
vn 0.809259 0.584451 -0.059302
vn 0.832914 0.550643 -0.055198
vn 0.855061 0.516016 -0.050979
vn 0.875729 0.480544 -0.046648
vn 0.894939 0.444187 -0.042208
vn 0.912693 0.406908 -0.037656
vn 0.928980 0.368657 -0.032990
vn 0.943776 0.329380 -0.028207
vn 0.957038 0.289027 -0.023300
vn 0.968728 0.247455 -0.018237
vn 0.044280 0.994059 -0.099425
vn 0.086823 0.991277 -0.099151
vn 0.130805 0.986486 -0.098665
vn 0.173184 0.980002 -0.097994
vn 0.214926 0.971787 -0.097140
vn 0.256110 0.961858 -0.096107
vn 0.296686 0.950248 -0.094899
vn 0.336735 0.936944 -0.093516
vn 0.376264 0.921937 -0.091960
vn 0.415277 0.905209 -0.090229
vn 0.453768 0.886732 -0.088322
vn 0.491722 0.866472 -0.086235
vn 0.529113 0.844387 -0.083965
vn 0.565904 0.820433 -0.081507
vn 0.602034 0.794567 -0.078856
vn 0.637226 0.766918 -0.076019
vn 0.670986 0.737867 -0.073005
vn 0.702856 0.707895 -0.069841
vn 0.732875 0.677102 -0.066542
vn 0.761168 0.645477 -0.063112
vn 0.787857 0.612972 -0.059555
vn 0.812934 0.579668 -0.055884
vn 0.836503 0.545480 -0.052094
vn 0.858543 0.510472 -0.048195
vn 0.879085 0.474613 -0.044185
vn 0.898148 0.437864 -0.040059
vn 0.915737 0.400178 -0.035809
vn 0.931840 0.361507 -0.031426
vn 0.946428 0.321793 -0.026896
vn 0.959457 0.280979 -0.022207
vn 0.970900 0.238860 -0.017315
vn 0.044467 0.994708 -0.092617
vn 0.087242 0.991895 -0.092371
vn 0.131459 0.987050 -0.091927
vn 0.174057 0.980493 -0.091311
vn 0.216009 0.972186 -0.090524
vn 0.257395 0.962146 -0.089568
vn 0.298163 0.950408 -0.088446
vn 0.338396 0.936959 -0.087158
vn 0.378101 0.921789 -0.085704
vn 0.417281 0.904880 -0.084083
vn 0.455930 0.886203 -0.082293
vn 0.494033 0.865724 -0.080332
vn 0.531564 0.843401 -0.078195
vn 0.568482 0.819189 -0.075880
vn 0.604728 0.793044 -0.073381
vn 0.640019 0.765099 -0.070709
vn 0.673853 0.735741 -0.067879
vn 0.705764 0.705466 -0.064924
vn 0.735795 0.674373 -0.061857
vn 0.764077 0.642451 -0.058683
vn 0.790731 0.609652 -0.055404
vn 0.815756 0.576052 -0.052029
vn 0.839254 0.541567 -0.048552
vn 0.861211 0.506254 -0.044978
vn 0.881656 0.470083 -0.041300
vn 0.900609 0.433009 -0.037510
vn 0.918074 0.394982 -0.033596
vn 0.934038 0.355949 -0.029542
vn 0.948471 0.315849 -0.025330
vn 0.961325 0.274620 -0.020940
vn 0.972548 0.232130 -0.016334
vn 0.044583 0.995373 -0.085117
vn 0.087527 0.992538 -0.084896
vn 0.131917 0.987653 -0.084492
vn 0.174678 0.981042 -0.083930
vn 0.216788 0.972666 -0.083207
vn 0.258326 0.962544 -0.082324
vn 0.299240 0.950710 -0.081284
vn 0.339613 0.937150 -0.080087
vn 0.379453 0.921855 -0.078732
vn 0.418760 0.904808 -0.077217
vn 0.457531 0.885979 -0.075542
vn 0.495748 0.865334 -0.073703
vn 0.533383 0.842830 -0.071698
vn 0.570397 0.818422 -0.069526
vn 0.606727 0.792066 -0.067183
vn 0.642088 0.763898 -0.064681
vn 0.675970 0.734313 -0.062044
vn 0.707903 0.703815 -0.059308
vn 0.737933 0.672506 -0.056488
vn 0.766195 0.640369 -0.053589
vn 0.792815 0.607357 -0.050610
vn 0.817791 0.573547 -0.047559
vn 0.841231 0.538848 -0.044429
vn 0.863121 0.503313 -0.041221
vn 0.883490 0.466912 -0.037928
vn 0.902361 0.429594 -0.034538
vn 0.919737 0.391306 -0.031035
vn 0.935603 0.351988 -0.027403
vn 0.949927 0.311577 -0.023620
vn 0.962658 0.270007 -0.019662
vn 0.973719 0.227224 -0.015505
vn 0.044636 0.996040 -0.076889
vn 0.087691 0.993191 -0.076692
vn 0.132195 0.988281 -0.076328
vn 0.175067 0.981633 -0.075818
vn 0.217286 0.973210 -0.075159
vn 0.258932 0.963030 -0.074350
vn 0.299949 0.951128 -0.073394
vn 0.340423 0.937490 -0.072288
vn 0.380360 0.922107 -0.071032
vn 0.419760 0.904961 -0.069625
vn 0.458618 0.886023 -0.068066
vn 0.496915 0.865259 -0.066353
vn 0.534624 0.842626 -0.064485
vn 0.571702 0.818080 -0.062462
vn 0.608088 0.791578 -0.060283
vn 0.643490 0.763256 -0.057965
vn 0.677396 0.733519 -0.055536
vn 0.709333 0.702875 -0.053038
vn 0.739349 0.671427 -0.050486
vn 0.767584 0.639157 -0.047885
vn 0.794167 0.606015 -0.045234
vn 0.819098 0.572075 -0.042540
vn 0.842488 0.537243 -0.039795
vn 0.864325 0.501571 -0.037001
vn 0.884639 0.465024 -0.034148
vn 0.903453 0.427549 -0.031224
vn 0.920770 0.389085 -0.028215
vn 0.936574 0.349570 -0.025102
vn 0.950831 0.308938 -0.021863
vn 0.963488 0.267115 -0.018475
vn 0.974456 0.224083 -0.014928
vn 0.044633 0.996700 -0.067800
vn 0.087740 0.993845 -0.067627
vn 0.132303 0.988922 -0.067305
vn 0.175236 0.982254 -0.066852
vn 0.217518 0.973805 -0.066261
vn 0.259228 0.963590 -0.065533
vn 0.300310 0.951647 -0.064667
vn 0.340848 0.937961 -0.063661
vn 0.380847 0.922522 -0.062514
vn 0.420306 0.905315 -0.061226
vn 0.459217 0.886309 -0.059795
vn 0.497564 0.865471 -0.058221
vn 0.535315 0.842760 -0.056506
vn 0.572429 0.818131 -0.054651
vn 0.608840 0.791544 -0.052658
vn 0.644256 0.763137 -0.050547
vn 0.678161 0.733321 -0.048352
vn 0.710082 0.702607 -0.046121
vn 0.740071 0.671096 -0.043869
vn 0.768271 0.638771 -0.041599
vn 0.794813 0.605579 -0.039312
vn 0.819703 0.571592 -0.037015
vn 0.843051 0.536714 -0.034700
vn 0.864845 0.500994 -0.032368
vn 0.885122 0.464391 -0.030013
vn 0.903900 0.426851 -0.027622
vn 0.921185 0.388310 -0.025182
vn 0.936960 0.348699 -0.022676
vn 0.951190 0.307952 -0.020088
vn 0.963820 0.265987 -0.017394
vn 0.974751 0.222816 -0.014592
vn 0.044576 0.997281 -0.058688
vn 0.087677 0.994428 -0.058538
vn 0.132243 0.989504 -0.058257
vn 0.175187 0.982834 -0.057860
vn 0.217486 0.974378 -0.057339
vn 0.259218 0.964154 -0.056691
vn 0.300325 0.952196 -0.055916
vn 0.340890 0.938492 -0.055012
vn 0.380916 0.923033 -0.053977
vn 0.420402 0.905800 -0.052810
vn 0.459336 0.886768 -0.051511
vn 0.497702 0.865901 -0.050082
vn 0.535465 0.843162 -0.048525
vn 0.572584 0.818507 -0.046844
vn 0.608991 0.791897 -0.045045
vn 0.644395 0.763475 -0.043149
vn 0.678276 0.733652 -0.041199
vn 0.710164 0.702942 -0.039243
vn 0.740115 0.671446 -0.037295
vn 0.768273 0.639145 -0.035362
vn 0.794773 0.605985 -0.033444
vn 0.819624 0.572033 -0.031548
vn 0.842937 0.537194 -0.029668
vn 0.864702 0.501516 -0.027807
vn 0.884955 0.464952 -0.025957
vn 0.903719 0.427446 -0.024112
vn 0.920998 0.388932 -0.022260
vn 0.936775 0.349338 -0.020389
vn 0.951015 0.308592 -0.018485
vn 0.963661 0.266615 -0.016533
vn 0.974615 0.223415 -0.014517
vn 0.044471 0.997779 -0.049585
vn 0.087513 0.994935 -0.049460
vn 0.132030 0.990023 -0.049223
vn 0.174939 0.983365 -0.048886
vn 0.217212 0.974922 -0.048440
vn 0.258925 0.964710 -0.047881
vn 0.300022 0.952763 -0.047208
vn 0.340579 0.939069 -0.046418
vn 0.380601 0.923619 -0.045509
vn 0.420082 0.906396 -0.044480
vn 0.459010 0.887374 -0.043332
vn 0.497365 0.866521 -0.042068
vn 0.535114 0.843799 -0.040691
vn 0.572210 0.819169 -0.039207
vn 0.608588 0.792594 -0.037625
vn 0.643955 0.764218 -0.035967
vn 0.677791 0.734455 -0.034281
vn 0.709631 0.703818 -0.032616
vn 0.739534 0.672406 -0.030987
vn 0.767645 0.640200 -0.029399
vn 0.794104 0.607144 -0.027853
vn 0.818919 0.573304 -0.026356
vn 0.842204 0.538583 -0.024904
vn 0.863952 0.503027 -0.023500
vn 0.884197 0.466589 -0.022137
vn 0.902966 0.429208 -0.020812
vn 0.920261 0.390818 -0.019518
vn 0.936068 0.351346 -0.018245
vn 0.950351 0.310715 -0.016986
vn 0.963054 0.268848 -0.015729
vn 0.974072 0.225778 -0.014457
vn 0.044318 0.998209 -0.040185
vn 0.087247 0.995380 -0.040089
vn 0.131662 0.990491 -0.039903
vn 0.174486 0.983862 -0.039637
vn 0.216688 0.975451 -0.039280
vn 0.258341 0.965273 -0.038829
vn 0.299386 0.953364 -0.038280
vn 0.339899 0.939709 -0.037630
vn 0.379880 0.924301 -0.036876
vn 0.419322 0.907123 -0.036020
vn 0.458212 0.888151 -0.035061
vn 0.496526 0.867355 -0.034002
vn 0.534231 0.844700 -0.032848
vn 0.571278 0.820148 -0.031606
vn 0.607600 0.793666 -0.030286
vn 0.642906 0.765399 -0.028911
vn 0.676679 0.735763 -0.027531
vn 0.708459 0.705266 -0.026194
vn 0.738306 0.674005 -0.024916
vn 0.766370 0.641962 -0.023699
vn 0.792789 0.609079 -0.022544
vn 0.817576 0.575421 -0.021457
vn 0.840845 0.540890 -0.020433
vn 0.862589 0.505531 -0.019473
vn 0.882845 0.469296 -0.018575
vn 0.901639 0.432125 -0.017734
vn 0.918977 0.393948 -0.016945
vn 0.934842 0.354694 -0.016202
vn 0.949203 0.314283 -0.015499
vn 0.962003 0.272636 -0.014829
vn 0.973121 0.229856 -0.014175
vn 0.044117 0.998545 -0.031006
vn 0.086877 0.995739 -0.030941
vn 0.131135 0.990886 -0.030810
vn 0.173824 0.984301 -0.030622
vn 0.215907 0.975942 -0.030364
vn 0.257454 0.965824 -0.030032
vn 0.298404 0.953980 -0.029622
vn 0.338831 0.940396 -0.029130
vn 0.378732 0.925066 -0.028555
vn 0.418099 0.907973 -0.027895
vn 0.456915 0.889096 -0.027152
vn 0.495156 0.868405 -0.026328
vn 0.532786 0.845868 -0.025428
vn 0.569756 0.821450 -0.024460
vn 0.605996 0.795122 -0.023432
vn 0.641219 0.767032 -0.022370
vn 0.674913 0.737590 -0.021321
vn 0.706622 0.707299 -0.020335
vn 0.736411 0.676256 -0.019423
vn 0.764428 0.644441 -0.018585
vn 0.790814 0.611797 -0.017823
vn 0.815583 0.578387 -0.017136
vn 0.838849 0.544114 -0.016522
vn 0.860606 0.509021 -0.015980
vn 0.880893 0.473062 -0.015505
vn 0.899735 0.436175 -0.015095
vn 0.917141 0.398291 -0.014743
vn 0.933096 0.359338 -0.014444
vn 0.947568 0.319238 -0.014194
vn 0.960505 0.277912 -0.013990
vn 0.971805 0.235380 -0.013815
vn 0.043864 0.998814 -0.021111
vn 0.086400 0.996037 -0.021084
vn 0.130444 0.991233 -0.021021
vn 0.172943 0.984710 -0.020927
vn 0.214853 0.976425 -0.020790
vn 0.256244 0.966393 -0.020606
vn 0.297051 0.954644 -0.020370
vn 0.337347 0.941166 -0.020078
vn 0.377124 0.925953 -0.019727
vn 0.416374 0.908988 -0.019317
vn 0.455079 0.890252 -0.018848
vn 0.493211 0.869717 -0.018322
vn 0.530733 0.847354 -0.017743
vn 0.567596 0.823129 -0.017117
vn 0.603731 0.797018 -0.016454
vn 0.638851 0.769169 -0.015773
vn 0.672451 0.739987 -0.015123
vn 0.704085 0.709967 -0.014550
vn 0.733816 0.679203 -0.014059
vn 0.761793 0.647677 -0.013650
vn 0.788157 0.615330 -0.013319
vn 0.812923 0.582224 -0.013064
vn 0.836206 0.548264 -0.012879
vn 0.857998 0.513494 -0.012761
vn 0.878342 0.477865 -0.012703
vn 0.897260 0.441320 -0.012701
vn 0.914764 0.403787 -0.012748
vn 0.930842 0.365196 -0.012838
vn 0.945463 0.325471 -0.012968
vn 0.958576 0.284534 -0.013133
vn 0.970128 0.242229 -0.013317
vn 0.043560 0.998992 -0.010878
vn 0.085813 0.996252 -0.010893
vn 0.129582 0.991509 -0.010906
vn 0.171832 0.985066 -0.010918
vn 0.213513 0.976879 -0.010920
vn 0.254691 0.966961 -0.010905
vn 0.295301 0.955342 -0.010869
vn 0.335412 0.942010 -0.010807
vn 0.375017 0.926956 -0.010717
vn 0.414103 0.910169 -0.010597
vn 0.452652 0.891626 -0.010446
vn 0.490635 0.871305 -0.010265
vn 0.528014 0.849176 -0.010057
vn 0.564740 0.825210 -0.009825
vn 0.600745 0.799383 -0.009577
vn 0.635743 0.771844 -0.009330
vn 0.669240 0.742991 -0.009127
vn 0.700794 0.713307 -0.009009
vn 0.730470 0.682885 -0.008978
vn 0.758417 0.651707 -0.009028
vn 0.784774 0.619714 -0.009152
vn 0.809557 0.586968 -0.009343
vn 0.832877 0.553375 -0.009593
vn 0.854730 0.518978 -0.009894
vn 0.875157 0.483731 -0.010237
vn 0.894183 0.447577 -0.010615
vn 0.911817 0.410448 -0.011018
vn 0.928052 0.372274 -0.011442
vn 0.942858 0.332982 -0.011878
vn 0.956188 0.292493 -0.012321
vn 0.967992 0.250658 -0.012740
vn 0.043196 0.999065 0.001660
vn 0.085101 0.996371 0.001592
vn 0.128526 0.991705 0.001486
vn 0.170461 0.985364 0.001343
vn 0.211846 0.977303 0.001170
vn 0.252746 0.967532 0.000974
vn 0.293095 0.956083 0.000758
vn 0.332960 0.942941 0.000527
vn 0.372335 0.928099 0.000285
vn 0.411203 0.911544 0.000033
vn 0.449548 0.893256 -0.000225
vn 0.487338 0.873213 -0.000489
vn 0.524538 0.851387 -0.000759
vn 0.561097 0.827750 -0.001036
vn 0.596947 0.802279 -0.001323
vn 0.631809 0.775123 -0.001629
vn 0.665196 0.746666 -0.001994
vn 0.696674 0.717384 -0.002448
vn 0.726308 0.687362 -0.002988
vn 0.754244 0.656584 -0.003602
vn 0.780620 0.624991 -0.004279
vn 0.805447 0.592646 -0.005006
vn 0.828839 0.559458 -0.005770
vn 0.850788 0.525469 -0.006560
vn 0.871334 0.490635 -0.007362
vn 0.890506 0.454899 -0.008166
vn 0.908311 0.418199 -0.008960
vn 0.924743 0.380467 -0.009735
vn 0.939776 0.341629 -0.010483
vn 0.953365 0.301614 -0.011195
vn 0.965451 0.260317 -0.011815
vn 0.042694 0.998885 0.020151
vn 0.084108 0.996256 0.020011
vn 0.127040 0.991701 0.019774
vn 0.168513 0.985508 0.019447
vn 0.209459 0.977632 0.019032
vn 0.249942 0.968083 0.018534
vn 0.289897 0.956889 0.017957
vn 0.329390 0.944035 0.017305
vn 0.368414 0.929514 0.016581
vn 0.406956 0.913312 0.015789
vn 0.444996 0.895408 0.014933
vn 0.482506 0.875780 0.014017
vn 0.519451 0.854401 0.013044
vn 0.555781 0.831242 0.012020
vn 0.591431 0.806282 0.010947
vn 0.626127 0.779660 0.009826
vn 0.659394 0.751748 0.008629
vn 0.690807 0.723002 0.007340
vn 0.720424 0.693508 0.005971
vn 0.748390 0.663244 0.004541
vn 0.774837 0.632154 0.003065
vn 0.799770 0.600304 0.001567
vn 0.823302 0.567604 0.000060
vn 0.845423 0.534096 -0.001434
vn 0.866170 0.499741 -0.002898
vn 0.885571 0.464484 -0.004317
vn 0.903634 0.428269 -0.005678
vn 0.920353 0.391027 -0.006966
vn 0.935704 0.352691 -0.008171
vn 0.949645 0.313191 -0.009282
vn 0.962150 0.272329 -0.010253
vn 0.042141 0.998335 0.039397
vn 0.083003 0.995778 0.039204
vn 0.125371 0.991348 0.038870
vn 0.166307 0.985326 0.038404
vn 0.206733 0.977667 0.037802
vn 0.246713 0.968380 0.037067
vn 0.286183 0.957491 0.036201
vn 0.325213 0.944985 0.035204
vn 0.363796 0.930855 0.034078
vn 0.401921 0.915086 0.032828
vn 0.439571 0.897657 0.031456
vn 0.476723 0.878543 0.029967
vn 0.513340 0.857717 0.028367
vn 0.549379 0.835148 0.026663
vn 0.584778 0.810812 0.024864
vn 0.619270 0.784841 0.022978
vn 0.652398 0.757586 0.020991
vn 0.683739 0.729482 0.018900
vn 0.713348 0.700610 0.016725
vn 0.741359 0.670952 0.014490
vn 0.767901 0.640452 0.012216
vn 0.792973 0.609175 0.009932
vn 0.816684 0.577034 0.007659
vn 0.839020 0.544073 0.005425
vn 0.860018 0.510254 0.003250
vn 0.879699 0.475529 0.001155
vn 0.898074 0.439844 -0.000840
vn 0.915136 0.403135 -0.002719
vn 0.930865 0.365337 -0.004464
vn 0.945218 0.326384 -0.006061
vn 0.958154 0.286156 -0.007455
vn 0.041546 0.997289 0.060728
vn 0.081806 0.994810 0.060498
vn 0.123547 0.990517 0.060095
vn 0.163876 0.984684 0.059525
vn 0.203702 0.977267 0.058781
vn 0.243095 0.968275 0.057859
vn 0.281995 0.957736 0.056758
vn 0.320471 0.945632 0.055475
vn 0.358522 0.931958 0.054009
vn 0.396141 0.916696 0.052360
vn 0.433315 0.899825 0.050530
vn 0.470025 0.881318 0.048522
vn 0.506241 0.861146 0.046342
vn 0.541923 0.839276 0.043999
vn 0.577015 0.815678 0.041502
vn 0.611261 0.790474 0.038870
vn 0.644219 0.763989 0.036100
vn 0.675475 0.736635 0.033204
vn 0.705076 0.708488 0.030208
vn 0.733146 0.679530 0.027142
vn 0.759805 0.649707 0.024030
vn 0.785048 0.619082 0.020909
vn 0.808977 0.587570 0.017802
vn 0.831573 0.555219 0.014746
vn 0.852868 0.521994 0.011767
vn 0.872882 0.487851 0.008890
vn 0.891623 0.452737 0.006142
vn 0.909086 0.416595 0.003546
vn 0.925247 0.379365 0.001126
vn 0.940069 0.340983 -0.001096
vn 0.953482 0.301435 -0.003032
vn 0.041026 0.995885 0.080807
vn 0.080749 0.993473 0.080570
vn 0.121914 0.989299 0.080148
vn 0.161672 0.983634 0.079543
vn 0.200923 0.976437 0.078745
vn 0.239738 0.967720 0.077743
vn 0.278063 0.957509 0.076532
vn 0.315971 0.945792 0.075102
vn 0.353465 0.932560 0.073449
vn 0.390543 0.917798 0.071568
vn 0.427199 0.901486 0.069457
vn 0.463420 0.883593 0.067116
vn 0.499182 0.864090 0.064547
vn 0.534452 0.842939 0.061756
vn 0.569183 0.820109 0.058755
vn 0.603129 0.795706 0.055563
vn 0.635869 0.770030 0.052188
vn 0.666995 0.743472 0.048655
vn 0.696547 0.716099 0.044994
vn 0.724641 0.687892 0.041237
vn 0.751389 0.658798 0.037411
vn 0.776778 0.628880 0.033556
vn 0.800906 0.598054 0.029700
vn 0.823747 0.566367 0.025884
vn 0.845328 0.533789 0.022139
vn 0.865666 0.500280 0.018496
vn 0.884769 0.465789 0.014988
vn 0.902630 0.430260 0.011645
vn 0.919225 0.393641 0.008500
vn 0.934519 0.355869 0.005585
vn 0.948585 0.316509 0.002944
vn 0.040639 0.994355 0.098013
vn 0.079946 0.991991 0.097789
vn 0.120650 0.987907 0.097383
vn 0.159935 0.982370 0.096795
vn 0.198696 0.975347 0.096009
vn 0.237005 0.966851 0.095011
vn 0.274813 0.956913 0.093788
vn 0.312197 0.945520 0.092329
vn 0.349167 0.932669 0.090622
vn 0.385724 0.918345 0.088659
vn 0.421870 0.902527 0.086432
vn 0.457599 0.885188 0.083938
vn 0.492896 0.866294 0.081174
vn 0.527735 0.845807 0.078144
vn 0.562077 0.823691 0.074855
vn 0.595691 0.800040 0.071329
vn 0.628173 0.775133 0.067579
vn 0.659129 0.749333 0.063637
vn 0.688589 0.722704 0.059538
vn 0.716661 0.695224 0.055313
vn 0.743451 0.666844 0.050990
vn 0.768938 0.637621 0.046611
vn 0.793217 0.607475 0.042205
vn 0.816255 0.576452 0.037816
vn 0.838076 0.544525 0.033478
vn 0.858694 0.511654 0.029226
vn 0.878116 0.477789 0.025098
vn 0.896332 0.442880 0.021132
vn 0.913319 0.406876 0.017365
vn 0.929042 0.369715 0.013842
vn 0.943616 0.330873 0.010592
vn 0.040373 0.992800 0.112777
vn 0.079376 0.990468 0.112576
vn 0.119724 0.986446 0.112206
vn 0.158627 0.981004 0.111664
vn 0.196976 0.974113 0.110928
vn 0.234846 0.965791 0.109980
vn 0.272191 0.956072 0.108805
vn 0.309093 0.944950 0.107386
vn 0.345568 0.932421 0.105709
vn 0.381624 0.918475 0.103761
vn 0.417269 0.903094 0.101529
vn 0.452504 0.886250 0.099007
vn 0.487320 0.867909 0.096187
vn 0.521705 0.848034 0.093070
vn 0.555627 0.826583 0.089660
vn 0.588869 0.803642 0.085976
vn 0.621050 0.779466 0.082037
vn 0.651787 0.754393 0.077881
vn 0.681105 0.728483 0.073541
vn 0.709103 0.701716 0.069049
vn 0.735880 0.674039 0.064434
vn 0.761412 0.645510 0.059739
vn 0.785786 0.616049 0.054991
vn 0.808967 0.585704 0.050236
vn 0.830976 0.554444 0.045511
vn 0.851822 0.522235 0.040853
vn 0.871513 0.489028 0.036303
vn 0.890037 0.454770 0.031904
vn 0.907372 0.419415 0.027703
vn 0.923484 0.382900 0.023751
vn 0.938450 0.344833 0.020060
vn 0.040215 0.991185 0.126235
vn 0.079011 0.988871 0.126061
vn 0.119095 0.984889 0.125735
vn 0.157692 0.979513 0.125249
vn 0.195692 0.972720 0.124579
vn 0.233172 0.964536 0.123703
vn 0.270094 0.954996 0.122603
vn 0.306544 0.944101 0.121259
vn 0.342541 0.931852 0.119652
vn 0.378103 0.918243 0.117768
vn 0.413242 0.903255 0.115590
vn 0.447969 0.886866 0.113107
vn 0.482284 0.869042 0.110311
vn 0.516184 0.849743 0.107196
vn 0.549648 0.828927 0.103763
vn 0.582474 0.806670 0.100033
vn 0.614306 0.783203 0.096025
vn 0.644775 0.758842 0.091780
vn 0.673902 0.733641 0.087334
vn 0.701776 0.707579 0.082719
vn 0.728491 0.680604 0.077963
vn 0.754019 0.652771 0.073110
vn 0.778440 0.624005 0.068188
vn 0.801717 0.594349 0.063245
vn 0.823866 0.563776 0.058318
vn 0.844898 0.532251 0.053447
vn 0.864813 0.499728 0.048678
vn 0.883606 0.466154 0.044059
vn 0.901252 0.431479 0.039643
vn 0.917718 0.395644 0.035493
vn 0.932957 0.358604 0.031547
vn 0.040163 0.989490 0.138913
vn 0.078847 0.987181 0.138766
vn 0.118755 0.983219 0.138486
vn 0.157121 0.977882 0.138059
vn 0.194834 0.971157 0.137458
vn 0.231975 0.963074 0.136661
vn 0.268516 0.953677 0.135645
vn 0.304544 0.942970 0.134388
vn 0.340085 0.930961 0.132871
vn 0.375161 0.917646 0.131073
vn 0.409795 0.903013 0.128977
vn 0.444006 0.887040 0.126569
vn 0.477802 0.869695 0.123837
vn 0.511190 0.850940 0.120775
vn 0.544160 0.830730 0.117380
vn 0.576528 0.809132 0.113670
vn 0.607967 0.786352 0.109668
vn 0.638123 0.762684 0.105418
vn 0.667010 0.738177 0.100957
vn 0.694712 0.712810 0.096319
vn 0.721314 0.686533 0.091532
vn 0.746789 0.659394 0.086640
vn 0.771207 0.631323 0.081676
vn 0.794530 0.602363 0.076688
vn 0.816770 0.572489 0.071717
vn 0.837938 0.541662 0.066806
vn 0.858033 0.509839 0.062005
vn 0.877046 0.476968 0.057369
vn 0.894959 0.442994 0.052961
vn 0.911738 0.407856 0.048857
vn 0.927148 0.371985 0.044985
vn 0.040213 0.987676 0.151261
vn 0.078877 0.985361 0.151140
vn 0.118692 0.981397 0.150903
vn 0.156897 0.976076 0.150531
vn 0.194381 0.969390 0.149996
vn 0.231231 0.961379 0.149273
vn 0.267426 0.952092 0.148339
vn 0.303058 0.941540 0.147168
vn 0.338159 0.929736 0.145738
vn 0.372759 0.916683 0.144027
vn 0.406887 0.902371 0.142017
vn 0.440572 0.886783 0.139691
vn 0.473831 0.869888 0.137035
vn 0.506680 0.851651 0.134040
vn 0.539122 0.832025 0.130702
vn 0.570994 0.811065 0.127038
vn 0.602000 0.788955 0.123073
vn 0.631801 0.765965 0.118852
vn 0.660407 0.742140 0.114416
vn 0.687897 0.717455 0.109799
vn 0.714349 0.691862 0.105035
vn 0.739728 0.665409 0.100167
vn 0.764104 0.638025 0.095233
vn 0.787432 0.609754 0.090283
vn 0.809723 0.580571 0.085361
vn 0.830986 0.550435 0.080519
vn 0.851222 0.519302 0.075811
vn 0.870417 0.487126 0.071300
vn 0.888557 0.453839 0.067063
vn 0.905611 0.419375 0.063190
vn 0.921283 0.384274 0.059761
vn 0.040375 0.985599 0.164211
vn 0.079120 0.983263 0.164114
vn 0.118931 0.979279 0.163918
vn 0.157049 0.973946 0.163599
vn 0.194371 0.967269 0.163128
vn 0.230987 0.959295 0.162477
vn 0.266879 0.950081 0.161621
vn 0.302149 0.939646 0.160533
vn 0.336833 0.928010 0.159188
vn 0.370970 0.915181 0.157563
vn 0.404599 0.901153 0.155638
vn 0.437752 0.885914 0.153393
vn 0.470460 0.869438 0.150814
vn 0.502751 0.851687 0.147889
vn 0.534638 0.832616 0.144614
vn 0.565979 0.812272 0.141004
vn 0.596511 0.790811 0.137087
vn 0.625918 0.768480 0.132910
vn 0.654207 0.745317 0.128516
vn 0.681447 0.721296 0.123944
vn 0.707710 0.696370 0.119229
vn 0.732957 0.670583 0.114420
vn 0.757253 0.643867 0.109556
vn 0.780550 0.616264 0.104695
vn 0.802857 0.587745 0.099887
vn 0.824181 0.558269 0.095188
vn 0.844522 0.527790 0.090663
vn 0.863869 0.496254 0.086386
vn 0.882205 0.463591 0.082448
vn 0.899504 0.429719 0.078961
vn 0.915548 0.394950 0.076064
vn 0.040647 0.983213 0.177875
vn 0.079570 0.980845 0.177799
vn 0.119468 0.976817 0.177640
vn 0.157573 0.971448 0.177369
vn 0.194796 0.964750 0.176952
vn 0.231231 0.956780 0.176364
vn 0.266865 0.947606 0.175576
vn 0.301805 0.937253 0.174558
vn 0.336097 0.925749 0.173284
vn 0.369786 0.913109 0.171731
vn 0.402920 0.899332 0.169874
vn 0.435540 0.884412 0.167693
vn 0.467689 0.868323 0.165173
vn 0.499406 0.851030 0.162300
vn 0.530715 0.832489 0.159070
vn 0.561496 0.812738 0.155496
vn 0.591526 0.791904 0.151609
vn 0.620509 0.770211 0.147458
vn 0.648448 0.747690 0.143088
vn 0.675408 0.724314 0.138543
vn 0.701451 0.700034 0.133864
vn 0.726535 0.674892 0.129100
vn 0.750723 0.648818 0.124299
vn 0.773960 0.621853 0.119523
vn 0.796255 0.593963 0.114830
vn 0.817614 0.565106 0.110285
vn 0.838033 0.535231 0.105960
vn 0.857503 0.504277 0.101945
vn 0.876011 0.472157 0.098346
vn 0.893528 0.438778 0.095298
vn 0.909921 0.404227 0.092983
vn 0.040993 0.980770 0.190812
vn 0.080156 0.978360 0.190754
vn 0.120204 0.974276 0.190626
vn 0.158354 0.968852 0.190393
vn 0.195525 0.962113 0.190022
vn 0.231821 0.954125 0.189485
vn 0.267234 0.944965 0.188750
vn 0.301877 0.934669 0.187788
vn 0.335801 0.923271 0.186571
vn 0.369064 0.910791 0.185072
vn 0.401720 0.897237 0.183268
vn 0.433817 0.882606 0.181135
vn 0.465411 0.866876 0.178658
vn 0.496550 0.850015 0.175823
vn 0.527271 0.831978 0.172622
vn 0.557480 0.812792 0.169069
vn 0.586989 0.792562 0.165195
vn 0.615525 0.771487 0.161053
vn 0.643090 0.749589 0.156690
vn 0.669744 0.726837 0.152153
vn 0.695542 0.703184 0.147487
vn 0.720438 0.678670 0.142747
vn 0.744488 0.653221 0.137986
vn 0.767639 0.626872 0.133270
vn 0.789899 0.599587 0.128666
vn 0.811269 0.571320 0.124245
vn 0.831746 0.542012 0.120091
vn 0.851325 0.511586 0.116305
vn 0.869987 0.479949 0.113011
vn 0.887713 0.446975 0.110363
vn 0.904470 0.412478 0.108608
vn 0.041479 0.977970 0.204584
vn 0.081008 0.975500 0.204541
vn 0.121316 0.971332 0.204441
vn 0.159601 0.965822 0.204243
vn 0.196795 0.959005 0.203914
vn 0.233011 0.950960 0.203422
vn 0.268248 0.941776 0.202734
vn 0.302625 0.931497 0.201819
vn 0.336205 0.920167 0.200648
vn 0.369053 0.907812 0.199191
vn 0.401230 0.894449 0.197423
vn 0.432798 0.880077 0.195321
vn 0.463820 0.864681 0.192866
vn 0.494357 0.848230 0.190044
vn 0.524462 0.830680 0.186845
vn 0.554060 0.812050 0.183282
vn 0.583003 0.792419 0.179389
vn 0.611055 0.771953 0.175216
vn 0.638211 0.750672 0.170817
vn 0.664524 0.728541 0.166241
vn 0.690049 0.705506 0.161538
vn 0.714728 0.681607 0.156763
vn 0.738616 0.656771 0.151979
vn 0.761661 0.631022 0.147256
vn 0.783866 0.604318 0.142665
vn 0.805232 0.576610 0.138286
vn 0.825754 0.547830 0.134213
vn 0.845430 0.517883 0.130556
vn 0.864246 0.486656 0.127455
vn 0.882175 0.454007 0.125083
vn 0.899012 0.420179 0.123394
vn 0.042065 0.974991 0.218226
vn 0.082041 0.972449 0.218202
vn 0.122682 0.968177 0.218133
vn 0.161156 0.962557 0.217976
vn 0.198414 0.955636 0.217695
vn 0.234579 0.947509 0.217256
vn 0.269658 0.938274 0.216626
vn 0.303775 0.927989 0.215771
vn 0.337007 0.916705 0.214659
vn 0.369426 0.904458 0.213261
vn 0.401100 0.891272 0.211549
vn 0.432108 0.877151 0.209497
vn 0.462520 0.862086 0.207084
vn 0.492406 0.846049 0.204295
vn 0.521838 0.828997 0.201120
vn 0.550765 0.810941 0.197568
vn 0.579081 0.791932 0.193673
vn 0.606587 0.772105 0.189488
vn 0.633278 0.751472 0.185066
vn 0.659194 0.729997 0.180462
vn 0.684387 0.707626 0.175727
vn 0.708799 0.684391 0.170919
vn 0.732476 0.660218 0.166107
vn 0.755364 0.635127 0.161364
vn 0.777468 0.609071 0.156766
vn 0.798785 0.581995 0.152398
vn 0.819315 0.553815 0.148361
vn 0.839056 0.524429 0.144776
vn 0.857994 0.493702 0.141792
vn 0.876109 0.461458 0.139604
vn 0.892694 0.429070 0.137832
vn 0.042833 0.971901 0.231461
vn 0.083403 0.969263 0.231461
vn 0.124488 0.964853 0.231434
vn 0.163228 0.959084 0.231331
vn 0.200597 0.952022 0.231117
vn 0.236726 0.943775 0.230757
vn 0.271633 0.934461 0.230214
vn 0.305456 0.924147 0.229453
vn 0.338282 0.912897 0.228440
vn 0.370192 0.900757 0.227145
vn 0.401268 0.887760 0.225536
vn 0.431600 0.873917 0.223587
vn 0.461269 0.859226 0.221273
vn 0.490363 0.843664 0.218576
vn 0.518963 0.827191 0.215483
vn 0.547053 0.809807 0.212001
vn 0.574585 0.791531 0.208162
vn 0.601394 0.772465 0.204019
vn 0.627479 0.752609 0.199624
vn 0.652873 0.731927 0.195036
vn 0.677617 0.710365 0.190307
vn 0.701657 0.687946 0.185496
vn 0.725026 0.664600 0.180675
vn 0.747674 0.640341 0.175918
vn 0.769599 0.615120 0.171306
vn 0.790804 0.588867 0.166925
vn 0.811288 0.561500 0.162881
vn 0.831054 0.532891 0.159301
vn 0.850095 0.502886 0.156350
vn 0.868401 0.471266 0.154235
vn 0.885098 0.439668 0.152621
vn 0.043461 0.969395 0.241630
vn 0.084497 0.966676 0.241656
vn 0.125928 0.962152 0.241673
vn 0.164854 0.956263 0.241630
vn 0.202275 0.949087 0.241492
vn 0.238327 0.940751 0.241223
vn 0.273038 0.931382 0.240785
vn 0.306558 0.921062 0.240141
vn 0.338978 0.909862 0.239257
vn 0.370392 0.897841 0.238100
vn 0.400888 0.885038 0.236637
vn 0.430567 0.871471 0.234841
vn 0.459517 0.857148 0.232684
vn 0.487837 0.842050 0.230145
vn 0.515619 0.826144 0.227210
vn 0.542874 0.809424 0.223879
vn 0.569618 0.791868 0.220181
vn 0.595717 0.773558 0.216168
vn 0.621170 0.754487 0.211891
vn 0.646004 0.734616 0.207409
vn 0.670249 0.713897 0.202776
vn 0.693854 0.692347 0.198048
vn 0.716855 0.669892 0.193297
vn 0.739189 0.646553 0.188598
vn 0.760858 0.622276 0.184029
vn 0.781866 0.596994 0.179677
vn 0.802214 0.570614 0.175648
vn 0.821908 0.543010 0.172069
vn 0.840953 0.514005 0.169107
vn 0.859351 0.483355 0.166982
vn 0.877177 0.450620 0.165839
vn 0.044458 0.966777 0.251726
vn 0.086291 0.963928 0.251789
vn 0.128342 0.959214 0.251866
vn 0.167684 0.953113 0.251907
vn 0.205344 0.945724 0.251874
vn 0.241470 0.937190 0.251730
vn 0.276107 0.927656 0.251435
vn 0.309416 0.917216 0.250953
vn 0.341498 0.905956 0.250245
vn 0.372462 0.893942 0.249277
vn 0.402409 0.881224 0.248015
vn 0.431443 0.867831 0.246428
vn 0.459676 0.853771 0.244485
vn 0.487209 0.839038 0.242162
vn 0.514149 0.823600 0.239443
vn 0.540532 0.807451 0.236323
vn 0.566434 0.790534 0.232827
vn 0.591777 0.772889 0.229005
vn 0.616554 0.754504 0.224910
vn 0.640789 0.735340 0.220601
vn 0.664507 0.715344 0.216133
vn 0.687646 0.694539 0.211564
vn 0.710237 0.672852 0.206964
vn 0.732222 0.650294 0.202409
vn 0.753596 0.626815 0.197977
vn 0.774364 0.602344 0.193757
vn 0.794533 0.576777 0.189857
vn 0.814116 0.549968 0.186416
vn 0.833135 0.521702 0.183614
vn 0.851613 0.491668 0.181707
vn 0.870178 0.458450 0.180589
vn 0.045268 0.965091 0.257972
vn 0.087732 0.962135 0.258068
vn 0.130276 0.957267 0.258201
vn 0.169939 0.950995 0.258319
vn 0.207771 0.943434 0.258386
vn 0.243932 0.934744 0.258362
vn 0.278480 0.925083 0.258208
vn 0.311587 0.914554 0.257884
vn 0.343363 0.903256 0.257353
vn 0.373927 0.891261 0.256578
vn 0.403387 0.878628 0.255523
vn 0.431859 0.865392 0.254155
vn 0.459457 0.851571 0.252442
vn 0.486295 0.837162 0.250356
vn 0.512484 0.822142 0.247875
vn 0.538086 0.806499 0.244995
vn 0.563229 0.790150 0.241734
vn 0.587877 0.773104 0.238139
vn 0.612032 0.755339 0.234265
vn 0.635701 0.736822 0.230169
vn 0.658907 0.717501 0.225905
vn 0.681587 0.697398 0.221531
vn 0.703765 0.676444 0.217113
vn 0.725377 0.654658 0.212724
vn 0.746423 0.631985 0.208440
vn 0.766899 0.608366 0.204346
vn 0.786817 0.583695 0.200546
vn 0.806198 0.557823 0.197176
vn 0.825082 0.530508 0.194423
vn 0.843519 0.501393 0.192564
vn 0.862114 0.469044 0.191721
vn 0.046141 0.963731 0.262857
vn 0.089290 0.960658 0.262990
vn 0.132367 0.955622 0.263185
vn 0.172381 0.949163 0.263392
vn 0.210410 0.941413 0.263571
vn 0.246626 0.932548 0.263685
vn 0.281095 0.922742 0.263691
vn 0.314007 0.912108 0.263551
vn 0.345482 0.900752 0.263225
vn 0.375645 0.888759 0.262675
vn 0.404618 0.876192 0.261862
vn 0.432516 0.863098 0.260753
vn 0.459467 0.849498 0.259312
vn 0.485589 0.835399 0.257510
vn 0.510999 0.820788 0.255319
vn 0.535783 0.805646 0.252729
vn 0.560125 0.789862 0.249758
vn 0.584036 0.773412 0.246447
vn 0.607518 0.756271 0.242852
vn 0.630578 0.738401 0.239029
vn 0.653223 0.719764 0.235032
vn 0.675391 0.700377 0.230910
vn 0.697097 0.680182 0.226734
vn 0.718276 0.659199 0.222568
vn 0.738915 0.637394 0.218480
vn 0.759018 0.614703 0.214550
vn 0.778587 0.591047 0.210870
vn 0.797652 0.566276 0.207564
vn 0.816260 0.540160 0.204811
vn 0.834512 0.512270 0.202900
vn 0.853063 0.480993 0.202310
vn 0.046868 0.962740 0.266337
vn 0.091084 0.959534 0.266457
vn 0.134462 0.954330 0.266785
vn 0.174824 0.947681 0.267091
vn 0.213060 0.939735 0.267402
vn 0.249333 0.930690 0.267674
vn 0.283736 0.920730 0.267862
vn 0.316461 0.909981 0.267930
vn 0.347640 0.898560 0.267837
vn 0.377405 0.886558 0.267544
vn 0.405886 0.874049 0.267012
vn 0.433208 0.861085 0.266203
vn 0.459500 0.847698 0.265080
vn 0.484889 0.833902 0.263610
vn 0.509496 0.819692 0.261763
vn 0.533441 0.805038 0.259527
vn 0.556958 0.789807 0.256908
vn 0.580114 0.773939 0.253941
vn 0.602910 0.757403 0.250681
vn 0.625341 0.740167 0.247189
vn 0.647394 0.722208 0.243510
vn 0.669014 0.703536 0.239703
vn 0.690204 0.684108 0.235828
vn 0.710891 0.663956 0.231942
vn 0.731057 0.643060 0.228102
vn 0.750685 0.621395 0.224368
vn 0.769784 0.598895 0.220812
vn 0.788356 0.575481 0.217524
vn 0.806446 0.550981 0.214628
vn 0.824166 0.525028 0.212358
vn 0.843289 0.494207 0.211240
vn 0.475491 0.862413 -0.173644
vn 0.829461 0.556071 -0.052724
vn 0.948536 0.316613 -0.006084
vn 0.954364 0.298494 -0.009528
vn 0.964459 0.263795 -0.015199
vn 0.959785 0.280438 -0.012973
vn 0.968261 0.249414 -0.016258
vn 0.973825 0.226754 -0.015708
vn 0.971246 0.237519 -0.016321
vn 0.975894 0.217740 -0.014849
vn 0.978604 0.205321 -0.013351
vn 0.977485 0.210544 -0.013965
vn 0.979549 0.200774 -0.013154
vn 0.979286 0.202058 -0.013097
vn 0.979424 0.201360 -0.013486
vn 0.978938 0.203693 -0.013797
vn 0.978108 0.207638 -0.013833
vn 0.975351 0.220251 -0.013436
vn 0.976916 0.213180 -0.013730
vn 0.973387 0.228800 -0.012959
vn 0.968084 0.250394 -0.010819
vn 0.971103 0.238351 -0.012181
vn 0.960287 0.278978 -0.004503
vn 0.964522 0.263868 -0.008475
vn 0.950675 0.310069 0.008592
vn 0.955511 0.294955 0.001112
vn 0.940418 0.338769 0.029153
vn 0.945687 0.324585 0.017891
vn 0.934955 0.352267 0.042034
vn 0.919027 0.384079 0.088726
vn 0.924164 0.375164 0.071921
vn 0.913877 0.392251 0.104727
vn 0.929513 0.364476 0.056241
vn 0.908365 0.400619 0.119905
vn 0.046978 0.962350 0.267723
vn 0.090629 0.959204 0.267794
vn 0.133430 0.954075 0.268213
vn 0.173457 0.947516 0.268561
vn 0.211368 0.939680 0.268934
vn 0.247331 0.930758 0.269289
vn 0.281425 0.920939 0.269576
vn 0.313817 0.910355 0.269765
vn 0.344637 0.899124 0.269817
vn 0.374015 0.887343 0.269693
vn 0.402078 0.875089 0.269355
vn 0.428947 0.862421 0.268765
vn 0.454747 0.849377 0.267888
vn 0.479599 0.835979 0.266690
vn 0.503618 0.822234 0.265143
vn 0.526934 0.808117 0.263226
vn 0.549783 0.793505 0.260937
vn 0.572334 0.778280 0.258293
vn 0.594584 0.762408 0.255348
vn 0.616517 0.745870 0.252160
vn 0.888929 0.428947 0.160656
vn 0.895740 0.419291 0.147802
vn 0.883493 0.434584 0.174863
vn 0.902342 0.409550 0.134345
vn 0.638102 0.728652 0.248783
vn 0.659284 0.710766 0.245268
vn 0.680061 0.692177 0.241678
vn 0.700372 0.672909 0.238062
vn 0.868032 0.455285 0.198079
vn 0.876146 0.444453 0.186625
vn 0.859230 0.466837 0.209252
vn 0.720193 0.652951 0.234471
vn 0.739507 0.632285 0.230965
vn 0.758291 0.610896 0.227598
vn 0.776571 0.588696 0.224443
vn 0.794349 0.565599 0.221603
vn 0.811694 0.541376 0.219235
vn 0.828638 0.515720 0.217696
vn 0.834348 0.508321 0.213244
vn 0.049231 -0.000003 0.998787
vn 0.050324 -0.000004 0.998733
vn 0.143380 -0.000052 0.989668
vn 0.097033 -0.000022 0.995281
vn 0.099087 -0.000023 0.995079
vn 0.146257 -0.000054 0.989247
vn 0.231712 -0.000124 0.972785
vn 0.188267 -0.000087 0.982118
vn 0.191838 -0.000090 0.981427
vn 0.235857 -0.000128 0.971788
vn 0.314390 -0.000193 0.949294
vn 0.273737 -0.000161 0.961805
vn 0.278348 -0.000165 0.960480
vn 0.319371 -0.000197 0.947630
vn 0.391883 -0.000236 0.920015
vn 0.353747 -0.000219 0.935341
vn 0.359021 -0.000222 0.933330
vn 0.397371 -0.000238 0.917658
vn 0.464783 -0.000234 0.885424
vn 0.428865 -0.000242 0.903369
vn 0.434510 -0.000242 0.900667
vn 0.470531 -0.000231 0.882383
vn 0.533736 -0.000171 0.845651
vn 0.499716 -0.000210 0.866189
vn 0.505521 -0.000205 0.862814
vn 0.539555 -0.000163 0.841950
vn 0.599312 -0.000044 0.800516
vn 0.566911 -0.000116 0.823779
vn 0.572710 -0.000104 0.819758
vn 0.605055 -0.000030 0.796184
vn 0.661193 0.000147 0.750216
vn 0.630892 0.000043 0.775870
vn 0.636507 0.000061 0.771271
vn 0.666500 0.000167 0.745505
vn 0.716007 0.000368 0.698093
vn 0.689608 0.000260 0.724183
vn 0.694554 0.000281 0.719441
vn 0.720585 0.000386 0.693366
vn 0.762942 0.000523 0.646467
vn 0.740429 0.000458 0.672134
vn 0.744649 0.000471 0.667456
vn 0.766811 0.000532 0.641872
vn 0.802521 0.000565 0.596623
vn 0.783609 0.000560 0.621254
vn 0.787140 0.000564 0.616774
vn 0.805736 0.000563 0.592274
vn 0.835510 0.000489 0.549475
vn 0.819787 0.000540 0.572669
vn 0.822704 0.000533 0.568470
vn 0.838154 0.000477 0.545434
vn 0.862746 0.000331 0.505637
vn 0.849796 0.000417 0.527111
vn 0.852184 0.000402 0.523243
vn 0.864903 0.000315 0.501939
vn 0.885067 0.000150 0.465464
vn 0.874470 0.000240 0.485079
vn 0.876415 0.000223 0.481557
vn 0.886822 0.000135 0.462112
vn 0.903255 0.000019 0.429104
vn 0.894635 0.000073 0.446798
vn 0.896218 0.000062 0.443615
vn 0.904681 0.000012 0.426089
vn 0.914682 0.000014 0.404175
vn 0.912995 0.000009 0.407970
vn 0.932906 0.000304 0.360119
vn 0.934515 0.000345 0.355923
vn 0.943298 0.000569 0.331948
vn 0.941937 0.000534 0.335790
vn 0.922501 0.000096 0.385995
vn 0.924393 0.000128 0.381441
vn 0.949774 0.000708 0.312935
vn 0.950932 0.000727 0.309399
vn 0.957650 0.000670 0.287936
vn 0.956648 0.000699 0.291245
vn 0.962772 0.000482 0.270314
vn 0.963652 0.000443 0.267161
vn 0.969129 0.000265 0.246555
vn 0.968335 0.000283 0.249653
vn 0.973489 0.000121 0.228733
vn 0.974214 0.000088 0.225624
vn 0.978915 -0.000434 0.204270
vn 0.978261 -0.000326 0.207375
vn 0.982743 -0.001341 0.184970
vn 0.983345 -0.001529 0.181744
vn 0.987401 -0.002768 0.158214
vn 0.986870 -0.002609 0.161497
vn 0.990418 -0.003424 0.138059
vn 0.990816 -0.003467 0.135173
vn 0.993545 -0.003132 0.113395
vn 0.993225 -0.003240 0.116166
vn 0.995443 -0.002087 0.095338
vn 0.995672 -0.001897 0.092916
vn 0.997235 -0.000552 0.074308
vn 0.997069 -0.000699 0.076505
vn 0.998301 0.000144 0.058270
vn 0.998197 0.000105 0.060028
vn 0.999376 0.000293 0.035333
vn 0.999416 0.000295 0.034170
vn 0.999681 0.000280 0.025246
vn 0.999656 0.000284 0.026240
vn 0.998918 0.000282 0.046505
vn 0.998984 0.000283 0.045065
vn 0.999825 0.000195 0.018682
vn 0.999814 0.000210 0.019278
vn 0.999955 -0.000005 0.009443
vn 0.999905 0.000084 0.013766
vn 0.999912 0.000074 0.013249
vn 0.999959 -0.000014 0.009083
vn 0.999982 -0.000065 0.005957
vn 0.999984 -0.000067 0.005643
vn 0.999995 -0.000075 0.003093
vn 0.999996 -0.000075 0.002884
vn 0.999999 -0.000067 0.001095
vn 1.000000 -0.000066 0.000979
vn 1.000000 -0.000041 -0.000163
vn 1.000000 -0.000043 -0.000093
vn 1.000000 -0.000024 -0.000472
vn 1.000000 -0.000024 -0.000487
vn 0.999999 0.000008 -0.001518
vn 1.000000 -0.000011 -0.000640
vn 1.000000 -0.000009 -0.000678
vn 0.999999 0.000008 -0.001593
vn 0.999995 0.000009 -0.003210
vn 0.999995 0.000009 -0.003325
vn 0.999982 0.000008 -0.006047
vn 0.999981 0.000008 -0.006194
vn 0.999892 0.000008 -0.014724
vn 0.999890 0.000008 -0.014811
vn 0.999799 0.000010 -0.020053
vn 0.999799 0.000010 -0.020047
vn 0.999951 0.000007 -0.009890
vn 0.999950 0.000006 -0.010019
vn 0.999662 0.000216 -0.026011
vn 0.999664 0.000210 -0.025914
vn 0.999119 0.002081 -0.041910
vn 0.999446 0.000968 -0.033268
vn 0.999454 0.000937 -0.033031
vn 0.999137 0.002029 -0.041498
vn 0.998036 -0.001988 -0.062605
vn 0.998106 -0.001642 -0.061493
vn 0.996941 -0.002733 -0.078116
vn 0.996682 -0.002458 -0.081354
vn 0.998678 0.001249 -0.051381
vn 0.998709 0.001411 -0.050773
vn 0.987969 -0.000003 -0.154651
vn 0.993376 -0.000538 -0.114905
vn 0.994053 -0.000806 -0.108891
vn 0.989413 0.000006 -0.145125
vn 0.979472 0.000000 -0.201579
vn 0.982080 -0.000009 -0.188466
vn 0.942199 0.002191 -0.335047
vn 0.960924 0.000597 -0.276812
vn 0.966263 0.000367 -0.257558
vn 0.948586 0.001524 -0.316516
vn 0.920244 0.005467 -0.391307
vn 0.903969 0.008093 -0.427522
vn 0.889079 0.010306 -0.457637
vn 0.869855 0.007939 -0.493245
vn 0.837779 0.004305 -0.545993
vn 0.788568 0.000460 -0.614947
vn 0.772831 0.000641 -0.634611
vn 0.057587 -0.000021 -0.998340
vn 0.058702 -0.000022 -0.998276
vn 0.048466 -0.000006 -0.998825
vn 0.047574 -0.000004 -0.998868
vn 0.038843 0.000007 -0.999245
vn 0.038150 0.000007 -0.999272
vn 0.029807 0.000011 -0.999556
vn 0.029291 0.000011 -0.999571
vn 0.021334 0.000008 -0.999772
vn 0.020977 0.000007 -0.999780
vn 0.013405 -0.000002 -0.999910
vn 0.013187 -0.000003 -0.999913
vn 0.005999 -0.000013 -0.999982
vn 0.005904 -0.000013 -0.999983
vn 0.743420 0.000814 -0.668824
vn 0.717947 0.000849 -0.696097
vn 0.679230 0.000827 -0.733925
vn 0.652683 0.000751 -0.757630
vn 0.615924 0.000621 -0.787805
vn 0.590528 0.000511 -0.807017
vn 0.558160 0.000331 -0.829733
vn 0.534402 0.000164 -0.845231
vn 0.503523 0.000013 -0.863982
vn 0.484039 -0.000028 -0.875047
vn 0.458074 -0.000047 -0.888914
vn 0.439913 -0.000035 -0.898041
vn 0.415377 0.000011 -0.909649
vn 0.398895 0.000061 -0.916997
vn 0.375875 0.000097 -0.926670
vn 0.361094 0.000097 -0.932530
vn 0.339449 0.000056 -0.940625
vn 0.326266 0.000006 -0.945278
vn 0.305949 -0.000064 -0.952048
vn 0.294411 -0.000100 -0.955679
vn 0.275501 -0.000130 -0.961301
vn 0.265576 -0.000129 -0.964090
vn 0.248114 -0.000097 -0.968731
vn 0.239712 -0.000066 -0.970844
vn 0.223712 0.000006 -0.974655
vn 0.216710 0.000044 -0.976236
vn 0.196426 0.000108 -0.980519
vn 0.202169 0.000098 -0.979351
vn 0.183186 0.000096 -0.983078
vn 0.178445 0.000078 -0.983950
vn 0.165977 0.000031 -0.986130
vn 0.161861 0.000016 -0.986814
vn 0.149773 -0.000009 -0.988720
vn 0.146197 -0.000010 -0.989256
vn 0.134467 -0.000008 -0.990918
vn 0.131370 -0.000005 -0.991333
vn 0.119997 0.000001 -0.992774
vn 0.117326 0.000002 -0.993094
vn 0.106313 0.000000 -0.994333
vn 0.104022 -0.000002 -0.994575
vn 0.093372 -0.000013 -0.995631
vn 0.091422 -0.000016 -0.995812
vn 0.081138 -0.000029 -0.996703
vn 0.079494 -0.000031 -0.996835
vn 0.069586 -0.000034 -0.997576
vn 0.068219 -0.000033 -0.997670
s 1
g MF_Xiao_ma_Damuzhi_ty02
usemtl blinn1SG
f 35/3/1 34/1/2 2/2/3 3/4/4
f 36/5/5 35/3/1 3/4/4 4/6/6
f 37/7/7 36/5/5 4/6/6 5/8/8
f 38/9/9 37/7/7 5/8/8 6/10/10
f 39/11/11 38/9/9 6/10/10 7/12/12
f 40/13/13 39/11/11 7/12/12 8/14/14
f 41/15/15 40/13/13 8/14/14 9/16/16
f 42/17/17 41/15/15 9/16/16 10/18/18
f 43/19/19 42/17/17 10/18/18 11/20/20
f 44/21/21 43/19/19 11/20/20 12/22/22
f 45/23/23 44/21/21 12/22/22 13/24/24
f 46/25/25 45/23/23 13/24/24 14/26/26
f 47/27/27 46/25/25 14/26/26 15/28/28
f 48/29/29 47/27/27 15/28/28 16/30/30
f 49/31/31 48/29/29 16/30/30 17/32/32
f 50/33/33 49/31/31 17/32/32 18/34/34
f 51/35/35 50/33/33 18/34/34 19/36/36
f 52/37/37 51/35/35 19/36/36 20/38/38
f 53/39/39 52/37/37 20/38/38 21/40/40
f 54/41/41 53/39/39 21/40/40 22/42/42
f 55/43/43 54/41/41 22/42/42 23/44/44
f 56/45/45 55/43/43 23/44/44 24/46/46
f 57/47/47 56/45/45 24/46/46 25/48/48
f 58/49/49 57/47/47 25/48/48 26/50/50
f 59/51/51 58/49/49 26/50/50 27/52/52
f 60/53/53 59/51/51 27/52/52 28/54/54
f 61/55/55 60/53/53 28/54/54 29/56/56
f 62/57/57 61/55/55 29/56/56 30/58/58
f 63/59/59 62/57/57 30/58/58 31/60/60
f 64/61/61 63/59/59 31/60/60 32/62/62
f 65/63/63 64/61/61 32/62/62 33/64/64
f 67/66/65 66/65/66 34/1/2 35/3/1
f 68/67/67 67/66/65 35/3/1 36/5/5
f 69/68/68 68/67/67 36/5/5 37/7/7
f 70/69/69 69/68/68 37/7/7 38/9/9
f 71/70/70 70/69/69 38/9/9 39/11/11
f 72/71/71 71/70/70 39/11/11 40/13/13
f 73/72/72 72/71/71 40/13/13 41/15/15
f 74/73/73 73/72/72 41/15/15 42/17/17
f 75/74/74 74/73/73 42/17/17 43/19/19
f 76/75/75 75/74/74 43/19/19 44/21/21
f 77/76/76 76/75/75 44/21/21 45/23/23
f 78/77/77 77/76/76 45/23/23 46/25/25
f 79/78/78 78/77/77 46/25/25 47/27/27
f 80/79/79 79/78/78 47/27/27 48/29/29
f 81/80/80 80/79/79 48/29/29 49/31/31
f 82/81/81 81/80/80 49/31/31 50/33/33
f 83/82/82 82/81/81 50/33/33 51/35/35
f 84/83/83 83/82/82 51/35/35 52/37/37
f 85/84/84 84/83/83 52/37/37 53/39/39
f 86/85/85 85/84/84 53/39/39 54/41/41
f 87/86/86 86/85/85 54/41/41 55/43/43
f 88/87/87 87/86/86 55/43/43 56/45/45
f 89/88/88 88/87/87 56/45/45 57/47/47
f 90/89/89 89/88/88 57/47/47 58/49/49
f 91/90/90 90/89/89 58/49/49 59/51/51
f 92/91/91 91/90/90 59/51/51 60/53/53
f 93/92/92 92/91/91 60/53/53 61/55/55
f 94/93/93 93/92/92 61/55/55 62/57/57
f 95/94/94 94/93/93 62/57/57 63/59/59
f 96/95/95 95/94/94 63/59/59 64/61/61
f 97/96/96 96/95/95 64/61/61 65/63/63
f 99/98/97 98/97/98 66/65/66 67/66/65
f 100/99/99 99/98/97 67/66/65 68/67/67
f 101/100/100 100/99/99 68/67/67 69/68/68
f 102/101/101 101/100/100 69/68/68 70/69/69
f 103/102/102 102/101/101 70/69/69 71/70/70
f 104/103/103 103/102/102 71/70/70 72/71/71
f 105/104/104 104/103/103 72/71/71 73/72/72
f 106/105/105 105/104/104 73/72/72 74/73/73
f 107/106/106 106/105/105 74/73/73 75/74/74
f 108/107/107 107/106/106 75/74/74 76/75/75
f 109/108/108 108/107/107 76/75/75 77/76/76
f 110/109/109 109/108/108 77/76/76 78/77/77
f 111/110/110 110/109/109 78/77/77 79/78/78
f 112/111/111 111/110/110 79/78/78 80/79/79
f 113/112/112 112/111/111 80/79/79 81/80/80
f 114/113/113 113/112/112 81/80/80 82/81/81
f 115/114/114 114/113/113 82/81/81 83/82/82
f 116/115/115 115/114/114 83/82/82 84/83/83
f 117/116/116 116/115/115 84/83/83 85/84/84
f 118/117/117 117/116/116 85/84/84 86/85/85
f 119/118/118 118/117/117 86/85/85 87/86/86
f 120/119/119 119/118/118 87/86/86 88/87/87
f 121/120/120 120/119/119 88/87/87 89/88/88
f 122/121/121 121/120/120 89/88/88 90/89/89
f 123/122/122 122/121/121 90/89/89 91/90/90
f 124/123/123 123/122/122 91/90/90 92/91/91
f 125/124/124 124/123/123 92/91/91 93/92/92
f 126/125/125 125/124/124 93/92/92 94/93/93
f 127/126/126 126/125/125 94/93/93 95/94/94
f 128/127/127 127/126/126 95/94/94 96/95/95
f 129/128/128 128/127/127 96/95/95 97/96/96
f 131/130/129 130/129/130 98/97/98 99/98/97
f 132/131/131 131/130/129 99/98/97 100/99/99
f 133/132/132 132/131/131 100/99/99 101/100/100
f 134/133/133 133/132/132 101/100/100 102/101/101
f 135/134/134 134/133/133 102/101/101 103/102/102
f 136/135/135 135/134/134 103/102/102 104/103/103
f 137/136/136 136/135/135 104/103/103 105/104/104
f 138/137/137 137/136/136 105/104/104 106/105/105
f 139/138/138 138/137/137 106/105/105 107/106/106
f 140/139/139 139/138/138 107/106/106 108/107/107
f 141/140/140 140/139/139 108/107/107 109/108/108
f 142/141/141 141/140/140 109/108/108 110/109/109
f 143/142/142 142/141/141 110/109/109 111/110/110
f 144/143/143 143/142/142 111/110/110 112/111/111
f 145/144/144 144/143/143 112/111/111 113/112/112
f 146/145/145 145/144/144 113/112/112 114/113/113
f 147/146/146 146/145/145 114/113/113 115/114/114
f 148/147/147 147/146/146 115/114/114 116/115/115
f 149/148/148 148/147/147 116/115/115 117/116/116
f 150/149/149 149/148/148 117/116/116 118/117/117
f 151/150/150 150/149/149 118/117/117 119/118/118
f 152/151/151 151/150/150 119/118/118 120/119/119
f 153/152/152 152/151/151 120/119/119 121/120/120
f 154/153/153 153/152/152 121/120/120 122/121/121
f 155/154/154 154/153/153 122/121/121 123/122/122
f 156/155/155 155/154/154 123/122/122 124/123/123
f 157/156/156 156/155/155 124/123/123 125/124/124
f 158/157/157 157/156/156 125/124/124 126/125/125
f 159/158/158 158/157/157 126/125/125 127/126/126
f 160/159/159 159/158/158 127/126/126 128/127/127
f 161/160/160 160/159/159 128/127/127 129/128/128
f 163/162/161 162/161/162 130/129/130 131/130/129
f 164/163/163 163/162/161 131/130/129 132/131/131
f 165/164/164 164/163/163 132/131/131 133/132/132
f 166/165/165 165/164/164 133/132/132 134/133/133
f 167/166/166 166/165/165 134/133/133 135/134/134
f 168/167/167 167/166/166 135/134/134 136/135/135
f 169/168/168 168/167/167 136/135/135 137/136/136
f 170/169/169 169/168/168 137/136/136 138/137/137
f 171/170/170 170/169/169 138/137/137 139/138/138
f 172/171/171 171/170/170 139/138/138 140/139/139
f 173/172/172 172/171/171 140/139/139 141/140/140
f 174/173/173 173/172/172 141/140/140 142/141/141
f 175/174/174 174/173/173 142/141/141 143/142/142
f 176/175/175 175/174/174 143/142/142 144/143/143
f 177/176/176 176/175/175 144/143/143 145/144/144
f 178/177/177 177/176/176 145/144/144 146/145/145
f 179/178/178 178/177/177 146/145/145 147/146/146
f 180/179/179 179/178/178 147/146/146 148/147/147
f 181/180/180 180/179/179 148/147/147 149/148/148
f 182/181/181 181/180/180 149/148/148 150/149/149
f 183/182/182 182/181/181 150/149/149 151/150/150
f 184/183/183 183/182/182 151/150/150 152/151/151
f 185/184/184 184/183/183 152/151/151 153/152/152
f 186/185/185 185/184/184 153/152/152 154/153/153
f 187/186/186 186/185/185 154/153/153 155/154/154
f 188/187/187 187/186/186 155/154/154 156/155/155
f 189/188/188 188/187/187 156/155/155 157/156/156
f 190/189/189 189/188/188 157/156/156 158/157/157
f 191/190/190 190/189/189 158/157/157 159/158/158
f 192/191/191 191/190/190 159/158/158 160/159/159
f 193/192/192 192/191/191 160/159/159 161/160/160
f 162/161/162 163/162/161 195/194/193 194/193/194
f 163/162/161 164/163/163 196/195/195 195/194/193
f 164/163/163 165/164/164 197/196/196 196/195/195
f 165/164/164 166/165/165 198/197/197 197/196/196
f 166/165/165 167/166/166 199/198/198 198/197/197
f 167/166/166 168/167/167 200/199/199 199/198/198
f 168/167/167 169/168/168 201/200/200 200/199/199
f 169/168/168 170/169/169 202/201/201 201/200/200
f 170/169/169 171/170/170 203/202/202 202/201/201
f 171/170/170 172/171/171 204/203/203 203/202/202
f 172/171/171 173/172/172 205/204/204 204/203/203
f 173/172/172 174/173/173 206/205/205 205/204/204
f 174/173/173 175/174/174 207/206/206 206/205/205
f 175/174/174 176/175/175 208/207/207 207/206/206
f 176/175/175 177/176/176 209/208/208 208/207/207
f 177/176/176 178/177/177 210/209/209 209/208/208
f 178/177/177 179/178/178 211/210/210 210/209/209
f 179/178/178 180/179/179 212/211/211 211/210/210
f 180/179/179 181/180/180 213/212/212 212/211/211
f 181/180/180 182/181/181 214/213/213 213/212/212
f 182/181/181 183/182/182 215/214/214 214/213/213
f 183/182/182 184/183/183 216/215/215 215/214/214
f 184/183/183 185/184/184 217/216/216 216/215/215
f 185/184/184 186/185/185 218/217/217 217/216/216
f 186/185/185 187/186/186 219/218/218 218/217/217
f 187/186/186 188/187/187 220/219/219 219/218/218
f 188/187/187 189/188/188 221/220/220 220/219/219
f 189/188/188 190/189/189 222/221/221 221/220/220
f 190/189/189 191/190/190 223/222/222 222/221/221
f 191/190/190 192/191/191 224/223/223 223/222/222
f 192/191/191 193/192/192 225/224/224 224/223/223
f 227/226/225 226/225/226 194/193/194 195/194/193
f 228/227/227 227/226/225 195/194/193 196/195/195
f 229/228/228 228/227/227 196/195/195 197/196/196
f 230/229/229 229/228/228 197/196/196 198/197/197
f 231/230/230 230/229/229 198/197/197 199/198/198
f 232/231/231 231/230/230 199/198/198 200/199/199
f 233/232/232 232/231/231 200/199/199 201/200/200
f 234/233/233 233/232/232 201/200/200 202/201/201
f 235/234/234 234/233/233 202/201/201 203/202/202
f 236/235/235 235/234/234 203/202/202 204/203/203
f 237/236/236 236/235/235 204/203/203 205/204/204
f 238/237/237 237/236/236 205/204/204 206/205/205
f 239/238/238 238/237/237 206/205/205 207/206/206
f 240/239/239 239/238/238 207/206/206 208/207/207
f 241/240/240 240/239/239 208/207/207 209/208/208
f 242/241/241 241/240/240 209/208/208 210/209/209
f 243/242/242 242/241/241 210/209/209 211/210/210
f 244/243/243 243/242/242 211/210/210 212/211/211
f 245/244/244 244/243/243 212/211/211 213/212/212
f 246/245/245 245/244/244 213/212/212 214/213/213
f 247/246/246 246/245/245 214/213/213 215/214/214
f 248/247/247 247/246/246 215/214/214 216/215/215
f 249/248/248 248/247/247 216/215/215 217/216/216
f 250/249/249 249/248/248 217/216/216 218/217/217
f 251/250/250 250/249/249 218/217/217 219/218/218
f 252/251/251 251/250/250 219/218/218 220/219/219
f 253/252/252 252/251/251 220/219/219 221/220/220
f 254/253/253 253/252/252 221/220/220 222/221/221
f 255/254/254 254/253/253 222/221/221 223/222/222
f 256/255/255 255/254/254 223/222/222 224/223/223
f 257/256/256 256/255/255 224/223/223 225/224/224
f 259/258/257 258/257/258 226/225/226 227/226/225
f 260/259/259 259/258/257 227/226/225 228/227/227
f 261/260/260 260/259/259 228/227/227 229/228/228
f 262/261/261 261/260/260 229/228/228 230/229/229
f 263/262/262 262/261/261 230/229/229 231/230/230
f 264/263/263 263/262/262 231/230/230 232/231/231
f 265/264/264 264/263/263 232/231/231 233/232/232
f 266/265/265 265/264/264 233/232/232 234/233/233
f 267/266/266 266/265/265 234/233/233 235/234/234
f 268/267/267 267/266/266 235/234/234 236/235/235
f 269/268/268 268/267/267 236/235/235 237/236/236
f 270/269/269 269/268/268 237/236/236 238/237/237
f 271/270/270 270/269/269 238/237/237 239/238/238
f 272/271/271 271/270/270 239/238/238 240/239/239
f 273/272/272 272/271/271 240/239/239 241/240/240
f 274/273/273 273/272/272 241/240/240 242/241/241
f 275/274/274 274/273/273 242/241/241 243/242/242
f 276/275/275 275/274/274 243/242/242 244/243/243
f 277/276/276 276/275/275 244/243/243 245/244/244
f 278/277/277 277/276/276 245/244/244 246/245/245
f 279/278/278 278/277/277 246/245/245 247/246/246
f 280/279/279 279/278/278 247/246/246 248/247/247
f 281/280/280 280/279/279 248/247/247 249/248/248
f 282/281/281 281/280/280 249/248/248 250/249/249
f 283/282/282 282/281/281 250/249/249 251/250/250
f 284/283/283 283/282/282 251/250/250 252/251/251
f 285/284/284 284/283/283 252/251/251 253/252/252
f 286/285/285 285/284/284 253/252/252 254/253/253
f 287/286/286 286/285/285 254/253/253 255/254/254
f 288/287/287 287/286/286 255/254/254 256/255/255
f 289/288/288 288/287/287 256/255/255 257/256/256
f 291/290/289 290/289/290 258/257/258 259/258/257
f 292/291/291 291/290/289 259/258/257 260/259/259
f 293/292/292 292/291/291 260/259/259 261/260/260
f 294/293/293 293/292/292 261/260/260 262/261/261
f 295/294/294 294/293/293 262/261/261 263/262/262
f 296/295/295 295/294/294 263/262/262 264/263/263
f 297/296/296 296/295/295 264/263/263 265/264/264
f 298/297/297 297/296/296 265/264/264 266/265/265
f 299/298/298 298/297/297 266/265/265 267/266/266
f 300/299/299 299/298/298 267/266/266 268/267/267
f 301/300/300 300/299/299 268/267/267 269/268/268
f 302/301/301 301/300/300 269/268/268 270/269/269
f 303/302/302 302/301/301 270/269/269 271/270/270
f 304/303/303 303/302/302 271/270/270 272/271/271
f 305/304/304 304/303/303 272/271/271 273/272/272
f 306/305/305 305/304/304 273/272/272 274/273/273
f 307/306/306 306/305/305 274/273/273 275/274/274
f 308/307/307 307/306/306 275/274/274 276/275/275
f 309/308/308 308/307/307 276/275/275 277/276/276
f 310/309/309 309/308/308 277/276/276 278/277/277
f 311/310/310 310/309/309 278/277/277 279/278/278
f 312/311/311 311/310/310 279/278/278 280/279/279
f 313/312/312 312/311/311 280/279/279 281/280/280
f 314/313/313 313/312/312 281/280/280 282/281/281
f 315/314/314 314/313/313 282/281/281 283/282/282
f 316/315/315 315/314/314 283/282/282 284/283/283
f 317/316/316 316/315/315 284/283/283 285/284/284
f 318/317/317 317/316/316 285/284/284 286/285/285
f 319/318/318 318/317/317 286/285/285 287/286/286
f 320/319/319 319/318/318 287/286/286 288/287/287
f 321/320/320 320/319/319 288/287/287 289/288/288
f 323/322/321 322/321/322 290/289/290 291/290/289
f 324/323/323 323/322/321 291/290/289 292/291/291
f 325/324/324 324/323/323 292/291/291 293/292/292
f 326/325/325 325/324/324 293/292/292 294/293/293
f 327/326/326 326/325/325 294/293/293 295/294/294
f 328/327/327 327/326/326 295/294/294 296/295/295
f 329/328/328 328/327/327 296/295/295 297/296/296
f 330/329/329 329/328/328 297/296/296 298/297/297
f 331/330/330 330/329/329 298/297/297 299/298/298
f 332/331/331 331/330/330 299/298/298 300/299/299
f 333/332/332 332/331/331 300/299/299 301/300/300
f 334/333/333 333/332/332 301/300/300 302/301/301
f 335/334/334 334/333/333 302/301/301 303/302/302
f 336/335/335 335/334/334 303/302/302 304/303/303
f 337/336/336 336/335/335 304/303/303 305/304/304
f 338/337/337 337/336/336 305/304/304 306/305/305
f 339/338/338 338/337/337 306/305/305 307/306/306
f 340/339/339 339/338/338 307/306/306 308/307/307
f 341/340/340 340/339/339 308/307/307 309/308/308
f 342/341/341 341/340/340 309/308/308 310/309/309
f 343/342/342 342/341/341 310/309/309 311/310/310
f 344/343/343 343/342/342 311/310/310 312/311/311
f 345/344/344 344/343/343 312/311/311 313/312/312
f 346/345/345 345/344/344 313/312/312 314/313/313
f 347/346/346 346/345/345 314/313/313 315/314/314
f 348/347/347 347/346/346 315/314/314 316/315/315
f 349/348/348 348/347/347 316/315/315 317/316/316
f 350/349/349 349/348/348 317/316/316 318/317/317
f 351/350/350 350/349/349 318/317/317 319/318/318
f 352/351/351 351/350/350 319/318/318 320/319/319
f 353/352/352 352/351/351 320/319/319 321/320/320
f 355/354/353 354/353/354 322/321/322 323/322/321
f 356/355/355 355/354/353 323/322/321 324/323/323
f 357/356/356 356/355/355 324/323/323 325/324/324
f 358/357/357 357/356/356 325/324/324 326/325/325
f 359/358/358 358/357/357 326/325/325 327/326/326
f 360/359/359 359/358/358 327/326/326 328/327/327
f 361/360/360 360/359/359 328/327/327 329/328/328
f 362/361/361 361/360/360 329/328/328 330/329/329
f 363/362/362 362/361/361 330/329/329 331/330/330
f 364/363/363 363/362/362 331/330/330 332/331/331
f 365/364/364 364/363/363 332/331/331 333/332/332
f 366/365/365 365/364/364 333/332/332 334/333/333
f 367/366/366 366/365/365 334/333/333 335/334/334
f 368/367/367 367/366/366 335/334/334 336/335/335
f 369/368/368 368/367/367 336/335/335 337/336/336
f 370/369/369 369/368/368 337/336/336 338/337/337
f 371/370/370 370/369/369 338/337/337 339/338/338
f 372/371/371 371/370/370 339/338/338 340/339/339
f 373/372/372 372/371/371 340/339/339 341/340/340
f 374/373/373 373/372/372 341/340/340 342/341/341
f 375/374/374 374/373/373 342/341/341 343/342/342
f 376/375/375 375/374/374 343/342/342 344/343/343
f 377/376/376 376/375/375 344/343/343 345/344/344
f 378/377/377 377/376/376 345/344/344 346/345/345
f 379/378/378 378/377/377 346/345/345 347/346/346
f 380/379/379 379/378/378 347/346/346 348/347/347
f 381/380/380 380/379/379 348/347/347 349/348/348
f 382/381/381 381/380/380 349/348/348 350/349/349
f 383/382/382 382/381/381 350/349/349 351/350/350
f 384/383/383 383/382/382 351/350/350 352/351/351
f 385/384/384 384/383/383 352/351/351 353/352/352
f 387/386/385 386/385/386 354/353/354 355/354/353
f 388/387/387 387/386/385 355/354/353 356/355/355
f 389/388/388 388/387/387 356/355/355 357/356/356
f 390/389/389 389/388/388 357/356/356 358/357/357
f 391/390/390 390/389/389 358/357/357 359/358/358
f 392/391/391 391/390/390 359/358/358 360/359/359
f 393/392/392 392/391/391 360/359/359 361/360/360
f 394/393/393 393/392/392 361/360/360 362/361/361
f 395/394/394 394/393/393 362/361/361 363/362/362
f 396/395/395 395/394/394 363/362/362 364/363/363
f 397/396/396 396/395/395 364/363/363 365/364/364
f 398/397/397 397/396/396 365/364/364 366/365/365
f 399/398/398 398/397/397 366/365/365 367/366/366
f 400/399/399 399/398/398 367/366/366 368/367/367
f 401/400/400 400/399/399 368/367/367 369/368/368
f 402/401/401 401/400/400 369/368/368 370/369/369
f 403/402/402 402/401/401 370/369/369 371/370/370
f 404/403/403 403/402/402 371/370/370 372/371/371
f 405/404/404 404/403/403 372/371/371 373/372/372
f 406/405/405 405/404/404 373/372/372 374/373/373
f 407/406/406 406/405/405 374/373/373 375/374/374
f 408/407/407 407/406/406 375/374/374 376/375/375
f 409/408/408 408/407/407 376/375/375 377/376/376
f 410/409/409 409/408/408 377/376/376 378/377/377
f 411/410/410 410/409/409 378/377/377 379/378/378
f 412/411/411 411/410/410 379/378/378 380/379/379
f 413/412/412 412/411/411 380/379/379 381/380/380
f 414/413/413 413/412/412 381/380/380 382/381/381
f 415/414/414 414/413/413 382/381/381 383/382/382
f 416/415/415 415/414/414 383/382/382 384/383/383
f 417/416/416 416/415/415 384/383/383 385/384/384
f 419/418/417 418/417/418 386/385/386 387/386/385
f 420/419/419 419/418/417 387/386/385 388/387/387
f 421/420/420 420/419/419 388/387/387 389/388/388
f 422/421/421 421/420/420 389/388/388 390/389/389
f 423/422/422 422/421/421 390/389/389 391/390/390
f 424/423/423 423/422/422 391/390/390 392/391/391
f 425/424/424 424/423/423 392/391/391 393/392/392
f 426/425/425 425/424/424 393/392/392 394/393/393
f 427/426/426 426/425/425 394/393/393 395/394/394
f 428/427/427 427/426/426 395/394/394 396/395/395
f 429/428/428 428/427/427 396/395/395 397/396/396
f 430/429/429 429/428/428 397/396/396 398/397/397
f 431/430/430 430/429/429 398/397/397 399/398/398
f 432/431/431 431/430/430 399/398/398 400/399/399
f 433/432/432 432/431/431 400/399/399 401/400/400
f 434/433/433 433/432/432 401/400/400 402/401/401
f 435/434/434 434/433/433 402/401/401 403/402/402
f 436/435/435 435/434/434 403/402/402 404/403/403
f 437/436/436 436/435/435 404/403/403 405/404/404
f 438/437/437 437/436/436 405/404/404 406/405/405
f 439/438/438 438/437/437 406/405/405 407/406/406
f 440/439/439 439/438/438 407/406/406 408/407/407
f 441/440/440 440/439/439 408/407/407 409/408/408
f 442/441/441 441/440/440 409/408/408 410/409/409
f 443/442/442 442/441/441 410/409/409 411/410/410
f 444/443/443 443/442/442 411/410/410 412/411/411
f 445/444/444 444/443/443 412/411/411 413/412/412
f 446/445/445 445/444/444 413/412/412 414/413/413
f 447/446/446 446/445/445 414/413/413 415/414/414
f 448/447/447 447/446/446 415/414/414 416/415/415
f 449/448/448 448/447/447 416/415/415 417/416/416
f 451/450/449 450/449/450 418/417/418 419/418/417
f 452/451/451 451/450/449 419/418/417 420/419/419
f 453/452/452 452/451/451 420/419/419 421/420/420
f 454/453/453 453/452/452 421/420/420 422/421/421
f 455/454/454 454/453/453 422/421/421 423/422/422
f 456/455/455 455/454/454 423/422/422 424/423/423
f 457/456/456 456/455/455 424/423/423 425/424/424
f 458/457/457 457/456/456 425/424/424 426/425/425
f 459/458/458 458/457/457 426/425/425 427/426/426
f 460/459/459 459/458/458 427/426/426 428/427/427
f 461/460/460 460/459/459 428/427/427 429/428/428
f 462/461/461 461/460/460 429/428/428 430/429/429
f 463/462/462 462/461/461 430/429/429 431/430/430
f 464/463/463 463/462/462 431/430/430 432/431/431
f 465/464/464 464/463/463 432/431/431 433/432/432
f 466/465/465 465/464/464 433/432/432 434/433/433
f 467/466/466 466/465/465 434/433/433 435/434/434
f 468/467/467 467/466/466 435/434/434 436/435/435
f 469/468/468 468/467/467 436/435/435 437/436/436
f 470/469/469 469/468/468 437/436/436 438/437/437
f 471/470/470 470/469/469 438/437/437 439/438/438
f 472/471/471 471/470/470 439/438/438 440/439/439
f 473/472/472 472/471/471 440/439/439 441/440/440
f 474/473/473 473/472/472 441/440/440 442/441/441
f 475/474/474 474/473/473 442/441/441 443/442/442
f 476/475/475 475/474/474 443/442/442 444/443/443
f 477/476/476 476/475/475 444/443/443 445/444/444
f 478/477/477 477/476/476 445/444/444 446/445/445
f 479/478/478 478/477/477 446/445/445 447/446/446
f 480/479/479 479/478/478 447/446/446 448/447/447
f 481/480/480 480/479/479 448/447/447 449/448/448
f 483/482/481 482/481/482 450/449/450 451/450/449
f 484/483/483 483/482/481 451/450/449 452/451/451
f 485/484/484 484/483/483 452/451/451 453/452/452
f 486/485/485 485/484/484 453/452/452 454/453/453
f 487/486/486 486/485/485 454/453/453 455/454/454
f 488/487/487 487/486/486 455/454/454 456/455/455
f 489/488/488 488/487/487 456/455/455 457/456/456
f 490/489/489 489/488/488 457/456/456 458/457/457
f 491/490/490 490/489/489 458/457/457 459/458/458
f 492/491/491 491/490/490 459/458/458 460/459/459
f 493/492/492 492/491/491 460/459/459 461/460/460
f 494/493/493 493/492/492 461/460/460 462/461/461
f 495/494/494 494/493/493 462/461/461 463/462/462
f 496/495/495 495/494/494 463/462/462 464/463/463
f 497/496/496 496/495/495 464/463/463 465/464/464
f 498/497/497 497/496/496 465/464/464 466/465/465
f 499/498/498 498/497/497 466/465/465 467/466/466
f 500/499/499 499/498/498 467/466/466 468/467/467
f 501/500/500 500/499/499 468/467/467 469/468/468
f 502/501/501 501/500/500 469/468/468 470/469/469
f 503/502/502 502/501/501 470/469/469 471/470/470
f 504/503/503 503/502/502 471/470/470 472/471/471
f 505/504/504 504/503/503 472/471/471 473/472/472
f 506/505/505 505/504/504 473/472/472 474/473/473
f 507/506/506 506/505/505 474/473/473 475/474/474
f 508/507/507 507/506/506 475/474/474 476/475/475
f 509/508/508 508/507/507 476/475/475 477/476/476
f 510/509/509 509/508/508 477/476/476 478/477/477
f 511/510/510 510/509/509 478/477/477 479/478/478
f 512/511/511 511/510/510 479/478/478 480/479/479
f 513/512/512 512/511/511 480/479/479 481/480/480
f 515/514/513 514/513/514 482/481/482 483/482/481
f 516/515/515 515/514/513 483/482/481 484/483/483
f 517/516/516 516/515/515 484/483/483 485/484/484
f 518/517/517 517/516/516 485/484/484 486/485/485
f 519/518/518 518/517/517 486/485/485 487/486/486
f 520/519/519 519/518/518 487/486/486 488/487/487
f 521/520/520 520/519/519 488/487/487 489/488/488
f 522/521/521 521/520/520 489/488/488 490/489/489
f 523/522/522 522/521/521 490/489/489 491/490/490
f 524/523/523 523/522/522 491/490/490 492/491/491
f 525/524/524 524/523/523 492/491/491 493/492/492
f 526/525/525 525/524/524 493/492/492 494/493/493
f 527/526/526 526/525/525 494/493/493 495/494/494
f 528/527/527 527/526/526 495/494/494 496/495/495
f 529/528/528 528/527/527 496/495/495 497/496/496
f 530/529/529 529/528/528 497/496/496 498/497/497
f 531/530/530 530/529/529 498/497/497 499/498/498
f 532/531/531 531/530/530 499/498/498 500/499/499
f 533/532/532 532/531/531 500/499/499 501/500/500
f 534/533/533 533/532/532 501/500/500 502/501/501
f 535/534/534 534/533/533 502/501/501 503/502/502
f 536/535/535 535/534/534 503/502/502 504/503/503
f 537/536/536 536/535/535 504/503/503 505/504/504
f 538/537/537 537/536/536 505/504/504 506/505/505
f 539/538/538 538/537/537 506/505/505 507/506/506
f 540/539/539 539/538/538 507/506/506 508/507/507
f 541/540/540 540/539/539 508/507/507 509/508/508
f 542/541/541 541/540/540 509/508/508 510/509/509
f 543/542/542 542/541/541 510/509/509 511/510/510
f 544/543/543 543/542/542 511/510/510 512/511/511
f 545/544/544 544/543/543 512/511/511 513/512/512
f 547/546/545 546/545/546 514/513/514 515/514/513
f 548/547/547 547/546/545 515/514/513 516/515/515
f 549/548/548 548/547/547 516/515/515 517/516/516
f 550/549/549 549/548/548 517/516/516 518/517/517
f 551/550/550 550/549/549 518/517/517 519/518/518
f 552/551/551 551/550/550 519/518/518 520/519/519
f 553/552/552 552/551/551 520/519/519 521/520/520
f 554/553/553 553/552/552 521/520/520 522/521/521
f 555/554/554 554/553/553 522/521/521 523/522/522
f 556/555/555 555/554/554 523/522/522 524/523/523
f 557/556/556 556/555/555 524/523/523 525/524/524
f 558/557/557 557/556/556 525/524/524 526/525/525
f 559/558/558 558/557/557 526/525/525 527/526/526
f 560/559/559 559/558/558 527/526/526 528/527/527
f 561/560/560 560/559/559 528/527/527 529/528/528
f 562/561/561 561/560/560 529/528/528 530/529/529
f 563/562/562 562/561/561 530/529/529 531/530/530
f 564/563/563 563/562/562 531/530/530 532/531/531
f 565/564/564 564/563/563 532/531/531 533/532/532
f 566/565/565 565/564/564 533/532/532 534/533/533
f 567/566/566 566/565/565 534/533/533 535/534/534
f 568/567/567 567/566/566 535/534/534 536/535/535
f 569/568/568 568/567/567 536/535/535 537/536/536
f 570/569/569 569/568/568 537/536/536 538/537/537
f 571/570/570 570/569/569 538/537/537 539/538/538
f 572/571/571 571/570/570 539/538/538 540/539/539
f 573/572/572 572/571/571 540/539/539 541/540/540
f 574/573/573 573/572/572 541/540/540 542/541/541
f 575/574/574 574/573/573 542/541/541 543/542/542
f 576/575/575 575/574/574 543/542/542 544/543/543
f 577/576/576 576/575/575 544/543/543 545/544/544
f 579/578/577 578/577/578 546/545/546 547/546/545
f 580/579/579 579/578/577 547/546/545 548/547/547
f 581/580/580 580/579/579 548/547/547 549/548/548
f 582/581/581 581/580/580 549/548/548 550/549/549
f 583/582/582 582/581/581 550/549/549 551/550/550
f 584/583/583 583/582/582 551/550/550 552/551/551
f 585/584/584 584/583/583 552/551/551 553/552/552
f 586/585/585 585/584/584 553/552/552 554/553/553
f 587/586/586 586/585/585 554/553/553 555/554/554
f 588/587/587 587/586/586 555/554/554 556/555/555
f 589/588/588 588/587/587 556/555/555 557/556/556
f 590/589/589 589/588/588 557/556/556 558/557/557
f 591/590/590 590/589/589 558/557/557 559/558/558
f 592/591/591 591/590/590 559/558/558 560/559/559
f 593/592/592 592/591/591 560/559/559 561/560/560
f 594/593/593 593/592/592 561/560/560 562/561/561
f 595/594/594 594/593/593 562/561/561 563/562/562
f 596/595/595 595/594/594 563/562/562 564/563/563
f 597/596/596 596/595/595 564/563/563 565/564/564
f 598/597/597 597/596/596 565/564/564 566/565/565
f 599/598/598 598/597/597 566/565/565 567/566/566
f 600/599/599 599/598/598 567/566/566 568/567/567
f 601/600/600 600/599/599 568/567/567 569/568/568
f 602/601/601 601/600/600 569/568/568 570/569/569
f 603/602/602 602/601/601 570/569/569 571/570/570
f 604/603/603 603/602/602 571/570/570 572/571/571
f 605/604/604 604/603/603 572/571/571 573/572/572
f 606/605/605 605/604/604 573/572/572 574/573/573
f 607/606/606 606/605/605 574/573/573 575/574/574
f 608/607/607 607/606/606 575/574/574 576/575/575
f 609/608/608 608/607/607 576/575/575 577/576/576
f 611/610/609 610/609/610 578/577/578 579/578/577
f 612/611/611 611/610/609 579/578/577 580/579/579
f 613/612/612 612/611/611 580/579/579 581/580/580
f 614/613/613 613/612/612 581/580/580 582/581/581
f 615/614/614 614/613/613 582/581/581 583/582/582
f 616/615/615 615/614/614 583/582/582 584/583/583
f 617/616/616 616/615/615 584/583/583 585/584/584
f 618/617/617 617/616/616 585/584/584 586/585/585
f 619/618/618 618/617/617 586/585/585 587/586/586
f 620/619/619 619/618/618 587/586/586 588/587/587
f 621/620/620 620/619/619 588/587/587 589/588/588
f 622/621/621 621/620/620 589/588/588 590/589/589
f 623/622/622 622/621/621 590/589/589 591/590/590
f 624/623/623 623/622/622 591/590/590 592/591/591
f 625/624/624 624/623/623 592/591/591 593/592/592
f 626/625/625 625/624/624 593/592/592 594/593/593
f 627/626/626 626/625/625 594/593/593 595/594/594
f 628/627/627 627/626/626 595/594/594 596/595/595
f 629/628/628 628/627/627 596/595/595 597/596/596
f 630/629/629 629/628/628 597/596/596 598/597/597
f 631/630/630 630/629/629 598/597/597 599/598/598
f 632/631/631 631/630/630 599/598/598 600/599/599
f 633/632/632 632/631/631 600/599/599 601/600/600
f 634/633/633 633/632/632 601/600/600 602/601/601
f 635/634/634 634/633/633 602/601/601 603/602/602
f 636/635/635 635/634/634 603/602/602 604/603/603
f 637/636/636 636/635/635 604/603/603 605/604/604
f 638/637/637 637/636/636 605/604/604 606/605/605
f 639/638/638 638/637/637 606/605/605 607/606/606
f 640/639/639 639/638/638 607/606/606 608/607/607
f 641/640/640 640/639/639 608/607/607 609/608/608
f 643/642/641 642/641/642 610/609/610 611/610/609
f 644/643/643 643/642/641 611/610/609 612/611/611
f 645/644/644 644/643/643 612/611/611 613/612/612
f 646/645/645 645/644/644 613/612/612 614/613/613
f 647/646/646 646/645/645 614/613/613 615/614/614
f 648/647/647 647/646/646 615/614/614 616/615/615
f 649/648/648 648/647/647 616/615/615 617/616/616
f 650/649/649 649/648/648 617/616/616 618/617/617
f 651/650/650 650/649/649 618/617/617 619/618/618
f 652/651/651 651/650/650 619/618/618 620/619/619
f 653/652/652 652/651/651 620/619/619 621/620/620
f 654/653/653 653/652/652 621/620/620 622/621/621
f 655/654/654 654/653/653 622/621/621 623/622/622
f 656/655/655 655/654/654 623/622/622 624/623/623
f 657/656/656 656/655/655 624/623/623 625/624/624
f 658/657/657 657/656/656 625/624/624 626/625/625
f 659/658/658 658/657/657 626/625/625 627/626/626
f 660/659/659 659/658/658 627/626/626 628/627/627
f 661/660/660 660/659/659 628/627/627 629/628/628
f 662/661/661 661/660/660 629/628/628 630/629/629
f 663/662/662 662/661/661 630/629/629 631/630/630
f 664/663/663 663/662/662 631/630/630 632/631/631
f 665/664/664 664/663/663 632/631/631 633/632/632
f 666/665/665 665/664/664 633/632/632 634/633/633
f 667/666/666 666/665/665 634/633/633 635/634/634
f 668/667/667 667/666/666 635/634/634 636/635/635
f 669/668/668 668/667/667 636/635/635 637/636/636
f 670/669/669 669/668/668 637/636/636 638/637/637
f 671/670/670 670/669/669 638/637/637 639/638/638
f 672/671/671 671/670/670 639/638/638 640/639/639
f 673/672/672 672/671/671 640/639/639 641/640/640
f 675/674/673 674/673/674 642/641/642 643/642/641
f 676/675/675 675/674/673 643/642/641 644/643/643
f 677/676/676 676/675/675 644/643/643 645/644/644
f 678/677/677 677/676/676 645/644/644 646/645/645
f 679/678/678 678/677/677 646/645/645 647/646/646
f 680/679/679 679/678/678 647/646/646 648/647/647
f 681/680/680 680/679/679 648/647/647 649/648/648
f 682/681/681 681/680/680 649/648/648 650/649/649
f 683/682/682 682/681/681 650/649/649 651/650/650
f 684/683/683 683/682/682 651/650/650 652/651/651
f 685/684/684 684/683/683 652/651/651 653/652/652
f 686/685/685 685/684/684 653/652/652 654/653/653
f 687/686/686 686/685/685 654/653/653 655/654/654
f 688/687/687 687/686/686 655/654/654 656/655/655
f 689/688/688 688/687/687 656/655/655 657/656/656
f 690/689/689 689/688/688 657/656/656 658/657/657
f 691/690/690 690/689/689 658/657/657 659/658/658
f 692/691/691 691/690/690 659/658/658 660/659/659
f 693/692/692 692/691/691 660/659/659 661/660/660
f 694/693/693 693/692/692 661/660/660 662/661/661
f 695/694/694 694/693/693 662/661/661 663/662/662
f 696/695/695 695/694/694 663/662/662 664/663/663
f 697/696/696 696/695/695 664/663/663 665/664/664
f 698/697/697 697/696/696 665/664/664 666/665/665
f 699/698/698 698/697/697 666/665/665 667/666/666
f 700/699/699 699/698/698 667/666/666 668/667/667
f 701/700/700 700/699/699 668/667/667 669/668/668
f 702/701/701 701/700/700 669/668/668 670/669/669
f 703/702/702 702/701/701 670/669/669 671/670/670
f 704/703/703 703/702/702 671/670/670 672/671/671
f 705/704/704 704/703/703 672/671/671 673/672/672
f 707/706/705 706/705/706 674/673/674 675/674/673
f 708/707/707 707/706/705 675/674/673 676/675/675
f 709/708/708 708/707/707 676/675/675 677/676/676
f 710/709/709 709/708/708 677/676/676 678/677/677
f 711/710/710 710/709/709 678/677/677 679/678/678
f 712/711/711 711/710/710 679/678/678 680/679/679
f 713/712/712 712/711/711 680/679/679 681/680/680
f 714/713/713 713/712/712 681/680/680 682/681/681
f 715/714/714 714/713/713 682/681/681 683/682/682
f 716/715/715 715/714/714 683/682/682 684/683/683
f 717/716/716 716/715/715 684/683/683 685/684/684
f 718/717/717 717/716/716 685/684/684 686/685/685
f 719/718/718 718/717/717 686/685/685 687/686/686
f 720/719/719 719/718/718 687/686/686 688/687/687
f 721/720/720 720/719/719 688/687/687 689/688/688
f 722/721/721 721/720/720 689/688/688 690/689/689
f 723/722/722 722/721/721 690/689/689 691/690/690
f 724/723/723 723/722/722 691/690/690 692/691/691
f 725/724/724 724/723/723 692/691/691 693/692/692
f 726/725/725 725/724/724 693/692/692 694/693/693
f 727/726/726 726/725/725 694/693/693 695/694/694
f 728/727/727 727/726/726 695/694/694 696/695/695
f 729/728/728 728/727/727 696/695/695 697/696/696
f 730/729/729 729/728/728 697/696/696 698/697/697
f 731/730/730 730/729/729 698/697/697 699/698/698
f 732/731/731 731/730/730 699/698/698 700/699/699
f 733/732/732 732/731/731 700/699/699 701/700/700
f 734/733/733 733/732/732 701/700/700 702/701/701
f 735/734/734 734/733/733 702/701/701 703/702/702
f 736/735/735 735/734/734 703/702/702 704/703/703
f 737/736/736 736/735/735 704/703/703 705/704/704
f 739/738/737 738/737/738 706/705/706 707/706/705
f 740/739/739 739/738/737 707/706/705 708/707/707
f 741/740/740 740/739/739 708/707/707 709/708/708
f 742/741/741 741/740/740 709/708/708 710/709/709
f 743/742/742 742/741/741 710/709/709 711/710/710
f 744/743/743 743/742/742 711/710/710 712/711/711
f 745/744/744 744/743/743 712/711/711 713/712/712
f 746/745/745 745/744/744 713/712/712 714/713/713
f 747/746/746 746/745/745 714/713/713 715/714/714
f 748/747/747 747/746/746 715/714/714 716/715/715
f 749/748/748 748/747/747 716/715/715 717/716/716
f 750/749/749 749/748/748 717/716/716 718/717/717
f 751/750/750 750/749/749 718/717/717 719/718/718
f 752/751/751 751/750/750 719/718/718 720/719/719
f 753/752/752 752/751/751 720/719/719 721/720/720
f 754/753/753 753/752/752 721/720/720 722/721/721
f 755/754/754 754/753/753 722/721/721 723/722/722
f 756/755/755 755/754/754 723/722/722 724/723/723
f 757/756/756 756/755/755 724/723/723 725/724/724
f 758/757/757 757/756/756 725/724/724 726/725/725
f 759/758/758 758/757/757 726/725/725 727/726/726
f 760/759/759 759/758/758 727/726/726 728/727/727
f 761/760/760 760/759/759 728/727/727 729/728/728
f 762/761/761 761/760/760 729/728/728 730/729/729
f 763/762/762 762/761/761 730/729/729 731/730/730
f 764/763/763 763/762/762 731/730/730 732/731/731
f 765/764/764 764/763/763 732/731/731 733/732/732
f 766/765/765 765/764/764 733/732/732 734/733/733
f 767/766/766 766/765/765 734/733/733 735/734/734
f 768/767/767 767/766/766 735/734/734 736/735/735
f 769/768/768 768/767/767 736/735/735 737/736/736
f 771/770/769 770/769/770 738/737/738 739/738/737
f 772/771/771 771/770/769 739/738/737 740/739/739
f 773/772/772 772/771/771 740/739/739 741/740/740
f 774/773/773 773/772/772 741/740/740 742/741/741
f 775/774/774 774/773/773 742/741/741 743/742/742
f 776/775/775 775/774/774 743/742/742 744/743/743
f 777/776/776 776/775/775 744/743/743 745/744/744
f 778/777/777 777/776/776 745/744/744 746/745/745
f 779/778/778 778/777/777 746/745/745 747/746/746
f 780/779/779 779/778/778 747/746/746 748/747/747
f 781/780/780 780/779/779 748/747/747 749/748/748
f 782/781/781 781/780/780 749/748/748 750/749/749
f 783/782/782 782/781/781 750/749/749 751/750/750
f 784/783/783 783/782/782 751/750/750 752/751/751
f 785/784/784 784/783/783 752/751/751 753/752/752
f 786/785/785 785/784/784 753/752/752 754/753/753
f 787/786/786 786/785/785 754/753/753 755/754/754
f 788/787/787 787/786/786 755/754/754 756/755/755
f 789/788/788 788/787/787 756/755/755 757/756/756
f 790/789/789 789/788/788 757/756/756 758/757/757
f 791/790/790 790/789/789 758/757/757 759/758/758
f 792/791/791 791/790/790 759/758/758 760/759/759
f 793/792/792 792/791/791 760/759/759 761/760/760
f 794/793/793 793/792/792 761/760/760 762/761/761
f 795/794/794 794/793/793 762/761/761 763/762/762
f 796/795/795 795/794/794 763/762/762 764/763/763
f 797/796/796 796/795/795 764/763/763 765/764/764
f 798/797/797 797/796/796 765/764/764 766/765/765
f 799/798/798 798/797/797 766/765/765 767/766/766
f 800/799/799 799/798/798 767/766/766 768/767/767
f 801/800/800 800/799/799 768/767/767 769/768/768
f 803/802/801 802/801/802 770/769/770 771/770/769
f 804/803/803 803/802/801 771/770/769 772/771/771
f 805/804/804 804/803/803 772/771/771 773/772/772
f 806/805/805 805/804/804 773/772/772 774/773/773
f 807/806/806 806/805/805 774/773/773 775/774/774
f 808/807/807 807/806/806 775/774/774 776/775/775
f 809/808/808 808/807/807 776/775/775 777/776/776
f 810/809/809 809/808/808 777/776/776 778/777/777
f 811/810/810 810/809/809 778/777/777 779/778/778
f 812/811/811 811/810/810 779/778/778 780/779/779
f 813/812/812 812/811/811 780/779/779 781/780/780
f 814/813/813 813/812/812 781/780/780 782/781/781
f 815/814/814 814/813/813 782/781/781 783/782/782
f 816/815/815 815/814/814 783/782/782 784/783/783
f 817/816/816 816/815/815 784/783/783 785/784/784
f 818/817/817 817/816/816 785/784/784 786/785/785
f 819/818/818 818/817/817 786/785/785 787/786/786
f 820/819/819 819/818/818 787/786/786 788/787/787
f 821/820/820 820/819/819 788/787/787 789/788/788
f 822/821/821 821/820/820 789/788/788 790/789/789
f 823/822/822 822/821/821 790/789/789 791/790/790
f 824/823/823 823/822/822 791/790/790 792/791/791
f 825/824/824 824/823/823 792/791/791 793/792/792
f 826/825/825 825/824/824 793/792/792 794/793/793
f 827/826/826 826/825/825 794/793/793 795/794/794
f 828/827/827 827/826/826 795/794/794 796/795/795
f 829/828/828 828/827/827 796/795/795 797/796/796
f 830/829/829 829/828/828 797/796/796 798/797/797
f 831/830/830 830/829/829 798/797/797 799/798/798
f 832/831/831 831/830/830 799/798/798 800/799/799
f 833/832/832 832/831/831 800/799/799 801/800/800
f 835/834/833 834/833/834 802/801/802 803/802/801
f 836/835/835 835/834/833 803/802/801 804/803/803
f 837/836/836 836/835/835 804/803/803 805/804/804
f 838/837/837 837/836/836 805/804/804 806/805/805
f 839/838/838 838/837/837 806/805/805 807/806/806
f 840/839/839 839/838/838 807/806/806 808/807/807
f 841/840/840 840/839/839 808/807/807 809/808/808
f 842/841/841 841/840/840 809/808/808 810/809/809
f 843/842/842 842/841/841 810/809/809 811/810/810
f 844/843/843 843/842/842 811/810/810 812/811/811
f 845/844/844 844/843/843 812/811/811 813/812/812
f 846/845/845 845/844/844 813/812/812 814/813/813
f 847/846/846 846/845/845 814/813/813 815/814/814
f 848/847/847 847/846/846 815/814/814 816/815/815
f 849/848/848 848/847/847 816/815/815 817/816/816
f 850/849/849 849/848/848 817/816/816 818/817/817
f 851/850/850 850/849/849 818/817/817 819/818/818
f 852/851/851 851/850/850 819/818/818 820/819/819
f 853/852/852 852/851/851 820/819/819 821/820/820
f 854/853/853 853/852/852 821/820/820 822/821/821
f 855/854/854 854/853/853 822/821/821 823/822/822
f 856/855/855 855/854/854 823/822/822 824/823/823
f 857/856/856 856/855/855 824/823/823 825/824/824
f 858/857/857 857/856/856 825/824/824 826/825/825
f 859/858/858 858/857/857 826/825/825 827/826/826
f 860/859/859 859/858/858 827/826/826 828/827/827
f 861/860/860 860/859/859 828/827/827 829/828/828
f 862/861/861 861/860/860 829/828/828 830/829/829
f 863/862/862 862/861/861 830/829/829 831/830/830
f 864/863/863 863/862/862 831/830/830 832/831/831
f 865/864/864 864/863/863 832/831/831 833/832/832
f 867/866/865 866/865/866 834/833/834 835/834/833
f 868/867/867 867/866/865 835/834/833 836/835/835
f 869/868/868 868/867/867 836/835/835 837/836/836
f 870/869/869 869/868/868 837/836/836 838/837/837
f 871/870/870 870/869/869 838/837/837 839/838/838
f 872/871/871 871/870/870 839/838/838 840/839/839
f 873/872/872 872/871/871 840/839/839 841/840/840
f 874/873/873 873/872/872 841/840/840 842/841/841
f 875/874/874 874/873/873 842/841/841 843/842/842
f 876/875/875 875/874/874 843/842/842 844/843/843
f 877/876/876 876/875/875 844/843/843 845/844/844
f 878/877/877 877/876/876 845/844/844 846/845/845
f 879/878/878 878/877/877 846/845/845 847/846/846
f 880/879/879 879/878/878 847/846/846 848/847/847
f 881/880/880 880/879/879 848/847/847 849/848/848
f 882/881/881 881/880/880 849/848/848 850/849/849
f 883/882/882 882/881/881 850/849/849 851/850/850
f 884/883/883 883/882/882 851/850/850 852/851/851
f 885/884/884 884/883/883 852/851/851 853/852/852
f 886/885/885 885/884/884 853/852/852 854/853/853
f 887/886/886 886/885/885 854/853/853 855/854/854
f 888/887/887 887/886/886 855/854/854 856/855/855
f 889/888/888 888/887/887 856/855/855 857/856/856
f 890/889/889 889/888/888 857/856/856 858/857/857
f 891/890/890 890/889/889 858/857/857 859/858/858
f 892/891/891 891/890/890 859/858/858 860/859/859
f 893/892/892 892/891/891 860/859/859 861/860/860
f 894/893/893 893/892/892 861/860/860 862/861/861
f 895/894/894 894/893/893 862/861/861 863/862/862
f 896/895/895 895/894/894 863/862/862 864/863/863
f 897/896/896 896/895/895 864/863/863 865/864/864
f 899/898/897 898/897/898 866/865/866 867/866/865
f 900/899/899 899/898/897 867/866/865 868/867/867
f 901/900/900 900/899/899 868/867/867 869/868/868
f 902/901/901 901/900/900 869/868/868 870/869/869
f 903/902/902 902/901/901 870/869/869 871/870/870
f 904/903/903 903/902/902 871/870/870 872/871/871
f 905/904/904 904/903/903 872/871/871 873/872/872
f 906/905/905 905/904/904 873/872/872 874/873/873
f 907/906/906 906/905/905 874/873/873 875/874/874
f 908/907/907 907/906/906 875/874/874 876/875/875
f 909/908/908 908/907/907 876/875/875 877/876/876
f 910/909/909 909/908/908 877/876/876 878/877/877
f 911/910/910 910/909/909 878/877/877 879/878/878
f 912/911/911 911/910/910 879/878/878 880/879/879
f 913/912/912 912/911/911 880/879/879 881/880/880
f 914/913/913 913/912/912 881/880/880 882/881/881
f 915/914/914 914/913/913 882/881/881 883/882/882
f 916/915/915 915/914/914 883/882/882 884/883/883
f 917/916/916 916/915/915 884/883/883 885/884/884
f 918/917/917 917/916/916 885/884/884 886/885/885
f 919/918/918 918/917/917 886/885/885 887/886/886
f 920/919/919 919/918/918 887/886/886 888/887/887
f 921/920/920 920/919/919 888/887/887 889/888/888
f 922/921/921 921/920/920 889/888/888 890/889/889
f 923/922/922 922/921/921 890/889/889 891/890/890
f 924/923/923 923/922/922 891/890/890 892/891/891
f 925/924/924 924/923/923 892/891/891 893/892/892
f 926/925/925 925/924/924 893/892/892 894/893/893
f 927/926/926 926/925/925 894/893/893 895/894/894
f 928/927/927 927/926/926 895/894/894 896/895/895
f 929/928/928 928/927/927 896/895/895 897/896/896
f 931/930/929 930/929/930 898/897/898 899/898/897
f 932/931/931 931/930/929 899/898/897 900/899/899
f 933/932/932 932/931/931 900/899/899 901/900/900
f 934/933/933 933/932/932 901/900/900 902/901/901
f 935/934/934 934/933/933 902/901/901 903/902/902
f 936/935/935 935/934/934 903/902/902 904/903/903
f 937/936/936 936/935/935 904/903/903 905/904/904
f 938/937/937 937/936/936 905/904/904 906/905/905
f 939/938/938 938/937/937 906/905/905 907/906/906
f 940/939/939 939/938/938 907/906/906 908/907/907
f 941/940/940 940/939/939 908/907/907 909/908/908
f 942/941/941 941/940/940 909/908/908 910/909/909
f 943/942/942 942/941/941 910/909/909 911/910/910
f 944/943/943 943/942/942 911/910/910 912/911/911
f 945/944/944 944/943/943 912/911/911 913/912/912
f 946/945/945 945/944/944 913/912/912 914/913/913
f 947/946/946 946/945/945 914/913/913 915/914/914
f 948/947/947 947/946/946 915/914/914 916/915/915
f 949/948/948 948/947/947 916/915/915 917/916/916
f 950/949/949 949/948/948 917/916/916 918/917/917
f 951/950/950 950/949/949 918/917/917 919/918/918
f 952/951/951 951/950/950 919/918/918 920/919/919
f 953/952/952 952/951/951 920/919/919 921/920/920
f 954/953/953 953/952/952 921/920/920 922/921/921
f 955/954/954 954/953/953 922/921/921 923/922/922
f 956/955/955 955/954/954 923/922/922 924/923/923
f 957/956/956 956/955/955 924/923/923 925/924/924
f 958/957/957 957/956/956 925/924/924 926/925/925
f 959/958/958 958/957/957 926/925/925 927/926/926
f 960/959/959 959/958/958 927/926/926 928/927/927
f 961/960/960 960/959/959 928/927/927 929/928/928
f 963/962/961 962/961/962 930/929/930 931/930/929
f 964/963/963 963/962/961 931/930/929 932/931/931
f 965/964/964 964/963/963 932/931/931 933/932/932
f 966/965/965 965/964/964 933/932/932 934/933/933
f 967/966/966 966/965/965 934/933/933 935/934/934
f 968/967/967 967/966/966 935/934/934 936/935/935
f 969/968/968 968/967/967 936/935/935 937/936/936
f 970/969/969 969/968/968 937/936/936 938/937/937
f 971/970/970 970/969/969 938/937/937 939/938/938
f 972/971/971 971/970/970 939/938/938 940/939/939
f 973/972/972 972/971/971 940/939/939 941/940/940
f 974/973/973 973/972/972 941/940/940 942/941/941
f 975/974/974 974/973/973 942/941/941 943/942/942
f 976/975/975 975/974/974 943/942/942 944/943/943
f 977/976/976 976/975/975 944/943/943 945/944/944
f 978/977/977 977/976/976 945/944/944 946/945/945
f 979/978/978 978/977/977 946/945/945 947/946/946
f 980/979/979 979/978/978 947/946/946 948/947/947
f 981/980/980 980/979/979 948/947/947 949/948/948
f 982/981/981 981/980/980 949/948/948 950/949/949
f 983/982/982 982/981/981 950/949/949 951/950/950
f 984/983/983 983/982/982 951/950/950 952/951/951
f 985/984/984 984/983/983 952/951/951 953/952/952
f 986/985/985 985/984/984 953/952/952 954/953/953
f 987/986/986 986/985/985 954/953/953 955/954/954
f 988/987/987 987/986/986 955/954/954 956/955/955
f 989/988/988 988/987/987 956/955/955 957/956/956
f 990/989/989 989/988/988 957/956/956 958/957/957
f 991/990/990 990/989/989 958/957/957 959/958/958
f 992/991/991 991/990/990 959/958/958 960/959/959
f 993/992/992 992/991/991 960/959/959 961/960/960
f 995/994/993 994/993/994 962/961/962 963/962/961
f 996/995/995 995/994/993 963/962/961 964/963/963
f 997/996/996 996/995/995 964/963/963 965/964/964
f 998/997/997 997/996/996 965/964/964 966/965/965
f 999/998/998 998/997/997 966/965/965 967/966/966
f 1000/999/999 999/998/998 967/966/966 968/967/967
f 1001/1000/1000 1000/999/999 968/967/967 969/968/968
f 1002/1001/1001 1001/1000/1000 969/968/968 970/969/969
f 1003/1002/1002 1002/1001/1001 970/969/969 971/970/970
f 1004/1003/1003 1003/1002/1002 971/970/970 972/971/971
f 1005/1004/1004 1004/1003/1003 972/971/971 973/972/972
f 1006/1005/1005 1005/1004/1004 973/972/972 974/973/973
f 1007/1006/1006 1006/1005/1005 974/973/973 975/974/974
f 1008/1007/1007 1007/1006/1006 975/974/974 976/975/975
f 1009/1008/1008 1008/1007/1007 976/975/975 977/976/976
f 1010/1009/1009 1009/1008/1008 977/976/976 978/977/977
f 1011/1010/1010 1010/1009/1009 978/977/977 979/978/978
f 1012/1011/1011 1011/1010/1010 979/978/978 980/979/979
f 1013/1012/1012 1012/1011/1011 980/979/979 981/980/980
f 1014/1013/1013 1013/1012/1012 981/980/980 982/981/981
f 1015/1014/1014 1014/1013/1013 982/981/981 983/982/982
f 1016/1015/1015 1015/1014/1014 983/982/982 984/983/983
f 1017/1016/1016 1016/1015/1015 984/983/983 985/984/984
f 1018/1017/1017 1017/1016/1016 985/984/984 986/985/985
f 1019/1018/1018 1018/1017/1017 986/985/985 987/986/986
f 1020/1019/1019 1019/1018/1018 987/986/986 988/987/987
f 1021/1020/1020 1020/1019/1019 988/987/987 989/988/988
f 1022/1021/1021 1021/1020/1020 989/988/988 990/989/989
f 1023/1022/1022 1022/1021/1021 990/989/989 991/990/990
f 1024/1023/1023 1023/1022/1022 991/990/990 992/991/991
f 1025/1024/1024 1024/1023/1023 992/991/991 993/992/992
f 1027/1026/1025 1026/1025/1026 994/993/994 995/994/993
f 1028/1027/1027 1027/1026/1025 995/994/993 996/995/995
f 1029/1028/1028 1028/1027/1027 996/995/995 997/996/996
f 1030/1029/1029 1029/1028/1028 997/996/996 998/997/997
f 1031/1030/1030 1030/1029/1029 998/997/997 999/998/998
f 1032/1031/1031 1031/1030/1030 999/998/998 1000/999/999
f 1033/1032/1032 1032/1031/1031 1000/999/999 1001/1000/1000
f 1034/1033/1033 1033/1032/1032 1001/1000/1000 1002/1001/1001
f 1035/1034/1034 1034/1033/1033 1002/1001/1001 1003/1002/1002
f 1036/1035/1035 1035/1034/1034 1003/1002/1002 1004/1003/1003
f 1037/1036/1036 1036/1035/1035 1004/1003/1003 1005/1004/1004
f 1038/1037/1037 1037/1036/1036 1005/1004/1004 1006/1005/1005
f 1039/1038/1038 1038/1037/1037 1006/1005/1005 1007/1006/1006
f 1040/1039/1039 1039/1038/1038 1007/1006/1006 1008/1007/1007
f 1041/1040/1040 1040/1039/1039 1008/1007/1007 1009/1008/1008
f 1042/1041/1041 1041/1040/1040 1009/1008/1008 1010/1009/1009
f 1043/1042/1042 1042/1041/1041 1010/1009/1009 1011/1010/1010
f 1044/1043/1043 1043/1042/1042 1011/1010/1010 1012/1011/1011
f 1045/1044/1044 1044/1043/1043 1012/1011/1011 1013/1012/1012
f 1046/1045/1045 1045/1044/1044 1013/1012/1012 1014/1013/1013
f 1047/1046/1046 1046/1045/1045 1014/1013/1013 1015/1014/1014
f 1048/1047/1047 1047/1046/1046 1015/1014/1014 1016/1015/1015
f 1049/1048/1048 1048/1047/1047 1016/1015/1015 1017/1016/1016
f 1050/1049/1049 1049/1048/1048 1017/1016/1016 1018/1017/1017
f 1051/1050/1050 1050/1049/1049 1018/1017/1017 1019/1018/1018
f 1052/1051/1051 1051/1050/1050 1019/1018/1018 1020/1019/1019
f 1053/1052/1052 1052/1051/1051 1020/1019/1019 1021/1020/1020
f 1054/1053/1053 1053/1052/1052 1021/1020/1020 1022/1021/1021
f 1055/1054/1054 1054/1053/1053 1022/1021/1021 1023/1022/1022
f 1056/1055/1055 1055/1054/1054 1023/1022/1022 1024/1023/1023
f 1057/1056/1056 1056/1055/1055 1024/1023/1023 1025/1024/1024
f 1059/1058/1057 1058/1057/1058 1026/1025/1026 1027/1026/1025
f 1060/1059/1059 1059/1058/1057 1027/1026/1025 1028/1027/1027
f 1061/1060/1060 1060/1059/1059 1028/1027/1027 1029/1028/1028
f 1062/1061/1061 1061/1060/1060 1029/1028/1028 1030/1029/1029
f 1063/1062/1062 1062/1061/1061 1030/1029/1029 1031/1030/1030
f 1064/1063/1063 1063/1062/1062 1031/1030/1030 1032/1031/1031
f 1065/1064/1064 1064/1063/1063 1032/1031/1031 1033/1032/1032
f 1066/1065/1065 1065/1064/1064 1033/1032/1032 1034/1033/1033
f 1067/1066/1066 1066/1065/1065 1034/1033/1033 1035/1034/1034
f 1068/1067/1067 1067/1066/1066 1035/1034/1034 1036/1035/1035
f 1069/1068/1068 1068/1067/1067 1036/1035/1035 1037/1036/1036
f 1070/1069/1069 1069/1068/1068 1037/1036/1036 1038/1037/1037
f 1071/1070/1070 1070/1069/1069 1038/1037/1037 1039/1038/1038
f 1072/1071/1071 1071/1070/1070 1039/1038/1038 1040/1039/1039
f 1073/1072/1072 1072/1071/1071 1040/1039/1039 1041/1040/1040
f 1074/1073/1073 1073/1072/1072 1041/1040/1040 1042/1041/1041
f 1075/1074/1074 1074/1073/1073 1042/1041/1041 1043/1042/1042
f 1076/1075/1075 1075/1074/1074 1043/1042/1042 1044/1043/1043
f 1077/1076/1076 1076/1075/1075 1044/1043/1043 1045/1044/1044
f 1078/1077/1077 1077/1076/1076 1045/1044/1044 1046/1045/1045
f 1079/1078/1078 1078/1077/1077 1046/1045/1045 1047/1046/1046
f 1080/1079/1079 1079/1078/1078 1047/1046/1046 1048/1047/1047
f 1081/1080/1080 1080/1079/1079 1048/1047/1047 1049/1048/1048
f 1082/1081/1081 1081/1080/1080 1049/1048/1048 1050/1049/1049
f 1083/1082/1082 1082/1081/1081 1050/1049/1049 1051/1050/1050
f 1084/1083/1083 1083/1082/1082 1051/1050/1050 1052/1051/1051
f 1085/1084/1084 1084/1083/1083 1052/1051/1051 1053/1052/1052
f 1086/1085/1085 1085/1084/1084 1053/1052/1052 1054/1053/1053
f 1087/1086/1086 1086/1085/1085 1054/1053/1053 1055/1054/1054
f 1088/1087/1087 1087/1086/1086 1055/1054/1054 1056/1055/1055
f 1089/1088/1088 1088/1087/1087 1056/1055/1055 1057/1056/1056
f 1091/1090/1089 1090/1089/1090 1058/1057/1058 1059/1058/1057
f 1092/1091/1091 1091/1090/1089 1059/1058/1057 1060/1059/1059
f 1093/1092/1092 1092/1091/1091 1060/1059/1059 1061/1060/1060
f 1094/1093/1093 1093/1092/1092 1061/1060/1060 1062/1061/1061
f 1095/1094/1094 1094/1093/1093 1062/1061/1061 1063/1062/1062
f 1096/1095/1095 1095/1094/1094 1063/1062/1062 1064/1063/1063
f 1097/1096/1096 1096/1095/1095 1064/1063/1063 1065/1064/1064
f 1098/1097/1097 1097/1096/1096 1065/1064/1064 1066/1065/1065
f 1099/1098/1098 1098/1097/1097 1066/1065/1065 1067/1066/1066
f 1100/1099/1099 1099/1098/1098 1067/1066/1066 1068/1067/1067
f 1101/1100/1100 1100/1099/1099 1068/1067/1067 1069/1068/1068
f 1102/1101/1101 1101/1100/1100 1069/1068/1068 1070/1069/1069
f 1103/1102/1102 1102/1101/1101 1070/1069/1069 1071/1070/1070
f 1104/1103/1103 1103/1102/1102 1071/1070/1070 1072/1071/1071
f 1105/1104/1104 1104/1103/1103 1072/1071/1071 1073/1072/1072
f 1106/1105/1105 1105/1104/1104 1073/1072/1072 1074/1073/1073
f 1107/1106/1106 1106/1105/1105 1074/1073/1073 1075/1074/1074
f 1108/1107/1107 1107/1106/1106 1075/1074/1074 1076/1075/1075
f 1109/1108/1108 1108/1107/1107 1076/1075/1075 1077/1076/1076
f 1110/1109/1109 1109/1108/1108 1077/1076/1076 1078/1077/1077
f 1111/1110/1110 1110/1109/1109 1078/1077/1077 1079/1078/1078
f 1112/1111/1111 1111/1110/1110 1079/1078/1078 1080/1079/1079
f 1113/1112/1112 1112/1111/1111 1080/1079/1079 1081/1080/1080
f 1114/1113/1113 1113/1112/1112 1081/1080/1080 1082/1081/1081
f 1115/1114/1114 1114/1113/1113 1082/1081/1081 1083/1082/1082
f 1116/1115/1115 1115/1114/1114 1083/1082/1082 1084/1083/1083
f 1117/1116/1116 1116/1115/1115 1084/1083/1083 1085/1084/1084
f 1118/1117/1117 1117/1116/1116 1085/1084/1084 1086/1085/1085
f 1119/1118/1118 1118/1117/1117 1086/1085/1085 1087/1086/1086
f 1120/1119/1119 1119/1118/1118 1087/1086/1086 1088/1087/1087
f 1121/1120/1120 1120/1119/1119 1088/1087/1087 1089/1088/1088
f 1123/1122/1121 1122/1121/1122 1090/1089/1090 1091/1090/1089
f 1124/1123/1123 1123/1122/1121 1091/1090/1089 1092/1091/1091
f 1125/1124/1124 1124/1123/1123 1092/1091/1091 1093/1092/1092
f 1126/1125/1125 1125/1124/1124 1093/1092/1092 1094/1093/1093
f 1127/1126/1126 1126/1125/1125 1094/1093/1093 1095/1094/1094
f 1128/1127/1127 1127/1126/1126 1095/1094/1094 1096/1095/1095
f 1129/1128/1128 1128/1127/1127 1096/1095/1095 1097/1096/1096
f 1130/1129/1129 1129/1128/1128 1097/1096/1096 1098/1097/1097
f 1131/1130/1130 1130/1129/1129 1098/1097/1097 1099/1098/1098
f 1132/1131/1131 1131/1130/1130 1099/1098/1098 1100/1099/1099
f 1133/1132/1132 1132/1131/1131 1100/1099/1099 1101/1100/1100
f 1134/1133/1133 1133/1132/1132 1101/1100/1100 1102/1101/1101
f 1135/1134/1134 1134/1133/1133 1102/1101/1101 1103/1102/1102
f 1136/1135/1135 1135/1134/1134 1103/1102/1102 1104/1103/1103
f 1137/1136/1136 1136/1135/1135 1104/1103/1103 1105/1104/1104
f 1138/1137/1137 1137/1136/1136 1105/1104/1104 1106/1105/1105
f 1139/1138/1138 1138/1137/1137 1106/1105/1105 1107/1106/1106
f 1140/1139/1139 1139/1138/1138 1107/1106/1106 1108/1107/1107
f 1141/1140/1140 1140/1139/1139 1108/1107/1107 1109/1108/1108
f 1142/1141/1141 1141/1140/1140 1109/1108/1108 1110/1109/1109
f 1143/1142/1142 1142/1141/1141 1110/1109/1109 1111/1110/1110
f 1144/1143/1143 1143/1142/1142 1111/1110/1110 1112/1111/1111
f 1145/1144/1144 1144/1143/1143 1112/1111/1111 1113/1112/1112
f 1146/1145/1145 1145/1144/1144 1113/1112/1112 1114/1113/1113
f 1147/1146/1146 1146/1145/1145 1114/1113/1113 1115/1114/1114
f 1148/1147/1147 1147/1146/1146 1115/1114/1114 1116/1115/1115
f 1149/1148/1148 1148/1147/1147 1116/1115/1115 1117/1116/1116
f 1150/1149/1149 1149/1148/1148 1117/1116/1116 1118/1117/1117
f 1151/1150/1150 1150/1149/1149 1118/1117/1117 1119/1118/1118
f 1152/1151/1151 1151/1150/1150 1119/1118/1118 1120/1119/1119
f 1153/1152/1152 1152/1151/1151 1120/1119/1119 1121/1120/1120
f 1155/1154/1153 1154/1153/1154 1122/1121/1122 1123/1122/1121
f 1156/1155/1155 1155/1154/1153 1123/1122/1121 1124/1123/1123
f 1157/1156/1156 1156/1155/1155 1124/1123/1123 1125/1124/1124
f 1158/1157/1157 1157/1156/1156 1125/1124/1124 1126/1125/1125
f 1159/1158/1158 1158/1157/1157 1126/1125/1125 1127/1126/1126
f 1160/1159/1159 1159/1158/1158 1127/1126/1126 1128/1127/1127
f 1161/1160/1160 1160/1159/1159 1128/1127/1127 1129/1128/1128
f 1162/1161/1161 1161/1160/1160 1129/1128/1128 1130/1129/1129
f 1163/1162/1162 1162/1161/1161 1130/1129/1129 1131/1130/1130
f 1164/1163/1163 1163/1162/1162 1131/1130/1130 1132/1131/1131
f 1165/1164/1164 1164/1163/1163 1132/1131/1131 1133/1132/1132
f 1166/1165/1165 1165/1164/1164 1133/1132/1132 1134/1133/1133
f 1167/1166/1166 1166/1165/1165 1134/1133/1133 1135/1134/1134
f 1168/1167/1167 1167/1166/1166 1135/1134/1134 1136/1135/1135
f 1169/1168/1168 1168/1167/1167 1136/1135/1135 1137/1136/1136
f 1170/1169/1169 1169/1168/1168 1137/1136/1136 1138/1137/1137
f 1171/1170/1170 1170/1169/1169 1138/1137/1137 1139/1138/1138
f 1172/1171/1171 1171/1170/1170 1139/1138/1138 1140/1139/1139
f 1173/1172/1172 1172/1171/1171 1140/1139/1139 1141/1140/1140
f 1174/1173/1173 1173/1172/1172 1141/1140/1140 1142/1141/1141
f 1175/1174/1174 1174/1173/1173 1142/1141/1141 1143/1142/1142
f 1176/1175/1175 1175/1174/1174 1143/1142/1142 1144/1143/1143
f 1177/1176/1176 1176/1175/1175 1144/1143/1143 1145/1144/1144
f 1178/1177/1177 1177/1176/1176 1145/1144/1144 1146/1145/1145
f 1179/1178/1178 1178/1177/1177 1146/1145/1145 1147/1146/1146
f 1180/1179/1179 1179/1178/1178 1147/1146/1146 1148/1147/1147
f 1181/1180/1180 1180/1179/1179 1148/1147/1147 1149/1148/1148
f 1182/1181/1181 1181/1180/1180 1149/1148/1148 1150/1149/1149
f 1183/1182/1182 1182/1181/1181 1150/1149/1149 1151/1150/1150
f 1184/1183/1183 1183/1182/1182 1151/1150/1150 1152/1151/1151
f 1185/1184/1184 1184/1183/1183 1152/1151/1151 1153/1152/1152
f 1187/1186/1185 1186/1185/1186 1154/1153/1154 1155/1154/1153
f 1188/1187/1187 1187/1186/1185 1155/1154/1153 1156/1155/1155
f 1189/1188/1188 1188/1187/1187 1156/1155/1155 1157/1156/1156
f 1190/1189/1189 1189/1188/1188 1157/1156/1156 1158/1157/1157
f 1191/1190/1190 1190/1189/1189 1158/1157/1157 1159/1158/1158
f 1192/1191/1191 1191/1190/1190 1159/1158/1158 1160/1159/1159
f 1193/1192/1192 1192/1191/1191 1160/1159/1159 1161/1160/1160
f 1194/1193/1193 1193/1192/1192 1161/1160/1160 1162/1161/1161
f 1195/1194/1194 1194/1193/1193 1162/1161/1161 1163/1162/1162
f 1196/1195/1195 1195/1194/1194 1163/1162/1162 1164/1163/1163
f 1197/1196/1196 1196/1195/1195 1164/1163/1163 1165/1164/1164
f 1198/1197/1197 1197/1196/1196 1165/1164/1164 1166/1165/1165
f 1199/1198/1198 1198/1197/1197 1166/1165/1165 1167/1166/1166
f 1200/1199/1199 1199/1198/1198 1167/1166/1166 1168/1167/1167
f 1201/1200/1200 1200/1199/1199 1168/1167/1167 1169/1168/1168
f 1202/1201/1201 1201/1200/1200 1169/1168/1168 1170/1169/1169
f 1203/1202/1202 1202/1201/1201 1170/1169/1169 1171/1170/1170
f 1204/1203/1203 1203/1202/1202 1171/1170/1170 1172/1171/1171
f 1205/1204/1204 1204/1203/1203 1172/1171/1171 1173/1172/1172
f 1206/1205/1205 1205/1204/1204 1173/1172/1172 1174/1173/1173
f 1207/1206/1206 1206/1205/1205 1174/1173/1173 1175/1174/1174
f 1208/1207/1207 1207/1206/1206 1175/1174/1174 1176/1175/1175
f 1209/1208/1208 1208/1207/1207 1176/1175/1175 1177/1176/1176
f 1210/1209/1209 1209/1208/1208 1177/1176/1176 1178/1177/1177
f 1211/1210/1210 1210/1209/1209 1178/1177/1177 1179/1178/1178
f 1212/1211/1211 1211/1210/1210 1179/1178/1178 1180/1179/1179
f 1213/1212/1212 1212/1211/1211 1180/1179/1179 1181/1180/1180
f 1214/1213/1213 1213/1212/1212 1181/1180/1180 1182/1181/1181
f 1215/1214/1214 1214/1213/1213 1182/1181/1181 1183/1182/1182
f 1216/1215/1215 1215/1214/1214 1183/1182/1182 1184/1183/1183
f 1217/1216/1216 1216/1215/1215 1184/1183/1183 1185/1184/1184
f 1219/1218/1217 1218/1217/1218 1186/1185/1186 1187/1186/1185
f 1220/1219/1219 1219/1218/1217 1187/1186/1185 1188/1187/1187
f 1221/1220/1220 1220/1219/1219 1188/1187/1187 1189/1188/1188
f 1222/1221/1221 1221/1220/1220 1189/1188/1188 1190/1189/1189
f 1223/1222/1222 1222/1221/1221 1190/1189/1189 1191/1190/1190
f 1224/1223/1223 1223/1222/1222 1191/1190/1190 1192/1191/1191
f 1225/1224/1224 1224/1223/1223 1192/1191/1191 1193/1192/1192
f 1226/1225/1225 1225/1224/1224 1193/1192/1192 1194/1193/1193
f 1227/1226/1226 1226/1225/1225 1194/1193/1193 1195/1194/1194
f 1228/1227/1227 1227/1226/1226 1195/1194/1194 1196/1195/1195
f 1229/1228/1228 1228/1227/1227 1196/1195/1195 1197/1196/1196
f 1230/1229/1229 1229/1228/1228 1197/1196/1196 1198/1197/1197
f 1231/1230/1230 1230/1229/1229 1198/1197/1197 1199/1198/1198
f 1232/1231/1231 1231/1230/1230 1199/1198/1198 1200/1199/1199
f 1233/1232/1232 1232/1231/1231 1200/1199/1199 1201/1200/1200
f 1234/1233/1233 1233/1232/1232 1201/1200/1200 1202/1201/1201
f 1235/1234/1234 1234/1233/1233 1202/1201/1201 1203/1202/1202
f 1236/1235/1235 1235/1234/1234 1203/1202/1202 1204/1203/1203
f 1237/1236/1236 1236/1235/1235 1204/1203/1203 1205/1204/1204
f 1238/1237/1237 1237/1236/1236 1205/1204/1204 1206/1205/1205
f 1239/1238/1238 1238/1237/1237 1206/1205/1205 1207/1206/1206
f 1240/1239/1239 1239/1238/1238 1207/1206/1206 1208/1207/1207
f 1241/1240/1240 1240/1239/1239 1208/1207/1207 1209/1208/1208
f 1242/1241/1241 1241/1240/1240 1209/1208/1208 1210/1209/1209
f 1243/1242/1242 1242/1241/1241 1210/1209/1209 1211/1210/1210
f 1244/1243/1243 1243/1242/1242 1211/1210/1210 1212/1211/1211
f 1245/1244/1244 1244/1243/1243 1212/1211/1211 1213/1212/1212
f 1246/1245/1245 1245/1244/1244 1213/1212/1212 1214/1213/1213
f 1247/1246/1246 1246/1245/1245 1214/1213/1213 1215/1214/1214
f 1248/1247/1247 1247/1246/1246 1215/1214/1214 1216/1215/1215
f 1249/1248/1248 1248/1247/1247 1216/1215/1215 1217/1216/1216
f 1251/1250/1249 1250/1249/1250 1218/1217/1218 1219/1218/1217
f 1252/1251/1251 1251/1250/1249 1219/1218/1217 1220/1219/1219
f 1253/1252/1252 1252/1251/1251 1220/1219/1219 1221/1220/1220
f 1254/1253/1253 1253/1252/1252 1221/1220/1220 1222/1221/1221
f 1255/1254/1254 1254/1253/1253 1222/1221/1221 1223/1222/1222
f 1256/1255/1255 1255/1254/1254 1223/1222/1222 1224/1223/1223
f 1257/1256/1256 1256/1255/1255 1224/1223/1223 1225/1224/1224
f 1258/1257/1257 1257/1256/1256 1225/1224/1224 1226/1225/1225
f 1259/1258/1258 1258/1257/1257 1226/1225/1225 1227/1226/1226
f 1260/1259/1259 1259/1258/1258 1227/1226/1226 1228/1227/1227
f 1261/1260/1260 1260/1259/1259 1228/1227/1227 1229/1228/1228
f 1262/1261/1261 1261/1260/1260 1229/1228/1228 1230/1229/1229
f 1263/1262/1262 1262/1261/1261 1230/1229/1229 1231/1230/1230
f 1264/1263/1263 1263/1262/1262 1231/1230/1230 1232/1231/1231
f 1265/1264/1264 1264/1263/1263 1232/1231/1231 1233/1232/1232
f 1266/1265/1265 1265/1264/1264 1233/1232/1232 1234/1233/1233
f 1267/1266/1266 1266/1265/1265 1234/1233/1233 1235/1234/1234
f 1268/1267/1267 1267/1266/1266 1235/1234/1234 1236/1235/1235
f 1269/1268/1268 1268/1267/1267 1236/1235/1235 1237/1236/1236
f 1270/1269/1269 1269/1268/1268 1237/1236/1236 1238/1237/1237
f 1271/1270/1270 1270/1269/1269 1238/1237/1237 1239/1238/1238
f 1272/1271/1271 1271/1270/1270 1239/1238/1238 1240/1239/1239
f 1273/1272/1272 1272/1271/1271 1240/1239/1239 1241/1240/1240
f 1274/1273/1273 1273/1272/1272 1241/1240/1240 1242/1241/1241
f 1275/1274/1274 1274/1273/1273 1242/1241/1241 1243/1242/1242
f 1276/1275/1275 1275/1274/1274 1243/1242/1242 1244/1243/1243
f 1277/1276/1276 1276/1275/1275 1244/1243/1243 1245/1244/1244
f 1278/1277/1277 1277/1276/1276 1245/1244/1244 1246/1245/1245
f 1279/1278/1278 1278/1277/1277 1246/1245/1245 1247/1246/1246
f 1280/1279/1279 1279/1278/1278 1247/1246/1246 1248/1247/1247
f 1281/1280/1280 1280/1279/1279 1248/1247/1247 1249/1248/1248
f 1283/1282/1281 1282/1281/1282 1250/1249/1250 1251/1250/1249
f 1284/1283/1283 1283/1282/1281 1251/1250/1249 1252/1251/1251
f 1285/1284/1284 1284/1283/1283 1252/1251/1251 1253/1252/1252
f 1286/1285/1285 1285/1284/1284 1253/1252/1252 1254/1253/1253
f 1287/1286/1286 1286/1285/1285 1254/1253/1253 1255/1254/1254
f 1288/1287/1287 1287/1286/1286 1255/1254/1254 1256/1255/1255
f 1289/1288/1288 1288/1287/1287 1256/1255/1255 1257/1256/1256
f 1290/1289/1289 1289/1288/1288 1257/1256/1256 1258/1257/1257
f 1291/1290/1290 1290/1289/1289 1258/1257/1257 1259/1258/1258
f 1292/1291/1291 1291/1290/1290 1259/1258/1258 1260/1259/1259
f 1293/1292/1292 1292/1291/1291 1260/1259/1259 1261/1260/1260
f 1294/1293/1293 1293/1292/1292 1261/1260/1260 1262/1261/1261
f 1295/1294/1294 1294/1293/1293 1262/1261/1261 1263/1262/1262
f 1296/1295/1295 1295/1294/1294 1263/1262/1262 1264/1263/1263
f 1297/1296/1296 1296/1295/1295 1264/1263/1263 1265/1264/1264
f 1298/1297/1297 1297/1296/1296 1265/1264/1264 1266/1265/1265
f 1299/1298/1298 1298/1297/1297 1266/1265/1265 1267/1266/1266
f 1300/1299/1299 1299/1298/1298 1267/1266/1266 1268/1267/1267
f 1301/1300/1300 1300/1299/1299 1268/1267/1267 1269/1268/1268
f 1302/1301/1301 1301/1300/1300 1269/1268/1268 1270/1269/1269
f 1303/1302/1302 1302/1301/1301 1270/1269/1269 1271/1270/1270
f 1304/1303/1303 1303/1302/1302 1271/1270/1270 1272/1271/1271
f 1305/1304/1304 1304/1303/1303 1272/1271/1271 1273/1272/1272
f 1306/1305/1305 1305/1304/1304 1273/1272/1272 1274/1273/1273
f 1307/1306/1306 1306/1305/1305 1274/1273/1273 1275/1274/1274
f 1308/1307/1307 1307/1306/1306 1275/1274/1274 1276/1275/1275
f 1309/1308/1308 1308/1307/1307 1276/1275/1275 1277/1276/1276
f 1310/1309/1309 1309/1308/1308 1277/1276/1276 1278/1277/1277
f 1311/1310/1310 1310/1309/1309 1278/1277/1277 1279/1278/1278
f 1312/1311/1311 1311/1310/1310 1279/1278/1278 1280/1279/1279
f 1313/1312/1312 1312/1311/1311 1280/1279/1279 1281/1280/1280
f 1315/1314/1313 1314/1313/1314 1282/1281/1282 1283/1282/1281
f 1316/1315/1315 1315/1314/1313 1283/1282/1281 1284/1283/1283
f 1317/1316/1316 1316/1315/1315 1284/1283/1283 1285/1284/1284
f 1318/1317/1317 1317/1316/1316 1285/1284/1284 1286/1285/1285
f 1319/1318/1318 1318/1317/1317 1286/1285/1285 1287/1286/1286
f 1320/1319/1319 1319/1318/1318 1287/1286/1286 1288/1287/1287
f 1321/1320/1320 1320/1319/1319 1288/1287/1287 1289/1288/1288
f 1322/1321/1321 1321/1320/1320 1289/1288/1288 1290/1289/1289
f 1323/1322/1322 1322/1321/1321 1290/1289/1289 1291/1290/1290
f 1324/1323/1323 1323/1322/1322 1291/1290/1290 1292/1291/1291
f 1325/1324/1324 1324/1323/1323 1292/1291/1291 1293/1292/1292
f 1326/1325/1325 1325/1324/1324 1293/1292/1292 1294/1293/1293
f 1327/1326/1326 1326/1325/1325 1294/1293/1293 1295/1294/1294
f 1328/1327/1327 1327/1326/1326 1295/1294/1294 1296/1295/1295
f 1329/1328/1328 1328/1327/1327 1296/1295/1295 1297/1296/1296
f 1330/1329/1329 1329/1328/1328 1297/1296/1296 1298/1297/1297
f 1331/1330/1330 1330/1329/1329 1298/1297/1297 1299/1298/1298
f 1332/1331/1331 1331/1330/1330 1299/1298/1298 1300/1299/1299
f 1333/1332/1332 1332/1331/1331 1300/1299/1299 1301/1300/1300
f 1334/1333/1333 1333/1332/1332 1301/1300/1300 1302/1301/1301
f 1335/1334/1334 1334/1333/1333 1302/1301/1301 1303/1302/1302
f 1336/1335/1335 1335/1334/1334 1303/1302/1302 1304/1303/1303
f 1337/1336/1336 1336/1335/1335 1304/1303/1303 1305/1304/1304
f 1338/1337/1337 1337/1336/1336 1305/1304/1304 1306/1305/1305
f 1339/1338/1338 1338/1337/1337 1306/1305/1305 1307/1306/1306
f 1340/1339/1339 1339/1338/1338 1307/1306/1306 1308/1307/1307
f 1341/1340/1340 1340/1339/1339 1308/1307/1307 1309/1308/1308
f 1342/1341/1341 1341/1340/1340 1309/1308/1308 1310/1309/1309
f 1343/1342/1342 1342/1341/1341 1310/1309/1309 1311/1310/1310
f 1343/1342/1342 1311/1310/1310 1312/1311/1311 1344/1343/1343
f 1344/1343/1343 1312/1311/1311 1313/1312/1312 1345/1344/1344
f 1345/1344/1344 1313/1312/1312 1577/1597/1345 1576/1596/1346
f 1347/1346/1347 1346/1345/1348 1314/1313/1314 1315/1314/1313
f 1348/1347/1349 1347/1346/1347 1315/1314/1313 1316/1315/1315
f 1349/1348/1350 1348/1347/1349 1316/1315/1315 1317/1316/1316
f 1350/1349/1351 1349/1348/1350 1317/1316/1316 1318/1317/1317
f 1351/1350/1352 1350/1349/1351 1318/1317/1317 1319/1318/1318
f 1352/1351/1353 1351/1350/1352 1319/1318/1318 1320/1319/1319
f 1353/1352/1354 1352/1351/1353 1320/1319/1319 1321/1320/1320
f 1354/1353/1355 1353/1352/1354 1321/1320/1320 1322/1321/1321
f 1355/1354/1356 1354/1353/1355 1322/1321/1321 1323/1322/1322
f 1356/1355/1357 1355/1354/1356 1323/1322/1322 1324/1323/1323
f 1357/1356/1358 1356/1355/1357 1324/1323/1323 1325/1324/1324
f 1358/1357/1359 1357/1356/1358 1325/1324/1324 1326/1325/1325
f 1359/1358/1360 1358/1357/1359 1326/1325/1325 1327/1326/1326
f 1360/1359/1361 1359/1358/1360 1327/1326/1326 1328/1327/1327
f 1361/1360/1362 1360/1359/1361 1328/1327/1327 1329/1328/1328
f 1362/1361/1363 1361/1360/1362 1329/1328/1328 1330/1329/1329
f 1363/1362/1364 1362/1361/1363 1330/1329/1329 1331/1330/1330
f 1364/1363/1365 1363/1362/1364 1331/1330/1330 1332/1331/1331
f 1365/1364/1366 1364/1363/1365 1332/1331/1331 1333/1332/1332
f 1366/1365/1367 1365/1364/1366 1333/1332/1332 1334/1333/1333
f 1367/1366/1368 1366/1365/1367 1334/1333/1333 1335/1334/1334
f 1368/1367/1369 1367/1366/1368 1335/1334/1334 1336/1335/1335
f 1369/1368/1370 1368/1367/1369 1336/1335/1335 1337/1336/1336
f 1370/1369/1371 1369/1368/1370 1337/1336/1336 1338/1337/1337
f 1371/1370/1372 1370/1369/1371 1338/1337/1337 1339/1338/1338
f 1372/1371/1373 1371/1370/1372 1339/1338/1338 1340/1339/1339
f 1373/1372/1374 1372/1371/1373 1340/1339/1339 1341/1340/1340
f 1374/1373/1375 1373/1372/1374 1341/1340/1340 1342/1341/1341
f 1374/1373/1375 1342/1341/1341 1343/1342/1342 1375/1374/1376
f 1375/1374/1376 1343/1342/1342 1344/1343/1343 1376/1375/1377
f 1376/1375/1377 1344/1343/1343 1345/1344/1344 1377/1376/1378
f 1576/1596/1346 1575/1598/1379 1377/1376/1378 1345/1344/1344
f 1379/1378/1380 1378/1377/1381 1346/1345/1348 1347/1346/1347
f 1380/1379/1382 1379/1378/1380 1347/1346/1347 1348/1347/1349
f 1381/1380/1383 1380/1379/1382 1348/1347/1349 1349/1348/1350
f 1382/1381/1384 1381/1380/1383 1349/1348/1350 1350/1349/1351
f 1383/1382/1385 1382/1381/1384 1350/1349/1351 1351/1350/1352
f 1384/1383/1386 1383/1382/1385 1351/1350/1352 1352/1351/1353
f 1385/1384/1387 1384/1383/1386 1352/1351/1353 1353/1352/1354
f 1386/1385/1388 1385/1384/1387 1353/1352/1354 1354/1353/1355
f 1387/1386/1389 1386/1385/1388 1354/1353/1355 1355/1354/1356
f 1388/1387/1390 1387/1386/1389 1355/1354/1356 1356/1355/1357
f 1389/1388/1391 1388/1387/1390 1356/1355/1357 1357/1356/1358
f 1390/1389/1392 1389/1388/1391 1357/1356/1358 1358/1357/1359
f 1391/1390/1393 1390/1389/1392 1358/1357/1359 1359/1358/1360
f 1392/1391/1394 1391/1390/1393 1359/1358/1360 1360/1359/1361
f 1393/1392/1395 1392/1391/1394 1360/1359/1361 1361/1360/1362
f 1394/1393/1396 1393/1392/1395 1361/1360/1362 1362/1361/1363
f 1395/1394/1397 1394/1393/1396 1362/1361/1363 1363/1362/1364
f 1396/1395/1398 1395/1394/1397 1363/1362/1364 1364/1363/1365
f 1397/1396/1399 1396/1395/1398 1364/1363/1365 1365/1364/1366
f 1398/1397/1400 1397/1396/1399 1365/1364/1366 1366/1365/1367
f 1399/1398/1401 1398/1397/1400 1366/1365/1367 1367/1366/1368
f 1400/1399/1402 1399/1398/1401 1367/1366/1368 1368/1367/1369
f 1401/1400/1403 1400/1399/1402 1368/1367/1369 1369/1368/1370
f 1402/1401/1404 1401/1400/1403 1369/1368/1370 1370/1369/1371
f 1403/1402/1405 1402/1401/1404 1370/1369/1371 1371/1370/1372
f 1404/1403/1406 1403/1402/1405 1371/1370/1372 1372/1371/1373
f 1404/1403/1406 1372/1371/1373 1373/1372/1374 1405/1404/1407
f 1405/1404/1407 1373/1372/1374 1374/1373/1375 1406/1405/1408
f 1406/1405/1408 1374/1373/1375 1375/1374/1376 1407/1406/1409
f 1407/1406/1409 1375/1374/1376 1376/1375/1377 1408/1407/1410
f 1408/1407/1410 1376/1375/1377 1377/1376/1378 1409/1408/1411
f 1574/1599/1412 1409/1408/1411 1377/1376/1378 1575/1598/1379
f 1411/1410/1413 1410/1409/1414 1378/1377/1381 1379/1378/1380
f 1412/1411/1415 1411/1410/1413 1379/1378/1380 1380/1379/1382
f 1413/1412/1416 1412/1411/1415 1380/1379/1382 1381/1380/1383
f 1414/1413/1417 1413/1412/1416 1381/1380/1383 1382/1381/1384
f 1415/1414/1418 1414/1413/1417 1382/1381/1384 1383/1382/1385
f 1416/1415/1419 1415/1414/1418 1383/1382/1385 1384/1383/1386
f 1417/1416/1420 1416/1415/1419 1384/1383/1386 1385/1384/1387
f 1418/1417/1421 1417/1416/1420 1385/1384/1387 1386/1385/1388
f 1419/1418/1422 1418/1417/1421 1386/1385/1388 1387/1386/1389
f 1420/1419/1423 1419/1418/1422 1387/1386/1389 1388/1387/1390
f 1421/1420/1424 1420/1419/1423 1388/1387/1390 1389/1388/1391
f 1422/1421/1425 1421/1420/1424 1389/1388/1391 1390/1389/1392
f 1423/1422/1426 1422/1421/1425 1390/1389/1392 1391/1390/1393
f 1424/1423/1427 1423/1422/1426 1391/1390/1393 1392/1391/1394
f 1425/1424/1428 1424/1423/1427 1392/1391/1394 1393/1392/1395
f 1426/1425/1429 1425/1424/1428 1393/1392/1395 1394/1393/1396
f 1427/1426/1430 1426/1425/1429 1394/1393/1396 1395/1394/1397
f 1428/1427/1431 1427/1426/1430 1395/1394/1397 1396/1395/1398
f 1429/1428/1432 1428/1427/1431 1396/1395/1398 1397/1396/1399
f 1430/1429/1433 1429/1428/1432 1397/1396/1399 1398/1397/1400
f 1431/1430/1434 1430/1429/1433 1398/1397/1400 1399/1398/1401
f 1432/1431/1435 1431/1430/1434 1399/1398/1401 1400/1399/1402
f 1432/1431/1435 1400/1399/1402 1401/1400/1403 1433/1432/1436
f 1433/1432/1436 1401/1400/1403 1402/1401/1404 1434/1433/1437
f 1434/1433/1437 1402/1401/1404 1403/1402/1405 1435/1434/1438
f 1404/1403/1406 1436/1435/1439 1435/1434/1438 1403/1402/1405
f 1404/1403/1406 1405/1404/1407 1437/1436/1440 1436/1435/1439
f 1437/1436/1440 1405/1404/1407 1406/1405/1408 1438/1437/1441
f 1438/1437/1441 1406/1405/1408 1407/1406/1409 1439/1438/1442
f 1439/1438/1442 1407/1406/1409 1408/1407/1410 1440/1439/1443
f 1440/1439/1443 1408/1407/1410 1409/1408/1411 1441/1440/1444
f 1573/1601/1445 1441/1440/1444 1409/1408/1411 1574/1599/1412
f 1443/1442/1446 1442/1441/1447 1410/1409/1414 1411/1410/1413
f 1444/1443/1448 1443/1442/1446 1411/1410/1413 1412/1411/1415
f 1445/1444/1449 1444/1443/1448 1412/1411/1415 1413/1412/1416
f 1446/1445/1450 1445/1444/1449 1413/1412/1416 1414/1413/1417
f 1447/1446/1451 1446/1445/1450 1414/1413/1417 1415/1414/1418
f 1448/1447/1452 1447/1446/1451 1415/1414/1418 1416/1415/1419
f 1449/1448/1453 1448/1447/1452 1416/1415/1419 1417/1416/1420
f 1450/1449/1454 1449/1448/1453 1417/1416/1420 1418/1417/1421
f 1451/1450/1455 1450/1449/1454 1418/1417/1421 1419/1418/1422
f 1452/1451/1456 1451/1450/1455 1419/1418/1422 1420/1419/1423
f 1453/1452/1457 1452/1451/1456 1420/1419/1423 1421/1420/1424
f 1454/1453/1458 1453/1452/1457 1421/1420/1424 1422/1421/1425
f 1455/1454/1459 1454/1453/1458 1422/1421/1425 1423/1422/1426
f 1456/1455/1460 1455/1454/1459 1423/1422/1426 1424/1423/1427
f 1457/1456/1461 1456/1455/1460 1424/1423/1427 1425/1424/1428
f 1458/1457/1462 1457/1456/1461 1425/1424/1428 1426/1425/1429
f 1459/1458/1463 1458/1457/1462 1426/1425/1429 1427/1426/1430
f 1460/1459/1464 1459/1458/1463 1427/1426/1430 1428/1427/1431
f 1461/1460/1465 1460/1459/1464 1428/1427/1431 1429/1428/1432
f 1462/1461/1466 1461/1460/1465 1429/1428/1432 1430/1429/1433
f 1462/1461/1466 1430/1429/1433 1431/1430/1434 1463/1462/1467
f 1463/1462/1467 1431/1430/1434 1432/1431/1435 1464/1463/1468
f 1432/1431/1435 1433/1432/1436 1465/1464/1469 1464/1463/1468
f 1433/1432/1436 1434/1433/1437 1466/1465/1470 1465/1464/1469
f 1434/1433/1437 1435/1434/1438 1467/1466/1471 1466/1465/1470
f 1435/1434/1438 1436/1435/1439 1468/1467/1472 1467/1466/1471
f 1436/1435/1439 1437/1436/1440 1469/1468/1473 1468/1467/1472
f 1469/1468/1473 1437/1436/1440 1438/1437/1441 1470/1469/1474
f 1470/1469/1474 1438/1437/1441 1439/1438/1442 1471/1470/1475
f 1471/1470/1475 1439/1438/1442 1440/1439/1443 1472/1471/1476
f 1472/1471/1476 1440/1439/1443 1441/1440/1444 1473/1472/1477
f 1473/1472/1477 1441/1440/1444 1573/1601/1445 1572/1607/1478
f 1474/1473/1479 1442/1441/1447 1443/1442/1446 1475/1474/1480
f 1475/1474/1480 1443/1442/1446 1444/1443/1448 1476/1475/1481
f 1476/1475/1481 1444/1443/1448 1445/1444/1449 1477/1476/1482
f 1477/1476/1482 1445/1444/1449 1446/1445/1450 1478/1477/1483
f 1478/1477/1483 1446/1445/1450 1447/1446/1451 1479/1478/1484
f 1479/1478/1484 1447/1446/1451 1448/1447/1452 1480/1479/1485
f 1480/1479/1485 1448/1447/1452 1449/1448/1453 1481/1480/1486
f 1481/1480/1486 1449/1448/1453 1450/1449/1454 1482/1481/1487
f 1482/1481/1487 1450/1449/1454 1451/1450/1455 1483/1482/1488
f 1483/1482/1488 1451/1450/1455 1452/1451/1456 1484/1483/1489
f 1484/1483/1489 1452/1451/1456 1453/1452/1457 1485/1484/1490
f 1485/1484/1490 1453/1452/1457 1454/1453/1458 1486/1485/1491
f 1486/1485/1491 1454/1453/1458 1455/1454/1459 1487/1486/1492
f 1487/1486/1492 1455/1454/1459 1456/1455/1460 1488/1487/1493
f 1488/1487/1493 1456/1455/1460 1457/1456/1461 1489/1488/1494
f 1489/1488/1494 1457/1456/1461 1458/1457/1462 1490/1489/1495
f 1491/1490/1496 1490/1489/1495 1458/1457/1462 1459/1458/1463
f 1492/1491/1497 1491/1490/1496 1459/1458/1463 1460/1459/1464
f 1492/1491/1497 1460/1459/1464 1461/1460/1465 1493/1492/1498
f 1493/1492/1498 1461/1460/1465 1462/1461/1466 1494/1493/1499
f 1462/1461/1466 1463/1462/1467 1495/1494/1500 1494/1493/1499
f 1463/1462/1467 1464/1463/1468 1496/1495/1501 1495/1494/1500
f 1464/1463/1468 1465/1464/1469 1497/1496/1502 1496/1495/1501
f 1465/1464/1469 1466/1465/1470 1498/1497/1503 1497/1496/1502
f 1466/1465/1470 1467/1466/1471 1499/1498/1504 1498/1497/1503
f 1467/1466/1471 1468/1467/1472 1500/1499/1505 1499/1498/1504
f 1468/1467/1472 1469/1468/1473 1501/1500/1506 1500/1499/1505
f 1501/1500/1506 1469/1468/1473 1470/1469/1474 1502/1501/1507
f 1502/1501/1507 1470/1469/1474 1471/1470/1475 1503/1502/1508
f 1503/1502/1508 1471/1470/1475 1472/1471/1476 1504/1503/1509
f 1504/1503/1509 1472/1471/1476 1473/1472/1477 1505/1504/1510
f 1505/1504/1510 1473/1472/1477 1572/1607/1478 1571/1608/1511
f 1506/1577/1512 1474/1473/1479 1475/1474/1480 1507/1578/1513
f 1507/1578/1513 1475/1474/1480 1476/1475/1481 1508/1579/1514
f 1508/1579/1514 1476/1475/1481 1477/1476/1482 1509/1580/1515
f 1509/1580/1515 1477/1476/1482 1478/1477/1483 1510/1581/1516
f 1478/1477/1483 1479/1478/1484 1511/1582/1517 1510/1581/1516
f 1479/1478/1484 1480/1479/1485 1512/1583/1518 1511/1582/1517
f 1480/1479/1485 1481/1480/1486 1513/1584/1519 1512/1583/1518
f 1513/1584/1519 1481/1480/1486 1482/1481/1487 1514/1585/1520
f 1514/1585/1520 1482/1481/1487 1483/1482/1488 1515/1586/1521
f 1515/1586/1521 1483/1482/1488 1484/1483/1489 1516/1587/1522
f 1484/1483/1489 1485/1484/1490 1517/1588/1523 1516/1587/1522
f 1485/1484/1490 1486/1485/1491 1518/1589/1524 1517/1588/1523
f 1518/1589/1524 1486/1485/1491 1487/1486/1492 1519/1590/1525
f 1519/1590/1525 1487/1486/1492 1488/1487/1493 1520/1591/1526
f 1520/1591/1526 1488/1487/1493 1489/1488/1494 1521/1592/1527
f 1489/1488/1494 1490/1489/1495 1522/1593/1528 1521/1592/1527
f 1524/1594/1529 1492/1491/1497 1493/1492/1498 1525/1595/1530
f 1493/1492/1498 1494/1493/1499 1526/1602/1531 1525/1595/1530
f 1494/1493/1499 1495/1494/1500 1527/1603/1532 1526/1602/1531
f 1527/1603/1532 1495/1494/1500 1496/1495/1501 1528/1604/1533
f 1528/1604/1533 1496/1495/1501 1497/1496/1502 1529/1605/1534
f 1529/1605/1534 1497/1496/1502 1498/1497/1503 1530/1606/1535
f 1498/1497/1503 1499/1498/1504 1531/1609/1536 1530/1606/1535
f 1499/1498/1504 1500/1499/1505 1532/1612/1537 1531/1609/1536
f 1532/1612/1537 1500/1499/1505 1501/1500/1506 1533/1613/1538
f 1501/1500/1506 1502/1501/1507 1534/1614/1539 1533/1613/1538
f 1502/1501/1507 1503/1502/1508 1535/1615/1540 1534/1614/1539
f 1503/1502/1508 1504/1503/1509 1536/1616/1541 1535/1615/1540
f 1504/1503/1509 1505/1504/1510 1537/1617/1542 1536/1616/1541
f 1568/1506/1543 3/4/4 2/2/3 1569/1505/1544
f 1566/1507/1545 5/8/8 4/6/6 1567/1508/1546
f 1567/1508/1546 4/6/6 3/4/4 1568/1506/1543
f 1564/1509/1547 7/12/12 6/10/10 1565/1510/1548
f 1562/1511/1549 9/16/16 8/14/14 1563/1512/1550
f 1561/1513/1551 10/18/18 9/16/16 1562/1511/1549
f 1563/1512/1550 8/14/14 7/12/12 1564/1509/1547
f 1565/1510/1548 6/10/10 5/8/8 1566/1507/1545
f 1559/1514/1552 12/22/22 11/20/20 1560/1515/1553
f 1557/1516/1554 14/26/26 13/24/24 1558/1517/1555
f 1556/1518/1556 15/28/28 14/26/26 1557/1516/1554
f 1558/1517/1555 13/24/24 12/22/22 1559/1514/1552
f 1554/1519/1557 17/32/32 16/30/30 1555/1520/1558
f 1552/1521/1559 19/36/36 18/34/34 1553/1522/1560
f 1551/1523/1561 20/38/38 19/36/36 1552/1521/1559
f 1553/1522/1560 18/34/34 17/32/32 1554/1519/1557
f 1555/1520/1558 16/30/30 15/28/28 1556/1518/1556
f 1560/1515/1553 11/20/20 10/18/18 1561/1513/1551
f 1550/1524/1562 21/40/40 20/38/38 1551/1523/1561
f 1549/1525/1563 22/42/42 21/40/40 1550/1524/1562
f 1548/1526/1564 23/44/44 22/42/42 1549/1525/1563
f 1546/1527/1565 25/48/48 24/46/46 1547/1528/1566
f 1547/1528/1566 24/46/46 23/44/44 1548/1526/1564
f 1545/1529/1567 26/50/50 25/48/48 1546/1527/1565
f 1543/1530/1568 28/54/54 27/52/52 1544/1531/1569
f 1541/1532/1570 30/58/58 29/56/56 1542/1533/1571
f 1540/1534/1572 31/60/60 30/58/58 1541/1532/1570
f 1542/1533/1571 29/56/56 28/54/54 1543/1530/1568
f 1539/1535/1573 32/62/62 31/60/60 1540/1534/1572
f 1538/1536/1574 33/64/64 32/62/62 1539/1535/1573
f 1538/1536/1574 1/1537/1575 33/64/64
f 26/50/50 1545/1529/1567 1544/1531/1569 27/52/52
f 33/64/64 1617/1538/1576 1616/1539/1577 65/63/63
f 97/96/96 1615/1540/1578 1614/1541/1579 129/128/128
f 129/128/128 1614/1541/1579 1613/1542/1580 161/160/160
f 65/63/63 1616/1539/1577 1615/1540/1578 97/96/96
f 225/224/224 193/192/192 1612/1543/1581 1611/1544/1582
f 1610/1545/1583 257/256/256 225/224/224 1611/1544/1582
f 1612/1543/1581 193/192/192 161/160/160 1613/1542/1580
f 1/1537/1575 1617/1538/1576 33/64/64
f 257/256/256 1610/1545/1583 1609/1546/1584 289/288/288
f 321/320/320 1608/1547/1585 1607/1548/1586 353/352/352
f 289/288/288 1609/1546/1584 1608/1547/1585 321/320/320
f 385/384/384 1606/1549/1587 1605/1550/1588 417/416/416
f 417/416/416 1605/1550/1588 1604/1551/1589 449/448/448
f 353/352/352 1607/1548/1586 1606/1549/1587 385/384/384
f 481/480/480 1603/1552/1590 1602/1553/1591 513/512/512
f 545/544/544 1601/1556/1592 1600/1554/1593 577/576/576
f 577/576/576 1600/1554/1593 1599/1555/1594 609/608/608
f 513/512/512 1602/1553/1591 1601/1556/1592 545/544/544
f 449/448/448 1604/1551/1589 1603/1552/1590 481/480/480
f 609/608/608 1599/1555/1594 1598/1557/1595 641/640/640
f 673/672/672 1597/1558/1596 1596/1559/1597 705/704/704
f 705/704/704 1596/1559/1597 1595/1560/1598 737/736/736
f 641/640/640 1598/1557/1595 1597/1558/1596 673/672/672
f 769/768/768 1594/1561/1599 1593/1562/1600 801/800/800
f 833/832/832 1592/1563/1601 1591/1564/1602 865/864/864
f 865/864/864 1591/1564/1602 1590/1565/1603 897/896/896
f 801/800/800 1593/1562/1600 1592/1563/1601 833/832/832
f 737/736/736 1595/1560/1598 1594/1561/1599 769/768/768
f 929/928/928 1589/1575/1604 1588/1566/1605 961/960/960
f 993/992/992 1587/1569/1606 1586/1567/1607 1025/1024/1024
f 1025/1024/1024 1586/1567/1607 1585/1568/1608 1057/1056/1056
f 961/960/960 1588/1566/1605 1587/1569/1606 993/992/992
f 1089/1088/1088 1584/1574/1609 1583/1570/1610 1121/1120/1120
f 1153/1152/1152 1582/1573/1611 1581/1571/1612 1185/1184/1184
f 1185/1184/1184 1581/1571/1612 1580/1572/1613 1217/1216/1216
f 1121/1120/1120 1583/1570/1610 1582/1573/1611 1153/1152/1152
f 1057/1056/1056 1585/1568/1608 1584/1574/1609 1089/1088/1088
f 897/896/896 1590/1565/1603 1589/1575/1604 929/928/928
f 1217/1216/1216 1580/1572/1613 1579/1576/1614 1249/1248/1248
f 1522/1593/1528 1490/1489/1495 1491/1490/1496 1523/1611/1615
f 1491/1490/1496 1492/1491/1497 1524/1594/1529 1523/1611/1615
f 1577/1597/1345 1313/1312/1312 1281/1280/1280 1578/1600/1616
f 1578/1600/1616 1281/1280/1280 1249/1248/1248 1579/1576/1614
f 1505/1504/1510 1571/1608/1511 1570/1610/1617 1537/1617/1542
s 2
f 1618/1618/1618 3234/3123/1619 3233/3124/1620 1619/1619/1621
f 1619/1619/1621 3233/3124/1620 3232/3125/1622 1620/1620/1623
f 1620/1620/1623 3232/3125/1622 3231/3126/1624 1621/1621/1625
f 1621/1621/1625 3231/3126/1624 3230/3127/1626 1622/1622/1627
f 3229/3128/1628 1623/1623/1629 1622/1622/1627 3230/3127/1626
f 3228/3129/1630 1624/1624/1631 1623/1623/1629 3229/3128/1628
f 1624/1624/1631 3228/3129/1630 3227/3130/1632 1625/1625/1633
f 1625/1625/1633 3227/3130/1632 3226/3131/1634 1626/1626/1635
f 1626/1626/1635 3226/3131/1634 3225/3132/1636 1627/1627/1637
f 3224/3133/1638 1628/1628/1639 1627/1627/1637 3225/3132/1636
f 3223/3134/1640 1629/1629/1641 1628/1628/1639 3224/3133/1638
f 1629/1629/1641 3223/3134/1640 3222/3135/1642 1630/1630/1643
f 1630/1630/1643 3222/3135/1642 3221/3136/1644 1631/1631/1645
f 1631/1631/1645 3221/3136/1644 3220/3137/1646 1632/1632/1647
f 1632/1632/1647 3220/3137/1646 3219/3138/1648 1633/1633/1649
f 3218/3139/1650 1634/1634/1651 1633/1633/1649 3219/3138/1648
f 1636/1636/1652 3216/3141/1653 3215/3142/1654 1637/1635/1655
f 1637/1635/1655 3215/3142/1654 3214/3143/1656 1638/1637/1657
f 1639/1638/1658 1638/1637/1657 3214/3143/1656 3213/3144/1659
f 1640/1639/1660 1639/1638/1658 3213/3144/1659 3212/3145/1661
f 1641/1640/1662 1640/1639/1660 3212/3145/1661 3211/3146/1663
f 3210/3147/1664 1642/1641/1665 1641/1640/1662 3211/3146/1663
f 3209/3148/1666 1643/1642/1667 1642/1641/1665 3210/3147/1664
f 1644/1643/1668 1643/1642/1667 3209/3148/1666 3208/3149/1669
f 1645/1644/1670 1644/1643/1668 3208/3149/1669 3207/3150/1671
f 1646/1645/1672 1645/1644/1670 3207/3150/1671 3206/3151/1673
f 1647/1646/1674 1646/1645/1672 3206/3151/1673 3205/3152/1675
f 1648/1647/1676 1647/1646/1674 3205/3152/1675 3204/3153/1677
f 1649/1648/1678 1648/1647/1676 3204/3153/1677 3203/3154/1679
f 1618/1618/1618 1619/1619/1621 1651/1650/1680 1650/1649/1681
f 1619/1619/1621 1620/1620/1623 1652/1651/1682 1651/1650/1680
f 1620/1620/1623 1621/1621/1625 1653/1652/1683 1652/1651/1682
f 1621/1621/1625 1622/1622/1627 1654/1653/1684 1653/1652/1683
f 1622/1622/1627 1623/1623/1629 1655/1654/1685 1654/1653/1684
f 1623/1623/1629 1624/1624/1631 1656/1655/1686 1655/1654/1685
f 1624/1624/1631 1625/1625/1633 1657/1656/1687 1656/1655/1686
f 1625/1625/1633 1626/1626/1635 1658/1657/1688 1657/1656/1687
f 1626/1626/1635 1627/1627/1637 1659/1658/1689 1658/1657/1688
f 1627/1627/1637 1628/1628/1639 1660/1659/1690 1659/1658/1689
f 1628/1628/1639 1629/1629/1641 1661/1660/1691 1660/1659/1690
f 1629/1629/1641 1630/1630/1643 1662/1661/1692 1661/1660/1691
f 1630/1630/1643 1631/1631/1645 1663/1662/1693 1662/1661/1692
f 1631/1631/1645 1632/1632/1647 1664/1663/1694 1663/1662/1693
f 1632/1632/1647 1633/1633/1649 1665/1664/1695 1664/1663/1694
f 1633/1633/1649 1634/1634/1651 1666/1665/1696 1665/1664/1695
f 1667/1666/1697 1666/1665/1696 1634/1634/1651 1635/1667/1698
f 1668/1668/1699 1667/1666/1697 1635/1667/1698 1636/1636/1652
f 1636/1636/1652 1637/1635/1655 1669/1669/1700 1668/1668/1699
f 1638/1637/1657 1670/1670/1701 1669/1669/1700 1637/1635/1655
f 1639/1638/1658 1671/1671/1702 1670/1670/1701 1638/1637/1657
f 1640/1639/1660 1672/1672/1703 1671/1671/1702 1639/1638/1658
f 1641/1640/1662 1673/1673/1704 1672/1672/1703 1640/1639/1660
f 1642/1641/1665 1674/1674/1705 1673/1673/1704 1641/1640/1662
f 1643/1642/1667 1675/1675/1706 1674/1674/1705 1642/1641/1665
f 1644/1643/1668 1676/1676/1707 1675/1675/1706 1643/1642/1667
f 1645/1644/1670 1677/1677/1708 1676/1676/1707 1644/1643/1668
f 1677/1677/1708 1645/1644/1670 1646/1645/1672 1678/1678/1709
f 1678/1678/1709 1646/1645/1672 1647/1646/1674 1679/1679/1710
f 1679/1679/1710 1647/1646/1674 1648/1647/1676 1680/1680/1711
f 1680/1680/1711 1648/1647/1676 1649/1648/1678 1681/1681/1712
f 1683/1683/1713 1682/1682/1714 1650/1649/1681 1651/1650/1680
f 1684/1684/1715 1683/1683/1713 1651/1650/1680 1652/1651/1682
f 1685/1685/1716 1684/1684/1715 1652/1651/1682 1653/1652/1683
f 1686/1686/1717 1685/1685/1716 1653/1652/1683 1654/1653/1684
f 1687/1687/1718 1686/1686/1717 1654/1653/1684 1655/1654/1685
f 1688/1688/1719 1687/1687/1718 1655/1654/1685 1656/1655/1686
f 1689/1689/1720 1688/1688/1719 1656/1655/1686 1657/1656/1687
f 1690/1690/1721 1689/1689/1720 1657/1656/1687 1658/1657/1688
f 1691/1691/1722 1690/1690/1721 1658/1657/1688 1659/1658/1689
f 1692/1692/1723 1691/1691/1722 1659/1658/1689 1660/1659/1690
f 1693/1693/1724 1692/1692/1723 1660/1659/1690 1661/1660/1691
f 1694/1694/1725 1693/1693/1724 1661/1660/1691 1662/1661/1692
f 1695/1695/1726 1694/1694/1725 1662/1661/1692 1663/1662/1693
f 1696/1696/1727 1695/1695/1726 1663/1662/1693 1664/1663/1694
f 1697/1697/1728 1696/1696/1727 1664/1663/1694 1665/1664/1695
f 1698/1698/1729 1697/1697/1728 1665/1664/1695 1666/1665/1696
f 1699/1699/1730 1698/1698/1729 1666/1665/1696 1667/1666/1697
f 1700/1700/1731 1699/1699/1730 1667/1666/1697 1668/1668/1699
f 1701/1701/1732 1700/1700/1731 1668/1668/1699 1669/1669/1700
f 1702/1702/1733 1701/1701/1732 1669/1669/1700 1670/1670/1701
f 1670/1670/1701 1671/1671/1702 1703/1703/1734 1702/1702/1733
f 1672/1672/1703 1704/1704/1735 1703/1703/1734 1671/1671/1702
f 1672/1672/1703 1673/1673/1704 1705/1705/1736 1704/1704/1735
f 1673/1673/1704 1674/1674/1705 1706/1706/1737 1705/1705/1736
f 1674/1674/1705 1675/1675/1706 1707/1707/1738 1706/1706/1737
f 1675/1675/1706 1676/1676/1707 1708/1708/1739 1707/1707/1738
f 1676/1676/1707 1677/1677/1708 1709/1709/1740 1708/1708/1739
f 1709/1709/1740 1677/1677/1708 1678/1678/1709 1710/1710/1741
f 1710/1710/1741 1678/1678/1709 1679/1679/1710 1711/1711/1742
f 1711/1711/1742 1679/1679/1710 1680/1680/1711 1712/1712/1743
f 1712/1712/1743 1680/1680/1711 1681/1681/1712 1713/1713/1744
f 1713/1713/1744 1681/1681/1712 3201/3156/1745 3200/3157/1746
f 1715/1715/1747 1714/1714/1748 1682/1682/1714 1683/1683/1713
f 1716/1716/1749 1715/1715/1747 1683/1683/1713 1684/1684/1715
f 1717/1717/1750 1716/1716/1749 1684/1684/1715 1685/1685/1716
f 1718/1718/1751 1717/1717/1750 1685/1685/1716 1686/1686/1717
f 1719/1719/1752 1718/1718/1751 1686/1686/1717 1687/1687/1718
f 1720/1720/1753 1719/1719/1752 1687/1687/1718 1688/1688/1719
f 1721/1721/1754 1720/1720/1753 1688/1688/1719 1689/1689/1720
f 1722/1722/1755 1721/1721/1754 1689/1689/1720 1690/1690/1721
f 1723/1723/1756 1722/1722/1755 1690/1690/1721 1691/1691/1722
f 1724/1724/1757 1723/1723/1756 1691/1691/1722 1692/1692/1723
f 1725/1725/1758 1724/1724/1757 1692/1692/1723 1693/1693/1724
f 1726/1726/1759 1725/1725/1758 1693/1693/1724 1694/1694/1725
f 1727/1727/1760 1726/1726/1759 1694/1694/1725 1695/1695/1726
f 1728/1728/1761 1727/1727/1760 1695/1695/1726 1696/1696/1727
f 1729/1729/1762 1728/1728/1761 1696/1696/1727 1697/1697/1728
f 1730/1730/1763 1729/1729/1762 1697/1697/1728 1698/1698/1729
f 1731/1731/1764 1730/1730/1763 1698/1698/1729 1699/1699/1730
f 1732/1732/1765 1731/1731/1764 1699/1699/1730 1700/1700/1731
f 1733/1733/1766 1732/1732/1765 1700/1700/1731 1701/1701/1732
f 1734/1734/1767 1733/1733/1766 1701/1701/1732 1702/1702/1733
f 1735/1735/1768 1734/1734/1767 1702/1702/1733 1703/1703/1734
f 1736/1736/1769 1735/1735/1768 1703/1703/1734 1704/1704/1735
f 1704/1704/1735 1705/1705/1736 1737/1737/1770 1736/1736/1769
f 1705/1705/1736 1706/1706/1737 1738/1738/1771 1737/1737/1770
f 1707/1707/1738 1739/1739/1772 1738/1738/1771 1706/1706/1737
f 1707/1707/1738 1708/1708/1739 1740/1740/1773 1739/1739/1772
f 1708/1708/1739 1709/1709/1740 1741/1741/1774 1740/1740/1773
f 1709/1709/1740 1710/1710/1741 1742/1742/1775 1741/1741/1774
f 1742/1742/1775 1710/1710/1741 1711/1711/1742 1743/1743/1776
f 1743/1743/1776 1711/1711/1742 1712/1712/1743 1744/1744/1777
f 1744/1744/1777 1712/1712/1743 1713/1713/1744 1745/1745/1778
f 3199/3158/1779 1745/1745/1778 1713/1713/1744 3200/3157/1746
f 1747/1747/1780 1746/1746/1781 1714/1714/1748 1715/1715/1747
f 1748/1748/1782 1747/1747/1780 1715/1715/1747 1716/1716/1749
f 1749/1749/1783 1748/1748/1782 1716/1716/1749 1717/1717/1750
f 1750/1750/1784 1749/1749/1783 1717/1717/1750 1718/1718/1751
f 1751/1751/1785 1750/1750/1784 1718/1718/1751 1719/1719/1752
f 1752/1752/1786 1751/1751/1785 1719/1719/1752 1720/1720/1753
f 1753/1753/1787 1752/1752/1786 1720/1720/1753 1721/1721/1754
f 1754/1754/1788 1753/1753/1787 1721/1721/1754 1722/1722/1755
f 1755/1755/1789 1754/1754/1788 1722/1722/1755 1723/1723/1756
f 1756/1756/1790 1755/1755/1789 1723/1723/1756 1724/1724/1757
f 1757/1757/1791 1756/1756/1790 1724/1724/1757 1725/1725/1758
f 1758/1758/1792 1757/1757/1791 1725/1725/1758 1726/1726/1759
f 1759/1759/1793 1758/1758/1792 1726/1726/1759 1727/1727/1760
f 1760/1760/1794 1759/1759/1793 1727/1727/1760 1728/1728/1761
f 1761/1761/1795 1760/1760/1794 1728/1728/1761 1729/1729/1762
f 1762/1762/1796 1761/1761/1795 1729/1729/1762 1730/1730/1763
f 1763/1763/1797 1762/1762/1796 1730/1730/1763 1731/1731/1764
f 1764/1764/1798 1763/1763/1797 1731/1731/1764 1732/1732/1765
f 1765/1765/1799 1764/1764/1798 1732/1732/1765 1733/1733/1766
f 1766/1766/1800 1765/1765/1799 1733/1733/1766 1734/1734/1767
f 1767/1767/1801 1766/1766/1800 1734/1734/1767 1735/1735/1768
f 1768/1768/1802 1767/1767/1801 1735/1735/1768 1736/1736/1769
f 1769/1769/1803 1768/1768/1802 1736/1736/1769 1737/1737/1770
f 1770/1770/1804 1769/1769/1803 1737/1737/1770 1738/1738/1771
f 1771/1771/1805 1770/1770/1804 1738/1738/1771 1739/1739/1772
f 1739/1739/1772 1740/1740/1773 1772/1772/1806 1771/1771/1805
f 1772/1772/1806 1740/1740/1773 1741/1741/1774 1773/1773/1807
f 1741/1741/1774 1742/1742/1775 1774/1774/1808 1773/1773/1807
f 1774/1774/1808 1742/1742/1775 1743/1743/1776 1775/1775/1809
f 1775/1775/1809 1743/1743/1776 1744/1744/1777 1776/1776/1810
f 1776/1776/1810 1744/1744/1777 1745/1745/1778 1777/1777/1811
f 3198/3160/1812 1777/1777/1811 1745/1745/1778 3199/3158/1779
f 1779/1779/1813 1778/1778/1814 1746/1746/1781 1747/1747/1780
f 1780/1780/1815 1779/1779/1813 1747/1747/1780 1748/1748/1782
f 1781/1781/1816 1780/1780/1815 1748/1748/1782 1749/1749/1783
f 1782/1782/1817 1781/1781/1816 1749/1749/1783 1750/1750/1784
f 1783/1783/1818 1782/1782/1817 1750/1750/1784 1751/1751/1785
f 1784/1784/1819 1783/1783/1818 1751/1751/1785 1752/1752/1786
f 1785/1785/1820 1784/1784/1819 1752/1752/1786 1753/1753/1787
f 1786/1786/1821 1785/1785/1820 1753/1753/1787 1754/1754/1788
f 1787/1787/1822 1786/1786/1821 1754/1754/1788 1755/1755/1789
f 1788/1788/1823 1787/1787/1822 1755/1755/1789 1756/1756/1790
f 1789/1789/1824 1788/1788/1823 1756/1756/1790 1757/1757/1791
f 1790/1790/1825 1789/1789/1824 1757/1757/1791 1758/1758/1792
f 1791/1791/1826 1790/1790/1825 1758/1758/1792 1759/1759/1793
f 1792/1792/1827 1791/1791/1826 1759/1759/1793 1760/1760/1794
f 1793/1793/1828 1792/1792/1827 1760/1760/1794 1761/1761/1795
f 1794/1794/1829 1793/1793/1828 1761/1761/1795 1762/1762/1796
f 1795/1795/1830 1794/1794/1829 1762/1762/1796 1763/1763/1797
f 1796/1796/1831 1795/1795/1830 1763/1763/1797 1764/1764/1798
f 1797/1797/1832 1796/1796/1831 1764/1764/1798 1765/1765/1799
f 1798/1798/1833 1797/1797/1832 1765/1765/1799 1766/1766/1800
f 1799/1799/1834 1798/1798/1833 1766/1766/1800 1767/1767/1801
f 1800/1800/1835 1799/1799/1834 1767/1767/1801 1768/1768/1802
f 1801/1801/1836 1800/1800/1835 1768/1768/1802 1769/1769/1803
f 1802/1802/1837 1801/1801/1836 1769/1769/1803 1770/1770/1804
f 1803/1803/1838 1802/1802/1837 1770/1770/1804 1771/1771/1805
f 1804/1804/1839 1803/1803/1838 1771/1771/1805 1772/1772/1806
f 1805/1805/1840 1804/1804/1839 1772/1772/1806 1773/1773/1807
f 1773/1773/1807 1774/1774/1808 1806/1806/1841 1805/1805/1840
f 1807/1807/1842 1806/1806/1841 1774/1774/1808 1775/1775/1809
f 1807/1807/1842 1775/1775/1809 1776/1776/1810 1808/1808/1843
f 1808/1808/1843 1776/1776/1810 1777/1777/1811 1809/1809/1844
f 3197/3159/1845 3123/1810/1846 1809/1809/1844 1777/1777/1811 3198/3160/1812
f 1811/1812/1847 1810/1811/1848 1778/1778/1814 1779/1779/1813
f 1812/1813/1849 1811/1812/1847 1779/1779/1813 1780/1780/1815
f 1813/1814/1850 1812/1813/1849 1780/1780/1815 1781/1781/1816
f 1814/1815/1851 1813/1814/1850 1781/1781/1816 1782/1782/1817
f 1815/1816/1852 1814/1815/1851 1782/1782/1817 1783/1783/1818
f 1816/1817/1853 1815/1816/1852 1783/1783/1818 1784/1784/1819
f 1817/1818/1854 1816/1817/1853 1784/1784/1819 1785/1785/1820
f 1818/1819/1855 1817/1818/1854 1785/1785/1820 1786/1786/1821
f 1819/1820/1856 1818/1819/1855 1786/1786/1821 1787/1787/1822
f 1820/1821/1857 1819/1820/1856 1787/1787/1822 1788/1788/1823
f 1821/1822/1858 1820/1821/1857 1788/1788/1823 1789/1789/1824
f 1822/1823/1859 1821/1822/1858 1789/1789/1824 1790/1790/1825
f 1823/1824/1860 1822/1823/1859 1790/1790/1825 1791/1791/1826
f 1824/1825/1861 1823/1824/1860 1791/1791/1826 1792/1792/1827
f 1825/1826/1862 1824/1825/1861 1792/1792/1827 1793/1793/1828
f 1826/1827/1863 1825/1826/1862 1793/1793/1828 1794/1794/1829
f 1827/1828/1864 1826/1827/1863 1794/1794/1829 1795/1795/1830
f 1828/1829/1865 1827/1828/1864 1795/1795/1830 1796/1796/1831
f 1829/1830/1866 1828/1829/1865 1796/1796/1831 1797/1797/1832
f 1830/1831/1867 1829/1830/1866 1797/1797/1832 1798/1798/1833
f 1831/1832/1868 1830/1831/1867 1798/1798/1833 1799/1799/1834
f 1832/1833/1869 1831/1832/1868 1799/1799/1834 1800/1800/1835
f 1833/1834/1870 1832/1833/1869 1800/1800/1835 1801/1801/1836
f 1834/1835/1871 1833/1834/1870 1801/1801/1836 1802/1802/1837
f 1835/1836/1872 1834/1835/1871 1802/1802/1837 1803/1803/1838
f 1836/1837/1873 1835/1836/1872 1803/1803/1838 1804/1804/1839
f 1837/1838/1874 1836/1837/1873 1804/1804/1839 1805/1805/1840
f 1838/1839/1875 1837/1838/1874 1805/1805/1840 1806/1806/1841
f 1839/1840/1876 1838/1839/1875 1806/1806/1841 1807/1807/1842
f 1840/1841/1877 1839/1840/1876 1807/1807/1842 1808/1808/1843
f 1808/1808/1843 1809/1809/1844 1841/1842/1878 1840/1841/1877
f 1841/1842/1878 1809/1809/1844 3123/1810/1846 3197/3159/1845 3196/3161/1879
f 1843/1844/1880 1842/1843/1881 1810/1811/1848 1811/1812/1847
f 1844/1845/1882 1843/1844/1880 1811/1812/1847 1812/1813/1849
f 1845/1846/1883 1844/1845/1882 1812/1813/1849 1813/1814/1850
f 1846/1847/1884 1845/1846/1883 1813/1814/1850 1814/1815/1851
f 1847/1848/1885 1846/1847/1884 1814/1815/1851 1815/1816/1852
f 1848/1849/1886 1847/1848/1885 1815/1816/1852 1816/1817/1853
f 1849/1850/1887 1848/1849/1886 1816/1817/1853 1817/1818/1854
f 1850/1851/1888 1849/1850/1887 1817/1818/1854 1818/1819/1855
f 1851/1852/1889 1850/1851/1888 1818/1819/1855 1819/1820/1856
f 1852/1853/1890 1851/1852/1889 1819/1820/1856 1820/1821/1857
f 1853/1854/1891 1852/1853/1890 1820/1821/1857 1821/1822/1858
f 1854/1855/1892 1853/1854/1891 1821/1822/1858 1822/1823/1859
f 1855/1856/1893 1854/1855/1892 1822/1823/1859 1823/1824/1860
f 1856/1857/1894 1855/1856/1893 1823/1824/1860 1824/1825/1861
f 1857/1858/1895 1856/1857/1894 1824/1825/1861 1825/1826/1862
f 1858/1859/1896 1857/1858/1895 1825/1826/1862 1826/1827/1863
f 1859/1860/1897 1858/1859/1896 1826/1827/1863 1827/1828/1864
f 1860/1861/1898 1859/1860/1897 1827/1828/1864 1828/1829/1865
f 1861/1862/1899 1860/1861/1898 1828/1829/1865 1829/1830/1866
f 1862/1863/1900 1861/1862/1899 1829/1830/1866 1830/1831/1867
f 1863/1864/1901 1862/1863/1900 1830/1831/1867 1831/1832/1868
f 1864/1865/1902 1863/1864/1901 1831/1832/1868 1832/1833/1869
f 1865/1866/1903 1864/1865/1902 1832/1833/1869 1833/1834/1870
f 1866/1867/1904 1865/1866/1903 1833/1834/1870 1834/1835/1871
f 1867/1868/1905 1866/1867/1904 1834/1835/1871 1835/1836/1872
f 1868/1869/1906 1867/1868/1905 1835/1836/1872 1836/1837/1873
f 1869/1870/1907 1868/1869/1906 1836/1837/1873 1837/1838/1874
f 1870/1871/1908 1869/1870/1907 1837/1838/1874 1838/1839/1875
f 1871/1872/1909 1870/1871/1908 1838/1839/1875 1839/1840/1876
f 1872/1873/1910 1871/1872/1909 1839/1840/1876 1840/1841/1877
f 1873/1874/1911 1872/1873/1910 1840/1841/1877 1841/1842/1878
f 1873/1874/1911 1841/1842/1878 3196/3161/1879 3195/3162/1912
f 1875/1876/1913 1874/1875/1914 1842/1843/1881 1843/1844/1880
f 1876/1877/1915 1875/1876/1913 1843/1844/1880 1844/1845/1882
f 1877/1878/1916 1876/1877/1915 1844/1845/1882 1845/1846/1883
f 1878/1879/1917 1877/1878/1916 1845/1846/1883 1846/1847/1884
f 1879/1880/1918 1878/1879/1917 1846/1847/1884 1847/1848/1885
f 1880/1881/1919 1879/1880/1918 1847/1848/1885 1848/1849/1886
f 1881/1882/1920 1880/1881/1919 1848/1849/1886 1849/1850/1887
f 1882/1883/1921 1881/1882/1920 1849/1850/1887 1850/1851/1888
f 1883/1884/1922 1882/1883/1921 1850/1851/1888 1851/1852/1889
f 1884/1885/1923 1883/1884/1922 1851/1852/1889 1852/1853/1890
f 1885/1886/1924 1884/1885/1923 1852/1853/1890 1853/1854/1891
f 1886/1887/1925 1885/1886/1924 1853/1854/1891 1854/1855/1892
f 1887/1888/1926 1886/1887/1925 1854/1855/1892 1855/1856/1893
f 1888/1889/1927 1887/1888/1926 1855/1856/1893 1856/1857/1894
f 1889/1890/1928 1888/1889/1927 1856/1857/1894 1857/1858/1895
f 1890/1891/1929 1889/1890/1928 1857/1858/1895 1858/1859/1896
f 1891/1892/1930 1890/1891/1929 1858/1859/1896 1859/1860/1897
f 1892/1893/1931 1891/1892/1930 1859/1860/1897 1860/1861/1898
f 1893/1894/1932 1892/1893/1931 1860/1861/1898 1861/1862/1899
f 1894/1895/1933 1893/1894/1932 1861/1862/1899 1862/1863/1900
f 1895/1896/1934 1894/1895/1933 1862/1863/1900 1863/1864/1901
f 1896/1897/1935 1895/1896/1934 1863/1864/1901 1864/1865/1902
f 1897/1898/1936 1896/1897/1935 1864/1865/1902 1865/1866/1903
f 1898/1899/1937 1897/1898/1936 1865/1866/1903 1866/1867/1904
f 1899/1900/1938 1898/1899/1937 1866/1867/1904 1867/1868/1905
f 1900/1901/1939 1899/1900/1938 1867/1868/1905 1868/1869/1906
f 1901/1902/1940 1900/1901/1939 1868/1869/1906 1869/1870/1907
f 1902/1903/1941 1901/1902/1940 1869/1870/1907 1870/1871/1908
f 1903/1904/1942 1902/1903/1941 1870/1871/1908 1871/1872/1909
f 1904/1905/1943 1903/1904/1942 1871/1872/1909 1872/1873/1910
f 1905/1906/1944 1904/1905/1943 1872/1873/1910 1873/1874/1911
f 1907/1908/1945 1906/1907/1946 1874/1875/1914 1875/1876/1913
f 1908/1909/1947 1907/1908/1945 1875/1876/1913 1876/1877/1915
f 1909/1910/1948 1908/1909/1947 1876/1877/1915 1877/1878/1916
f 1910/1911/1949 1909/1910/1948 1877/1878/1916 1878/1879/1917
f 1911/1912/1950 1910/1911/1949 1878/1879/1917 1879/1880/1918
f 1912/1913/1951 1911/1912/1950 1879/1880/1918 1880/1881/1919
f 1913/1914/1952 1912/1913/1951 1880/1881/1919 1881/1882/1920
f 1914/1915/1953 1913/1914/1952 1881/1882/1920 1882/1883/1921
f 1915/1916/1954 1914/1915/1953 1882/1883/1921 1883/1884/1922
f 1916/1917/1955 1915/1916/1954 1883/1884/1922 1884/1885/1923
f 1917/1918/1956 1916/1917/1955 1884/1885/1923 1885/1886/1924
f 1918/1919/1957 1917/1918/1956 1885/1886/1924 1886/1887/1925
f 1919/1920/1958 1918/1919/1957 1886/1887/1925 1887/1888/1926
f 1920/1921/1959 1919/1920/1958 1887/1888/1926 1888/1889/1927
f 1921/1922/1960 1920/1921/1959 1888/1889/1927 1889/1890/1928
f 1922/1923/1961 1921/1922/1960 1889/1890/1928 1890/1891/1929
f 1923/1924/1962 1922/1923/1961 1890/1891/1929 1891/1892/1930
f 1924/1925/1963 1923/1924/1962 1891/1892/1930 1892/1893/1931
f 1925/1926/1964 1924/1925/1963 1892/1893/1931 1893/1894/1932
f 1926/1927/1965 1925/1926/1964 1893/1894/1932 1894/1895/1933
f 1927/1928/1966 1926/1927/1965 1894/1895/1933 1895/1896/1934
f 1928/1929/1967 1927/1928/1966 1895/1896/1934 1896/1897/1935
f 1929/1930/1968 1928/1929/1967 1896/1897/1935 1897/1898/1936
f 1930/1931/1969 1929/1930/1968 1897/1898/1936 1898/1899/1937
f 1931/1932/1970 1930/1931/1969 1898/1899/1937 1899/1900/1938
f 1932/1933/1971 1931/1932/1970 1899/1900/1938 1900/1901/1939
f 1933/1934/1972 1932/1933/1971 1900/1901/1939 1901/1902/1940
f 1934/1935/1973 1933/1934/1972 1901/1902/1940 1902/1903/1941
f 1935/1936/1974 1934/1935/1973 1902/1903/1941 1903/1904/1942
f 1936/1937/1975 1935/1936/1974 1903/1904/1942 1904/1905/1943
f 1937/1938/1976 1936/1937/1975 1904/1905/1943 1905/1906/1944
f 1939/1940/1977 1938/1939/1978 1906/1907/1946 1907/1908/1945
f 1940/1941/1979 1939/1940/1977 1907/1908/1945 1908/1909/1947
f 1941/1942/1980 1940/1941/1979 1908/1909/1947 1909/1910/1948
f 1942/1943/1981 1941/1942/1980 1909/1910/1948 1910/1911/1949
f 1943/1944/1982 1942/1943/1981 1910/1911/1949 1911/1912/1950
f 1944/1945/1983 1943/1944/1982 1911/1912/1950 1912/1913/1951
f 1945/1946/1984 1944/1945/1983 1912/1913/1951 1913/1914/1952
f 1946/1947/1985 1945/1946/1984 1913/1914/1952 1914/1915/1953
f 1947/1948/1986 1946/1947/1985 1914/1915/1953 1915/1916/1954
f 1948/1949/1987 1947/1948/1986 1915/1916/1954 1916/1917/1955
f 1949/1950/1988 1948/1949/1987 1916/1917/1955 1917/1918/1956
f 1950/1951/1989 1949/1950/1988 1917/1918/1956 1918/1919/1957
f 1951/1952/1990 1950/1951/1989 1918/1919/1957 1919/1920/1958
f 1952/1953/1991 1951/1952/1990 1919/1920/1958 1920/1921/1959
f 1953/1954/1992 1952/1953/1991 1920/1921/1959 1921/1922/1960
f 1954/1955/1993 1953/1954/1992 1921/1922/1960 1922/1923/1961
f 1955/1956/1994 1954/1955/1993 1922/1923/1961 1923/1924/1962
f 1956/1957/1995 1955/1956/1994 1923/1924/1962 1924/1925/1963
f 1957/1958/1996 1956/1957/1995 1924/1925/1963 1925/1926/1964
f 1958/1959/1997 1957/1958/1996 1925/1926/1964 1926/1927/1965
f 1959/1960/1998 1958/1959/1997 1926/1927/1965 1927/1928/1966
f 1960/1961/1999 1959/1960/1998 1927/1928/1966 1928/1929/1967
f 1961/1962/2000 1960/1961/1999 1928/1929/1967 1929/1930/1968
f 1962/1963/2001 1961/1962/2000 1929/1930/1968 1930/1931/1969
f 1963/1964/2002 1962/1963/2001 1930/1931/1969 1931/1932/1970
f 1964/1965/2003 1963/1964/2002 1931/1932/1970 1932/1933/1971
f 1965/1966/2004 1964/1965/2003 1932/1933/1971 1933/1934/1972
f 1966/1967/2005 1965/1966/2004 1933/1934/1972 1934/1935/1973
f 1967/1968/2006 1966/1967/2005 1934/1935/1973 1935/1936/1974
f 1968/1969/2007 1967/1968/2006 1935/1936/1974 1936/1937/1975
f 1969/1970/2008 1968/1969/2007 1936/1937/1975 1937/1938/1976
f 1971/1972/2009 1970/1971/2010 1938/1939/1978 1939/1940/1977
f 1972/1973/2011 1971/1972/2009 1939/1940/1977 1940/1941/1979
f 1973/1974/2012 1972/1973/2011 1940/1941/1979 1941/1942/1980
f 1974/1975/2013 1973/1974/2012 1941/1942/1980 1942/1943/1981
f 1975/1976/2014 1974/1975/2013 1942/1943/1981 1943/1944/1982
f 1976/1977/2015 1975/1976/2014 1943/1944/1982 1944/1945/1983
f 1977/1978/2016 1976/1977/2015 1944/1945/1983 1945/1946/1984
f 1978/1979/2017 1977/1978/2016 1945/1946/1984 1946/1947/1985
f 1979/1980/2018 1978/1979/2017 1946/1947/1985 1947/1948/1986
f 1980/1981/2019 1979/1980/2018 1947/1948/1986 1948/1949/1987
f 1981/1982/2020 1980/1981/2019 1948/1949/1987 1949/1950/1988
f 1982/1983/2021 1981/1982/2020 1949/1950/1988 1950/1951/1989
f 1983/1984/2022 1982/1983/2021 1950/1951/1989 1951/1952/1990
f 1984/1985/2023 1983/1984/2022 1951/1952/1990 1952/1953/1991
f 1985/1986/2024 1984/1985/2023 1952/1953/1991 1953/1954/1992
f 1986/1987/2025 1985/1986/2024 1953/1954/1992 1954/1955/1993
f 1987/1988/2026 1986/1987/2025 1954/1955/1993 1955/1956/1994
f 1988/1989/2027 1987/1988/2026 1955/1956/1994 1956/1957/1995
f 1989/1990/2028 1988/1989/2027 1956/1957/1995 1957/1958/1996
f 1990/1991/2029 1989/1990/2028 1957/1958/1996 1958/1959/1997
f 1991/1992/2030 1990/1991/2029 1958/1959/1997 1959/1960/1998
f 1992/1993/2031 1991/1992/2030 1959/1960/1998 1960/1961/1999
f 1993/1994/2032 1992/1993/2031 1960/1961/1999 1961/1962/2000
f 1994/1995/2033 1993/1994/2032 1961/1962/2000 1962/1963/2001
f 1995/1996/2034 1994/1995/2033 1962/1963/2001 1963/1964/2002
f 1996/1997/2035 1995/1996/2034 1963/1964/2002 1964/1965/2003
f 1997/1998/2036 1996/1997/2035 1964/1965/2003 1965/1966/2004
f 1998/1999/2037 1997/1998/2036 1965/1966/2004 1966/1967/2005
f 1999/2000/2038 1998/1999/2037 1966/1967/2005 1967/1968/2006
f 2000/2001/2039 1999/2000/2038 1967/1968/2006 1968/1969/2007
f 2001/2002/2040 2000/2001/2039 1968/1969/2007 1969/1970/2008
f 2003/2004/2041 2002/2003/2042 1970/1971/2010 1971/1972/2009
f 2004/2005/2043 2003/2004/2041 1971/1972/2009 1972/1973/2011
f 2005/2006/2044 2004/2005/2043 1972/1973/2011 1973/1974/2012
f 2006/2007/2045 2005/2006/2044 1973/1974/2012 1974/1975/2013
f 2007/2008/2046 2006/2007/2045 1974/1975/2013 1975/1976/2014
f 2008/2009/2047 2007/2008/2046 1975/1976/2014 1976/1977/2015
f 2009/2010/2048 2008/2009/2047 1976/1977/2015 1977/1978/2016
f 2010/2011/2049 2009/2010/2048 1977/1978/2016 1978/1979/2017
f 2011/2012/2050 2010/2011/2049 1978/1979/2017 1979/1980/2018
f 2012/2013/2051 2011/2012/2050 1979/1980/2018 1980/1981/2019
f 2013/2014/2052 2012/2013/2051 1980/1981/2019 1981/1982/2020
f 2014/2015/2053 2013/2014/2052 1981/1982/2020 1982/1983/2021
f 2015/2016/2054 2014/2015/2053 1982/1983/2021 1983/1984/2022
f 2016/2017/2055 2015/2016/2054 1983/1984/2022 1984/1985/2023
f 2017/2018/2056 2016/2017/2055 1984/1985/2023 1985/1986/2024
f 2018/2019/2057 2017/2018/2056 1985/1986/2024 1986/1987/2025
f 2019/2020/2058 2018/2019/2057 1986/1987/2025 1987/1988/2026
f 2020/2021/2059 2019/2020/2058 1987/1988/2026 1988/1989/2027
f 2021/2022/2060 2020/2021/2059 1988/1989/2027 1989/1990/2028
f 2022/2023/2061 2021/2022/2060 1989/1990/2028 1990/1991/2029
f 2023/2024/2062 2022/2023/2061 1990/1991/2029 1991/1992/2030
f 2024/2025/2063 2023/2024/2062 1991/1992/2030 1992/1993/2031
f 2025/2026/2064 2024/2025/2063 1992/1993/2031 1993/1994/2032
f 2026/2027/2065 2025/2026/2064 1993/1994/2032 1994/1995/2033
f 2027/2028/2066 2026/2027/2065 1994/1995/2033 1995/1996/2034
f 2028/2029/2067 2027/2028/2066 1995/1996/2034 1996/1997/2035
f 2029/2030/2068 2028/2029/2067 1996/1997/2035 1997/1998/2036
f 2030/2031/2069 2029/2030/2068 1997/1998/2036 1998/1999/2037
f 2031/2032/2070 2030/2031/2069 1998/1999/2037 1999/2000/2038
f 2032/2033/2071 2031/2032/2070 1999/2000/2038 2000/2001/2039
f 2033/2034/2072 2032/2033/2071 2000/2001/2039 2001/2002/2040
f 2035/2036/2073 2034/2035/2074 2002/2003/2042 2003/2004/2041
f 2036/2037/2075 2035/2036/2073 2003/2004/2041 2004/2005/2043
f 2037/2038/2076 2036/2037/2075 2004/2005/2043 2005/2006/2044
f 2038/2039/2077 2037/2038/2076 2005/2006/2044 2006/2007/2045
f 2039/2040/2078 2038/2039/2077 2006/2007/2045 2007/2008/2046
f 2040/2041/2079 2039/2040/2078 2007/2008/2046 2008/2009/2047
f 2041/2042/2080 2040/2041/2079 2008/2009/2047 2009/2010/2048
f 2042/2043/2081 2041/2042/2080 2009/2010/2048 2010/2011/2049
f 2043/2044/2082 2042/2043/2081 2010/2011/2049 2011/2012/2050
f 2044/2045/2083 2043/2044/2082 2011/2012/2050 2012/2013/2051
f 2045/2046/2084 2044/2045/2083 2012/2013/2051 2013/2014/2052
f 2046/2047/2085 2045/2046/2084 2013/2014/2052 2014/2015/2053
f 2047/2048/2086 2046/2047/2085 2014/2015/2053 2015/2016/2054
f 2048/2049/2087 2047/2048/2086 2015/2016/2054 2016/2017/2055
f 2049/2050/2088 2048/2049/2087 2016/2017/2055 2017/2018/2056
f 2050/2051/2089 2049/2050/2088 2017/2018/2056 2018/2019/2057
f 2051/2052/2090 2050/2051/2089 2018/2019/2057 2019/2020/2058
f 2052/2053/2091 2051/2052/2090 2019/2020/2058 2020/2021/2059
f 2053/2054/2092 2052/2053/2091 2020/2021/2059 2021/2022/2060
f 2054/2055/2093 2053/2054/2092 2021/2022/2060 2022/2023/2061
f 2055/2056/2094 2054/2055/2093 2022/2023/2061 2023/2024/2062
f 2056/2057/2095 2055/2056/2094 2023/2024/2062 2024/2025/2063
f 2057/2058/2096 2056/2057/2095 2024/2025/2063 2025/2026/2064
f 2058/2059/2097 2057/2058/2096 2025/2026/2064 2026/2027/2065
f 2059/2060/2098 2058/2059/2097 2026/2027/2065 2027/2028/2066
f 2060/2061/2099 2059/2060/2098 2027/2028/2066 2028/2029/2067
f 2061/2062/2100 2060/2061/2099 2028/2029/2067 2029/2030/2068
f 2062/2063/2101 2061/2062/2100 2029/2030/2068 2030/2031/2069
f 2063/2064/2102 2062/2063/2101 2030/2031/2069 2031/2032/2070
f 2064/2065/2103 2063/2064/2102 2031/2032/2070 2032/2033/2071
f 2065/2066/2104 2064/2065/2103 2032/2033/2071 2033/2034/2072
f 2067/2068/2105 2066/2067/2106 2034/2035/2074 2035/2036/2073
f 2068/2069/2107 2067/2068/2105 2035/2036/2073 2036/2037/2075
f 2069/2070/2108 2068/2069/2107 2036/2037/2075 2037/2038/2076
f 2070/2071/2109 2069/2070/2108 2037/2038/2076 2038/2039/2077
f 2071/2072/2110 2070/2071/2109 2038/2039/2077 2039/2040/2078
f 2072/2073/2111 2071/2072/2110 2039/2040/2078 2040/2041/2079
f 2073/2074/2112 2072/2073/2111 2040/2041/2079 2041/2042/2080
f 2074/2075/2113 2073/2074/2112 2041/2042/2080 2042/2043/2081
f 2075/2076/2114 2074/2075/2113 2042/2043/2081 2043/2044/2082
f 2076/2077/2115 2075/2076/2114 2043/2044/2082 2044/2045/2083
f 2077/2078/2116 2076/2077/2115 2044/2045/2083 2045/2046/2084
f 2078/2079/2117 2077/2078/2116 2045/2046/2084 2046/2047/2085
f 2079/2080/2118 2078/2079/2117 2046/2047/2085 2047/2048/2086
f 2080/2081/2119 2079/2080/2118 2047/2048/2086 2048/2049/2087
f 2081/2082/2120 2080/2081/2119 2048/2049/2087 2049/2050/2088
f 2082/2083/2121 2081/2082/2120 2049/2050/2088 2050/2051/2089
f 2083/2084/2122 2082/2083/2121 2050/2051/2089 2051/2052/2090
f 2084/2085/2123 2083/2084/2122 2051/2052/2090 2052/2053/2091
f 2085/2086/2124 2084/2085/2123 2052/2053/2091 2053/2054/2092
f 2086/2087/2125 2085/2086/2124 2053/2054/2092 2054/2055/2093
f 2087/2088/2126 2086/2087/2125 2054/2055/2093 2055/2056/2094
f 2088/2089/2127 2087/2088/2126 2055/2056/2094 2056/2057/2095
f 2089/2090/2128 2088/2089/2127 2056/2057/2095 2057/2058/2096
f 2090/2091/2129 2089/2090/2128 2057/2058/2096 2058/2059/2097
f 2091/2092/2130 2090/2091/2129 2058/2059/2097 2059/2060/2098
f 2092/2093/2131 2091/2092/2130 2059/2060/2098 2060/2061/2099
f 2093/2094/2132 2092/2093/2131 2060/2061/2099 2061/2062/2100
f 2094/2095/2133 2093/2094/2132 2061/2062/2100 2062/2063/2101
f 2095/2096/2134 2094/2095/2133 2062/2063/2101 2063/2064/2102
f 2096/2097/2135 2095/2096/2134 2063/2064/2102 2064/2065/2103
f 2097/2098/2136 2096/2097/2135 2064/2065/2103 2065/2066/2104
f 2099/2100/2137 2098/2099/2138 2066/2067/2106 2067/2068/2105
f 2100/2101/2139 2099/2100/2137 2067/2068/2105 2068/2069/2107
f 2101/2102/2140 2100/2101/2139 2068/2069/2107 2069/2070/2108
f 2102/2103/2141 2101/2102/2140 2069/2070/2108 2070/2071/2109
f 2103/2104/2142 2102/2103/2141 2070/2071/2109 2071/2072/2110
f 2104/2105/2143 2103/2104/2142 2071/2072/2110 2072/2073/2111
f 2105/2106/2144 2104/2105/2143 2072/2073/2111 2073/2074/2112
f 2106/2107/2145 2105/2106/2144 2073/2074/2112 2074/2075/2113
f 2107/2108/2146 2106/2107/2145 2074/2075/2113 2075/2076/2114
f 2108/2109/2147 2107/2108/2146 2075/2076/2114 2076/2077/2115
f 2109/2110/2148 2108/2109/2147 2076/2077/2115 2077/2078/2116
f 2110/2111/2149 2109/2110/2148 2077/2078/2116 2078/2079/2117
f 2111/2112/2150 2110/2111/2149 2078/2079/2117 2079/2080/2118
f 2112/2113/2151 2111/2112/2150 2079/2080/2118 2080/2081/2119
f 2113/2114/2152 2112/2113/2151 2080/2081/2119 2081/2082/2120
f 2114/2115/2153 2113/2114/2152 2081/2082/2120 2082/2083/2121
f 2115/2116/2154 2114/2115/2153 2082/2083/2121 2083/2084/2122
f 2116/2117/2155 2115/2116/2154 2083/2084/2122 2084/2085/2123
f 2117/2118/2156 2116/2117/2155 2084/2085/2123 2085/2086/2124
f 2118/2119/2157 2117/2118/2156 2085/2086/2124 2086/2087/2125
f 2119/2120/2158 2118/2119/2157 2086/2087/2125 2087/2088/2126
f 2120/2121/2159 2119/2120/2158 2087/2088/2126 2088/2089/2127
f 2121/2122/2160 2120/2121/2159 2088/2089/2127 2089/2090/2128
f 2122/2123/2161 2121/2122/2160 2089/2090/2128 2090/2091/2129
f 2123/2124/2162 2122/2123/2161 2090/2091/2129 2091/2092/2130
f 2124/2125/2163 2123/2124/2162 2091/2092/2130 2092/2093/2131
f 2125/2126/2164 2124/2125/2163 2092/2093/2131 2093/2094/2132
f 2126/2127/2165 2125/2126/2164 2093/2094/2132 2094/2095/2133
f 2127/2128/2166 2126/2127/2165 2094/2095/2133 2095/2096/2134
f 2128/2129/2167 2127/2128/2166 2095/2096/2134 2096/2097/2135
f 2129/2130/2168 2128/2129/2167 2096/2097/2135 2097/2098/2136
f 2131/2132/2169 2130/2131/2170 2098/2099/2138 2099/2100/2137
f 2132/2133/2171 2131/2132/2169 2099/2100/2137 2100/2101/2139
f 2133/2134/2172 2132/2133/2171 2100/2101/2139 2101/2102/2140
f 2134/2135/2173 2133/2134/2172 2101/2102/2140 2102/2103/2141
f 2135/2136/2174 2134/2135/2173 2102/2103/2141 2103/2104/2142
f 2136/2137/2175 2135/2136/2174 2103/2104/2142 2104/2105/2143
f 2137/2138/2176 2136/2137/2175 2104/2105/2143 2105/2106/2144
f 2138/2139/2177 2137/2138/2176 2105/2106/2144 2106/2107/2145
f 2139/2140/2178 2138/2139/2177 2106/2107/2145 2107/2108/2146
f 2140/2141/2179 2139/2140/2178 2107/2108/2146 2108/2109/2147
f 2141/2142/2180 2140/2141/2179 2108/2109/2147 2109/2110/2148
f 2142/2143/2181 2141/2142/2180 2109/2110/2148 2110/2111/2149
f 2143/2144/2182 2142/2143/2181 2110/2111/2149 2111/2112/2150
f 2144/2145/2183 2143/2144/2182 2111/2112/2150 2112/2113/2151
f 2145/2146/2184 2144/2145/2183 2112/2113/2151 2113/2114/2152
f 2146/2147/2185 2145/2146/2184 2113/2114/2152 2114/2115/2153
f 2147/2148/2186 2146/2147/2185 2114/2115/2153 2115/2116/2154
f 2148/2149/2187 2147/2148/2186 2115/2116/2154 2116/2117/2155
f 2149/2150/2188 2148/2149/2187 2116/2117/2155 2117/2118/2156
f 2150/2151/2189 2149/2150/2188 2117/2118/2156 2118/2119/2157
f 2151/2152/2190 2150/2151/2189 2118/2119/2157 2119/2120/2158
f 2152/2153/2191 2151/2152/2190 2119/2120/2158 2120/2121/2159
f 2153/2154/2192 2152/2153/2191 2120/2121/2159 2121/2122/2160
f 2154/2155/2193 2153/2154/2192 2121/2122/2160 2122/2123/2161
f 2155/2156/2194 2154/2155/2193 2122/2123/2161 2123/2124/2162
f 2156/2157/2195 2155/2156/2194 2123/2124/2162 2124/2125/2163
f 2157/2158/2196 2156/2157/2195 2124/2125/2163 2125/2126/2164
f 2158/2159/2197 2157/2158/2196 2125/2126/2164 2126/2127/2165
f 2159/2160/2198 2158/2159/2197 2126/2127/2165 2127/2128/2166
f 2160/2161/2199 2159/2160/2198 2127/2128/2166 2128/2129/2167
f 2161/2162/2200 2160/2161/2199 2128/2129/2167 2129/2130/2168
f 2163/2164/2201 2162/2163/2202 2130/2131/2170 2131/2132/2169
f 2164/2165/2203 2163/2164/2201 2131/2132/2169 2132/2133/2171
f 2165/2166/2204 2164/2165/2203 2132/2133/2171 2133/2134/2172
f 2166/2167/2205 2165/2166/2204 2133/2134/2172 2134/2135/2173
f 2167/2168/2206 2166/2167/2205 2134/2135/2173 2135/2136/2174
f 2168/2169/2207 2167/2168/2206 2135/2136/2174 2136/2137/2175
f 2169/2170/2208 2168/2169/2207 2136/2137/2175 2137/2138/2176
f 2170/2171/2209 2169/2170/2208 2137/2138/2176 2138/2139/2177
f 2171/2172/2210 2170/2171/2209 2138/2139/2177 2139/2140/2178
f 2172/2173/2211 2171/2172/2210 2139/2140/2178 2140/2141/2179
f 2173/2174/2212 2172/2173/2211 2140/2141/2179 2141/2142/2180
f 2174/2175/2213 2173/2174/2212 2141/2142/2180 2142/2143/2181
f 2175/2176/2214 2174/2175/2213 2142/2143/2181 2143/2144/2182
f 2176/2177/2215 2175/2176/2214 2143/2144/2182 2144/2145/2183
f 2177/2178/2216 2176/2177/2215 2144/2145/2183 2145/2146/2184
f 2178/2179/2217 2177/2178/2216 2145/2146/2184 2146/2147/2185
f 2179/2180/2218 2178/2179/2217 2146/2147/2185 2147/2148/2186
f 2180/2181/2219 2179/2180/2218 2147/2148/2186 2148/2149/2187
f 2181/2182/2220 2180/2181/2219 2148/2149/2187 2149/2150/2188
f 2182/2183/2221 2181/2182/2220 2149/2150/2188 2150/2151/2189
f 2183/2184/2222 2182/2183/2221 2150/2151/2189 2151/2152/2190
f 2184/2185/2223 2183/2184/2222 2151/2152/2190 2152/2153/2191
f 2185/2186/2224 2184/2185/2223 2152/2153/2191 2153/2154/2192
f 2186/2187/2225 2185/2186/2224 2153/2154/2192 2154/2155/2193
f 2187/2188/2226 2186/2187/2225 2154/2155/2193 2155/2156/2194
f 2188/2189/2227 2187/2188/2226 2155/2156/2194 2156/2157/2195
f 2189/2190/2228 2188/2189/2227 2156/2157/2195 2157/2158/2196
f 2190/2191/2229 2189/2190/2228 2157/2158/2196 2158/2159/2197
f 2191/2192/2230 2190/2191/2229 2158/2159/2197 2159/2160/2198
f 2192/2193/2231 2191/2192/2230 2159/2160/2198 2160/2161/2199
f 2193/2194/2232 2192/2193/2231 2160/2161/2199 2161/2162/2200
f 2195/2196/2233 2194/2195/2234 2162/2163/2202 2163/2164/2201
f 2196/2197/2235 2195/2196/2233 2163/2164/2201 2164/2165/2203
f 2197/2198/2236 2196/2197/2235 2164/2165/2203 2165/2166/2204
f 2198/2199/2237 2197/2198/2236 2165/2166/2204 2166/2167/2205
f 2199/2200/2238 2198/2199/2237 2166/2167/2205 2167/2168/2206
f 2200/2201/2239 2199/2200/2238 2167/2168/2206 2168/2169/2207
f 2201/2202/2240 2200/2201/2239 2168/2169/2207 2169/2170/2208
f 2202/2203/2241 2201/2202/2240 2169/2170/2208 2170/2171/2209
f 2203/2204/2242 2202/2203/2241 2170/2171/2209 2171/2172/2210
f 2204/2205/2243 2203/2204/2242 2171/2172/2210 2172/2173/2211
f 2205/2206/2244 2204/2205/2243 2172/2173/2211 2173/2174/2212
f 2206/2207/2245 2205/2206/2244 2173/2174/2212 2174/2175/2213
f 2207/2208/2246 2206/2207/2245 2174/2175/2213 2175/2176/2214
f 2208/2209/2247 2207/2208/2246 2175/2176/2214 2176/2177/2215
f 2209/2210/2248 2208/2209/2247 2176/2177/2215 2177/2178/2216
f 2210/2211/2249 2209/2210/2248 2177/2178/2216 2178/2179/2217
f 2211/2212/2250 2210/2211/2249 2178/2179/2217 2179/2180/2218
f 2212/2213/2251 2211/2212/2250 2179/2180/2218 2180/2181/2219
f 2213/2214/2252 2212/2213/2251 2180/2181/2219 2181/2182/2220
f 2214/2215/2253 2213/2214/2252 2181/2182/2220 2182/2183/2221
f 2215/2216/2254 2214/2215/2253 2182/2183/2221 2183/2184/2222
f 2216/2217/2255 2215/2216/2254 2183/2184/2222 2184/2185/2223
f 2217/2218/2256 2216/2217/2255 2184/2185/2223 2185/2186/2224
f 2218/2219/2257 2217/2218/2256 2185/2186/2224 2186/2187/2225
f 2219/2220/2258 2218/2219/2257 2186/2187/2225 2187/2188/2226
f 2220/2221/2259 2219/2220/2258 2187/2188/2226 2188/2189/2227
f 2221/2222/2260 2220/2221/2259 2188/2189/2227 2189/2190/2228
f 2222/2223/2261 2221/2222/2260 2189/2190/2228 2190/2191/2229
f 2223/2224/2262 2222/2223/2261 2190/2191/2229 2191/2192/2230
f 2224/2225/2263 2223/2224/2262 2191/2192/2230 2192/2193/2231
f 2225/2226/2264 2224/2225/2263 2192/2193/2231 2193/2194/2232
f 2227/2228/2265 2226/2227/2266 2194/2195/2234 2195/2196/2233
f 2228/2229/2267 2227/2228/2265 2195/2196/2233 2196/2197/2235
f 2229/2230/2268 2228/2229/2267 2196/2197/2235 2197/2198/2236
f 2230/2231/2269 2229/2230/2268 2197/2198/2236 2198/2199/2237
f 2231/2232/2270 2230/2231/2269 2198/2199/2237 2199/2200/2238
f 2232/2233/2271 2231/2232/2270 2199/2200/2238 2200/2201/2239
f 2233/2234/2272 2232/2233/2271 2200/2201/2239 2201/2202/2240
f 2234/2235/2273 2233/2234/2272 2201/2202/2240 2202/2203/2241
f 2235/2236/2274 2234/2235/2273 2202/2203/2241 2203/2204/2242
f 2236/2237/2275 2235/2236/2274 2203/2204/2242 2204/2205/2243
f 2237/2238/2276 2236/2237/2275 2204/2205/2243 2205/2206/2244
f 2238/2239/2277 2237/2238/2276 2205/2206/2244 2206/2207/2245
f 2239/2240/2278 2238/2239/2277 2206/2207/2245 2207/2208/2246
f 2240/2241/2279 2239/2240/2278 2207/2208/2246 2208/2209/2247
f 2241/2242/2280 2240/2241/2279 2208/2209/2247 2209/2210/2248
f 2242/2243/2281 2241/2242/2280 2209/2210/2248 2210/2211/2249
f 2243/2244/2282 2242/2243/2281 2210/2211/2249 2211/2212/2250
f 2244/2245/2283 2243/2244/2282 2211/2212/2250 2212/2213/2251
f 2245/2246/2284 2244/2245/2283 2212/2213/2251 2213/2214/2252
f 2246/2247/2285 2245/2246/2284 2213/2214/2252 2214/2215/2253
f 2247/2248/2286 2246/2247/2285 2214/2215/2253 2215/2216/2254
f 2248/2249/2287 2247/2248/2286 2215/2216/2254 2216/2217/2255
f 2249/2250/2288 2248/2249/2287 2216/2217/2255 2217/2218/2256
f 2250/2251/2289 2249/2250/2288 2217/2218/2256 2218/2219/2257
f 2251/2252/2290 2250/2251/2289 2218/2219/2257 2219/2220/2258
f 2252/2253/2291 2251/2252/2290 2219/2220/2258 2220/2221/2259
f 2253/2254/2292 2252/2253/2291 2220/2221/2259 2221/2222/2260
f 2254/2255/2293 2253/2254/2292 2221/2222/2260 2222/2223/2261
f 2255/2256/2294 2254/2255/2293 2222/2223/2261 2223/2224/2262
f 2256/2257/2295 2255/2256/2294 2223/2224/2262 2224/2225/2263
f 2257/2258/2296 2256/2257/2295 2224/2225/2263 2225/2226/2264
f 2259/2260/2297 2258/2259/2298 2226/2227/2266 2227/2228/2265
f 2260/2261/2299 2259/2260/2297 2227/2228/2265 2228/2229/2267
f 2261/2262/2300 2260/2261/2299 2228/2229/2267 2229/2230/2268
f 2262/2263/2301 2261/2262/2300 2229/2230/2268 2230/2231/2269
f 2263/2264/2302 2262/2263/2301 2230/2231/2269 2231/2232/2270
f 2264/2265/2303 2263/2264/2302 2231/2232/2270 2232/2233/2271
f 2265/2266/2304 2264/2265/2303 2232/2233/2271 2233/2234/2272
f 2266/2267/2305 2265/2266/2304 2233/2234/2272 2234/2235/2273
f 2267/2268/2306 2266/2267/2305 2234/2235/2273 2235/2236/2274
f 2268/2269/2307 2267/2268/2306 2235/2236/2274 2236/2237/2275
f 2269/2270/2308 2268/2269/2307 2236/2237/2275 2237/2238/2276
f 2270/2271/2309 2269/2270/2308 2237/2238/2276 2238/2239/2277
f 2271/2272/2310 2270/2271/2309 2238/2239/2277 2239/2240/2278
f 2272/2273/2311 2271/2272/2310 2239/2240/2278 2240/2241/2279
f 2273/2274/2312 2272/2273/2311 2240/2241/2279 2241/2242/2280
f 2274/2275/2313 2273/2274/2312 2241/2242/2280 2242/2243/2281
f 2275/2276/2314 2274/2275/2313 2242/2243/2281 2243/2244/2282
f 2276/2277/2315 2275/2276/2314 2243/2244/2282 2244/2245/2283
f 2277/2278/2316 2276/2277/2315 2244/2245/2283 2245/2246/2284
f 2278/2279/2317 2277/2278/2316 2245/2246/2284 2246/2247/2285
f 2279/2280/2318 2278/2279/2317 2246/2247/2285 2247/2248/2286
f 2280/2281/2319 2279/2280/2318 2247/2248/2286 2248/2249/2287
f 2281/2282/2320 2280/2281/2319 2248/2249/2287 2249/2250/2288
f 2282/2283/2321 2281/2282/2320 2249/2250/2288 2250/2251/2289
f 2283/2284/2322 2282/2283/2321 2250/2251/2289 2251/2252/2290
f 2284/2285/2323 2283/2284/2322 2251/2252/2290 2252/2253/2291
f 2285/2286/2324 2284/2285/2323 2252/2253/2291 2253/2254/2292
f 2286/2287/2325 2285/2286/2324 2253/2254/2292 2254/2255/2293
f 2287/2288/2326 2286/2287/2325 2254/2255/2293 2255/2256/2294
f 2288/2289/2327 2287/2288/2326 2255/2256/2294 2256/2257/2295
f 2289/2290/2328 2288/2289/2327 2256/2257/2295 2257/2258/2296
f 2291/2292/2329 2290/2291/2330 2258/2259/2298 2259/2260/2297
f 2292/2293/2331 2291/2292/2329 2259/2260/2297 2260/2261/2299
f 2293/2294/2332 2292/2293/2331 2260/2261/2299 2261/2262/2300
f 2294/2295/2333 2293/2294/2332 2261/2262/2300 2262/2263/2301
f 2295/2296/2334 2294/2295/2333 2262/2263/2301 2263/2264/2302
f 2296/2297/2335 2295/2296/2334 2263/2264/2302 2264/2265/2303
f 2297/2298/2336 2296/2297/2335 2264/2265/2303 2265/2266/2304
f 2298/2299/2337 2297/2298/2336 2265/2266/2304 2266/2267/2305
f 2299/2300/2338 2298/2299/2337 2266/2267/2305 2267/2268/2306
f 2300/2301/2339 2299/2300/2338 2267/2268/2306 2268/2269/2307
f 2301/2302/2340 2300/2301/2339 2268/2269/2307 2269/2270/2308
f 2302/2303/2341 2301/2302/2340 2269/2270/2308 2270/2271/2309
f 2303/2304/2342 2302/2303/2341 2270/2271/2309 2271/2272/2310
f 2304/2305/2343 2303/2304/2342 2271/2272/2310 2272/2273/2311
f 2305/2306/2344 2304/2305/2343 2272/2273/2311 2273/2274/2312
f 2306/2307/2345 2305/2306/2344 2273/2274/2312 2274/2275/2313
f 2307/2308/2346 2306/2307/2345 2274/2275/2313 2275/2276/2314
f 2308/2309/2347 2307/2308/2346 2275/2276/2314 2276/2277/2315
f 2309/2310/2348 2308/2309/2347 2276/2277/2315 2277/2278/2316
f 2310/2311/2349 2309/2310/2348 2277/2278/2316 2278/2279/2317
f 2311/2312/2350 2310/2311/2349 2278/2279/2317 2279/2280/2318
f 2312/2313/2351 2311/2312/2350 2279/2280/2318 2280/2281/2319
f 2313/2314/2352 2312/2313/2351 2280/2281/2319 2281/2282/2320
f 2314/2315/2353 2313/2314/2352 2281/2282/2320 2282/2283/2321
f 2315/2316/2354 2314/2315/2353 2282/2283/2321 2283/2284/2322
f 2316/2317/2355 2315/2316/2354 2283/2284/2322 2284/2285/2323
f 2317/2318/2356 2316/2317/2355 2284/2285/2323 2285/2286/2324
f 2318/2319/2357 2317/2318/2356 2285/2286/2324 2286/2287/2325
f 2319/2320/2358 2318/2319/2357 2286/2287/2325 2287/2288/2326
f 2320/2321/2359 2319/2320/2358 2287/2288/2326 2288/2289/2327
f 2321/2322/2360 2320/2321/2359 2288/2289/2327 2289/2290/2328
f 2323/2324/2361 2322/2323/2362 2290/2291/2330 2291/2292/2329
f 2324/2325/2363 2323/2324/2361 2291/2292/2329 2292/2293/2331
f 2325/2326/2364 2324/2325/2363 2292/2293/2331 2293/2294/2332
f 2326/2327/2365 2325/2326/2364 2293/2294/2332 2294/2295/2333
f 2327/2328/2366 2326/2327/2365 2294/2295/2333 2295/2296/2334
f 2328/2329/2367 2327/2328/2366 2295/2296/2334 2296/2297/2335
f 2329/2330/2368 2328/2329/2367 2296/2297/2335 2297/2298/2336
f 2330/2331/2369 2329/2330/2368 2297/2298/2336 2298/2299/2337
f 2331/2332/2370 2330/2331/2369 2298/2299/2337 2299/2300/2338
f 2332/2333/2371 2331/2332/2370 2299/2300/2338 2300/2301/2339
f 2333/2334/2372 2332/2333/2371 2300/2301/2339 2301/2302/2340
f 2334/2335/2373 2333/2334/2372 2301/2302/2340 2302/2303/2341
f 2335/2336/2374 2334/2335/2373 2302/2303/2341 2303/2304/2342
f 2336/2337/2375 2335/2336/2374 2303/2304/2342 2304/2305/2343
f 2337/2338/2376 2336/2337/2375 2304/2305/2343 2305/2306/2344
f 2338/2339/2377 2337/2338/2376 2305/2306/2344 2306/2307/2345
f 2339/2340/2378 2338/2339/2377 2306/2307/2345 2307/2308/2346
f 2340/2341/2379 2339/2340/2378 2307/2308/2346 2308/2309/2347
f 2341/2342/2380 2340/2341/2379 2308/2309/2347 2309/2310/2348
f 2342/2343/2381 2341/2342/2380 2309/2310/2348 2310/2311/2349
f 2343/2344/2382 2342/2343/2381 2310/2311/2349 2311/2312/2350
f 2344/2345/2383 2343/2344/2382 2311/2312/2350 2312/2313/2351
f 2345/2346/2384 2344/2345/2383 2312/2313/2351 2313/2314/2352
f 2346/2347/2385 2345/2346/2384 2313/2314/2352 2314/2315/2353
f 2347/2348/2386 2346/2347/2385 2314/2315/2353 2315/2316/2354
f 2348/2349/2387 2347/2348/2386 2315/2316/2354 2316/2317/2355
f 2349/2350/2388 2348/2349/2387 2316/2317/2355 2317/2318/2356
f 2350/2351/2389 2349/2350/2388 2317/2318/2356 2318/2319/2357
f 2351/2352/2390 2350/2351/2389 2318/2319/2357 2319/2320/2358
f 2352/2353/2391 2351/2352/2390 2319/2320/2358 2320/2321/2359
f 2353/2354/2392 2352/2353/2391 2320/2321/2359 2321/2322/2360
f 2355/2356/2393 2354/2355/2394 2322/2323/2362 2323/2324/2361
f 2356/2357/2395 2355/2356/2393 2323/2324/2361 2324/2325/2363
f 2357/2358/2396 2356/2357/2395 2324/2325/2363 2325/2326/2364
f 2358/2359/2397 2357/2358/2396 2325/2326/2364 2326/2327/2365
f 2359/2360/2398 2358/2359/2397 2326/2327/2365 2327/2328/2366
f 2360/2361/2399 2359/2360/2398 2327/2328/2366 2328/2329/2367
f 2361/2362/2400 2360/2361/2399 2328/2329/2367 2329/2330/2368
f 2362/2363/2401 2361/2362/2400 2329/2330/2368 2330/2331/2369
f 2363/2364/2402 2362/2363/2401 2330/2331/2369 2331/2332/2370
f 2364/2365/2403 2363/2364/2402 2331/2332/2370 2332/2333/2371
f 2365/2366/2404 2364/2365/2403 2332/2333/2371 2333/2334/2372
f 2366/2367/2405 2365/2366/2404 2333/2334/2372 2334/2335/2373
f 2367/2368/2406 2366/2367/2405 2334/2335/2373 2335/2336/2374
f 2368/2369/2407 2367/2368/2406 2335/2336/2374 2336/2337/2375
f 2369/2370/2408 2368/2369/2407 2336/2337/2375 2337/2338/2376
f 2370/2371/2409 2369/2370/2408 2337/2338/2376 2338/2339/2377
f 2371/2372/2410 2370/2371/2409 2338/2339/2377 2339/2340/2378
f 2372/2373/2411 2371/2372/2410 2339/2340/2378 2340/2341/2379
f 2373/2374/2412 2372/2373/2411 2340/2341/2379 2341/2342/2380
f 2374/2375/2413 2373/2374/2412 2341/2342/2380 2342/2343/2381
f 2375/2376/2414 2374/2375/2413 2342/2343/2381 2343/2344/2382
f 2376/2377/2415 2375/2376/2414 2343/2344/2382 2344/2345/2383
f 2377/2378/2416 2376/2377/2415 2344/2345/2383 2345/2346/2384
f 2378/2379/2417 2377/2378/2416 2345/2346/2384 2346/2347/2385
f 2379/2380/2418 2378/2379/2417 2346/2347/2385 2347/2348/2386
f 2380/2381/2419 2379/2380/2418 2347/2348/2386 2348/2349/2387
f 2381/2382/2420 2380/2381/2419 2348/2349/2387 2349/2350/2388
f 2382/2383/2421 2381/2382/2420 2349/2350/2388 2350/2351/2389
f 2383/2384/2422 2382/2383/2421 2350/2351/2389 2351/2352/2390
f 2384/2385/2423 2383/2384/2422 2351/2352/2390 2352/2353/2391
f 2385/2386/2424 2384/2385/2423 2352/2353/2391 2353/2354/2392
f 2387/2388/2425 2386/2387/2426 2354/2355/2394 2355/2356/2393
f 2388/2389/2427 2387/2388/2425 2355/2356/2393 2356/2357/2395
f 2389/2390/2428 2388/2389/2427 2356/2357/2395 2357/2358/2396
f 2390/2391/2429 2389/2390/2428 2357/2358/2396 2358/2359/2397
f 2391/2392/2430 2390/2391/2429 2358/2359/2397 2359/2360/2398
f 2392/2393/2431 2391/2392/2430 2359/2360/2398 2360/2361/2399
f 2393/2394/2432 2392/2393/2431 2360/2361/2399 2361/2362/2400
f 2394/2395/2433 2393/2394/2432 2361/2362/2400 2362/2363/2401
f 2395/2396/2434 2394/2395/2433 2362/2363/2401 2363/2364/2402
f 2396/2397/2435 2395/2396/2434 2363/2364/2402 2364/2365/2403
f 2397/2398/2436 2396/2397/2435 2364/2365/2403 2365/2366/2404
f 2398/2399/2437 2397/2398/2436 2365/2366/2404 2366/2367/2405
f 2399/2400/2438 2398/2399/2437 2366/2367/2405 2367/2368/2406
f 2400/2401/2439 2399/2400/2438 2367/2368/2406 2368/2369/2407
f 2401/2402/2440 2400/2401/2439 2368/2369/2407 2369/2370/2408
f 2402/2403/2441 2401/2402/2440 2369/2370/2408 2370/2371/2409
f 2403/2404/2442 2402/2403/2441 2370/2371/2409 2371/2372/2410
f 2404/2405/2443 2403/2404/2442 2371/2372/2410 2372/2373/2411
f 2405/2406/2444 2404/2405/2443 2372/2373/2411 2373/2374/2412
f 2406/2407/2445 2405/2406/2444 2373/2374/2412 2374/2375/2413
f 2407/2408/2446 2406/2407/2445 2374/2375/2413 2375/2376/2414
f 2408/2409/2447 2407/2408/2446 2375/2376/2414 2376/2377/2415
f 2409/2410/2448 2408/2409/2447 2376/2377/2415 2377/2378/2416
f 2410/2411/2449 2409/2410/2448 2377/2378/2416 2378/2379/2417
f 2411/2412/2450 2410/2411/2449 2378/2379/2417 2379/2380/2418
f 2412/2413/2451 2411/2412/2450 2379/2380/2418 2380/2381/2419
f 2413/2414/2452 2412/2413/2451 2380/2381/2419 2381/2382/2420
f 2414/2415/2453 2413/2414/2452 2381/2382/2420 2382/2383/2421
f 2415/2416/2454 2414/2415/2453 2382/2383/2421 2383/2384/2422
f 2416/2417/2455 2415/2416/2454 2383/2384/2422 2384/2385/2423
f 2417/2418/2456 2416/2417/2455 2384/2385/2423 2385/2386/2424
f 2419/2420/2457 2418/2419/2458 2386/2387/2426 2387/2388/2425
f 2420/2421/2459 2419/2420/2457 2387/2388/2425 2388/2389/2427
f 2421/2422/2460 2420/2421/2459 2388/2389/2427 2389/2390/2428
f 2422/2423/2461 2421/2422/2460 2389/2390/2428 2390/2391/2429
f 2423/2424/2462 2422/2423/2461 2390/2391/2429 2391/2392/2430
f 2424/2425/2463 2423/2424/2462 2391/2392/2430 2392/2393/2431
f 2425/2426/2464 2424/2425/2463 2392/2393/2431 2393/2394/2432
f 2426/2427/2465 2425/2426/2464 2393/2394/2432 2394/2395/2433
f 2427/2428/2466 2426/2427/2465 2394/2395/2433 2395/2396/2434
f 2428/2429/2467 2427/2428/2466 2395/2396/2434 2396/2397/2435
f 2429/2430/2468 2428/2429/2467 2396/2397/2435 2397/2398/2436
f 2430/2431/2469 2429/2430/2468 2397/2398/2436 2398/2399/2437
f 2431/2432/2470 2430/2431/2469 2398/2399/2437 2399/2400/2438
f 2432/2433/2471 2431/2432/2470 2399/2400/2438 2400/2401/2439
f 2433/2434/2472 2432/2433/2471 2400/2401/2439 2401/2402/2440
f 2434/2435/2473 2433/2434/2472 2401/2402/2440 2402/2403/2441
f 2435/2436/2474 2434/2435/2473 2402/2403/2441 2403/2404/2442
f 2436/2437/2475 2435/2436/2474 2403/2404/2442 2404/2405/2443
f 2437/2438/2476 2436/2437/2475 2404/2405/2443 2405/2406/2444
f 2438/2439/2477 2437/2438/2476 2405/2406/2444 2406/2407/2445
f 2439/2440/2478 2438/2439/2477 2406/2407/2445 2407/2408/2446
f 2440/2441/2479 2439/2440/2478 2407/2408/2446 2408/2409/2447
f 2441/2442/2480 2440/2441/2479 2408/2409/2447 2409/2410/2448
f 2442/2443/2481 2441/2442/2480 2409/2410/2448 2410/2411/2449
f 2443/2444/2482 2442/2443/2481 2410/2411/2449 2411/2412/2450
f 2444/2445/2483 2443/2444/2482 2411/2412/2450 2412/2413/2451
f 2445/2446/2484 2444/2445/2483 2412/2413/2451 2413/2414/2452
f 2446/2447/2485 2445/2446/2484 2413/2414/2452 2414/2415/2453
f 2447/2448/2486 2446/2447/2485 2414/2415/2453 2415/2416/2454
f 2448/2449/2487 2447/2448/2486 2415/2416/2454 2416/2417/2455
f 2449/2450/2488 2448/2449/2487 2416/2417/2455 2417/2418/2456
f 2451/2452/2489 2450/2451/2490 2418/2419/2458 2419/2420/2457
f 2452/2453/2491 2451/2452/2489 2419/2420/2457 2420/2421/2459
f 2453/2454/2492 2452/2453/2491 2420/2421/2459 2421/2422/2460
f 2454/2455/2493 2453/2454/2492 2421/2422/2460 2422/2423/2461
f 2455/2456/2494 2454/2455/2493 2422/2423/2461 2423/2424/2462
f 2456/2457/2495 2455/2456/2494 2423/2424/2462 2424/2425/2463
f 2457/2458/2496 2456/2457/2495 2424/2425/2463 2425/2426/2464
f 2458/2459/2497 2457/2458/2496 2425/2426/2464 2426/2427/2465
f 2459/2460/2498 2458/2459/2497 2426/2427/2465 2427/2428/2466
f 2460/2461/2499 2459/2460/2498 2427/2428/2466 2428/2429/2467
f 2461/2462/2500 2460/2461/2499 2428/2429/2467 2429/2430/2468
f 2462/2463/2501 2461/2462/2500 2429/2430/2468 2430/2431/2469
f 2463/2464/2502 2462/2463/2501 2430/2431/2469 2431/2432/2470
f 2464/2465/2503 2463/2464/2502 2431/2432/2470 2432/2433/2471
f 2465/2466/2504 2464/2465/2503 2432/2433/2471 2433/2434/2472
f 2466/2467/2505 2465/2466/2504 2433/2434/2472 2434/2435/2473
f 2467/2468/2506 2466/2467/2505 2434/2435/2473 2435/2436/2474
f 2468/2469/2507 2467/2468/2506 2435/2436/2474 2436/2437/2475
f 2469/2470/2508 2468/2469/2507 2436/2437/2475 2437/2438/2476
f 2470/2471/2509 2469/2470/2508 2437/2438/2476 2438/2439/2477
f 2471/2472/2510 2470/2471/2509 2438/2439/2477 2439/2440/2478
f 2472/2473/2511 2471/2472/2510 2439/2440/2478 2440/2441/2479
f 2473/2474/2512 2472/2473/2511 2440/2441/2479 2441/2442/2480
f 2474/2475/2513 2473/2474/2512 2441/2442/2480 2442/2443/2481
f 2475/2476/2514 2474/2475/2513 2442/2443/2481 2443/2444/2482
f 2476/2477/2515 2475/2476/2514 2443/2444/2482 2444/2445/2483
f 2477/2478/2516 2476/2477/2515 2444/2445/2483 2445/2446/2484
f 2478/2479/2517 2477/2478/2516 2445/2446/2484 2446/2447/2485
f 2479/2480/2518 2478/2479/2517 2446/2447/2485 2447/2448/2486
f 2480/2481/2519 2479/2480/2518 2447/2448/2486 2448/2449/2487
f 2481/2482/2520 2480/2481/2519 2448/2449/2487 2449/2450/2488
f 2483/2484/2521 2482/2483/2522 2450/2451/2490 2451/2452/2489
f 2484/2485/2523 2483/2484/2521 2451/2452/2489 2452/2453/2491
f 2485/2486/2524 2484/2485/2523 2452/2453/2491 2453/2454/2492
f 2486/2487/2525 2485/2486/2524 2453/2454/2492 2454/2455/2493
f 2487/2488/2526 2486/2487/2525 2454/2455/2493 2455/2456/2494
f 2488/2489/2527 2487/2488/2526 2455/2456/2494 2456/2457/2495
f 2489/2490/2528 2488/2489/2527 2456/2457/2495 2457/2458/2496
f 2490/2491/2529 2489/2490/2528 2457/2458/2496 2458/2459/2497
f 2491/2492/2530 2490/2491/2529 2458/2459/2497 2459/2460/2498
f 2492/2493/2531 2491/2492/2530 2459/2460/2498 2460/2461/2499
f 2493/2494/2532 2492/2493/2531 2460/2461/2499 2461/2462/2500
f 2494/2495/2533 2493/2494/2532 2461/2462/2500 2462/2463/2501
f 2495/2496/2534 2494/2495/2533 2462/2463/2501 2463/2464/2502
f 2496/2497/2535 2495/2496/2534 2463/2464/2502 2464/2465/2503
f 2497/2498/2536 2496/2497/2535 2464/2465/2503 2465/2466/2504
f 2498/2499/2537 2497/2498/2536 2465/2466/2504 2466/2467/2505
f 2499/2500/2538 2498/2499/2537 2466/2467/2505 2467/2468/2506
f 2500/2501/2539 2499/2500/2538 2467/2468/2506 2468/2469/2507
f 2501/2502/2540 2500/2501/2539 2468/2469/2507 2469/2470/2508
f 2502/2503/2541 2501/2502/2540 2469/2470/2508 2470/2471/2509
f 2503/2504/2542 2502/2503/2541 2470/2471/2509 2471/2472/2510
f 2504/2505/2543 2503/2504/2542 2471/2472/2510 2472/2473/2511
f 2505/2506/2544 2504/2505/2543 2472/2473/2511 2473/2474/2512
f 2506/2507/2545 2505/2506/2544 2473/2474/2512 2474/2475/2513
f 2507/2508/2546 2506/2507/2545 2474/2475/2513 2475/2476/2514
f 2508/2509/2547 2507/2508/2546 2475/2476/2514 2476/2477/2515
f 2509/2510/2548 2508/2509/2547 2476/2477/2515 2477/2478/2516
f 2510/2511/2549 2509/2510/2548 2477/2478/2516 2478/2479/2517
f 2511/2512/2550 2510/2511/2549 2478/2479/2517 2479/2480/2518
f 2512/2513/2551 2511/2512/2550 2479/2480/2518 2480/2481/2519
f 2513/2514/2552 2512/2513/2551 2480/2481/2519 2481/2482/2520
f 2515/2516/2553 2514/2515/2554 2482/2483/2522 2483/2484/2521
f 2516/2517/2555 2515/2516/2553 2483/2484/2521 2484/2485/2523
f 2517/2518/2556 2516/2517/2555 2484/2485/2523 2485/2486/2524
f 2518/2519/2557 2517/2518/2556 2485/2486/2524 2486/2487/2525
f 2519/2520/2558 2518/2519/2557 2486/2487/2525 2487/2488/2526
f 2520/2521/2559 2519/2520/2558 2487/2488/2526 2488/2489/2527
f 2521/2522/2560 2520/2521/2559 2488/2489/2527 2489/2490/2528
f 2522/2523/2561 2521/2522/2560 2489/2490/2528 2490/2491/2529
f 2523/2524/2562 2522/2523/2561 2490/2491/2529 2491/2492/2530
f 2524/2525/2563 2523/2524/2562 2491/2492/2530 2492/2493/2531
f 2525/2526/2564 2524/2525/2563 2492/2493/2531 2493/2494/2532
f 2526/2527/2565 2525/2526/2564 2493/2494/2532 2494/2495/2533
f 2527/2528/2566 2526/2527/2565 2494/2495/2533 2495/2496/2534
f 2528/2529/2567 2527/2528/2566 2495/2496/2534 2496/2497/2535
f 2529/2530/2568 2528/2529/2567 2496/2497/2535 2497/2498/2536
f 2530/2531/2569 2529/2530/2568 2497/2498/2536 2498/2499/2537
f 2531/2532/2570 2530/2531/2569 2498/2499/2537 2499/2500/2538
f 2532/2533/2571 2531/2532/2570 2499/2500/2538 2500/2501/2539
f 2533/2534/2572 2532/2533/2571 2500/2501/2539 2501/2502/2540
f 2534/2535/2573 2533/2534/2572 2501/2502/2540 2502/2503/2541
f 2535/2536/2574 2534/2535/2573 2502/2503/2541 2503/2504/2542
f 2536/2537/2575 2535/2536/2574 2503/2504/2542 2504/2505/2543
f 2537/2538/2576 2536/2537/2575 2504/2505/2543 2505/2506/2544
f 2538/2539/2577 2537/2538/2576 2505/2506/2544 2506/2507/2545
f 2539/2540/2578 2538/2539/2577 2506/2507/2545 2507/2508/2546
f 2540/2541/2579 2539/2540/2578 2507/2508/2546 2508/2509/2547
f 2541/2542/2580 2540/2541/2579 2508/2509/2547 2509/2510/2548
f 2542/2543/2581 2541/2542/2580 2509/2510/2548 2510/2511/2549
f 2543/2544/2582 2542/2543/2581 2510/2511/2549 2511/2512/2550
f 2544/2545/2583 2543/2544/2582 2511/2512/2550 2512/2513/2551
f 2545/2546/2584 2544/2545/2583 2512/2513/2551 2513/2514/2552
f 2547/2548/2585 2546/2547/2586 2514/2515/2554 2515/2516/2553
f 2548/2549/2587 2547/2548/2585 2515/2516/2553 2516/2517/2555
f 2549/2550/2588 2548/2549/2587 2516/2517/2555 2517/2518/2556
f 2550/2551/2589 2549/2550/2588 2517/2518/2556 2518/2519/2557
f 2551/2552/2590 2550/2551/2589 2518/2519/2557 2519/2520/2558
f 2552/2553/2591 2551/2552/2590 2519/2520/2558 2520/2521/2559
f 2553/2554/2592 2552/2553/2591 2520/2521/2559 2521/2522/2560
f 2554/2555/2593 2553/2554/2592 2521/2522/2560 2522/2523/2561
f 2555/2556/2594 2554/2555/2593 2522/2523/2561 2523/2524/2562
f 2556/2557/2595 2555/2556/2594 2523/2524/2562 2524/2525/2563
f 2557/2558/2596 2556/2557/2595 2524/2525/2563 2525/2526/2564
f 2558/2559/2597 2557/2558/2596 2525/2526/2564 2526/2527/2565
f 2559/2560/2598 2558/2559/2597 2526/2527/2565 2527/2528/2566
f 2560/2561/2599 2559/2560/2598 2527/2528/2566 2528/2529/2567
f 2561/2562/2600 2560/2561/2599 2528/2529/2567 2529/2530/2568
f 2562/2563/2601 2561/2562/2600 2529/2530/2568 2530/2531/2569
f 2563/2564/2602 2562/2563/2601 2530/2531/2569 2531/2532/2570
f 2564/2565/2603 2563/2564/2602 2531/2532/2570 2532/2533/2571
f 2565/2566/2604 2564/2565/2603 2532/2533/2571 2533/2534/2572
f 2566/2567/2605 2565/2566/2604 2533/2534/2572 2534/2535/2573
f 2567/2568/2606 2566/2567/2605 2534/2535/2573 2535/2536/2574
f 2568/2569/2607 2567/2568/2606 2535/2536/2574 2536/2537/2575
f 2569/2570/2608 2568/2569/2607 2536/2537/2575 2537/2538/2576
f 2570/2571/2609 2569/2570/2608 2537/2538/2576 2538/2539/2577
f 2571/2572/2610 2570/2571/2609 2538/2539/2577 2539/2540/2578
f 2572/2573/2611 2571/2572/2610 2539/2540/2578 2540/2541/2579
f 2573/2574/2612 2572/2573/2611 2540/2541/2579 2541/2542/2580
f 2574/2575/2613 2573/2574/2612 2541/2542/2580 2542/2543/2581
f 2575/2576/2614 2574/2575/2613 2542/2543/2581 2543/2544/2582
f 2576/2577/2615 2575/2576/2614 2543/2544/2582 2544/2545/2583
f 2577/2578/2616 2576/2577/2615 2544/2545/2583 2545/2546/2584
f 2579/2580/2617 2578/2579/2618 2546/2547/2586 2547/2548/2585
f 2580/2581/2619 2579/2580/2617 2547/2548/2585 2548/2549/2587
f 2581/2582/2620 2580/2581/2619 2548/2549/2587 2549/2550/2588
f 2582/2583/2621 2581/2582/2620 2549/2550/2588 2550/2551/2589
f 2583/2584/2622 2582/2583/2621 2550/2551/2589 2551/2552/2590
f 2584/2585/2623 2583/2584/2622 2551/2552/2590 2552/2553/2591
f 2585/2586/2624 2584/2585/2623 2552/2553/2591 2553/2554/2592
f 2586/2587/2625 2585/2586/2624 2553/2554/2592 2554/2555/2593
f 2587/2588/2626 2586/2587/2625 2554/2555/2593 2555/2556/2594
f 2588/2589/2627 2587/2588/2626 2555/2556/2594 2556/2557/2595
f 2589/2590/2628 2588/2589/2627 2556/2557/2595 2557/2558/2596
f 2590/2591/2629 2589/2590/2628 2557/2558/2596 2558/2559/2597
f 2591/2592/2630 2590/2591/2629 2558/2559/2597 2559/2560/2598
f 2592/2593/2631 2591/2592/2630 2559/2560/2598 2560/2561/2599
f 2593/2594/2632 2592/2593/2631 2560/2561/2599 2561/2562/2600
f 2594/2595/2633 2593/2594/2632 2561/2562/2600 2562/2563/2601
f 2595/2596/2634 2594/2595/2633 2562/2563/2601 2563/2564/2602
f 2596/2597/2635 2595/2596/2634 2563/2564/2602 2564/2565/2603
f 2597/2598/2636 2596/2597/2635 2564/2565/2603 2565/2566/2604
f 2598/2599/2637 2597/2598/2636 2565/2566/2604 2566/2567/2605
f 2599/2600/2638 2598/2599/2637 2566/2567/2605 2567/2568/2606
f 2600/2601/2639 2599/2600/2638 2567/2568/2606 2568/2569/2607
f 2601/2602/2640 2600/2601/2639 2568/2569/2607 2569/2570/2608
f 2602/2603/2641 2601/2602/2640 2569/2570/2608 2570/2571/2609
f 2603/2604/2642 2602/2603/2641 2570/2571/2609 2571/2572/2610
f 2604/2605/2643 2603/2604/2642 2571/2572/2610 2572/2573/2611
f 2605/2606/2644 2604/2605/2643 2572/2573/2611 2573/2574/2612
f 2606/2607/2645 2605/2606/2644 2573/2574/2612 2574/2575/2613
f 2607/2608/2646 2606/2607/2645 2574/2575/2613 2575/2576/2614
f 2608/2609/2647 2607/2608/2646 2575/2576/2614 2576/2577/2615
f 2609/2610/2648 2608/2609/2647 2576/2577/2615 2577/2578/2616
f 2611/2612/2649 2610/2611/2650 2578/2579/2618 2579/2580/2617
f 2612/2613/2651 2611/2612/2649 2579/2580/2617 2580/2581/2619
f 2613/2614/2652 2612/2613/2651 2580/2581/2619 2581/2582/2620
f 2614/2615/2653 2613/2614/2652 2581/2582/2620 2582/2583/2621
f 2615/2616/2654 2614/2615/2653 2582/2583/2621 2583/2584/2622
f 2616/2617/2655 2615/2616/2654 2583/2584/2622 2584/2585/2623
f 2617/2618/2656 2616/2617/2655 2584/2585/2623 2585/2586/2624
f 2618/2619/2657 2617/2618/2656 2585/2586/2624 2586/2587/2625
f 2619/2620/2658 2618/2619/2657 2586/2587/2625 2587/2588/2626
f 2620/2621/2659 2619/2620/2658 2587/2588/2626 2588/2589/2627
f 2621/2622/2660 2620/2621/2659 2588/2589/2627 2589/2590/2628
f 2622/2623/2661 2621/2622/2660 2589/2590/2628 2590/2591/2629
f 2623/2624/2662 2622/2623/2661 2590/2591/2629 2591/2592/2630
f 2624/2625/2663 2623/2624/2662 2591/2592/2630 2592/2593/2631
f 2625/2626/2664 2624/2625/2663 2592/2593/2631 2593/2594/2632
f 2626/2627/2665 2625/2626/2664 2593/2594/2632 2594/2595/2633
f 2627/2628/2666 2626/2627/2665 2594/2595/2633 2595/2596/2634
f 2628/2629/2667 2627/2628/2666 2595/2596/2634 2596/2597/2635
f 2629/2630/2668 2628/2629/2667 2596/2597/2635 2597/2598/2636
f 2630/2631/2669 2629/2630/2668 2597/2598/2636 2598/2599/2637
f 2631/2632/2670 2630/2631/2669 2598/2599/2637 2599/2600/2638
f 2632/2633/2671 2631/2632/2670 2599/2600/2638 2600/2601/2639
f 2633/2634/2672 2632/2633/2671 2600/2601/2639 2601/2602/2640
f 2634/2635/2673 2633/2634/2672 2601/2602/2640 2602/2603/2641
f 2635/2636/2674 2634/2635/2673 2602/2603/2641 2603/2604/2642
f 2636/2637/2675 2635/2636/2674 2603/2604/2642 2604/2605/2643
f 2637/2638/2676 2636/2637/2675 2604/2605/2643 2605/2606/2644
f 2638/2639/2677 2637/2638/2676 2605/2606/2644 2606/2607/2645
f 2639/2640/2678 2638/2639/2677 2606/2607/2645 2607/2608/2646
f 2640/2641/2679 2639/2640/2678 2607/2608/2646 2608/2609/2647
f 2641/2642/2680 2640/2641/2679 2608/2609/2647 2609/2610/2648
f 2643/2644/2681 2642/2643/2682 2610/2611/2650 2611/2612/2649
f 2644/2645/2683 2643/2644/2681 2611/2612/2649 2612/2613/2651
f 2645/2646/2684 2644/2645/2683 2612/2613/2651 2613/2614/2652
f 2646/2647/2685 2645/2646/2684 2613/2614/2652 2614/2615/2653
f 2647/2648/2686 2646/2647/2685 2614/2615/2653 2615/2616/2654
f 2648/2649/2687 2647/2648/2686 2615/2616/2654 2616/2617/2655
f 2649/2650/2688 2648/2649/2687 2616/2617/2655 2617/2618/2656
f 2650/2651/2689 2649/2650/2688 2617/2618/2656 2618/2619/2657
f 2651/2652/2690 2650/2651/2689 2618/2619/2657 2619/2620/2658
f 2652/2653/2691 2651/2652/2690 2619/2620/2658 2620/2621/2659
f 2653/2654/2692 2652/2653/2691 2620/2621/2659 2621/2622/2660
f 2654/2655/2693 2653/2654/2692 2621/2622/2660 2622/2623/2661
f 2655/2656/2694 2654/2655/2693 2622/2623/2661 2623/2624/2662
f 2656/2657/2695 2655/2656/2694 2623/2624/2662 2624/2625/2663
f 2657/2658/2696 2656/2657/2695 2624/2625/2663 2625/2626/2664
f 2658/2659/2697 2657/2658/2696 2625/2626/2664 2626/2627/2665
f 2659/2660/2698 2658/2659/2697 2626/2627/2665 2627/2628/2666
f 2660/2661/2699 2659/2660/2698 2627/2628/2666 2628/2629/2667
f 2661/2662/2700 2660/2661/2699 2628/2629/2667 2629/2630/2668
f 2662/2663/2701 2661/2662/2700 2629/2630/2668 2630/2631/2669
f 2663/2664/2702 2662/2663/2701 2630/2631/2669 2631/2632/2670
f 2664/2665/2703 2663/2664/2702 2631/2632/2670 2632/2633/2671
f 2665/2666/2704 2664/2665/2703 2632/2633/2671 2633/2634/2672
f 2666/2667/2705 2665/2666/2704 2633/2634/2672 2634/2635/2673
f 2667/2668/2706 2666/2667/2705 2634/2635/2673 2635/2636/2674
f 2668/2669/2707 2667/2668/2706 2635/2636/2674 2636/2637/2675
f 2669/2670/2708 2668/2669/2707 2636/2637/2675 2637/2638/2676
f 2670/2671/2709 2669/2670/2708 2637/2638/2676 2638/2639/2677
f 2671/2672/2710 2670/2671/2709 2638/2639/2677 2639/2640/2678
f 2672/2673/2711 2671/2672/2710 2639/2640/2678 2640/2641/2679
f 2673/2674/2712 2672/2673/2711 2640/2641/2679 2641/2642/2680
f 2675/2676/2713 2674/2675/2714 2642/2643/2682 2643/2644/2681
f 2676/2677/2715 2675/2676/2713 2643/2644/2681 2644/2645/2683
f 2677/2678/2716 2676/2677/2715 2644/2645/2683 2645/2646/2684
f 2678/2679/2717 2677/2678/2716 2645/2646/2684 2646/2647/2685
f 2679/2680/2718 2678/2679/2717 2646/2647/2685 2647/2648/2686
f 2680/2681/2719 2679/2680/2718 2647/2648/2686 2648/2649/2687
f 2681/2682/2720 2680/2681/2719 2648/2649/2687 2649/2650/2688
f 2682/2683/2721 2681/2682/2720 2649/2650/2688 2650/2651/2689
f 2683/2684/2722 2682/2683/2721 2650/2651/2689 2651/2652/2690
f 2684/2685/2723 2683/2684/2722 2651/2652/2690 2652/2653/2691
f 2685/2686/2724 2684/2685/2723 2652/2653/2691 2653/2654/2692
f 2686/2687/2725 2685/2686/2724 2653/2654/2692 2654/2655/2693
f 2687/2688/2726 2686/2687/2725 2654/2655/2693 2655/2656/2694
f 2688/2689/2727 2687/2688/2726 2655/2656/2694 2656/2657/2695
f 2689/2690/2728 2688/2689/2727 2656/2657/2695 2657/2658/2696
f 2690/2691/2729 2689/2690/2728 2657/2658/2696 2658/2659/2697
f 2691/2692/2730 2690/2691/2729 2658/2659/2697 2659/2660/2698
f 2692/2693/2731 2691/2692/2730 2659/2660/2698 2660/2661/2699
f 2693/2694/2732 2692/2693/2731 2660/2661/2699 2661/2662/2700
f 2694/2695/2733 2693/2694/2732 2661/2662/2700 2662/2663/2701
f 2695/2696/2734 2694/2695/2733 2662/2663/2701 2663/2664/2702
f 2696/2697/2735 2695/2696/2734 2663/2664/2702 2664/2665/2703
f 2697/2698/2736 2696/2697/2735 2664/2665/2703 2665/2666/2704
f 2698/2699/2737 2697/2698/2736 2665/2666/2704 2666/2667/2705
f 2699/2700/2738 2698/2699/2737 2666/2667/2705 2667/2668/2706
f 2700/2701/2739 2699/2700/2738 2667/2668/2706 2668/2669/2707
f 2701/2702/2740 2700/2701/2739 2668/2669/2707 2669/2670/2708
f 2702/2703/2741 2701/2702/2740 2669/2670/2708 2670/2671/2709
f 2703/2704/2742 2702/2703/2741 2670/2671/2709 2671/2672/2710
f 2704/2705/2743 2703/2704/2742 2671/2672/2710 2672/2673/2711
f 2705/2706/2744 2704/2705/2743 2672/2673/2711 2673/2674/2712
f 2707/2708/2745 2706/2707/2746 2674/2675/2714 2675/2676/2713
f 2708/2709/2747 2707/2708/2745 2675/2676/2713 2676/2677/2715
f 2709/2710/2748 2708/2709/2747 2676/2677/2715 2677/2678/2716
f 2710/2711/2749 2709/2710/2748 2677/2678/2716 2678/2679/2717
f 2711/2712/2750 2710/2711/2749 2678/2679/2717 2679/2680/2718
f 2712/2713/2751 2711/2712/2750 2679/2680/2718 2680/2681/2719
f 2713/2714/2752 2712/2713/2751 2680/2681/2719 2681/2682/2720
f 2714/2715/2753 2713/2714/2752 2681/2682/2720 2682/2683/2721
f 2715/2716/2754 2714/2715/2753 2682/2683/2721 2683/2684/2722
f 2716/2717/2755 2715/2716/2754 2683/2684/2722 2684/2685/2723
f 2717/2718/2756 2716/2717/2755 2684/2685/2723 2685/2686/2724
f 2718/2719/2757 2717/2718/2756 2685/2686/2724 2686/2687/2725
f 2719/2720/2758 2718/2719/2757 2686/2687/2725 2687/2688/2726
f 2720/2721/2759 2719/2720/2758 2687/2688/2726 2688/2689/2727
f 2721/2722/2760 2720/2721/2759 2688/2689/2727 2689/2690/2728
f 2722/2723/2761 2721/2722/2760 2689/2690/2728 2690/2691/2729
f 2723/2724/2762 2722/2723/2761 2690/2691/2729 2691/2692/2730
f 2724/2725/2763 2723/2724/2762 2691/2692/2730 2692/2693/2731
f 2725/2726/2764 2724/2725/2763 2692/2693/2731 2693/2694/2732
f 2726/2727/2765 2725/2726/2764 2693/2694/2732 2694/2695/2733
f 2727/2728/2766 2726/2727/2765 2694/2695/2733 2695/2696/2734
f 2728/2729/2767 2727/2728/2766 2695/2696/2734 2696/2697/2735
f 2729/2730/2768 2728/2729/2767 2696/2697/2735 2697/2698/2736
f 2730/2731/2769 2729/2730/2768 2697/2698/2736 2698/2699/2737
f 2731/2732/2770 2730/2731/2769 2698/2699/2737 2699/2700/2738
f 2732/2733/2771 2731/2732/2770 2699/2700/2738 2700/2701/2739
f 2733/2734/2772 2732/2733/2771 2700/2701/2739 2701/2702/2740
f 2734/2735/2773 2733/2734/2772 2701/2702/2740 2702/2703/2741
f 2735/2736/2774 2734/2735/2773 2702/2703/2741 2703/2704/2742
f 2736/2737/2775 2735/2736/2774 2703/2704/2742 2704/2705/2743
f 2737/2738/2776 2736/2737/2775 2704/2705/2743 2705/2706/2744
f 2739/2740/2777 2738/2739/2778 2706/2707/2746 2707/2708/2745
f 2740/2741/2779 2739/2740/2777 2707/2708/2745 2708/2709/2747
f 2741/2742/2780 2740/2741/2779 2708/2709/2747 2709/2710/2748
f 2742/2743/2781 2741/2742/2780 2709/2710/2748 2710/2711/2749
f 2743/2744/2782 2742/2743/2781 2710/2711/2749 2711/2712/2750
f 2744/2745/2783 2743/2744/2782 2711/2712/2750 2712/2713/2751
f 2745/2746/2784 2744/2745/2783 2712/2713/2751 2713/2714/2752
f 2746/2747/2785 2745/2746/2784 2713/2714/2752 2714/2715/2753
f 2747/2748/2786 2746/2747/2785 2714/2715/2753 2715/2716/2754
f 2748/2749/2787 2747/2748/2786 2715/2716/2754 2716/2717/2755
f 2749/2750/2788 2748/2749/2787 2716/2717/2755 2717/2718/2756
f 2750/2751/2789 2749/2750/2788 2717/2718/2756 2718/2719/2757
f 2751/2752/2790 2750/2751/2789 2718/2719/2757 2719/2720/2758
f 2752/2753/2791 2751/2752/2790 2719/2720/2758 2720/2721/2759
f 2753/2754/2792 2752/2753/2791 2720/2721/2759 2721/2722/2760
f 2754/2755/2793 2753/2754/2792 2721/2722/2760 2722/2723/2761
f 2755/2756/2794 2754/2755/2793 2722/2723/2761 2723/2724/2762
f 2756/2757/2795 2755/2756/2794 2723/2724/2762 2724/2725/2763
f 2757/2758/2796 2756/2757/2795 2724/2725/2763 2725/2726/2764
f 2758/2759/2797 2757/2758/2796 2725/2726/2764 2726/2727/2765
f 2759/2760/2798 2758/2759/2797 2726/2727/2765 2727/2728/2766
f 2760/2761/2799 2759/2760/2798 2727/2728/2766 2728/2729/2767
f 2761/2762/2800 2760/2761/2799 2728/2729/2767 2729/2730/2768
f 2762/2763/2801 2761/2762/2800 2729/2730/2768 2730/2731/2769
f 2763/2764/2802 2762/2763/2801 2730/2731/2769 2731/2732/2770
f 2764/2765/2803 2763/2764/2802 2731/2732/2770 2732/2733/2771
f 2765/2766/2804 2764/2765/2803 2732/2733/2771 2733/2734/2772
f 2766/2767/2805 2765/2766/2804 2733/2734/2772 2734/2735/2773
f 2767/2768/2806 2766/2767/2805 2734/2735/2773 2735/2736/2774
f 2768/2769/2807 2767/2768/2806 2735/2736/2774 2736/2737/2775
f 2769/2770/2808 2768/2769/2807 2736/2737/2775 2737/2738/2776
f 2771/2772/2809 2770/2771/2810 2738/2739/2778 2739/2740/2777
f 2772/2773/2811 2771/2772/2809 2739/2740/2777 2740/2741/2779
f 2773/2774/2812 2772/2773/2811 2740/2741/2779 2741/2742/2780
f 2774/2775/2813 2773/2774/2812 2741/2742/2780 2742/2743/2781
f 2775/2776/2814 2774/2775/2813 2742/2743/2781 2743/2744/2782
f 2776/2777/2815 2775/2776/2814 2743/2744/2782 2744/2745/2783
f 2777/2778/2816 2776/2777/2815 2744/2745/2783 2745/2746/2784
f 2778/2779/2817 2777/2778/2816 2745/2746/2784 2746/2747/2785
f 2779/2780/2818 2778/2779/2817 2746/2747/2785 2747/2748/2786
f 2780/2781/2819 2779/2780/2818 2747/2748/2786 2748/2749/2787
f 2781/2782/2820 2780/2781/2819 2748/2749/2787 2749/2750/2788
f 2782/2783/2821 2781/2782/2820 2749/2750/2788 2750/2751/2789
f 2783/2784/2822 2782/2783/2821 2750/2751/2789 2751/2752/2790
f 2784/2785/2823 2783/2784/2822 2751/2752/2790 2752/2753/2791
f 2785/2786/2824 2784/2785/2823 2752/2753/2791 2753/2754/2792
f 2786/2787/2825 2785/2786/2824 2753/2754/2792 2754/2755/2793
f 2787/2788/2826 2786/2787/2825 2754/2755/2793 2755/2756/2794
f 2788/2789/2827 2787/2788/2826 2755/2756/2794 2756/2757/2795
f 2789/2790/2828 2788/2789/2827 2756/2757/2795 2757/2758/2796
f 2790/2791/2829 2789/2790/2828 2757/2758/2796 2758/2759/2797
f 2791/2792/2830 2790/2791/2829 2758/2759/2797 2759/2760/2798
f 2792/2793/2831 2791/2792/2830 2759/2760/2798 2760/2761/2799
f 2793/2794/2832 2792/2793/2831 2760/2761/2799 2761/2762/2800
f 2794/2795/2833 2793/2794/2832 2761/2762/2800 2762/2763/2801
f 2795/2796/2834 2794/2795/2833 2762/2763/2801 2763/2764/2802
f 2796/2797/2835 2795/2796/2834 2763/2764/2802 2764/2765/2803
f 2797/2798/2836 2796/2797/2835 2764/2765/2803 2765/2766/2804
f 2798/2799/2837 2797/2798/2836 2765/2766/2804 2766/2767/2805
f 2799/2800/2838 2798/2799/2837 2766/2767/2805 2767/2768/2806
f 2800/2801/2839 2799/2800/2838 2767/2768/2806 2768/2769/2807
f 2801/2802/2840 2800/2801/2839 2768/2769/2807 2769/2770/2808
f 2803/2804/2841 2802/2803/2842 2770/2771/2810 2771/2772/2809
f 2804/2805/2843 2803/2804/2841 2771/2772/2809 2772/2773/2811
f 2805/2806/2844 2804/2805/2843 2772/2773/2811 2773/2774/2812
f 2806/2807/2845 2805/2806/2844 2773/2774/2812 2774/2775/2813
f 2807/2808/2846 2806/2807/2845 2774/2775/2813 2775/2776/2814
f 2808/2809/2847 2807/2808/2846 2775/2776/2814 2776/2777/2815
f 2809/2810/2848 2808/2809/2847 2776/2777/2815 2777/2778/2816
f 2810/2811/2849 2809/2810/2848 2777/2778/2816 2778/2779/2817
f 2811/2812/2850 2810/2811/2849 2778/2779/2817 2779/2780/2818
f 2812/2813/2851 2811/2812/2850 2779/2780/2818 2780/2781/2819
f 2813/2814/2852 2812/2813/2851 2780/2781/2819 2781/2782/2820
f 2814/2815/2853 2813/2814/2852 2781/2782/2820 2782/2783/2821
f 2815/2816/2854 2814/2815/2853 2782/2783/2821 2783/2784/2822
f 2816/2817/2855 2815/2816/2854 2783/2784/2822 2784/2785/2823
f 2817/2818/2856 2816/2817/2855 2784/2785/2823 2785/2786/2824
f 2818/2819/2857 2817/2818/2856 2785/2786/2824 2786/2787/2825
f 2819/2820/2858 2818/2819/2857 2786/2787/2825 2787/2788/2826
f 2820/2821/2859 2819/2820/2858 2787/2788/2826 2788/2789/2827
f 2821/2822/2860 2820/2821/2859 2788/2789/2827 2789/2790/2828
f 2822/2823/2861 2821/2822/2860 2789/2790/2828 2790/2791/2829
f 2823/2824/2862 2822/2823/2861 2790/2791/2829 2791/2792/2830
f 2824/2825/2863 2823/2824/2862 2791/2792/2830 2792/2793/2831
f 2825/2826/2864 2824/2825/2863 2792/2793/2831 2793/2794/2832
f 2826/2827/2865 2825/2826/2864 2793/2794/2832 2794/2795/2833
f 2827/2828/2866 2826/2827/2865 2794/2795/2833 2795/2796/2834
f 2828/2829/2867 2827/2828/2866 2795/2796/2834 2796/2797/2835
f 2829/2830/2868 2828/2829/2867 2796/2797/2835 2797/2798/2836
f 2830/2831/2869 2829/2830/2868 2797/2798/2836 2798/2799/2837
f 2831/2832/2870 2830/2831/2869 2798/2799/2837 2799/2800/2838
f 2832/2833/2871 2831/2832/2870 2799/2800/2838 2800/2801/2839
f 2833/2834/2872 2832/2833/2871 2800/2801/2839 2801/2802/2840
f 2835/2836/2873 2834/2835/2874 2802/2803/2842 2803/2804/2841
f 2836/2837/2875 2835/2836/2873 2803/2804/2841 2804/2805/2843
f 2837/2838/2876 2836/2837/2875 2804/2805/2843 2805/2806/2844
f 2838/2839/2877 2837/2838/2876 2805/2806/2844 2806/2807/2845
f 2839/2840/2878 2838/2839/2877 2806/2807/2845 2807/2808/2846
f 2840/2841/2879 2839/2840/2878 2807/2808/2846 2808/2809/2847
f 2841/2842/2880 2840/2841/2879 2808/2809/2847 2809/2810/2848
f 2842/2843/2881 2841/2842/2880 2809/2810/2848 2810/2811/2849
f 2843/2844/2882 2842/2843/2881 2810/2811/2849 2811/2812/2850
f 2844/2845/2883 2843/2844/2882 2811/2812/2850 2812/2813/2851
f 2845/2846/2884 2844/2845/2883 2812/2813/2851 2813/2814/2852
f 2846/2847/2885 2845/2846/2884 2813/2814/2852 2814/2815/2853
f 2847/2848/2886 2846/2847/2885 2814/2815/2853 2815/2816/2854
f 2848/2849/2887 2847/2848/2886 2815/2816/2854 2816/2817/2855
f 2849/2850/2888 2848/2849/2887 2816/2817/2855 2817/2818/2856
f 2850/2851/2889 2849/2850/2888 2817/2818/2856 2818/2819/2857
f 2851/2852/2890 2850/2851/2889 2818/2819/2857 2819/2820/2858
f 2852/2853/2891 2851/2852/2890 2819/2820/2858 2820/2821/2859
f 2853/2854/2892 2852/2853/2891 2820/2821/2859 2821/2822/2860
f 2854/2855/2893 2853/2854/2892 2821/2822/2860 2822/2823/2861
f 2855/2856/2894 2854/2855/2893 2822/2823/2861 2823/2824/2862
f 2856/2857/2895 2855/2856/2894 2823/2824/2862 2824/2825/2863
f 2857/2858/2896 2856/2857/2895 2824/2825/2863 2825/2826/2864
f 2858/2859/2897 2857/2858/2896 2825/2826/2864 2826/2827/2865
f 2859/2860/2898 2858/2859/2897 2826/2827/2865 2827/2828/2866
f 2860/2861/2899 2859/2860/2898 2827/2828/2866 2828/2829/2867
f 2861/2862/2900 2860/2861/2899 2828/2829/2867 2829/2830/2868
f 2862/2863/2901 2861/2862/2900 2829/2830/2868 2830/2831/2869
f 2863/2864/2902 2862/2863/2901 2830/2831/2869 2831/2832/2870
f 2864/2865/2903 2863/2864/2902 2831/2832/2870 2832/2833/2871
f 2865/2866/2904 2864/2865/2903 2832/2833/2871 2833/2834/2872
f 2867/2868/2905 2866/2867/2906 2834/2835/2874 2835/2836/2873
f 2868/2869/2907 2867/2868/2905 2835/2836/2873 2836/2837/2875
f 2869/2870/2908 2868/2869/2907 2836/2837/2875 2837/2838/2876
f 2870/2871/2909 2869/2870/2908 2837/2838/2876 2838/2839/2877
f 2871/2872/2910 2870/2871/2909 2838/2839/2877 2839/2840/2878
f 2872/2873/2911 2871/2872/2910 2839/2840/2878 2840/2841/2879
f 2873/2874/2912 2872/2873/2911 2840/2841/2879 2841/2842/2880
f 2874/2875/2913 2873/2874/2912 2841/2842/2880 2842/2843/2881
f 2875/2876/2914 2874/2875/2913 2842/2843/2881 2843/2844/2882
f 2876/2877/2915 2875/2876/2914 2843/2844/2882 2844/2845/2883
f 2877/2878/2916 2876/2877/2915 2844/2845/2883 2845/2846/2884
f 2878/2879/2917 2877/2878/2916 2845/2846/2884 2846/2847/2885
f 2879/2880/2918 2878/2879/2917 2846/2847/2885 2847/2848/2886
f 2880/2881/2919 2879/2880/2918 2847/2848/2886 2848/2849/2887
f 2881/2882/2920 2880/2881/2919 2848/2849/2887 2849/2850/2888
f 2882/2883/2921 2881/2882/2920 2849/2850/2888 2850/2851/2889
f 2883/2884/2922 2882/2883/2921 2850/2851/2889 2851/2852/2890
f 2884/2885/2923 2883/2884/2922 2851/2852/2890 2852/2853/2891
f 2885/2886/2924 2884/2885/2923 2852/2853/2891 2853/2854/2892
f 2886/2887/2925 2885/2886/2924 2853/2854/2892 2854/2855/2893
f 2887/2888/2926 2886/2887/2925 2854/2855/2893 2855/2856/2894
f 2888/2889/2927 2887/2888/2926 2855/2856/2894 2856/2857/2895
f 2889/2890/2928 2888/2889/2927 2856/2857/2895 2857/2858/2896
f 2890/2891/2929 2889/2890/2928 2857/2858/2896 2858/2859/2897
f 2891/2892/2930 2890/2891/2929 2858/2859/2897 2859/2860/2898
f 2892/2893/2931 2891/2892/2930 2859/2860/2898 2860/2861/2899
f 2893/2894/2932 2892/2893/2931 2860/2861/2899 2861/2862/2900
f 2894/2895/2933 2893/2894/2932 2861/2862/2900 2862/2863/2901
f 2895/2896/2934 2894/2895/2933 2862/2863/2901 2863/2864/2902
f 2896/2897/2935 2895/2896/2934 2863/2864/2902 2864/2865/2903
f 2897/2898/2936 2896/2897/2935 2864/2865/2903 2865/2866/2904
f 2899/2900/2937 2898/2899/2938 2866/2867/2906 2867/2868/2905
f 2900/2901/2939 2899/2900/2937 2867/2868/2905 2868/2869/2907
f 2901/2902/2940 2900/2901/2939 2868/2869/2907 2869/2870/2908
f 2902/2903/2941 2901/2902/2940 2869/2870/2908 2870/2871/2909
f 2903/2904/2942 2902/2903/2941 2870/2871/2909 2871/2872/2910
f 2904/2905/2943 2903/2904/2942 2871/2872/2910 2872/2873/2911
f 2905/2906/2944 2904/2905/2943 2872/2873/2911 2873/2874/2912
f 2906/2907/2945 2905/2906/2944 2873/2874/2912 2874/2875/2913
f 2907/2908/2946 2906/2907/2945 2874/2875/2913 2875/2876/2914
f 2908/2909/2947 2907/2908/2946 2875/2876/2914 2876/2877/2915
f 2909/2910/2948 2908/2909/2947 2876/2877/2915 2877/2878/2916
f 2910/2911/2949 2909/2910/2948 2877/2878/2916 2878/2879/2917
f 2911/2912/2950 2910/2911/2949 2878/2879/2917 2879/2880/2918
f 2912/2913/2951 2911/2912/2950 2879/2880/2918 2880/2881/2919
f 2913/2914/2952 2912/2913/2951 2880/2881/2919 2881/2882/2920
f 2914/2915/2953 2913/2914/2952 2881/2882/2920 2882/2883/2921
f 2915/2916/2954 2914/2915/2953 2882/2883/2921 2883/2884/2922
f 2916/2917/2955 2915/2916/2954 2883/2884/2922 2884/2885/2923
f 2917/2918/2956 2916/2917/2955 2884/2885/2923 2885/2886/2924
f 2918/2919/2957 2917/2918/2956 2885/2886/2924 2886/2887/2925
f 2919/2920/2958 2918/2919/2957 2886/2887/2925 2887/2888/2926
f 2920/2921/2959 2919/2920/2958 2887/2888/2926 2888/2889/2927
f 2921/2922/2960 2920/2921/2959 2888/2889/2927 2889/2890/2928
f 2922/2923/2961 2921/2922/2960 2889/2890/2928 2890/2891/2929
f 2923/2924/2962 2922/2923/2961 2890/2891/2929 2891/2892/2930
f 2924/2925/2963 2923/2924/2962 2891/2892/2930 2892/2893/2931
f 2925/2926/2964 2924/2925/2963 2892/2893/2931 2893/2894/2932
f 2926/2927/2965 2925/2926/2964 2893/2894/2932 2894/2895/2933
f 2927/2928/2966 2926/2927/2965 2894/2895/2933 2895/2896/2934
f 2928/2929/2967 2927/2928/2966 2895/2896/2934 2896/2897/2935
f 2929/2930/2968 2928/2929/2967 2896/2897/2935 2897/2898/2936
f 2898/2899/2938 2899/2900/2937 2931/2932/2969 2930/2931/2970
f 2899/2900/2937 2900/2901/2939 2932/2933/2971 2931/2932/2969
f 2900/2901/2939 2901/2902/2940 2933/2934/2972 2932/2933/2971
f 2901/2902/2940 2902/2903/2941 2934/2935/2973 2933/2934/2972
f 2902/2903/2941 2903/2904/2942 2935/2936/2974 2934/2935/2973
f 2903/2904/2942 2904/2905/2943 2936/2937/2975 2935/2936/2974
f 2904/2905/2943 2905/2906/2944 2937/2938/2976 2936/2937/2975
f 2905/2906/2944 2906/2907/2945 2938/2939/2977 2937/2938/2976
f 2906/2907/2945 2907/2908/2946 2939/2940/2978 2938/2939/2977
f 2907/2908/2946 2908/2909/2947 2940/2941/2979 2939/2940/2978
f 2908/2909/2947 2909/2910/2948 2941/2942/2980 2940/2941/2979
f 2909/2910/2948 2910/2911/2949 2942/2943/2981 2941/2942/2980
f 2910/2911/2949 2911/2912/2950 2943/2944/2982 2942/2943/2981
f 2911/2912/2950 2912/2913/2951 2944/2945/2983 2943/2944/2982
f 2912/2913/2951 2913/2914/2952 2945/2946/2984 2944/2945/2983
f 2913/2914/2952 2914/2915/2953 2946/2947/2985 2945/2946/2984
f 2914/2915/2953 2915/2916/2954 2947/2948/2986 2946/2947/2985
f 2915/2916/2954 2916/2917/2955 2948/2949/2987 2947/2948/2986
f 2916/2917/2955 2917/2918/2956 2949/2950/2988 2948/2949/2987
f 2917/2918/2956 2918/2919/2957 2950/2951/2989 2949/2950/2988
f 2918/2919/2957 2919/2920/2958 2951/2952/2990 2950/2951/2989
f 2919/2920/2958 2920/2921/2959 2952/2953/2991 2951/2952/2990
f 2920/2921/2959 2921/2922/2960 2953/2954/2992 2952/2953/2991
f 2921/2922/2960 2922/2923/2961 2954/2955/2993 2953/2954/2992
f 2922/2923/2961 2923/2924/2962 2955/2956/2994 2954/2955/2993
f 2923/2924/2962 2924/2925/2963 2956/2957/2995 2955/2956/2994
f 2924/2925/2963 2925/2926/2964 2957/2958/2996 2956/2957/2995
f 2925/2926/2964 2926/2927/2965 2958/2959/2997 2957/2958/2996
f 2926/2927/2965 2927/2928/2966 2959/2960/2998 2958/2959/2997
f 2927/2928/2966 2928/2929/2967 2960/2961/2999 2959/2960/2998
f 2928/2929/2967 2929/2930/2968 2961/2962/3000 2960/2961/2999
f 2963/2964/3001 2962/2963/3002 2930/2931/2970 2931/2932/2969
f 2964/2965/3003 2963/2964/3001 2931/2932/2969 2932/2933/2971
f 2965/2966/3004 2964/2965/3003 2932/2933/2971 2933/2934/2972
f 2966/2967/3005 2965/2966/3004 2933/2934/2972 2934/2935/2973
f 2967/2968/3006 2966/2967/3005 2934/2935/2973 2935/2936/2974
f 2968/2969/3007 2967/2968/3006 2935/2936/2974 2936/2937/2975
f 2969/2970/3008 2968/2969/3007 2936/2937/2975 2937/2938/2976
f 2970/2971/3009 2969/2970/3008 2937/2938/2976 2938/2939/2977
f 2971/2972/3010 2970/2971/3009 2938/2939/2977 2939/2940/2978
f 2972/2973/3011 2971/2972/3010 2939/2940/2978 2940/2941/2979
f 2973/2974/3012 2972/2973/3011 2940/2941/2979 2941/2942/2980
f 2974/2975/3013 2973/2974/3012 2941/2942/2980 2942/2943/2981
f 2975/2976/3014 2974/2975/3013 2942/2943/2981 2943/2944/2982
f 2976/2977/3015 2975/2976/3014 2943/2944/2982 2944/2945/2983
f 2977/2978/3016 2976/2977/3015 2944/2945/2983 2945/2946/2984
f 2978/2979/3017 2977/2978/3016 2945/2946/2984 2946/2947/2985
f 2979/2980/3018 2978/2979/3017 2946/2947/2985 2947/2948/2986
f 2980/2981/3019 2979/2980/3018 2947/2948/2986 2948/2949/2987
f 2981/2982/3020 2980/2981/3019 2948/2949/2987 2949/2950/2988
f 2982/2983/3021 2981/2982/3020 2949/2950/2988 2950/2951/2989
f 2983/2984/3022 2982/2983/3021 2950/2951/2989 2951/2952/2990
f 2984/2985/3023 2983/2984/3022 2951/2952/2990 2952/2953/2991
f 2985/2986/3024 2984/2985/3023 2952/2953/2991 2953/2954/2992
f 2986/2987/3025 2985/2986/3024 2953/2954/2992 2954/2955/2993
f 2987/2988/3026 2986/2987/3025 2954/2955/2993 2955/2956/2994
f 2988/2989/3027 2987/2988/3026 2955/2956/2994 2956/2957/2995
f 2989/2990/3028 2988/2989/3027 2956/2957/2995 2957/2958/2996
f 2990/2991/3029 2989/2990/3028 2957/2958/2996 2958/2959/2997
f 2991/2992/3030 2990/2991/3029 2958/2959/2997 2959/2960/2998
f 2992/2993/3031 2991/2992/3030 2959/2960/2998 2960/2961/2999
f 2993/2994/3032 2992/2993/3031 2960/2961/2999 2961/2962/3000
f 2995/2996/3033 2994/2995/3034 2962/2963/3002 2963/2964/3001
f 2996/2997/3035 2995/2996/3033 2963/2964/3001 2964/2965/3003
f 2997/2998/3036 2996/2997/3035 2964/2965/3003 2965/2966/3004
f 2998/2999/3037 2997/2998/3036 2965/2966/3004 2966/2967/3005
f 2999/3000/3038 2998/2999/3037 2966/2967/3005 2967/2968/3006
f 3000/3001/3039 2999/3000/3038 2967/2968/3006 2968/2969/3007
f 3001/3002/3040 3000/3001/3039 2968/2969/3007 2969/2970/3008
f 3002/3003/3041 3001/3002/3040 2969/2970/3008 2970/2971/3009
f 3003/3004/3042 3002/3003/3041 2970/2971/3009 2971/2972/3010
f 3004/3005/3043 3003/3004/3042 2971/2972/3010 2972/2973/3011
f 3005/3006/3044 3004/3005/3043 2972/2973/3011 2973/2974/3012
f 3006/3007/3045 3005/3006/3044 2973/2974/3012 2974/2975/3013
f 3007/3008/3046 3006/3007/3045 2974/2975/3013 2975/2976/3014
f 3008/3009/3047 3007/3008/3046 2975/2976/3014 2976/2977/3015
f 3009/3010/3048 3008/3009/3047 2976/2977/3015 2977/2978/3016
f 3010/3011/3049 3009/3010/3048 2977/2978/3016 2978/2979/3017
f 3011/3012/3050 3010/3011/3049 2978/2979/3017 2979/2980/3018
f 3012/3013/3051 3011/3012/3050 2979/2980/3018 2980/2981/3019
f 3013/3014/3052 3012/3013/3051 2980/2981/3019 2981/2982/3020
f 3014/3015/3053 3013/3014/3052 2981/2982/3020 2982/2983/3021
f 3015/3016/3054 3014/3015/3053 2982/2983/3021 2983/2984/3022
f 3016/3017/3055 3015/3016/3054 2983/2984/3022 2984/2985/3023
f 3017/3018/3056 3016/3017/3055 2984/2985/3023 2985/2986/3024
f 3018/3019/3057 3017/3018/3056 2985/2986/3024 2986/2987/3025
f 3019/3020/3058 3018/3019/3057 2986/2987/3025 2987/2988/3026
f 3020/3021/3059 3019/3020/3058 2987/2988/3026 2988/2989/3027
f 3021/3022/3060 3020/3021/3059 2988/2989/3027 2989/2990/3028
f 3022/3023/3061 3021/3022/3060 2989/2990/3028 2990/2991/3029
f 3023/3024/3062 3022/3023/3061 2990/2991/3029 2991/2992/3030
f 3024/3025/3063 3023/3024/3062 2991/2992/3030 2992/2993/3031
f 3025/3026/3064 3024/3025/3063 2992/2993/3031 2993/2994/3032
f 3027/3028/3065 3026/3027/3066 2994/2995/3034 2995/2996/3033
f 3028/3029/3067 3027/3028/3065 2995/2996/3033 2996/2997/3035
f 3029/3030/3068 3028/3029/3067 2996/2997/3035 2997/2998/3036
f 3030/3031/3069 3029/3030/3068 2997/2998/3036 2998/2999/3037
f 3031/3032/3070 3030/3031/3069 2998/2999/3037 2999/3000/3038
f 3032/3033/3071 3031/3032/3070 2999/3000/3038 3000/3001/3039
f 3033/3034/3072 3032/3033/3071 3000/3001/3039 3001/3002/3040
f 3034/3035/3073 3033/3034/3072 3001/3002/3040 3002/3003/3041
f 3035/3036/3074 3034/3035/3073 3002/3003/3041 3003/3004/3042
f 3036/3037/3075 3035/3036/3074 3003/3004/3042 3004/3005/3043
f 3037/3038/3076 3036/3037/3075 3004/3005/3043 3005/3006/3044
f 3038/3039/3077 3037/3038/3076 3005/3006/3044 3006/3007/3045
f 3039/3040/3078 3038/3039/3077 3006/3007/3045 3007/3008/3046
f 3040/3041/3079 3039/3040/3078 3007/3008/3046 3008/3009/3047
f 3041/3042/3080 3040/3041/3079 3008/3009/3047 3009/3010/3048
f 3042/3043/3081 3041/3042/3080 3009/3010/3048 3010/3011/3049
f 3043/3044/3082 3042/3043/3081 3010/3011/3049 3011/3012/3050
f 3044/3045/3083 3043/3044/3082 3011/3012/3050 3012/3013/3051
f 3045/3046/3084 3044/3045/3083 3012/3013/3051 3013/3014/3052
f 3046/3047/3085 3045/3046/3084 3013/3014/3052 3014/3015/3053
f 3047/3048/3086 3046/3047/3085 3014/3015/3053 3015/3016/3054
f 3048/3049/3087 3047/3048/3086 3015/3016/3054 3016/3017/3055
f 3049/3050/3088 3048/3049/3087 3016/3017/3055 3017/3018/3056
f 3050/3051/3089 3049/3050/3088 3017/3018/3056 3018/3019/3057
f 3051/3052/3090 3050/3051/3089 3018/3019/3057 3019/3020/3058
f 3052/3053/3091 3051/3052/3090 3019/3020/3058 3020/3021/3059
f 3053/3054/3092 3052/3053/3091 3020/3021/3059 3021/3022/3060
f 3054/3055/3093 3053/3054/3092 3021/3022/3060 3022/3023/3061
f 3055/3056/3094 3054/3055/3093 3022/3023/3061 3023/3024/3062
f 3056/3057/3095 3055/3056/3094 3023/3024/3062 3024/3025/3063
f 3057/3058/3096 3056/3057/3095 3024/3025/3063 3025/3026/3064
f 3059/3060/3097 3058/3059/3098 3026/3027/3066 3027/3028/3065
f 3060/3061/3099 3059/3060/3097 3027/3028/3065 3028/3029/3067
f 3061/3062/3100 3060/3061/3099 3028/3029/3067 3029/3030/3068
f 3062/3063/3101 3061/3062/3100 3029/3030/3068 3030/3031/3069
f 3063/3064/3102 3062/3063/3101 3030/3031/3069 3031/3032/3070
f 3064/3065/3103 3063/3064/3102 3031/3032/3070 3032/3033/3071
f 3065/3066/3104 3064/3065/3103 3032/3033/3071 3033/3034/3072
f 3066/3067/3105 3065/3066/3104 3033/3034/3072 3034/3035/3073
f 3067/3068/3106 3066/3067/3105 3034/3035/3073 3035/3036/3074
f 3068/3069/3107 3067/3068/3106 3035/3036/3074 3036/3037/3075
f 3069/3070/3108 3068/3069/3107 3036/3037/3075 3037/3038/3076
f 3070/3071/3109 3069/3070/3108 3037/3038/3076 3038/3039/3077
f 3071/3072/3110 3070/3071/3109 3038/3039/3077 3039/3040/3078
f 3072/3073/3111 3071/3072/3110 3039/3040/3078 3040/3041/3079
f 3073/3074/3112 3072/3073/3111 3040/3041/3079 3041/3042/3080
f 3074/3075/3113 3073/3074/3112 3041/3042/3080 3042/3043/3081
f 3075/3076/3114 3074/3075/3113 3042/3043/3081 3043/3044/3082
f 3076/3077/3115 3075/3076/3114 3043/3044/3082 3044/3045/3083
f 3077/3078/3116 3076/3077/3115 3044/3045/3083 3045/3046/3084
f 3078/3079/3117 3077/3078/3116 3045/3046/3084 3046/3047/3085
f 3079/3080/3118 3078/3079/3117 3046/3047/3085 3047/3048/3086
f 3080/3081/3119 3079/3080/3118 3047/3048/3086 3048/3049/3087
f 3081/3082/3120 3080/3081/3119 3048/3049/3087 3049/3050/3088
f 3082/3083/3121 3081/3082/3120 3049/3050/3088 3050/3051/3089
f 3083/3084/3122 3082/3083/3121 3050/3051/3089 3051/3052/3090
f 3084/3085/3123 3083/3084/3122 3051/3052/3090 3052/3053/3091
f 3085/3086/3124 3084/3085/3123 3052/3053/3091 3053/3054/3092
f 3086/3087/3125 3085/3086/3124 3053/3054/3092 3054/3055/3093
f 3087/3088/3126 3086/3087/3125 3054/3055/3093 3055/3056/3094
f 3088/3089/3127 3087/3088/3126 3055/3056/3094 3056/3057/3095
f 3089/3090/3128 3088/3089/3127 3056/3057/3095 3057/3058/3096
f 3091/3092/3129 3090/3091/3130 3058/3059/3098 3059/3060/3097
f 3092/3093/3131 3091/3092/3129 3059/3060/3097 3060/3061/3099
f 3093/3094/3132 3092/3093/3131 3060/3061/3099 3061/3062/3100
f 3094/3095/3133 3093/3094/3132 3061/3062/3100 3062/3063/3101
f 3095/3096/3134 3094/3095/3133 3062/3063/3101 3063/3064/3102
f 3096/3097/3135 3095/3096/3134 3063/3064/3102 3064/3065/3103
f 3097/3098/3136 3096/3097/3135 3064/3065/3103 3065/3066/3104
f 3098/3099/3137 3097/3098/3136 3065/3066/3104 3066/3067/3105
f 3099/3100/3138 3098/3099/3137 3066/3067/3105 3067/3068/3106
f 3100/3101/3139 3099/3100/3138 3067/3068/3106 3068/3069/3107
f 3101/3102/3140 3100/3101/3139 3068/3069/3107 3069/3070/3108
f 3102/3103/3141 3101/3102/3140 3069/3070/3108 3070/3071/3109
f 3103/3104/3142 3102/3103/3141 3070/3071/3109 3071/3072/3110
f 3104/3105/3143 3103/3104/3142 3071/3072/3110 3072/3073/3111
f 3105/3106/3144 3104/3105/3143 3072/3073/3111 3073/3074/3112
f 3106/3107/3145 3105/3106/3144 3073/3074/3112 3074/3075/3113
f 3107/3108/3146 3106/3107/3145 3074/3075/3113 3075/3076/3114
f 3108/3109/3147 3107/3108/3146 3075/3076/3114 3076/3077/3115
f 3109/3110/3148 3108/3109/3147 3076/3077/3115 3077/3078/3116
f 3110/3111/3149 3109/3110/3148 3077/3078/3116 3078/3079/3117
f 3111/3112/3150 3110/3111/3149 3078/3079/3117 3079/3080/3118
f 3112/3113/3151 3111/3112/3150 3079/3080/3118 3080/3081/3119
f 3113/3114/3152 3112/3113/3151 3080/3081/3119 3081/3082/3120
f 3114/3115/3153 3113/3114/3152 3081/3082/3120 3082/3083/3121
f 3115/3116/3154 3114/3115/3153 3082/3083/3121 3083/3084/3122
f 3116/3117/3155 3115/3116/3154 3083/3084/3122 3084/3085/3123
f 3117/3118/3156 3116/3117/3155 3084/3085/3123 3085/3086/3124
f 3118/3119/3157 3117/3118/3156 3085/3086/3124 3086/3087/3125
f 3119/3120/3158 3118/3119/3157 3086/3087/3125 3087/3088/3126
f 3120/3121/3159 3119/3120/3158 3087/3088/3126 3088/3089/3127
f 3121/3122/3160 3120/3121/3159 3088/3089/3127 3089/3090/3128
f 1635/1667/1698 3217/3140/3161 3216/3141/1653 1636/1636/1652
f 1649/1648/1678 3203/3154/1679 3202/3155/3162
f 1634/1634/1651 3218/3139/1650 3217/3140/3161 1635/1667/1698
f 1681/1681/1712 1649/1648/1678 3202/3155/3162 3201/3156/1745
f 1905/1906/1944 1873/1874/1911 3195/3162/1912 3194/3163/3163
f 1905/1906/1944 3194/3163/3163 3193/3165/3164 1937/1938/1976
f 1969/1970/2008 3192/3166/3165 3191/3167/3166 2001/2002/2040
f 1937/1938/1976 3193/3165/3164 3192/3166/3165 1969/1970/2008
f 2001/2002/2040 3191/3167/3166 3190/3168/3167 2033/2034/2072
f 2065/2066/2104 3189/3171/3168 3188/3169/3169 2097/2098/2136
f 2097/2098/2136 3188/3169/3169 3187/3170/3170 2129/2130/2168
f 2033/2034/2072 3190/3168/3167 3189/3171/3168 2065/2066/2104
f 2161/2162/2200 3186/3176/3171 3185/3172/3172 2193/2194/2232
f 2225/2226/2264 3184/3175/3173 3183/3173/3174 2257/2258/2296
f 2257/2258/2296 3183/3173/3174 3182/3174/3175 2289/2290/2328
f 2193/2194/2232 3185/3172/3172 3184/3175/3173 2225/2226/2264
f 2129/2130/2168 3187/3170/3170 3186/3176/3171 2161/2162/2200
f 2289/2290/2328 3182/3174/3175 3181/3177/3176 2321/2322/2360
f 2321/2322/2360 3181/3177/3176 3180/3178/3177 2353/2354/2392
f 2385/2386/2424 3179/3179/3178 3178/3180/3179 2417/2418/2456
f 2417/2418/2456 3178/3180/3179 3177/3181/3180 2449/2450/2488
f 2353/2354/2392 3180/3178/3177 3179/3179/3178 2385/2386/2424
f 2481/2482/2520 3176/3182/3181 3175/3183/3182 2513/2514/2552
f 2545/2546/2584 3174/3185/3183 3173/3184/3184 2577/2578/2616
f 2513/2514/2552 3175/3183/3182 3174/3185/3183 2545/2546/2584
f 2449/2450/2488 3177/3181/3180 3176/3182/3181 2481/2482/2520
f 2609/2610/2648 3172/3194/3185 3171/3186/3186 2641/2642/2680
f 2673/2674/2712 3170/3187/3187 3169/3188/3188 2705/2706/2744
f 2705/2706/2744 3169/3188/3188 3168/3189/3189 2737/2738/2776
f 2641/2642/2680 3171/3186/3186 3170/3187/3187 2673/2674/2712
f 2801/2802/2840 3166/3191/3190 3165/3192/3191 2833/2834/2872
f 2833/2834/2872 3165/3192/3191 3164/3193/3192 2865/2866/2904
f 3166/3191/3190 2801/2802/2840 2769/2770/2808 3167/3190/3193
f 2737/2738/2776 3168/3189/3189 3167/3190/3193 2769/2770/2808
f 2577/2578/2616 3173/3184/3184 3172/3194/3185 2609/2610/2648
f 2865/2866/2904 3164/3193/3192 3163/3195/3194 2897/2898/2936
f 3091/3092/3129 3125/3196/3195 3124/3164/3196 3090/3091/3130
f 3093/3094/3132 3127/3197/3197 3126/3198/3198 3092/3093/3131
f 3092/3093/3131 3126/3198/3198 3125/3196/3195 3091/3092/3129
f 3095/3096/3134 3129/3199/3199 3128/3200/3200 3094/3095/3133
f 3097/3098/3136 3131/3201/3201 3130/3202/3202 3096/3097/3135
f 3098/3099/3137 3132/3203/3203 3131/3201/3201 3097/3098/3136
f 3096/3097/3135 3130/3202/3202 3129/3199/3199 3095/3096/3134
f 3094/3095/3133 3128/3200/3200 3127/3197/3197 3093/3094/3132
f 3100/3101/3139 3134/3204/3204 3133/3205/3205 3099/3100/3138
f 3102/3103/3141 3136/3206/3206 3135/3207/3207 3101/3102/3140
f 3103/3104/3142 3137/3208/3208 3136/3206/3206 3102/3103/3141
f 3101/3102/3140 3135/3207/3207 3134/3204/3204 3100/3101/3139
f 3105/3106/3144 3139/3209/3209 3138/3210/3210 3104/3105/3143
f 3107/3108/3146 3141/3211/3211 3140/3212/3212 3106/3107/3145
f 3108/3109/3147 3142/3213/3213 3141/3211/3211 3107/3108/3146
f 3106/3107/3145 3140/3212/3212 3139/3209/3209 3105/3106/3144
f 3104/3105/3143 3138/3210/3210 3137/3208/3208 3103/3104/3142
f 3099/3100/3138 3133/3205/3205 3132/3203/3203 3098/3099/3137
f 3142/3213/3213 3108/3109/3147 3109/3110/3148 3143/3214/3214
f 3143/3214/3214 3109/3110/3148 3110/3111/3149 3144/3215/3215
f 2961/2962/3000 3161/3217/3216 3160/3218/3217 2993/2994/3032
f 2993/2994/3032 3160/3218/3217 3159/3219/3218 3025/3026/3064
f 3161/3217/3216 2961/2962/3000 2929/2930/2968 3162/3216/3219
f 3111/3112/3150 3145/3220/3220 3144/3215/3215 3110/3111/3149
f 3113/3114/3152 3147/3221/3221 3146/3222/3222 3112/3113/3151
f 3114/3115/3153 3148/3223/3223 3147/3221/3221 3113/3114/3152
f 3112/3113/3151 3146/3222/3222 3145/3220/3220 3111/3112/3150
f 2897/2898/2936 3163/3195/3194 3162/3216/3219 2929/2930/2968
f 3057/3058/3096 3158/3224/3224 3157/3225/3225 3089/3090/3128
f 3156/3226/3226 3121/3122/3160 3089/3090/3128 3157/3225/3225
f 3158/3224/3224 3057/3058/3096 3025/3026/3064 3159/3219/3218
f 3116/3117/3155 3150/3227/3227 3149/3228/3228 3115/3116/3154
f 3148/3223/3223 3114/3115/3153 3115/3116/3154 3149/3228/3228
f 3150/3227/3227 3116/3117/3155 3117/3118/3156 3151/3229/3229
f 3118/3119/3157 3152/3230/3230 3151/3229/3229 3117/3118/3156
f 3120/3121/3159 3154/3231/3231 3153/3232/3232 3119/3120/3158
f 3121/3122/3160 3155/3233/3233 3154/3231/3231 3120/3121/3159
f 3119/3120/3158 3153/3232/3232 3152/3230/3230 3118/3119/3157
f 3121/3122/3160 3122/3234/3234 3155/3233/3233
f 3156/3226/3226 3122/3234/3234 3121/3122/3160
s 4
f 3125/3237/3235 1568/3238/3236 1569/3236/3237 3124/3235/3238
f 3127/3239/3239 1566/3240/3240 1567/3241/3241 3126/3242/3242
f 3126/3242/3242 1567/3241/3241 1568/3238/3236 3125/3237/3235
f 3129/3243/3243 1564/3244/3244 1565/3245/3245 3128/3246/3246
f 3131/3247/3247 1562/3248/3248 1563/3249/3249 3130/3250/3250
f 3130/3250/3250 1563/3249/3249 1564/3244/3244 3129/3243/3243
f 3128/3246/3246 1565/3245/3245 1566/3240/3240 3127/3239/3239
f 3133/3251/3251 1560/3252/3252 1561/3253/3253 3132/3254/3254
f 3135/3255/3255 1558/3256/3256 1559/3257/3257 3134/3258/3258
f 3134/3258/3258 1559/3257/3257 1560/3252/3252 3133/3251/3251
f 3137/3259/3259 1556/3260/3260 1557/3261/3261 3136/3262/3262
f 3139/3263/3263 1554/3264/3264 1555/3265/3265 3138/3266/3266
f 3138/3266/3266 1555/3265/3265 1556/3260/3260 3137/3259/3259
f 3136/3262/3262 1557/3261/3261 1558/3256/3256 3135/3255/3255
f 3132/3254/3254 1561/3253/3253 1562/3248/3248 3131/3247/3247
f 3141/3267/3267 1552/3268/3268 1553/3269/3269 3140/3270/3270
f 3143/3271/3271 1550/3272/3272 1551/3273/3273 3142/3274/3274
f 3142/3274/3274 1551/3273/3273 1552/3268/3268 3141/3267/3267
f 3145/3275/3275 1548/3276/3276 1549/3277/3277 3144/3278/3278
f 3147/3279/3279 1546/3280/3280 1547/3281/3281 3146/3282/3282
f 3146/3282/3282 1547/3281/3281 1548/3276/3276 3145/3275/3275
f 3144/3278/3278 1549/3277/3277 1550/3272/3272 3143/3271/3271
f 3149/3283/3283 1544/3284/3284 1545/3285/3285 3148/3286/3286
f 3151/3287/3287 1542/3288/3288 1543/3289/3289 3150/3290/3290
f 3150/3290/3290 1543/3289/3289 1544/3284/3284 3149/3283/3283
f 3153/3291/3291 1540/3292/3292 1541/3293/3293 3152/3294/3294
f 3155/3295/3295 1538/3296/3296 1539/3297/3297 3154/3298/3298
f 1538/3296/3296 3155/3295/3295 3122/3299/3299 1/3300/3300
f 3154/3298/3298 1539/3297/3297 1540/3292/3292 3153/3291/3291
f 3152/3294/3294 1541/3293/3293 1542/3288/3288 3151/3287/3287
f 3148/3286/3286 1545/3285/3285 1546/3280/3280 3147/3279/3279
f 3140/3270/3270 1553/3269/3269 1554/3264/3264 3139/3263/3263
f 3157/3302/3301 3158/3303/3302 1615/3304/3303 1616/3305/3304
f 3156/3301/3305 3157/3302/3301 1616/3305/3304 1617/3306/3306
f 3159/3307/3307 3160/3308/3308 1613/3309/3309 1614/3310/3310
f 3161/3311/3311 3162/3312/3312 1611/3313/3313 1612/3314/3314
f 3160/3308/3308 3161/3311/3311 1612/3314/3314 1613/3309/3309
f 3158/3303/3302 3159/3307/3307 1614/3310/3310 1615/3304/3303
f 3163/3315/3315 3164/3316/3316 1609/3317/3317 1610/3318/3318
f 3165/3319/3319 3166/3320/3320 1607/3321/3321 1608/3322/3322
f 3164/3316/3316 3165/3319/3319 1608/3322/3322 1609/3317/3317
f 3167/3323/3323 3168/3324/3324 1605/3325/3325 1606/3326/3326
f 3169/3327/3327 3170/3328/3328 1603/3329/3329 1604/3330/3330
f 3170/3328/3328 3171/3331/3331 1602/3332/3332 1603/3329/3329
f 3169/3327/3327 1604/3330/3330 1605/3325/3325 3168/3324/3324
f 3166/3320/3320 3167/3323/3323 1606/3326/3326 1607/3321/3321
f 3162/3312/3312 3163/3315/3315 1610/3318/3318 1611/3313/3313
f 3173/3335/3333 3174/3338/3334 1599/3336/3335 1600/3337/3336
f 3172/3333/3337 3173/3335/3333 1600/3337/3336 1601/3334/3338
f 3174/3338/3334 3175/3339/3339 1598/3340/3340 1599/3336/3335
f 3177/3345/3341 1596/3341/3342 1597/3342/3343 3176/3343/3344
f 3178/3348/3345 1595/3344/3346 1596/3341/3342 3177/3345/3341
f 3179/3346/3347 1594/3347/3348 1595/3344/3346 3178/3348/3345
f 3180/3349/3349 3181/3351/3350 1592/3352/3351 1593/3350/3352
f 3179/3346/3347 3180/3349/3349 1593/3350/3352 1594/3347/3348
f 3176/3343/3344 1597/3342/3343 1598/3340/3340 3175/3339/3339
f 3172/3333/3337 1601/3334/3338 1602/3332/3332 3171/3331/3331
f 1617/3306/3306 1/3300/3300 3122/3299/3299 3156/3301/3305
f 3181/3351/3350 3182/3354/3353 1591/3353/3354 1592/3352/3351
f 3184/3360/3355 1589/3355/3356 1590/3356/3357 3183/3357/3358
f 3183/3357/3358 1590/3356/3357 1591/3353/3354 3182/3354/3353
f 3185/3358/3359 1588/3359/3360 1589/3355/3356 3184/3360/3355
f 3186/3361/3361 1587/3362/3362 1588/3359/3360 3185/3358/3359
f 3188/3365/3363 3189/3370/3364 1584/3366/3365 1585/3367/3366
f 3187/3363/3367 3188/3365/3363 1585/3367/3366 1586/3364/3368
f 3190/3368/3369 1583/3369/3370 1584/3366/3365 3189/3370/3364
f 3192/3373/3371 1581/3374/3372 1582/3372/3373 3191/3371/3374
f 3191/3371/3374 1582/3372/3373 1583/3369/3370 3190/3368/3369
f 3186/3361/3361 3187/3363/3367 1586/3364/3368 1587/3362/3362
f 3194/3377/3375 3195/3378/3376 1578/3379/3377 1579/3380/3378
f 3193/3375/3379 3194/3377/3375 1579/3380/3378 1580/3376/3380
f 3197/3386/3381 1576/3381/3382 1577/3382/3383 3196/3383/3384
f 3198/3384/3385 1575/3385/3386 1576/3381/3382 3197/3386/3381
f 3196/3383/3384 1577/3382/3383 1578/3379/3377 3195/3378/3376
f 3200/3387/3387 1573/3388/3388 1574/3389/3389 3199/3390/3390
f 3200/3387/3387 3201/3391/3391 1572/3392/3392 1573/3388/3388
f 3201/3391/3391 3202/3395/3393 1570/3394/3394 1571/3393/3395 1572/3392/3392
f 1537/3440/3396 1570/3394/3394 3202/3395/3393 3203/3396/3397
f 3199/3390/3390 1574/3389/3389 1575/3385/3386 3198/3384/3385
f 3193/3375/3379 1580/3376/3380 1581/3374/3372 3192/3373/3371
f 3227/3430/3398 3228/3432/3399 1512/3456/3400 1513/3450/3401
f 1511/3452/3402 1512/3456/3400 3228/3432/3399 3229/3433/3403
f 1510/3455/3404 1511/3452/3402 3229/3433/3403 3230/3435/3405
f 1509/3453/3406 1510/3455/3404 3230/3435/3405 3231/3436/3407
f 1508/3454/3408 1509/3453/3406 3231/3436/3407 3232/3437/3409
f 1507/3457/3410 1508/3454/3408 3232/3437/3409 3233/3438/3411
f 1506/3458/3412 1507/3457/3410 3233/3438/3411 3234/3459/3413
f 3203/3396/3397 3204/3397/3414 1536/3405/3415 1537/3440/3396
f 3204/3397/3414 3205/3398/3416 1535/3441/3417 1536/3405/3415
f 3205/3398/3416 3206/3399/3418 1534/3407/3419 1535/3441/3417
f 3206/3399/3418 3207/3400/3420 1533/3412/3421 1534/3407/3419
f 3207/3400/3420 3208/3401/3422 1532/3408/3423 1533/3412/3421
f 3208/3401/3422 3209/3402/3424 1531/3411/3425 1532/3408/3423
f 3209/3402/3424 3210/3403/3426 1530/3409/3427 1531/3411/3425
f 3210/3403/3426 3211/3404/3428 1529/3410/3429 1530/3409/3427
f 3211/3404/3428 3212/3406/3430 1528/3418/3431 1529/3410/3429
f 3212/3406/3430 3213/3413/3432 1527/3415/3433 1528/3418/3431
f 3213/3413/3432 3214/3414/3434 1526/3417/3435 1527/3415/3433
f 3214/3414/3434 3215/3416/3436 1525/3439/3437 1526/3417/3435
f 3215/3416/3436 3216/3419/3438 1524/3431/3439 1525/3439/3437
f 3217/3420/3440 1523/3434/3441 1524/3431/3439 3216/3419/3438
f 3217/3420/3440 3218/3421/3442 1522/3444/3443 1523/3434/3441
f 3218/3421/3442 3219/3422/3444 1521/3443/3445 1522/3444/3443
f 3219/3422/3444 3220/3423/3446 1520/3442/3447 1521/3443/3445
f 3220/3423/3446 3221/3424/3448 1519/3445/3449 1520/3442/3447
f 3221/3424/3448 3222/3425/3450 1518/3446/3451 1519/3445/3449
f 3222/3425/3450 3223/3426/3452 1517/3447/3453 1518/3446/3451
f 3223/3426/3452 3224/3427/3454 1516/3448/3455 1517/3447/3453
f 3224/3427/3454 3225/3428/3456 1515/3451/3457 1516/3448/3455
f 3225/3428/3456 3226/3429/3458 1514/3449/3459 1515/3451/3457
f 3226/3429/3458 3227/3430/3398 1513/3450/3401 1514/3449/3459
s 1
f 3267/3460/3460 3236/3461/3461 2/2/3 34/1/2
f 3268/3462/3462 3237/3463/3463 3236/3461/3461 3267/3460/3460
f 3269/3464/3464 3238/3465/3465 3237/3463/3463 3268/3462/3462
f 3270/3466/3466 3239/3467/3467 3238/3465/3465 3269/3464/3464
f 3271/3468/3468 3240/3469/3469 3239/3467/3467 3270/3466/3466
f 3272/3470/3470 3241/3471/3471 3240/3469/3469 3271/3468/3468
f 3273/3472/3472 3242/3473/3473 3241/3471/3471 3272/3470/3470
f 3274/3474/3474 3243/3475/3475 3242/3473/3473 3273/3472/3472
f 3275/3476/3476 3244/3477/3477 3243/3475/3475 3274/3474/3474
f 3276/3478/3478 3245/3479/3479 3244/3477/3477 3275/3476/3476
f 3277/3480/3480 3246/3481/3481 3245/3479/3479 3276/3478/3478
f 3278/3482/3482 3247/3483/3483 3246/3481/3481 3277/3480/3480
f 3279/3484/3484 3248/3485/3485 3247/3483/3483 3278/3482/3482
f 3280/3486/3486 3249/3487/3487 3248/3485/3485 3279/3484/3484
f 3281/3488/3488 3250/3489/3489 3249/3487/3487 3280/3486/3486
f 3282/3490/3490 3251/3491/3491 3250/3489/3489 3281/3488/3488
f 3283/3492/3492 3252/3493/3493 3251/3491/3491 3282/3490/3490
f 3284/3494/3494 3253/3495/3495 3252/3493/3493 3283/3492/3492
f 3285/3496/3496 3254/3497/3497 3253/3495/3495 3284/3494/3494
f 3286/3498/3498 3255/3499/3499 3254/3497/3497 3285/3496/3496
f 3287/3500/3500 3256/3501/3501 3255/3499/3499 3286/3498/3498
f 3288/3502/3502 3257/3503/3503 3256/3501/3501 3287/3500/3500
f 3289/3504/3504 3258/3505/3505 3257/3503/3503 3288/3502/3502
f 3290/3506/3506 3259/3507/3507 3258/3505/3505 3289/3504/3504
f 3291/3508/3508 3260/3509/3509 3259/3507/3507 3290/3506/3506
f 3292/3510/3510 3261/3511/3511 3260/3509/3509 3291/3508/3508
f 3293/3512/3512 3262/3513/3513 3261/3511/3511 3292/3510/3510
f 3294/3514/3514 3263/3515/3515 3262/3513/3513 3293/3512/3512
f 3295/3516/3516 3264/3517/3517 3263/3515/3515 3294/3514/3514
f 3296/3518/3518 3265/3519/3519 3264/3517/3517 3295/3516/3516
f 3297/3520/3520 3266/3521/3521 3265/3519/3519 3296/3518/3518
f 3298/3522/3522 3267/3460/3460 34/1/2 66/65/66
f 3299/3523/3523 3268/3462/3462 3267/3460/3460 3298/3522/3522
f 3300/3524/3524 3269/3464/3464 3268/3462/3462 3299/3523/3523
f 3301/3525/3525 3270/3466/3466 3269/3464/3464 3300/3524/3524
f 3302/3526/3526 3271/3468/3468 3270/3466/3466 3301/3525/3525
f 3303/3527/3527 3272/3470/3470 3271/3468/3468 3302/3526/3526
f 3304/3528/3528 3273/3472/3472 3272/3470/3470 3303/3527/3527
f 3305/3529/3529 3274/3474/3474 3273/3472/3472 3304/3528/3528
f 3306/3530/3530 3275/3476/3476 3274/3474/3474 3305/3529/3529
f 3307/3531/3531 3276/3478/3478 3275/3476/3476 3306/3530/3530
f 3308/3532/3532 3277/3480/3480 3276/3478/3478 3307/3531/3531
f 3309/3533/3533 3278/3482/3482 3277/3480/3480 3308/3532/3532
f 3310/3534/3534 3279/3484/3484 3278/3482/3482 3309/3533/3533
f 3311/3535/3535 3280/3486/3486 3279/3484/3484 3310/3534/3534
f 3312/3536/3536 3281/3488/3488 3280/3486/3486 3311/3535/3535
f 3313/3537/3537 3282/3490/3490 3281/3488/3488 3312/3536/3536
f 3314/3538/3538 3283/3492/3492 3282/3490/3490 3313/3537/3537
f 3315/3539/3539 3284/3494/3494 3283/3492/3492 3314/3538/3538
f 3316/3540/3540 3285/3496/3496 3284/3494/3494 3315/3539/3539
f 3317/3541/3541 3286/3498/3498 3285/3496/3496 3316/3540/3540
f 3318/3542/3542 3287/3500/3500 3286/3498/3498 3317/3541/3541
f 3319/3543/3543 3288/3502/3502 3287/3500/3500 3318/3542/3542
f 3320/3544/3544 3289/3504/3504 3288/3502/3502 3319/3543/3543
f 3321/3545/3545 3290/3506/3506 3289/3504/3504 3320/3544/3544
f 3322/3546/3546 3291/3508/3508 3290/3506/3506 3321/3545/3545
f 3323/3547/3547 3292/3510/3510 3291/3508/3508 3322/3546/3546
f 3324/3548/3548 3293/3512/3512 3292/3510/3510 3323/3547/3547
f 3325/3549/3549 3294/3514/3514 3293/3512/3512 3324/3548/3548
f 3326/3550/3550 3295/3516/3516 3294/3514/3514 3325/3549/3549
f 3327/3551/3551 3296/3518/3518 3295/3516/3516 3326/3550/3550
f 3328/3552/3552 3297/3520/3520 3296/3518/3518 3327/3551/3551
f 3329/3553/3553 3298/3522/3522 66/65/66 98/97/98
f 3330/3554/3554 3299/3523/3523 3298/3522/3522 3329/3553/3553
f 3331/3555/3555 3300/3524/3524 3299/3523/3523 3330/3554/3554
f 3332/3556/3556 3301/3525/3525 3300/3524/3524 3331/3555/3555
f 3333/3557/3557 3302/3526/3526 3301/3525/3525 3332/3556/3556
f 3334/3558/3558 3303/3527/3527 3302/3526/3526 3333/3557/3557
f 3335/3559/3559 3304/3528/3528 3303/3527/3527 3334/3558/3558
f 3336/3560/3560 3305/3529/3529 3304/3528/3528 3335/3559/3559
f 3337/3561/3561 3306/3530/3530 3305/3529/3529 3336/3560/3560
f 3338/3562/3562 3307/3531/3531 3306/3530/3530 3337/3561/3561
f 3339/3563/3563 3308/3532/3532 3307/3531/3531 3338/3562/3562
f 3340/3564/3564 3309/3533/3533 3308/3532/3532 3339/3563/3563
f 3341/3565/3565 3310/3534/3534 3309/3533/3533 3340/3564/3564
f 3342/3566/3566 3311/3535/3535 3310/3534/3534 3341/3565/3565
f 3343/3567/3567 3312/3536/3536 3311/3535/3535 3342/3566/3566
f 3344/3568/3568 3313/3537/3537 3312/3536/3536 3343/3567/3567
f 3345/3569/3569 3314/3538/3538 3313/3537/3537 3344/3568/3568
f 3346/3570/3570 3315/3539/3539 3314/3538/3538 3345/3569/3569
f 3347/3571/3571 3316/3540/3540 3315/3539/3539 3346/3570/3570
f 3348/3572/3572 3317/3541/3541 3316/3540/3540 3347/3571/3571
f 3349/3573/3573 3318/3542/3542 3317/3541/3541 3348/3572/3572
f 3350/3574/3574 3319/3543/3543 3318/3542/3542 3349/3573/3573
f 3351/3575/3575 3320/3544/3544 3319/3543/3543 3350/3574/3574
f 3352/3576/3576 3321/3545/3545 3320/3544/3544 3351/3575/3575
f 3353/3577/3577 3322/3546/3546 3321/3545/3545 3352/3576/3576
f 3354/3578/3578 3323/3547/3547 3322/3546/3546 3353/3577/3577
f 3355/3579/3579 3324/3548/3548 3323/3547/3547 3354/3578/3578
f 3356/3580/3580 3325/3549/3549 3324/3548/3548 3355/3579/3579
f 3357/3581/3581 3326/3550/3550 3325/3549/3549 3356/3580/3580
f 3358/3582/3582 3327/3551/3551 3326/3550/3550 3357/3581/3581
f 3359/3583/3583 3328/3552/3552 3327/3551/3551 3358/3582/3582
f 3360/3584/3584 3329/3553/3553 98/97/98 130/129/130
f 3361/3585/3585 3330/3554/3554 3329/3553/3553 3360/3584/3584
f 3362/3586/3586 3331/3555/3555 3330/3554/3554 3361/3585/3585
f 3363/3587/3587 3332/3556/3556 3331/3555/3555 3362/3586/3586
f 3364/3588/3588 3333/3557/3557 3332/3556/3556 3363/3587/3587
f 3365/3589/3589 3334/3558/3558 3333/3557/3557 3364/3588/3588
f 3366/3590/3590 3335/3559/3559 3334/3558/3558 3365/3589/3589
f 3367/3591/3591 3336/3560/3560 3335/3559/3559 3366/3590/3590
f 3368/3592/3592 3337/3561/3561 3336/3560/3560 3367/3591/3591
f 3369/3593/3593 3338/3562/3562 3337/3561/3561 3368/3592/3592
f 3370/3594/3594 3339/3563/3563 3338/3562/3562 3369/3593/3593
f 3371/3595/3595 3340/3564/3564 3339/3563/3563 3370/3594/3594
f 3372/3596/3596 3341/3565/3565 3340/3564/3564 3371/3595/3595
f 3373/3597/3597 3342/3566/3566 3341/3565/3565 3372/3596/3596
f 3374/3598/3598 3343/3567/3567 3342/3566/3566 3373/3597/3597
f 3375/3599/3599 3344/3568/3568 3343/3567/3567 3374/3598/3598
f 3376/3600/3600 3345/3569/3569 3344/3568/3568 3375/3599/3599
f 3377/3601/3601 3346/3570/3570 3345/3569/3569 3376/3600/3600
f 3378/3602/3602 3347/3571/3571 3346/3570/3570 3377/3601/3601
f 3379/3603/3603 3348/3572/3572 3347/3571/3571 3378/3602/3602
f 3380/3604/3604 3349/3573/3573 3348/3572/3572 3379/3603/3603
f 3381/3605/3605 3350/3574/3574 3349/3573/3573 3380/3604/3604
f 3382/3606/3606 3351/3575/3575 3350/3574/3574 3381/3605/3605
f 3383/3607/3607 3352/3576/3576 3351/3575/3575 3382/3606/3606
f 3384/3608/3608 3353/3577/3577 3352/3576/3576 3383/3607/3607
f 3385/3609/3609 3354/3578/3578 3353/3577/3577 3384/3608/3608
f 3386/3610/3610 3355/3579/3579 3354/3578/3578 3385/3609/3609
f 3387/3611/3611 3356/3580/3580 3355/3579/3579 3386/3610/3610
f 3388/3612/3612 3357/3581/3581 3356/3580/3580 3387/3611/3611
f 3389/3613/3613 3358/3582/3582 3357/3581/3581 3388/3612/3612
f 3390/3614/3614 3359/3583/3583 3358/3582/3582 3389/3613/3613
f 3391/3615/3615 3360/3584/3584 130/129/130 162/161/162
f 3392/3616/3616 3361/3585/3585 3360/3584/3584 3391/3615/3615
f 3393/3617/3617 3362/3586/3586 3361/3585/3585 3392/3616/3616
f 3394/3618/3618 3363/3587/3587 3362/3586/3586 3393/3617/3617
f 3395/3619/3619 3364/3588/3588 3363/3587/3587 3394/3618/3618
f 3396/3620/3620 3365/3589/3589 3364/3588/3588 3395/3619/3619
f 3397/3621/3621 3366/3590/3590 3365/3589/3589 3396/3620/3620
f 3398/3622/3622 3367/3591/3591 3366/3590/3590 3397/3621/3621
f 3399/3623/3623 3368/3592/3592 3367/3591/3591 3398/3622/3622
f 3400/3624/3624 3369/3593/3593 3368/3592/3592 3399/3623/3623
f 3401/3625/3625 3370/3594/3594 3369/3593/3593 3400/3624/3624
f 3402/3626/3626 3371/3595/3595 3370/3594/3594 3401/3625/3625
f 3403/3627/3627 3372/3596/3596 3371/3595/3595 3402/3626/3626
f 3404/3628/3628 3373/3597/3597 3372/3596/3596 3403/3627/3627
f 3405/3629/3629 3374/3598/3598 3373/3597/3597 3404/3628/3628
f 3406/3630/3630 3375/3599/3599 3374/3598/3598 3405/3629/3629
f 3407/3631/3631 3376/3600/3600 3375/3599/3599 3406/3630/3630
f 3408/3632/3632 3377/3601/3601 3376/3600/3600 3407/3631/3631
f 3409/3633/3633 3378/3602/3602 3377/3601/3601 3408/3632/3632
f 3410/3634/3634 3379/3603/3603 3378/3602/3602 3409/3633/3633
f 3411/3635/3635 3380/3604/3604 3379/3603/3603 3410/3634/3634
f 3412/3636/3636 3381/3605/3605 3380/3604/3604 3411/3635/3635
f 3413/3637/3637 3382/3606/3606 3381/3605/3605 3412/3636/3636
f 3414/3638/3638 3383/3607/3607 3382/3606/3606 3413/3637/3637
f 3415/3639/3639 3384/3608/3608 3383/3607/3607 3414/3638/3638
f 3416/3640/3640 3385/3609/3609 3384/3608/3608 3415/3639/3639
f 3417/3641/3641 3386/3610/3610 3385/3609/3609 3416/3640/3640
f 3418/3642/3642 3387/3611/3611 3386/3610/3610 3417/3641/3641
f 3419/3643/3643 3388/3612/3612 3387/3611/3611 3418/3642/3642
f 3420/3644/3644 3389/3613/3613 3388/3612/3612 3419/3643/3643
f 3421/3645/3645 3390/3614/3614 3389/3613/3613 3420/3644/3644
f 162/161/162 194/193/194 3422/3646/3646 3391/3615/3615
f 3391/3615/3615 3422/3646/3646 3423/3647/3647 3392/3616/3616
f 3392/3616/3616 3423/3647/3647 3424/3648/3648 3393/3617/3617
f 3393/3617/3617 3424/3648/3648 3425/3649/3649 3394/3618/3618
f 3394/3618/3618 3425/3649/3649 3426/3650/3650 3395/3619/3619
f 3395/3619/3619 3426/3650/3650 3427/3651/3651 3396/3620/3620
f 3396/3620/3620 3427/3651/3651 3428/3652/3652 3397/3621/3621
f 3397/3621/3621 3428/3652/3652 3429/3653/3653 3398/3622/3622
f 3398/3622/3622 3429/3653/3653 3430/3654/3654 3399/3623/3623
f 3399/3623/3623 3430/3654/3654 3431/3655/3655 3400/3624/3624
f 3400/3624/3624 3431/3655/3655 3432/3656/3656 3401/3625/3625
f 3401/3625/3625 3432/3656/3656 3433/3657/3657 3402/3626/3626
f 3402/3626/3626 3433/3657/3657 3434/3658/3658 3403/3627/3627
f 3403/3627/3627 3434/3658/3658 3435/3659/3659 3404/3628/3628
f 3404/3628/3628 3435/3659/3659 3436/3660/3660 3405/3629/3629
f 3405/3629/3629 3436/3660/3660 3437/3661/3661 3406/3630/3630
f 3406/3630/3630 3437/3661/3661 3438/3662/3662 3407/3631/3631
f 3407/3631/3631 3438/3662/3662 3439/3663/3663 3408/3632/3632
f 3408/3632/3632 3439/3663/3663 3440/3664/3664 3409/3633/3633
f 3409/3633/3633 3440/3664/3664 3441/3665/3665 3410/3634/3634
f 3410/3634/3634 3441/3665/3665 3442/3666/3666 3411/3635/3635
f 3411/3635/3635 3442/3666/3666 3443/3667/3667 3412/3636/3636
f 3412/3636/3636 3443/3667/3667 3444/3668/3668 3413/3637/3637
f 3413/3637/3637 3444/3668/3668 3445/3669/3669 3414/3638/3638
f 3414/3638/3638 3445/3669/3669 3446/3670/3670 3415/3639/3639
f 3415/3639/3639 3446/3670/3670 3447/3671/3671 3416/3640/3640
f 3416/3640/3640 3447/3671/3671 3448/3672/3672 3417/3641/3641
f 3417/3641/3641 3448/3672/3672 3449/3673/3673 3418/3642/3642
f 3418/3642/3642 3449/3673/3673 3450/3674/3674 3419/3643/3643
f 3419/3643/3643 3450/3674/3674 3451/3675/3675 3420/3644/3644
f 3420/3644/3644 3451/3675/3675 3452/3676/3676 3421/3645/3645
f 3453/3677/3677 3422/3646/3646 194/193/194 226/225/226
f 3454/3678/3678 3423/3647/3647 3422/3646/3646 3453/3677/3677
f 3455/3679/3679 3424/3648/3648 3423/3647/3647 3454/3678/3678
f 3456/3680/3680 3425/3649/3649 3424/3648/3648 3455/3679/3679
f 3457/3681/3681 3426/3650/3650 3425/3649/3649 3456/3680/3680
f 3458/3682/3682 3427/3651/3651 3426/3650/3650 3457/3681/3681
f 3459/3683/3683 3428/3652/3652 3427/3651/3651 3458/3682/3682
f 3460/3684/3684 3429/3653/3653 3428/3652/3652 3459/3683/3683
f 3461/3685/3685 3430/3654/3654 3429/3653/3653 3460/3684/3684
f 3462/3686/3686 3431/3655/3655 3430/3654/3654 3461/3685/3685
f 3463/3687/3687 3432/3656/3656 3431/3655/3655 3462/3686/3686
f 3464/3688/3688 3433/3657/3657 3432/3656/3656 3463/3687/3687
f 3465/3689/3689 3434/3658/3658 3433/3657/3657 3464/3688/3688
f 3466/3690/3690 3435/3659/3659 3434/3658/3658 3465/3689/3689
f 3467/3691/3691 3436/3660/3660 3435/3659/3659 3466/3690/3690
f 3468/3692/3692 3437/3661/3661 3436/3660/3660 3467/3691/3691
f 3469/3693/3693 3438/3662/3662 3437/3661/3661 3468/3692/3692
f 3470/3694/3694 3439/3663/3663 3438/3662/3662 3469/3693/3693
f 3471/3695/3695 3440/3664/3664 3439/3663/3663 3470/3694/3694
f 3472/3696/3696 3441/3665/3665 3440/3664/3664 3471/3695/3695
f 3473/3697/3697 3442/3666/3666 3441/3665/3665 3472/3696/3696
f 3474/3698/3698 3443/3667/3667 3442/3666/3666 3473/3697/3697
f 3475/3699/3699 3444/3668/3668 3443/3667/3667 3474/3698/3698
f 3476/3700/3700 3445/3669/3669 3444/3668/3668 3475/3699/3699
f 3477/3701/3701 3446/3670/3670 3445/3669/3669 3476/3700/3700
f 3478/3702/3702 3447/3671/3671 3446/3670/3670 3477/3701/3701
f 3479/3703/3703 3448/3672/3672 3447/3671/3671 3478/3702/3702
f 3480/3704/3704 3449/3673/3673 3448/3672/3672 3479/3703/3703
f 3481/3705/3705 3450/3674/3674 3449/3673/3673 3480/3704/3704
f 3482/3706/3706 3451/3675/3675 3450/3674/3674 3481/3705/3705
f 3483/3707/3707 3452/3676/3676 3451/3675/3675 3482/3706/3706
f 3484/3708/3708 3453/3677/3677 226/225/226 258/257/258
f 3485/3709/3709 3454/3678/3678 3453/3677/3677 3484/3708/3708
f 3486/3710/3710 3455/3679/3679 3454/3678/3678 3485/3709/3709
f 3487/3711/3711 3456/3680/3680 3455/3679/3679 3486/3710/3710
f 3488/3712/3712 3457/3681/3681 3456/3680/3680 3487/3711/3711
f 3489/3713/3713 3458/3682/3682 3457/3681/3681 3488/3712/3712
f 3490/3714/3714 3459/3683/3683 3458/3682/3682 3489/3713/3713
f 3491/3715/3715 3460/3684/3684 3459/3683/3683 3490/3714/3714
f 3492/3716/3716 3461/3685/3685 3460/3684/3684 3491/3715/3715
f 3493/3717/3717 3462/3686/3686 3461/3685/3685 3492/3716/3716
f 3494/3718/3718 3463/3687/3687 3462/3686/3686 3493/3717/3717
f 3495/3719/3719 3464/3688/3688 3463/3687/3687 3494/3718/3718
f 3496/3720/3720 3465/3689/3689 3464/3688/3688 3495/3719/3719
f 3497/3721/3721 3466/3690/3690 3465/3689/3689 3496/3720/3720
f 3498/3722/3722 3467/3691/3691 3466/3690/3690 3497/3721/3721
f 3499/3723/3723 3468/3692/3692 3467/3691/3691 3498/3722/3722
f 3500/3724/3724 3469/3693/3693 3468/3692/3692 3499/3723/3723
f 3501/3725/3725 3470/3694/3694 3469/3693/3693 3500/3724/3724
f 3502/3726/3726 3471/3695/3695 3470/3694/3694 3501/3725/3725
f 3503/3727/3727 3472/3696/3696 3471/3695/3695 3502/3726/3726
f 3504/3728/3728 3473/3697/3697 3472/3696/3696 3503/3727/3727
f 3505/3729/3729 3474/3698/3698 3473/3697/3697 3504/3728/3728
f 3506/3730/3730 3475/3699/3699 3474/3698/3698 3505/3729/3729
f 3507/3731/3731 3476/3700/3700 3475/3699/3699 3506/3730/3730
f 3508/3732/3732 3477/3701/3701 3476/3700/3700 3507/3731/3731
f 3509/3733/3733 3478/3702/3702 3477/3701/3701 3508/3732/3732
f 3510/3734/3734 3479/3703/3703 3478/3702/3702 3509/3733/3733
f 3511/3735/3735 3480/3704/3704 3479/3703/3703 3510/3734/3734
f 3512/3736/3736 3481/3705/3705 3480/3704/3704 3511/3735/3735
f 3513/3737/3737 3482/3706/3706 3481/3705/3705 3512/3736/3736
f 3514/3738/3738 3483/3707/3707 3482/3706/3706 3513/3737/3737
f 3515/3739/3739 3484/3708/3708 258/257/258 290/289/290
f 3516/3740/3740 3485/3709/3709 3484/3708/3708 3515/3739/3739
f 3517/3741/3741 3486/3710/3710 3485/3709/3709 3516/3740/3740
f 3518/3742/3742 3487/3711/3711 3486/3710/3710 3517/3741/3741
f 3519/3743/3743 3488/3712/3712 3487/3711/3711 3518/3742/3742
f 3520/3744/3744 3489/3713/3713 3488/3712/3712 3519/3743/3743
f 3521/3745/3745 3490/3714/3714 3489/3713/3713 3520/3744/3744
f 3522/3746/3746 3491/3715/3715 3490/3714/3714 3521/3745/3745
f 3523/3747/3747 3492/3716/3716 3491/3715/3715 3522/3746/3746
f 3524/3748/3748 3493/3717/3717 3492/3716/3716 3523/3747/3747
f 3525/3749/3749 3494/3718/3718 3493/3717/3717 3524/3748/3748
f 3526/3750/3750 3495/3719/3719 3494/3718/3718 3525/3749/3749
f 3527/3751/3751 3496/3720/3720 3495/3719/3719 3526/3750/3750
f 3528/3752/3752 3497/3721/3721 3496/3720/3720 3527/3751/3751
f 3529/3753/3753 3498/3722/3722 3497/3721/3721 3528/3752/3752
f 3530/3754/3754 3499/3723/3723 3498/3722/3722 3529/3753/3753
f 3531/3755/3755 3500/3724/3724 3499/3723/3723 3530/3754/3754
f 3532/3756/3756 3501/3725/3725 3500/3724/3724 3531/3755/3755
f 3533/3757/3757 3502/3726/3726 3501/3725/3725 3532/3756/3756
f 3534/3758/3758 3503/3727/3727 3502/3726/3726 3533/3757/3757
f 3535/3759/3759 3504/3728/3728 3503/3727/3727 3534/3758/3758
f 3536/3760/3760 3505/3729/3729 3504/3728/3728 3535/3759/3759
f 3537/3761/3761 3506/3730/3730 3505/3729/3729 3536/3760/3760
f 3538/3762/3762 3507/3731/3731 3506/3730/3730 3537/3761/3761
f 3539/3763/3763 3508/3732/3732 3507/3731/3731 3538/3762/3762
f 3540/3764/3764 3509/3733/3733 3508/3732/3732 3539/3763/3763
f 3541/3765/3765 3510/3734/3734 3509/3733/3733 3540/3764/3764
f 3542/3766/3766 3511/3735/3735 3510/3734/3734 3541/3765/3765
f 3543/3767/3767 3512/3736/3736 3511/3735/3735 3542/3766/3766
f 3544/3768/3768 3513/3737/3737 3512/3736/3736 3543/3767/3767
f 3545/3769/3769 3514/3738/3738 3513/3737/3737 3544/3768/3768
f 3546/3770/3770 3515/3739/3739 290/289/290 322/321/322
f 3547/3771/3771 3516/3740/3740 3515/3739/3739 3546/3770/3770
f 3548/3772/3772 3517/3741/3741 3516/3740/3740 3547/3771/3771
f 3549/3773/3773 3518/3742/3742 3517/3741/3741 3548/3772/3772
f 3550/3774/3774 3519/3743/3743 3518/3742/3742 3549/3773/3773
f 3551/3775/3775 3520/3744/3744 3519/3743/3743 3550/3774/3774
f 3552/3776/3776 3521/3745/3745 3520/3744/3744 3551/3775/3775
f 3553/3777/3777 3522/3746/3746 3521/3745/3745 3552/3776/3776
f 3554/3778/3778 3523/3747/3747 3522/3746/3746 3553/3777/3777
f 3555/3779/3779 3524/3748/3748 3523/3747/3747 3554/3778/3778
f 3556/3780/3780 3525/3749/3749 3524/3748/3748 3555/3779/3779
f 3557/3781/3781 3526/3750/3750 3525/3749/3749 3556/3780/3780
f 3558/3782/3782 3527/3751/3751 3526/3750/3750 3557/3781/3781
f 3559/3783/3783 3528/3752/3752 3527/3751/3751 3558/3782/3782
f 3560/3784/3784 3529/3753/3753 3528/3752/3752 3559/3783/3783
f 3561/3785/3785 3530/3754/3754 3529/3753/3753 3560/3784/3784
f 3562/3786/3786 3531/3755/3755 3530/3754/3754 3561/3785/3785
f 3563/3787/3787 3532/3756/3756 3531/3755/3755 3562/3786/3786
f 3564/3788/3788 3533/3757/3757 3532/3756/3756 3563/3787/3787
f 3565/3789/3789 3534/3758/3758 3533/3757/3757 3564/3788/3788
f 3566/3790/3790 3535/3759/3759 3534/3758/3758 3565/3789/3789
f 3567/3791/3791 3536/3760/3760 3535/3759/3759 3566/3790/3790
f 3568/3792/3792 3537/3761/3761 3536/3760/3760 3567/3791/3791
f 3569/3793/3793 3538/3762/3762 3537/3761/3761 3568/3792/3792
f 3570/3794/3794 3539/3763/3763 3538/3762/3762 3569/3793/3793
f 3571/3795/3795 3540/3764/3764 3539/3763/3763 3570/3794/3794
f 3572/3796/3796 3541/3765/3765 3540/3764/3764 3571/3795/3795
f 3573/3797/3797 3542/3766/3766 3541/3765/3765 3572/3796/3796
f 3574/3798/3798 3543/3767/3767 3542/3766/3766 3573/3797/3797
f 3575/3799/3799 3544/3768/3768 3543/3767/3767 3574/3798/3798
f 3576/3800/3800 3545/3769/3769 3544/3768/3768 3575/3799/3799
f 3577/3801/3801 3546/3770/3770 322/321/322 354/353/354
f 3578/3802/3802 3547/3771/3771 3546/3770/3770 3577/3801/3801
f 3579/3803/3803 3548/3772/3772 3547/3771/3771 3578/3802/3802
f 3580/3804/3804 3549/3773/3773 3548/3772/3772 3579/3803/3803
f 3581/3805/3805 3550/3774/3774 3549/3773/3773 3580/3804/3804
f 3582/3806/3806 3551/3775/3775 3550/3774/3774 3581/3805/3805
f 3583/3807/3807 3552/3776/3776 3551/3775/3775 3582/3806/3806
f 3584/3808/3808 3553/3777/3777 3552/3776/3776 3583/3807/3807
f 3585/3809/3809 3554/3778/3778 3553/3777/3777 3584/3808/3808
f 3586/3810/3810 3555/3779/3779 3554/3778/3778 3585/3809/3809
f 3587/3811/3811 3556/3780/3780 3555/3779/3779 3586/3810/3810
f 3588/3812/3812 3557/3781/3781 3556/3780/3780 3587/3811/3811
f 3589/3813/3813 3558/3782/3782 3557/3781/3781 3588/3812/3812
f 3590/3814/3814 3559/3783/3783 3558/3782/3782 3589/3813/3813
f 3591/3815/3815 3560/3784/3784 3559/3783/3783 3590/3814/3814
f 3592/3816/3816 3561/3785/3785 3560/3784/3784 3591/3815/3815
f 3593/3817/3817 3562/3786/3786 3561/3785/3785 3592/3816/3816
f 3594/3818/3818 3563/3787/3787 3562/3786/3786 3593/3817/3817
f 3595/3819/3819 3564/3788/3788 3563/3787/3787 3594/3818/3818
f 3596/3820/3820 3565/3789/3789 3564/3788/3788 3595/3819/3819
f 3597/3821/3821 3566/3790/3790 3565/3789/3789 3596/3820/3820
f 3598/3822/3822 3567/3791/3791 3566/3790/3790 3597/3821/3821
f 3599/3823/3823 3568/3792/3792 3567/3791/3791 3598/3822/3822
f 3600/3824/3824 3569/3793/3793 3568/3792/3792 3599/3823/3823
f 3601/3825/3825 3570/3794/3794 3569/3793/3793 3600/3824/3824
f 3602/3826/3826 3571/3795/3795 3570/3794/3794 3601/3825/3825
f 3603/3827/3827 3572/3796/3796 3571/3795/3795 3602/3826/3826
f 3604/3828/3828 3573/3797/3797 3572/3796/3796 3603/3827/3827
f 3605/3829/3829 3574/3798/3798 3573/3797/3797 3604/3828/3828
f 3606/3830/3830 3575/3799/3799 3574/3798/3798 3605/3829/3829
f 3607/3831/3831 3576/3800/3800 3575/3799/3799 3606/3830/3830
f 3608/3832/3832 3577/3801/3801 354/353/354 386/385/386
f 3609/3833/3833 3578/3802/3802 3577/3801/3801 3608/3832/3832
f 3610/3834/3834 3579/3803/3803 3578/3802/3802 3609/3833/3833
f 3611/3835/3835 3580/3804/3804 3579/3803/3803 3610/3834/3834
f 3612/3836/3836 3581/3805/3805 3580/3804/3804 3611/3835/3835
f 3613/3837/3837 3582/3806/3806 3581/3805/3805 3612/3836/3836
f 3614/3838/3838 3583/3807/3807 3582/3806/3806 3613/3837/3837
f 3615/3839/3839 3584/3808/3808 3583/3807/3807 3614/3838/3838
f 3616/3840/3840 3585/3809/3809 3584/3808/3808 3615/3839/3839
f 3617/3841/3841 3586/3810/3810 3585/3809/3809 3616/3840/3840
f 3618/3842/3842 3587/3811/3811 3586/3810/3810 3617/3841/3841
f 3619/3843/3843 3588/3812/3812 3587/3811/3811 3618/3842/3842
f 3620/3844/3844 3589/3813/3813 3588/3812/3812 3619/3843/3843
f 3621/3845/3845 3590/3814/3814 3589/3813/3813 3620/3844/3844
f 3622/3846/3846 3591/3815/3815 3590/3814/3814 3621/3845/3845
f 3623/3847/3847 3592/3816/3816 3591/3815/3815 3622/3846/3846
f 3624/3848/3848 3593/3817/3817 3592/3816/3816 3623/3847/3847
f 3625/3849/3849 3594/3818/3818 3593/3817/3817 3624/3848/3848
f 3626/3850/3850 3595/3819/3819 3594/3818/3818 3625/3849/3849
f 3627/3851/3851 3596/3820/3820 3595/3819/3819 3626/3850/3850
f 3628/3852/3852 3597/3821/3821 3596/3820/3820 3627/3851/3851
f 3629/3853/3853 3598/3822/3822 3597/3821/3821 3628/3852/3852
f 3630/3854/3854 3599/3823/3823 3598/3822/3822 3629/3853/3853
f 3631/3855/3855 3600/3824/3824 3599/3823/3823 3630/3854/3854
f 3632/3856/3856 3601/3825/3825 3600/3824/3824 3631/3855/3855
f 3633/3857/3857 3602/3826/3826 3601/3825/3825 3632/3856/3856
f 3634/3858/3858 3603/3827/3827 3602/3826/3826 3633/3857/3857
f 3635/3859/3859 3604/3828/3828 3603/3827/3827 3634/3858/3858
f 3636/3860/3860 3605/3829/3829 3604/3828/3828 3635/3859/3859
f 3637/3861/3861 3606/3830/3830 3605/3829/3829 3636/3860/3860
f 3638/3862/3862 3607/3831/3831 3606/3830/3830 3637/3861/3861
f 3639/3863/3863 3608/3832/3832 386/385/386 418/417/418
f 3640/3864/3864 3609/3833/3833 3608/3832/3832 3639/3863/3863
f 3641/3865/3865 3610/3834/3834 3609/3833/3833 3640/3864/3864
f 3642/3866/3866 3611/3835/3835 3610/3834/3834 3641/3865/3865
f 3643/3867/3867 3612/3836/3836 3611/3835/3835 3642/3866/3866
f 3644/3868/3868 3613/3837/3837 3612/3836/3836 3643/3867/3867
f 3645/3869/3869 3614/3838/3838 3613/3837/3837 3644/3868/3868
f 3646/3870/3870 3615/3839/3839 3614/3838/3838 3645/3869/3869
f 3647/3871/3871 3616/3840/3840 3615/3839/3839 3646/3870/3870
f 3648/3872/3872 3617/3841/3841 3616/3840/3840 3647/3871/3871
f 3649/3873/3873 3618/3842/3842 3617/3841/3841 3648/3872/3872
f 3650/3874/3874 3619/3843/3843 3618/3842/3842 3649/3873/3873
f 3651/3875/3875 3620/3844/3844 3619/3843/3843 3650/3874/3874
f 3652/3876/3876 3621/3845/3845 3620/3844/3844 3651/3875/3875
f 3653/3877/3877 3622/3846/3846 3621/3845/3845 3652/3876/3876
f 3654/3878/3878 3623/3847/3847 3622/3846/3846 3653/3877/3877
f 3655/3879/3879 3624/3848/3848 3623/3847/3847 3654/3878/3878
f 3656/3880/3880 3625/3849/3849 3624/3848/3848 3655/3879/3879
f 3657/3881/3881 3626/3850/3850 3625/3849/3849 3656/3880/3880
f 3658/3882/3882 3627/3851/3851 3626/3850/3850 3657/3881/3881
f 3659/3883/3883 3628/3852/3852 3627/3851/3851 3658/3882/3882
f 3660/3884/3884 3629/3853/3853 3628/3852/3852 3659/3883/3883
f 3661/3885/3885 3630/3854/3854 3629/3853/3853 3660/3884/3884
f 3662/3886/3886 3631/3855/3855 3630/3854/3854 3661/3885/3885
f 3663/3887/3887 3632/3856/3856 3631/3855/3855 3662/3886/3886
f 3664/3888/3888 3633/3857/3857 3632/3856/3856 3663/3887/3887
f 3665/3889/3889 3634/3858/3858 3633/3857/3857 3664/3888/3888
f 3666/3890/3890 3635/3859/3859 3634/3858/3858 3665/3889/3889
f 3667/3891/3891 3636/3860/3860 3635/3859/3859 3666/3890/3890
f 3668/3892/3892 3637/3861/3861 3636/3860/3860 3667/3891/3891
f 3669/3893/3893 3638/3862/3862 3637/3861/3861 3668/3892/3892
f 3670/3894/3894 3639/3863/3863 418/417/418 450/449/450
f 3671/3895/3895 3640/3864/3864 3639/3863/3863 3670/3894/3894
f 3672/3896/3896 3641/3865/3865 3640/3864/3864 3671/3895/3895
f 3673/3897/3897 3642/3866/3866 3641/3865/3865 3672/3896/3896
f 3674/3898/3898 3643/3867/3867 3642/3866/3866 3673/3897/3897
f 3675/3899/3899 3644/3868/3868 3643/3867/3867 3674/3898/3898
f 3676/3900/3900 3645/3869/3869 3644/3868/3868 3675/3899/3899
f 3677/3901/3901 3646/3870/3870 3645/3869/3869 3676/3900/3900
f 3678/3902/3902 3647/3871/3871 3646/3870/3870 3677/3901/3901
f 3679/3903/3903 3648/3872/3872 3647/3871/3871 3678/3902/3902
f 3680/3904/3904 3649/3873/3873 3648/3872/3872 3679/3903/3903
f 3681/3905/3905 3650/3874/3874 3649/3873/3873 3680/3904/3904
f 3682/3906/3906 3651/3875/3875 3650/3874/3874 3681/3905/3905
f 3683/3907/3907 3652/3876/3876 3651/3875/3875 3682/3906/3906
f 3684/3908/3908 3653/3877/3877 3652/3876/3876 3683/3907/3907
f 3685/3909/3909 3654/3878/3878 3653/3877/3877 3684/3908/3908
f 3686/3910/3910 3655/3879/3879 3654/3878/3878 3685/3909/3909
f 3687/3911/3911 3656/3880/3880 3655/3879/3879 3686/3910/3910
f 3688/3912/3912 3657/3881/3881 3656/3880/3880 3687/3911/3911
f 3689/3913/3913 3658/3882/3882 3657/3881/3881 3688/3912/3912
f 3690/3914/3914 3659/3883/3883 3658/3882/3882 3689/3913/3913
f 3691/3915/3915 3660/3884/3884 3659/3883/3883 3690/3914/3914
f 3692/3916/3916 3661/3885/3885 3660/3884/3884 3691/3915/3915
f 3693/3917/3917 3662/3886/3886 3661/3885/3885 3692/3916/3916
f 3694/3918/3918 3663/3887/3887 3662/3886/3886 3693/3917/3917
f 3695/3919/3919 3664/3888/3888 3663/3887/3887 3694/3918/3918
f 3696/3920/3920 3665/3889/3889 3664/3888/3888 3695/3919/3919
f 3697/3921/3921 3666/3890/3890 3665/3889/3889 3696/3920/3920
f 3698/3922/3922 3667/3891/3891 3666/3890/3890 3697/3921/3921
f 3699/3923/3923 3668/3892/3892 3667/3891/3891 3698/3922/3922
f 3700/3924/3924 3669/3893/3893 3668/3892/3892 3699/3923/3923
f 3701/3925/3925 3670/3894/3894 450/449/450 482/481/482
f 3702/3926/3926 3671/3895/3895 3670/3894/3894 3701/3925/3925
f 3703/3927/3927 3672/3896/3896 3671/3895/3895 3702/3926/3926
f 3704/3928/3928 3673/3897/3897 3672/3896/3896 3703/3927/3927
f 3705/3929/3929 3674/3898/3898 3673/3897/3897 3704/3928/3928
f 3706/3930/3930 3675/3899/3899 3674/3898/3898 3705/3929/3929
f 3707/3931/3931 3676/3900/3900 3675/3899/3899 3706/3930/3930
f 3708/3932/3932 3677/3901/3901 3676/3900/3900 3707/3931/3931
f 3709/3933/3933 3678/3902/3902 3677/3901/3901 3708/3932/3932
f 3710/3934/3934 3679/3903/3903 3678/3902/3902 3709/3933/3933
f 3711/3935/3935 3680/3904/3904 3679/3903/3903 3710/3934/3934
f 3712/3936/3936 3681/3905/3905 3680/3904/3904 3711/3935/3935
f 3713/3937/3937 3682/3906/3906 3681/3905/3905 3712/3936/3936
f 3714/3938/3938 3683/3907/3907 3682/3906/3906 3713/3937/3937
f 3715/3939/3939 3684/3908/3908 3683/3907/3907 3714/3938/3938
f 3716/3940/3940 3685/3909/3909 3684/3908/3908 3715/3939/3939
f 3717/3941/3941 3686/3910/3910 3685/3909/3909 3716/3940/3940
f 3718/3942/3942 3687/3911/3911 3686/3910/3910 3717/3941/3941
f 3719/3943/3943 3688/3912/3912 3687/3911/3911 3718/3942/3942
f 3720/3944/3944 3689/3913/3913 3688/3912/3912 3719/3943/3943
f 3721/3945/3945 3690/3914/3914 3689/3913/3913 3720/3944/3944
f 3722/3946/3946 3691/3915/3915 3690/3914/3914 3721/3945/3945
f 3723/3947/3947 3692/3916/3916 3691/3915/3915 3722/3946/3946
f 3724/3948/3948 3693/3917/3917 3692/3916/3916 3723/3947/3947
f 3725/3949/3949 3694/3918/3918 3693/3917/3917 3724/3948/3948
f 3726/3950/3950 3695/3919/3919 3694/3918/3918 3725/3949/3949
f 3727/3951/3951 3696/3920/3920 3695/3919/3919 3726/3950/3950
f 3728/3952/3952 3697/3921/3921 3696/3920/3920 3727/3951/3951
f 3729/3953/3953 3698/3922/3922 3697/3921/3921 3728/3952/3952
f 3730/3954/3954 3699/3923/3923 3698/3922/3922 3729/3953/3953
f 3731/3955/3955 3700/3924/3924 3699/3923/3923 3730/3954/3954
f 3732/3956/3956 3701/3925/3925 482/481/482 514/513/514
f 3733/3957/3957 3702/3926/3926 3701/3925/3925 3732/3956/3956
f 3734/3958/3958 3703/3927/3927 3702/3926/3926 3733/3957/3957
f 3735/3959/3959 3704/3928/3928 3703/3927/3927 3734/3958/3958
f 3736/3960/3960 3705/3929/3929 3704/3928/3928 3735/3959/3959
f 3737/3961/3961 3706/3930/3930 3705/3929/3929 3736/3960/3960
f 3738/3962/3962 3707/3931/3931 3706/3930/3930 3737/3961/3961
f 3739/3963/3963 3708/3932/3932 3707/3931/3931 3738/3962/3962
f 3740/3964/3964 3709/3933/3933 3708/3932/3932 3739/3963/3963
f 3741/3965/3965 3710/3934/3934 3709/3933/3933 3740/3964/3964
f 3742/3966/3966 3711/3935/3935 3710/3934/3934 3741/3965/3965
f 3743/3967/3967 3712/3936/3936 3711/3935/3935 3742/3966/3966
f 3744/3968/3968 3713/3937/3937 3712/3936/3936 3743/3967/3967
f 3745/3969/3969 3714/3938/3938 3713/3937/3937 3744/3968/3968
f 3746/3970/3970 3715/3939/3939 3714/3938/3938 3745/3969/3969
f 3747/3971/3971 3716/3940/3940 3715/3939/3939 3746/3970/3970
f 3748/3972/3972 3717/3941/3941 3716/3940/3940 3747/3971/3971
f 3749/3973/3973 3718/3942/3942 3717/3941/3941 3748/3972/3972
f 3750/3974/3974 3719/3943/3943 3718/3942/3942 3749/3973/3973
f 3751/3975/3975 3720/3944/3944 3719/3943/3943 3750/3974/3974
f 3752/3976/3976 3721/3945/3945 3720/3944/3944 3751/3975/3975
f 3753/3977/3977 3722/3946/3946 3721/3945/3945 3752/3976/3976
f 3754/3978/3978 3723/3947/3947 3722/3946/3946 3753/3977/3977
f 3755/3979/3979 3724/3948/3948 3723/3947/3947 3754/3978/3978
f 3756/3980/3980 3725/3949/3949 3724/3948/3948 3755/3979/3979
f 3757/3981/3981 3726/3950/3950 3725/3949/3949 3756/3980/3980
f 3758/3982/3982 3727/3951/3951 3726/3950/3950 3757/3981/3981
f 3759/3983/3983 3728/3952/3952 3727/3951/3951 3758/3982/3982
f 3760/3984/3984 3729/3953/3953 3728/3952/3952 3759/3983/3983
f 3761/3985/3985 3730/3954/3954 3729/3953/3953 3760/3984/3984
f 3762/3986/3986 3731/3955/3955 3730/3954/3954 3761/3985/3985
f 3763/3987/3987 3732/3956/3956 514/513/514 546/545/546
f 3764/3988/3988 3733/3957/3957 3732/3956/3956 3763/3987/3987
f 3765/3989/3989 3734/3958/3958 3733/3957/3957 3764/3988/3988
f 3766/3990/3990 3735/3959/3959 3734/3958/3958 3765/3989/3989
f 3767/3991/3991 3736/3960/3960 3735/3959/3959 3766/3990/3990
f 3768/3992/3992 3737/3961/3961 3736/3960/3960 3767/3991/3991
f 3769/3993/3993 3738/3962/3962 3737/3961/3961 3768/3992/3992
f 3770/3994/3994 3739/3963/3963 3738/3962/3962 3769/3993/3993
f 3771/3995/3995 3740/3964/3964 3739/3963/3963 3770/3994/3994
f 3772/3996/3996 3741/3965/3965 3740/3964/3964 3771/3995/3995
f 3773/3997/3997 3742/3966/3966 3741/3965/3965 3772/3996/3996
f 3774/3998/3998 3743/3967/3967 3742/3966/3966 3773/3997/3997
f 3775/3999/3999 3744/3968/3968 3743/3967/3967 3774/3998/3998
f 3776/4000/4000 3745/3969/3969 3744/3968/3968 3775/3999/3999
f 3777/4001/4001 3746/3970/3970 3745/3969/3969 3776/4000/4000
f 3778/4002/4002 3747/3971/3971 3746/3970/3970 3777/4001/4001
f 3779/4003/4003 3748/3972/3972 3747/3971/3971 3778/4002/4002
f 3780/4004/4004 3749/3973/3973 3748/3972/3972 3779/4003/4003
f 3781/4005/4005 3750/3974/3974 3749/3973/3973 3780/4004/4004
f 3782/4006/4006 3751/3975/3975 3750/3974/3974 3781/4005/4005
f 3783/4007/4007 3752/3976/3976 3751/3975/3975 3782/4006/4006
f 3784/4008/4008 3753/3977/3977 3752/3976/3976 3783/4007/4007
f 3785/4009/4009 3754/3978/3978 3753/3977/3977 3784/4008/4008
f 3786/4010/4010 3755/3979/3979 3754/3978/3978 3785/4009/4009
f 3787/4011/4011 3756/3980/3980 3755/3979/3979 3786/4010/4010
f 3788/4012/4012 3757/3981/3981 3756/3980/3980 3787/4011/4011
f 3789/4013/4013 3758/3982/3982 3757/3981/3981 3788/4012/4012
f 3790/4014/4014 3759/3983/3983 3758/3982/3982 3789/4013/4013
f 3791/4015/4015 3760/3984/3984 3759/3983/3983 3790/4014/4014
f 3792/4016/4016 3761/3985/3985 3760/3984/3984 3791/4015/4015
f 3793/4017/4017 3762/3986/3986 3761/3985/3985 3792/4016/4016
f 3794/4018/4018 3763/3987/3987 546/545/546 578/577/578
f 3795/4019/4019 3764/3988/3988 3763/3987/3987 3794/4018/4018
f 3796/4020/4020 3765/3989/3989 3764/3988/3988 3795/4019/4019
f 3797/4021/4021 3766/3990/3990 3765/3989/3989 3796/4020/4020
f 3798/4022/4022 3767/3991/3991 3766/3990/3990 3797/4021/4021
f 3799/4023/4023 3768/3992/3992 3767/3991/3991 3798/4022/4022
f 3800/4024/4024 3769/3993/3993 3768/3992/3992 3799/4023/4023
f 3801/4025/4025 3770/3994/3994 3769/3993/3993 3800/4024/4024
f 3802/4026/4026 3771/3995/3995 3770/3994/3994 3801/4025/4025
f 3803/4027/4027 3772/3996/3996 3771/3995/3995 3802/4026/4026
f 3804/4028/4028 3773/3997/3997 3772/3996/3996 3803/4027/4027
f 3805/4029/4029 3774/3998/3998 3773/3997/3997 3804/4028/4028
f 3806/4030/4030 3775/3999/3999 3774/3998/3998 3805/4029/4029
f 3807/4031/4031 3776/4000/4000 3775/3999/3999 3806/4030/4030
f 3808/4032/4032 3777/4001/4001 3776/4000/4000 3807/4031/4031
f 3809/4033/4033 3778/4002/4002 3777/4001/4001 3808/4032/4032
f 3810/4034/4034 3779/4003/4003 3778/4002/4002 3809/4033/4033
f 3811/4035/4035 3780/4004/4004 3779/4003/4003 3810/4034/4034
f 3812/4036/4036 3781/4005/4005 3780/4004/4004 3811/4035/4035
f 3813/4037/4037 3782/4006/4006 3781/4005/4005 3812/4036/4036
f 3814/4038/4038 3783/4007/4007 3782/4006/4006 3813/4037/4037
f 3815/4039/4039 3784/4008/4008 3783/4007/4007 3814/4038/4038
f 3816/4040/4040 3785/4009/4009 3784/4008/4008 3815/4039/4039
f 3817/4041/4041 3786/4010/4010 3785/4009/4009 3816/4040/4040
f 3818/4042/4042 3787/4011/4011 3786/4010/4010 3817/4041/4041
f 3819/4043/4043 3788/4012/4012 3787/4011/4011 3818/4042/4042
f 3820/4044/4044 3789/4013/4013 3788/4012/4012 3819/4043/4043
f 3821/4045/4045 3790/4014/4014 3789/4013/4013 3820/4044/4044
f 3822/4046/4046 3791/4015/4015 3790/4014/4014 3821/4045/4045
f 3823/4047/4047 3792/4016/4016 3791/4015/4015 3822/4046/4046
f 3824/4048/4048 3793/4017/4017 3792/4016/4016 3823/4047/4047
f 3825/4049/4049 3794/4018/4018 578/577/578 610/609/610
f 3826/4050/4050 3795/4019/4019 3794/4018/4018 3825/4049/4049
f 3827/4051/4051 3796/4020/4020 3795/4019/4019 3826/4050/4050
f 3828/4052/4052 3797/4021/4021 3796/4020/4020 3827/4051/4051
f 3829/4053/4053 3798/4022/4022 3797/4021/4021 3828/4052/4052
f 3830/4054/4054 3799/4023/4023 3798/4022/4022 3829/4053/4053
f 3831/4055/4055 3800/4024/4024 3799/4023/4023 3830/4054/4054
f 3832/4056/4056 3801/4025/4025 3800/4024/4024 3831/4055/4055
f 3833/4057/4057 3802/4026/4026 3801/4025/4025 3832/4056/4056
f 3834/4058/4058 3803/4027/4027 3802/4026/4026 3833/4057/4057
f 3835/4059/4059 3804/4028/4028 3803/4027/4027 3834/4058/4058
f 3836/4060/4060 3805/4029/4029 3804/4028/4028 3835/4059/4059
f 3837/4061/4061 3806/4030/4030 3805/4029/4029 3836/4060/4060
f 3838/4062/4062 3807/4031/4031 3806/4030/4030 3837/4061/4061
f 3839/4063/4063 3808/4032/4032 3807/4031/4031 3838/4062/4062
f 3840/4064/4064 3809/4033/4033 3808/4032/4032 3839/4063/4063
f 3841/4065/4065 3810/4034/4034 3809/4033/4033 3840/4064/4064
f 3842/4066/4066 3811/4035/4035 3810/4034/4034 3841/4065/4065
f 3843/4067/4067 3812/4036/4036 3811/4035/4035 3842/4066/4066
f 3844/4068/4068 3813/4037/4037 3812/4036/4036 3843/4067/4067
f 3845/4069/4069 3814/4038/4038 3813/4037/4037 3844/4068/4068
f 3846/4070/4070 3815/4039/4039 3814/4038/4038 3845/4069/4069
f 3847/4071/4071 3816/4040/4040 3815/4039/4039 3846/4070/4070
f 3848/4072/4072 3817/4041/4041 3816/4040/4040 3847/4071/4071
f 3849/4073/4073 3818/4042/4042 3817/4041/4041 3848/4072/4072
f 3850/4074/4074 3819/4043/4043 3818/4042/4042 3849/4073/4073
f 3851/4075/4075 3820/4044/4044 3819/4043/4043 3850/4074/4074
f 3852/4076/4076 3821/4045/4045 3820/4044/4044 3851/4075/4075
f 3853/4077/4077 3822/4046/4046 3821/4045/4045 3852/4076/4076
f 3854/4078/4078 3823/4047/4047 3822/4046/4046 3853/4077/4077
f 3855/4079/4079 3824/4048/4048 3823/4047/4047 3854/4078/4078
f 3856/4080/4080 3825/4049/4049 610/609/610 642/641/642
f 3857/4081/4081 3826/4050/4050 3825/4049/4049 3856/4080/4080
f 3858/4082/4082 3827/4051/4051 3826/4050/4050 3857/4081/4081
f 3859/4083/4083 3828/4052/4052 3827/4051/4051 3858/4082/4082
f 3860/4084/4084 3829/4053/4053 3828/4052/4052 3859/4083/4083
f 3861/4085/4085 3830/4054/4054 3829/4053/4053 3860/4084/4084
f 3862/4086/4086 3831/4055/4055 3830/4054/4054 3861/4085/4085
f 3863/4087/4087 3832/4056/4056 3831/4055/4055 3862/4086/4086
f 3864/4088/4088 3833/4057/4057 3832/4056/4056 3863/4087/4087
f 3865/4089/4089 3834/4058/4058 3833/4057/4057 3864/4088/4088
f 3866/4090/4090 3835/4059/4059 3834/4058/4058 3865/4089/4089
f 3867/4091/4091 3836/4060/4060 3835/4059/4059 3866/4090/4090
f 3868/4092/4092 3837/4061/4061 3836/4060/4060 3867/4091/4091
f 3869/4093/4093 3838/4062/4062 3837/4061/4061 3868/4092/4092
f 3870/4094/4094 3839/4063/4063 3838/4062/4062 3869/4093/4093
f 3871/4095/4095 3840/4064/4064 3839/4063/4063 3870/4094/4094
f 3872/4096/4096 3841/4065/4065 3840/4064/4064 3871/4095/4095
f 3873/4097/4097 3842/4066/4066 3841/4065/4065 3872/4096/4096
f 3874/4098/4098 3843/4067/4067 3842/4066/4066 3873/4097/4097
f 3875/4099/4099 3844/4068/4068 3843/4067/4067 3874/4098/4098
f 3876/4100/4100 3845/4069/4069 3844/4068/4068 3875/4099/4099
f 3877/4101/4101 3846/4070/4070 3845/4069/4069 3876/4100/4100
f 3878/4102/4102 3847/4071/4071 3846/4070/4070 3877/4101/4101
f 3879/4103/4103 3848/4072/4072 3847/4071/4071 3878/4102/4102
f 3880/4104/4104 3849/4073/4073 3848/4072/4072 3879/4103/4103
f 3881/4105/4105 3850/4074/4074 3849/4073/4073 3880/4104/4104
f 3882/4106/4106 3851/4075/4075 3850/4074/4074 3881/4105/4105
f 3883/4107/4107 3852/4076/4076 3851/4075/4075 3882/4106/4106
f 3884/4108/4108 3853/4077/4077 3852/4076/4076 3883/4107/4107
f 3885/4109/4109 3854/4078/4078 3853/4077/4077 3884/4108/4108
f 3886/4110/4110 3855/4079/4079 3854/4078/4078 3885/4109/4109
f 3887/4111/4111 3856/4080/4080 642/641/642 674/673/674
f 3888/4112/4112 3857/4081/4081 3856/4080/4080 3887/4111/4111
f 3889/4113/4113 3858/4082/4082 3857/4081/4081 3888/4112/4112
f 3890/4114/4114 3859/4083/4083 3858/4082/4082 3889/4113/4113
f 3891/4115/4115 3860/4084/4084 3859/4083/4083 3890/4114/4114
f 3892/4116/4116 3861/4085/4085 3860/4084/4084 3891/4115/4115
f 3893/4117/4117 3862/4086/4086 3861/4085/4085 3892/4116/4116
f 3894/4118/4118 3863/4087/4087 3862/4086/4086 3893/4117/4117
f 3895/4119/4119 3864/4088/4088 3863/4087/4087 3894/4118/4118
f 3896/4120/4120 3865/4089/4089 3864/4088/4088 3895/4119/4119
f 3897/4121/4121 3866/4090/4090 3865/4089/4089 3896/4120/4120
f 3898/4122/4122 3867/4091/4091 3866/4090/4090 3897/4121/4121
f 3899/4123/4123 3868/4092/4092 3867/4091/4091 3898/4122/4122
f 3900/4124/4124 3869/4093/4093 3868/4092/4092 3899/4123/4123
f 3901/4125/4125 3870/4094/4094 3869/4093/4093 3900/4124/4124
f 3902/4126/4126 3871/4095/4095 3870/4094/4094 3901/4125/4125
f 3903/4127/4127 3872/4096/4096 3871/4095/4095 3902/4126/4126
f 3904/4128/4128 3873/4097/4097 3872/4096/4096 3903/4127/4127
f 3905/4129/4129 3874/4098/4098 3873/4097/4097 3904/4128/4128
f 3906/4130/4130 3875/4099/4099 3874/4098/4098 3905/4129/4129
f 3907/4131/4131 3876/4100/4100 3875/4099/4099 3906/4130/4130
f 3908/4132/4132 3877/4101/4101 3876/4100/4100 3907/4131/4131
f 3909/4133/4133 3878/4102/4102 3877/4101/4101 3908/4132/4132
f 3910/4134/4134 3879/4103/4103 3878/4102/4102 3909/4133/4133
f 3911/4135/4135 3880/4104/4104 3879/4103/4103 3910/4134/4134
f 3912/4136/4136 3881/4105/4105 3880/4104/4104 3911/4135/4135
f 3913/4137/4137 3882/4106/4106 3881/4105/4105 3912/4136/4136
f 3914/4138/4138 3883/4107/4107 3882/4106/4106 3913/4137/4137
f 3915/4139/4139 3884/4108/4108 3883/4107/4107 3914/4138/4138
f 3916/4140/4140 3885/4109/4109 3884/4108/4108 3915/4139/4139
f 3917/4141/4141 3886/4110/4110 3885/4109/4109 3916/4140/4140
f 3918/4142/4142 3887/4111/4111 674/673/674 706/705/706
f 3919/4143/4143 3888/4112/4112 3887/4111/4111 3918/4142/4142
f 3920/4144/4144 3889/4113/4113 3888/4112/4112 3919/4143/4143
f 3921/4145/4145 3890/4114/4114 3889/4113/4113 3920/4144/4144
f 3922/4146/4146 3891/4115/4115 3890/4114/4114 3921/4145/4145
f 3923/4147/4147 3892/4116/4116 3891/4115/4115 3922/4146/4146
f 3924/4148/4148 3893/4117/4117 3892/4116/4116 3923/4147/4147
f 3925/4149/4149 3894/4118/4118 3893/4117/4117 3924/4148/4148
f 3926/4150/4150 3895/4119/4119 3894/4118/4118 3925/4149/4149
f 3927/4151/4151 3896/4120/4120 3895/4119/4119 3926/4150/4150
f 3928/4152/4152 3897/4121/4121 3896/4120/4120 3927/4151/4151
f 3929/4153/4153 3898/4122/4122 3897/4121/4121 3928/4152/4152
f 3930/4154/4154 3899/4123/4123 3898/4122/4122 3929/4153/4153
f 3931/4155/4155 3900/4124/4124 3899/4123/4123 3930/4154/4154
f 3932/4156/4156 3901/4125/4125 3900/4124/4124 3931/4155/4155
f 3933/4157/4157 3902/4126/4126 3901/4125/4125 3932/4156/4156
f 3934/4158/4158 3903/4127/4127 3902/4126/4126 3933/4157/4157
f 3935/4159/4159 3904/4128/4128 3903/4127/4127 3934/4158/4158
f 3936/4160/4160 3905/4129/4129 3904/4128/4128 3935/4159/4159
f 3937/4161/4161 3906/4130/4130 3905/4129/4129 3936/4160/4160
f 3938/4162/4162 3907/4131/4131 3906/4130/4130 3937/4161/4161
f 3939/4163/4163 3908/4132/4132 3907/4131/4131 3938/4162/4162
f 3940/4164/4164 3909/4133/4133 3908/4132/4132 3939/4163/4163
f 3941/4165/4165 3910/4134/4134 3909/4133/4133 3940/4164/4164
f 3942/4166/4166 3911/4135/4135 3910/4134/4134 3941/4165/4165
f 3943/4167/4167 3912/4136/4136 3911/4135/4135 3942/4166/4166
f 3944/4168/4168 3913/4137/4137 3912/4136/4136 3943/4167/4167
f 3945/4169/4169 3914/4138/4138 3913/4137/4137 3944/4168/4168
f 3946/4170/4170 3915/4139/4139 3914/4138/4138 3945/4169/4169
f 3947/4171/4171 3916/4140/4140 3915/4139/4139 3946/4170/4170
f 3948/4172/4172 3917/4141/4141 3916/4140/4140 3947/4171/4171
f 3949/4173/4173 3918/4142/4142 706/705/706 738/737/738
f 3950/4174/4174 3919/4143/4143 3918/4142/4142 3949/4173/4173
f 3951/4175/4175 3920/4144/4144 3919/4143/4143 3950/4174/4174
f 3952/4176/4176 3921/4145/4145 3920/4144/4144 3951/4175/4175
f 3953/4177/4177 3922/4146/4146 3921/4145/4145 3952/4176/4176
f 3954/4178/4178 3923/4147/4147 3922/4146/4146 3953/4177/4177
f 3955/4179/4179 3924/4148/4148 3923/4147/4147 3954/4178/4178
f 3956/4180/4180 3925/4149/4149 3924/4148/4148 3955/4179/4179
f 3957/4181/4181 3926/4150/4150 3925/4149/4149 3956/4180/4180
f 3958/4182/4182 3927/4151/4151 3926/4150/4150 3957/4181/4181
f 3959/4183/4183 3928/4152/4152 3927/4151/4151 3958/4182/4182
f 3960/4184/4184 3929/4153/4153 3928/4152/4152 3959/4183/4183
f 3961/4185/4185 3930/4154/4154 3929/4153/4153 3960/4184/4184
f 3962/4186/4186 3931/4155/4155 3930/4154/4154 3961/4185/4185
f 3963/4187/4187 3932/4156/4156 3931/4155/4155 3962/4186/4186
f 3964/4188/4188 3933/4157/4157 3932/4156/4156 3963/4187/4187
f 3965/4189/4189 3934/4158/4158 3933/4157/4157 3964/4188/4188
f 3966/4190/4190 3935/4159/4159 3934/4158/4158 3965/4189/4189
f 3967/4191/4191 3936/4160/4160 3935/4159/4159 3966/4190/4190
f 3968/4192/4192 3937/4161/4161 3936/4160/4160 3967/4191/4191
f 3969/4193/4193 3938/4162/4162 3937/4161/4161 3968/4192/4192
f 3970/4194/4194 3939/4163/4163 3938/4162/4162 3969/4193/4193
f 3971/4195/4195 3940/4164/4164 3939/4163/4163 3970/4194/4194
f 3972/4196/4196 3941/4165/4165 3940/4164/4164 3971/4195/4195
f 3973/4197/4197 3942/4166/4166 3941/4165/4165 3972/4196/4196
f 3974/4198/4198 3943/4167/4167 3942/4166/4166 3973/4197/4197
f 3975/4199/4199 3944/4168/4168 3943/4167/4167 3974/4198/4198
f 3976/4200/4200 3945/4169/4169 3944/4168/4168 3975/4199/4199
f 3977/4201/4201 3946/4170/4170 3945/4169/4169 3976/4200/4200
f 3978/4202/4202 3947/4171/4171 3946/4170/4170 3977/4201/4201
f 3979/4203/4203 3948/4172/4172 3947/4171/4171 3978/4202/4202
f 3980/4204/4204 3949/4173/4173 738/737/738 770/769/770
f 3981/4205/4205 3950/4174/4174 3949/4173/4173 3980/4204/4204
f 3982/4206/4206 3951/4175/4175 3950/4174/4174 3981/4205/4205
f 3983/4207/4207 3952/4176/4176 3951/4175/4175 3982/4206/4206
f 3984/4208/4208 3953/4177/4177 3952/4176/4176 3983/4207/4207
f 3985/4209/4209 3954/4178/4178 3953/4177/4177 3984/4208/4208
f 3986/4210/4210 3955/4179/4179 3954/4178/4178 3985/4209/4209
f 3987/4211/4211 3956/4180/4180 3955/4179/4179 3986/4210/4210
f 3988/4212/4212 3957/4181/4181 3956/4180/4180 3987/4211/4211
f 3989/4213/4213 3958/4182/4182 3957/4181/4181 3988/4212/4212
f 3990/4214/4214 3959/4183/4183 3958/4182/4182 3989/4213/4213
f 3991/4215/4215 3960/4184/4184 3959/4183/4183 3990/4214/4214
f 3992/4216/4216 3961/4185/4185 3960/4184/4184 3991/4215/4215
f 3993/4217/4217 3962/4186/4186 3961/4185/4185 3992/4216/4216
f 3994/4218/4218 3963/4187/4187 3962/4186/4186 3993/4217/4217
f 3995/4219/4219 3964/4188/4188 3963/4187/4187 3994/4218/4218
f 3996/4220/4220 3965/4189/4189 3964/4188/4188 3995/4219/4219
f 3997/4221/4221 3966/4190/4190 3965/4189/4189 3996/4220/4220
f 3998/4222/4222 3967/4191/4191 3966/4190/4190 3997/4221/4221
f 3999/4223/4223 3968/4192/4192 3967/4191/4191 3998/4222/4222
f 4000/4224/4224 3969/4193/4193 3968/4192/4192 3999/4223/4223
f 4001/4225/4225 3970/4194/4194 3969/4193/4193 4000/4224/4224
f 4002/4226/4226 3971/4195/4195 3970/4194/4194 4001/4225/4225
f 4003/4227/4227 3972/4196/4196 3971/4195/4195 4002/4226/4226
f 4004/4228/4228 3973/4197/4197 3972/4196/4196 4003/4227/4227
f 4005/4229/4229 3974/4198/4198 3973/4197/4197 4004/4228/4228
f 4006/4230/4230 3975/4199/4199 3974/4198/4198 4005/4229/4229
f 4007/4231/4231 3976/4200/4200 3975/4199/4199 4006/4230/4230
f 4008/4232/4232 3977/4201/4201 3976/4200/4200 4007/4231/4231
f 4009/4233/4233 3978/4202/4202 3977/4201/4201 4008/4232/4232
f 4010/4234/4234 3979/4203/4203 3978/4202/4202 4009/4233/4233
f 4011/4235/4235 3980/4204/4204 770/769/770 802/801/802
f 4012/4236/4236 3981/4205/4205 3980/4204/4204 4011/4235/4235
f 4013/4237/4237 3982/4206/4206 3981/4205/4205 4012/4236/4236
f 4014/4238/4238 3983/4207/4207 3982/4206/4206 4013/4237/4237
f 4015/4239/4239 3984/4208/4208 3983/4207/4207 4014/4238/4238
f 4016/4240/4240 3985/4209/4209 3984/4208/4208 4015/4239/4239
f 4017/4241/4241 3986/4210/4210 3985/4209/4209 4016/4240/4240
f 4018/4242/4242 3987/4211/4211 3986/4210/4210 4017/4241/4241
f 4019/4243/4243 3988/4212/4212 3987/4211/4211 4018/4242/4242
f 4020/4244/4244 3989/4213/4213 3988/4212/4212 4019/4243/4243
f 4021/4245/4245 3990/4214/4214 3989/4213/4213 4020/4244/4244
f 4022/4246/4246 3991/4215/4215 3990/4214/4214 4021/4245/4245
f 4023/4247/4247 3992/4216/4216 3991/4215/4215 4022/4246/4246
f 4024/4248/4248 3993/4217/4217 3992/4216/4216 4023/4247/4247
f 4025/4249/4249 3994/4218/4218 3993/4217/4217 4024/4248/4248
f 4026/4250/4250 3995/4219/4219 3994/4218/4218 4025/4249/4249
f 4027/4251/4251 3996/4220/4220 3995/4219/4219 4026/4250/4250
f 4028/4252/4252 3997/4221/4221 3996/4220/4220 4027/4251/4251
f 4029/4253/4253 3998/4222/4222 3997/4221/4221 4028/4252/4252
f 4030/4254/4254 3999/4223/4223 3998/4222/4222 4029/4253/4253
f 4031/4255/4255 4000/4224/4224 3999/4223/4223 4030/4254/4254
f 4032/4256/4256 4001/4225/4225 4000/4224/4224 4031/4255/4255
f 4033/4257/4257 4002/4226/4226 4001/4225/4225 4032/4256/4256
f 4034/4258/4258 4003/4227/4227 4002/4226/4226 4033/4257/4257
f 4035/4259/4259 4004/4228/4228 4003/4227/4227 4034/4258/4258
f 4036/4260/4260 4005/4229/4229 4004/4228/4228 4035/4259/4259
f 4037/4261/4261 4006/4230/4230 4005/4229/4229 4036/4260/4260
f 4038/4262/4262 4007/4231/4231 4006/4230/4230 4037/4261/4261
f 4039/4263/4263 4008/4232/4232 4007/4231/4231 4038/4262/4262
f 4040/4264/4264 4009/4233/4233 4008/4232/4232 4039/4263/4263
f 4041/4265/4265 4010/4234/4234 4009/4233/4233 4040/4264/4264
f 4042/4266/4266 4011/4235/4235 802/801/802 834/833/834
f 4043/4267/4267 4012/4236/4236 4011/4235/4235 4042/4266/4266
f 4044/4268/4268 4013/4237/4237 4012/4236/4236 4043/4267/4267
f 4045/4269/4269 4014/4238/4238 4013/4237/4237 4044/4268/4268
f 4046/4270/4270 4015/4239/4239 4014/4238/4238 4045/4269/4269
f 4047/4271/4271 4016/4240/4240 4015/4239/4239 4046/4270/4270
f 4048/4272/4272 4017/4241/4241 4016/4240/4240 4047/4271/4271
f 4049/4273/4273 4018/4242/4242 4017/4241/4241 4048/4272/4272
f 4050/4274/4274 4019/4243/4243 4018/4242/4242 4049/4273/4273
f 4051/4275/4275 4020/4244/4244 4019/4243/4243 4050/4274/4274
f 4052/4276/4276 4021/4245/4245 4020/4244/4244 4051/4275/4275
f 4053/4277/4277 4022/4246/4246 4021/4245/4245 4052/4276/4276
f 4054/4278/4278 4023/4247/4247 4022/4246/4246 4053/4277/4277
f 4055/4279/4279 4024/4248/4248 4023/4247/4247 4054/4278/4278
f 4056/4280/4280 4025/4249/4249 4024/4248/4248 4055/4279/4279
f 4057/4281/4281 4026/4250/4250 4025/4249/4249 4056/4280/4280
f 4058/4282/4282 4027/4251/4251 4026/4250/4250 4057/4281/4281
f 4059/4283/4283 4028/4252/4252 4027/4251/4251 4058/4282/4282
f 4060/4284/4284 4029/4253/4253 4028/4252/4252 4059/4283/4283
f 4061/4285/4285 4030/4254/4254 4029/4253/4253 4060/4284/4284
f 4062/4286/4286 4031/4255/4255 4030/4254/4254 4061/4285/4285
f 4063/4287/4287 4032/4256/4256 4031/4255/4255 4062/4286/4286
f 4064/4288/4288 4033/4257/4257 4032/4256/4256 4063/4287/4287
f 4065/4289/4289 4034/4258/4258 4033/4257/4257 4064/4288/4288
f 4066/4290/4290 4035/4259/4259 4034/4258/4258 4065/4289/4289
f 4067/4291/4291 4036/4260/4260 4035/4259/4259 4066/4290/4290
f 4068/4292/4292 4037/4261/4261 4036/4260/4260 4067/4291/4291
f 4069/4293/4293 4038/4262/4262 4037/4261/4261 4068/4292/4292
f 4070/4294/4294 4039/4263/4263 4038/4262/4262 4069/4293/4293
f 4071/4295/4295 4040/4264/4264 4039/4263/4263 4070/4294/4294
f 4072/4296/4296 4041/4265/4265 4040/4264/4264 4071/4295/4295
f 4073/4297/4297 4042/4266/4266 834/833/834 866/865/866
f 4074/4298/4298 4043/4267/4267 4042/4266/4266 4073/4297/4297
f 4075/4299/4299 4044/4268/4268 4043/4267/4267 4074/4298/4298
f 4076/4300/4300 4045/4269/4269 4044/4268/4268 4075/4299/4299
f 4077/4301/4301 4046/4270/4270 4045/4269/4269 4076/4300/4300
f 4078/4302/4302 4047/4271/4271 4046/4270/4270 4077/4301/4301
f 4079/4303/4303 4048/4272/4272 4047/4271/4271 4078/4302/4302
f 4080/4304/4304 4049/4273/4273 4048/4272/4272 4079/4303/4303
f 4081/4305/4305 4050/4274/4274 4049/4273/4273 4080/4304/4304
f 4082/4306/4306 4051/4275/4275 4050/4274/4274 4081/4305/4305
f 4083/4307/4307 4052/4276/4276 4051/4275/4275 4082/4306/4306
f 4084/4308/4308 4053/4277/4277 4052/4276/4276 4083/4307/4307
f 4085/4309/4309 4054/4278/4278 4053/4277/4277 4084/4308/4308
f 4086/4310/4310 4055/4279/4279 4054/4278/4278 4085/4309/4309
f 4087/4311/4311 4056/4280/4280 4055/4279/4279 4086/4310/4310
f 4088/4312/4312 4057/4281/4281 4056/4280/4280 4087/4311/4311
f 4089/4313/4313 4058/4282/4282 4057/4281/4281 4088/4312/4312
f 4090/4314/4314 4059/4283/4283 4058/4282/4282 4089/4313/4313
f 4091/4315/4315 4060/4284/4284 4059/4283/4283 4090/4314/4314
f 4092/4316/4316 4061/4285/4285 4060/4284/4284 4091/4315/4315
f 4093/4317/4317 4062/4286/4286 4061/4285/4285 4092/4316/4316
f 4094/4318/4318 4063/4287/4287 4062/4286/4286 4093/4317/4317
f 4095/4319/4319 4064/4288/4288 4063/4287/4287 4094/4318/4318
f 4096/4320/4320 4065/4289/4289 4064/4288/4288 4095/4319/4319
f 4097/4321/4321 4066/4290/4290 4065/4289/4289 4096/4320/4320
f 4098/4322/4322 4067/4291/4291 4066/4290/4290 4097/4321/4321
f 4099/4323/4323 4068/4292/4292 4067/4291/4291 4098/4322/4322
f 4100/4324/4324 4069/4293/4293 4068/4292/4292 4099/4323/4323
f 4101/4325/4325 4070/4294/4294 4069/4293/4293 4100/4324/4324
f 4102/4326/4326 4071/4295/4295 4070/4294/4294 4101/4325/4325
f 4103/4327/4327 4072/4296/4296 4071/4295/4295 4102/4326/4326
f 4104/4328/4328 4073/4297/4297 866/865/866 898/897/898
f 4105/4329/4329 4074/4298/4298 4073/4297/4297 4104/4328/4328
f 4106/4330/4330 4075/4299/4299 4074/4298/4298 4105/4329/4329
f 4107/4331/4331 4076/4300/4300 4075/4299/4299 4106/4330/4330
f 4108/4332/4332 4077/4301/4301 4076/4300/4300 4107/4331/4331
f 4109/4333/4333 4078/4302/4302 4077/4301/4301 4108/4332/4332
f 4110/4334/4334 4079/4303/4303 4078/4302/4302 4109/4333/4333
f 4111/4335/4335 4080/4304/4304 4079/4303/4303 4110/4334/4334
f 4112/4336/4336 4081/4305/4305 4080/4304/4304 4111/4335/4335
f 4113/4337/4337 4082/4306/4306 4081/4305/4305 4112/4336/4336
f 4114/4338/4338 4083/4307/4307 4082/4306/4306 4113/4337/4337
f 4115/4339/4339 4084/4308/4308 4083/4307/4307 4114/4338/4338
f 4116/4340/4340 4085/4309/4309 4084/4308/4308 4115/4339/4339
f 4117/4341/4341 4086/4310/4310 4085/4309/4309 4116/4340/4340
f 4118/4342/4342 4087/4311/4311 4086/4310/4310 4117/4341/4341
f 4119/4343/4343 4088/4312/4312 4087/4311/4311 4118/4342/4342
f 4120/4344/4344 4089/4313/4313 4088/4312/4312 4119/4343/4343
f 4121/4345/4345 4090/4314/4314 4089/4313/4313 4120/4344/4344
f 4122/4346/4346 4091/4315/4315 4090/4314/4314 4121/4345/4345
f 4123/4347/4347 4092/4316/4316 4091/4315/4315 4122/4346/4346
f 4124/4348/4348 4093/4317/4317 4092/4316/4316 4123/4347/4347
f 4125/4349/4349 4094/4318/4318 4093/4317/4317 4124/4348/4348
f 4126/4350/4350 4095/4319/4319 4094/4318/4318 4125/4349/4349
f 4127/4351/4351 4096/4320/4320 4095/4319/4319 4126/4350/4350
f 4128/4352/4352 4097/4321/4321 4096/4320/4320 4127/4351/4351
f 4129/4353/4353 4098/4322/4322 4097/4321/4321 4128/4352/4352
f 4130/4354/4354 4099/4323/4323 4098/4322/4322 4129/4353/4353
f 4131/4355/4355 4100/4324/4324 4099/4323/4323 4130/4354/4354
f 4132/4356/4356 4101/4325/4325 4100/4324/4324 4131/4355/4355
f 4133/4357/4357 4102/4326/4326 4101/4325/4325 4132/4356/4356
f 4134/4358/4358 4103/4327/4327 4102/4326/4326 4133/4357/4357
f 4135/4359/4359 4104/4328/4328 898/897/898 930/929/930
f 4136/4360/4360 4105/4329/4329 4104/4328/4328 4135/4359/4359
f 4137/4361/4361 4106/4330/4330 4105/4329/4329 4136/4360/4360
f 4138/4362/4362 4107/4331/4331 4106/4330/4330 4137/4361/4361
f 4139/4363/4363 4108/4332/4332 4107/4331/4331 4138/4362/4362
f 4140/4364/4364 4109/4333/4333 4108/4332/4332 4139/4363/4363
f 4141/4365/4365 4110/4334/4334 4109/4333/4333 4140/4364/4364
f 4142/4366/4366 4111/4335/4335 4110/4334/4334 4141/4365/4365
f 4143/4367/4367 4112/4336/4336 4111/4335/4335 4142/4366/4366
f 4144/4368/4368 4113/4337/4337 4112/4336/4336 4143/4367/4367
f 4145/4369/4369 4114/4338/4338 4113/4337/4337 4144/4368/4368
f 4146/4370/4370 4115/4339/4339 4114/4338/4338 4145/4369/4369
f 4147/4371/4371 4116/4340/4340 4115/4339/4339 4146/4370/4370
f 4148/4372/4372 4117/4341/4341 4116/4340/4340 4147/4371/4371
f 4149/4373/4373 4118/4342/4342 4117/4341/4341 4148/4372/4372
f 4150/4374/4374 4119/4343/4343 4118/4342/4342 4149/4373/4373
f 4151/4375/4375 4120/4344/4344 4119/4343/4343 4150/4374/4374
f 4152/4376/4376 4121/4345/4345 4120/4344/4344 4151/4375/4375
f 4153/4377/4377 4122/4346/4346 4121/4345/4345 4152/4376/4376
f 4154/4378/4378 4123/4347/4347 4122/4346/4346 4153/4377/4377
f 4155/4379/4379 4124/4348/4348 4123/4347/4347 4154/4378/4378
f 4156/4380/4380 4125/4349/4349 4124/4348/4348 4155/4379/4379
f 4157/4381/4381 4126/4350/4350 4125/4349/4349 4156/4380/4380
f 4158/4382/4382 4127/4351/4351 4126/4350/4350 4157/4381/4381
f 4159/4383/4383 4128/4352/4352 4127/4351/4351 4158/4382/4382
f 4160/4384/4384 4129/4353/4353 4128/4352/4352 4159/4383/4383
f 4161/4385/4385 4130/4354/4354 4129/4353/4353 4160/4384/4384
f 4162/4386/4386 4131/4355/4355 4130/4354/4354 4161/4385/4385
f 4163/4387/4387 4132/4356/4356 4131/4355/4355 4162/4386/4386
f 4164/4388/4388 4133/4357/4357 4132/4356/4356 4163/4387/4387
f 4165/4389/4389 4134/4358/4358 4133/4357/4357 4164/4388/4388
f 4166/4390/4390 4135/4359/4359 930/929/930 962/961/962
f 4167/4391/4391 4136/4360/4360 4135/4359/4359 4166/4390/4390
f 4168/4392/4392 4137/4361/4361 4136/4360/4360 4167/4391/4391
f 4169/4393/4393 4138/4362/4362 4137/4361/4361 4168/4392/4392
f 4170/4394/4394 4139/4363/4363 4138/4362/4362 4169/4393/4393
f 4171/4395/4395 4140/4364/4364 4139/4363/4363 4170/4394/4394
f 4172/4396/4396 4141/4365/4365 4140/4364/4364 4171/4395/4395
f 4173/4397/4397 4142/4366/4366 4141/4365/4365 4172/4396/4396
f 4174/4398/4398 4143/4367/4367 4142/4366/4366 4173/4397/4397
f 4175/4399/4399 4144/4368/4368 4143/4367/4367 4174/4398/4398
f 4176/4400/4400 4145/4369/4369 4144/4368/4368 4175/4399/4399
f 4177/4401/4401 4146/4370/4370 4145/4369/4369 4176/4400/4400
f 4178/4402/4402 4147/4371/4371 4146/4370/4370 4177/4401/4401
f 4179/4403/4403 4148/4372/4372 4147/4371/4371 4178/4402/4402
f 4180/4404/4404 4149/4373/4373 4148/4372/4372 4179/4403/4403
f 4181/4405/4405 4150/4374/4374 4149/4373/4373 4180/4404/4404
f 4182/4406/4406 4151/4375/4375 4150/4374/4374 4181/4405/4405
f 4183/4407/4407 4152/4376/4376 4151/4375/4375 4182/4406/4406
f 4184/4408/4408 4153/4377/4377 4152/4376/4376 4183/4407/4407
f 4185/4409/4409 4154/4378/4378 4153/4377/4377 4184/4408/4408
f 4186/4410/4410 4155/4379/4379 4154/4378/4378 4185/4409/4409
f 4187/4411/4411 4156/4380/4380 4155/4379/4379 4186/4410/4410
f 4188/4412/4412 4157/4381/4381 4156/4380/4380 4187/4411/4411
f 4189/4413/4413 4158/4382/4382 4157/4381/4381 4188/4412/4412
f 4190/4414/4414 4159/4383/4383 4158/4382/4382 4189/4413/4413
f 4191/4415/4415 4160/4384/4384 4159/4383/4383 4190/4414/4414
f 4192/4416/4416 4161/4385/4385 4160/4384/4384 4191/4415/4415
f 4193/4417/4417 4162/4386/4386 4161/4385/4385 4192/4416/4416
f 4194/4418/4418 4163/4387/4387 4162/4386/4386 4193/4417/4417
f 4195/4419/4419 4164/4388/4388 4163/4387/4387 4194/4418/4418
f 4196/4420/4420 4165/4389/4389 4164/4388/4388 4195/4419/4419
f 4197/4421/4421 4166/4390/4390 962/961/962 994/993/994
f 4198/4422/4422 4167/4391/4391 4166/4390/4390 4197/4421/4421
f 4199/4423/4423 4168/4392/4392 4167/4391/4391 4198/4422/4422
f 4200/4424/4424 4169/4393/4393 4168/4392/4392 4199/4423/4423
f 4201/4425/4425 4170/4394/4394 4169/4393/4393 4200/4424/4424
f 4202/4426/4426 4171/4395/4395 4170/4394/4394 4201/4425/4425
f 4203/4427/4427 4172/4396/4396 4171/4395/4395 4202/4426/4426
f 4204/4428/4428 4173/4397/4397 4172/4396/4396 4203/4427/4427
f 4205/4429/4429 4174/4398/4398 4173/4397/4397 4204/4428/4428
f 4206/4430/4430 4175/4399/4399 4174/4398/4398 4205/4429/4429
f 4207/4431/4431 4176/4400/4400 4175/4399/4399 4206/4430/4430
f 4208/4432/4432 4177/4401/4401 4176/4400/4400 4207/4431/4431
f 4209/4433/4433 4178/4402/4402 4177/4401/4401 4208/4432/4432
f 4210/4434/4434 4179/4403/4403 4178/4402/4402 4209/4433/4433
f 4211/4435/4435 4180/4404/4404 4179/4403/4403 4210/4434/4434
f 4212/4436/4436 4181/4405/4405 4180/4404/4404 4211/4435/4435
f 4213/4437/4437 4182/4406/4406 4181/4405/4405 4212/4436/4436
f 4214/4438/4438 4183/4407/4407 4182/4406/4406 4213/4437/4437
f 4215/4439/4439 4184/4408/4408 4183/4407/4407 4214/4438/4438
f 4216/4440/4440 4185/4409/4409 4184/4408/4408 4215/4439/4439
f 4217/4441/4441 4186/4410/4410 4185/4409/4409 4216/4440/4440
f 4218/4442/4442 4187/4411/4411 4186/4410/4410 4217/4441/4441
f 4219/4443/4443 4188/4412/4412 4187/4411/4411 4218/4442/4442
f 4220/4444/4444 4189/4413/4413 4188/4412/4412 4219/4443/4443
f 4221/4445/4445 4190/4414/4414 4189/4413/4413 4220/4444/4444
f 4222/4446/4446 4191/4415/4415 4190/4414/4414 4221/4445/4445
f 4223/4447/4447 4192/4416/4416 4191/4415/4415 4222/4446/4446
f 4224/4448/4448 4193/4417/4417 4192/4416/4416 4223/4447/4447
f 4225/4449/4449 4194/4418/4418 4193/4417/4417 4224/4448/4448
f 4226/4450/4450 4195/4419/4419 4194/4418/4418 4225/4449/4449
f 4227/4451/4451 4196/4420/4420 4195/4419/4419 4226/4450/4450
f 4228/4452/4452 4197/4421/4421 994/993/994 1026/1025/1026
f 4229/4453/4453 4198/4422/4422 4197/4421/4421 4228/4452/4452
f 4230/4454/4454 4199/4423/4423 4198/4422/4422 4229/4453/4453
f 4231/4455/4455 4200/4424/4424 4199/4423/4423 4230/4454/4454
f 4232/4456/4456 4201/4425/4425 4200/4424/4424 4231/4455/4455
f 4233/4457/4457 4202/4426/4426 4201/4425/4425 4232/4456/4456
f 4234/4458/4458 4203/4427/4427 4202/4426/4426 4233/4457/4457
f 4235/4459/4459 4204/4428/4428 4203/4427/4427 4234/4458/4458
f 4236/4460/4460 4205/4429/4429 4204/4428/4428 4235/4459/4459
f 4237/4461/4461 4206/4430/4430 4205/4429/4429 4236/4460/4460
f 4238/4462/4462 4207/4431/4431 4206/4430/4430 4237/4461/4461
f 4239/4463/4463 4208/4432/4432 4207/4431/4431 4238/4462/4462
f 4240/4464/4464 4209/4433/4433 4208/4432/4432 4239/4463/4463
f 4241/4465/4465 4210/4434/4434 4209/4433/4433 4240/4464/4464
f 4242/4466/4466 4211/4435/4435 4210/4434/4434 4241/4465/4465
f 4243/4467/4467 4212/4436/4436 4211/4435/4435 4242/4466/4466
f 4244/4468/4468 4213/4437/4437 4212/4436/4436 4243/4467/4467
f 4245/4469/4469 4214/4438/4438 4213/4437/4437 4244/4468/4468
f 4246/4470/4470 4215/4439/4439 4214/4438/4438 4245/4469/4469
f 4247/4471/4471 4216/4440/4440 4215/4439/4439 4246/4470/4470
f 4248/4472/4472 4217/4441/4441 4216/4440/4440 4247/4471/4471
f 4249/4473/4473 4218/4442/4442 4217/4441/4441 4248/4472/4472
f 4250/4474/4474 4219/4443/4443 4218/4442/4442 4249/4473/4473
f 4251/4475/4475 4220/4444/4444 4219/4443/4443 4250/4474/4474
f 4252/4476/4476 4221/4445/4445 4220/4444/4444 4251/4475/4475
f 4253/4477/4477 4222/4446/4446 4221/4445/4445 4252/4476/4476
f 4254/4478/4478 4223/4447/4447 4222/4446/4446 4253/4477/4477
f 4255/4479/4479 4224/4448/4448 4223/4447/4447 4254/4478/4478
f 4256/4480/4480 4225/4449/4449 4224/4448/4448 4255/4479/4479
f 4257/4481/4481 4226/4450/4450 4225/4449/4449 4256/4480/4480
f 4258/4482/4482 4227/4451/4451 4226/4450/4450 4257/4481/4481
f 4259/4483/4483 4228/4452/4452 1026/1025/1026 1058/1057/1058
f 4260/4484/4484 4229/4453/4453 4228/4452/4452 4259/4483/4483
f 4261/4485/4485 4230/4454/4454 4229/4453/4453 4260/4484/4484
f 4262/4486/4486 4231/4455/4455 4230/4454/4454 4261/4485/4485
f 4263/4487/4487 4232/4456/4456 4231/4455/4455 4262/4486/4486
f 4264/4488/4488 4233/4457/4457 4232/4456/4456 4263/4487/4487
f 4265/4489/4489 4234/4458/4458 4233/4457/4457 4264/4488/4488
f 4266/4490/4490 4235/4459/4459 4234/4458/4458 4265/4489/4489
f 4267/4491/4491 4236/4460/4460 4235/4459/4459 4266/4490/4490
f 4268/4492/4492 4237/4461/4461 4236/4460/4460 4267/4491/4491
f 4269/4493/4493 4238/4462/4462 4237/4461/4461 4268/4492/4492
f 4270/4494/4494 4239/4463/4463 4238/4462/4462 4269/4493/4493
f 4271/4495/4495 4240/4464/4464 4239/4463/4463 4270/4494/4494
f 4272/4496/4496 4241/4465/4465 4240/4464/4464 4271/4495/4495
f 4273/4497/4497 4242/4466/4466 4241/4465/4465 4272/4496/4496
f 4274/4498/4498 4243/4467/4467 4242/4466/4466 4273/4497/4497
f 4275/4499/4499 4244/4468/4468 4243/4467/4467 4274/4498/4498
f 4276/4500/4500 4245/4469/4469 4244/4468/4468 4275/4499/4499
f 4277/4501/4501 4246/4470/4470 4245/4469/4469 4276/4500/4500
f 4278/4502/4502 4247/4471/4471 4246/4470/4470 4277/4501/4501
f 4279/4503/4503 4248/4472/4472 4247/4471/4471 4278/4502/4502
f 4280/4504/4504 4249/4473/4473 4248/4472/4472 4279/4503/4503
f 4281/4505/4505 4250/4474/4474 4249/4473/4473 4280/4504/4504
f 4282/4506/4506 4251/4475/4475 4250/4474/4474 4281/4505/4505
f 4283/4507/4507 4252/4476/4476 4251/4475/4475 4282/4506/4506
f 4284/4508/4508 4253/4477/4477 4252/4476/4476 4283/4507/4507
f 4285/4509/4509 4254/4478/4478 4253/4477/4477 4284/4508/4508
f 4286/4510/4510 4255/4479/4479 4254/4478/4478 4285/4509/4509
f 4287/4511/4511 4256/4480/4480 4255/4479/4479 4286/4510/4510
f 4288/4512/4512 4257/4481/4481 4256/4480/4480 4287/4511/4511
f 4289/4513/4513 4258/4482/4482 4257/4481/4481 4288/4512/4512
f 4290/4514/4514 4259/4483/4483 1058/1057/1058 1090/1089/1090
f 4291/4515/4515 4260/4484/4484 4259/4483/4483 4290/4514/4514
f 4292/4516/4516 4261/4485/4485 4260/4484/4484 4291/4515/4515
f 4293/4517/4517 4262/4486/4486 4261/4485/4485 4292/4516/4516
f 4294/4518/4518 4263/4487/4487 4262/4486/4486 4293/4517/4517
f 4295/4519/4519 4264/4488/4488 4263/4487/4487 4294/4518/4518
f 4296/4520/4520 4265/4489/4489 4264/4488/4488 4295/4519/4519
f 4297/4521/4521 4266/4490/4490 4265/4489/4489 4296/4520/4520
f 4298/4522/4522 4267/4491/4491 4266/4490/4490 4297/4521/4521
f 4299/4523/4523 4268/4492/4492 4267/4491/4491 4298/4522/4522
f 4300/4524/4524 4269/4493/4493 4268/4492/4492 4299/4523/4523
f 4301/4525/4525 4270/4494/4494 4269/4493/4493 4300/4524/4524
f 4302/4526/4526 4271/4495/4495 4270/4494/4494 4301/4525/4525
f 4303/4527/4527 4272/4496/4496 4271/4495/4495 4302/4526/4526
f 4304/4528/4528 4273/4497/4497 4272/4496/4496 4303/4527/4527
f 4305/4529/4529 4274/4498/4498 4273/4497/4497 4304/4528/4528
f 4306/4530/4530 4275/4499/4499 4274/4498/4498 4305/4529/4529
f 4307/4531/4531 4276/4500/4500 4275/4499/4499 4306/4530/4530
f 4308/4532/4532 4277/4501/4501 4276/4500/4500 4307/4531/4531
f 4309/4533/4533 4278/4502/4502 4277/4501/4501 4308/4532/4532
f 4310/4534/4534 4279/4503/4503 4278/4502/4502 4309/4533/4533
f 4311/4535/4535 4280/4504/4504 4279/4503/4503 4310/4534/4534
f 4312/4536/4536 4281/4505/4505 4280/4504/4504 4311/4535/4535
f 4313/4537/4537 4282/4506/4506 4281/4505/4505 4312/4536/4536
f 4314/4538/4538 4283/4507/4507 4282/4506/4506 4313/4537/4537
f 4315/4539/4539 4284/4508/4508 4283/4507/4507 4314/4538/4538
f 4316/4540/4540 4285/4509/4509 4284/4508/4508 4315/4539/4539
f 4317/4541/4541 4286/4510/4510 4285/4509/4509 4316/4540/4540
f 4318/4542/4542 4287/4511/4511 4286/4510/4510 4317/4541/4541
f 4319/4543/4543 4288/4512/4512 4287/4511/4511 4318/4542/4542
f 4320/4544/4544 4289/4513/4513 4288/4512/4512 4319/4543/4543
f 4321/4545/4545 4290/4514/4514 1090/1089/1090 1122/1121/1122
f 4322/4546/4546 4291/4515/4515 4290/4514/4514 4321/4545/4545
f 4323/4547/4547 4292/4516/4516 4291/4515/4515 4322/4546/4546
f 4324/4548/4548 4293/4517/4517 4292/4516/4516 4323/4547/4547
f 4325/4549/4549 4294/4518/4518 4293/4517/4517 4324/4548/4548
f 4326/4550/4550 4295/4519/4519 4294/4518/4518 4325/4549/4549
f 4327/4551/4551 4296/4520/4520 4295/4519/4519 4326/4550/4550
f 4328/4552/4552 4297/4521/4521 4296/4520/4520 4327/4551/4551
f 4329/4553/4553 4298/4522/4522 4297/4521/4521 4328/4552/4552
f 4330/4554/4554 4299/4523/4523 4298/4522/4522 4329/4553/4553
f 4331/4555/4555 4300/4524/4524 4299/4523/4523 4330/4554/4554
f 4332/4556/4556 4301/4525/4525 4300/4524/4524 4331/4555/4555
f 4333/4557/4557 4302/4526/4526 4301/4525/4525 4332/4556/4556
f 4334/4558/4558 4303/4527/4527 4302/4526/4526 4333/4557/4557
f 4335/4559/4559 4304/4528/4528 4303/4527/4527 4334/4558/4558
f 4336/4560/4560 4305/4529/4529 4304/4528/4528 4335/4559/4559
f 4337/4561/4561 4306/4530/4530 4305/4529/4529 4336/4560/4560
f 4338/4562/4562 4307/4531/4531 4306/4530/4530 4337/4561/4561
f 4339/4563/4563 4308/4532/4532 4307/4531/4531 4338/4562/4562
f 4340/4564/4564 4309/4533/4533 4308/4532/4532 4339/4563/4563
f 4341/4565/4565 4310/4534/4534 4309/4533/4533 4340/4564/4564
f 4342/4566/4566 4311/4535/4535 4310/4534/4534 4341/4565/4565
f 4343/4567/4567 4312/4536/4536 4311/4535/4535 4342/4566/4566
f 4344/4568/4568 4313/4537/4537 4312/4536/4536 4343/4567/4567
f 4345/4569/4569 4314/4538/4538 4313/4537/4537 4344/4568/4568
f 4346/4570/4570 4315/4539/4539 4314/4538/4538 4345/4569/4569
f 4347/4571/4571 4316/4540/4540 4315/4539/4539 4346/4570/4570
f 4348/4572/4572 4317/4541/4541 4316/4540/4540 4347/4571/4571
f 4349/4573/4573 4318/4542/4542 4317/4541/4541 4348/4572/4572
f 4350/4574/4574 4319/4543/4543 4318/4542/4542 4349/4573/4573
f 4351/4575/4575 4320/4544/4544 4319/4543/4543 4350/4574/4574
f 4352/4576/4576 4321/4545/4545 1122/1121/1122 1154/1153/1154
f 4353/4577/4577 4322/4546/4546 4321/4545/4545 4352/4576/4576
f 4354/4578/4578 4323/4547/4547 4322/4546/4546 4353/4577/4577
f 4355/4579/4579 4324/4548/4548 4323/4547/4547 4354/4578/4578
f 4356/4580/4580 4325/4549/4549 4324/4548/4548 4355/4579/4579
f 4357/4581/4581 4326/4550/4550 4325/4549/4549 4356/4580/4580
f 4358/4582/4582 4327/4551/4551 4326/4550/4550 4357/4581/4581
f 4359/4583/4583 4328/4552/4552 4327/4551/4551 4358/4582/4582
f 4360/4584/4584 4329/4553/4553 4328/4552/4552 4359/4583/4583
f 4361/4585/4585 4330/4554/4554 4329/4553/4553 4360/4584/4584
f 4362/4586/4586 4331/4555/4555 4330/4554/4554 4361/4585/4585
f 4363/4587/4587 4332/4556/4556 4331/4555/4555 4362/4586/4586
f 4364/4588/4588 4333/4557/4557 4332/4556/4556 4363/4587/4587
f 4365/4589/4589 4334/4558/4558 4333/4557/4557 4364/4588/4588
f 4366/4590/4590 4335/4559/4559 4334/4558/4558 4365/4589/4589
f 4367/4591/4591 4336/4560/4560 4335/4559/4559 4366/4590/4590
f 4368/4592/4592 4337/4561/4561 4336/4560/4560 4367/4591/4591
f 4369/4593/4593 4338/4562/4562 4337/4561/4561 4368/4592/4592
f 4370/4594/4594 4339/4563/4563 4338/4562/4562 4369/4593/4593
f 4371/4595/4595 4340/4564/4564 4339/4563/4563 4370/4594/4594
f 4372/4596/4596 4341/4565/4565 4340/4564/4564 4371/4595/4595
f 4373/4597/4597 4342/4566/4566 4341/4565/4565 4372/4596/4596
f 4374/4598/4598 4343/4567/4567 4342/4566/4566 4373/4597/4597
f 4375/4599/4599 4344/4568/4568 4343/4567/4567 4374/4598/4598
f 4376/4600/4600 4345/4569/4569 4344/4568/4568 4375/4599/4599
f 4377/4601/4601 4346/4570/4570 4345/4569/4569 4376/4600/4600
f 4378/4602/4602 4347/4571/4571 4346/4570/4570 4377/4601/4601
f 4379/4603/4603 4348/4572/4572 4347/4571/4571 4378/4602/4602
f 4380/4604/4604 4349/4573/4573 4348/4572/4572 4379/4603/4603
f 4381/4605/4605 4350/4574/4574 4349/4573/4573 4380/4604/4604
f 4382/4606/4606 4351/4575/4575 4350/4574/4574 4381/4605/4605
f 4383/4607/4607 4352/4576/4576 1154/1153/1154 1186/1185/1186
f 4384/4608/4608 4353/4577/4577 4352/4576/4576 4383/4607/4607
f 4385/4609/4609 4354/4578/4578 4353/4577/4577 4384/4608/4608
f 4386/4610/4610 4355/4579/4579 4354/4578/4578 4385/4609/4609
f 4387/4611/4611 4356/4580/4580 4355/4579/4579 4386/4610/4610
f 4388/4612/4612 4357/4581/4581 4356/4580/4580 4387/4611/4611
f 4389/4613/4613 4358/4582/4582 4357/4581/4581 4388/4612/4612
f 4390/4614/4614 4359/4583/4583 4358/4582/4582 4389/4613/4613
f 4391/4615/4615 4360/4584/4584 4359/4583/4583 4390/4614/4614
f 4392/4616/4616 4361/4585/4585 4360/4584/4584 4391/4615/4615
f 4393/4617/4617 4362/4586/4586 4361/4585/4585 4392/4616/4616
f 4394/4618/4618 4363/4587/4587 4362/4586/4586 4393/4617/4617
f 4395/4619/4619 4364/4588/4588 4363/4587/4587 4394/4618/4618
f 4396/4620/4620 4365/4589/4589 4364/4588/4588 4395/4619/4619
f 4397/4621/4621 4366/4590/4590 4365/4589/4589 4396/4620/4620
f 4398/4622/4622 4367/4591/4591 4366/4590/4590 4397/4621/4621
f 4399/4623/4623 4368/4592/4592 4367/4591/4591 4398/4622/4622
f 4400/4624/4624 4369/4593/4593 4368/4592/4592 4399/4623/4623
f 4401/4625/4625 4370/4594/4594 4369/4593/4593 4400/4624/4624
f 4402/4626/4626 4371/4595/4595 4370/4594/4594 4401/4625/4625
f 4403/4627/4627 4372/4596/4596 4371/4595/4595 4402/4626/4626
f 4404/4628/4628 4373/4597/4597 4372/4596/4596 4403/4627/4627
f 4405/4629/4629 4374/4598/4598 4373/4597/4597 4404/4628/4628
f 4406/4630/4630 4375/4599/4599 4374/4598/4598 4405/4629/4629
f 4407/4631/4631 4376/4600/4600 4375/4599/4599 4406/4630/4630
f 4408/4632/4632 4377/4601/4601 4376/4600/4600 4407/4631/4631
f 4409/4633/4633 4378/4602/4602 4377/4601/4601 4408/4632/4632
f 4410/4634/4634 4379/4603/4603 4378/4602/4602 4409/4633/4633
f 4411/4635/4635 4380/4604/4604 4379/4603/4603 4410/4634/4634
f 4412/4636/4636 4381/4605/4605 4380/4604/4604 4411/4635/4635
f 4413/4637/4637 4382/4606/4606 4381/4605/4605 4412/4636/4636
f 4414/4638/4638 4383/4607/4607 1186/1185/1186 1218/1217/1218
f 4415/4639/4639 4384/4608/4608 4383/4607/4607 4414/4638/4638
f 4416/4640/4640 4385/4609/4609 4384/4608/4608 4415/4639/4639
f 4417/4641/4641 4386/4610/4610 4385/4609/4609 4416/4640/4640
f 4418/4642/4642 4387/4611/4611 4386/4610/4610 4417/4641/4641
f 4419/4643/4643 4388/4612/4612 4387/4611/4611 4418/4642/4642
f 4420/4644/4644 4389/4613/4613 4388/4612/4612 4419/4643/4643
f 4421/4645/4645 4390/4614/4614 4389/4613/4613 4420/4644/4644
f 4422/4646/4646 4391/4615/4615 4390/4614/4614 4421/4645/4645
f 4423/4647/4647 4392/4616/4616 4391/4615/4615 4422/4646/4646
f 4424/4648/4648 4393/4617/4617 4392/4616/4616 4423/4647/4647
f 4425/4649/4649 4394/4618/4618 4393/4617/4617 4424/4648/4648
f 4426/4650/4650 4395/4619/4619 4394/4618/4618 4425/4649/4649
f 4427/4651/4651 4396/4620/4620 4395/4619/4619 4426/4650/4650
f 4428/4652/4652 4397/4621/4621 4396/4620/4620 4427/4651/4651
f 4429/4653/4653 4398/4622/4622 4397/4621/4621 4428/4652/4652
f 4430/4654/4654 4399/4623/4623 4398/4622/4622 4429/4653/4653
f 4431/4655/4655 4400/4624/4624 4399/4623/4623 4430/4654/4654
f 4432/4656/4656 4401/4625/4625 4400/4624/4624 4431/4655/4655
f 4433/4657/4657 4402/4626/4626 4401/4625/4625 4432/4656/4656
f 4434/4658/4658 4403/4627/4627 4402/4626/4626 4433/4657/4657
f 4435/4659/4659 4404/4628/4628 4403/4627/4627 4434/4658/4658
f 4436/4660/4660 4405/4629/4629 4404/4628/4628 4435/4659/4659
f 4437/4661/4661 4406/4630/4630 4405/4629/4629 4436/4660/4660
f 4438/4662/4662 4407/4631/4631 4406/4630/4630 4437/4661/4661
f 4439/4663/4663 4408/4632/4632 4407/4631/4631 4438/4662/4662
f 4440/4664/4664 4409/4633/4633 4408/4632/4632 4439/4663/4663
f 4441/4665/4665 4410/4634/4634 4409/4633/4633 4440/4664/4664
f 4442/4666/4666 4411/4635/4635 4410/4634/4634 4441/4665/4665
f 4443/4667/4667 4412/4636/4636 4411/4635/4635 4442/4666/4666
f 4444/4668/4668 4413/4637/4637 4412/4636/4636 4443/4667/4667
f 4445/4669/4669 4414/4638/4638 1218/1217/1218 1250/1249/1250
f 4446/4670/4670 4415/4639/4639 4414/4638/4638 4445/4669/4669
f 4447/4671/4671 4416/4640/4640 4415/4639/4639 4446/4670/4670
f 4448/4672/4672 4417/4641/4641 4416/4640/4640 4447/4671/4671
f 4449/4673/4673 4418/4642/4642 4417/4641/4641 4448/4672/4672
f 4450/4674/4674 4419/4643/4643 4418/4642/4642 4449/4673/4673
f 4451/4675/4675 4420/4644/4644 4419/4643/4643 4450/4674/4674
f 4452/4676/4676 4421/4645/4645 4420/4644/4644 4451/4675/4675
f 4453/4677/4677 4422/4646/4646 4421/4645/4645 4452/4676/4676
f 4454/4678/4678 4423/4647/4647 4422/4646/4646 4453/4677/4677
f 4455/4679/4679 4424/4648/4648 4423/4647/4647 4454/4678/4678
f 4456/4680/4680 4425/4649/4649 4424/4648/4648 4455/4679/4679
f 4457/4681/4681 4426/4650/4650 4425/4649/4649 4456/4680/4680
f 4458/4682/4682 4427/4651/4651 4426/4650/4650 4457/4681/4681
f 4459/4683/4683 4428/4652/4652 4427/4651/4651 4458/4682/4682
f 4460/4684/4684 4429/4653/4653 4428/4652/4652 4459/4683/4683
f 4461/4685/4685 4430/4654/4654 4429/4653/4653 4460/4684/4684
f 4462/4686/4686 4431/4655/4655 4430/4654/4654 4461/4685/4685
f 4463/4687/4687 4432/4656/4656 4431/4655/4655 4462/4686/4686
f 4464/4688/4688 4433/4657/4657 4432/4656/4656 4463/4687/4687
f 4465/4689/4689 4434/4658/4658 4433/4657/4657 4464/4688/4688
f 4466/4690/4690 4435/4659/4659 4434/4658/4658 4465/4689/4689
f 4467/4691/4691 4436/4660/4660 4435/4659/4659 4466/4690/4690
f 4468/4692/4692 4437/4661/4661 4436/4660/4660 4467/4691/4691
f 4469/4693/4693 4438/4662/4662 4437/4661/4661 4468/4692/4692
f 4470/4694/4694 4439/4663/4663 4438/4662/4662 4469/4693/4693
f 4471/4695/4695 4440/4664/4664 4439/4663/4663 4470/4694/4694
f 4472/4696/4696 4441/4665/4665 4440/4664/4664 4471/4695/4695
f 4473/4697/4697 4442/4666/4666 4441/4665/4665 4472/4696/4696
f 4474/4698/4698 4443/4667/4667 4442/4666/4666 4473/4697/4697
f 4475/4699/4699 4444/4668/4668 4443/4667/4667 4474/4698/4698
f 4476/4700/4700 4445/4669/4669 1250/1249/1250 1282/1281/1282
f 4477/4701/4701 4446/4670/4670 4445/4669/4669 4476/4700/4700
f 4478/4702/4702 4447/4671/4671 4446/4670/4670 4477/4701/4701
f 4479/4703/4703 4448/4672/4672 4447/4671/4671 4478/4702/4702
f 4480/4704/4704 4449/4673/4673 4448/4672/4672 4479/4703/4703
f 4481/4705/4705 4450/4674/4674 4449/4673/4673 4480/4704/4704
f 4482/4706/4706 4451/4675/4675 4450/4674/4674 4481/4705/4705
f 4483/4707/4707 4452/4676/4676 4451/4675/4675 4482/4706/4706
f 4484/4708/4708 4453/4677/4677 4452/4676/4676 4483/4707/4707
f 4485/4709/4709 4454/4678/4678 4453/4677/4677 4484/4708/4708
f 4486/4710/4710 4455/4679/4679 4454/4678/4678 4485/4709/4709
f 4487/4711/4711 4456/4680/4680 4455/4679/4679 4486/4710/4710
f 4488/4712/4712 4457/4681/4681 4456/4680/4680 4487/4711/4711
f 4489/4713/4713 4458/4682/4682 4457/4681/4681 4488/4712/4712
f 4490/4714/4714 4459/4683/4683 4458/4682/4682 4489/4713/4713
f 4491/4715/4715 4460/4684/4684 4459/4683/4683 4490/4714/4714
f 4492/4716/4716 4461/4685/4685 4460/4684/4684 4491/4715/4715
f 4493/4717/4717 4462/4686/4686 4461/4685/4685 4492/4716/4716
f 4494/4718/4718 4463/4687/4687 4462/4686/4686 4493/4717/4717
f 4495/4719/4719 4464/4688/4688 4463/4687/4687 4494/4718/4718
f 4496/4720/4720 4465/4689/4689 4464/4688/4688 4495/4719/4719
f 4497/4721/4721 4466/4690/4690 4465/4689/4689 4496/4720/4720
f 4498/4722/4722 4467/4691/4691 4466/4690/4690 4497/4721/4721
f 4499/4723/4723 4468/4692/4692 4467/4691/4691 4498/4722/4722
f 4500/4724/4724 4469/4693/4693 4468/4692/4692 4499/4723/4723
f 4501/4725/4725 4470/4694/4694 4469/4693/4693 4500/4724/4724
f 4502/4726/4726 4471/4695/4695 4470/4694/4694 4501/4725/4725
f 4503/4727/4727 4472/4696/4696 4471/4695/4695 4502/4726/4726
f 4504/4728/4728 4473/4697/4697 4472/4696/4696 4503/4727/4727
f 4505/4729/4729 4474/4698/4698 4473/4697/4697 4504/4728/4728
f 4506/4730/4730 4475/4699/4699 4474/4698/4698 4505/4729/4729
f 4507/4731/4731 4476/4700/4700 1282/1281/1282 1314/1313/1314
f 4508/4732/4732 4477/4701/4701 4476/4700/4700 4507/4731/4731
f 4509/4733/4733 4478/4702/4702 4477/4701/4701 4508/4732/4732
f 4510/4734/4734 4479/4703/4703 4478/4702/4702 4509/4733/4733
f 4511/4735/4735 4480/4704/4704 4479/4703/4703 4510/4734/4734
f 4512/4736/4736 4481/4705/4705 4480/4704/4704 4511/4735/4735
f 4513/4737/4737 4482/4706/4706 4481/4705/4705 4512/4736/4736
f 4514/4738/4738 4483/4707/4707 4482/4706/4706 4513/4737/4737
f 4515/4739/4739 4484/4708/4708 4483/4707/4707 4514/4738/4738
f 4516/4740/4740 4485/4709/4709 4484/4708/4708 4515/4739/4739
f 4517/4741/4741 4486/4710/4710 4485/4709/4709 4516/4740/4740
f 4518/4742/4742 4487/4711/4711 4486/4710/4710 4517/4741/4741
f 4519/4743/4743 4488/4712/4712 4487/4711/4711 4518/4742/4742
f 4520/4744/4744 4489/4713/4713 4488/4712/4712 4519/4743/4743
f 4521/4745/4745 4490/4714/4714 4489/4713/4713 4520/4744/4744
f 4522/4746/4746 4491/4715/4715 4490/4714/4714 4521/4745/4745
f 4523/4747/4747 4492/4716/4716 4491/4715/4715 4522/4746/4746
f 4524/4748/4748 4493/4717/4717 4492/4716/4716 4523/4747/4747
f 4525/4749/4749 4494/4718/4718 4493/4717/4717 4524/4748/4748
f 4526/4750/4750 4495/4719/4719 4494/4718/4718 4525/4749/4749
f 4527/4751/4751 4496/4720/4720 4495/4719/4719 4526/4750/4750
f 4528/4752/4752 4497/4721/4721 4496/4720/4720 4527/4751/4751
f 4529/4753/4753 4498/4722/4722 4497/4721/4721 4528/4752/4752
f 4530/4754/4754 4499/4723/4723 4498/4722/4722 4529/4753/4753
f 4531/4755/4755 4500/4724/4724 4499/4723/4723 4530/4754/4754
f 4532/4756/4756 4501/4725/4725 4500/4724/4724 4531/4755/4755
f 4533/4757/4757 4502/4726/4726 4501/4725/4725 4532/4756/4756
f 4534/4758/4758 4503/4727/4727 4502/4726/4726 4533/4757/4757
f 4535/4759/4759 4504/4728/4728 4503/4727/4727 4534/4758/4758
f 4535/4759/4759 4536/4760/4760 4505/4729/4729 4504/4728/4728
f 4536/4760/4760 4537/4761/4761 4506/4730/4730 4505/4729/4729
f 4537/4761/4761 4761/4763/4762 4762/4762/4763 4506/4730/4730
f 4538/4764/4764 4507/4731/4731 1314/1313/1314 1346/1345/1348
f 4539/4765/4765 4508/4732/4732 4507/4731/4731 4538/4764/4764
f 4540/4766/4766 4509/4733/4733 4508/4732/4732 4539/4765/4765
f 4541/4767/4767 4510/4734/4734 4509/4733/4733 4540/4766/4766
f 4542/4768/4768 4511/4735/4735 4510/4734/4734 4541/4767/4767
f 4543/4769/4769 4512/4736/4736 4511/4735/4735 4542/4768/4768
f 4544/4770/4770 4513/4737/4737 4512/4736/4736 4543/4769/4769
f 4545/4771/4771 4514/4738/4738 4513/4737/4737 4544/4770/4770
f 4546/4772/4772 4515/4739/4739 4514/4738/4738 4545/4771/4771
f 4547/4773/4773 4516/4740/4740 4515/4739/4739 4546/4772/4772
f 4548/4774/4774 4517/4741/4741 4516/4740/4740 4547/4773/4773
f 4549/4775/4775 4518/4742/4742 4517/4741/4741 4548/4774/4774
f 4550/4776/4776 4519/4743/4743 4518/4742/4742 4549/4775/4775
f 4551/4777/4777 4520/4744/4744 4519/4743/4743 4550/4776/4776
f 4552/4778/4778 4521/4745/4745 4520/4744/4744 4551/4777/4777
f 4553/4779/4779 4522/4746/4746 4521/4745/4745 4552/4778/4778
f 4554/4780/4780 4523/4747/4747 4522/4746/4746 4553/4779/4779
f 4555/4781/4781 4524/4748/4748 4523/4747/4747 4554/4780/4780
f 4556/4782/4782 4525/4749/4749 4524/4748/4748 4555/4781/4781
f 4557/4783/4783 4526/4750/4750 4525/4749/4749 4556/4782/4782
f 4558/4784/4784 4527/4751/4751 4526/4750/4750 4557/4783/4783
f 4559/4785/4785 4528/4752/4752 4527/4751/4751 4558/4784/4784
f 4560/4786/4786 4529/4753/4753 4528/4752/4752 4559/4785/4785
f 4561/4787/4787 4530/4754/4754 4529/4753/4753 4560/4786/4786
f 4562/4788/4788 4531/4755/4755 4530/4754/4754 4561/4787/4787
f 4563/4789/4789 4532/4756/4756 4531/4755/4755 4562/4788/4788
f 4564/4790/4790 4533/4757/4757 4532/4756/4756 4563/4789/4789
f 4565/4791/4791 4534/4758/4758 4533/4757/4757 4564/4790/4790
f 4565/4791/4791 4566/4792/4792 4535/4759/4759 4534/4758/4758
f 4566/4792/4792 4567/4793/4793 4536/4760/4760 4535/4759/4759
f 4567/4793/4793 4568/4794/4794 4537/4761/4761 4536/4760/4760
f 4761/4763/4762 4537/4761/4761 4568/4794/4794 4760/4795/4795
f 4569/4796/4796 4538/4764/4764 1346/1345/1348 1378/1377/1381
f 4570/4797/4797 4539/4765/4765 4538/4764/4764 4569/4796/4796
f 4571/4798/4798 4540/4766/4766 4539/4765/4765 4570/4797/4797
f 4572/4799/4799 4541/4767/4767 4540/4766/4766 4571/4798/4798
f 4573/4800/4800 4542/4768/4768 4541/4767/4767 4572/4799/4799
f 4574/4801/4801 4543/4769/4769 4542/4768/4768 4573/4800/4800
f 4575/4802/4802 4544/4770/4770 4543/4769/4769 4574/4801/4801
f 4576/4803/4803 4545/4771/4771 4544/4770/4770 4575/4802/4802
f 4577/4804/4804 4546/4772/4772 4545/4771/4771 4576/4803/4803
f 4578/4805/4805 4547/4773/4773 4546/4772/4772 4577/4804/4804
f 4579/4806/4806 4548/4774/4774 4547/4773/4773 4578/4805/4805
f 4580/4807/4807 4549/4775/4775 4548/4774/4774 4579/4806/4806
f 4581/4808/4808 4550/4776/4776 4549/4775/4775 4580/4807/4807
f 4582/4809/4809 4551/4777/4777 4550/4776/4776 4581/4808/4808
f 4583/4810/4810 4552/4778/4778 4551/4777/4777 4582/4809/4809
f 4584/4811/4811 4553/4779/4779 4552/4778/4778 4583/4810/4810
f 4585/4812/4812 4554/4780/4780 4553/4779/4779 4584/4811/4811
f 4586/4813/4813 4555/4781/4781 4554/4780/4780 4585/4812/4812
f 4587/4814/4814 4556/4782/4782 4555/4781/4781 4586/4813/4813
f 4588/4815/4815 4557/4783/4783 4556/4782/4782 4587/4814/4814
f 4589/4816/4816 4558/4784/4784 4557/4783/4783 4588/4815/4815
f 4590/4817/4817 4559/4785/4785 4558/4784/4784 4589/4816/4816
f 4591/4818/4818 4560/4786/4786 4559/4785/4785 4590/4817/4817
f 4592/4819/4819 4561/4787/4787 4560/4786/4786 4591/4818/4818
f 4593/4820/4820 4562/4788/4788 4561/4787/4787 4592/4819/4819
f 4594/4821/4821 4563/4789/4789 4562/4788/4788 4593/4820/4820
f 4594/4821/4821 4595/4822/4822 4564/4790/4790 4563/4789/4789
f 4595/4822/4822 4596/4823/4823 4565/4791/4791 4564/4790/4790
f 4596/4823/4823 4597/4824/4824 4566/4792/4792 4565/4791/4791
f 4597/4824/4824 4598/4825/4825 4567/4793/4793 4566/4792/4792
f 4598/4825/4825 4599/4826/4826 4568/4794/4794 4567/4793/4793
f 4759/4827/4827 4760/4795/4795 4568/4794/4794 4599/4826/4826
f 4600/4828/4828 4569/4796/4796 1378/1377/1381 1410/1409/1414
f 4601/4829/4829 4570/4797/4797 4569/4796/4796 4600/4828/4828
f 4602/4830/4830 4571/4798/4798 4570/4797/4797 4601/4829/4829
f 4603/4831/4831 4572/4799/4799 4571/4798/4798 4602/4830/4830
f 4604/4832/4832 4573/4800/4800 4572/4799/4799 4603/4831/4831
f 4605/4833/4833 4574/4801/4801 4573/4800/4800 4604/4832/4832
f 4606/4834/4834 4575/4802/4802 4574/4801/4801 4605/4833/4833
f 4607/4835/4835 4576/4803/4803 4575/4802/4802 4606/4834/4834
f 4608/4836/4836 4577/4804/4804 4576/4803/4803 4607/4835/4835
f 4609/4837/4837 4578/4805/4805 4577/4804/4804 4608/4836/4836
f 4610/4838/4838 4579/4806/4806 4578/4805/4805 4609/4837/4837
f 4611/4839/4839 4580/4807/4807 4579/4806/4806 4610/4838/4838
f 4612/4840/4840 4581/4808/4808 4580/4807/4807 4611/4839/4839
f 4613/4841/4841 4582/4809/4809 4581/4808/4808 4612/4840/4840
f 4614/4842/4842 4583/4810/4810 4582/4809/4809 4613/4841/4841
f 4615/4843/4843 4584/4811/4811 4583/4810/4810 4614/4842/4842
f 4616/4844/4844 4585/4812/4812 4584/4811/4811 4615/4843/4843
f 4617/4845/4845 4586/4813/4813 4585/4812/4812 4616/4844/4844
f 4618/4846/4846 4587/4814/4814 4586/4813/4813 4617/4845/4845
f 4619/4847/4847 4588/4815/4815 4587/4814/4814 4618/4846/4846
f 4620/4848/4848 4589/4816/4816 4588/4815/4815 4619/4847/4847
f 4621/4849/4849 4590/4817/4817 4589/4816/4816 4620/4848/4848
f 4621/4849/4849 4622/4850/4850 4591/4818/4818 4590/4817/4817
f 4622/4850/4850 4623/4851/4851 4592/4819/4819 4591/4818/4818
f 4623/4851/4851 4624/4852/4852 4593/4820/4820 4592/4819/4819
f 4594/4821/4821 4593/4820/4820 4624/4852/4852 4625/4853/4853
f 4594/4821/4821 4625/4853/4853 4626/4854/4854 4595/4822/4822
f 4626/4854/4854 4627/4855/4855 4596/4823/4823 4595/4822/4822
f 4627/4855/4855 4628/4856/4856 4597/4824/4824 4596/4823/4823
f 4628/4856/4856 4629/4857/4857 4598/4825/4825 4597/4824/4824
f 4629/4857/4857 4630/4858/4858 4599/4826/4826 4598/4825/4825
f 4758/4859/4859 4759/4827/4827 4599/4826/4826 4630/4858/4858
f 4631/4860/4860 4600/4828/4828 1410/1409/1414 1442/1441/1447
f 4632/4861/4861 4601/4829/4829 4600/4828/4828 4631/4860/4860
f 4633/4862/4862 4602/4830/4830 4601/4829/4829 4632/4861/4861
f 4634/4863/4863 4603/4831/4831 4602/4830/4830 4633/4862/4862
f 4635/4864/4864 4604/4832/4832 4603/4831/4831 4634/4863/4863
f 4636/4865/4865 4605/4833/4833 4604/4832/4832 4635/4864/4864
f 4637/4866/4866 4606/4834/4834 4605/4833/4833 4636/4865/4865
f 4638/4867/4867 4607/4835/4835 4606/4834/4834 4637/4866/4866
f 4639/4868/4868 4608/4836/4836 4607/4835/4835 4638/4867/4867
f 4640/4869/4869 4609/4837/4837 4608/4836/4836 4639/4868/4868
f 4641/4870/4870 4610/4838/4838 4609/4837/4837 4640/4869/4869
f 4642/4871/4871 4611/4839/4839 4610/4838/4838 4641/4870/4870
f 4643/4872/4872 4612/4840/4840 4611/4839/4839 4642/4871/4871
f 4644/4873/4873 4613/4841/4841 4612/4840/4840 4643/4872/4872
f 4645/4874/4874 4614/4842/4842 4613/4841/4841 4644/4873/4873
f 4646/4875/4875 4615/4843/4843 4614/4842/4842 4645/4874/4874
f 4647/4876/4876 4616/4844/4844 4615/4843/4843 4646/4875/4875
f 4648/4877/4877 4617/4845/4845 4616/4844/4844 4647/4876/4876
f 4649/4878/4878 4618/4846/4846 4617/4845/4845 4648/4877/4877
f 4650/4879/4879 4619/4847/4847 4618/4846/4846 4649/4878/4878
f 4650/4879/4879 4651/4880/4880 4620/4848/4848 4619/4847/4847
f 4651/4880/4880 4652/4881/4881 4621/4849/4849 4620/4848/4848
f 4621/4849/4849 4652/4881/4881 4653/4882/4882 4622/4850/4850
f 4622/4850/4850 4653/4882/4882 4654/4883/4883 4623/4851/4851
f 4623/4851/4851 4654/4883/4883 4655/4884/4884 4624/4852/4852
f 4624/4852/4852 4655/4884/4884 4656/4885/4885 4625/4853/4853
f 4625/4853/4853 4656/4885/4885 4657/4886/4886 4626/4854/4854
f 4657/4886/4886 4658/4887/4887 4627/4855/4855 4626/4854/4854
f 4658/4887/4887 4659/4888/4888 4628/4856/4856 4627/4855/4855
f 4659/4888/4888 4660/4889/4889 4629/4857/4857 4628/4856/4856
f 4660/4889/4889 4661/4890/4890 4630/4858/4858 4629/4857/4857
f 4661/4890/4890 4757/4891/4891 4758/4859/4859 4630/4858/4858
f 1474/1473/1479 4662/4892/4892 4631/4860/4860 1442/1441/1447
f 4662/4892/4892 4663/4893/4893 4632/4861/4861 4631/4860/4860
f 4663/4893/4893 4664/4894/4894 4633/4862/4862 4632/4861/4861
f 4664/4894/4894 4665/4895/4895 4634/4863/4863 4633/4862/4862
f 4665/4895/4895 4666/4896/4896 4635/4864/4864 4634/4863/4863
f 4666/4896/4896 4667/4897/4897 4636/4865/4865 4635/4864/4864
f 4667/4897/4897 4668/4898/4898 4637/4866/4866 4636/4865/4865
f 4668/4898/4898 4669/4899/4899 4638/4867/4867 4637/4866/4866
f 4669/4899/4899 4670/4900/4900 4639/4868/4868 4638/4867/4867
f 4670/4900/4900 4671/4901/4901 4640/4869/4869 4639/4868/4868
f 4671/4901/4901 4672/4902/4902 4641/4870/4870 4640/4869/4869
f 4672/4902/4902 4673/4903/4903 4642/4871/4871 4641/4870/4870
f 4673/4903/4903 4674/4904/4904 4643/4872/4872 4642/4871/4871
f 4674/4904/4904 4675/4905/4905 4644/4873/4873 4643/4872/4872
f 4675/4905/4905 4676/4906/4906 4645/4874/4874 4644/4873/4873
f 4676/4906/4906 4677/4907/4907 4646/4875/4875 4645/4874/4874
f 4678/4908/4908 4647/4876/4876 4646/4875/4875 4677/4907/4907
f 4679/4909/4909 4648/4877/4877 4647/4876/4876 4678/4908/4908
f 4679/4909/4909 4680/4910/4910 4649/4878/4878 4648/4877/4877
f 4680/4910/4910 4681/4911/4911 4650/4879/4879 4649/4878/4878
f 4650/4879/4879 4681/4911/4911 4682/4912/4912 4651/4880/4880
f 4651/4880/4880 4682/4912/4912 4683/4913/4913 4652/4881/4881
f 4652/4881/4881 4683/4913/4913 4684/4914/4914 4653/4882/4882
f 4653/4882/4882 4684/4914/4914 4685/4915/4915 4654/4883/4883
f 4654/4883/4883 4685/4915/4915 4686/4916/4916 4655/4884/4884
f 4655/4884/4884 4686/4916/4916 4687/4917/4917 4656/4885/4885
f 4656/4885/4885 4687/4917/4917 4688/4918/4918 4657/4886/4886
f 4688/4918/4918 4689/4919/4919 4658/4887/4887 4657/4886/4886
f 4689/4919/4919 4690/4920/4920 4659/4888/4888 4658/4887/4887
f 4690/4920/4920 4691/4921/4921 4660/4889/4889 4659/4888/4888
f 4691/4921/4921 4692/4922/4922 4661/4890/4890 4660/4889/4889
f 4692/4922/4922 4756/4923/4923 4757/4891/4891 4661/4890/4890
f 1506/1577/1512 4693/4924/4924 4662/4892/4892 1474/1473/1479
f 4693/4924/4924 4694/4925/4925 4663/4893/4893 4662/4892/4892
f 4694/4925/4925 4695/4926/4926 4664/4894/4894 4663/4893/4893
f 4695/4926/4926 4696/4927/4927 4665/4895/4895 4664/4894/4894
f 4665/4895/4895 4696/4927/4927 4697/4928/4928 4666/4896/4896
f 4666/4896/4896 4697/4928/4928 4698/4929/4929 4667/4897/4897
f 4667/4897/4897 4698/4929/4929 4699/4930/4930 4668/4898/4898
f 4699/4930/4930 4700/4931/4931 4669/4899/4899 4668/4898/4898
f 4700/4931/4931 4701/4932/4932 4670/4900/4900 4669/4899/4899
f 4701/4932/4932 4702/4933/4933 4671/4901/4901 4670/4900/4900
f 4671/4901/4901 4702/4933/4933 4703/4934/4934 4672/4902/4902
f 4672/4902/4902 4703/4934/4934 4704/4935/4935 4673/4903/4903
f 4704/4935/4935 4705/4936/4936 4674/4904/4904 4673/4903/4903
f 4705/4936/4936 4706/4937/4937 4675/4905/4905 4674/4904/4904
f 4706/4937/4937 4707/4938/4938 4676/4906/4906 4675/4905/4905
f 4676/4906/4906 4707/4938/4938 4708/4939/4939 4677/4907/4907
f 4710/4940/4940 4711/4941/4941 4680/4910/4910 4679/4909/4909
f 4680/4910/4910 4711/4941/4941 4712/4942/4942 4681/4911/4911
f 4681/4911/4911 4712/4942/4942 4713/4943/4943 4682/4912/4912
f 4713/4943/4943 4714/4944/4944 4683/4913/4913 4682/4912/4912
f 4714/4944/4944 4715/4945/4945 4684/4914/4914 4683/4913/4913
f 4715/4945/4945 4716/4946/4946 4685/4915/4915 4684/4914/4914
f 4685/4915/4915 4716/4946/4946 4717/4947/4947 4686/4916/4916
f 4686/4916/4916 4717/4947/4947 4718/4948/4948 4687/4917/4917
f 4718/4948/4948 4719/4949/4949 4688/4918/4918 4687/4917/4917
f 4688/4918/4918 4719/4949/4949 4720/4950/4950 4689/4919/4919
f 4689/4919/4919 4720/4950/4950 4721/4951/4951 4690/4920/4920
f 4690/4920/4920 4721/4951/4951 4722/4952/4952 4691/4921/4921
f 4691/4921/4921 4722/4952/4952 4723/4953/4953 4692/4922/4922
f 4754/4954/4954 1569/1505/1544 2/2/3 3236/3461/3461
f 4752/4955/4955 4753/4956/4956 3237/3463/3463 3238/3465/3465
f 4753/4956/4956 4754/4954/4954 3236/3461/3461 3237/3463/3463
f 4750/4957/4957 4751/4958/4958 3239/3467/3467 3240/3469/3469
f 4748/4959/4959 4749/4960/4960 3241/3471/3471 3242/3473/3473
f 4747/4961/4961 4748/4959/4959 3242/3473/3473 3243/3475/3475
f 4749/4960/4960 4750/4957/4957 3240/3469/3469 3241/3471/3471
f 4751/4958/4958 4752/4955/4955 3238/3465/3465 3239/3467/3467
f 4745/4962/4962 4746/4963/4963 3244/3477/3477 3245/3479/3479
f 4743/4964/4964 4744/4965/4965 3246/3481/3481 3247/3483/3483
f 4742/4966/4966 4743/4964/4964 3247/3483/3483 3248/3485/3485
f 4744/4965/4965 4745/4962/4962 3245/3479/3479 3246/3481/3481
f 4740/4967/4967 4741/4968/4968 3249/3487/3487 3250/3489/3489
f 4738/4969/4969 4739/4970/4970 3251/3491/3491 3252/3493/3493
f 4737/4971/4971 4738/4969/4969 3252/3493/3493 3253/3495/3495
f 4739/4970/4970 4740/4967/4967 3250/3489/3489 3251/3491/3491
f 4741/4968/4968 4742/4966/4966 3248/3485/3485 3249/3487/3487
f 4746/4963/4963 4747/4961/4961 3243/3475/3475 3244/3477/3477
f 4736/4972/4972 4737/4971/4971 3253/3495/3495 3254/3497/3497
f 4735/4973/4973 4736/4972/4972 3254/3497/3497 3255/3499/3499
f 4734/4974/4974 4735/4973/4973 3255/3499/3499 3256/3501/3501
f 4732/4975/4975 4733/4976/4976 3257/3503/3503 3258/3505/3505
f 4733/4976/4976 4734/4974/4974 3256/3501/3501 3257/3503/3503
f 4731/4977/4977 4732/4975/4975 3258/3505/3505 3259/3507/3507
f 4729/4978/4978 4730/4979/4979 3260/3509/3509 3261/3511/3511
f 4727/4980/4980 4728/4981/4981 3262/3513/3513 3263/3515/3515
f 4726/4982/4982 4727/4980/4980 3263/3515/3515 3264/3517/3517
f 4728/4981/4981 4729/4978/4978 3261/3511/3511 3262/3513/3513
f 4725/4983/4983 4726/4982/4982 3264/3517/3517 3265/3519/3519
f 4724/4984/4984 4725/4983/4983 3265/3519/3519 3266/3521/3521
f 4724/4984/4984 3266/3521/3521 3235/4985/4985
f 3259/3507/3507 3260/3509/3509 4730/4979/4979 4731/4977/4977
f 3266/3521/3521 3297/3520/3520 4801/4987/4986 4802/4986/4987
f 3328/3552/3552 3359/3583/3583 4799/4989/4988 4800/4988/4989
f 3359/3583/3583 3390/3614/3614 4798/4990/4990 4799/4989/4988
f 3297/3520/3520 3328/3552/3552 4800/4988/4989 4801/4987/4986
f 3452/3676/3676 4796/4992/4991 4797/4991/4992 3421/3645/3645
f 4795/4993/4993 4796/4992/4991 3452/3676/3676 3483/3707/3707
f 4797/4991/4992 4798/4990/4990 3390/3614/3614 3421/3645/3645
f 3235/4985/4985 3266/3521/3521 4802/4986/4987
f 3483/3707/3707 3514/3738/3738 4794/4994/4994 4795/4993/4993
f 3545/3769/3769 3576/3800/3800 4792/4996/4995 4793/4995/4996
f 3514/3738/3738 3545/3769/3769 4793/4995/4996 4794/4994/4994
f 3607/3831/3831 3638/3862/3862 4790/4998/4997 4791/4997/4998
f 3638/3862/3862 3669/3893/3893 4789/4999/4999 4790/4998/4997
f 3576/3800/3800 3607/3831/3831 4791/4997/4998 4792/4996/4995
f 3700/3924/3924 3731/3955/3955 4787/5001/5000 4788/5000/5001
f 3762/3986/3986 3793/4017/4017 4785/5003/5002 4786/5002/5003
f 3793/4017/4017 3824/4048/4048 4784/5004/5004 4785/5003/5002
f 3731/3955/3955 3762/3986/3986 4786/5002/5003 4787/5001/5000
f 3669/3893/3893 3700/3924/3924 4788/5000/5001 4789/4999/4999
f 3824/4048/4048 3855/4079/4079 4783/5005/5005 4784/5004/5004
f 3886/4110/4110 3917/4141/4141 4781/5007/5006 4782/5006/5007
f 3917/4141/4141 3948/4172/4172 4780/5008/5008 4781/5007/5006
f 3855/4079/4079 3886/4110/4110 4782/5006/5007 4783/5005/5005
f 3979/4203/4203 4010/4234/4234 4778/5010/5009 4779/5009/5010
f 4041/4265/4265 4072/4296/4296 4776/5012/5011 4777/5011/5012
f 4072/4296/4296 4103/4327/4327 4775/5013/5013 4776/5012/5011
f 4010/4234/4234 4041/4265/4265 4777/5011/5012 4778/5010/5009
f 3948/4172/4172 3979/4203/4203 4779/5009/5010 4780/5008/5008
f 4134/4358/4358 4165/4389/4389 4773/5015/5014 4774/5014/5015
f 4196/4420/4420 4227/4451/4451 4771/5017/5016 4772/5016/5017
f 4227/4451/4451 4258/4482/4482 4770/5018/5018 4771/5017/5016
f 4165/4389/4389 4196/4420/4420 4772/5016/5017 4773/5015/5014
f 4289/4513/4513 4320/4544/4544 4768/5020/5019 4769/5019/5020
f 4351/4575/4575 4382/4606/4606 4766/5022/5021 4767/5021/5022
f 4382/4606/4606 4413/4637/4637 4765/5023/5023 4766/5022/5021
f 4320/4544/4544 4351/4575/4575 4767/5021/5022 4768/5020/5019
f 4258/4482/4482 4289/4513/4513 4769/5019/5020 4770/5018/5018
f 4103/4327/4327 4134/4358/4358 4774/5014/5015 4775/5013/5013
f 4413/4637/4637 4444/4668/4668 4764/5024/5024 4765/5023/5023
f 4708/4939/4939 4709/5025/5025 4678/4908/4908 4677/4907/4907
f 4678/4908/4908 4709/5025/5025 4710/4940/4940 4679/4909/4909
f 4762/4762/4763 4763/5026/5026 4475/4699/4699 4506/4730/4730
f 4763/5026/5026 4764/5024/5024 4444/4668/4668 4475/4699/4699
f 4692/4922/4922 4723/4953/4953 4755/5027/5027 4756/4923/4923
s 2
f 1618/1618/1618 4803/5029/5028 6370/5028/5029 3234/3123/1619
f 4803/5029/5028 4804/5031/5030 6369/5030/5031 6370/5028/5029
f 4804/5031/5030 4805/5033/5032 6368/5032/5033 6369/5030/5031
f 4805/5033/5032 4806/5035/5034 6367/5034/5035 6368/5032/5033
f 6366/5036/5036 6367/5034/5035 4806/5035/5034 4807/5037/5037
f 6365/5038/5038 6366/5036/5036 4807/5037/5037 4808/5039/5039
f 4808/5039/5039 4809/5041/5040 6364/5040/5041 6365/5038/5038
f 4809/5041/5040 4810/5043/5042 6363/5042/5043 6364/5040/5041
f 4810/5043/5042 4811/5045/5044 6362/5044/5045 6363/5042/5043
f 6361/5046/5046 6362/5044/5045 4811/5045/5044 4812/5047/5047
f 6360/5048/5048 6361/5046/5046 4812/5047/5047 4813/5049/5049
f 4813/5049/5049 4814/5051/5050 6359/5050/5051 6360/5048/5048
f 4814/5051/5050 4815/5053/5052 6358/5052/5053 6359/5050/5051
f 4815/5053/5052 4816/5055/5054 6357/5054/5055 6358/5052/5053
f 4816/5055/5054 4817/5057/5056 6356/5056/5057 6357/5054/5055
f 6355/5058/5058 6356/5056/5057 4817/5057/5056 4818/5059/5059
f 4820/5060/5060 4821/5063/5061 6352/5062/5062 6353/5061/5063
f 4821/5063/5061 4822/5065/5064 6351/5064/5065 6352/5062/5062
f 4823/5066/5066 6350/5067/5067 6351/5064/5065 4822/5065/5064
f 4824/5068/5068 6349/5069/5069 6350/5067/5067 4823/5066/5066
f 4825/5070/5070 6348/5071/5071 6349/5069/5069 4824/5068/5068
f 6347/5072/5072 6348/5071/5071 4825/5070/5070 4826/5073/5073
f 6346/5074/5074 6347/5072/5072 4826/5073/5073 4827/5075/5075
f 4828/5076/5076 6345/5077/5077 6346/5074/5074 4827/5075/5075
f 4829/5078/5078 6344/5079/5079 6345/5077/5077 4828/5076/5076
f 4830/5080/5080 6343/5081/5081 6344/5079/5079 4829/5078/5078
f 4831/5082/5082 6342/5083/5083 6343/5081/5081 4830/5080/5080
f 4832/5084/5084 6341/5085/5085 6342/5083/5083 4831/5082/5082
f 4833/5086/5086 6340/5087/5087 6341/5085/5085 4832/5084/5084
f 1618/1618/1618 1650/1649/1681 4834/5088/5088 4803/5029/5028
f 4803/5029/5028 4834/5088/5088 4835/5089/5089 4804/5031/5030
f 4804/5031/5030 4835/5089/5089 4836/5090/5090 4805/5033/5032
f 4805/5033/5032 4836/5090/5090 4837/5091/5091 4806/5035/5034
f 4806/5035/5034 4837/5091/5091 4838/5092/5092 4807/5037/5037
f 4807/5037/5037 4838/5092/5092 4839/5093/5093 4808/5039/5039
f 4808/5039/5039 4839/5093/5093 4840/5094/5094 4809/5041/5040
f 4809/5041/5040 4840/5094/5094 4841/5095/5095 4810/5043/5042
f 4810/5043/5042 4841/5095/5095 4842/5096/5096 4811/5045/5044
f 4811/5045/5044 4842/5096/5096 4843/5097/5097 4812/5047/5047
f 4812/5047/5047 4843/5097/5097 4844/5098/5098 4813/5049/5049
f 4813/5049/5049 4844/5098/5098 4845/5099/5099 4814/5051/5050
f 4814/5051/5050 4845/5099/5099 4846/5100/5100 4815/5053/5052
f 4815/5053/5052 4846/5100/5100 4847/5101/5101 4816/5055/5054
f 4816/5055/5054 4847/5101/5101 4848/5102/5102 4817/5057/5056
f 4817/5057/5056 4848/5102/5102 4849/5103/5103 4818/5059/5059
f 4850/5104/5104 4819/5105/5105 4818/5059/5059 4849/5103/5103
f 4851/5106/5106 4820/5060/5060 4819/5105/5105 4850/5104/5104
f 4820/5060/5060 4851/5106/5106 4852/5107/5107 4821/5063/5061
f 4822/5065/5064 4821/5063/5061 4852/5107/5107 4853/5108/5108
f 4823/5066/5066 4822/5065/5064 4853/5108/5108 4854/5109/5109
f 4824/5068/5068 4823/5066/5066 4854/5109/5109 4855/5110/5110
f 4825/5070/5070 4824/5068/5068 4855/5110/5110 4856/5111/5111
f 4826/5073/5073 4825/5070/5070 4856/5111/5111 4857/5112/5112
f 4827/5075/5075 4826/5073/5073 4857/5112/5112 4858/5113/5113
f 4828/5076/5076 4827/5075/5075 4858/5113/5113 4859/5114/5114
f 4829/5078/5078 4828/5076/5076 4859/5114/5114 4860/5115/5115
f 4860/5115/5115 4861/5116/5116 4830/5080/5080 4829/5078/5078
f 4861/5116/5116 4862/5117/5117 4831/5082/5082 4830/5080/5080
f 4862/5117/5117 4863/5118/5118 4832/5084/5084 4831/5082/5082
f 4863/5118/5118 4864/5119/5119 4833/5086/5086 4832/5084/5084
f 4865/5120/5120 4834/5088/5088 1650/1649/1681 1682/1682/1714
f 4866/5121/5121 4835/5089/5089 4834/5088/5088 4865/5120/5120
f 4867/5122/5122 4836/5090/5090 4835/5089/5089 4866/5121/5121
f 4868/5123/5123 4837/5091/5091 4836/5090/5090 4867/5122/5122
f 4869/5124/5124 4838/5092/5092 4837/5091/5091 4868/5123/5123
f 4870/5125/5125 4839/5093/5093 4838/5092/5092 4869/5124/5124
f 4871/5126/5126 4840/5094/5094 4839/5093/5093 4870/5125/5125
f 4872/5127/5127 4841/5095/5095 4840/5094/5094 4871/5126/5126
f 4873/5128/5128 4842/5096/5096 4841/5095/5095 4872/5127/5127
f 4874/5129/5129 4843/5097/5097 4842/5096/5096 4873/5128/5128
f 4875/5130/5130 4844/5098/5098 4843/5097/5097 4874/5129/5129
f 4876/5131/5131 4845/5099/5099 4844/5098/5098 4875/5130/5130
f 4877/5132/5132 4846/5100/5100 4845/5099/5099 4876/5131/5131
f 4878/5133/5133 4847/5101/5101 4846/5100/5100 4877/5132/5132
f 4879/5134/5134 4848/5102/5102 4847/5101/5101 4878/5133/5133
f 4880/5135/5135 4849/5103/5103 4848/5102/5102 4879/5134/5134
f 4881/5136/5136 4850/5104/5104 4849/5103/5103 4880/5135/5135
f 4882/5137/5137 4851/5106/5106 4850/5104/5104 4881/5136/5136
f 4883/5138/5138 4852/5107/5107 4851/5106/5106 4882/5137/5137
f 4884/5139/5139 4853/5108/5108 4852/5107/5107 4883/5138/5138
f 4853/5108/5108 4884/5139/5139 4885/5140/5140 4854/5109/5109
f 4855/5110/5110 4854/5109/5109 4885/5140/5140 4886/5141/5141
f 4855/5110/5110 4886/5141/5141 4887/5142/5142 4856/5111/5111
f 4856/5111/5111 4887/5142/5142 4888/5143/5143 4857/5112/5112
f 4857/5112/5112 4888/5143/5143 4889/5144/5144 4858/5113/5113
f 4858/5113/5113 4889/5144/5144 4890/5145/5145 4859/5114/5114
f 4859/5114/5114 4890/5145/5145 4891/5146/5146 4860/5115/5115
f 4891/5146/5146 4892/5147/5147 4861/5116/5116 4860/5115/5115
f 4892/5147/5147 4893/5148/5148 4862/5117/5117 4861/5116/5116
f 4893/5148/5148 4894/5149/5149 4863/5118/5118 4862/5117/5117
f 4894/5149/5149 4895/5150/5150 4864/5119/5119 4863/5118/5118
f 4895/5150/5150 6337/5152/5151 6338/5151/5152 4864/5119/5119
f 4896/5153/5153 4865/5120/5120 1682/1682/1714 1714/1714/1748
f 4897/5154/5154 4866/5121/5121 4865/5120/5120 4896/5153/5153
f 4898/5155/5155 4867/5122/5122 4866/5121/5121 4897/5154/5154
f 4899/5156/5156 4868/5123/5123 4867/5122/5122 4898/5155/5155
f 4900/5157/5157 4869/5124/5124 4868/5123/5123 4899/5156/5156
f 4901/5158/5158 4870/5125/5125 4869/5124/5124 4900/5157/5157
f 4902/5159/5159 4871/5126/5126 4870/5125/5125 4901/5158/5158
f 4903/5160/5160 4872/5127/5127 4871/5126/5126 4902/5159/5159
f 4904/5161/5161 4873/5128/5128 4872/5127/5127 4903/5160/5160
f 4905/5162/5162 4874/5129/5129 4873/5128/5128 4904/5161/5161
f 4906/5163/5163 4875/5130/5130 4874/5129/5129 4905/5162/5162
f 4907/5164/5164 4876/5131/5131 4875/5130/5130 4906/5163/5163
f 4908/5165/5165 4877/5132/5132 4876/5131/5131 4907/5164/5164
f 4909/5166/5166 4878/5133/5133 4877/5132/5132 4908/5165/5165
f 4910/5167/5167 4879/5134/5134 4878/5133/5133 4909/5166/5166
f 4911/5168/5168 4880/5135/5135 4879/5134/5134 4910/5167/5167
f 4912/5169/5169 4881/5136/5136 4880/5135/5135 4911/5168/5168
f 4913/5170/5170 4882/5137/5137 4881/5136/5136 4912/5169/5169
f 4914/5171/5171 4883/5138/5138 4882/5137/5137 4913/5170/5170
f 4915/5172/5172 4884/5139/5139 4883/5138/5138 4914/5171/5171
f 4916/5173/5173 4885/5140/5140 4884/5139/5139 4915/5172/5172
f 4917/5174/5174 4886/5141/5141 4885/5140/5140 4916/5173/5173
f 4886/5141/5141 4917/5174/5174 4918/5175/5175 4887/5142/5142
f 4887/5142/5142 4918/5175/5175 4919/5176/5176 4888/5143/5143
f 4889/5144/5144 4888/5143/5143 4919/5176/5176 4920/5177/5177
f 4889/5144/5144 4920/5177/5177 4921/5178/5178 4890/5145/5145
f 4890/5145/5145 4921/5178/5178 4922/5179/5179 4891/5146/5146
f 4891/5146/5146 4922/5179/5179 4923/5180/5180 4892/5147/5147
f 4923/5180/5180 4924/5181/5181 4893/5148/5148 4892/5147/5147
f 4924/5181/5181 4925/5182/5182 4894/5149/5149 4893/5148/5148
f 4925/5182/5182 4926/5183/5183 4895/5150/5150 4894/5149/5149
f 6336/5184/5184 6337/5152/5151 4895/5150/5150 4926/5183/5183
f 4927/5185/5185 4896/5153/5153 1714/1714/1748 1746/1746/1781
f 4928/5186/5186 4897/5154/5154 4896/5153/5153 4927/5185/5185
f 4929/5187/5187 4898/5155/5155 4897/5154/5154 4928/5186/5186
f 4930/5188/5188 4899/5156/5156 4898/5155/5155 4929/5187/5187
f 4931/5189/5189 4900/5157/5157 4899/5156/5156 4930/5188/5188
f 4932/5190/5190 4901/5158/5158 4900/5157/5157 4931/5189/5189
f 4933/5191/5191 4902/5159/5159 4901/5158/5158 4932/5190/5190
f 4934/5192/5192 4903/5160/5160 4902/5159/5159 4933/5191/5191
f 4935/5193/5193 4904/5161/5161 4903/5160/5160 4934/5192/5192
f 4936/5194/5194 4905/5162/5162 4904/5161/5161 4935/5193/5193
f 4937/5195/5195 4906/5163/5163 4905/5162/5162 4936/5194/5194
f 4938/5196/5196 4907/5164/5164 4906/5163/5163 4937/5195/5195
f 4939/5197/5197 4908/5165/5165 4907/5164/5164 4938/5196/5196
f 4940/5198/5198 4909/5166/5166 4908/5165/5165 4939/5197/5197
f 4941/5199/5199 4910/5167/5167 4909/5166/5166 4940/5198/5198
f 4942/5200/5200 4911/5168/5168 4910/5167/5167 4941/5199/5199
f 4943/5201/5201 4912/5169/5169 4911/5168/5168 4942/5200/5200
f 4944/5202/5202 4913/5170/5170 4912/5169/5169 4943/5201/5201
f 4945/5203/5203 4914/5171/5171 4913/5170/5170 4944/5202/5202
f 4946/5204/5204 4915/5172/5172 4914/5171/5171 4945/5203/5203
f 4947/5205/5205 4916/5173/5173 4915/5172/5172 4946/5204/5204
f 4948/5206/5206 4917/5174/5174 4916/5173/5173 4947/5205/5205
f 4949/5207/5207 4918/5175/5175 4917/5174/5174 4948/5206/5206
f 4950/5208/5208 4919/5176/5176 4918/5175/5175 4949/5207/5207
f 4951/5209/5209 4920/5177/5177 4919/5176/5176 4950/5208/5208
f 4920/5177/5177 4951/5209/5209 4952/5210/5210 4921/5178/5178
f 4952/5210/5210 4953/5211/5211 4922/5179/5179 4921/5178/5178
f 4922/5179/5179 4953/5211/5211 4954/5212/5212 4923/5180/5180
f 4954/5212/5212 4955/5213/5213 4924/5181/5181 4923/5180/5180
f 4955/5213/5213 4956/5214/5214 4925/5182/5182 4924/5181/5181
f 4956/5214/5214 4957/5215/5215 4926/5183/5183 4925/5182/5182
f 6335/5216/5216 6336/5184/5184 4926/5183/5183 4957/5215/5215
f 4958/5217/5217 4927/5185/5185 1746/1746/1781 1778/1778/1814
f 4959/5218/5218 4928/5186/5186 4927/5185/5185 4958/5217/5217
f 4960/5219/5219 4929/5187/5187 4928/5186/5186 4959/5218/5218
f 4961/5220/5220 4930/5188/5188 4929/5187/5187 4960/5219/5219
f 4962/5221/5221 4931/5189/5189 4930/5188/5188 4961/5220/5220
f 4963/5222/5222 4932/5190/5190 4931/5189/5189 4962/5221/5221
f 4964/5223/5223 4933/5191/5191 4932/5190/5190 4963/5222/5222
f 4965/5224/5224 4934/5192/5192 4933/5191/5191 4964/5223/5223
f 4966/5225/5225 4935/5193/5193 4934/5192/5192 4965/5224/5224
f 4967/5226/5226 4936/5194/5194 4935/5193/5193 4966/5225/5225
f 4968/5227/5227 4937/5195/5195 4936/5194/5194 4967/5226/5226
f 4969/5228/5228 4938/5196/5196 4937/5195/5195 4968/5227/5227
f 4970/5229/5229 4939/5197/5197 4938/5196/5196 4969/5228/5228
f 4971/5230/5230 4940/5198/5198 4939/5197/5197 4970/5229/5229
f 4972/5231/5231 4941/5199/5199 4940/5198/5198 4971/5230/5230
f 4973/5232/5232 4942/5200/5200 4941/5199/5199 4972/5231/5231
f 4974/5233/5233 4943/5201/5201 4942/5200/5200 4973/5232/5232
f 4975/5234/5234 4944/5202/5202 4943/5201/5201 4974/5233/5233
f 4976/5235/5235 4945/5203/5203 4944/5202/5202 4975/5234/5234
f 4977/5236/5236 4946/5204/5204 4945/5203/5203 4976/5235/5235
f 4978/5237/5237 4947/5205/5205 4946/5204/5204 4977/5236/5236
f 4979/5238/5238 4948/5206/5206 4947/5205/5205 4978/5237/5237
f 4980/5239/5239 4949/5207/5207 4948/5206/5206 4979/5238/5238
f 4981/5240/5240 4950/5208/5208 4949/5207/5207 4980/5239/5239
f 4982/5241/5241 4951/5209/5209 4950/5208/5208 4981/5240/5240
f 4983/5242/5242 4952/5210/5210 4951/5209/5209 4982/5241/5241
f 4984/5243/5243 4953/5211/5211 4952/5210/5210 4983/5242/5242
f 4953/5211/5211 4984/5243/5243 4985/5244/5244 4954/5212/5212
f 4986/5245/5245 4955/5213/5213 4954/5212/5212 4985/5244/5244
f 4986/5245/5245 4987/5246/5246 4956/5214/5214 4955/5213/5213
f 4987/5246/5246 4988/5247/5247 4957/5215/5215 4956/5214/5214
f 6334/5248/5248 6335/5216/5216 4957/5215/5215 4988/5247/5247 6261/5249/5249
f 4989/5250/5250 4958/5217/5217 1778/1778/1814 1810/1811/1848
f 4990/5251/5251 4959/5218/5218 4958/5217/5217 4989/5250/5250
f 4991/5252/5252 4960/5219/5219 4959/5218/5218 4990/5251/5251
f 4992/5253/5253 4961/5220/5220 4960/5219/5219 4991/5252/5252
f 4993/5254/5254 4962/5221/5221 4961/5220/5220 4992/5253/5253
f 4994/5255/5255 4963/5222/5222 4962/5221/5221 4993/5254/5254
f 4995/5256/5256 4964/5223/5223 4963/5222/5222 4994/5255/5255
f 4996/5257/5257 4965/5224/5224 4964/5223/5223 4995/5256/5256
f 4997/5258/5258 4966/5225/5225 4965/5224/5224 4996/5257/5257
f 4998/5259/5259 4967/5226/5226 4966/5225/5225 4997/5258/5258
f 4999/5260/5260 4968/5227/5227 4967/5226/5226 4998/5259/5259
f 5000/5261/5261 4969/5228/5228 4968/5227/5227 4999/5260/5260
f 5001/5262/5262 4970/5229/5229 4969/5228/5228 5000/5261/5261
f 5002/5263/5263 4971/5230/5230 4970/5229/5229 5001/5262/5262
f 5003/5264/5264 4972/5231/5231 4971/5230/5230 5002/5263/5263
f 5004/5265/5265 4973/5232/5232 4972/5231/5231 5003/5264/5264
f 5005/5266/5266 4974/5233/5233 4973/5232/5232 5004/5265/5265
f 5006/5267/5267 4975/5234/5234 4974/5233/5233 5005/5266/5266
f 5007/5268/5268 4976/5235/5235 4975/5234/5234 5006/5267/5267
f 5008/5269/5269 4977/5236/5236 4976/5235/5235 5007/5268/5268
f 5009/5270/5270 4978/5237/5237 4977/5236/5236 5008/5269/5269
f 5010/5271/5271 4979/5238/5238 4978/5237/5237 5009/5270/5270
f 5011/5272/5272 4980/5239/5239 4979/5238/5238 5010/5271/5271
f 5012/5273/5273 4981/5240/5240 4980/5239/5239 5011/5272/5272
f 5013/5274/5274 4982/5241/5241 4981/5240/5240 5012/5273/5273
f 5014/5275/5275 4983/5242/5242 4982/5241/5241 5013/5274/5274
f 5015/5276/5276 4984/5243/5243 4983/5242/5242 5014/5275/5275
f 5016/5277/5277 4985/5244/5244 4984/5243/5243 5015/5276/5276
f 5017/5278/5278 4986/5245/5245 4985/5244/5244 5016/5277/5277
f 5018/5279/5279 4987/5246/5246 4986/5245/5245 5017/5278/5278
f 4987/5246/5246 5018/5279/5279 5019/5280/5280 4988/5247/5247
f 5019/5280/5280 6333/5281/5281 6334/5248/5248 6261/5249/5249 4988/5247/5247
f 5020/5282/5282 4989/5250/5250 1810/1811/1848 1842/1843/1881
f 5021/5283/5283 4990/5251/5251 4989/5250/5250 5020/5282/5282
f 5022/5284/5284 4991/5252/5252 4990/5251/5251 5021/5283/5283
f 5023/5285/5285 4992/5253/5253 4991/5252/5252 5022/5284/5284
f 5024/5286/5286 4993/5254/5254 4992/5253/5253 5023/5285/5285
f 5025/5287/5287 4994/5255/5255 4993/5254/5254 5024/5286/5286
f 5026/5288/5288 4995/5256/5256 4994/5255/5255 5025/5287/5287
f 5027/5289/5289 4996/5257/5257 4995/5256/5256 5026/5288/5288
f 5028/5290/5290 4997/5258/5258 4996/5257/5257 5027/5289/5289
f 5029/5291/5291 4998/5259/5259 4997/5258/5258 5028/5290/5290
f 5030/5292/5292 4999/5260/5260 4998/5259/5259 5029/5291/5291
f 5031/5293/5293 5000/5261/5261 4999/5260/5260 5030/5292/5292
f 5032/5294/5294 5001/5262/5262 5000/5261/5261 5031/5293/5293
f 5033/5295/5295 5002/5263/5263 5001/5262/5262 5032/5294/5294
f 5034/5296/5296 5003/5264/5264 5002/5263/5263 5033/5295/5295
f 5035/5297/5297 5004/5265/5265 5003/5264/5264 5034/5296/5296
f 5036/5298/5298 5005/5266/5266 5004/5265/5265 5035/5297/5297
f 5037/5299/5299 5006/5267/5267 5005/5266/5266 5036/5298/5298
f 5038/5300/5300 5007/5268/5268 5006/5267/5267 5037/5299/5299
f 5039/5301/5301 5008/5269/5269 5007/5268/5268 5038/5300/5300
f 5040/5302/5302 5009/5270/5270 5008/5269/5269 5039/5301/5301
f 5041/5303/5303 5010/5271/5271 5009/5270/5270 5040/5302/5302
f 5042/5304/5304 5011/5272/5272 5010/5271/5271 5041/5303/5303
f 5043/5305/5305 5012/5273/5273 5011/5272/5272 5042/5304/5304
f 5044/5306/5306 5013/5274/5274 5012/5273/5273 5043/5305/5305
f 5045/5307/5307 5014/5275/5275 5013/5274/5274 5044/5306/5306
f 5046/5308/5308 5015/5276/5276 5014/5275/5275 5045/5307/5307
f 5047/5309/5309 5016/5277/5277 5015/5276/5276 5046/5308/5308
f 5048/5310/5310 5017/5278/5278 5016/5277/5277 5047/5309/5309
f 5049/5311/5311 5018/5279/5279 5017/5278/5278 5048/5310/5310
f 5050/5312/5312 5019/5280/5280 5018/5279/5279 5049/5311/5311
f 5050/5312/5312 6332/5313/5313 6333/5281/5281 5019/5280/5280
f 5051/5314/5314 5020/5282/5282 1842/1843/1881 1874/1875/1914
f 5052/5315/5315 5021/5283/5283 5020/5282/5282 5051/5314/5314
f 5053/5316/5316 5022/5284/5284 5021/5283/5283 5052/5315/5315
f 5054/5317/5317 5023/5285/5285 5022/5284/5284 5053/5316/5316
f 5055/5318/5318 5024/5286/5286 5023/5285/5285 5054/5317/5317
f 5056/5319/5319 5025/5287/5287 5024/5286/5286 5055/5318/5318
f 5057/5320/5320 5026/5288/5288 5025/5287/5287 5056/5319/5319
f 5058/5321/5321 5027/5289/5289 5026/5288/5288 5057/5320/5320
f 5059/5322/5322 5028/5290/5290 5027/5289/5289 5058/5321/5321
f 5060/5323/5323 5029/5291/5291 5028/5290/5290 5059/5322/5322
f 5061/5324/5324 5030/5292/5292 5029/5291/5291 5060/5323/5323
f 5062/5325/5325 5031/5293/5293 5030/5292/5292 5061/5324/5324
f 5063/5326/5326 5032/5294/5294 5031/5293/5293 5062/5325/5325
f 5064/5327/5327 5033/5295/5295 5032/5294/5294 5063/5326/5326
f 5065/5328/5328 5034/5296/5296 5033/5295/5295 5064/5327/5327
f 5066/5329/5329 5035/5297/5297 5034/5296/5296 5065/5328/5328
f 5067/5330/5330 5036/5298/5298 5035/5297/5297 5066/5329/5329
f 5068/5331/5331 5037/5299/5299 5036/5298/5298 5067/5330/5330
f 5069/5332/5332 5038/5300/5300 5037/5299/5299 5068/5331/5331
f 5070/5333/5333 5039/5301/5301 5038/5300/5300 5069/5332/5332
f 5071/5334/5334 5040/5302/5302 5039/5301/5301 5070/5333/5333
f 5072/5335/5335 5041/5303/5303 5040/5302/5302 5071/5334/5334
f 5073/5336/5336 5042/5304/5304 5041/5303/5303 5072/5335/5335
f 5074/5337/5337 5043/5305/5305 5042/5304/5304 5073/5336/5336
f 5075/5338/5338 5044/5306/5306 5043/5305/5305 5074/5337/5337
f 5076/5339/5339 5045/5307/5307 5044/5306/5306 5075/5338/5338
f 5077/5340/5340 5046/5308/5308 5045/5307/5307 5076/5339/5339
f 5078/5341/5341 5047/5309/5309 5046/5308/5308 5077/5340/5340
f 5079/5342/5342 5048/5310/5310 5047/5309/5309 5078/5341/5341
f 5080/5343/5343 5049/5311/5311 5048/5310/5310 5079/5342/5342
f 5081/5344/5344 5050/5312/5312 5049/5311/5311 5080/5343/5343
f 5082/5345/5345 5051/5314/5314 1874/1875/1914 1906/1907/1946
f 5083/5346/5346 5052/5315/5315 5051/5314/5314 5082/5345/5345
f 5084/5347/5347 5053/5316/5316 5052/5315/5315 5083/5346/5346
f 5085/5348/5348 5054/5317/5317 5053/5316/5316 5084/5347/5347
f 5086/5349/5349 5055/5318/5318 5054/5317/5317 5085/5348/5348
f 5087/5350/5350 5056/5319/5319 5055/5318/5318 5086/5349/5349
f 5088/5351/5351 5057/5320/5320 5056/5319/5319 5087/5350/5350
f 5089/5352/5352 5058/5321/5321 5057/5320/5320 5088/5351/5351
f 5090/5353/5353 5059/5322/5322 5058/5321/5321 5089/5352/5352
f 5091/5354/5354 5060/5323/5323 5059/5322/5322 5090/5353/5353
f 5092/5355/5355 5061/5324/5324 5060/5323/5323 5091/5354/5354
f 5093/5356/5356 5062/5325/5325 5061/5324/5324 5092/5355/5355
f 5094/5357/5357 5063/5326/5326 5062/5325/5325 5093/5356/5356
f 5095/5358/5358 5064/5327/5327 5063/5326/5326 5094/5357/5357
f 5096/5359/5359 5065/5328/5328 5064/5327/5327 5095/5358/5358
f 5097/5360/5360 5066/5329/5329 5065/5328/5328 5096/5359/5359
f 5098/5361/5361 5067/5330/5330 5066/5329/5329 5097/5360/5360
f 5099/5362/5362 5068/5331/5331 5067/5330/5330 5098/5361/5361
f 5100/5363/5363 5069/5332/5332 5068/5331/5331 5099/5362/5362
f 5101/5364/5364 5070/5333/5333 5069/5332/5332 5100/5363/5363
f 5102/5365/5365 5071/5334/5334 5070/5333/5333 5101/5364/5364
f 5103/5366/5366 5072/5335/5335 5071/5334/5334 5102/5365/5365
f 5104/5367/5367 5073/5336/5336 5072/5335/5335 5103/5366/5366
f 5105/5368/5368 5074/5337/5337 5073/5336/5336 5104/5367/5367
f 5106/5369/5369 5075/5338/5338 5074/5337/5337 5105/5368/5368
f 5107/5370/5370 5076/5339/5339 5075/5338/5338 5106/5369/5369
f 5108/5371/5371 5077/5340/5340 5076/5339/5339 5107/5370/5370
f 5109/5372/5372 5078/5341/5341 5077/5340/5340 5108/5371/5371
f 5110/5373/5373 5079/5342/5342 5078/5341/5341 5109/5372/5372
f 5111/5374/5374 5080/5343/5343 5079/5342/5342 5110/5373/5373
f 5112/5375/5375 5081/5344/5344 5080/5343/5343 5111/5374/5374
f 5113/5376/5376 5082/5345/5345 1906/1907/1946 1938/1939/1978
f 5114/5377/5377 5083/5346/5346 5082/5345/5345 5113/5376/5376
f 5115/5378/5378 5084/5347/5347 5083/5346/5346 5114/5377/5377
f 5116/5379/5379 5085/5348/5348 5084/5347/5347 5115/5378/5378
f 5117/5380/5380 5086/5349/5349 5085/5348/5348 5116/5379/5379
f 5118/5381/5381 5087/5350/5350 5086/5349/5349 5117/5380/5380
f 5119/5382/5382 5088/5351/5351 5087/5350/5350 5118/5381/5381
f 5120/5383/5383 5089/5352/5352 5088/5351/5351 5119/5382/5382
f 5121/5384/5384 5090/5353/5353 5089/5352/5352 5120/5383/5383
f 5122/5385/5385 5091/5354/5354 5090/5353/5353 5121/5384/5384
f 5123/5386/5386 5092/5355/5355 5091/5354/5354 5122/5385/5385
f 5124/5387/5387 5093/5356/5356 5092/5355/5355 5123/5386/5386
f 5125/5388/5388 5094/5357/5357 5093/5356/5356 5124/5387/5387
f 5126/5389/5389 5095/5358/5358 5094/5357/5357 5125/5388/5388
f 5127/5390/5390 5096/5359/5359 5095/5358/5358 5126/5389/5389
f 5128/5391/5391 5097/5360/5360 5096/5359/5359 5127/5390/5390
f 5129/5392/5392 5098/5361/5361 5097/5360/5360 5128/5391/5391
f 5130/5393/5393 5099/5362/5362 5098/5361/5361 5129/5392/5392
f 5131/5394/5394 5100/5363/5363 5099/5362/5362 5130/5393/5393
f 5132/5395/5395 5101/5364/5364 5100/5363/5363 5131/5394/5394
f 5133/5396/5396 5102/5365/5365 5101/5364/5364 5132/5395/5395
f 5134/5397/5397 5103/5366/5366 5102/5365/5365 5133/5396/5396
f 5135/5398/5398 5104/5367/5367 5103/5366/5366 5134/5397/5397
f 5136/5399/5399 5105/5368/5368 5104/5367/5367 5135/5398/5398
f 5137/5400/5400 5106/5369/5369 5105/5368/5368 5136/5399/5399
f 5138/5401/5401 5107/5370/5370 5106/5369/5369 5137/5400/5400
f 5139/5402/5402 5108/5371/5371 5107/5370/5370 5138/5401/5401
f 5140/5403/5403 5109/5372/5372 5108/5371/5371 5139/5402/5402
f 5141/5404/5404 5110/5373/5373 5109/5372/5372 5140/5403/5403
f 5142/5405/5405 5111/5374/5374 5110/5373/5373 5141/5404/5404
f 5143/5406/5406 5112/5375/5375 5111/5374/5374 5142/5405/5405
f 5144/5407/5407 5113/5376/5376 1938/1939/1978 1970/1971/2010
f 5145/5408/5408 5114/5377/5377 5113/5376/5376 5144/5407/5407
f 5146/5409/5409 5115/5378/5378 5114/5377/5377 5145/5408/5408
f 5147/5410/5410 5116/5379/5379 5115/5378/5378 5146/5409/5409
f 5148/5411/5411 5117/5380/5380 5116/5379/5379 5147/5410/5410
f 5149/5412/5412 5118/5381/5381 5117/5380/5380 5148/5411/5411
f 5150/5413/5413 5119/5382/5382 5118/5381/5381 5149/5412/5412
f 5151/5414/5414 5120/5383/5383 5119/5382/5382 5150/5413/5413
f 5152/5415/5415 5121/5384/5384 5120/5383/5383 5151/5414/5414
f 5153/5416/5416 5122/5385/5385 5121/5384/5384 5152/5415/5415
f 5154/5417/5417 5123/5386/5386 5122/5385/5385 5153/5416/5416
f 5155/5418/5418 5124/5387/5387 5123/5386/5386 5154/5417/5417
f 5156/5419/5419 5125/5388/5388 5124/5387/5387 5155/5418/5418
f 5157/5420/5420 5126/5389/5389 5125/5388/5388 5156/5419/5419
f 5158/5421/5421 5127/5390/5390 5126/5389/5389 5157/5420/5420
f 5159/5422/5422 5128/5391/5391 5127/5390/5390 5158/5421/5421
f 5160/5423/5423 5129/5392/5392 5128/5391/5391 5159/5422/5422
f 5161/5424/5424 5130/5393/5393 5129/5392/5392 5160/5423/5423
f 5162/5425/5425 5131/5394/5394 5130/5393/5393 5161/5424/5424
f 5163/5426/5426 5132/5395/5395 5131/5394/5394 5162/5425/5425
f 5164/5427/5427 5133/5396/5396 5132/5395/5395 5163/5426/5426
f 5165/5428/5428 5134/5397/5397 5133/5396/5396 5164/5427/5427
f 5166/5429/5429 5135/5398/5398 5134/5397/5397 5165/5428/5428
f 5167/5430/5430 5136/5399/5399 5135/5398/5398 5166/5429/5429
f 5168/5431/5431 5137/5400/5400 5136/5399/5399 5167/5430/5430
f 5169/5432/5432 5138/5401/5401 5137/5400/5400 5168/5431/5431
f 5170/5433/5433 5139/5402/5402 5138/5401/5401 5169/5432/5432
f 5171/5434/5434 5140/5403/5403 5139/5402/5402 5170/5433/5433
f 5172/5435/5435 5141/5404/5404 5140/5403/5403 5171/5434/5434
f 5173/5436/5436 5142/5405/5405 5141/5404/5404 5172/5435/5435
f 5174/5437/5437 5143/5406/5406 5142/5405/5405 5173/5436/5436
f 5175/5438/5438 5144/5407/5407 1970/1971/2010 2002/2003/2042
f 5176/5439/5439 5145/5408/5408 5144/5407/5407 5175/5438/5438
f 5177/5440/5440 5146/5409/5409 5145/5408/5408 5176/5439/5439
f 5178/5441/5441 5147/5410/5410 5146/5409/5409 5177/5440/5440
f 5179/5442/5442 5148/5411/5411 5147/5410/5410 5178/5441/5441
f 5180/5443/5443 5149/5412/5412 5148/5411/5411 5179/5442/5442
f 5181/5444/5444 5150/5413/5413 5149/5412/5412 5180/5443/5443
f 5182/5445/5445 5151/5414/5414 5150/5413/5413 5181/5444/5444
f 5183/5446/5446 5152/5415/5415 5151/5414/5414 5182/5445/5445
f 5184/5447/5447 5153/5416/5416 5152/5415/5415 5183/5446/5446
f 5185/5448/5448 5154/5417/5417 5153/5416/5416 5184/5447/5447
f 5186/5449/5449 5155/5418/5418 5154/5417/5417 5185/5448/5448
f 5187/5450/5450 5156/5419/5419 5155/5418/5418 5186/5449/5449
f 5188/5451/5451 5157/5420/5420 5156/5419/5419 5187/5450/5450
f 5189/5452/5452 5158/5421/5421 5157/5420/5420 5188/5451/5451
f 5190/5453/5453 5159/5422/5422 5158/5421/5421 5189/5452/5452
f 5191/5454/5454 5160/5423/5423 5159/5422/5422 5190/5453/5453
f 5192/5455/5455 5161/5424/5424 5160/5423/5423 5191/5454/5454
f 5193/5456/5456 5162/5425/5425 5161/5424/5424 5192/5455/5455
f 5194/5457/5457 5163/5426/5426 5162/5425/5425 5193/5456/5456
f 5195/5458/5458 5164/5427/5427 5163/5426/5426 5194/5457/5457
f 5196/5459/5459 5165/5428/5428 5164/5427/5427 5195/5458/5458
f 5197/5460/5460 5166/5429/5429 5165/5428/5428 5196/5459/5459
f 5198/5461/5461 5167/5430/5430 5166/5429/5429 5197/5460/5460
f 5199/5462/5462 5168/5431/5431 5167/5430/5430 5198/5461/5461
f 5200/5463/5463 5169/5432/5432 5168/5431/5431 5199/5462/5462
f 5201/5464/5464 5170/5433/5433 5169/5432/5432 5200/5463/5463
f 5202/5465/5465 5171/5434/5434 5170/5433/5433 5201/5464/5464
f 5203/5466/5466 5172/5435/5435 5171/5434/5434 5202/5465/5465
f 5204/5467/5467 5173/5436/5436 5172/5435/5435 5203/5466/5466
f 5205/5468/5468 5174/5437/5437 5173/5436/5436 5204/5467/5467
f 5206/5469/5469 5175/5438/5438 2002/2003/2042 2034/2035/2074
f 5207/5470/5470 5176/5439/5439 5175/5438/5438 5206/5469/5469
f 5208/5471/5471 5177/5440/5440 5176/5439/5439 5207/5470/5470
f 5209/5472/5472 5178/5441/5441 5177/5440/5440 5208/5471/5471
f 5210/5473/5473 5179/5442/5442 5178/5441/5441 5209/5472/5472
f 5211/5474/5474 5180/5443/5443 5179/5442/5442 5210/5473/5473
f 5212/5475/5475 5181/5444/5444 5180/5443/5443 5211/5474/5474
f 5213/5476/5476 5182/5445/5445 5181/5444/5444 5212/5475/5475
f 5214/5477/5477 5183/5446/5446 5182/5445/5445 5213/5476/5476
f 5215/5478/5478 5184/5447/5447 5183/5446/5446 5214/5477/5477
f 5216/5479/5479 5185/5448/5448 5184/5447/5447 5215/5478/5478
f 5217/5480/5480 5186/5449/5449 5185/5448/5448 5216/5479/5479
f 5218/5481/5481 5187/5450/5450 5186/5449/5449 5217/5480/5480
f 5219/5482/5482 5188/5451/5451 5187/5450/5450 5218/5481/5481
f 5220/5483/5483 5189/5452/5452 5188/5451/5451 5219/5482/5482
f 5221/5484/5484 5190/5453/5453 5189/5452/5452 5220/5483/5483
f 5222/5485/5485 5191/5454/5454 5190/5453/5453 5221/5484/5484
f 5223/5486/5486 5192/5455/5455 5191/5454/5454 5222/5485/5485
f 5224/5487/5487 5193/5456/5456 5192/5455/5455 5223/5486/5486
f 5225/5488/5488 5194/5457/5457 5193/5456/5456 5224/5487/5487
f 5226/5489/5489 5195/5458/5458 5194/5457/5457 5225/5488/5488
f 5227/5490/5490 5196/5459/5459 5195/5458/5458 5226/5489/5489
f 5228/5491/5491 5197/5460/5460 5196/5459/5459 5227/5490/5490
f 5229/5492/5492 5198/5461/5461 5197/5460/5460 5228/5491/5491
f 5230/5493/5493 5199/5462/5462 5198/5461/5461 5229/5492/5492
f 5231/5494/5494 5200/5463/5463 5199/5462/5462 5230/5493/5493
f 5232/5495/5495 5201/5464/5464 5200/5463/5463 5231/5494/5494
f 5233/5496/5496 5202/5465/5465 5201/5464/5464 5232/5495/5495
f 5234/5497/5497 5203/5466/5466 5202/5465/5465 5233/5496/5496
f 5235/5498/5498 5204/5467/5467 5203/5466/5466 5234/5497/5497
f 5236/5499/5499 5205/5468/5468 5204/5467/5467 5235/5498/5498
f 5237/5500/5500 5206/5469/5469 2034/2035/2074 2066/2067/2106
f 5238/5501/5501 5207/5470/5470 5206/5469/5469 5237/5500/5500
f 5239/5502/5502 5208/5471/5471 5207/5470/5470 5238/5501/5501
f 5240/5503/5503 5209/5472/5472 5208/5471/5471 5239/5502/5502
f 5241/5504/5504 5210/5473/5473 5209/5472/5472 5240/5503/5503
f 5242/5505/5505 5211/5474/5474 5210/5473/5473 5241/5504/5504
f 5243/5506/5506 5212/5475/5475 5211/5474/5474 5242/5505/5505
f 5244/5507/5507 5213/5476/5476 5212/5475/5475 5243/5506/5506
f 5245/5508/5508 5214/5477/5477 5213/5476/5476 5244/5507/5507
f 5246/5509/5509 5215/5478/5478 5214/5477/5477 5245/5508/5508
f 5247/5510/5510 5216/5479/5479 5215/5478/5478 5246/5509/5509
f 5248/5511/5511 5217/5480/5480 5216/5479/5479 5247/5510/5510
f 5249/5512/5512 5218/5481/5481 5217/5480/5480 5248/5511/5511
f 5250/5513/5513 5219/5482/5482 5218/5481/5481 5249/5512/5512
f 5251/5514/5514 5220/5483/5483 5219/5482/5482 5250/5513/5513
f 5252/5515/5515 5221/5484/5484 5220/5483/5483 5251/5514/5514
f 5253/5516/5516 5222/5485/5485 5221/5484/5484 5252/5515/5515
f 5254/5517/5517 5223/5486/5486 5222/5485/5485 5253/5516/5516
f 5255/5518/5518 5224/5487/5487 5223/5486/5486 5254/5517/5517
f 5256/5519/5519 5225/5488/5488 5224/5487/5487 5255/5518/5518
f 5257/5520/5520 5226/5489/5489 5225/5488/5488 5256/5519/5519
f 5258/5521/5521 5227/5490/5490 5226/5489/5489 5257/5520/5520
f 5259/5522/5522 5228/5491/5491 5227/5490/5490 5258/5521/5521
f 5260/5523/5523 5229/5492/5492 5228/5491/5491 5259/5522/5522
f 5261/5524/5524 5230/5493/5493 5229/5492/5492 5260/5523/5523
f 5262/5525/5525 5231/5494/5494 5230/5493/5493 5261/5524/5524
f 5263/5526/5526 5232/5495/5495 5231/5494/5494 5262/5525/5525
f 5264/5527/5527 5233/5496/5496 5232/5495/5495 5263/5526/5526
f 5265/5528/5528 5234/5497/5497 5233/5496/5496 5264/5527/5527
f 5266/5529/5529 5235/5498/5498 5234/5497/5497 5265/5528/5528
f 5267/5530/5530 5236/5499/5499 5235/5498/5498 5266/5529/5529
f 5268/5531/5531 5237/5500/5500 2066/2067/2106 2098/2099/2138
f 5269/5532/5532 5238/5501/5501 5237/5500/5500 5268/5531/5531
f 5270/5533/5533 5239/5502/5502 5238/5501/5501 5269/5532/5532
f 5271/5534/5534 5240/5503/5503 5239/5502/5502 5270/5533/5533
f 5272/5535/5535 5241/5504/5504 5240/5503/5503 5271/5534/5534
f 5273/5536/5536 5242/5505/5505 5241/5504/5504 5272/5535/5535
f 5274/5537/5537 5243/5506/5506 5242/5505/5505 5273/5536/5536
f 5275/5538/5538 5244/5507/5507 5243/5506/5506 5274/5537/5537
f 5276/5539/5539 5245/5508/5508 5244/5507/5507 5275/5538/5538
f 5277/5540/5540 5246/5509/5509 5245/5508/5508 5276/5539/5539
f 5278/5541/5541 5247/5510/5510 5246/5509/5509 5277/5540/5540
f 5279/5542/5542 5248/5511/5511 5247/5510/5510 5278/5541/5541
f 5280/5543/5543 5249/5512/5512 5248/5511/5511 5279/5542/5542
f 5281/5544/5544 5250/5513/5513 5249/5512/5512 5280/5543/5543
f 5282/5545/5545 5251/5514/5514 5250/5513/5513 5281/5544/5544
f 5283/5546/5546 5252/5515/5515 5251/5514/5514 5282/5545/5545
f 5284/5547/5547 5253/5516/5516 5252/5515/5515 5283/5546/5546
f 5285/5548/5548 5254/5517/5517 5253/5516/5516 5284/5547/5547
f 5286/5549/5549 5255/5518/5518 5254/5517/5517 5285/5548/5548
f 5287/5550/5550 5256/5519/5519 5255/5518/5518 5286/5549/5549
f 5288/5551/5551 5257/5520/5520 5256/5519/5519 5287/5550/5550
f 5289/5552/5552 5258/5521/5521 5257/5520/5520 5288/5551/5551
f 5290/5553/5553 5259/5522/5522 5258/5521/5521 5289/5552/5552
f 5291/5554/5554 5260/5523/5523 5259/5522/5522 5290/5553/5553
f 5292/5555/5555 5261/5524/5524 5260/5523/5523 5291/5554/5554
f 5293/5556/5556 5262/5525/5525 5261/5524/5524 5292/5555/5555
f 5294/5557/5557 5263/5526/5526 5262/5525/5525 5293/5556/5556
f 5295/5558/5558 5264/5527/5527 5263/5526/5526 5294/5557/5557
f 5296/5559/5559 5265/5528/5528 5264/5527/5527 5295/5558/5558
f 5297/5560/5560 5266/5529/5529 5265/5528/5528 5296/5559/5559
f 5298/5561/5561 5267/5530/5530 5266/5529/5529 5297/5560/5560
f 5299/5562/5562 5268/5531/5531 2098/2099/2138 2130/2131/2170
f 5300/5563/5563 5269/5532/5532 5268/5531/5531 5299/5562/5562
f 5301/5564/5564 5270/5533/5533 5269/5532/5532 5300/5563/5563
f 5302/5565/5565 5271/5534/5534 5270/5533/5533 5301/5564/5564
f 5303/5566/5566 5272/5535/5535 5271/5534/5534 5302/5565/5565
f 5304/5567/5567 5273/5536/5536 5272/5535/5535 5303/5566/5566
f 5305/5568/5568 5274/5537/5537 5273/5536/5536 5304/5567/5567
f 5306/5569/5569 5275/5538/5538 5274/5537/5537 5305/5568/5568
f 5307/5570/5570 5276/5539/5539 5275/5538/5538 5306/5569/5569
f 5308/5571/5571 5277/5540/5540 5276/5539/5539 5307/5570/5570
f 5309/5572/5572 5278/5541/5541 5277/5540/5540 5308/5571/5571
f 5310/5573/5573 5279/5542/5542 5278/5541/5541 5309/5572/5572
f 5311/5574/5574 5280/5543/5543 5279/5542/5542 5310/5573/5573
f 5312/5575/5575 5281/5544/5544 5280/5543/5543 5311/5574/5574
f 5313/5576/5576 5282/5545/5545 5281/5544/5544 5312/5575/5575
f 5314/5577/5577 5283/5546/5546 5282/5545/5545 5313/5576/5576
f 5315/5578/5578 5284/5547/5547 5283/5546/5546 5314/5577/5577
f 5316/5579/5579 5285/5548/5548 5284/5547/5547 5315/5578/5578
f 5317/5580/5580 5286/5549/5549 5285/5548/5548 5316/5579/5579
f 5318/5581/5581 5287/5550/5550 5286/5549/5549 5317/5580/5580
f 5319/5582/5582 5288/5551/5551 5287/5550/5550 5318/5581/5581
f 5320/5583/5583 5289/5552/5552 5288/5551/5551 5319/5582/5582
f 5321/5584/5584 5290/5553/5553 5289/5552/5552 5320/5583/5583
f 5322/5585/5585 5291/5554/5554 5290/5553/5553 5321/5584/5584
f 5323/5586/5586 5292/5555/5555 5291/5554/5554 5322/5585/5585
f 5324/5587/5587 5293/5556/5556 5292/5555/5555 5323/5586/5586
f 5325/5588/5588 5294/5557/5557 5293/5556/5556 5324/5587/5587
f 5326/5589/5589 5295/5558/5558 5294/5557/5557 5325/5588/5588
f 5327/5590/5590 5296/5559/5559 5295/5558/5558 5326/5589/5589
f 5328/5591/5591 5297/5560/5560 5296/5559/5559 5327/5590/5590
f 5329/5592/5592 5298/5561/5561 5297/5560/5560 5328/5591/5591
f 5330/5593/5593 5299/5562/5562 2130/2131/2170 2162/2163/2202
f 5331/5594/5594 5300/5563/5563 5299/5562/5562 5330/5593/5593
f 5332/5595/5595 5301/5564/5564 5300/5563/5563 5331/5594/5594
f 5333/5596/5596 5302/5565/5565 5301/5564/5564 5332/5595/5595
f 5334/5597/5597 5303/5566/5566 5302/5565/5565 5333/5596/5596
f 5335/5598/5598 5304/5567/5567 5303/5566/5566 5334/5597/5597
f 5336/5599/5599 5305/5568/5568 5304/5567/5567 5335/5598/5598
f 5337/5600/5600 5306/5569/5569 5305/5568/5568 5336/5599/5599
f 5338/5601/5601 5307/5570/5570 5306/5569/5569 5337/5600/5600
f 5339/5602/5602 5308/5571/5571 5307/5570/5570 5338/5601/5601
f 5340/5603/5603 5309/5572/5572 5308/5571/5571 5339/5602/5602
f 5341/5604/5604 5310/5573/5573 5309/5572/5572 5340/5603/5603
f 5342/5605/5605 5311/5574/5574 5310/5573/5573 5341/5604/5604
f 5343/5606/5606 5312/5575/5575 5311/5574/5574 5342/5605/5605
f 5344/5607/5607 5313/5576/5576 5312/5575/5575 5343/5606/5606
f 5345/5608/5608 5314/5577/5577 5313/5576/5576 5344/5607/5607
f 5346/5609/5609 5315/5578/5578 5314/5577/5577 5345/5608/5608
f 5347/5610/5610 5316/5579/5579 5315/5578/5578 5346/5609/5609
f 5348/5611/5611 5317/5580/5580 5316/5579/5579 5347/5610/5610
f 5349/5612/5612 5318/5581/5581 5317/5580/5580 5348/5611/5611
f 5350/5613/5613 5319/5582/5582 5318/5581/5581 5349/5612/5612
f 5351/5614/5614 5320/5583/5583 5319/5582/5582 5350/5613/5613
f 5352/5615/5615 5321/5584/5584 5320/5583/5583 5351/5614/5614
f 5353/5616/5616 5322/5585/5585 5321/5584/5584 5352/5615/5615
f 5354/5617/5617 5323/5586/5586 5322/5585/5585 5353/5616/5616
f 5355/5618/5618 5324/5587/5587 5323/5586/5586 5354/5617/5617
f 5356/5619/5619 5325/5588/5588 5324/5587/5587 5355/5618/5618
f 5357/5620/5620 5326/5589/5589 5325/5588/5588 5356/5619/5619
f 5358/5621/5621 5327/5590/5590 5326/5589/5589 5357/5620/5620
f 5359/5622/5622 5328/5591/5591 5327/5590/5590 5358/5621/5621
f 5360/5623/5623 5329/5592/5592 5328/5591/5591 5359/5622/5622
f 5361/5624/5624 5330/5593/5593 2162/2163/2202 2194/2195/2234
f 5362/5625/5625 5331/5594/5594 5330/5593/5593 5361/5624/5624
f 5363/5626/5626 5332/5595/5595 5331/5594/5594 5362/5625/5625
f 5364/5627/5627 5333/5596/5596 5332/5595/5595 5363/5626/5626
f 5365/5628/5628 5334/5597/5597 5333/5596/5596 5364/5627/5627
f 5366/5629/5629 5335/5598/5598 5334/5597/5597 5365/5628/5628
f 5367/5630/5630 5336/5599/5599 5335/5598/5598 5366/5629/5629
f 5368/5631/5631 5337/5600/5600 5336/5599/5599 5367/5630/5630
f 5369/5632/5632 5338/5601/5601 5337/5600/5600 5368/5631/5631
f 5370/5633/5633 5339/5602/5602 5338/5601/5601 5369/5632/5632
f 5371/5634/5634 5340/5603/5603 5339/5602/5602 5370/5633/5633
f 5372/5635/5635 5341/5604/5604 5340/5603/5603 5371/5634/5634
f 5373/5636/5636 5342/5605/5605 5341/5604/5604 5372/5635/5635
f 5374/5637/5637 5343/5606/5606 5342/5605/5605 5373/5636/5636
f 5375/5638/5638 5344/5607/5607 5343/5606/5606 5374/5637/5637
f 5376/5639/5639 5345/5608/5608 5344/5607/5607 5375/5638/5638
f 5377/5640/5640 5346/5609/5609 5345/5608/5608 5376/5639/5639
f 5378/5641/5641 5347/5610/5610 5346/5609/5609 5377/5640/5640
f 5379/5642/5642 5348/5611/5611 5347/5610/5610 5378/5641/5641
f 5380/5643/5643 5349/5612/5612 5348/5611/5611 5379/5642/5642
f 5381/5644/5644 5350/5613/5613 5349/5612/5612 5380/5643/5643
f 5382/5645/5645 5351/5614/5614 5350/5613/5613 5381/5644/5644
f 5383/5646/5646 5352/5615/5615 5351/5614/5614 5382/5645/5645
f 5384/5647/5647 5353/5616/5616 5352/5615/5615 5383/5646/5646
f 5385/5648/5648 5354/5617/5617 5353/5616/5616 5384/5647/5647
f 5386/5649/5649 5355/5618/5618 5354/5617/5617 5385/5648/5648
f 5387/5650/5650 5356/5619/5619 5355/5618/5618 5386/5649/5649
f 5388/5651/5651 5357/5620/5620 5356/5619/5619 5387/5650/5650
f 5389/5652/5652 5358/5621/5621 5357/5620/5620 5388/5651/5651
f 5390/5653/5653 5359/5622/5622 5358/5621/5621 5389/5652/5652
f 5391/5654/5654 5360/5623/5623 5359/5622/5622 5390/5653/5653
f 5392/5655/5655 5361/5624/5624 2194/2195/2234 2226/2227/2266
f 5393/5656/5656 5362/5625/5625 5361/5624/5624 5392/5655/5655
f 5394/5657/5657 5363/5626/5626 5362/5625/5625 5393/5656/5656
f 5395/5658/5658 5364/5627/5627 5363/5626/5626 5394/5657/5657
f 5396/5659/5659 5365/5628/5628 5364/5627/5627 5395/5658/5658
f 5397/5660/5660 5366/5629/5629 5365/5628/5628 5396/5659/5659
f 5398/5661/5661 5367/5630/5630 5366/5629/5629 5397/5660/5660
f 5399/5662/5662 5368/5631/5631 5367/5630/5630 5398/5661/5661
f 5400/5663/5663 5369/5632/5632 5368/5631/5631 5399/5662/5662
f 5401/5664/5664 5370/5633/5633 5369/5632/5632 5400/5663/5663
f 5402/5665/5665 5371/5634/5634 5370/5633/5633 5401/5664/5664
f 5403/5666/5666 5372/5635/5635 5371/5634/5634 5402/5665/5665
f 5404/5667/5667 5373/5636/5636 5372/5635/5635 5403/5666/5666
f 5405/5668/5668 5374/5637/5637 5373/5636/5636 5404/5667/5667
f 5406/5669/5669 5375/5638/5638 5374/5637/5637 5405/5668/5668
f 5407/5670/5670 5376/5639/5639 5375/5638/5638 5406/5669/5669
f 5408/5671/5671 5377/5640/5640 5376/5639/5639 5407/5670/5670
f 5409/5672/5672 5378/5641/5641 5377/5640/5640 5408/5671/5671
f 5410/5673/5673 5379/5642/5642 5378/5641/5641 5409/5672/5672
f 5411/5674/5674 5380/5643/5643 5379/5642/5642 5410/5673/5673
f 5412/5675/5675 5381/5644/5644 5380/5643/5643 5411/5674/5674
f 5413/5676/5676 5382/5645/5645 5381/5644/5644 5412/5675/5675
f 5414/5677/5677 5383/5646/5646 5382/5645/5645 5413/5676/5676
f 5415/5678/5678 5384/5647/5647 5383/5646/5646 5414/5677/5677
f 5416/5679/5679 5385/5648/5648 5384/5647/5647 5415/5678/5678
f 5417/5680/5680 5386/5649/5649 5385/5648/5648 5416/5679/5679
f 5418/5681/5681 5387/5650/5650 5386/5649/5649 5417/5680/5680
f 5419/5682/5682 5388/5651/5651 5387/5650/5650 5418/5681/5681
f 5420/5683/5683 5389/5652/5652 5388/5651/5651 5419/5682/5682
f 5421/5684/5684 5390/5653/5653 5389/5652/5652 5420/5683/5683
f 5422/5685/5685 5391/5654/5654 5390/5653/5653 5421/5684/5684
f 5423/5686/5686 5392/5655/5655 2226/2227/2266 2258/2259/2298
f 5424/5687/5687 5393/5656/5656 5392/5655/5655 5423/5686/5686
f 5425/5688/5688 5394/5657/5657 5393/5656/5656 5424/5687/5687
f 5426/5689/5689 5395/5658/5658 5394/5657/5657 5425/5688/5688
f 5427/5690/5690 5396/5659/5659 5395/5658/5658 5426/5689/5689
f 5428/5691/5691 5397/5660/5660 5396/5659/5659 5427/5690/5690
f 5429/5692/5692 5398/5661/5661 5397/5660/5660 5428/5691/5691
f 5430/5693/5693 5399/5662/5662 5398/5661/5661 5429/5692/5692
f 5431/5694/5694 5400/5663/5663 5399/5662/5662 5430/5693/5693
f 5432/5695/5695 5401/5664/5664 5400/5663/5663 5431/5694/5694
f 5433/5696/5696 5402/5665/5665 5401/5664/5664 5432/5695/5695
f 5434/5697/5697 5403/5666/5666 5402/5665/5665 5433/5696/5696
f 5435/5698/5698 5404/5667/5667 5403/5666/5666 5434/5697/5697
f 5436/5699/5699 5405/5668/5668 5404/5667/5667 5435/5698/5698
f 5437/5700/5700 5406/5669/5669 5405/5668/5668 5436/5699/5699
f 5438/5701/5701 5407/5670/5670 5406/5669/5669 5437/5700/5700
f 5439/5702/5702 5408/5671/5671 5407/5670/5670 5438/5701/5701
f 5440/5703/5703 5409/5672/5672 5408/5671/5671 5439/5702/5702
f 5441/5704/5704 5410/5673/5673 5409/5672/5672 5440/5703/5703
f 5442/5705/5705 5411/5674/5674 5410/5673/5673 5441/5704/5704
f 5443/5706/5706 5412/5675/5675 5411/5674/5674 5442/5705/5705
f 5444/5707/5707 5413/5676/5676 5412/5675/5675 5443/5706/5706
f 5445/5708/5708 5414/5677/5677 5413/5676/5676 5444/5707/5707
f 5446/5709/5709 5415/5678/5678 5414/5677/5677 5445/5708/5708
f 5447/5710/5710 5416/5679/5679 5415/5678/5678 5446/5709/5709
f 5448/5711/5711 5417/5680/5680 5416/5679/5679 5447/5710/5710
f 5449/5712/5712 5418/5681/5681 5417/5680/5680 5448/5711/5711
f 5450/5713/5713 5419/5682/5682 5418/5681/5681 5449/5712/5712
f 5451/5714/5714 5420/5683/5683 5419/5682/5682 5450/5713/5713
f 5452/5715/5715 5421/5684/5684 5420/5683/5683 5451/5714/5714
f 5453/5716/5716 5422/5685/5685 5421/5684/5684 5452/5715/5715
f 5454/5717/5717 5423/5686/5686 2258/2259/2298 2290/2291/2330
f 5455/5718/5718 5424/5687/5687 5423/5686/5686 5454/5717/5717
f 5456/5719/5719 5425/5688/5688 5424/5687/5687 5455/5718/5718
f 5457/5720/5720 5426/5689/5689 5425/5688/5688 5456/5719/5719
f 5458/5721/5721 5427/5690/5690 5426/5689/5689 5457/5720/5720
f 5459/5722/5722 5428/5691/5691 5427/5690/5690 5458/5721/5721
f 5460/5723/5723 5429/5692/5692 5428/5691/5691 5459/5722/5722
f 5461/5724/5724 5430/5693/5693 5429/5692/5692 5460/5723/5723
f 5462/5725/5725 5431/5694/5694 5430/5693/5693 5461/5724/5724
f 5463/5726/5726 5432/5695/5695 5431/5694/5694 5462/5725/5725
f 5464/5727/5727 5433/5696/5696 5432/5695/5695 5463/5726/5726
f 5465/5728/5728 5434/5697/5697 5433/5696/5696 5464/5727/5727
f 5466/5729/5729 5435/5698/5698 5434/5697/5697 5465/5728/5728
f 5467/5730/5730 5436/5699/5699 5435/5698/5698 5466/5729/5729
f 5468/5731/5731 5437/5700/5700 5436/5699/5699 5467/5730/5730
f 5469/5732/5732 5438/5701/5701 5437/5700/5700 5468/5731/5731
f 5470/5733/5733 5439/5702/5702 5438/5701/5701 5469/5732/5732
f 5471/5734/5734 5440/5703/5703 5439/5702/5702 5470/5733/5733
f 5472/5735/5735 5441/5704/5704 5440/5703/5703 5471/5734/5734
f 5473/5736/5736 5442/5705/5705 5441/5704/5704 5472/5735/5735
f 5474/5737/5737 5443/5706/5706 5442/5705/5705 5473/5736/5736
f 5475/5738/5738 5444/5707/5707 5443/5706/5706 5474/5737/5737
f 5476/5739/5739 5445/5708/5708 5444/5707/5707 5475/5738/5738
f 5477/5740/5740 5446/5709/5709 5445/5708/5708 5476/5739/5739
f 5478/5741/5741 5447/5710/5710 5446/5709/5709 5477/5740/5740
f 5479/5742/5742 5448/5711/5711 5447/5710/5710 5478/5741/5741
f 5480/5743/5743 5449/5712/5712 5448/5711/5711 5479/5742/5742
f 5481/5744/5744 5450/5713/5713 5449/5712/5712 5480/5743/5743
f 5482/5745/5745 5451/5714/5714 5450/5713/5713 5481/5744/5744
f 5483/5746/5746 5452/5715/5715 5451/5714/5714 5482/5745/5745
f 5484/5747/5747 5453/5716/5716 5452/5715/5715 5483/5746/5746
f 5485/5748/5748 5454/5717/5717 2290/2291/2330 2322/2323/2362
f 5486/5749/5749 5455/5718/5718 5454/5717/5717 5485/5748/5748
f 5487/5750/5750 5456/5719/5719 5455/5718/5718 5486/5749/5749
f 5488/5751/5751 5457/5720/5720 5456/5719/5719 5487/5750/5750
f 5489/5752/5752 5458/5721/5721 5457/5720/5720 5488/5751/5751
f 5490/5753/5753 5459/5722/5722 5458/5721/5721 5489/5752/5752
f 5491/5754/5754 5460/5723/5723 5459/5722/5722 5490/5753/5753
f 5492/5755/5755 5461/5724/5724 5460/5723/5723 5491/5754/5754
f 5493/5756/5756 5462/5725/5725 5461/5724/5724 5492/5755/5755
f 5494/5757/5757 5463/5726/5726 5462/5725/5725 5493/5756/5756
f 5495/5758/5758 5464/5727/5727 5463/5726/5726 5494/5757/5757
f 5496/5759/5759 5465/5728/5728 5464/5727/5727 5495/5758/5758
f 5497/5760/5760 5466/5729/5729 5465/5728/5728 5496/5759/5759
f 5498/5761/5761 5467/5730/5730 5466/5729/5729 5497/5760/5760
f 5499/5762/5762 5468/5731/5731 5467/5730/5730 5498/5761/5761
f 5500/5763/5763 5469/5732/5732 5468/5731/5731 5499/5762/5762
f 5501/5764/5764 5470/5733/5733 5469/5732/5732 5500/5763/5763
f 5502/5765/5765 5471/5734/5734 5470/5733/5733 5501/5764/5764
f 5503/5766/5766 5472/5735/5735 5471/5734/5734 5502/5765/5765
f 5504/5767/5767 5473/5736/5736 5472/5735/5735 5503/5766/5766
f 5505/5768/5768 5474/5737/5737 5473/5736/5736 5504/5767/5767
f 5506/5769/5769 5475/5738/5738 5474/5737/5737 5505/5768/5768
f 5507/5770/5770 5476/5739/5739 5475/5738/5738 5506/5769/5769
f 5508/5771/5771 5477/5740/5740 5476/5739/5739 5507/5770/5770
f 5509/5772/5772 5478/5741/5741 5477/5740/5740 5508/5771/5771
f 5510/5773/5773 5479/5742/5742 5478/5741/5741 5509/5772/5772
f 5511/5774/5774 5480/5743/5743 5479/5742/5742 5510/5773/5773
f 5512/5775/5775 5481/5744/5744 5480/5743/5743 5511/5774/5774
f 5513/5776/5776 5482/5745/5745 5481/5744/5744 5512/5775/5775
f 5514/5777/5777 5483/5746/5746 5482/5745/5745 5513/5776/5776
f 5515/5778/5778 5484/5747/5747 5483/5746/5746 5514/5777/5777
f 5516/5779/5779 5485/5748/5748 2322/2323/2362 2354/2355/2394
f 5517/5780/5780 5486/5749/5749 5485/5748/5748 5516/5779/5779
f 5518/5781/5781 5487/5750/5750 5486/5749/5749 5517/5780/5780
f 5519/5782/5782 5488/5751/5751 5487/5750/5750 5518/5781/5781
f 5520/5783/5783 5489/5752/5752 5488/5751/5751 5519/5782/5782
f 5521/5784/5784 5490/5753/5753 5489/5752/5752 5520/5783/5783
f 5522/5785/5785 5491/5754/5754 5490/5753/5753 5521/5784/5784
f 5523/5786/5786 5492/5755/5755 5491/5754/5754 5522/5785/5785
f 5524/5787/5787 5493/5756/5756 5492/5755/5755 5523/5786/5786
f 5525/5788/5788 5494/5757/5757 5493/5756/5756 5524/5787/5787
f 5526/5789/5789 5495/5758/5758 5494/5757/5757 5525/5788/5788
f 5527/5790/5790 5496/5759/5759 5495/5758/5758 5526/5789/5789
f 5528/5791/5791 5497/5760/5760 5496/5759/5759 5527/5790/5790
f 5529/5792/5792 5498/5761/5761 5497/5760/5760 5528/5791/5791
f 5530/5793/5793 5499/5762/5762 5498/5761/5761 5529/5792/5792
f 5531/5794/5794 5500/5763/5763 5499/5762/5762 5530/5793/5793
f 5532/5795/5795 5501/5764/5764 5500/5763/5763 5531/5794/5794
f 5533/5796/5796 5502/5765/5765 5501/5764/5764 5532/5795/5795
f 5534/5797/5797 5503/5766/5766 5502/5765/5765 5533/5796/5796
f 5535/5798/5798 5504/5767/5767 5503/5766/5766 5534/5797/5797
f 5536/5799/5799 5505/5768/5768 5504/5767/5767 5535/5798/5798
f 5537/5800/5800 5506/5769/5769 5505/5768/5768 5536/5799/5799
f 5538/5801/5801 5507/5770/5770 5506/5769/5769 5537/5800/5800
f 5539/5802/5802 5508/5771/5771 5507/5770/5770 5538/5801/5801
f 5540/5803/5803 5509/5772/5772 5508/5771/5771 5539/5802/5802
f 5541/5804/5804 5510/5773/5773 5509/5772/5772 5540/5803/5803
f 5542/5805/5805 5511/5774/5774 5510/5773/5773 5541/5804/5804
f 5543/5806/5806 5512/5775/5775 5511/5774/5774 5542/5805/5805
f 5544/5807/5807 5513/5776/5776 5512/5775/5775 5543/5806/5806
f 5545/5808/5808 5514/5777/5777 5513/5776/5776 5544/5807/5807
f 5546/5809/5809 5515/5778/5778 5514/5777/5777 5545/5808/5808
f 5547/5810/5810 5516/5779/5779 2354/2355/2394 2386/2387/2426
f 5548/5811/5811 5517/5780/5780 5516/5779/5779 5547/5810/5810
f 5549/5812/5812 5518/5781/5781 5517/5780/5780 5548/5811/5811
f 5550/5813/5813 5519/5782/5782 5518/5781/5781 5549/5812/5812
f 5551/5814/5814 5520/5783/5783 5519/5782/5782 5550/5813/5813
f 5552/5815/5815 5521/5784/5784 5520/5783/5783 5551/5814/5814
f 5553/5816/5816 5522/5785/5785 5521/5784/5784 5552/5815/5815
f 5554/5817/5817 5523/5786/5786 5522/5785/5785 5553/5816/5816
f 5555/5818/5818 5524/5787/5787 5523/5786/5786 5554/5817/5817
f 5556/5819/5819 5525/5788/5788 5524/5787/5787 5555/5818/5818
f 5557/5820/5820 5526/5789/5789 5525/5788/5788 5556/5819/5819
f 5558/5821/5821 5527/5790/5790 5526/5789/5789 5557/5820/5820
f 5559/5822/5822 5528/5791/5791 5527/5790/5790 5558/5821/5821
f 5560/5823/5823 5529/5792/5792 5528/5791/5791 5559/5822/5822
f 5561/5824/5824 5530/5793/5793 5529/5792/5792 5560/5823/5823
f 5562/5825/5825 5531/5794/5794 5530/5793/5793 5561/5824/5824
f 5563/5826/5826 5532/5795/5795 5531/5794/5794 5562/5825/5825
f 5564/5827/5827 5533/5796/5796 5532/5795/5795 5563/5826/5826
f 5565/5828/5828 5534/5797/5797 5533/5796/5796 5564/5827/5827
f 5566/5829/5829 5535/5798/5798 5534/5797/5797 5565/5828/5828
f 5567/5830/5830 5536/5799/5799 5535/5798/5798 5566/5829/5829
f 5568/5831/5831 5537/5800/5800 5536/5799/5799 5567/5830/5830
f 5569/5832/5832 5538/5801/5801 5537/5800/5800 5568/5831/5831
f 5570/5833/5833 5539/5802/5802 5538/5801/5801 5569/5832/5832
f 5571/5834/5834 5540/5803/5803 5539/5802/5802 5570/5833/5833
f 5572/5835/5835 5541/5804/5804 5540/5803/5803 5571/5834/5834
f 5573/5836/5836 5542/5805/5805 5541/5804/5804 5572/5835/5835
f 5574/5837/5837 5543/5806/5806 5542/5805/5805 5573/5836/5836
f 5575/5838/5838 5544/5807/5807 5543/5806/5806 5574/5837/5837
f 5576/5839/5839 5545/5808/5808 5544/5807/5807 5575/5838/5838
f 5577/5840/5840 5546/5809/5809 5545/5808/5808 5576/5839/5839
f 5578/5841/5841 5547/5810/5810 2386/2387/2426 2418/2419/2458
f 5579/5842/5842 5548/5811/5811 5547/5810/5810 5578/5841/5841
f 5580/5843/5843 5549/5812/5812 5548/5811/5811 5579/5842/5842
f 5581/5844/5844 5550/5813/5813 5549/5812/5812 5580/5843/5843
f 5582/5845/5845 5551/5814/5814 5550/5813/5813 5581/5844/5844
f 5583/5846/5846 5552/5815/5815 5551/5814/5814 5582/5845/5845
f 5584/5847/5847 5553/5816/5816 5552/5815/5815 5583/5846/5846
f 5585/5848/5848 5554/5817/5817 5553/5816/5816 5584/5847/5847
f 5586/5849/5849 5555/5818/5818 5554/5817/5817 5585/5848/5848
f 5587/5850/5850 5556/5819/5819 5555/5818/5818 5586/5849/5849
f 5588/5851/5851 5557/5820/5820 5556/5819/5819 5587/5850/5850
f 5589/5852/5852 5558/5821/5821 5557/5820/5820 5588/5851/5851
f 5590/5853/5853 5559/5822/5822 5558/5821/5821 5589/5852/5852
f 5591/5854/5854 5560/5823/5823 5559/5822/5822 5590/5853/5853
f 5592/5855/5855 5561/5824/5824 5560/5823/5823 5591/5854/5854
f 5593/5856/5856 5562/5825/5825 5561/5824/5824 5592/5855/5855
f 5594/5857/5857 5563/5826/5826 5562/5825/5825 5593/5856/5856
f 5595/5858/5858 5564/5827/5827 5563/5826/5826 5594/5857/5857
f 5596/5859/5859 5565/5828/5828 5564/5827/5827 5595/5858/5858
f 5597/5860/5860 5566/5829/5829 5565/5828/5828 5596/5859/5859
f 5598/5861/5861 5567/5830/5830 5566/5829/5829 5597/5860/5860
f 5599/5862/5862 5568/5831/5831 5567/5830/5830 5598/5861/5861
f 5600/5863/5863 5569/5832/5832 5568/5831/5831 5599/5862/5862
f 5601/5864/5864 5570/5833/5833 5569/5832/5832 5600/5863/5863
f 5602/5865/5865 5571/5834/5834 5570/5833/5833 5601/5864/5864
f 5603/5866/5866 5572/5835/5835 5571/5834/5834 5602/5865/5865
f 5604/5867/5867 5573/5836/5836 5572/5835/5835 5603/5866/5866
f 5605/5868/5868 5574/5837/5837 5573/5836/5836 5604/5867/5867
f 5606/5869/5869 5575/5838/5838 5574/5837/5837 5605/5868/5868
f 5607/5870/5870 5576/5839/5839 5575/5838/5838 5606/5869/5869
f 5608/5871/5871 5577/5840/5840 5576/5839/5839 5607/5870/5870
f 5609/5872/5872 5578/5841/5841 2418/2419/2458 2450/2451/2490
f 5610/5873/5873 5579/5842/5842 5578/5841/5841 5609/5872/5872
f 5611/5874/5874 5580/5843/5843 5579/5842/5842 5610/5873/5873
f 5612/5875/5875 5581/5844/5844 5580/5843/5843 5611/5874/5874
f 5613/5876/5876 5582/5845/5845 5581/5844/5844 5612/5875/5875
f 5614/5877/5877 5583/5846/5846 5582/5845/5845 5613/5876/5876
f 5615/5878/5878 5584/5847/5847 5583/5846/5846 5614/5877/5877
f 5616/5879/5879 5585/5848/5848 5584/5847/5847 5615/5878/5878
f 5617/5880/5880 5586/5849/5849 5585/5848/5848 5616/5879/5879
f 5618/5881/5881 5587/5850/5850 5586/5849/5849 5617/5880/5880
f 5619/5882/5882 5588/5851/5851 5587/5850/5850 5618/5881/5881
f 5620/5883/5883 5589/5852/5852 5588/5851/5851 5619/5882/5882
f 5621/5884/5884 5590/5853/5853 5589/5852/5852 5620/5883/5883
f 5622/5885/5885 5591/5854/5854 5590/5853/5853 5621/5884/5884
f 5623/5886/5886 5592/5855/5855 5591/5854/5854 5622/5885/5885
f 5624/5887/5887 5593/5856/5856 5592/5855/5855 5623/5886/5886
f 5625/5888/5888 5594/5857/5857 5593/5856/5856 5624/5887/5887
f 5626/5889/5889 5595/5858/5858 5594/5857/5857 5625/5888/5888
f 5627/5890/5890 5596/5859/5859 5595/5858/5858 5626/5889/5889
f 5628/5891/5891 5597/5860/5860 5596/5859/5859 5627/5890/5890
f 5629/5892/5892 5598/5861/5861 5597/5860/5860 5628/5891/5891
f 5630/5893/5893 5599/5862/5862 5598/5861/5861 5629/5892/5892
f 5631/5894/5894 5600/5863/5863 5599/5862/5862 5630/5893/5893
f 5632/5895/5895 5601/5864/5864 5600/5863/5863 5631/5894/5894
f 5633/5896/5896 5602/5865/5865 5601/5864/5864 5632/5895/5895
f 5634/5897/5897 5603/5866/5866 5602/5865/5865 5633/5896/5896
f 5635/5898/5898 5604/5867/5867 5603/5866/5866 5634/5897/5897
f 5636/5899/5899 5605/5868/5868 5604/5867/5867 5635/5898/5898
f 5637/5900/5900 5606/5869/5869 5605/5868/5868 5636/5899/5899
f 5638/5901/5901 5607/5870/5870 5606/5869/5869 5637/5900/5900
f 5639/5902/5902 5608/5871/5871 5607/5870/5870 5638/5901/5901
f 5640/5903/5903 5609/5872/5872 2450/2451/2490 2482/2483/2522
f 5641/5904/5904 5610/5873/5873 5609/5872/5872 5640/5903/5903
f 5642/5905/5905 5611/5874/5874 5610/5873/5873 5641/5904/5904
f 5643/5906/5906 5612/5875/5875 5611/5874/5874 5642/5905/5905
f 5644/5907/5907 5613/5876/5876 5612/5875/5875 5643/5906/5906
f 5645/5908/5908 5614/5877/5877 5613/5876/5876 5644/5907/5907
f 5646/5909/5909 5615/5878/5878 5614/5877/5877 5645/5908/5908
f 5647/5910/5910 5616/5879/5879 5615/5878/5878 5646/5909/5909
f 5648/5911/5911 5617/5880/5880 5616/5879/5879 5647/5910/5910
f 5649/5912/5912 5618/5881/5881 5617/5880/5880 5648/5911/5911
f 5650/5913/5913 5619/5882/5882 5618/5881/5881 5649/5912/5912
f 5651/5914/5914 5620/5883/5883 5619/5882/5882 5650/5913/5913
f 5652/5915/5915 5621/5884/5884 5620/5883/5883 5651/5914/5914
f 5653/5916/5916 5622/5885/5885 5621/5884/5884 5652/5915/5915
f 5654/5917/5917 5623/5886/5886 5622/5885/5885 5653/5916/5916
f 5655/5918/5918 5624/5887/5887 5623/5886/5886 5654/5917/5917
f 5656/5919/5919 5625/5888/5888 5624/5887/5887 5655/5918/5918
f 5657/5920/5920 5626/5889/5889 5625/5888/5888 5656/5919/5919
f 5658/5921/5921 5627/5890/5890 5626/5889/5889 5657/5920/5920
f 5659/5922/5922 5628/5891/5891 5627/5890/5890 5658/5921/5921
f 5660/5923/5923 5629/5892/5892 5628/5891/5891 5659/5922/5922
f 5661/5924/5924 5630/5893/5893 5629/5892/5892 5660/5923/5923
f 5662/5925/5925 5631/5894/5894 5630/5893/5893 5661/5924/5924
f 5663/5926/5926 5632/5895/5895 5631/5894/5894 5662/5925/5925
f 5664/5927/5927 5633/5896/5896 5632/5895/5895 5663/5926/5926
f 5665/5928/5928 5634/5897/5897 5633/5896/5896 5664/5927/5927
f 5666/5929/5929 5635/5898/5898 5634/5897/5897 5665/5928/5928
f 5667/5930/5930 5636/5899/5899 5635/5898/5898 5666/5929/5929
f 5668/5931/5931 5637/5900/5900 5636/5899/5899 5667/5930/5930
f 5669/5932/5932 5638/5901/5901 5637/5900/5900 5668/5931/5931
f 5670/5933/5933 5639/5902/5902 5638/5901/5901 5669/5932/5932
f 5671/5934/5934 5640/5903/5903 2482/2483/2522 2514/2515/2554
f 5672/5935/5935 5641/5904/5904 5640/5903/5903 5671/5934/5934
f 5673/5936/5936 5642/5905/5905 5641/5904/5904 5672/5935/5935
f 5674/5937/5937 5643/5906/5906 5642/5905/5905 5673/5936/5936
f 5675/5938/5938 5644/5907/5907 5643/5906/5906 5674/5937/5937
f 5676/5939/5939 5645/5908/5908 5644/5907/5907 5675/5938/5938
f 5677/5940/5940 5646/5909/5909 5645/5908/5908 5676/5939/5939
f 5678/5941/5941 5647/5910/5910 5646/5909/5909 5677/5940/5940
f 5679/5942/5942 5648/5911/5911 5647/5910/5910 5678/5941/5941
f 5680/5943/5943 5649/5912/5912 5648/5911/5911 5679/5942/5942
f 5681/5944/5944 5650/5913/5913 5649/5912/5912 5680/5943/5943
f 5682/5945/5945 5651/5914/5914 5650/5913/5913 5681/5944/5944
f 5683/5946/5946 5652/5915/5915 5651/5914/5914 5682/5945/5945
f 5684/5947/5947 5653/5916/5916 5652/5915/5915 5683/5946/5946
f 5685/5948/5948 5654/5917/5917 5653/5916/5916 5684/5947/5947
f 5686/5949/5949 5655/5918/5918 5654/5917/5917 5685/5948/5948
f 5687/5950/5950 5656/5919/5919 5655/5918/5918 5686/5949/5949
f 5688/5951/5951 5657/5920/5920 5656/5919/5919 5687/5950/5950
f 5689/5952/5952 5658/5921/5921 5657/5920/5920 5688/5951/5951
f 5690/5953/5953 5659/5922/5922 5658/5921/5921 5689/5952/5952
f 5691/5954/5954 5660/5923/5923 5659/5922/5922 5690/5953/5953
f 5692/5955/5955 5661/5924/5924 5660/5923/5923 5691/5954/5954
f 5693/5956/5956 5662/5925/5925 5661/5924/5924 5692/5955/5955
f 5694/5957/5957 5663/5926/5926 5662/5925/5925 5693/5956/5956
f 5695/5958/5958 5664/5927/5927 5663/5926/5926 5694/5957/5957
f 5696/5959/5959 5665/5928/5928 5664/5927/5927 5695/5958/5958
f 5697/5960/5960 5666/5929/5929 5665/5928/5928 5696/5959/5959
f 5698/5961/5961 5667/5930/5930 5666/5929/5929 5697/5960/5960
f 5699/5962/5962 5668/5931/5931 5667/5930/5930 5698/5961/5961
f 5700/5963/5963 5669/5932/5932 5668/5931/5931 5699/5962/5962
f 5701/5964/5964 5670/5933/5933 5669/5932/5932 5700/5963/5963
f 5702/5965/5965 5671/5934/5934 2514/2515/2554 2546/2547/2586
f 5703/5966/5966 5672/5935/5935 5671/5934/5934 5702/5965/5965
f 5704/5967/5967 5673/5936/5936 5672/5935/5935 5703/5966/5966
f 5705/5968/5968 5674/5937/5937 5673/5936/5936 5704/5967/5967
f 5706/5969/5969 5675/5938/5938 5674/5937/5937 5705/5968/5968
f 5707/5970/5970 5676/5939/5939 5675/5938/5938 5706/5969/5969
f 5708/5971/5971 5677/5940/5940 5676/5939/5939 5707/5970/5970
f 5709/5972/5972 5678/5941/5941 5677/5940/5940 5708/5971/5971
f 5710/5973/5973 5679/5942/5942 5678/5941/5941 5709/5972/5972
f 5711/5974/5974 5680/5943/5943 5679/5942/5942 5710/5973/5973
f 5712/5975/5975 5681/5944/5944 5680/5943/5943 5711/5974/5974
f 5713/5976/5976 5682/5945/5945 5681/5944/5944 5712/5975/5975
f 5714/5977/5977 5683/5946/5946 5682/5945/5945 5713/5976/5976
f 5715/5978/5978 5684/5947/5947 5683/5946/5946 5714/5977/5977
f 5716/5979/5979 5685/5948/5948 5684/5947/5947 5715/5978/5978
f 5717/5980/5980 5686/5949/5949 5685/5948/5948 5716/5979/5979
f 5718/5981/5981 5687/5950/5950 5686/5949/5949 5717/5980/5980
f 5719/5982/5982 5688/5951/5951 5687/5950/5950 5718/5981/5981
f 5720/5983/5983 5689/5952/5952 5688/5951/5951 5719/5982/5982
f 5721/5984/5984 5690/5953/5953 5689/5952/5952 5720/5983/5983
f 5722/5985/5985 5691/5954/5954 5690/5953/5953 5721/5984/5984
f 5723/5986/5986 5692/5955/5955 5691/5954/5954 5722/5985/5985
f 5724/5987/5987 5693/5956/5956 5692/5955/5955 5723/5986/5986
f 5725/5988/5988 5694/5957/5957 5693/5956/5956 5724/5987/5987
f 5726/5989/5989 5695/5958/5958 5694/5957/5957 5725/5988/5988
f 5727/5990/5990 5696/5959/5959 5695/5958/5958 5726/5989/5989
f 5728/5991/5991 5697/5960/5960 5696/5959/5959 5727/5990/5990
f 5729/5992/5992 5698/5961/5961 5697/5960/5960 5728/5991/5991
f 5730/5993/5993 5699/5962/5962 5698/5961/5961 5729/5992/5992
f 5731/5994/5994 5700/5963/5963 5699/5962/5962 5730/5993/5993
f 5732/5995/5995 5701/5964/5964 5700/5963/5963 5731/5994/5994
f 5733/5996/5996 5702/5965/5965 2546/2547/2586 2578/2579/2618
f 5734/5997/5997 5703/5966/5966 5702/5965/5965 5733/5996/5996
f 5735/5998/5998 5704/5967/5967 5703/5966/5966 5734/5997/5997
f 5736/5999/5999 5705/5968/5968 5704/5967/5967 5735/5998/5998
f 5737/6000/6000 5706/5969/5969 5705/5968/5968 5736/5999/5999
f 5738/6001/6001 5707/5970/5970 5706/5969/5969 5737/6000/6000
f 5739/6002/6002 5708/5971/5971 5707/5970/5970 5738/6001/6001
f 5740/6003/6003 5709/5972/5972 5708/5971/5971 5739/6002/6002
f 5741/6004/6004 5710/5973/5973 5709/5972/5972 5740/6003/6003
f 5742/6005/6005 5711/5974/5974 5710/5973/5973 5741/6004/6004
f 5743/6006/6006 5712/5975/5975 5711/5974/5974 5742/6005/6005
f 5744/6007/6007 5713/5976/5976 5712/5975/5975 5743/6006/6006
f 5745/6008/6008 5714/5977/5977 5713/5976/5976 5744/6007/6007
f 5746/6009/6009 5715/5978/5978 5714/5977/5977 5745/6008/6008
f 5747/6010/6010 5716/5979/5979 5715/5978/5978 5746/6009/6009
f 5748/6011/6011 5717/5980/5980 5716/5979/5979 5747/6010/6010
f 5749/6012/6012 5718/5981/5981 5717/5980/5980 5748/6011/6011
f 5750/6013/6013 5719/5982/5982 5718/5981/5981 5749/6012/6012
f 5751/6014/6014 5720/5983/5983 5719/5982/5982 5750/6013/6013
f 5752/6015/6015 5721/5984/5984 5720/5983/5983 5751/6014/6014
f 5753/6016/6016 5722/5985/5985 5721/5984/5984 5752/6015/6015
f 5754/6017/6017 5723/5986/5986 5722/5985/5985 5753/6016/6016
f 5755/6018/6018 5724/5987/5987 5723/5986/5986 5754/6017/6017
f 5756/6019/6019 5725/5988/5988 5724/5987/5987 5755/6018/6018
f 5757/6020/6020 5726/5989/5989 5725/5988/5988 5756/6019/6019
f 5758/6021/6021 5727/5990/5990 5726/5989/5989 5757/6020/6020
f 5759/6022/6022 5728/5991/5991 5727/5990/5990 5758/6021/6021
f 5760/6023/6023 5729/5992/5992 5728/5991/5991 5759/6022/6022
f 5761/6024/6024 5730/5993/5993 5729/5992/5992 5760/6023/6023
f 5762/6025/6025 5731/5994/5994 5730/5993/5993 5761/6024/6024
f 5763/6026/6026 5732/5995/5995 5731/5994/5994 5762/6025/6025
f 5764/6027/6027 5733/5996/5996 2578/2579/2618 2610/2611/2650
f 5765/6028/6028 5734/5997/5997 5733/5996/5996 5764/6027/6027
f 5766/6029/6029 5735/5998/5998 5734/5997/5997 5765/6028/6028
f 5767/6030/6030 5736/5999/5999 5735/5998/5998 5766/6029/6029
f 5768/6031/6031 5737/6000/6000 5736/5999/5999 5767/6030/6030
f 5769/6032/6032 5738/6001/6001 5737/6000/6000 5768/6031/6031
f 5770/6033/6033 5739/6002/6002 5738/6001/6001 5769/6032/6032
f 5771/6034/6034 5740/6003/6003 5739/6002/6002 5770/6033/6033
f 5772/6035/6035 5741/6004/6004 5740/6003/6003 5771/6034/6034
f 5773/6036/6036 5742/6005/6005 5741/6004/6004 5772/6035/6035
f 5774/6037/6037 5743/6006/6006 5742/6005/6005 5773/6036/6036
f 5775/6038/6038 5744/6007/6007 5743/6006/6006 5774/6037/6037
f 5776/6039/6039 5745/6008/6008 5744/6007/6007 5775/6038/6038
f 5777/6040/6040 5746/6009/6009 5745/6008/6008 5776/6039/6039
f 5778/6041/6041 5747/6010/6010 5746/6009/6009 5777/6040/6040
f 5779/6042/6042 5748/6011/6011 5747/6010/6010 5778/6041/6041
f 5780/6043/6043 5749/6012/6012 5748/6011/6011 5779/6042/6042
f 5781/6044/6044 5750/6013/6013 5749/6012/6012 5780/6043/6043
f 5782/6045/6045 5751/6014/6014 5750/6013/6013 5781/6044/6044
f 5783/6046/6046 5752/6015/6015 5751/6014/6014 5782/6045/6045
f 5784/6047/6047 5753/6016/6016 5752/6015/6015 5783/6046/6046
f 5785/6048/6048 5754/6017/6017 5753/6016/6016 5784/6047/6047
f 5786/6049/6049 5755/6018/6018 5754/6017/6017 5785/6048/6048
f 5787/6050/6050 5756/6019/6019 5755/6018/6018 5786/6049/6049
f 5788/6051/6051 5757/6020/6020 5756/6019/6019 5787/6050/6050
f 5789/6052/6052 5758/6021/6021 5757/6020/6020 5788/6051/6051
f 5790/6053/6053 5759/6022/6022 5758/6021/6021 5789/6052/6052
f 5791/6054/6054 5760/6023/6023 5759/6022/6022 5790/6053/6053
f 5792/6055/6055 5761/6024/6024 5760/6023/6023 5791/6054/6054
f 5793/6056/6056 5762/6025/6025 5761/6024/6024 5792/6055/6055
f 5794/6057/6057 5763/6026/6026 5762/6025/6025 5793/6056/6056
f 5795/6058/6058 5764/6027/6027 2610/2611/2650 2642/2643/2682
f 5796/6059/6059 5765/6028/6028 5764/6027/6027 5795/6058/6058
f 5797/6060/6060 5766/6029/6029 5765/6028/6028 5796/6059/6059
f 5798/6061/6061 5767/6030/6030 5766/6029/6029 5797/6060/6060
f 5799/6062/6062 5768/6031/6031 5767/6030/6030 5798/6061/6061
f 5800/6063/6063 5769/6032/6032 5768/6031/6031 5799/6062/6062
f 5801/6064/6064 5770/6033/6033 5769/6032/6032 5800/6063/6063
f 5802/6065/6065 5771/6034/6034 5770/6033/6033 5801/6064/6064
f 5803/6066/6066 5772/6035/6035 5771/6034/6034 5802/6065/6065
f 5804/6067/6067 5773/6036/6036 5772/6035/6035 5803/6066/6066
f 5805/6068/6068 5774/6037/6037 5773/6036/6036 5804/6067/6067
f 5806/6069/6069 5775/6038/6038 5774/6037/6037 5805/6068/6068
f 5807/6070/6070 5776/6039/6039 5775/6038/6038 5806/6069/6069
f 5808/6071/6071 5777/6040/6040 5776/6039/6039 5807/6070/6070
f 5809/6072/6072 5778/6041/6041 5777/6040/6040 5808/6071/6071
f 5810/6073/6073 5779/6042/6042 5778/6041/6041 5809/6072/6072
f 5811/6074/6074 5780/6043/6043 5779/6042/6042 5810/6073/6073
f 5812/6075/6075 5781/6044/6044 5780/6043/6043 5811/6074/6074
f 5813/6076/6076 5782/6045/6045 5781/6044/6044 5812/6075/6075
f 5814/6077/6077 5783/6046/6046 5782/6045/6045 5813/6076/6076
f 5815/6078/6078 5784/6047/6047 5783/6046/6046 5814/6077/6077
f 5816/6079/6079 5785/6048/6048 5784/6047/6047 5815/6078/6078
f 5817/6080/6080 5786/6049/6049 5785/6048/6048 5816/6079/6079
f 5818/6081/6081 5787/6050/6050 5786/6049/6049 5817/6080/6080
f 5819/6082/6082 5788/6051/6051 5787/6050/6050 5818/6081/6081
f 5820/6083/6083 5789/6052/6052 5788/6051/6051 5819/6082/6082
f 5821/6084/6084 5790/6053/6053 5789/6052/6052 5820/6083/6083
f 5822/6085/6085 5791/6054/6054 5790/6053/6053 5821/6084/6084
f 5823/6086/6086 5792/6055/6055 5791/6054/6054 5822/6085/6085
f 5824/6087/6087 5793/6056/6056 5792/6055/6055 5823/6086/6086
f 5825/6088/6088 5794/6057/6057 5793/6056/6056 5824/6087/6087
f 5826/6089/6089 5795/6058/6058 2642/2643/2682 2674/2675/2714
f 5827/6090/6090 5796/6059/6059 5795/6058/6058 5826/6089/6089
f 5828/6091/6091 5797/6060/6060 5796/6059/6059 5827/6090/6090
f 5829/6092/6092 5798/6061/6061 5797/6060/6060 5828/6091/6091
f 5830/6093/6093 5799/6062/6062 5798/6061/6061 5829/6092/6092
f 5831/6094/6094 5800/6063/6063 5799/6062/6062 5830/6093/6093
f 5832/6095/6095 5801/6064/6064 5800/6063/6063 5831/6094/6094
f 5833/6096/6096 5802/6065/6065 5801/6064/6064 5832/6095/6095
f 5834/6097/6097 5803/6066/6066 5802/6065/6065 5833/6096/6096
f 5835/6098/6098 5804/6067/6067 5803/6066/6066 5834/6097/6097
f 5836/6099/6099 5805/6068/6068 5804/6067/6067 5835/6098/6098
f 5837/6100/6100 5806/6069/6069 5805/6068/6068 5836/6099/6099
f 5838/6101/6101 5807/6070/6070 5806/6069/6069 5837/6100/6100
f 5839/6102/6102 5808/6071/6071 5807/6070/6070 5838/6101/6101
f 5840/6103/6103 5809/6072/6072 5808/6071/6071 5839/6102/6102
f 5841/6104/6104 5810/6073/6073 5809/6072/6072 5840/6103/6103
f 5842/6105/6105 5811/6074/6074 5810/6073/6073 5841/6104/6104
f 5843/6106/6106 5812/6075/6075 5811/6074/6074 5842/6105/6105
f 5844/6107/6107 5813/6076/6076 5812/6075/6075 5843/6106/6106
f 5845/6108/6108 5814/6077/6077 5813/6076/6076 5844/6107/6107
f 5846/6109/6109 5815/6078/6078 5814/6077/6077 5845/6108/6108
f 5847/6110/6110 5816/6079/6079 5815/6078/6078 5846/6109/6109
f 5848/6111/6111 5817/6080/6080 5816/6079/6079 5847/6110/6110
f 5849/6112/6112 5818/6081/6081 5817/6080/6080 5848/6111/6111
f 5850/6113/6113 5819/6082/6082 5818/6081/6081 5849/6112/6112
f 5851/6114/6114 5820/6083/6083 5819/6082/6082 5850/6113/6113
f 5852/6115/6115 5821/6084/6084 5820/6083/6083 5851/6114/6114
f 5853/6116/6116 5822/6085/6085 5821/6084/6084 5852/6115/6115
f 5854/6117/6117 5823/6086/6086 5822/6085/6085 5853/6116/6116
f 5855/6118/6118 5824/6087/6087 5823/6086/6086 5854/6117/6117
f 5856/6119/6119 5825/6088/6088 5824/6087/6087 5855/6118/6118
f 5857/6120/6120 5826/6089/6089 2674/2675/2714 2706/2707/2746
f 5858/6121/6121 5827/6090/6090 5826/6089/6089 5857/6120/6120
f 5859/6122/6122 5828/6091/6091 5827/6090/6090 5858/6121/6121
f 5860/6123/6123 5829/6092/6092 5828/6091/6091 5859/6122/6122
f 5861/6124/6124 5830/6093/6093 5829/6092/6092 5860/6123/6123
f 5862/6125/6125 5831/6094/6094 5830/6093/6093 5861/6124/6124
f 5863/6126/6126 5832/6095/6095 5831/6094/6094 5862/6125/6125
f 5864/6127/6127 5833/6096/6096 5832/6095/6095 5863/6126/6126
f 5865/6128/6128 5834/6097/6097 5833/6096/6096 5864/6127/6127
f 5866/6129/6129 5835/6098/6098 5834/6097/6097 5865/6128/6128
f 5867/6130/6130 5836/6099/6099 5835/6098/6098 5866/6129/6129
f 5868/6131/6131 5837/6100/6100 5836/6099/6099 5867/6130/6130
f 5869/6132/6132 5838/6101/6101 5837/6100/6100 5868/6131/6131
f 5870/6133/6133 5839/6102/6102 5838/6101/6101 5869/6132/6132
f 5871/6134/6134 5840/6103/6103 5839/6102/6102 5870/6133/6133
f 5872/6135/6135 5841/6104/6104 5840/6103/6103 5871/6134/6134
f 5873/6136/6136 5842/6105/6105 5841/6104/6104 5872/6135/6135
f 5874/6137/6137 5843/6106/6106 5842/6105/6105 5873/6136/6136
f 5875/6138/6138 5844/6107/6107 5843/6106/6106 5874/6137/6137
f 5876/6139/6139 5845/6108/6108 5844/6107/6107 5875/6138/6138
f 5877/6140/6140 5846/6109/6109 5845/6108/6108 5876/6139/6139
f 5878/6141/6141 5847/6110/6110 5846/6109/6109 5877/6140/6140
f 5879/6142/6142 5848/6111/6111 5847/6110/6110 5878/6141/6141
f 5880/6143/6143 5849/6112/6112 5848/6111/6111 5879/6142/6142
f 5881/6144/6144 5850/6113/6113 5849/6112/6112 5880/6143/6143
f 5882/6145/6145 5851/6114/6114 5850/6113/6113 5881/6144/6144
f 5883/6146/6146 5852/6115/6115 5851/6114/6114 5882/6145/6145
f 5884/6147/6147 5853/6116/6116 5852/6115/6115 5883/6146/6146
f 5885/6148/6148 5854/6117/6117 5853/6116/6116 5884/6147/6147
f 5886/6149/6149 5855/6118/6118 5854/6117/6117 5885/6148/6148
f 5887/6150/6150 5856/6119/6119 5855/6118/6118 5886/6149/6149
f 5888/6151/6151 5857/6120/6120 2706/2707/2746 2738/2739/2778
f 5889/6152/6152 5858/6121/6121 5857/6120/6120 5888/6151/6151
f 5890/6153/6153 5859/6122/6122 5858/6121/6121 5889/6152/6152
f 5891/6154/6154 5860/6123/6123 5859/6122/6122 5890/6153/6153
f 5892/6155/6155 5861/6124/6124 5860/6123/6123 5891/6154/6154
f 5893/6156/6156 5862/6125/6125 5861/6124/6124 5892/6155/6155
f 5894/6157/6157 5863/6126/6126 5862/6125/6125 5893/6156/6156
f 5895/6158/6158 5864/6127/6127 5863/6126/6126 5894/6157/6157
f 5896/6159/6159 5865/6128/6128 5864/6127/6127 5895/6158/6158
f 5897/6160/6160 5866/6129/6129 5865/6128/6128 5896/6159/6159
f 5898/6161/6161 5867/6130/6130 5866/6129/6129 5897/6160/6160
f 5899/6162/6162 5868/6131/6131 5867/6130/6130 5898/6161/6161
f 5900/6163/6163 5869/6132/6132 5868/6131/6131 5899/6162/6162
f 5901/6164/6164 5870/6133/6133 5869/6132/6132 5900/6163/6163
f 5902/6165/6165 5871/6134/6134 5870/6133/6133 5901/6164/6164
f 5903/6166/6166 5872/6135/6135 5871/6134/6134 5902/6165/6165
f 5904/6167/6167 5873/6136/6136 5872/6135/6135 5903/6166/6166
f 5905/6168/6168 5874/6137/6137 5873/6136/6136 5904/6167/6167
f 5906/6169/6169 5875/6138/6138 5874/6137/6137 5905/6168/6168
f 5907/6170/6170 5876/6139/6139 5875/6138/6138 5906/6169/6169
f 5908/6171/6171 5877/6140/6140 5876/6139/6139 5907/6170/6170
f 5909/6172/6172 5878/6141/6141 5877/6140/6140 5908/6171/6171
f 5910/6173/6173 5879/6142/6142 5878/6141/6141 5909/6172/6172
f 5911/6174/6174 5880/6143/6143 5879/6142/6142 5910/6173/6173
f 5912/6175/6175 5881/6144/6144 5880/6143/6143 5911/6174/6174
f 5913/6176/6176 5882/6145/6145 5881/6144/6144 5912/6175/6175
f 5914/6177/6177 5883/6146/6146 5882/6145/6145 5913/6176/6176
f 5915/6178/6178 5884/6147/6147 5883/6146/6146 5914/6177/6177
f 5916/6179/6179 5885/6148/6148 5884/6147/6147 5915/6178/6178
f 5917/6180/6180 5886/6149/6149 5885/6148/6148 5916/6179/6179
f 5918/6181/6181 5887/6150/6150 5886/6149/6149 5917/6180/6180
f 5919/6182/6182 5888/6151/6151 2738/2739/2778 2770/2771/2810
f 5920/6183/6183 5889/6152/6152 5888/6151/6151 5919/6182/6182
f 5921/6184/6184 5890/6153/6153 5889/6152/6152 5920/6183/6183
f 5922/6185/6185 5891/6154/6154 5890/6153/6153 5921/6184/6184
f 5923/6186/6186 5892/6155/6155 5891/6154/6154 5922/6185/6185
f 5924/6187/6187 5893/6156/6156 5892/6155/6155 5923/6186/6186
f 5925/6188/6188 5894/6157/6157 5893/6156/6156 5924/6187/6187
f 5926/6189/6189 5895/6158/6158 5894/6157/6157 5925/6188/6188
f 5927/6190/6190 5896/6159/6159 5895/6158/6158 5926/6189/6189
f 5928/6191/6191 5897/6160/6160 5896/6159/6159 5927/6190/6190
f 5929/6192/6192 5898/6161/6161 5897/6160/6160 5928/6191/6191
f 5930/6193/6193 5899/6162/6162 5898/6161/6161 5929/6192/6192
f 5931/6194/6194 5900/6163/6163 5899/6162/6162 5930/6193/6193
f 5932/6195/6195 5901/6164/6164 5900/6163/6163 5931/6194/6194
f 5933/6196/6196 5902/6165/6165 5901/6164/6164 5932/6195/6195
f 5934/6197/6197 5903/6166/6166 5902/6165/6165 5933/6196/6196
f 5935/6198/6198 5904/6167/6167 5903/6166/6166 5934/6197/6197
f 5936/6199/6199 5905/6168/6168 5904/6167/6167 5935/6198/6198
f 5937/6200/6200 5906/6169/6169 5905/6168/6168 5936/6199/6199
f 5938/6201/6201 5907/6170/6170 5906/6169/6169 5937/6200/6200
f 5939/6202/6202 5908/6171/6171 5907/6170/6170 5938/6201/6201
f 5940/6203/6203 5909/6172/6172 5908/6171/6171 5939/6202/6202
f 5941/6204/6204 5910/6173/6173 5909/6172/6172 5940/6203/6203
f 5942/6205/6205 5911/6174/6174 5910/6173/6173 5941/6204/6204
f 5943/6206/6206 5912/6175/6175 5911/6174/6174 5942/6205/6205
f 5944/6207/6207 5913/6176/6176 5912/6175/6175 5943/6206/6206
f 5945/6208/6208 5914/6177/6177 5913/6176/6176 5944/6207/6207
f 5946/6209/6209 5915/6178/6178 5914/6177/6177 5945/6208/6208
f 5947/6210/6210 5916/6179/6179 5915/6178/6178 5946/6209/6209
f 5948/6211/6211 5917/6180/6180 5916/6179/6179 5947/6210/6210
f 5949/6212/6212 5918/6181/6181 5917/6180/6180 5948/6211/6211
f 5950/6213/6213 5919/6182/6182 2770/2771/2810 2802/2803/2842
f 5951/6214/6214 5920/6183/6183 5919/6182/6182 5950/6213/6213
f 5952/6215/6215 5921/6184/6184 5920/6183/6183 5951/6214/6214
f 5953/6216/6216 5922/6185/6185 5921/6184/6184 5952/6215/6215
f 5954/6217/6217 5923/6186/6186 5922/6185/6185 5953/6216/6216
f 5955/6218/6218 5924/6187/6187 5923/6186/6186 5954/6217/6217
f 5956/6219/6219 5925/6188/6188 5924/6187/6187 5955/6218/6218
f 5957/6220/6220 5926/6189/6189 5925/6188/6188 5956/6219/6219
f 5958/6221/6221 5927/6190/6190 5926/6189/6189 5957/6220/6220
f 5959/6222/6222 5928/6191/6191 5927/6190/6190 5958/6221/6221
f 5960/6223/6223 5929/6192/6192 5928/6191/6191 5959/6222/6222
f 5961/6224/6224 5930/6193/6193 5929/6192/6192 5960/6223/6223
f 5962/6225/6225 5931/6194/6194 5930/6193/6193 5961/6224/6224
f 5963/6226/6226 5932/6195/6195 5931/6194/6194 5962/6225/6225
f 5964/6227/6227 5933/6196/6196 5932/6195/6195 5963/6226/6226
f 5965/6228/6228 5934/6197/6197 5933/6196/6196 5964/6227/6227
f 5966/6229/6229 5935/6198/6198 5934/6197/6197 5965/6228/6228
f 5967/6230/6230 5936/6199/6199 5935/6198/6198 5966/6229/6229
f 5968/6231/6231 5937/6200/6200 5936/6199/6199 5967/6230/6230
f 5969/6232/6232 5938/6201/6201 5937/6200/6200 5968/6231/6231
f 5970/6233/6233 5939/6202/6202 5938/6201/6201 5969/6232/6232
f 5971/6234/6234 5940/6203/6203 5939/6202/6202 5970/6233/6233
f 5972/6235/6235 5941/6204/6204 5940/6203/6203 5971/6234/6234
f 5973/6236/6236 5942/6205/6205 5941/6204/6204 5972/6235/6235
f 5974/6237/6237 5943/6206/6206 5942/6205/6205 5973/6236/6236
f 5975/6238/6238 5944/6207/6207 5943/6206/6206 5974/6237/6237
f 5976/6239/6239 5945/6208/6208 5944/6207/6207 5975/6238/6238
f 5977/6240/6240 5946/6209/6209 5945/6208/6208 5976/6239/6239
f 5978/6241/6241 5947/6210/6210 5946/6209/6209 5977/6240/6240
f 5979/6242/6242 5948/6211/6211 5947/6210/6210 5978/6241/6241
f 5980/6243/6243 5949/6212/6212 5948/6211/6211 5979/6242/6242
f 5981/6244/6244 5950/6213/6213 2802/2803/2842 2834/2835/2874
f 5982/6245/6245 5951/6214/6214 5950/6213/6213 5981/6244/6244
f 5983/6246/6246 5952/6215/6215 5951/6214/6214 5982/6245/6245
f 5984/6247/6247 5953/6216/6216 5952/6215/6215 5983/6246/6246
f 5985/6248/6248 5954/6217/6217 5953/6216/6216 5984/6247/6247
f 5986/6249/6249 5955/6218/6218 5954/6217/6217 5985/6248/6248
f 5987/6250/6250 5956/6219/6219 5955/6218/6218 5986/6249/6249
f 5988/6251/6251 5957/6220/6220 5956/6219/6219 5987/6250/6250
f 5989/6252/6252 5958/6221/6221 5957/6220/6220 5988/6251/6251
f 5990/6253/6253 5959/6222/6222 5958/6221/6221 5989/6252/6252
f 5991/6254/6254 5960/6223/6223 5959/6222/6222 5990/6253/6253
f 5992/6255/6255 5961/6224/6224 5960/6223/6223 5991/6254/6254
f 5993/6256/6256 5962/6225/6225 5961/6224/6224 5992/6255/6255
f 5994/6257/6257 5963/6226/6226 5962/6225/6225 5993/6256/6256
f 5995/6258/6258 5964/6227/6227 5963/6226/6226 5994/6257/6257
f 5996/6259/6259 5965/6228/6228 5964/6227/6227 5995/6258/6258
f 5997/6260/6260 5966/6229/6229 5965/6228/6228 5996/6259/6259
f 5998/6261/6261 5967/6230/6230 5966/6229/6229 5997/6260/6260
f 5999/6262/6262 5968/6231/6231 5967/6230/6230 5998/6261/6261
f 6000/6263/6263 5969/6232/6232 5968/6231/6231 5999/6262/6262
f 6001/6264/6264 5970/6233/6233 5969/6232/6232 6000/6263/6263
f 6002/6265/6265 5971/6234/6234 5970/6233/6233 6001/6264/6264
f 6003/6266/6266 5972/6235/6235 5971/6234/6234 6002/6265/6265
f 6004/6267/6267 5973/6236/6236 5972/6235/6235 6003/6266/6266
f 6005/6268/6268 5974/6237/6237 5973/6236/6236 6004/6267/6267
f 6006/6269/6269 5975/6238/6238 5974/6237/6237 6005/6268/6268
f 6007/6270/6270 5976/6239/6239 5975/6238/6238 6006/6269/6269
f 6008/6271/6271 5977/6240/6240 5976/6239/6239 6007/6270/6270
f 6009/6272/6272 5978/6241/6241 5977/6240/6240 6008/6271/6271
f 6010/6273/6273 5979/6242/6242 5978/6241/6241 6009/6272/6272
f 6011/6274/6274 5980/6243/6243 5979/6242/6242 6010/6273/6273
f 6012/6275/6275 5981/6244/6244 2834/2835/2874 2866/2867/2906
f 6013/6276/6276 5982/6245/6245 5981/6244/6244 6012/6275/6275
f 6014/6277/6277 5983/6246/6246 5982/6245/6245 6013/6276/6276
f 6015/6278/6278 5984/6247/6247 5983/6246/6246 6014/6277/6277
f 6016/6279/6279 5985/6248/6248 5984/6247/6247 6015/6278/6278
f 6017/6280/6280 5986/6249/6249 5985/6248/6248 6016/6279/6279
f 6018/6281/6281 5987/6250/6250 5986/6249/6249 6017/6280/6280
f 6019/6282/6282 5988/6251/6251 5987/6250/6250 6018/6281/6281
f 6020/6283/6283 5989/6252/6252 5988/6251/6251 6019/6282/6282
f 6021/6284/6284 5990/6253/6253 5989/6252/6252 6020/6283/6283
f 6022/6285/6285 5991/6254/6254 5990/6253/6253 6021/6284/6284
f 6023/6286/6286 5992/6255/6255 5991/6254/6254 6022/6285/6285
f 6024/6287/6287 5993/6256/6256 5992/6255/6255 6023/6286/6286
f 6025/6288/6288 5994/6257/6257 5993/6256/6256 6024/6287/6287
f 6026/6289/6289 5995/6258/6258 5994/6257/6257 6025/6288/6288
f 6027/6290/6290 5996/6259/6259 5995/6258/6258 6026/6289/6289
f 6028/6291/6291 5997/6260/6260 5996/6259/6259 6027/6290/6290
f 6029/6292/6292 5998/6261/6261 5997/6260/6260 6028/6291/6291
f 6030/6293/6293 5999/6262/6262 5998/6261/6261 6029/6292/6292
f 6031/6294/6294 6000/6263/6263 5999/6262/6262 6030/6293/6293
f 6032/6295/6295 6001/6264/6264 6000/6263/6263 6031/6294/6294
f 6033/6296/6296 6002/6265/6265 6001/6264/6264 6032/6295/6295
f 6034/6297/6297 6003/6266/6266 6002/6265/6265 6033/6296/6296
f 6035/6298/6298 6004/6267/6267 6003/6266/6266 6034/6297/6297
f 6036/6299/6299 6005/6268/6268 6004/6267/6267 6035/6298/6298
f 6037/6300/6300 6006/6269/6269 6005/6268/6268 6036/6299/6299
f 6038/6301/6301 6007/6270/6270 6006/6269/6269 6037/6300/6300
f 6039/6302/6302 6008/6271/6271 6007/6270/6270 6038/6301/6301
f 6040/6303/6303 6009/6272/6272 6008/6271/6271 6039/6302/6302
f 6041/6304/6304 6010/6273/6273 6009/6272/6272 6040/6303/6303
f 6042/6305/6305 6011/6274/6274 6010/6273/6273 6041/6304/6304
f 6043/6306/6306 6012/6275/6275 2866/2867/2906 2898/2899/2938
f 6044/6307/6307 6013/6276/6276 6012/6275/6275 6043/6306/6306
f 6045/6308/6308 6014/6277/6277 6013/6276/6276 6044/6307/6307
f 6046/6309/6309 6015/6278/6278 6014/6277/6277 6045/6308/6308
f 6047/6310/6310 6016/6279/6279 6015/6278/6278 6046/6309/6309
f 6048/6311/6311 6017/6280/6280 6016/6279/6279 6047/6310/6310
f 6049/6312/6312 6018/6281/6281 6017/6280/6280 6048/6311/6311
f 6050/6313/6313 6019/6282/6282 6018/6281/6281 6049/6312/6312
f 6051/6314/6314 6020/6283/6283 6019/6282/6282 6050/6313/6313
f 6052/6315/6315 6021/6284/6284 6020/6283/6283 6051/6314/6314
f 6053/6316/6316 6022/6285/6285 6021/6284/6284 6052/6315/6315
f 6054/6317/6317 6023/6286/6286 6022/6285/6285 6053/6316/6316
f 6055/6318/6318 6024/6287/6287 6023/6286/6286 6054/6317/6317
f 6056/6319/6319 6025/6288/6288 6024/6287/6287 6055/6318/6318
f 6057/6320/6320 6026/6289/6289 6025/6288/6288 6056/6319/6319
f 6058/6321/6321 6027/6290/6290 6026/6289/6289 6057/6320/6320
f 6059/6322/6322 6028/6291/6291 6027/6290/6290 6058/6321/6321
f 6060/6323/6323 6029/6292/6292 6028/6291/6291 6059/6322/6322
f 6061/6324/6324 6030/6293/6293 6029/6292/6292 6060/6323/6323
f 6062/6325/6325 6031/6294/6294 6030/6293/6293 6061/6324/6324
f 6063/6326/6326 6032/6295/6295 6031/6294/6294 6062/6325/6325
f 6064/6327/6327 6033/6296/6296 6032/6295/6295 6063/6326/6326
f 6065/6328/6328 6034/6297/6297 6033/6296/6296 6064/6327/6327
f 6066/6329/6329 6035/6298/6298 6034/6297/6297 6065/6328/6328
f 6067/6330/6330 6036/6299/6299 6035/6298/6298 6066/6329/6329
f 6068/6331/6331 6037/6300/6300 6036/6299/6299 6067/6330/6330
f 6069/6332/6332 6038/6301/6301 6037/6300/6300 6068/6331/6331
f 6070/6333/6333 6039/6302/6302 6038/6301/6301 6069/6332/6332
f 6071/6334/6334 6040/6303/6303 6039/6302/6302 6070/6333/6333
f 6072/6335/6335 6041/6304/6304 6040/6303/6303 6071/6334/6334
f 6073/6336/6336 6042/6305/6305 6041/6304/6304 6072/6335/6335
f 2898/2899/2938 2930/2931/2970 6074/6337/6337 6043/6306/6306
f 6043/6306/6306 6074/6337/6337 6075/6338/6338 6044/6307/6307
f 6044/6307/6307 6075/6338/6338 6076/6339/6339 6045/6308/6308
f 6045/6308/6308 6076/6339/6339 6077/6340/6340 6046/6309/6309
f 6046/6309/6309 6077/6340/6340 6078/6341/6341 6047/6310/6310
f 6047/6310/6310 6078/6341/6341 6079/6342/6342 6048/6311/6311
f 6048/6311/6311 6079/6342/6342 6080/6343/6343 6049/6312/6312
f 6049/6312/6312 6080/6343/6343 6081/6344/6344 6050/6313/6313
f 6050/6313/6313 6081/6344/6344 6082/6345/6345 6051/6314/6314
f 6051/6314/6314 6082/6345/6345 6083/6346/6346 6052/6315/6315
f 6052/6315/6315 6083/6346/6346 6084/6347/6347 6053/6316/6316
f 6053/6316/6316 6084/6347/6347 6085/6348/6348 6054/6317/6317
f 6054/6317/6317 6085/6348/6348 6086/6349/6349 6055/6318/6318
f 6055/6318/6318 6086/6349/6349 6087/6350/6350 6056/6319/6319
f 6056/6319/6319 6087/6350/6350 6088/6351/6351 6057/6320/6320
f 6057/6320/6320 6088/6351/6351 6089/6352/6352 6058/6321/6321
f 6058/6321/6321 6089/6352/6352 6090/6353/6353 6059/6322/6322
f 6059/6322/6322 6090/6353/6353 6091/6354/6354 6060/6323/6323
f 6060/6323/6323 6091/6354/6354 6092/6355/6355 6061/6324/6324
f 6061/6324/6324 6092/6355/6355 6093/6356/6356 6062/6325/6325
f 6062/6325/6325 6093/6356/6356 6094/6357/6357 6063/6326/6326
f 6063/6326/6326 6094/6357/6357 6095/6358/6358 6064/6327/6327
f 6064/6327/6327 6095/6358/6358 6096/6359/6359 6065/6328/6328
f 6065/6328/6328 6096/6359/6359 6097/6360/6360 6066/6329/6329
f 6066/6329/6329 6097/6360/6360 6098/6361/6361 6067/6330/6330
f 6067/6330/6330 6098/6361/6361 6099/6362/6362 6068/6331/6331
f 6068/6331/6331 6099/6362/6362 6100/6363/6363 6069/6332/6332
f 6069/6332/6332 6100/6363/6363 6101/6364/6364 6070/6333/6333
f 6070/6333/6333 6101/6364/6364 6102/6365/6365 6071/6334/6334
f 6071/6334/6334 6102/6365/6365 6103/6366/6366 6072/6335/6335
f 6072/6335/6335 6103/6366/6366 6104/6367/6367 6073/6336/6336
f 6105/6368/6368 6074/6337/6337 2930/2931/2970 2962/2963/3002
f 6106/6369/6369 6075/6338/6338 6074/6337/6337 6105/6368/6368
f 6107/6370/6370 6076/6339/6339 6075/6338/6338 6106/6369/6369
f 6108/6371/6371 6077/6340/6340 6076/6339/6339 6107/6370/6370
f 6109/6372/6372 6078/6341/6341 6077/6340/6340 6108/6371/6371
f 6110/6373/6373 6079/6342/6342 6078/6341/6341 6109/6372/6372
f 6111/6374/6374 6080/6343/6343 6079/6342/6342 6110/6373/6373
f 6112/6375/6375 6081/6344/6344 6080/6343/6343 6111/6374/6374
f 6113/6376/6376 6082/6345/6345 6081/6344/6344 6112/6375/6375
f 6114/6377/6377 6083/6346/6346 6082/6345/6345 6113/6376/6376
f 6115/6378/6378 6084/6347/6347 6083/6346/6346 6114/6377/6377
f 6116/6379/6379 6085/6348/6348 6084/6347/6347 6115/6378/6378
f 6117/6380/6380 6086/6349/6349 6085/6348/6348 6116/6379/6379
f 6118/6381/6381 6087/6350/6350 6086/6349/6349 6117/6380/6380
f 6119/6382/6382 6088/6351/6351 6087/6350/6350 6118/6381/6381
f 6120/6383/6383 6089/6352/6352 6088/6351/6351 6119/6382/6382
f 6121/6384/6384 6090/6353/6353 6089/6352/6352 6120/6383/6383
f 6122/6385/6385 6091/6354/6354 6090/6353/6353 6121/6384/6384
f 6123/6386/6386 6092/6355/6355 6091/6354/6354 6122/6385/6385
f 6124/6387/6387 6093/6356/6356 6092/6355/6355 6123/6386/6386
f 6125/6388/6388 6094/6357/6357 6093/6356/6356 6124/6387/6387
f 6126/6389/6389 6095/6358/6358 6094/6357/6357 6125/6388/6388
f 6127/6390/6390 6096/6359/6359 6095/6358/6358 6126/6389/6389
f 6128/6391/6391 6097/6360/6360 6096/6359/6359 6127/6390/6390
f 6129/6392/6392 6098/6361/6361 6097/6360/6360 6128/6391/6391
f 6130/6393/6393 6099/6362/6362 6098/6361/6361 6129/6392/6392
f 6131/6394/6394 6100/6363/6363 6099/6362/6362 6130/6393/6393
f 6132/6395/6395 6101/6364/6364 6100/6363/6363 6131/6394/6394
f 6133/6396/6396 6102/6365/6365 6101/6364/6364 6132/6395/6395
f 6134/6397/6397 6103/6366/6366 6102/6365/6365 6133/6396/6396
f 6135/6398/6398 6104/6367/6367 6103/6366/6366 6134/6397/6397
f 6136/6399/6399 6105/6368/6368 2962/2963/3002 2994/2995/3034
f 6137/6400/6400 6106/6369/6369 6105/6368/6368 6136/6399/6399
f 6138/6401/6401 6107/6370/6370 6106/6369/6369 6137/6400/6400
f 6139/6402/6402 6108/6371/6371 6107/6370/6370 6138/6401/6401
f 6140/6403/6403 6109/6372/6372 6108/6371/6371 6139/6402/6402
f 6141/6404/6404 6110/6373/6373 6109/6372/6372 6140/6403/6403
f 6142/6405/6405 6111/6374/6374 6110/6373/6373 6141/6404/6404
f 6143/6406/6406 6112/6375/6375 6111/6374/6374 6142/6405/6405
f 6144/6407/6407 6113/6376/6376 6112/6375/6375 6143/6406/6406
f 6145/6408/6408 6114/6377/6377 6113/6376/6376 6144/6407/6407
f 6146/6409/6409 6115/6378/6378 6114/6377/6377 6145/6408/6408
f 6147/6410/6410 6116/6379/6379 6115/6378/6378 6146/6409/6409
f 6148/6411/6411 6117/6380/6380 6116/6379/6379 6147/6410/6410
f 6149/6412/6412 6118/6381/6381 6117/6380/6380 6148/6411/6411
f 6150/6413/6413 6119/6382/6382 6118/6381/6381 6149/6412/6412
f 6151/6414/6414 6120/6383/6383 6119/6382/6382 6150/6413/6413
f 6152/6415/6415 6121/6384/6384 6120/6383/6383 6151/6414/6414
f 6153/6416/6416 6122/6385/6385 6121/6384/6384 6152/6415/6415
f 6154/6417/6417 6123/6386/6386 6122/6385/6385 6153/6416/6416
f 6155/6418/6418 6124/6387/6387 6123/6386/6386 6154/6417/6417
f 6156/6419/6419 6125/6388/6388 6124/6387/6387 6155/6418/6418
f 6157/6420/6420 6126/6389/6389 6125/6388/6388 6156/6419/6419
f 6158/6421/6421 6127/6390/6390 6126/6389/6389 6157/6420/6420
f 6159/6422/6422 6128/6391/6391 6127/6390/6390 6158/6421/6421
f 6160/6423/6423 6129/6392/6392 6128/6391/6391 6159/6422/6422
f 6161/6424/6424 6130/6393/6393 6129/6392/6392 6160/6423/6423
f 6162/6425/6425 6131/6394/6394 6130/6393/6393 6161/6424/6424
f 6163/6426/6426 6132/6395/6395 6131/6394/6394 6162/6425/6425
f 6164/6427/6427 6133/6396/6396 6132/6395/6395 6163/6426/6426
f 6165/6428/6428 6134/6397/6397 6133/6396/6396 6164/6427/6427
f 6166/6429/6429 6135/6398/6398 6134/6397/6397 6165/6428/6428
f 6167/6430/6430 6136/6399/6399 2994/2995/3034 3026/3027/3066
f 6168/6431/6431 6137/6400/6400 6136/6399/6399 6167/6430/6430
f 6169/6432/6432 6138/6401/6401 6137/6400/6400 6168/6431/6431
f 6170/6433/6433 6139/6402/6402 6138/6401/6401 6169/6432/6432
f 6171/6434/6434 6140/6403/6403 6139/6402/6402 6170/6433/6433
f 6172/6435/6435 6141/6404/6404 6140/6403/6403 6171/6434/6434
f 6173/6436/6436 6142/6405/6405 6141/6404/6404 6172/6435/6435
f 6174/6437/6437 6143/6406/6406 6142/6405/6405 6173/6436/6436
f 6175/6438/6438 6144/6407/6407 6143/6406/6406 6174/6437/6437
f 6176/6439/6439 6145/6408/6408 6144/6407/6407 6175/6438/6438
f 6177/6440/6440 6146/6409/6409 6145/6408/6408 6176/6439/6439
f 6178/6441/6441 6147/6410/6410 6146/6409/6409 6177/6440/6440
f 6179/6442/6442 6148/6411/6411 6147/6410/6410 6178/6441/6441
f 6180/6443/6443 6149/6412/6412 6148/6411/6411 6179/6442/6442
f 6181/6444/6444 6150/6413/6413 6149/6412/6412 6180/6443/6443
f 6182/6445/6445 6151/6414/6414 6150/6413/6413 6181/6444/6444
f 6183/6446/6446 6152/6415/6415 6151/6414/6414 6182/6445/6445
f 6184/6447/6447 6153/6416/6416 6152/6415/6415 6183/6446/6446
f 6185/6448/6448 6154/6417/6417 6153/6416/6416 6184/6447/6447
f 6186/6449/6449 6155/6418/6418 6154/6417/6417 6185/6448/6448
f 6187/6450/6450 6156/6419/6419 6155/6418/6418 6186/6449/6449
f 6188/6451/6451 6157/6420/6420 6156/6419/6419 6187/6450/6450
f 6189/6452/6452 6158/6421/6421 6157/6420/6420 6188/6451/6451
f 6190/6453/6453 6159/6422/6422 6158/6421/6421 6189/6452/6452
f 6191/6454/6454 6160/6423/6423 6159/6422/6422 6190/6453/6453
f 6192/6455/6455 6161/6424/6424 6160/6423/6423 6191/6454/6454
f 6193/6456/6456 6162/6425/6425 6161/6424/6424 6192/6455/6455
f 6194/6457/6457 6163/6426/6426 6162/6425/6425 6193/6456/6456
f 6195/6458/6458 6164/6427/6427 6163/6426/6426 6194/6457/6457
f 6196/6459/6459 6165/6428/6428 6164/6427/6427 6195/6458/6458
f 6197/6460/6460 6166/6429/6429 6165/6428/6428 6196/6459/6459
f 6198/6461/6461 6167/6430/6430 3026/3027/3066 3058/3059/3098
f 6199/6462/6462 6168/6431/6431 6167/6430/6430 6198/6461/6461
f 6200/6463/6463 6169/6432/6432 6168/6431/6431 6199/6462/6462
f 6201/6464/6464 6170/6433/6433 6169/6432/6432 6200/6463/6463
f 6202/6465/6465 6171/6434/6434 6170/6433/6433 6201/6464/6464
f 6203/6466/6466 6172/6435/6435 6171/6434/6434 6202/6465/6465
f 6204/6467/6467 6173/6436/6436 6172/6435/6435 6203/6466/6466
f 6205/6468/6468 6174/6437/6437 6173/6436/6436 6204/6467/6467
f 6206/6469/6469 6175/6438/6438 6174/6437/6437 6205/6468/6468
f 6207/6470/6470 6176/6439/6439 6175/6438/6438 6206/6469/6469
f 6208/6471/6471 6177/6440/6440 6176/6439/6439 6207/6470/6470
f 6209/6472/6472 6178/6441/6441 6177/6440/6440 6208/6471/6471
f 6210/6473/6473 6179/6442/6442 6178/6441/6441 6209/6472/6472
f 6211/6474/6474 6180/6443/6443 6179/6442/6442 6210/6473/6473
f 6212/6475/6475 6181/6444/6444 6180/6443/6443 6211/6474/6474
f 6213/6476/6476 6182/6445/6445 6181/6444/6444 6212/6475/6475
f 6214/6477/6477 6183/6446/6446 6182/6445/6445 6213/6476/6476
f 6215/6478/6478 6184/6447/6447 6183/6446/6446 6214/6477/6477
f 6216/6479/6479 6185/6448/6448 6184/6447/6447 6215/6478/6478
f 6217/6480/6480 6186/6449/6449 6185/6448/6448 6216/6479/6479
f 6218/6481/6481 6187/6450/6450 6186/6449/6449 6217/6480/6480
f 6219/6482/6482 6188/6451/6451 6187/6450/6450 6218/6481/6481
f 6220/6483/6483 6189/6452/6452 6188/6451/6451 6219/6482/6482
f 6221/6484/6484 6190/6453/6453 6189/6452/6452 6220/6483/6483
f 6222/6485/6485 6191/6454/6454 6190/6453/6453 6221/6484/6484
f 6223/6486/6486 6192/6455/6455 6191/6454/6454 6222/6485/6485
f 6224/6487/6487 6193/6456/6456 6192/6455/6455 6223/6486/6486
f 6225/6488/6488 6194/6457/6457 6193/6456/6456 6224/6487/6487
f 6226/6489/6489 6195/6458/6458 6194/6457/6457 6225/6488/6488
f 6227/6490/6490 6196/6459/6459 6195/6458/6458 6226/6489/6489
f 6228/6491/6491 6197/6460/6460 6196/6459/6459 6227/6490/6490
f 6229/6492/6492 6198/6461/6461 3058/3059/3098 3090/3091/3130
f 6230/6493/6493 6199/6462/6462 6198/6461/6461 6229/6492/6492
f 6231/6494/6494 6200/6463/6463 6199/6462/6462 6230/6493/6493
f 6232/6495/6495 6201/6464/6464 6200/6463/6463 6231/6494/6494
f 6233/6496/6496 6202/6465/6465 6201/6464/6464 6232/6495/6495
f 6234/6497/6497 6203/6466/6466 6202/6465/6465 6233/6496/6496
f 6235/6498/6498 6204/6467/6467 6203/6466/6466 6234/6497/6497
f 6236/6499/6499 6205/6468/6468 6204/6467/6467 6235/6498/6498
f 6237/6500/6500 6206/6469/6469 6205/6468/6468 6236/6499/6499
f 6238/6501/6501 6207/6470/6470 6206/6469/6469 6237/6500/6500
f 6239/6502/6502 6208/6471/6471 6207/6470/6470 6238/6501/6501
f 6240/6503/6503 6209/6472/6472 6208/6471/6471 6239/6502/6502
f 6241/6504/6504 6210/6473/6473 6209/6472/6472 6240/6503/6503
f 6242/6505/6505 6211/6474/6474 6210/6473/6473 6241/6504/6504
f 6243/6506/6506 6212/6475/6475 6211/6474/6474 6242/6505/6505
f 6244/6507/6507 6213/6476/6476 6212/6475/6475 6243/6506/6506
f 6245/6508/6508 6214/6477/6477 6213/6476/6476 6244/6507/6507
f 6246/6509/6509 6215/6478/6478 6214/6477/6477 6245/6508/6508
f 6247/6510/6510 6216/6479/6479 6215/6478/6478 6246/6509/6509
f 6248/6511/6511 6217/6480/6480 6216/6479/6479 6247/6510/6510
f 6249/6512/6512 6218/6481/6481 6217/6480/6480 6248/6511/6511
f 6250/6513/6513 6219/6482/6482 6218/6481/6481 6249/6512/6512
f 6251/6514/6514 6220/6483/6483 6219/6482/6482 6250/6513/6513
f 6252/6515/6515 6221/6484/6484 6220/6483/6483 6251/6514/6514
f 6253/6516/6516 6222/6485/6485 6221/6484/6484 6252/6515/6515
f 6254/6517/6517 6223/6486/6486 6222/6485/6485 6253/6516/6516
f 6255/6518/6518 6224/6487/6487 6223/6486/6486 6254/6517/6517
f 6256/6519/6519 6225/6488/6488 6224/6487/6487 6255/6518/6518
f 6257/6520/6520 6226/6489/6489 6225/6488/6488 6256/6519/6519
f 6258/6521/6521 6227/6490/6490 6226/6489/6489 6257/6520/6520
f 6259/6522/6522 6228/6491/6491 6227/6490/6490 6258/6521/6521
f 4819/5105/5105 4820/5060/5060 6353/5061/5063 6354/6523/6523
f 4833/5086/5086 6339/6524/6524 6340/5087/5087
f 4818/5059/5059 4819/5105/5105 6354/6523/6523 6355/5058/5058
f 4864/5119/5119 6338/5151/5152 6339/6524/6524 4833/5086/5086
f 5081/5344/5344 6331/6525/6525 6332/5313/5313 5050/5312/5312
f 5081/5344/5344 5112/5375/5375 6330/6526/6526 6331/6525/6525
f 5143/5406/5406 5174/5437/5437 6328/6528/6527 6329/6527/6528
f 5112/5375/5375 5143/5406/5406 6329/6527/6528 6330/6526/6526
f 5174/5437/5437 5205/5468/5468 6327/6529/6529 6328/6528/6527
f 5236/5499/5499 5267/5530/5530 6325/6531/6530 6326/6530/6531
f 5267/5530/5530 5298/5561/5561 6324/6532/6532 6325/6531/6530
f 5205/5468/5468 5236/5499/5499 6326/6530/6531 6327/6529/6529
f 5329/5592/5592 5360/5623/5623 6322/6534/6533 6323/6533/6534
f 5391/5654/5654 5422/5685/5685 6320/6536/6535 6321/6535/6536
f 5422/5685/5685 5453/5716/5716 6319/6537/6537 6320/6536/6535
f 5360/5623/5623 5391/5654/5654 6321/6535/6536 6322/6534/6533
f 5298/5561/5561 5329/5592/5592 6323/6533/6534 6324/6532/6532
f 5453/5716/5716 5484/5747/5747 6318/6538/6538 6319/6537/6537
f 5484/5747/5747 5515/5778/5778 6317/6539/6539 6318/6538/6538
f 5546/5809/5809 5577/5840/5840 6315/6541/6540 6316/6540/6541
f 5577/5840/5840 5608/5871/5871 6314/6542/6542 6315/6541/6540
f 5515/5778/5778 5546/5809/5809 6316/6540/6541 6317/6539/6539
f 5639/5902/5902 5670/5933/5933 6312/6544/6543 6313/6543/6544
f 5701/5964/5964 5732/5995/5995 6310/6546/6545 6311/6545/6546
f 5670/5933/5933 5701/5964/5964 6311/6545/6546 6312/6544/6543
f 5608/5871/5871 5639/5902/5902 6313/6543/6544 6314/6542/6542
f 5763/6026/6026 5794/6057/6057 6308/6548/6547 6309/6547/6548
f 5825/6088/6088 5856/6119/6119 6306/6550/6549 6307/6549/6550
f 5856/6119/6119 5887/6150/6150 6305/6551/6551 6306/6550/6549
f 5794/6057/6057 5825/6088/6088 6307/6549/6550 6308/6548/6547
f 5949/6212/6212 5980/6243/6243 6302/6553/6552 6303/6552/6553
f 5980/6243/6243 6011/6274/6274 6301/6554/6554 6302/6553/6552
f 6303/6552/6553 6304/6555/6555 5918/6181/6181 5949/6212/6212
f 5887/6150/6150 5918/6181/6181 6304/6555/6555 6305/6551/6551
f 5732/5995/5995 5763/6026/6026 6309/6547/6548 6310/6546/6545
f 6011/6274/6274 6042/6305/6305 6300/6556/6556 6301/6554/6554
f 6229/6492/6492 3090/3091/3130 3124/3164/3196 6262/6557/6557
f 6231/6494/6494 6230/6493/6493 6263/6559/6558 6264/6558/6559
f 6230/6493/6493 6229/6492/6492 6262/6557/6557 6263/6559/6558
f 6233/6496/6496 6232/6495/6495 6265/6561/6560 6266/6560/6561
f 6235/6498/6498 6234/6497/6497 6267/6563/6562 6268/6562/6563
f 6236/6499/6499 6235/6498/6498 6268/6562/6563 6269/6564/6564
f 6234/6497/6497 6233/6496/6496 6266/6560/6561 6267/6563/6562
f 6232/6495/6495 6231/6494/6494 6264/6558/6559 6265/6561/6560
f 6238/6501/6501 6237/6500/6500 6270/6566/6565 6271/6565/6566
f 6240/6503/6503 6239/6502/6502 6272/6568/6567 6273/6567/6568
f 6241/6504/6504 6240/6503/6503 6273/6567/6568 6274/6569/6569
f 6239/6502/6502 6238/6501/6501 6271/6565/6566 6272/6568/6567
f 6243/6506/6506 6242/6505/6505 6275/6571/6570 6276/6570/6571
f 6245/6508/6508 6244/6507/6507 6277/6573/6572 6278/6572/6573
f 6246/6509/6509 6245/6508/6508 6278/6572/6573 6279/6574/6574
f 6244/6507/6507 6243/6506/6506 6276/6570/6571 6277/6573/6572
f 6242/6505/6505 6241/6504/6504 6274/6569/6569 6275/6571/6570
f 6237/6500/6500 6236/6499/6499 6269/6564/6564 6270/6566/6565
f 6279/6574/6574 6280/6575/6575 6247/6510/6510 6246/6509/6509
f 6280/6575/6575 6281/6576/6576 6248/6511/6511 6247/6510/6510
f 6104/6367/6367 6135/6398/6398 6297/6578/6577 6298/6577/6578
f 6135/6398/6398 6166/6429/6429 6296/6579/6579 6297/6578/6577
f 6298/6577/6578 6299/6580/6580 6073/6336/6336 6104/6367/6367
f 6249/6512/6512 6248/6511/6511 6281/6576/6576 6282/6581/6581
f 6251/6514/6514 6250/6513/6513 6283/6583/6582 6284/6582/6583
f 6252/6515/6515 6251/6514/6514 6284/6582/6583 6285/6584/6584
f 6250/6513/6513 6249/6512/6512 6282/6581/6581 6283/6583/6582
f 6042/6305/6305 6073/6336/6336 6299/6580/6580 6300/6556/6556
f 6197/6460/6460 6228/6491/6491 6294/6586/6585 6295/6585/6586
f 6293/6587/6587 6294/6586/6585 6228/6491/6491 6259/6522/6522
f 6295/6585/6586 6296/6579/6579 6166/6429/6429 6197/6460/6460
f 6254/6517/6517 6253/6516/6516 6286/6589/6588 6287/6588/6589
f 6285/6584/6584 6286/6589/6588 6253/6516/6516 6252/6515/6515
f 6287/6588/6589 6288/6590/6590 6255/6518/6518 6254/6517/6517
f 6256/6519/6519 6255/6518/6518 6288/6590/6590 6289/6591/6591
f 6258/6521/6521 6257/6520/6520 6290/6593/6592 6291/6592/6593
f 6259/6522/6522 6258/6521/6521 6291/6592/6593 6292/6594/6594
f 6257/6520/6520 6256/6519/6519 6289/6591/6591 6290/6593/6592
f 6259/6522/6522 6292/6594/6594 6260/6595/6595
f 6293/6587/6587 6259/6522/6522 6260/6595/6595
s 4
f 6262/6596/6596 3124/3235/3238 1569/3236/3237 4754/6597/6597
f 6264/6598/6598 6263/6601/6599 4753/6600/6600 4752/6599/6601
f 6263/6601/6599 6262/6596/6596 4754/6597/6597 4753/6600/6600
f 6266/6602/6602 6265/6605/6603 4751/6604/6604 4750/6603/6605
f 6268/6606/6606 6267/6609/6607 4749/6608/6608 4748/6607/6609
f 6267/6609/6607 6266/6602/6602 4750/6603/6605 4749/6608/6608
f 6265/6605/6603 6264/6598/6598 4752/6599/6601 4751/6604/6604
f 6270/6610/6610 6269/6613/6611 4747/6612/6612 4746/6611/6613
f 6272/6614/6614 6271/6617/6615 4745/6616/6616 4744/6615/6617
f 6271/6617/6615 6270/6610/6610 4746/6611/6613 4745/6616/6616
f 6274/6618/6618 6273/6621/6619 4743/6620/6620 4742/6619/6621
f 6276/6622/6622 6275/6625/6623 4741/6624/6624 4740/6623/6625
f 6275/6625/6623 6274/6618/6618 4742/6619/6621 4741/6624/6624
f 6273/6621/6619 6272/6614/6614 4744/6615/6617 4743/6620/6620
f 6269/6613/6611 6268/6606/6606 4748/6607/6609 4747/6612/6612
f 6278/6626/6626 6277/6629/6627 4739/6628/6628 4738/6627/6629
f 6280/6630/6630 6279/6633/6631 4737/6632/6632 4736/6631/6633
f 6279/6633/6631 6278/6626/6626 4738/6627/6629 4737/6632/6632
f 6282/6634/6634 6281/6637/6635 4735/6636/6636 4734/6635/6637
f 6284/6638/6638 6283/6641/6639 4733/6640/6640 4732/6639/6641
f 6283/6641/6639 6282/6634/6634 4734/6635/6637 4733/6640/6640
f 6281/6637/6635 6280/6630/6630 4736/6631/6633 4735/6636/6636
f 6286/6642/6642 6285/6645/6643 4731/6644/6644 4730/6643/6645
f 6288/6646/6646 6287/6649/6647 4729/6648/6648 4728/6647/6649
f 6287/6649/6647 6286/6642/6642 4730/6643/6645 4729/6648/6648
f 6290/6650/6650 6289/6653/6651 4727/6652/6652 4726/6651/6653
f 6292/6654/6654 6291/6657/6655 4725/6656/6656 4724/6655/6657
f 4724/6655/6657 3235/6659/6658 6260/6658/6659 6292/6654/6654
f 6291/6657/6655 6290/6650/6650 4726/6651/6653 4725/6656/6656
f 6289/6653/6651 6288/6646/6646 4728/6647/6649 4727/6652/6652
f 6285/6645/6643 6284/6638/6638 4732/6639/6641 4731/6644/6644
f 6277/6629/6627 6276/6622/6622 4740/6623/6625 4739/6628/6628
f 6294/6660/6660 4801/6663/6661 4800/6662/6662 6295/6661/6663
f 6293/6664/6664 4802/6665/6665 4801/6663/6661 6294/6660/6660
f 6296/6666/6666 4799/6669/6667 4798/6668/6668 6297/6667/6669
f 6298/6670/6670 4797/6673/6671 4796/6672/6672 6299/6671/6673
f 6297/6667/6669 4798/6668/6668 4797/6673/6671 6298/6670/6670
f 6295/6661/6663 4800/6662/6662 4799/6669/6667 6296/6666/6666
f 6300/6674/6674 4795/6677/6675 4794/6676/6676 6301/6675/6677
f 6302/6678/6678 4793/6681/6679 4792/6680/6680 6303/6679/6681
f 6301/6675/6677 4794/6676/6676 4793/6681/6679 6302/6678/6678
f 6304/6682/6682 4791/6685/6683 4790/6684/6684 6305/6683/6685
f 6306/6686/6686 4789/6689/6687 4788/6688/6688 6307/6687/6689
f 6307/6687/6689 4788/6688/6688 4787/6691/6690 6308/6690/6691
f 6306/6686/6686 6305/6683/6685 4790/6684/6684 4789/6689/6687
f 6303/6679/6681 4792/6680/6680 4791/6685/6683 6304/6682/6682
f 6299/6671/6673 4796/6672/6672 4795/6677/6675 6300/6674/6674
f 6310/6692/6692 4785/6695/6693 4784/6694/6694 6311/6693/6695
f 6309/6696/6696 4786/6697/6697 4785/6695/6693 6310/6692/6692
f 6311/6693/6695 4784/6694/6694 4783/6699/6698 6312/6698/6699
f 6314/6700/6700 6313/6703/6701 4782/6702/6702 4781/6701/6703
f 6315/6704/6704 6314/6700/6700 4781/6701/6703 4780/6705/6705
f 6316/6706/6706 6315/6704/6704 4780/6705/6705 4779/6707/6707
f 6317/6708/6708 4778/6711/6709 4777/6710/6710 6318/6709/6711
f 6316/6706/6706 4779/6707/6707 4778/6711/6709 6317/6708/6708
f 6313/6703/6701 6312/6698/6699 4783/6699/6698 4782/6702/6702
f 6309/6696/6696 6308/6690/6691 4787/6691/6690 4786/6697/6697
f 4802/6665/6665 6293/6664/6664 6260/6658/6659 3235/6659/6658
f 6318/6709/6711 4777/6710/6710 4776/6713/6712 6319/6712/6713
f 6321/6714/6714 6320/6717/6715 4775/6716/6716 4774/6715/6717
f 6320/6717/6715 6319/6712/6713 4776/6713/6712 4775/6716/6716
f 6322/6718/6718 6321/6714/6714 4774/6715/6717 4773/6719/6719
f 6323/6720/6720 6322/6718/6718 4773/6719/6719 4772/6721/6721
f 6325/6722/6722 4770/6725/6723 4769/6724/6724 6326/6723/6725
f 6324/6726/6726 4771/6727/6727 4770/6725/6723 6325/6722/6722
f 6327/6728/6728 6326/6723/6725 4769/6724/6724 4768/6729/6729
f 6329/6730/6730 6328/6733/6731 4767/6732/6732 4766/6731/6733
f 6328/6733/6731 6327/6728/6728 4768/6729/6729 4767/6732/6732
f 6323/6720/6720 4772/6721/6721 4771/6727/6727 6324/6726/6726
f 6331/6734/6734 4764/6737/6735 4763/6736/6736 6332/6735/6737
f 6330/6738/6738 4765/6739/6739 4764/6737/6735 6331/6734/6734
f 6334/6740/6740 6333/6743/6741 4762/6742/6742 4761/6741/6743
f 6335/6744/6744 6334/6740/6740 4761/6741/6743 4760/6745/6745
f 6333/6743/6741 6332/6735/6737 4763/6736/6736 4762/6742/6742
f 6337/6746/6746 6336/6749/6747 4759/6748/6748 4758/6747/6749
f 6337/6746/6746 4758/6747/6749 4757/6751/6750 6338/6750/6751
f 6338/6750/6751 4757/6751/6750 4756/6754/6752 4755/6753/6753 6339/6752/6754
f 4723/6755/6755 6340/6756/6756 6339/6752/6754 4755/6753/6753
f 6336/6749/6747 6335/6744/6744 4760/6745/6745 4759/6748/6748
f 6330/6738/6738 6329/6730/6730 4766/6731/6733 4765/6739/6739
f 6364/6757/6757 4699/6760/6758 4698/6759/6759 6365/6758/6760
f 4697/6761/6761 6366/6762/6762 6365/6758/6760 4698/6759/6759
f 4696/6763/6763 6367/6764/6764 6366/6762/6762 4697/6761/6761
f 4695/6765/6765 6368/6766/6766 6367/6764/6764 4696/6763/6763
f 4694/6767/6767 6369/6768/6768 6368/6766/6766 4695/6765/6765
f 4693/6769/6769 6370/6770/6770 6369/6768/6768 4694/6767/6767
f 1506/6771/3412 3234/6772/3413 6370/6770/6770 4693/6769/6769
f 6340/6756/6756 4723/6755/6755 4722/6774/6771 6341/6773/6772
f 6341/6773/6772 4722/6774/6771 4721/6776/6773 6342/6775/6774
f 6342/6775/6774 4721/6776/6773 4720/6778/6775 6343/6777/6776
f 6343/6777/6776 4720/6778/6775 4719/6780/6777 6344/6779/6778
f 6344/6779/6778 4719/6780/6777 4718/6782/6779 6345/6781/6780
f 6345/6781/6780 4718/6782/6779 4717/6784/6781 6346/6783/6782
f 6346/6783/6782 4717/6784/6781 4716/6786/6783 6347/6785/6784
f 6347/6785/6784 4716/6786/6783 4715/6788/6785 6348/6787/6786
f 6348/6787/6786 4715/6788/6785 4714/6790/6787 6349/6789/6788
f 6349/6789/6788 4714/6790/6787 4713/6792/6789 6350/6791/6790
f 6350/6791/6790 4713/6792/6789 4712/6794/6791 6351/6793/6792
f 6351/6793/6792 4712/6794/6791 4711/6796/6793 6352/6795/6794
f 6352/6795/6794 4711/6796/6793 4710/6798/6795 6353/6797/6796
f 6354/6799/6797 6353/6797/6796 4710/6798/6795 4709/6800/6798
f 6354/6799/6797 4709/6800/6798 4708/6802/6799 6355/6801/6800
f 6355/6801/6800 4708/6802/6799 4707/6804/6801 6356/6803/6802
f 6356/6803/6802 4707/6804/6801 4706/6806/6803 6357/6805/6804
f 6357/6805/6804 4706/6806/6803 4705/6808/6805 6358/6807/6806
f 6358/6807/6806 4705/6808/6805 4704/6810/6807 6359/6809/6808
f 6359/6809/6808 4704/6810/6807 4703/6812/6809 6360/6811/6810
f 6360/6811/6810 4703/6812/6809 4702/6814/6811 6361/6813/6812
f 6361/6813/6812 4702/6814/6811 4701/6816/6813 6362/6815/6814
f 6362/6815/6814 4701/6816/6813 4700/6818/6815 6363/6817/6816
f 6363/6817/6816 4700/6818/6815 4699/6760/6758 6364/6757/6757
